<contextfile concordance="brown">
<context filename="br-a27" paras="yes">
<p pnum="1">
<s snum="1">
<punc>``</punc>
<wf cmd="tag" pos="DT">The</wf>
<wf cmd="tag" pos="JJ">present</wf>
<wf cmd="tag" pos="NN">recovery</wf>
<wf cmd="tag" pos="NN">movement</wf>
<wf cmd="ignore" pos="MD">will</wf>
<wf cmd="done" pos="VB" lemma="gather" wnsn="3" lexsn="2:30:00::">gather</wf>
<wf cmd="tag" pos="JJ">steady</wf>
<wf cmd="tag" pos="NN">momentum</wf>
<wf cmd="ignore" pos="TO">to</wf>
<wf cmd="done" pos="VB" lemma="lift" wnsn="1" lexsn="2:38:00::">lift</wf>
<wf cmd="ignore" pos="DT">the</wf>
<wf cmd="tag" pos="NN">economy</wf>
<wf cmd="ignore" pos="TO">to</wf>
<wf cmd="ignore" pos="DT">a</wf>
<wf cmd="tag" pos="JJ">new</wf>
<wf cmd="tag" pos="JJ">historic</wf>
<wf cmd="tag" pos="NN">peak</wf>
<wf cmd="ignore" pos="IN">by</wf>
<wf cmd="ignore" pos="DT">this</wf>
<wf cmd="tag" pos="NN">autumn</wf>
<punc>''</punc>
<punc>,</punc>
<wf cmd="tag" pos="NNP">Beryl_W._Sprinkel</wf>
<punc>,</punc>
<wf cmd="tag" pos="NN">economist</wf>
<wf cmd="ignore" pos="IN">of</wf>
<wf cmd="tag" pos="NNP">Harris_Trust</wf>
<punc>+</punc>
<wf cmd="tag" pos="NN">Savings_Bank</wf>
<punc>,</punc>
<wf cmd="tag" pos="NNP">Chicago</wf>
<punc>,</punc>
<wf cmd="done" pos="VB" lemma="predict" wnsn="1" lexsn="2:32:00::">predicted</wf>
<wf cmd="ignore" pos="IN">at</wf>
<wf cmd="ignore" pos="DT">the</wf>
<wf cmd="tag" pos="JJ">closing</wf>
<wf cmd="tag" pos="NN">session</wf>
<wf cmd="tag" pos="RB">here</wf>
<wf cmd="tag" pos="NNP">Tuesday</wf>
<wf cmd="ignore" pos="IN">of</wf>
<wf cmd="tag" pos="NN">Investment_Bankers</wf>
<wf cmd="tag" pos="NNP">Assn.</wf>
<punc>,</punc>
<wf cmd="tag" pos="NNP">California</wf>
<wf cmd="tag" pos="NN">group</wf>
<punc>,</punc>
<wf cmd="tag" pos="NN">conference</wf>
<punc>.</punc>
</s>
</p>
<p pnum="2">
<s snum="2">
<wf cmd="ignore" pos="DT">Another</wf>
<wf cmd="tag" pos="NN">speaker</wf>
<punc>,</punc>
<wf cmd="tag" pos="NNP">William_H._Draper</wf>
<punc>,</punc>
<wf cmd="tag" pos="NNP">Jr.</wf>
<punc>,</punc>
<wf cmd="tag" pos="JJ">former</wf>
<wf cmd="ignore" pos="IN">Under</wf>
<wf cmd="tag" pos="NNP">Secretary</wf>
<wf cmd="ignore" pos="IN">of</wf>
<wf cmd="ignore" pos="DT">the</wf>
<wf cmd="tag" pos="NNP">Army</wf>
<wf cmd="ignore" pos="CC">and</wf>
<wf cmd="tag" pos="RB">now</wf>
<wf cmd="ignore" pos="IN">with</wf>
<wf cmd="ignore" pos="DT">the</wf>
<wf cmd="tag" pos="NN">Palo_Alto</wf>
<wf cmd="tag" pos="NN">venture_capital</wf>
<wf cmd="tag" pos="NN">firm</wf>
<wf cmd="ignore" pos="IN">of</wf>
<wf cmd="tag" pos="NNP">Draper</wf>
<punc>,</punc>
<wf cmd="tag" pos="NNP">Gaither</wf>
<punc>+</punc>
<wf cmd="tag" pos="NNP">Anderson</wf>
<punc>,</punc>
<wf cmd="done" pos="VB" lemma="urge" wnsn="1" lexsn="2:32:00::">urged</wf>
<wf cmd="ignore" pos="DT">the</wf>
<wf cmd="tag" pos="NNP">U._S.</wf>
<wf cmd="ignore" pos="TO">to</wf>
<punc>``</punc>
<wf cmd="done" pos="VB" lemma="throw" wnsn="1" lexsn="2:35:00::">throw</wf>
<wf cmd="tag" pos="RB">down</wf>
<wf cmd="ignore" pos="DT">the</wf>
<wf cmd="tag" pos="NN">gauntlet</wf>
<wf cmd="ignore" pos="IN">of</wf>
<wf cmd="tag" pos="NN">battle</wf>
<wf cmd="ignore" pos="TO">to</wf>
<wf cmd="tag" pos="NN">communism</wf>
<wf cmd="ignore" pos="CC">and</wf>
<wf cmd="done" pos="VB" lemma="tell" wnsn="2" lexsn="2:32:00::">tell</wf>
<wf cmd="tag" pos="NNP">Moscow</wf>
<wf cmd="tag" pos="RB">bluntly</wf>
<wf cmd="ignore" pos="PRP">we</wf>
<wf cmd="done" pos="VBD" ot="notag">won</wf>
<wf cmd="tag" pos="RB">n't</wf>
<wf cmd="done" pos="VB" ot="notag">be</wf>
<wf cmd="done" rdf="push_around" pos="VB" lemma="push_around" wnsn="1" lexsn="2:37:00::">pushed</wf>
<wf cmd="tag" pos="NN">arouny</wf>
<wf cmd="tag" pos="RB">any_more</wf>
<punc>''</punc>
<punc>.</punc>
</s>
<s snum="3">
<wf cmd="ignore" pos="PRP">He</wf>
<wf cmd="done" pos="VB" lemma="urge" wnsn="1" lexsn="2:32:00::">urged</wf>
<wf cmd="tag" pos="NN">support</wf>
<wf cmd="ignore" pos="IN">for</wf>
<wf cmd="tag" pos="NNP">President_Kennedy</wf>
<wf cmd="ignore" pos="POS">'s</wf>
<wf cmd="tag" pos="NNS">requests</wf>
<wf cmd="ignore" pos="IN">for</wf>
<wf cmd="ignore" pos="DT">both</wf>
<wf cmd="tag" pos="NN">defense</wf>
<wf cmd="ignore" pos="CC">and</wf>
<wf cmd="tag" pos="JJ">foreign</wf>
<wf cmd="tag" pos="NN">aid</wf>
<wf cmd="tag" pos="NNS">appropriations</wf>
<punc>.</punc>
</s>
</p>
<p pnum="3">
<s snum="4">
<wf cmd="tag" pos="NNP">Sprinkel</wf>
<wf cmd="done" pos="VB" lemma="tell" wnsn="2" lexsn="2:32:00::">told</wf>
<wf cmd="tag" pos="NNS">conferees</wf>
<wf cmd="ignore" pos="IN">that</wf>
<wf cmd="ignore" pos="DT">the</wf>
<wf cmd="tag" pos="JJ">recent</wf>
<wf cmd="tag" pos="NN">improvement</wf>
<wf cmd="ignore" pos="IN">in</wf>
<wf cmd="tag" pos="JJ">economic</wf>
<wf cmd="tag" pos="NN">activity</wf>
<wf cmd="done" pos="VB" lemma="be" wnsn="1" lexsn="2:42:03::">was</wf>
<wf cmd="tag" pos="RB">not</wf>
<wf cmd="ignore" pos="DT">a</wf>
<punc>``</punc>
<wf cmd="tag" pos="JJ">temporary</wf>
<wf cmd="tag" pos="NN">flash</wf>
<wf cmd="ignore" pos="IN">in</wf>
<wf cmd="ignore" pos="DT">the</wf>
<wf cmd="tag" pos="NN">pan</wf>
<punc>''</punc>
<wf cmd="ignore" pos="CC">but</wf>
<wf cmd="ignore" pos="DT">the</wf>
<wf cmd="tag" pos="NN">beginning</wf>
<wf cmd="ignore" pos="IN">of</wf>
<wf cmd="ignore" pos="DT">a</wf>
<wf cmd="tag" pos="JJ">substantial</wf>
<wf cmd="tag" pos="JJ">cyclical</wf>
<wf cmd="tag" pos="NN">expansion</wf>
<wf cmd="ignore" pos="WDT">that</wf>
<wf cmd="ignore" pos="MD">will</wf>
<wf cmd="done" pos="VB" lemma="carry" wnsn="1" lexsn="2:35:02::">carry</wf>
<wf cmd="ignore" pos="DT">the</wf>
<wf cmd="tag" pos="NN">economy</wf>
<wf cmd="tag" pos="RB">back</wf>
<wf cmd="ignore" pos="TO">to</wf>
<wf cmd="tag" pos="JJ">full</wf>
<wf cmd="tag" pos="NN">employment</wf>
<wf cmd="tag" pos="NNS">levels</wf>
<wf cmd="ignore" pos="CC">and</wf>
<wf cmd="done" pos="VB" lemma="witness" wnsn="1" lexsn="2:39:00::">witness</wf>
<wf cmd="ignore" pos="DT">a</wf>
<wf cmd="tag" pos="NN">renewal</wf>
<wf cmd="ignore" pos="IN">of</wf>
<wf cmd="ignore" pos="PRP$">our</wf>
<wf cmd="tag" pos="JJ">traditional</wf>
<wf cmd="tag" pos="NN">growth</wf>
<wf cmd="tag" pos="NN">pattern</wf>
<punc>.</punc>
</s>
</p>
<p pnum="4">
<s snum="5">
<punc>``</punc>
<wf cmd="tag" pos="JJ">In_view</wf>
<wf cmd="ignore" pos="IN">of</wf>
<wf cmd="ignore" pos="DT">the</wf>
<wf cmd="tag" pos="JJ">current</wf>
<wf cmd="tag" pos="NN">expansion</wf>
<punc>,</punc>
<wf cmd="ignore" pos="WDT">which</wf>
<wf cmd="done" pos="VB" lemma="promise" wnsn="3" lexsn="2:32:02::">promises</wf>
<wf cmd="ignore" pos="TO">to</wf>
<wf cmd="done" pos="VB" lemma="be" wnsn="1" lexsn="2:42:03::">be</wf>
<wf cmd="tag" pos="JJ">substantial</wf>
<punc>''</punc>
<wf cmd="ignore" pos="PRP">he</wf>
<wf cmd="done" pos="VB" lemma="say" wnsn="2" lexsn="2:32:01::">said</wf>
<wf cmd="ignore" pos="DT">the</wf>
<wf cmd="tag" pos="NNS">odds</wf>
<wf cmd="done" pos="VB" lemma="appear" wnsn="1" lexsn="2:39:00::">appear</wf>
<wf cmd="ignore" pos="TO">to</wf>
<wf cmd="done" pos="VB" lemma="favor" wnsn="1" lexsn="2:41:00::">favor</wf>
<wf cmd="tag" pos="JJ">rising</wf>
<wf cmd="tag" pos="NN">interest_rates</wf>
<wf cmd="ignore" pos="IN">in</wf>
<wf cmd="tag" pos="JJ">coming</wf>
<wf cmd="tag" pos="NNS">months</wf>
<punc>,</punc>
<wf cmd="ignore" pos="CC">but</wf>
<punc>``</punc>
<wf cmd="ignore" pos="EX">there</wf>
<wf cmd="done" pos="VB" lemma="be" wnsn="4" lexsn="2:42:00::">is</wf>
<wf cmd="tag" pos="NN">reason</wf>
<wf cmd="ignore" pos="TO">to</wf>
<wf cmd="done" pos="VB" lemma="believe" wnsn="3" lexsn="2:31:03::">believe</wf>
<wf cmd="ignore" pos="DT">the</wf>
<wf cmd="tag" pos="NN">change</wf>
<wf cmd="ignore" pos="MD">will</wf>
<wf cmd="tag" pos="RB">not</wf>
<wf cmd="done" pos="VB" lemma="be" wnsn="1" lexsn="2:42:03::">be</wf>
<wf cmd="tag" pos="RB">as</wf>
<wf cmd="tag" pos="JJ">abrupt</wf>
<wf cmd="ignore" pos="IN">as</wf>
<wf cmd="ignore" pos="IN">in</wf>
<wf cmd="tag" pos="CD">1958</wf>
<wf cmd="ignore" pos="CC">nor</wf>
<wf cmd="tag" pos="RB">as</wf>
<wf cmd="tag" pos="JJ">severe</wf>
<wf cmd="ignore" pos="IN">as</wf>
<wf cmd="ignore" pos="IN">in</wf>
<wf cmd="tag" pos="JJ">late</wf>
<wf cmd="tag" pos="CD">1959</wf>
<wf cmd="ignore" pos="CC">and</wf>
<wf cmd="tag" pos="CD">1960</wf>
<punc>''</punc>
<punc>.</punc>
</s>
</p>
<p pnum="5">
<s snum="6">
<wf cmd="tag" pos="NNP">Sprinkel</wf>
<wf cmd="tag" pos="RB">strongly</wf>
<wf cmd="done" pos="VB" lemma="refute" wnsn="1" lexsn="2:32:00::">refuted</wf>
<wf cmd="ignore" pos="DT">the</wf>
<wf cmd="tag" pos="JJ">current</wf>
<wf cmd="tag" pos="JJ">neo-stagnationist</wf>
<wf cmd="tag" pos="NN">thesis</wf>
<wf cmd="ignore" pos="IN">that</wf>
<wf cmd="ignore" pos="PRP">we</wf>
<wf cmd="done" pos="VBP" ot="notag">are</wf>
<wf cmd="done" pos="VB" lemma="face" wnsn="0" lexsn="2:42:01::">facing</wf>
<wf cmd="ignore" pos="DT">a</wf>
<wf cmd="tag" pos="NN">future</wf>
<wf cmd="ignore" pos="IN">of</wf>
<wf cmd="tag" pos="JJ">limited</wf>
<wf cmd="ignore" pos="CC">and</wf>
<wf cmd="tag" pos="JJ">slow</wf>
<wf cmd="tag" pos="NN">growth</wf>
<punc>,</punc>
<wf cmd="done" pos="VB" lemma="declare" wnsn="3" lexsn="2:32:01::">declaring</wf>
<wf cmd="ignore" pos="IN">that</wf>
<wf cmd="ignore" pos="DT">this</wf>
<wf cmd="tag" pos="NN">pessimism</wf>
<punc>``</punc>
<wf cmd="done" pos="VB" ot="notag">is</wf>
<wf cmd="done" pos="VB" lemma="base" wnsn="1" lexsn="2:31:00::">based</wf>
<wf cmd="done" pos="VB" ot="notag">on</wf>
<wf cmd="tag" pos="RB">very</wf>
<wf cmd="tag" pos="JJ">limited</wf>
<wf cmd="ignore" pos="CC">and</wf>
<wf cmd="tag" pos="JJ">questionable</wf>
<wf cmd="tag" pos="NN">evidence</wf>
<punc>''</punc>
<punc>.</punc>
</s>
</p>
<p pnum="6">
<s snum="7">
<wf cmd="tag" pos="RB">Rather_than</wf>
<wf cmd="done" pos="VB" lemma="view" wnsn="1" lexsn="2:31:00::">viewing</wf>
<wf cmd="ignore" pos="DT">the</wf>
<wf cmd="tag" pos="JJ">abortive</wf>
<wf cmd="tag" pos="NN">recovery</wf>
<wf cmd="ignore" pos="IN">in</wf>
<wf cmd="tag" pos="CD">1959</wf>
<punc>-</punc>
<wf cmd="tag" pos="CD">60</wf>
<wf cmd="ignore" pos="IN">as</wf>
<wf cmd="ignore" pos="DT">a</wf>
<wf cmd="tag" pos="NN">reason</wf>
<wf cmd="ignore" pos="IN">for</wf>
<wf cmd="done" pos="VB" lemma="believe" wnsn="1" lexsn="2:31:00::">believing</wf>
<wf cmd="ignore" pos="PRP">we</wf>
<wf cmd="done" pos="VBP" ot="notag">have</wf>
<wf cmd="done" pos="VB" lemma="lose" wnsn="8" lexsn="2:40:00::">lost</wf>
<wf cmd="tag" pos="NNS">prospects</wf>
<wf cmd="ignore" pos="IN">for</wf>
<wf cmd="tag" pos="NN">growth</wf>
<punc>``</punc>
<punc>,</punc>
<wf cmd="ignore" pos="PRP">he</wf>
<wf cmd="done" pos="VB" lemma="say" wnsn="2" lexsn="2:32:01::">said</wf>
<punc>''</punc>
<wf cmd="ignore" pos="PRP">it</wf>
<wf cmd="ignore" pos="MD">should</wf>
<wf cmd="done" pos="VB" ot="notag">be</wf>
<wf cmd="done" pos="VB" lemma="view_as" wnsn="1" lexsn="2:31:00::">viewed_as</wf>
<wf cmd="ignore" pos="DT">a</wf>
<wf cmd="tag" pos="NN">lesson</wf>
<wf cmd="tag" pos="RB">well</wf>
<wf cmd="done" pos="VB" lemma="learn" wnsn="1" lexsn="2:31:00::">learned</wf>
<wf cmd="ignore" pos="WDT">which</wf>
<wf cmd="ignore" pos="MD">will</wf>
<wf cmd="done" pos="VB" lemma="increase" wnsn="2" lexsn="2:30:02::">increase</wf>
<wf cmd="ignore" pos="DT">the</wf>
<wf cmd="tag" pos="NN">probability</wf>
<wf cmd="ignore" pos="IN">of</wf>
<wf cmd="tag" pos="JJ">substantial</wf>
<wf cmd="tag" pos="NN">improvement</wf>
<wf cmd="tag" pos="RB">in_this</wf>
<wf cmd="tag" pos="NN">recovery</wf>
<punc>``</punc>
<punc>.</punc>
</s>
</p>
<p pnum="7">
<s snum="8">
<wf cmd="ignore" pos="PRP">He</wf>
<wf cmd="done" pos="VB" lemma="caution" wnsn="1" lexsn="2:32:00::">cautioned</wf>
<wf cmd="ignore" pos="IN">that</wf>
<punc>``</punc>
<wf cmd="ignore" pos="DT">the</wf>
<wf cmd="tag" pos="RBR">greater</wf>
<wf cmd="tag" pos="NN">danger</wf>
<wf cmd="tag" pos="RB">in_this</wf>
<wf cmd="tag" pos="NN">recovery</wf>
<wf cmd="ignore" pos="MD">may</wf>
<wf cmd="done" pos="VB" lemma="be" wnsn="2" lexsn="2:42:06::">be</wf>
<wf cmd="tag" pos="JJ">excessive</wf>
<wf cmd="tag" pos="NN">stimulation</wf>
<wf cmd="ignore" pos="IN">by</wf>
<wf cmd="tag" pos="NN">government</wf>
<wf cmd="ignore" pos="WDT">which</wf>
<wf cmd="ignore" pos="MD">could</wf>
<wf cmd="done" pos="VB" lemma="bring" wnsn="3" lexsn="2:36:00::">bring</wf>
<wf cmd="tag" pos="JJ">moderate</wf>
<wf cmd="tag" pos="NN">inflation</wf>
<punc>''</punc>
<punc>.</punc>
</s>
</p>
<p pnum="8">
<s snum="9">
<wf cmd="ignore" pos="DT">The</wf>
<wf cmd="tag" pos="NN">economist</wf>
<wf cmd="done" pos="VBZ" ot="notag">does</wf>
<wf cmd="tag" pos="RB">not</wf>
<wf cmd="done" pos="VB" lemma="look_for" wnsn="1" lexsn="2:35:00::">look_for</wf>
<wf cmd="ignore" pos="DT">a</wf>
<wf cmd="tag" pos="JJ">drastic</wf>
<wf cmd="tag" pos="NN">switch</wf>
<wf cmd="ignore" pos="IN">in</wf>
<wf cmd="ignore" pos="DT">the</wf>
<wf cmd="tag" pos="NN">budget</wf>
<wf cmd="ignore" pos="IN">during</wf>
<wf cmd="ignore" pos="DT">this</wf>
<wf cmd="tag" pos="NN">recovery</wf>
<wf cmd="ignore" pos="CC">and</wf>
<wf cmd="done" pos="VB" lemma="believe" wnsn="2" lexsn="2:31:04::">believes</wf>
<wf cmd="ignore" pos="PRP">it</wf>
<punc>``</punc>
<wf cmd="tag" pos="RB">even</wf>
<wf cmd="tag" pos="RBR">more</wf>
<wf cmd="tag" pos="JJ">unlikely</wf>
<wf cmd="ignore" pos="IN">that</wf>
<wf cmd="ignore" pos="DT">the</wf>
<wf cmd="tag" pos="NN">Federal_Reserve</wf>
<wf cmd="ignore" pos="MD">will</wf>
<wf cmd="tag" pos="RB">aggressively</wf>
<wf cmd="done" pos="VB" lemma="tighten" wnsn="3" lexsn="2:30:02::">tighten</wf>
<wf cmd="tag" pos="JJ">monetary</wf>
<wf cmd="tag" pos="NN">policy</wf>
<wf cmd="ignore" pos="IN">in</wf>
<wf cmd="ignore" pos="DT">the</wf>
<wf cmd="tag" pos="JJ">early</wf>
<wf cmd="tag" pos="NNS">phases</wf>
<wf cmd="ignore" pos="IN">of</wf>
<wf cmd="ignore" pos="DT">the</wf>
<wf cmd="tag" pos="NN">upturn</wf>
<wf cmd="ignore" pos="IN">as</wf>
<wf cmd="done" pos="VB" lemma="be" wnsn="5" lexsn="2:42:04::">was</wf>
<wf cmd="ignore" pos="DT">the</wf>
<wf cmd="tag" pos="NN">case</wf>
<wf cmd="ignore" pos="IN">in</wf>
<wf cmd="tag" pos="CD">1958</wf>
<punc>''</punc>
<punc>.</punc>
</s>
</p>
<p pnum="9">
<s snum="10">
<wf cmd="ignore" pos="DT">The</wf>
<wf cmd="tag" pos="JJ">unsatisfactory</wf>
<wf cmd="tag" pos="CD">1958</wf>
<punc>-</punc>
<wf cmd="tag" pos="CD">60</wf>
<wf cmd="tag" pos="NN">expansion</wf>
<punc>,</punc>
<wf cmd="ignore" pos="PRP">he</wf>
<wf cmd="done" pos="VB" lemma="say" wnsn="2" lexsn="2:32:01::">said</wf>
<punc>,</punc>
<wf cmd="done" pos="VB" lemma="be" wnsn="1" lexsn="2:42:03::">was</wf>
<wf cmd="tag" pos="JJ">not_due</wf>
<wf cmd="ignore" pos="TO">to</wf>
<wf cmd="tag" pos="JJ">inadequate</wf>
<wf cmd="tag" pos="NN">growth</wf>
<wf cmd="tag" pos="NNS">forces</wf>
<wf cmd="tag" pos="JJ">inherent</wf>
<wf cmd="ignore" pos="IN">in</wf>
<wf cmd="ignore" pos="PRP$">our</wf>
<wf cmd="tag" pos="NN">economy</wf>
<wf cmd="ignore" pos="CC">but</wf>
<wf cmd="tag" pos="RB">rather</wf>
<wf cmd="ignore" pos="TO">to</wf>
<wf cmd="ignore" pos="DT">the</wf>
<wf cmd="tag" pos="JJ">adverse</wf>
<wf cmd="tag" pos="NN">effect</wf>
<wf cmd="ignore" pos="IN">of</wf>
<wf cmd="tag" pos="JJ">inappropriate</wf>
<wf cmd="tag" pos="NN">economic_policies</wf>
<wf cmd="done" pos="VB" lemma="combine" wnsn="2" lexsn="2:30:02::">combined</wf>
<wf cmd="ignore" pos="IN">with</wf>
<wf cmd="tag" pos="NN">retrenching</wf>
<wf cmd="tag" pos="NNS">decisions</wf>
<wf cmd="done" pos="VB" lemma="result" wnsn="1" lexsn="2:42:00::">resulting</wf>
<wf cmd="ignore" pos="IN">from</wf>
<wf cmd="ignore" pos="DT">the</wf>
<wf cmd="tag" pos="NN">steel</wf>
<wf cmd="tag" pos="NN">strike</wf>
<punc>.</punc>
</s>
</p>
<p pnum="10">
<s snum="11">
<wf cmd="tag" pos="NNP">Draper</wf>
<wf cmd="done" pos="VB" lemma="declare" wnsn="3" lexsn="2:32:01::">declared</wf>
<punc>,</punc>
<punc>``</punc>
<wf cmd="ignore" pos="IN">As</wf>
<wf cmd="ignore" pos="PRP">I</wf>
<wf cmd="done" pos="VB" lemma="see" wnsn="5" lexsn="2:31:00::">see</wf>
<wf cmd="ignore" pos="PRP">it</wf>
<punc>,</punc>
<wf cmd="ignore" pos="DT">this</wf>
<wf cmd="tag" pos="NN">country</wf>
<wf cmd="done" pos="VBZ" ot="notag">has</wf>
<wf cmd="tag" pos="RB">never</wf>
<wf cmd="done" pos="VB" lemma="face" wnsn="1" lexsn="2:32:00::">faced</wf>
<wf cmd="tag" pos="JJ">such</wf>
<wf cmd="tag" pos="JJ">great</wf>
<wf cmd="tag" pos="NNS">dangers</wf>
<wf cmd="ignore" pos="IN">as</wf>
<wf cmd="done" pos="VB" lemma="threaten" wnsn="1" lexsn="2:42:00::">threaten</wf>
<wf cmd="ignore" pos="PRP">us</wf>
<wf cmd="tag" pos="NN">today</wf>
<punc>.</punc>
</s>
<s snum="12">
<wf cmd="ignore" pos="PRP">We</wf>
<wf cmd="ignore" pos="MD">must</wf>
<wf cmd="done" pos="VB" lemma="justify" wnsn="2" lexsn="2:32:00::">justify</wf>
<wf cmd="ignore" pos="PRP$">our</wf>
<wf cmd="tag" pos="NN">heritage</wf>
<punc>.</punc>
</s>
<s snum="13">
<wf cmd="ignore" pos="PRP">We</wf>
<wf cmd="ignore" pos="MD">must</wf>
<wf cmd="done" pos="VB" lemma="be" wnsn="1" lexsn="2:42:03::">be</wf>
<wf cmd="tag" pos="JJ">ready</wf>
<wf cmd="ignore" pos="IN">for</wf>
<wf cmd="ignore" pos="DT">any</wf>
<wf cmd="tag" pos="JJ">needed</wf>
<wf cmd="tag" pos="NN">sacrifice</wf>
<punc>''</punc>
<punc>.</punc>
</s>
</p>
<p pnum="11">
<s snum="14">
<wf cmd="ignore" pos="PRP">He</wf>
<wf cmd="done" pos="VB" lemma="say" wnsn="2" lexsn="2:32:01::">said</wf>
<wf cmd="tag" pos="RB">that</wf>
<wf cmd="ignore" pos="IN">from</wf>
<wf cmd="ignore" pos="PRP$">his</wf>
<wf cmd="tag" pos="NN">experience</wf>
<wf cmd="ignore" pos="IN">of</wf>
<wf cmd="tag" pos="CD">two</wf>
<wf cmd="tag" pos="NNS">years</wf>
<wf cmd="ignore" pos="IN">with</wf>
<wf cmd="tag" pos="NNP">Gen._Clay</wf>
<wf cmd="ignore" pos="IN">in</wf>
<wf cmd="tag" pos="NN">West_Berlin</wf>
<wf cmd="tag" pos="NN">administration</wf>
<punc>,</punc>
<wf cmd="ignore" pos="IN">that</wf>
<punc>``</punc>
<wf cmd="tag" pos="NNP">Russia</wf>
<wf cmd="done" pos="VB" lemma="respect" wnsn="1" lexsn="2:31:00::">respects</wf>
<wf cmd="ignore" pos="PRP$">our</wf>
<wf cmd="tag" pos="NN">show</wf>
<wf cmd="ignore" pos="IN">of</wf>
<wf cmd="tag" pos="NN">strength</wf>
<punc>,</punc>
<wf cmd="ignore" pos="CC">but</wf>
<wf cmd="ignore" pos="IN">that</wf>
<wf cmd="tag" pos="RB">presently</wf>
<wf cmd="ignore" pos="PRP">we</wf>
<wf cmd="done" rdf="are" pos="VB" lemma="be" wnsn="1" lexsn="2:42:03::">'re</wf>
<wf cmd="tag" pos="RB">not</wf>
<wf cmd="done" pos="VB" lemma="act" wnsn="2" lexsn="2:29:00::">acting</wf>
<wf cmd="done" pos="VB" ot="notag">as</wf>
<wf cmd="ignore" pos="PRP">we</wf>
<wf cmd="ignore" pos="MD">should</wf>
<wf cmd="ignore" pos="CC">and</wf>
<wf cmd="ignore" pos="MD">must</wf>
<punc>''</punc>
<punc>.</punc>
</s>
</p>
<p pnum="12">
<s snum="15">
<wf cmd="ignore" pos="PRP">He</wf>
<wf cmd="done" pos="VB" lemma="call" wnsn="2" lexsn="2:32:00::">called</wf>
<wf cmd="ignore" pos="DT">the</wf>
<wf cmd="tag" pos="JJ">Cuban</wf>
<wf cmd="tag" pos="NN">tractor</wf>
<wf cmd="tag" pos="NN">plan</wf>
<wf cmd="ignore" pos="DT">an</wf>
<wf cmd="tag" pos="JJ">outright</wf>
<wf cmd="tag" pos="NN">blackmail</wf>
<wf cmd="tag" pos="NN">action</wf>
<punc>,</punc>
<wf cmd="ignore" pos="CC">and</wf>
<wf cmd="done" pos="VB" lemma="note" wnsn="1" lexsn="2:32:00::">noted</wf>
<wf cmd="ignore" pos="IN">that</wf>
<wf cmd="ignore" pos="IN">in</wf>
<wf cmd="tag" pos="NN">war</wf>
<punc>``</punc>
<wf cmd="ignore" pos="PRP">you</wf>
<wf cmd="ignore" pos="MD">can</wf>
<wf cmd="tag" pos="RB">n't</wf>
<wf cmd="done" rdf="buy_out" pos="VB" lemma="buy_out" wnsn="1" lexsn="2:40:00::">buy</wf>
<wf cmd="ignore" pos="PRP">yourself</wf>
<wf cmd="tag" pos="RB">out</wf>
<wf cmd="ignore" pos="CC">and</wf>
<wf cmd="ignore" pos="IN">that</wf>
<wf cmd="done" rdf="is" pos="VB" lemma="be" wnsn="2" lexsn="2:42:06::">'s</wf>
<wf cmd="ignore" pos="WP">what</wf>
<wf cmd="ignore" pos="PRP">we</wf>
<wf cmd="done" rdf="are" pos="VB" lemma="be" wnsn="1" lexsn="2:42:03::">'re</wf>
<wf cmd="done" pos="VB" lemma="try" wnsn="1" lexsn="2:41:00::">trying</wf>
<wf cmd="ignore" pos="TO">to</wf>
<wf cmd="done" pos="VB" lemma="do" wnsn="1" lexsn="2:41:01::">do</wf>
<punc>''</punc>
<punc>.</punc>
</s>
</p>
<p pnum="13">
<s snum="16">
<wf cmd="ignore" pos="IN">While</wf>
<wf cmd="ignore" pos="PRP">he</wf>
<wf cmd="done" pos="VB" lemma="decline" wnsn="3" lexsn="2:32:00::">declined</wf>
<wf cmd="ignore" pos="TO">to</wf>
<wf cmd="done" pos="VB" lemma="suggest" wnsn="1" lexsn="2:32:00::">suggest</wf>
<punc>,</punc>
<wf cmd="ignore" pos="WRB">how</wf>
<punc>,</punc>
<wf cmd="ignore" pos="PRP">he</wf>
<wf cmd="done" pos="VB" lemma="say" wnsn="2" lexsn="2:32:01::">said</wf>
<wf cmd="ignore" pos="IN">that</wf>
<wf cmd="tag" pos="RB">sooner_or_later</wf>
<wf cmd="ignore" pos="PRP">we</wf>
<wf cmd="ignore" pos="MD">must</wf>
<wf cmd="done" pos="VB" lemma="get_rid_of" wnsn="2" lexsn="2:30:00::">get_rid_of</wf>
<wf cmd="tag" pos="NNP">Castro</wf>
<punc>,</punc>
<punc>``</punc>
<wf cmd="ignore" pos="IN">for</wf>
<wf cmd="ignore" pos="IN">unless</wf>
<wf cmd="ignore" pos="PRP">we</wf>
<wf cmd="done" pos="VBP" ot="notag">do</wf>
<wf cmd="ignore" pos="PRP">we</wf>
<wf cmd="done" rdf="are" pos="VBP" ot="notag">'re</wf>
<wf cmd="tag" pos="JJ">liable_to</wf>
<wf cmd="done" pos="VB" lemma="face" wnsn="1" lexsn="2:32:00::">face</wf>
<wf cmd="tag" pos="JJ">similar</wf>
<wf cmd="tag" pos="NNS">situations</wf>
<wf cmd="tag" pos="RB">in_this</wf>
<wf cmd="tag" pos="NN">hemisphere</wf>
<punc>.</punc>
</s>
<s snum="17">
<wf cmd="ignore" pos="PRP$">Its</wf>
<wf cmd="ignore" pos="DT">the</wf>
<wf cmd="tag" pos="NN">start</wf>
<wf cmd="ignore" pos="IN">of</wf>
<wf cmd="ignore" pos="DT">a</wf>
<wf cmd="tag" pos="JJ">direct</wf>
<wf cmd="tag" pos="NN">threat</wf>
<wf cmd="ignore" pos="TO">to</wf>
<wf cmd="ignore" pos="PRP$">our</wf>
<wf cmd="tag" pos="JJ">own</wf>
<wf cmd="tag" pos="NN">security</wf>
<wf cmd="ignore" pos="CC">and</wf>
<wf cmd="ignore" pos="PRP">I</wf>
<wf cmd="done" pos="VBP" ot="notag">do</wf>
<wf cmd="tag" pos="RB">n't</wf>
<wf cmd="done" pos="VB" lemma="believe" wnsn="3" lexsn="2:31:03::">believe</wf>
<wf cmd="ignore" pos="PRP">we</wf>
<wf cmd="ignore" pos="MD">can</wf>
<wf cmd="done" pos="VB" lemma="permit" wnsn="1" lexsn="2:32:00::">permit</wf>
<wf cmd="ignore" pos="IN">that</wf>
<punc>''</punc>
<punc>.</punc>
</s>
</p>
<p pnum="14">
<s snum="18">
<wf cmd="tag" pos="NN">Stock_market</wf>
<wf cmd="tag" pos="NNP">Tuesday</wf>
<wf cmd="done" pos="VB" lemma="stage" wnsn="2" lexsn="2:36:01::">staged</wf>
<wf cmd="ignore" pos="DT">a</wf>
<wf cmd="tag" pos="JJ">technical</wf>
<wf cmd="tag" pos="NN">recovery</wf>
<punc>,</punc>
<wf cmd="done" pos="VB" lemma="erase" wnsn="1" lexsn="2:30:00::">erasing</wf>
<wf cmd="tag" pos="JJ">all_of</wf>
<wf cmd="tag" pos="NNP">Monday</wf>
<wf cmd="ignore" pos="POS">'s</wf>
<wf cmd="tag" pos="NNS">losses</wf>
<wf cmd="ignore" pos="IN">in</wf>
<wf cmd="ignore" pos="DT">the</wf>
<wf cmd="tag" pos="NNP">Associated_Press</wf>
<wf cmd="tag" pos="JJ">average</wf>
<wf cmd="ignore" pos="CC">and</wf>
<wf cmd="done" pos="VB" lemma="make" wnsn="13" lexsn="2:38:02::">making</wf>
<wf cmd="ignore" pos="DT">the</wf>
<wf cmd="tag" pos="JJS">largest</wf>
<wf cmd="tag" pos="NN">gain</wf>
<wf cmd="ignore" pos="IN">in</wf>
<wf cmd="ignore" pos="IN">about</wf>
<wf cmd="tag" pos="NN">two_weeks</wf>
<punc>.</punc>
</s>
</p>
<p pnum="15">
<s snum="19">
<wf cmd="tag" pos="NNS">Analysts</wf>
<wf cmd="done" pos="VB" lemma="see" wnsn="5" lexsn="2:31:00::">saw</wf>
<wf cmd="ignore" pos="DT">the</wf>
<wf cmd="tag" pos="NN">move</wf>
<wf cmd="ignore" pos="IN">as</wf>
<wf cmd="ignore" pos="DT">a</wf>
<wf cmd="tag" pos="NN">continuation</wf>
<wf cmd="ignore" pos="IN">of</wf>
<wf cmd="ignore" pos="DT">the</wf>
<wf cmd="tag" pos="NN">recovery</wf>
<wf cmd="tag" pos="NN">drive</wf>
<wf cmd="ignore" pos="WDT">that</wf>
<wf cmd="done" pos="VB" lemma="get" wnsn="2" lexsn="2:30:00::">got</wf>
<wf cmd="tag" pos="JJ">under</wf>
<wf cmd="tag" pos="JJ">way</wf>
<wf cmd="tag" pos="JJ">late</wf>
<wf cmd="tag" pos="NNP">Monday</wf>
<wf cmd="tag" pos="NN">afternoon</wf>
<wf cmd="ignore" pos="WRB">when</wf>
<wf cmd="ignore" pos="DT">the</wf>
<wf cmd="tag" pos="NN">list</wf>
<wf cmd="done" pos="VB" lemma="sink" wnsn="7" lexsn="2:30:00::">sank</wf>
<wf cmd="ignore" pos="TO">to</wf>
<wf cmd="ignore" pos="DT">a</wf>
<wf cmd="tag" pos="JJ">hoped-for</wf>
<punc>``</punc>
<wf cmd="tag" pos="NN">support</wf>
<wf cmd="tag" pos="NN">level</wf>
<punc>''</punc>
<wf cmd="done" pos="VB" lemma="represent" wnsn="1" lexsn="2:42:02::">represented</wf>
<wf cmd="ignore" pos="IN">by</wf>
<wf cmd="ignore" pos="IN">around</wf>
<wf cmd="tag" pos="CD">675</wf>
<wf cmd="ignore" pos="IN">in</wf>
<wf cmd="ignore" pos="DT">the</wf>
<wf cmd="tag" pos="NNP">Dow_Jones</wf>
<wf cmd="tag" pos="JJ">industrial</wf>
<wf cmd="tag" pos="NN">average</wf>
<punc>.</punc>
</s>
<s snum="20">
<wf cmd="ignore" pos="PRP">It</wf>
<wf cmd="done" pos="VB" lemma="be" wnsn="2" lexsn="2:42:06::">was</wf>
<wf cmd="tag" pos="NN">a_level</wf>
<wf cmd="ignore" pos="IN">at</wf>
<wf cmd="ignore" pos="WDT">which</wf>
<wf cmd="ignore" pos="DT">some</wf>
<wf cmd="ignore" pos="IN">of</wf>
<wf cmd="ignore" pos="DT">the</wf>
<wf cmd="tag" pos="NNS">investors</wf>
<wf cmd="done" pos="VB" lemma="stand" wnsn="1" lexsn="2:35:00::">standing</wf>
<wf cmd="ignore" pos="IN">on</wf>
<wf cmd="ignore" pos="DT">the</wf>
<wf cmd="tag" pos="NNS">sidelines</wf>
<wf cmd="done" pos="VBD" ot="notag">were</wf>
<wf cmd="done" pos="VB" lemma="think" wnsn="1" lexsn="2:31:01::">thought</wf>
<wf cmd="tag" pos="JJ">likely</wf>
<wf cmd="ignore" pos="TO">to</wf>
<wf cmd="done" pos="VB" lemma="buy" wnsn="1" lexsn="2:40:00::">buy</wf>
<wf cmd="ignore" pos="DT">the</wf>
<wf cmd="tag" pos="JJ">pivotal</wf>
<wf cmd="tag" pos="NNS">issues</wf>
<wf cmd="done" pos="VB" lemma="represent" wnsn="1" lexsn="2:42:02::">represented</wf>
<wf cmd="ignore" pos="IN">in</wf>
<wf cmd="ignore" pos="DT">the</wf>
<wf cmd="tag" pos="NNS">averages</wf>
<punc>.</punc>
</s>
</p>
<p pnum="16">
<s snum="21">
<wf cmd="ignore" pos="IN">Although</wf>
<wf cmd="ignore" pos="PRP">it</wf>
<wf cmd="done" pos="VB" lemma="look_like" wnsn="1" lexsn="2:42:00::">looked_like</wf>
<wf cmd="ignore" pos="DT">a</wf>
<wf cmd="tag" pos="JJ">routine</wf>
<wf cmd="tag" pos="JJ">technical</wf>
<wf cmd="tag" pos="NN">snapback</wf>
<wf cmd="ignore" pos="TO">to</wf>
<wf cmd="tag" pos="NNP">Wall_Streeters</wf>
<wf cmd="ignore" pos="PRP">it</wf>
<wf cmd="done" pos="VB" ot="notag">was</wf>
<wf cmd="done" pos="VB" lemma="accompany" wnsn="1" lexsn="2:42:00::">accompanied</wf>
<wf cmd="done" pos="VB" ot="notag">by</wf>
<wf cmd="ignore" pos="DT">some</wf>
<wf cmd="tag" pos="JJ">good</wf>
<wf cmd="tag" pos="NN">news</wf>
<punc>.</punc>
</s>
<s snum="22">
<wf cmd="ignore" pos="DT">A</wf>
<wf cmd="tag" pos="JJ">substantial</wf>
<wf cmd="tag" pos="NN">rise</wf>
<wf cmd="ignore" pos="IN">in</wf>
<wf cmd="tag" pos="JJ">new</wf>
<wf cmd="tag" pos="NNS">orders</wf>
<wf cmd="ignore" pos="CC">and</wf>
<wf cmd="tag" pos="NNS">sales</wf>
<wf cmd="ignore" pos="IN">of</wf>
<wf cmd="tag" pos="NN">durable_goods</wf>
<wf cmd="done" pos="VBD" ot="notag">was</wf>
<wf cmd="done" pos="VB" lemma="report" wnsn="2" lexsn="2:32:04::">reported</wf>
<wf cmd="ignore" pos="IN">for</wf>
<wf cmd="tag" pos="JJ">last</wf>
<wf cmd="tag" pos="NN">month</wf>
<punc>.</punc>
</s>
</p>
<p pnum="17">
<s snum="23">
<wf cmd="tag" pos="NNP">Treasury_Secretary_Douglas_Dillon</wf>
<wf cmd="done" pos="VB" lemma="say" wnsn="2" lexsn="2:32:01::">said</wf>
<wf cmd="ignore" pos="DT">the</wf>
<wf cmd="tag" pos="NN">economy</wf>
<wf cmd="done" pos="VBZ" ot="notag">is</wf>
<wf cmd="done" pos="VB" lemma="expect" wnsn="1" lexsn="2:31:00::">expected</wf>
<wf cmd="ignore" pos="TO">to</wf>
<wf cmd="done" pos="VB" lemma="advance" wnsn="3" lexsn="2:30:08::">advance</wf>
<wf cmd="ignore" pos="IN">by</wf>
<wf cmd="ignore" pos="DT">a</wf>
<wf cmd="tag" pos="JJ">whopping</wf>
<wf cmd="tag" pos="CD">8</wf>
<punc>%</punc>
<wf cmd="tag" pos="JJ">next</wf>
<wf cmd="tag" pos="NN">year</wf>
<punc>,</punc>
<wf cmd="done" pos="VB" ot="idiom">paving_the_way</wf>
<wf cmd="ignore" pos="IN">for</wf>
<wf cmd="tag" pos="JJR">lower</wf>
<wf cmd="tag" pos="NNS">taxes</wf>
<punc>.</punc>
</s>
</p>
<p pnum="18">
<s snum="24">
<wf cmd="ignore" pos="DT">The</wf>
<wf cmd="tag" pos="NNP">Dow_Jones</wf>
<wf cmd="tag" pos="JJ">industrial</wf>
<wf cmd="tag" pos="JJ">average</wf>
<wf cmd="done" pos="VB" lemma="advance" wnsn="3" lexsn="2:30:08::">advanced</wf>
<wf cmd="tag" pos="CD">7.19</wf>
<wf cmd="ignore" pos="TO">to</wf>
<wf cmd="tag" pos="CD">687.87</wf>
<punc>.</punc>
</s>
</p>
<p pnum="19">
<s snum="25">
<wf cmd="ignore" pos="IN">Of</wf>
<wf cmd="tag" pos="CD">1253</wf>
<wf cmd="tag" pos="NNS">issues</wf>
<wf cmd="done" pos="VB" lemma="trade" wnsn="3" lexsn="2:42:00::">traded</wf>
<punc>,</punc>
<wf cmd="tag" pos="CD">695</wf>
<wf cmd="done" pos="VB" lemma="advance" wnsn="3" lexsn="2:30:08::">advanced</wf>
<wf cmd="ignore" pos="CC">and</wf>
<wf cmd="tag" pos="CD">354</wf>
<wf cmd="done" pos="VB" lemma="decline" wnsn="4" lexsn="2:30:00::">declined</wf>
<punc>.</punc>
</s>
<s snum="26">
<wf cmd="tag" pos="NN">New</wf>
<wf cmd="tag" pos="NNS">highs</wf>
<wf cmd="ignore" pos="IN">for</wf>
<wf cmd="ignore" pos="DT">the</wf>
<wf cmd="tag" pos="NN">year</wf>
<wf cmd="done" pos="VB" lemma="total" wnsn="1" lexsn="2:42:00::">totaled</wf>
<wf cmd="tag" pos="CD">nine</wf>
<wf cmd="ignore" pos="CC">and</wf>
<wf cmd="tag" pos="JJ">new</wf>
<wf cmd="tag" pos="NNS">lows</wf>
<wf cmd="tag" pos="CD">14</wf>
<punc>.</punc>
</s>
</p>
<p pnum="20">
<s snum="27">
<wf cmd="tag" pos="NN">Trading</wf>
<wf cmd="done" pos="VB" lemma="be" wnsn="1" lexsn="2:42:03::">was</wf>
<wf cmd="tag" pos="RB">comparatively</wf>
<wf cmd="tag" pos="JJ">dull</wf>
<wf cmd="ignore" pos="IN">throughout</wf>
<wf cmd="ignore" pos="DT">the</wf>
<wf cmd="tag" pos="NN">day</wf>
<punc>.</punc>
</s>
<s snum="28">
<wf cmd="tag" pos="NN">Volume</wf>
<wf cmd="done" pos="VB" lemma="dip" wnsn="3" lexsn="2:30:01::">dipped</wf>
<wf cmd="ignore" pos="TO">to</wf>
<wf cmd="tag" pos="CD">3.28</wf>
<wf cmd="tag" pos="CD">million</wf>
<wf cmd="tag" pos="NNS">shares</wf>
<wf cmd="ignore" pos="IN">from</wf>
<wf cmd="tag" pos="CD">3.98</wf>
<wf cmd="tag" pos="CD">million</wf>
<wf cmd="tag" pos="NNP">Monday</wf>
<punc>.</punc>
</s>
</p>
<p pnum="21">
<s snum="29">
<wf cmd="ignore" pos="DT">A</wf>
<punc>$</punc>
<wf cmd="tag" pos="CD">25</wf>
<wf cmd="tag" pos="CD">billion</wf>
<wf cmd="tag" pos="NN">advertising</wf>
<wf cmd="tag" pos="NN">budget</wf>
<wf cmd="ignore" pos="IN">in</wf>
<wf cmd="ignore" pos="DT">an</wf>
<punc>$</punc>
<wf cmd="tag" pos="CD">800</wf>
<wf cmd="tag" pos="CD">billion</wf>
<wf cmd="tag" pos="NN">economy</wf>
<wf cmd="done" pos="VBD" ot="notag">was</wf>
<wf cmd="done" pos="VB" lemma="envision" wnsn="1" lexsn="2:36:00::">envisioned</wf>
<wf cmd="ignore" pos="IN">for</wf>
<wf cmd="ignore" pos="DT">the</wf>
<wf cmd="tag" pos="CD">1970</wf>
<wf cmd="ignore" pos="PRP">s</wf>
<wf cmd="tag" pos="RB">here</wf>
<wf cmd="tag" pos="NNP">Tuesday</wf>
<wf cmd="ignore" pos="IN">by</wf>
<wf cmd="tag" pos="NNP">Peter_G._Peterson</wf>
<punc>,</punc>
<wf cmd="tag" pos="NN">head</wf>
<wf cmd="ignore" pos="IN">of</wf>
<wf cmd="tag" pos="CD">one</wf>
<wf cmd="ignore" pos="IN">of</wf>
<wf cmd="ignore" pos="DT">the</wf>
<wf cmd="tag" pos="NN">world</wf>
<wf cmd="ignore" pos="POS">'s</wf>
<wf cmd="tag" pos="JJS">greatest</wf>
<wf cmd="tag" pos="NN">camera</wf>
<wf cmd="tag" pos="NNS">firms</wf>
<punc>,</punc>
<wf cmd="ignore" pos="IN">in</wf>
<wf cmd="ignore" pos="DT">a</wf>
<wf cmd="tag" pos="JJ">key</wf>
<wf cmd="tag" pos="NN">address</wf>
<wf cmd="ignore" pos="IN">before</wf>
<wf cmd="ignore" pos="DT">the</wf>
<wf cmd="tag" pos="NNP">American_Marketing_Assn.</wf>
<punc>.</punc>
</s>
</p>
<p pnum="22">
<s snum="30">
<wf cmd="tag" pos="RB">However</wf>
<punc>,</punc>
<wf cmd="tag" pos="NNP">Peterson</wf>
<punc>,</punc>
<wf cmd="tag" pos="NN">president</wf>
<wf cmd="ignore" pos="IN">of</wf>
<wf cmd="tag" pos="NNP">Bell</wf>
<punc>+</punc>
<wf cmd="tag" pos="NNP">Howell</wf>
<punc>,</punc>
<wf cmd="done" pos="VB" lemma="warn" wnsn="2" lexsn="2:32:01::">warned</wf>
<wf cmd="tag" pos="CD">800</wf>
<wf cmd="tag" pos="NNP">U._S.</wf>
<wf cmd="tag" pos="NN">marketing</wf>
<wf cmd="tag" pos="NNS">leaders</wf>
<wf cmd="done" pos="VB" lemma="attend" wnsn="1" lexsn="2:42:00::">attending</wf>
<wf cmd="ignore" pos="DT">a</wf>
<wf cmd="tag" pos="JJ">national</wf>
<wf cmd="tag" pos="NN">conference</wf>
<wf cmd="ignore" pos="IN">at</wf>
<wf cmd="ignore" pos="DT">the</wf>
<wf cmd="tag" pos="NNP">Ambassador</wf>
<punc>,</punc>
<wf cmd="ignore" pos="IN">that</wf>
<wf cmd="ignore" pos="DT">the</wf>
<wf cmd="tag" pos="NN">future</wf>
<wf cmd="ignore" pos="MD">will</wf>
<wf cmd="done" pos="VB" lemma="belong" wnsn="1" lexsn="2:40:00::">belong</wf>
<wf cmd="done" pos="VB" ot="notag">to</wf>
<wf cmd="ignore" pos="DT">the</wf>
<wf cmd="tag" pos="NN">industrialist</wf>
<wf cmd="ignore" pos="IN">of</wf>
<wf cmd="tag" pos="JJ">creative</wf>
<wf cmd="ignore" pos="CC">and</wf>
<punc>``</punc>
<wf cmd="tag" pos="JJ">unconventional</wf>
<wf cmd="tag" pos="NN">wisdom</wf>
<punc>''</punc>
<punc>.</punc>
</s>
</p>
<p pnum="23">
<s snum="31">
<punc>``</punc>
<wf cmd="ignore" pos="IN">As</wf>
<wf cmd="ignore" pos="PRP">we</wf>
<wf cmd="done" pos="VB" lemma="look_to" wnsn="2" lexsn="2:37:00::">look_to</wf>
<wf cmd="ignore" pos="DT">the</wf>
<punc>$</punc>
<wf cmd="tag" pos="CD">800</wf>
<wf cmd="tag" pos="CD">billion</wf>
<wf cmd="tag" pos="NN">economy</wf>
<wf cmd="tag" pos="RB">that_is</wf>
<wf cmd="done" pos="VB" lemma="predict" wnsn="1" lexsn="2:32:00::">predicted</wf>
<wf cmd="ignore" pos="IN">for</wf>
<wf cmd="tag" pos="CD">1970</wf>
<wf cmd="ignore" pos="CC">and</wf>
<wf cmd="ignore" pos="DT">the</wf>
<wf cmd="tag" pos="NN">increase</wf>
<wf cmd="ignore" pos="IN">of</wf>
<wf cmd="ignore" pos="IN">about</wf>
<wf cmd="tag" pos="CD">40</wf>
<punc>%</punc>
<wf cmd="ignore" pos="IN">in</wf>
<wf cmd="tag" pos="NN">consumer</wf>
<wf cmd="tag" pos="NNS">expenditures</wf>
<wf cmd="ignore" pos="WDT">that</wf>
<wf cmd="ignore" pos="MD">will</wf>
<wf cmd="done" pos="VB" ot="notag">be</wf>
<wf cmd="done" pos="VB" lemma="require" wnsn="1" lexsn="2:42:00::">required</wf>
<wf cmd="ignore" pos="TO">to</wf>
<wf cmd="done" pos="VB" lemma="reach" wnsn="1" lexsn="2:38:01::">reach</wf>
<wf cmd="ignore" pos="IN">that</wf>
<wf cmd="tag" pos="NN">goal</wf>
<punc>,</punc>
<wf cmd="tag" pos="NN">management</wf>
<wf cmd="ignore" pos="MD">can</wf>
<wf cmd="tag" pos="RB">well</wf>
<wf cmd="done" pos="VB" lemma="be" wnsn="1" lexsn="2:42:03::">be</wf>
<wf cmd="tag" pos="JJ">restless</wf>
<wf cmd="ignore" pos="IN">about</wf>
<wf cmd="ignore" pos="WRB">how</wf>
<wf cmd="ignore" pos="DT">this</wf>
<wf cmd="tag" pos="JJ">tremendous</wf>
<wf cmd="tag" pos="NN">volume</wf>
<wf cmd="ignore" pos="CC">and</wf>
<wf cmd="tag" pos="NN">number</wf>
<wf cmd="ignore" pos="IN">of</wf>
<wf cmd="tag" pos="JJ">new</wf>
<wf cmd="tag" pos="NNS">products</wf>
<wf cmd="ignore" pos="MD">will</wf>
<wf cmd="done" pos="VB" ot="notag">be</wf>
<wf cmd="done" pos="VB" lemma="create" wnsn="1" lexsn="2:36:00::">created</wf>
<wf cmd="ignore" pos="CC">and</wf>
<wf cmd="done" pos="VB" lemma="market" wnsn="1" lexsn="2:40:00::">marketed</wf>
<punc>''</punc>
<punc>,</punc>
<wf cmd="tag" pos="NNP">Peterson</wf>
<wf cmd="done" pos="VB" lemma="say" wnsn="2" lexsn="2:32:01::">said</wf>
<punc>.</punc>
</s>
</p>
<p pnum="24">
<s snum="32">
<punc>``</punc>
<wf cmd="ignore" pos="IN">With</wf>
<wf cmd="ignore" pos="DT">this</wf>
<wf cmd="tag" pos="RB">kind_of</wf>
<wf cmd="tag" pos="JJ">new</wf>
<wf cmd="tag" pos="NN">product</wf>
<wf cmd="tag" pos="NN">log-jam</wf>
<punc>,</punc>
<wf cmd="ignore" pos="DT">the</wf>
<wf cmd="tag" pos="NN">premium</wf>
<wf cmd="ignore" pos="IN">for</wf>
<wf cmd="tag" pos="JJ">brilliant</wf>
<wf cmd="tag" pos="NN">product</wf>
<wf cmd="tag" pos="NN">planning</wf>
<wf cmd="ignore" pos="MD">will</wf>
<wf cmd="tag" pos="RB">obviously</wf>
<wf cmd="done" pos="VB" lemma="go_up" wnsn="2" lexsn="2:30:00::">go_up</wf>
<wf cmd="tag" pos="RB">geometrically</wf>
<punc>''</punc>
<punc>.</punc>
</s>
</p>
<p pnum="25">
<s snum="33">
<wf cmd="ignore" pos="DT">The</wf>
<wf cmd="tag" pos="NN">executive</wf>
<wf cmd="done" pos="VB" lemma="pay" wnsn="2" lexsn="2:32:00::">paid</wf>
<wf cmd="tag" pos="NN">tribute</wf>
<wf cmd="ignore" pos="TO">to</wf>
<wf cmd="tag" pos="NN">research</wf>
<wf cmd="ignore" pos="CC">and</wf>
<wf cmd="tag" pos="NN">development</wf>
<wf cmd="ignore" pos="CC">and</wf>
<wf cmd="tag" pos="NN">technology</wf>
<wf cmd="ignore" pos="IN">for</wf>
<wf cmd="ignore" pos="PRP$">their</wf>
<wf cmd="tag" pos="JJ">great</wf>
<wf cmd="tag" pos="NNS">contributions</wf>
<wf cmd="tag" pos="RB">in_the_past</wf>
<punc>,</punc>
<wf cmd="ignore" pos="CC">but</wf>
<wf cmd="ignore" pos="PRP">he</wf>
<wf cmd="tag" pos="RB">also</wf>
<wf cmd="done" pos="VB" lemma="caution" wnsn="1" lexsn="2:32:00::">cautioned</wf>
<wf cmd="tag" pos="NN">industry</wf>
<wf cmd="ignore" pos="IN">that</wf>
<wf cmd="ignore" pos="PRP">they</wf>
<wf cmd="done" pos="VB" lemma="tend" wnsn="1" lexsn="2:42:01::">tend</wf>
<wf cmd="done" pos="VB" ot="notag">to</wf>
<wf cmd="done" pos="VB" lemma="be" wnsn="1" lexsn="2:42:03::">be</wf>
<wf cmd="tag" pos="JJ">great</wf>
<wf cmd="tag" pos="NNS">equalizers</wf>
<wf cmd="ignore" pos="IN">because</wf>
<wf cmd="ignore" pos="PRP">they</wf>
<wf cmd="done" pos="VB" lemma="move" wnsn="8" lexsn="2:41:00::">move</wf>
<wf cmd="ignore" pos="IN">at</wf>
<wf cmd="ignore" pos="DT">a</wf>
<wf cmd="tag" pos="RB">fairly</wf>
<wf cmd="tag" pos="RB">even</wf>
<wf cmd="tag" pos="NN">pace</wf>
<wf cmd="ignore" pos="IN">within</wf>
<wf cmd="ignore" pos="DT">an</wf>
<wf cmd="tag" pos="NN">industry</wf>
<wf cmd="ignore" pos="CC">and</wf>
<wf cmd="done" pos="VB" lemma="fail" wnsn="1" lexsn="2:41:02::">fail</wf>
<wf cmd="ignore" pos="TO">to</wf>
<wf cmd="done" pos="VB" lemma="give" wnsn="1" lexsn="2:40:03::">give</wf>
<wf cmd="ignore" pos="PRP">it</wf>
<wf cmd="ignore" pos="DT">the</wf>
<wf cmd="tag" pos="JJ">short-term</wf>
<wf cmd="tag" pos="NN">advantage</wf>
<wf cmd="ignore" pos="WDT">which</wf>
<wf cmd="ignore" pos="PRP">it</wf>
<wf cmd="tag" pos="RB">often</wf>
<wf cmd="done" pos="VB" lemma="need" wnsn="1" lexsn="2:42:00::">needs</wf>
<punc>.</punc>
</s>
</p>
<p pnum="26">
<s snum="34">
<wf cmd="tag" pos="NNP">Peterson</wf>
<wf cmd="done" pos="VB" lemma="say" wnsn="2" lexsn="2:32:01::">said</wf>
<wf cmd="tag" pos="NNP">America</wf>
<wf cmd="done" pos="VB" lemma="have" wnsn="1" lexsn="2:40:00::">has</wf>
<wf cmd="tag" pos="NN">nothing</wf>
<wf cmd="ignore" pos="TO">to</wf>
<wf cmd="done" pos="VB" lemma="fear" wnsn="1" lexsn="2:37:03::">fear</wf>
<wf cmd="ignore" pos="IN">in</wf>
<wf cmd="tag" pos="NN">world</wf>
<wf cmd="tag" pos="NN">competition</wf>
<wf cmd="ignore" pos="IN">if</wf>
<wf cmd="ignore" pos="PRP">it</wf>
<wf cmd="done" pos="VB" lemma="dare" wnsn="2" lexsn="2:41:01::">dares</wf>
<wf cmd="ignore" pos="TO">to</wf>
<wf cmd="done" pos="VB" lemma="be" wnsn="1" lexsn="2:42:03::">be</wf>
<wf cmd="tag" pos="JJ">original</wf>
<wf cmd="ignore" pos="IN">in</wf>
<wf cmd="ignore" pos="DT">both</wf>
<wf cmd="tag" pos="NN">marketing</wf>
<wf cmd="ignore" pos="CC">and</wf>
<wf cmd="tag" pos="NN">product</wf>
<wf cmd="tag" pos="NNS">ideas</wf>
<punc>.</punc>
</s>
<s snum="35">
<wf cmd="ignore" pos="PRP">He</wf>
<wf cmd="done" pos="VB" lemma="cite" wnsn="1" lexsn="2:32:00::">cited</wf>
<punc>,</punc>
<wf cmd="ignore" pos="IN">as</wf>
<wf cmd="ignore" pos="DT">an</wf>
<wf cmd="tag" pos="NN">example</wf>
<punc>,</punc>
<wf cmd="ignore" pos="WRB">how</wf>
<wf cmd="ignore" pos="DT">the</wf>
<wf cmd="tag" pos="NNP">American</wf>
<wf cmd="tag" pos="NN">camera</wf>
<wf cmd="tag" pos="NN">industry</wf>
<wf cmd="done" pos="VBZ" ot="notag">has</wf>
<wf cmd="done" pos="VB" lemma="be" wnsn="1" lexsn="2:42:03::">been</wf>
<wf cmd="tag" pos="JJ">able</wf>
<wf cmd="done" pos="VB" ot="notag">to</wf>
<wf cmd="done" pos="VB" lemma="meet" wnsn="10" lexsn="2:33:00::">meet</wf>
<wf cmd="tag" pos="RB">successfully</wf>
<wf cmd="ignore" pos="DT">the</wf>
<wf cmd="tag" pos="NN">competition</wf>
<wf cmd="ignore" pos="IN">of</wf>
<wf cmd="tag" pos="NNP">Japan</wf>
<wf cmd="ignore" pos="IN">despite</wf>
<wf cmd="tag" pos="RBR">lower</wf>
<wf cmd="tag" pos="JJ">Japanese</wf>
<wf cmd="tag" pos="NN">labor</wf>
<wf cmd="tag" pos="NNS">costs</wf>
<punc>,</punc>
<wf cmd="ignore" pos="IN">by</wf>
<wf cmd="done" pos="VB" lemma="improve" wnsn="1" lexsn="2:30:01::">improving</wf>
<wf cmd="ignore" pos="PRP$">its</wf>
<wf cmd="tag" pos="NN">production</wf>
<wf cmd="tag" pos="NN">know-how</wf>
<wf cmd="ignore" pos="CC">and</wf>
<wf cmd="tag" pos="NN">technology</wf>
<punc>.</punc>
</s>
</p>
<p pnum="27">
<s snum="36">
<wf cmd="ignore" pos="PRP">He</wf>
<wf cmd="tag" pos="RB">also</wf>
<wf cmd="done" pos="VB" lemma="use" wnsn="1" lexsn="2:34:01::">used</wf>
<wf cmd="ignore" pos="IN">as</wf>
<wf cmd="ignore" pos="DT">an</wf>
<wf cmd="tag" pos="NN">example</wf>
<wf cmd="ignore" pos="DT">the</wf>
<wf cmd="tag" pos="NN">manufacturer</wf>
<wf cmd="ignore" pos="WP">who</wf>
<wf cmd="done" pos="VB" lemma="introduce" wnsn="2" lexsn="2:36:00::">introduced</wf>
<wf cmd="ignore" pos="DT">an</wf>
<wf cmd="tag" pos="JJ">all-automatic</wf>
<wf cmd="tag" pos="NN">camera</wf>
<wf cmd="ignore" pos="IN">in</wf>
<wf cmd="tag" pos="NNP">Germany</wf>
<punc>,</punc>
<wf cmd="ignore" pos="IN">with</wf>
<wf cmd="ignore" pos="DT">the</wf>
<wf cmd="tag" pos="NN">result</wf>
<wf cmd="ignore" pos="IN">that</wf>
<wf cmd="ignore" pos="PRP">it</wf>
<wf cmd="done" pos="VB" lemma="become" wnsn="1" lexsn="2:30:00::">became</wf>
<wf cmd="ignore" pos="DT">the</wf>
<wf cmd="tag" pos="JJS">best</wf>
<wf cmd="done" pos="VB" lemma="sell" wnsn="2" lexsn="2:42:00::">selling</wf>
<wf cmd="tag" pos="NN">camera</wf>
<wf cmd="ignore" pos="IN">in</wf>
<wf cmd="ignore" pos="DT">the</wf>
<wf cmd="tag" pos="JJ">German</wf>
<wf cmd="tag" pos="NN">market</wf>
<punc>.</punc>
</s>
</p>
<p pnum="28">
<s snum="37">
<wf cmd="tag" pos="NNP">Election</wf>
<wf cmd="ignore" pos="IN">of</wf>
<wf cmd="tag" pos="NNP">Howard_L._Taylor</wf>
<wf cmd="ignore" pos="TO">to</wf>
<wf cmd="tag" pos="NN">membership</wf>
<wf cmd="ignore" pos="IN">in</wf>
<wf cmd="tag" pos="NNP">Pacific_Coast</wf>
<wf cmd="tag" pos="NN">Stock_Exchange</wf>
<punc>,</punc>
<wf cmd="tag" pos="JJ">effective</wf>
<wf cmd="tag" pos="NNP">Tuesday</wf>
<punc>,</punc>
<wf cmd="done" pos="VBZ" ot="notag">has</wf>
<wf cmd="done" pos="VBN" ot="notag">been</wf>
<wf cmd="done" pos="VB" lemma="announce" wnsn="1" lexsn="2:32:00::">announced</wf>
<wf cmd="ignore" pos="IN">by</wf>
<wf cmd="tag" pos="NNP">Thomas_P._Phelan</wf>
<punc>,</punc>
<wf cmd="tag" pos="NN">president</wf>
<wf cmd="ignore" pos="IN">of</wf>
<wf cmd="ignore" pos="DT">the</wf>
<wf cmd="tag" pos="NN">exchange</wf>
<punc>.</punc>
</s>
</p>
<p pnum="29">
<s snum="38">
<wf cmd="tag" pos="NNP">Taylor</wf>
<punc>,</punc>
<wf cmd="tag" pos="NN">president</wf>
<wf cmd="ignore" pos="CC">and</wf>
<wf cmd="tag" pos="NN">voting</wf>
<wf cmd="tag" pos="NN">stockholder</wf>
<wf cmd="ignore" pos="IN">of</wf>
<wf cmd="tag" pos="NNP">Taylor</wf>
<wf cmd="ignore" pos="CC">and</wf>
<wf cmd="tag" pos="NNP">Co.</wf>
<punc>,</punc>
<wf cmd="tag" pos="NNP">Beverly_Hills</wf>
<punc>,</punc>
<wf cmd="done" pos="VBZ" ot="notag">has</wf>
<wf cmd="done" pos="VB" lemma="be" wnsn="1" lexsn="2:42:03::">been</wf>
<wf cmd="tag" pos="JJ">active</wf>
<wf cmd="done" pos="VB" ot="notag">in</wf>
<wf cmd="ignore" pos="DT">the</wf>
<wf cmd="tag" pos="NNS">securities</wf>
<wf cmd="tag" pos="NN">business</wf>
<wf cmd="ignore" pos="IN">since</wf>
<wf cmd="tag" pos="CD">1925</wf>
<punc>.</punc>
</s>
</p>
<p pnum="30">
<s snum="39">
<wf cmd="tag" pos="NNP">Union_Oil_Co.</wf>
<wf cmd="ignore" pos="IN">of</wf>
<wf cmd="tag" pos="NNP">California_Tuesday</wf>
<wf cmd="done" pos="VB" lemma="offer" wnsn="7" lexsn="2:40:01::">offered</wf>
<punc>$</punc>
<wf cmd="tag" pos="CD">120</wf>
<wf cmd="tag" pos="CD">million</wf>
<wf cmd="ignore" pos="IN">in</wf>
<wf cmd="tag" pos="NNS">debentures</wf>
<wf cmd="ignore" pos="TO">to</wf>
<wf cmd="ignore" pos="DT">the</wf>
<wf cmd="tag" pos="NN">public</wf>
<wf cmd="ignore" pos="IN">through</wf>
<wf cmd="ignore" pos="DT">a</wf>
<wf cmd="tag" pos="NN">group</wf>
<wf cmd="ignore" pos="IN">of</wf>
<wf cmd="tag" pos="NNS">underwriters</wf>
<wf cmd="done" pos="VB" lemma="head" wnsn="2" lexsn="2:41:00::">headed</wf>
<wf cmd="ignore" pos="IN">by</wf>
<wf cmd="tag" pos="NNP">Dillon</wf>
<punc>,</punc>
<wf cmd="tag" pos="NNP">Read</wf>
<punc>+</punc>
<wf cmd="tag" pos="NNP">Co.</wf>
<punc>,</punc>
<wf cmd="ignore" pos="TO">to</wf>
<wf cmd="done" pos="VB" lemma="raise" wnsn="4" lexsn="2:40:00::">raise</wf>
<wf cmd="tag" pos="NN">money</wf>
<wf cmd="ignore" pos="TO">to</wf>
<wf cmd="done" pos="VB" lemma="retire" wnsn="4" lexsn="2:41:04::">retire</wf>
<wf cmd="ignore" pos="DT">a</wf>
<wf cmd="tag" pos="JJ">similar</wf>
<wf cmd="tag" pos="NN">amount</wf>
<wf cmd="done" pos="VB" lemma="hold" wnsn="4" lexsn="2:40:00::">held</wf>
<wf cmd="done" pos="VB" ot="notag">by</wf>
<wf cmd="tag" pos="NNP">Gulf_Oil_Corp.</wf>
<punc>.</punc>
</s>
</p>
<p pnum="31">
<s snum="40">
<wf cmd="tag" pos="NNP">Gulf</wf>
<wf cmd="ignore" pos="POS">'s</wf>
<wf cmd="tag" pos="NNS">holdings</wf>
<wf cmd="done" pos="MD" ot="notag">could</wf>
<wf cmd="done" pos="VB" ot="notag">have</wf>
<wf cmd="done" pos="VBN" ot="notag">been</wf>
<wf cmd="done" pos="VB" lemma="convert" wnsn="4" lexsn="2:30:02::">converted</wf>
<wf cmd="ignore" pos="IN">into</wf>
<wf cmd="tag" pos="CD">2700877</wf>
<wf cmd="tag" pos="NNS">shares</wf>
<wf cmd="ignore" pos="IN">of</wf>
<wf cmd="tag" pos="NNP">Union_Oil</wf>
<wf cmd="tag" pos="JJ">common</wf>
<wf cmd="ignore" pos="IN">upon</wf>
<wf cmd="tag" pos="NN">surrender</wf>
<wf cmd="ignore" pos="IN">of</wf>
<wf cmd="tag" pos="NNS">debentures</wf>
<wf cmd="ignore" pos="CC">plus</wf>
<wf cmd="tag" pos="NN">cash</wf>
<punc>,</punc>
<wf cmd="done" pos="VB" lemma="accord" wnsn="1" lexsn="2:42:00::">according</wf>
<wf cmd="tag" pos="TO">to</wf>
<wf cmd="tag" pos="NNP">Union</wf>
<punc>.</punc>
</s>
<s snum="41">
<wf cmd="ignore" pos="IN">Under</wf>
<wf cmd="ignore" pos="DT">the</wf>
<wf cmd="tag" pos="JJ">new</wf>
<wf cmd="tag" pos="NN">offering</wf>
<punc>,</punc>
<wf cmd="tag" pos="RB">only</wf>
<punc>$</punc>
<wf cmd="tag" pos="CD">60</wf>
<wf cmd="tag" pos="CD">million</wf>
<wf cmd="ignore" pos="IN">in</wf>
<wf cmd="tag" pos="NNS">debentures</wf>
<wf cmd="done" pos="VB" lemma="be" wnsn="1" lexsn="2:42:03::">are</wf>
<wf cmd="tag" pos="JJ">convertible</wf>
<wf cmd="ignore" pos="IN">into</wf>
<wf cmd="tag" pos="CD">923076</wf>
<wf cmd="tag" pos="NN">common_shares</wf>
<punc>.</punc>
</s>
</p>
<p pnum="32">
<s snum="42">
<wf cmd="ignore" pos="DT">The</wf>
<wf cmd="tag" pos="JJ">new</wf>
<wf cmd="tag" pos="NN">offering</wf>
<wf cmd="tag" pos="NNP">Tuesday</wf>
<wf cmd="done" pos="VB" lemma="consist_of" wnsn="0" lexsn="2:42:00::">consisted_of</wf>
<punc>$</punc>
<wf cmd="tag" pos="CD">60</wf>
<wf cmd="tag" pos="CD">million</wf>
<wf cmd="tag" pos="JJ">worth</wf>
<wf cmd="ignore" pos="IN">of</wf>
<wf cmd="tag" pos="CD">4</wf>
<punc>-</punc>
<wf cmd="tag" pos="CD">7</wf>
<wf cmd="tag" pos="CD">8</wf>
<wf cmd="tag" pos="NNS">debentures</wf>
<punc>,</punc>
<wf cmd="tag" pos="JJ">due</wf>
<wf cmd="tag" pos="NNP">June</wf>
<wf cmd="tag" pos="CD">1</wf>
<punc>,</punc>
<wf cmd="tag" pos="CD">1986</wf>
<punc>,</punc>
<wf cmd="ignore" pos="IN">at</wf>
<wf cmd="tag" pos="CD">100</wf>
<punc>%</punc>
<punc>,</punc>
<wf cmd="ignore" pos="CC">and</wf>
<punc>$</punc>
<wf cmd="tag" pos="CD">60</wf>
<wf cmd="tag" pos="CD">million</wf>
<wf cmd="ignore" pos="IN">of</wf>
<wf cmd="tag" pos="CD">4</wf>
<punc>-</punc>
<wf cmd="tag" pos="CD">1</wf>
<wf cmd="tag" pos="CD">2</wf>
<punc>%</punc>
<wf cmd="tag" pos="JJ">convertible</wf>
<wf cmd="done" pos="VB" lemma="subordinate" wnsn="1" lexsn="2:31:00::">subordinated</wf>
<wf cmd="tag" pos="NNS">debentures</wf>
<wf cmd="tag" pos="JJ">due</wf>
<wf cmd="tag" pos="NNP">June</wf>
<wf cmd="tag" pos="CD">1</wf>
<punc>,</punc>
<wf cmd="tag" pos="CD">1991</wf>
<punc>,</punc>
<wf cmd="ignore" pos="IN">at</wf>
<wf cmd="tag" pos="CD">100</wf>
<punc>%</punc>
<punc>.</punc>
</s>
<s snum="43">
<wf cmd="ignore" pos="DT">The</wf>
<wf cmd="tag" pos="JJ">convertible</wf>
<wf cmd="tag" pos="NNS">debentures</wf>
<wf cmd="done" pos="VB" lemma="be" wnsn="1" lexsn="2:42:03::">are</wf>
<wf cmd="tag" pos="JJ">convertible</wf>
<wf cmd="ignore" pos="IN">into</wf>
<wf cmd="tag" pos="NN">common_shares</wf>
<wf cmd="ignore" pos="IN">at</wf>
<punc>$</punc>
<wf cmd="tag" pos="CD">65</wf>
<wf cmd="ignore" pos="DT">a</wf>
<wf cmd="tag" pos="NN">share</wf>
<wf cmd="ignore" pos="IN">by</wf>
<wf cmd="tag" pos="NNP">June</wf>
<wf cmd="tag" pos="CD">1</wf>
<punc>,</punc>
<wf cmd="tag" pos="CD">1966</wf>
<punc>;</punc>
<punc>$</punc>
<wf cmd="tag" pos="CD">70</wf>
<wf cmd="ignore" pos="IN">by</wf>
<wf cmd="tag" pos="CD">1971</wf>
<punc>;</punc>
<punc>$</punc>
<wf cmd="tag" pos="CD">75</wf>
<wf cmd="ignore" pos="IN">by</wf>
<wf cmd="tag" pos="CD">1976</wf>
<punc>;</punc>
<punc>$</punc>
<wf cmd="tag" pos="CD">80</wf>
<wf cmd="ignore" pos="IN">by</wf>
<wf cmd="tag" pos="CD">1981</wf>
<punc>;</punc>
<punc>$</punc>
<wf cmd="tag" pos="CD">85</wf>
<wf cmd="ignore" pos="IN">by</wf>
<wf cmd="tag" pos="CD">1986</wf>
<punc>,</punc>
<wf cmd="ignore" pos="CC">and</wf>
<punc>$</punc>
<wf cmd="tag" pos="CD">90</wf>
<wf cmd="tag" pos="RB">thereafter</wf>
<punc>.</punc>
</s>
</p>
<p pnum="33">
<s snum="44">
<wf cmd="tag" pos="NN">American_Stock_Exchange</wf>
<wf cmd="tag" pos="NNS">prices</wf>
<wf cmd="done" pos="VB" lemma="enjoy" wnsn="4" lexsn="2:39:00::">enjoyed</wf>
<wf cmd="ignore" pos="DT">a</wf>
<wf cmd="tag" pos="RB">fairly</wf>
<wf cmd="tag" pos="JJ">solid</wf>
<wf cmd="tag" pos="NN">rise</wf>
<wf cmd="ignore" pos="CC">but</wf>
<wf cmd="tag" pos="RB">here</wf>
<wf cmd="tag" pos="RB">also</wf>
<wf cmd="tag" pos="NN">trading</wf>
<wf cmd="done" pos="VB" lemma="dwindle" wnsn="1" lexsn="2:30:00::">dwindled</wf>
<punc>.</punc>
</s>
<s snum="45">
<wf cmd="tag" pos="NN">Volume</wf>
<wf cmd="done" pos="VB" lemma="be" wnsn="2" lexsn="2:42:06::">was</wf>
<wf cmd="tag" pos="CD">1.23</wf>
<wf cmd="tag" pos="CD">million</wf>
<wf cmd="tag" pos="NNS">shares</wf>
<punc>,</punc>
<wf cmd="tag" pos="RB">down</wf>
<wf cmd="ignore" pos="IN">from</wf>
<wf cmd="tag" pos="NNP">Monday</wf>
<wf cmd="ignore" pos="POS">'s</wf>
<wf cmd="tag" pos="CD">1.58</wf>
<wf cmd="tag" pos="CD">million</wf>
<punc>.</punc>
</s>
<s snum="46">
<wf cmd="tag" pos="NNS">Gains</wf>
<wf cmd="ignore" pos="IN">of</wf>
<wf cmd="tag" pos="CD">2</wf>
<punc>-</punc>
<wf cmd="tag" pos="CD">3</wf>
<wf cmd="tag" pos="CD">4</wf>
<wf cmd="done" pos="VBD" ot="notag">were</wf>
<wf cmd="done" pos="VB" lemma="post" wnsn="2" lexsn="2:32:03::">posted</wf>
<wf cmd="ignore" pos="IN">for</wf>
<wf cmd="tag" pos="NNP">Teleprompter</wf>
<wf cmd="ignore" pos="CC">and</wf>
<wf cmd="tag" pos="NNP">Republic_Foil</wf>
<punc>.</punc>
</s>
<s snum="47">
<wf cmd="tag" pos="NNP">Fairchild_Camera</wf>
<wf cmd="ignore" pos="CC">and</wf>
<wf cmd="tag" pos="NNP">Kawecki_Chemical</wf>
<wf cmd="done" pos="VB" lemma="gain" wnsn="6" lexsn="2:30:00::">gained</wf>
<wf cmd="tag" pos="CD">2</wf>
<punc>-</punc>
<wf cmd="tag" pos="CD">1</wf>
<wf cmd="tag" pos="CD">2</wf>
<wf cmd="ignore" pos="DT">each</wf>
<punc>.</punc>
</s>
</p>
<p pnum="34">
<s snum="48">
<wf cmd="ignore" pos="PRP">I</wf>
<wf cmd="done" pos="VB" lemma="buy" wnsn="1" lexsn="2:40:00::">bought</wf>
<wf cmd="tag" pos="CD">50</wf>
<wf cmd="tag" pos="NNS">shares</wf>
<wf cmd="ignore" pos="IN">of</wf>
<wf cmd="tag" pos="NNP">Diversified</wf>
<wf cmd="tag" pos="NN">Growth_Stock</wf>
<wf cmd="tag" pos="NNP">Fund</wf>
<wf cmd="ignore" pos="IN">on</wf>
<wf cmd="tag" pos="NNP">Oct.</wf>
<wf cmd="tag" pos="CD">23</wf>
<punc>,</punc>
<wf cmd="tag" pos="CD">1959</wf>
<punc>,</punc>
<wf cmd="ignore" pos="CC">and</wf>
<wf cmd="tag" pos="CD">50</wf>
<wf cmd="tag" pos="JJR">more</wf>
<wf cmd="tag" pos="NNS">shares</wf>
<wf cmd="ignore" pos="IN">of</wf>
<wf cmd="ignore" pos="DT">the</wf>
<wf cmd="tag" pos="JJ">same</wf>
<wf cmd="tag" pos="NN">mutual_fund</wf>
<wf cmd="ignore" pos="IN">on</wf>
<wf cmd="tag" pos="NNP">Feb.</wf>
<wf cmd="tag" pos="CD">8</wf>
<punc>,</punc>
<wf cmd="tag" pos="CD">1960</wf>
<punc>.</punc>
</s>
<s snum="49">
<wf cmd="tag" pos="NN">Something</wf>
<wf cmd="done" pos="VBZ" ot="notag">has</wf>
<wf cmd="done" pos="VB" lemma="go_wrong" wnsn="1" lexsn="2:41:00::">gone_wrong</wf>
<wf cmd="ignore" pos="DT">some</wf>
<wf cmd="tag" pos="NN">place</wf>
<punc>.</punc>
</s>
<s snum="50">
<wf cmd="ignore" pos="PRP">I</wf>
<wf cmd="done" pos="VBP" ot="notag">am</wf>
<wf cmd="done" pos="VB" lemma="get" wnsn="1" lexsn="2:40:00::">getting</wf>
<wf cmd="tag" pos="NNS">dividends</wf>
<wf cmd="ignore" pos="IN">on</wf>
<wf cmd="tag" pos="RB">only</wf>
<wf cmd="tag" pos="CD">50</wf>
<wf cmd="tag" pos="NNS">shares</wf>
<punc>.</punc>
</s>
<s snum="51">
<wf cmd="tag" pos="RB">In_other_words</wf>
<punc>,</punc>
<wf cmd="ignore" pos="PRP">I</wf>
<wf cmd="done" pos="VBP" ot="notag">am</wf>
<wf cmd="done" pos="VB" lemma="get" wnsn="1" lexsn="2:40:00::">getting</wf>
<wf cmd="tag" pos="RB">only</wf>
<wf cmd="tag" pos="NN">half</wf>
<wf cmd="ignore" pos="DT">the</wf>
<wf cmd="tag" pos="NNS">dividends</wf>
<wf cmd="ignore" pos="PRP">I</wf>
<wf cmd="ignore" pos="MD">should</wf>
<punc>.</punc>
</s>
</p>
<p pnum="35">
<s snum="52">
<wf cmd="done" pos="VB" lemma="write" wnsn="5" lexsn="2:32:01::">Write</wf>
<wf cmd="ignore" pos="TO">to</wf>
<wf cmd="ignore" pos="DT">the</wf>
<wf cmd="tag" pos="NN">fund</wf>
<wf cmd="ignore" pos="POS">'s</wf>
<wf cmd="tag" pos="NN">custodian</wf>
<wf cmd="tag" pos="NN">bank</wf>
<punc>-</punc>
<wf cmd="ignore" pos="DT">the</wf>
<wf cmd="tag" pos="NNP">First</wf>
<wf cmd="tag" pos="NN">National_Bank</wf>
<wf cmd="ignore" pos="IN">of</wf>
<wf cmd="tag" pos="NNP">Jersey_City</wf>
<punc>,</punc>
<wf cmd="tag" pos="NNP">N._J.</wf>
<punc>.</punc>
</s>
<s snum="53">
<wf cmd="ignore" pos="DT">That</wf>
<wf cmd="tag" pos="NN">bank</wf>
<wf cmd="done" pos="VB" lemma="handle" wnsn="1" lexsn="2:41:00::">handles</wf>
<wf cmd="tag" pos="JJ">most_of</wf>
<wf cmd="ignore" pos="DT">the</wf>
<wf cmd="tag" pos="NN">paper</wf>
<wf cmd="tag" pos="NN">work</wf>
<wf cmd="ignore" pos="IN">for</wf>
<wf cmd="tag" pos="NNP">Diversified</wf>
<wf cmd="tag" pos="NN">Growth_Stock</wf>
<wf cmd="tag" pos="NNP">Fund</wf>
<punc>,</punc>
<wf cmd="tag" pos="JJ">Fundamental</wf>
<wf cmd="tag" pos="NNS">Investors</wf>
<punc>,</punc>
<wf cmd="tag" pos="NNP">Diversified_Investment_Fund</wf>
<wf cmd="ignore" pos="CC">and</wf>
<wf cmd="tag" pos="NNP">Television-Electronics_Fund</wf>
<punc>.</punc>
</s>
</p>
<p pnum="36">
<s snum="54">
<wf cmd="ignore" pos="DT">The</wf>
<wf cmd="tag" pos="NN">bank</wf>
<wf cmd="done" pos="VB" lemma="install" wnsn="1" lexsn="2:35:00::">installed</wf>
<wf cmd="ignore" pos="DT">a</wf>
<wf cmd="tag" pos="NN">magnetic_tape</wf>
<wf cmd="tag" pos="NN">electronic_data_processing</wf>
<wf cmd="tag" pos="NN">system</wf>
<wf cmd="ignore" pos="TO">to</wf>
<wf cmd="done" pos="VB" lemma="handle" wnsn="1" lexsn="2:41:00::">handle</wf>
<wf cmd="tag" pos="NNS">things</wf>
<punc>.</punc>
</s>
<s snum="55">
<wf cmd="ignore" pos="CC">But</wf>
<wf cmd="ignore" pos="PRP">it</wf>
<wf cmd="done" pos="VB" lemma="seem" wnsn="2" lexsn="2:39:01::">seems</wf>
<wf cmd="ignore" pos="IN">that</wf>
<wf cmd="ignore" pos="DT">this</wf>
<punc>``</punc>
<wf cmd="tag" pos="JJ">electronic</wf>
<wf cmd="tag" pos="NN">brain</wf>
<punc>''</punc>
<wf cmd="done" pos="VBD" ot="notag">was</wf>
<wf cmd="tag" pos="RB">n't</wf>
<punc>``</punc>
<wf cmd="done" pos="VB" lemma="program" wnsn="2" lexsn="2:36:00::">programmed</wf>
<punc>''</punc>
<wf cmd="tag" pos="RB">correctly</wf>
<punc>.</punc>
</s>
</p>
<p pnum="37">
<s snum="56">
<wf cmd="ignore" pos="DT">This</wf>
<wf cmd="done" pos="VB" lemma="result" wnsn="1" lexsn="2:42:00::">resulted</wf>
<wf cmd="done" pos="VB" ot="notag">in</wf>
<wf cmd="ignore" pos="DT">a</wf>
<wf cmd="tag" pos="JJ">great</wf>
<wf cmd="tag" pos="NN">number</wf>
<wf cmd="ignore" pos="IN">of</wf>
<wf cmd="tag" pos="NNS">errors</wf>
<punc>.</punc>
</s>
<s snum="57">
<wf cmd="ignore" pos="CC">And</wf>
<wf cmd="tag" pos="NNS">letters</wf>
<wf cmd="done" pos="VB" lemma="begin" wnsn="1" lexsn="2:30:00::">began</wf>
<wf cmd="ignore" pos="TO">to</wf>
<wf cmd="done" pos="VB" lemma="come_in" wnsn="2" lexsn="2:38:01::">come_in</wf>
<wf cmd="ignore" pos="TO">to</wf>
<wf cmd="ignore" pos="DT">this</wf>
<wf cmd="tag" pos="NN">column</wf>
<wf cmd="ignore" pos="IN">from</wf>
<wf cmd="tag" pos="JJ">irate</wf>
<wf cmd="tag" pos="NNS">shareholders</wf>
<punc>.</punc>
</s>
</p>
<p pnum="38">
<s snum="58">
<wf cmd="ignore" pos="PRP">I</wf>
<wf cmd="done" pos="VB" lemma="visit" wnsn="4" lexsn="2:38:01::">visited</wf>
<wf cmd="ignore" pos="DT">the</wf>
<wf cmd="tag" pos="NN">bank</wf>
<wf cmd="ignore" pos="IN">in</wf>
<wf cmd="tag" pos="NNP">March</wf>
<wf cmd="ignore" pos="CC">and</wf>
<wf cmd="done" pos="VB" lemma="write" wnsn="3" lexsn="2:36:02::">wrote</wf>
<wf cmd="ignore" pos="DT">a</wf>
<wf cmd="tag" pos="NN">story</wf>
<wf cmd="ignore" pos="IN">about</wf>
<wf cmd="ignore" pos="DT">the</wf>
<wf cmd="tag" pos="NN">situation</wf>
<punc>.</punc>
</s>
<s snum="59">
<wf cmd="tag" pos="RB">At_that_time</wf>
<punc>,</punc>
<wf cmd="ignore" pos="DT">the</wf>
<wf cmd="tag" pos="NNS">people</wf>
<wf cmd="ignore" pos="IN">at</wf>
<wf cmd="ignore" pos="DT">the</wf>
<wf cmd="tag" pos="NN">bank</wf>
<wf cmd="done" pos="VB" lemma="say" wnsn="2" lexsn="2:32:01::">said</wf>
<wf cmd="ignore" pos="PRP">they</wf>
<wf cmd="done" pos="VB" lemma="feel" wnsn="2" lexsn="2:31:00::">felt</wf>
<wf cmd="ignore" pos="IN">that</wf>
<wf cmd="ignore" pos="PRP">they</wf>
<wf cmd="done" pos="VB" lemma="have" wnsn="1" lexsn="2:40:00::">had</wf>
<wf cmd="ignore" pos="DT">the</wf>
<wf cmd="tag" pos="NN">situation</wf>
<wf cmd="tag" pos="RB">in_hand</wf>
<punc>.</punc>
</s>
<s snum="60">
<wf cmd="ignore" pos="PRP">They</wf>
<wf cmd="done" pos="VB" lemma="indicate" wnsn="3" lexsn="2:32:00::">indicated</wf>
<wf cmd="ignore" pos="IN">that</wf>
<wf cmd="ignore" pos="DT">no</wf>
<wf cmd="tag" pos="JJ">new</wf>
<wf cmd="tag" pos="NNS">errors</wf>
<wf cmd="done" pos="VBD" ot="notag">were</wf>
<wf cmd="done" pos="VBG" ot="notag">being</wf>
<wf cmd="done" pos="VB" lemma="make" wnsn="3" lexsn="2:36:00::">made</wf>
<wf cmd="ignore" pos="CC">and</wf>
<wf cmd="ignore" pos="IN">that</wf>
<wf cmd="ignore" pos="DT">all</wf>
<wf cmd="tag" pos="JJ">old</wf>
<wf cmd="tag" pos="NNS">errors</wf>
<wf cmd="ignore" pos="MD">would</wf>
<wf cmd="done" pos="VB" ot="notag">be</wf>
<wf cmd="done" pos="VB" lemma="correct" wnsn="1" lexsn="2:30:00::">corrected</wf>
<punc>``</punc>
<wf cmd="ignore" pos="IN">within</wf>
<wf cmd="tag" pos="CD">60</wf>
<wf cmd="tag" pos="NNS">days</wf>
<punc>''</punc>
<punc>.</punc>
</s>
</p>
<p pnum="39">
<s snum="61">
<wf cmd="ignore" pos="DT">That</wf>
<wf cmd="tag" pos="CD">60</wf>
<punc>-</punc>
<wf cmd="tag" pos="NN">day</wf>
<wf cmd="tag" pos="NN">period</wf>
<wf cmd="done" pos="VB" lemma="be" wnsn="1" lexsn="2:42:03::">is</wf>
<wf cmd="tag" pos="RB">over</wf>
<wf cmd="ignore" pos="CC">and</wf>
<wf cmd="tag" pos="NNS">letters</wf>
<wf cmd="done" pos="VBP" ot="notag">are</wf>
<wf cmd="tag" pos="RB">still</wf>
<wf cmd="done" pos="VB" lemma="come_in" wnsn="2" lexsn="2:38:01::">coming_in</wf>
<wf cmd="ignore" pos="IN">from</wf>
<wf cmd="tag" pos="NNS">shareholders</wf>
<wf cmd="ignore" pos="IN">of</wf>
<wf cmd="ignore" pos="DT">these</wf>
<wf cmd="tag" pos="CD">four</wf>
<wf cmd="tag" pos="NNS">funds</wf>
<punc>,</punc>
<wf cmd="done" pos="VB" lemma="complain" wnsn="1" lexsn="2:32:00::">complaining</wf>
<wf cmd="done" pos="VB" ot="notag">about</wf>
<wf cmd="tag" pos="NNS">mistakes</wf>
<wf cmd="ignore" pos="IN">in</wf>
<wf cmd="ignore" pos="PRP$">their</wf>
<wf cmd="tag" pos="NNS">accounts</wf>
<punc>.</punc>
</s>
</p>
<p pnum="40">
<s snum="62">
<wf cmd="tag" pos="RB">Maybe</wf>
<wf cmd="ignore" pos="PRP">it</wf>
<wf cmd="done" pos="VBZ" ot="notag">'s</wf>
<wf cmd="done" pos="VB" lemma="take" wnsn="2" lexsn="2:40:06::">taking</wf>
<wf cmd="tag" pos="RB">longer</wf>
<wf cmd="ignore" pos="TO">to</wf>
<wf cmd="done" pos="VB" lemma="get" wnsn="3" lexsn="2:30:02::">get</wf>
<wf cmd="tag" pos="NNS">things</wf>
<wf cmd="done" pos="VB" lemma="square_away" wnsn="1" lexsn="2:30:00::">squared_away</wf>
<wf cmd="ignore" pos="IN">than</wf>
<wf cmd="ignore" pos="DT">the</wf>
<wf cmd="tag" pos="NNS">bankers</wf>
<wf cmd="done" pos="VB" lemma="expect" wnsn="1" lexsn="2:31:00::">expected</wf>
<punc>.</punc>
</s>
<s snum="63">
<wf cmd="ignore" pos="DT">Any</wf>
<wf cmd="tag" pos="NN">shareholder</wf>
<wf cmd="ignore" pos="IN">of</wf>
<wf cmd="ignore" pos="DT">any</wf>
<wf cmd="ignore" pos="IN">of</wf>
<wf cmd="ignore" pos="DT">these</wf>
<wf cmd="tag" pos="NNS">funds</wf>
<wf cmd="ignore" pos="WP">who</wf>
<wf cmd="done" pos="VB" lemma="find" wnsn="2" lexsn="2:39:02::">finds</wf>
<wf cmd="ignore" pos="DT">a</wf>
<wf cmd="tag" pos="NN">mistake</wf>
<wf cmd="ignore" pos="IN">in</wf>
<wf cmd="ignore" pos="PRP$">his</wf>
<wf cmd="tag" pos="NN">account</wf>
<wf cmd="tag" pos="RB">certainly</wf>
<wf cmd="ignore" pos="MD">should</wf>
<wf cmd="done" pos="VB" lemma="get_in_touch" wnsn="1" lexsn="2:41:00::">get_in_touch</wf>
<wf cmd="ignore" pos="IN">with</wf>
<wf cmd="ignore" pos="DT">the</wf>
<wf cmd="tag" pos="NN">bank</wf>
<punc>.</punc>
</s>
</p>
<p pnum="41">
<s snum="64">
<wf cmd="tag" pos="NNP">Doyle</wf>
<wf cmd="ignore" pos="MD">cannot</wf>
<wf cmd="done" pos="VB" lemma="undertake" wnsn="3" lexsn="2:32:00::">undertake</wf>
<wf cmd="ignore" pos="TO">to</wf>
<wf cmd="done" pos="VB" lemma="reply" wnsn="1" lexsn="2:32:00::">reply</wf>
<wf cmd="ignore" pos="TO">to</wf>
<wf cmd="tag" pos="NNS">inquiries</wf>
<punc>.</punc>
</s>
<s snum="65">
<wf cmd="ignore" pos="PRP">He</wf>
<wf cmd="done" pos="VB" lemma="select" wnsn="1" lexsn="2:31:00::">selects</wf>
<wf cmd="tag" pos="NNS">queries</wf>
<wf cmd="ignore" pos="CC">or</wf>
<wf cmd="tag" pos="JJ">general</wf>
<wf cmd="tag" pos="NN">interest</wf>
<wf cmd="ignore" pos="TO">to</wf>
<wf cmd="done" pos="VB" lemma="answer" wnsn="1" lexsn="2:32:00::">answer</wf>
<punc>.</punc>
</s>
</p>
<p pnum="42">
<s snum="66">
<wf cmd="tag" pos="NNP">Alfred_Hayes</wf>
<punc>,</punc>
<wf cmd="tag" pos="NN">president</wf>
<wf cmd="ignore" pos="IN">of</wf>
<wf cmd="ignore" pos="DT">the</wf>
<wf cmd="tag" pos="NN">Federal_Reserve_Bank</wf>
<wf cmd="ignore" pos="IN">of</wf>
<wf cmd="tag" pos="NN">New_York</wf>
<punc>,</punc>
<wf cmd="done" pos="VB" lemma="say" wnsn="2" lexsn="2:32:01::">said</wf>
<wf cmd="tag" pos="NNP">Tuesday</wf>
<punc>``</punc>
<wf cmd="ignore" pos="EX">there</wf>
<wf cmd="done" pos="VB" lemma="be" wnsn="4" lexsn="2:42:00::">is</wf>
<wf cmd="ignore" pos="DT">no</wf>
<wf cmd="tag" pos="JJ">present</wf>
<wf cmd="tag" pos="NN">need</wf>
<wf cmd="ignore" pos="IN">for</wf>
<wf cmd="tag" pos="JJ">far-reaching</wf>
<wf cmd="tag" pos="NNS">reforms</wf>
<punc>''</punc>
<wf cmd="ignore" pos="WDT">which</wf>
<wf cmd="ignore" pos="MD">would</wf>
<wf cmd="tag" pos="RB">basically</wf>
<wf cmd="done" pos="VB" lemma="alter" wnsn="1" lexsn="2:30:01::">alter</wf>
<wf cmd="ignore" pos="DT">the</wf>
<wf cmd="tag" pos="JJ">international</wf>
<wf cmd="tag" pos="JJ">financial</wf>
<wf cmd="tag" pos="NN">system</wf>
<punc>.</punc>
</s>
</p>
<p pnum="43">
<s snum="67">
<wf cmd="tag" pos="NNP">Hayes</wf>
<wf cmd="done" pos="VB" lemma="say" wnsn="2" lexsn="2:32:01::">said</wf>
<wf cmd="ignore" pos="IN">that</wf>
<wf cmd="ignore" pos="IN">if</wf>
<wf cmd="ignore" pos="DT">a</wf>
<wf cmd="tag" pos="NN">way</wf>
<wf cmd="ignore" pos="MD">can</wf>
<wf cmd="done" pos="VB" ot="notag">be</wf>
<wf cmd="done" pos="VB" lemma="find" wnsn="4" lexsn="2:32:00::">found</wf>
<wf cmd="ignore" pos="TO">to</wf>
<wf cmd="done" pos="VB" lemma="deal" wnsn="4" lexsn="2:41:00::">deal</wf>
<wf cmd="tag" pos="RB">effectively</wf>
<wf cmd="ignore" pos="IN">with</wf>
<wf cmd="tag" pos="JJ">short-term</wf>
<wf cmd="tag" pos="NN">capital</wf>
<wf cmd="tag" pos="NNS">movements</wf>
<wf cmd="ignore" pos="IN">between</wf>
<wf cmd="tag" pos="NNS">nations</wf>
<punc>,</punc>
<punc>``</punc>
<wf cmd="ignore" pos="EX">there</wf>
<wf cmd="done" pos="VB" lemma="be" wnsn="4" lexsn="2:42:00::">is</wf>
<wf cmd="ignore" pos="DT">no</wf>
<wf cmd="tag" pos="NN">reason</wf>
<punc>,</punc>
<wf cmd="ignore" pos="IN">in</wf>
<wf cmd="ignore" pos="PRP$">my</wf>
<wf cmd="tag" pos="NN">judgment</wf>
<wf cmd="ignore" pos="WRB">why</wf>
<wf cmd="ignore" pos="DT">the</wf>
<wf cmd="tag" pos="JJ">international</wf>
<wf cmd="tag" pos="JJ">financial</wf>
<wf cmd="tag" pos="NN">system</wf>
<wf cmd="ignore" pos="MD">cannot</wf>
<wf cmd="done" pos="VB" lemma="work" wnsn="3" lexsn="2:41:03::">work</wf>
<wf cmd="tag" pos="RB">satisfactorily</wf>
<wf cmd="ignore" pos="IN">for</wf>
<wf cmd="tag" pos="RB">at_least</wf>
<wf cmd="ignore" pos="DT">the</wf>
<wf cmd="tag" pos="JJ">foreseeable</wf>
<wf cmd="tag" pos="NN">future</wf>
<punc>''</punc>
<punc>.</punc>
</s>
</p>
<p pnum="44">
<s snum="68">
<wf cmd="tag" pos="NN">New_York</wf>
<wf cmd="tag" pos="NNP">Central_Railroad</wf>
<wf cmd="tag" pos="NN">president</wf>
<wf cmd="tag" pos="NNP">Alfred_E._Perlman</wf>
<wf cmd="done" pos="VB" lemma="say" wnsn="2" lexsn="2:32:01::">said</wf>
<wf cmd="tag" pos="NNP">Tuesday</wf>
<wf cmd="ignore" pos="PRP$">his</wf>
<wf cmd="tag" pos="NN">line</wf>
<wf cmd="ignore" pos="MD">would</wf>
<wf cmd="done" pos="VB" lemma="face" wnsn="1" lexsn="2:32:00::">face</wf>
<wf cmd="ignore" pos="DT">the</wf>
<wf cmd="tag" pos="NN">threat</wf>
<wf cmd="ignore" pos="IN">of</wf>
<wf cmd="tag" pos="NN">bankruptcy</wf>
<wf cmd="ignore" pos="IN">if</wf>
<wf cmd="ignore" pos="DT">the</wf>
<wf cmd="tag" pos="NNP">Chesapeake</wf>
<punc>+</punc>
<wf cmd="tag" pos="NNP">Ohio</wf>
<wf cmd="ignore" pos="CC">and</wf>
<wf cmd="tag" pos="NNP">Baltimore</wf>
<punc>+</punc>
<wf cmd="tag" pos="NNP">Ohio</wf>
<wf cmd="tag" pos="NNPS">Railroads</wf>
<wf cmd="done" pos="VB" lemma="merge" wnsn="1" lexsn="2:30:00::">merge</wf>
<punc>.</punc>
</s>
</p>
<p pnum="45">
<s snum="69">
<wf cmd="tag" pos="NNP">Perlman</wf>
<wf cmd="done" pos="VB" lemma="say" wnsn="2" lexsn="2:32:01::">said</wf>
<wf cmd="tag" pos="NN">bankruptcy</wf>
<wf cmd="ignore" pos="MD">would</wf>
<wf cmd="tag" pos="RB">not</wf>
<wf cmd="done" pos="VB" lemma="be" wnsn="2" lexsn="2:42:06::">be</wf>
<wf cmd="ignore" pos="DT">an</wf>
<wf cmd="tag" pos="JJ">immediate</wf>
<wf cmd="tag" pos="NN">effect</wf>
<wf cmd="ignore" pos="IN">of</wf>
<wf cmd="ignore" pos="DT">the</wf>
<wf cmd="tag" pos="NN">merger</wf>
<punc>,</punc>
<wf cmd="ignore" pos="CC">but</wf>
<wf cmd="ignore" pos="MD">could</wf>
<wf cmd="tag" pos="RB">possibly</wf>
<wf cmd="done" pos="VB" lemma="be" wnsn="2" lexsn="2:42:06::">be</wf>
<wf cmd="ignore" pos="DT">an</wf>
<wf cmd="tag" pos="JJ">ultimate</wf>
<wf cmd="tag" pos="NN">effect</wf>
<punc>.</punc>
</s>
</p>
<p pnum="46">
<s snum="70">
<wf cmd="ignore" pos="DT">The</wf>
<wf cmd="tag" pos="NN">railroad</wf>
<wf cmd="tag" pos="NN">president</wf>
<wf cmd="done" pos="VB" lemma="make" wnsn="3" lexsn="2:36:00::">made</wf>
<wf cmd="ignore" pos="DT">the</wf>
<wf cmd="tag" pos="NN">statement</wf>
<wf cmd="ignore" pos="IN">in</wf>
<wf cmd="ignore" pos="DT">an</wf>
<wf cmd="tag" pos="NN">interview</wf>
<wf cmd="ignore" pos="IN">as</wf>
<wf cmd="ignore" pos="DT">the</wf>
<wf cmd="tag" pos="NNP">Interstate_Commerce_Commission</wf>
<wf cmd="done" pos="VB" lemma="open" wnsn="4" lexsn="2:41:01::">opened</wf>
<wf cmd="tag" pos="NNP">Round</wf>
<wf cmd="tag" pos="CD">2</wf>
<wf cmd="ignore" pos="IN">of</wf>
<wf cmd="ignore" pos="PRP$">its</wf>
<wf cmd="tag" pos="NN">hearing</wf>
<wf cmd="ignore" pos="IN">into</wf>
<wf cmd="ignore" pos="DT">the</wf>
<wf cmd="tag" pos="NN">C</wf>
<punc>+</punc>
<wf cmd="tag" pos="NNP">O</wf>
<wf cmd="ignore" pos="POS">'s</wf>
<wf cmd="tag" pos="NN">request</wf>
<wf cmd="ignore" pos="TO">to</wf>
<wf cmd="done" pos="VB" lemma="control" wnsn="1" lexsn="2:41:00::">control</wf>
<wf cmd="tag" pos="RB">and_then</wf>
<wf cmd="done" pos="VB" lemma="merge" wnsn="1" lexsn="2:30:00::">merge</wf>
<wf cmd="done" pos="VB" ot="notag">with</wf>
<wf cmd="ignore" pos="DT">the</wf>
<wf cmd="tag" pos="NNP">B</wf>
<punc>+</punc>
<wf cmd="tag" pos="NNP">O</wf>
<punc>.</punc>
</s>
</p>
<p pnum="47">
<s snum="71">
<punc>``</punc>
<wf cmd="ignore" pos="DT">All</wf>
<wf cmd="ignore" pos="DT">these</wf>
<wf cmd="tag" pos="RB">kind_of</wf>
<wf cmd="tag" pos="NNS">things</wf>
<wf cmd="done" pos="VB" lemma="weaken" wnsn="3" lexsn="2:41:00::">weaken</wf>
<wf cmd="ignore" pos="PRP">us</wf>
<punc>''</punc>
<punc>,</punc>
<wf cmd="tag" pos="NNP">Perlman</wf>
<wf cmd="done" pos="VB" lemma="say" wnsn="2" lexsn="2:32:01::">said</wf>
<punc>.</punc>
</s>
</p>
<p pnum="48">
<s snum="72">
<wf cmd="tag" pos="NNP">Board_Chairman_Howard_Simpson</wf>
<wf cmd="ignore" pos="IN">of</wf>
<wf cmd="ignore" pos="DT">the</wf>
<wf cmd="tag" pos="NNP">Baltimore</wf>
<punc>+</punc>
<wf cmd="tag" pos="NNP">Ohio_Railroad_Co.</wf>
<punc>,</punc>
<wf cmd="done" pos="VB" lemma="testify" wnsn="1" lexsn="2:32:01::">testified</wf>
<wf cmd="ignore" pos="DT">the</wf>
<wf cmd="tag" pos="NNP">B</wf>
<punc>+</punc>
<wf cmd="tag" pos="NNP">O</wf>
<wf cmd="done" pos="VB" lemma="be" wnsn="1" lexsn="2:42:03::">was</wf>
<wf cmd="ignore" pos="IN">in</wf>
<wf cmd="ignore" pos="PRP$">its</wf>
<wf cmd="tag" pos="JJS">worst</wf>
<wf cmd="tag" pos="NN">financial_condition</wf>
<wf cmd="ignore" pos="IN">since</wf>
<wf cmd="ignore" pos="DT">the</wf>
<wf cmd="tag" pos="NN">depression</wf>
<wf cmd="tag" pos="NNS">years</wf>
<wf cmd="ignore" pos="CC">and</wf>
<wf cmd="tag" pos="RB">badly</wf>
<wf cmd="done" pos="VB" lemma="need" wnsn="1" lexsn="2:42:00::">needed</wf>
<wf cmd="ignore" pos="DT">the</wf>
<wf cmd="tag" pos="JJ">economic</wf>
<wf cmd="tag" pos="NN">lift</wf>
<wf cmd="ignore" pos="PRP">it</wf>
<wf cmd="ignore" pos="MD">would</wf>
<wf cmd="done" pos="VB" lemma="get" wnsn="4" lexsn="2:30:03::">get</wf>
<wf cmd="ignore" pos="IN">from</wf>
<wf cmd="tag" pos="NN">consolidation</wf>
<wf cmd="ignore" pos="IN">with</wf>
<wf cmd="ignore" pos="DT">the</wf>
<wf cmd="tag" pos="NNP">Chesapeake</wf>
<punc>+</punc>
<wf cmd="tag" pos="NNP">Ohio_Railroad</wf>
<punc>.</punc>
</s>
</p>
<p pnum="49">
<s snum="73">
<punc>``</punc>
<wf cmd="ignore" pos="DT">The</wf>
<wf cmd="tag" pos="JJ">financial</wf>
<wf cmd="tag" pos="NN">situation</wf>
<wf cmd="ignore" pos="IN">of</wf>
<wf cmd="ignore" pos="DT">the</wf>
<wf cmd="tag" pos="NNP">Baltimore</wf>
<punc>+</punc>
<wf cmd="tag" pos="NNP">Ohio</wf>
<punc>,</punc>
<wf cmd="done" pos="VBZ" ot="notag">has</wf>
<wf cmd="done" pos="VB" lemma="become" wnsn="1" lexsn="2:30:00::">become</wf>
<wf cmd="tag" pos="JJ">precarious</wf>
<punc>-</punc>
<wf cmd="tag" pos="JJ">much</wf>
<wf cmd="tag" pos="RBR">worse</wf>
<wf cmd="ignore" pos="IN">than</wf>
<wf cmd="tag" pos="RB">at_any_time</wf>
<wf cmd="ignore" pos="IN">since</wf>
<wf cmd="ignore" pos="DT">the</wf>
<wf cmd="tag" pos="NN">depression</wf>
<wf cmd="ignore" pos="IN">of</wf>
<wf cmd="ignore" pos="DT">the</wf>
<wf cmd="tag" pos="CD">1930</wf>
<wf cmd="ignore" pos="PRP">s</wf>
<punc>''</punc>
<punc>,</punc>
<wf cmd="ignore" pos="PRP">he</wf>
<wf cmd="done" pos="VB" lemma="tell" wnsn="2" lexsn="2:32:00::">told</wf>
<wf cmd="ignore" pos="DT">the</wf>
<wf cmd="tag" pos="NN">hearing</wf>
<punc>.</punc>
</s>
</p>
<p pnum="50">
<s snum="74">
<wf cmd="tag" pos="NN">C</wf>
<punc>+</punc>
<wf cmd="tag" pos="NNP">O</wf>
<wf cmd="tag" pos="NN">president</wf>
<wf cmd="tag" pos="NNP">Walter_J._Tuohy</wf>
<wf cmd="done" pos="VBD" ot="notag">was</wf>
<wf cmd="done" pos="VB" lemma="summon" wnsn="1" lexsn="2:32:00::">summoned</wf>
<wf cmd="tag" pos="RB">back</wf>
<wf cmd="ignore" pos="IN">for</wf>
<wf cmd="tag" pos="NN">cross-examination</wf>
<wf cmd="ignore" pos="IN">by</wf>
<wf cmd="tag" pos="NN">New_York</wf>
<wf cmd="tag" pos="NNP">Central</wf>
<wf cmd="tag" pos="NNS">attorneys</wf>
<wf cmd="ignore" pos="IN">before</wf>
<wf cmd="tag" pos="NN">examiner</wf>
<wf cmd="tag" pos="NNP">John_Bradford</wf>
<wf cmd="ignore" pos="WP">who</wf>
<wf cmd="done" pos="VBZ" ot="notag">is</wf>
<wf cmd="done" pos="VB" lemma="hear" wnsn="3" lexsn="2:41:00::">hearing</wf>
<wf cmd="ignore" pos="DT">the</wf>
<wf cmd="tag" pos="JJ">complex</wf>
<wf cmd="tag" pos="NN">case</wf>
<punc>.</punc>
</s>
</p>
<p pnum="51">
<s snum="75">
<wf cmd="ignore" pos="DT">The</wf>
<wf cmd="tag" pos="NN">New_York</wf>
<wf cmd="tag" pos="NNP">Central</wf>
<wf cmd="tag" pos="RB">also</wf>
<wf cmd="done" pos="VBZ" ot="notag">has</wf>
<wf cmd="done" pos="VB" lemma="ask" wnsn="2" lexsn="2:32:01::">asked</wf>
<wf cmd="ignore" pos="DT">the</wf>
<wf cmd="tag" pos="NNP">ICC</wf>
<wf cmd="ignore" pos="TO">to</wf>
<wf cmd="done" pos="VB" lemma="permit" wnsn="1" lexsn="2:32:00::">permit</wf>
<wf cmd="ignore" pos="PRP">it</wf>
<wf cmd="ignore" pos="TO">to</wf>
<wf cmd="done" pos="VB" lemma="gain" wnsn="1" lexsn="2:40:03::">gain</wf>
<wf cmd="tag" pos="NN">control</wf>
<wf cmd="ignore" pos="IN">of</wf>
<wf cmd="ignore" pos="DT">the</wf>
<wf cmd="tag" pos="NNP">B</wf>
<punc>+</punc>
<wf cmd="tag" pos="NNP">O</wf>
<punc>.</punc>
</s>
</p>
<p pnum="52">
<s snum="76">
<wf cmd="tag" pos="NNP">Central</wf>
<wf cmd="done" pos="VBD" ot="notag">was</wf>
<wf cmd="done" pos="VB" lemma="rebuff" wnsn="1" lexsn="2:32:00::">rebuffed</wf>
<wf cmd="ignore" pos="IN">by</wf>
<wf cmd="ignore" pos="DT">the</wf>
<wf cmd="tag" pos="JJ">other</wf>
<wf cmd="tag" pos="CD">two</wf>
<wf cmd="tag" pos="NNS">railroads</wf>
<wf cmd="ignore" pos="IN">in</wf>
<wf cmd="tag" pos="JJ">previous</wf>
<wf cmd="tag" pos="NNS">attempts</wf>
<wf cmd="ignore" pos="TO">to</wf>
<wf cmd="done" pos="VB" lemma="make" wnsn="2" lexsn="2:30:00::">make</wf>
<wf cmd="done" pos="VB" ot="notag">it</wf>
<wf cmd="ignore" pos="DT">a</wf>
<wf cmd="tag" pos="JJ">three-way</wf>
<wf cmd="tag" pos="NN">merger</wf>
<punc>.</punc>
</s>
<s snum="77">
<wf cmd="ignore" pos="DT">The</wf>
<wf cmd="tag" pos="JJ">proposed</wf>
<wf cmd="tag" pos="NN">C</wf>
<punc>+</punc>
<wf cmd="tag" pos="NNP">O</wf>
<punc>-</punc>
<wf cmd="tag" pos="NNP">B</wf>
<punc>+</punc>
<wf cmd="tag" pos="NNP">O</wf>
<wf cmd="tag" pos="NN">railroad</wf>
<wf cmd="ignore" pos="MD">would</wf>
<wf cmd="done" pos="VB" lemma="make" wnsn="2" lexsn="2:30:00::">make</wf>
<wf cmd="done" pos="VB" ot="notag">it</wf>
<wf cmd="ignore" pos="DT">the</wf>
<wf cmd="tag" pos="NN">hemisphere</wf>
<wf cmd="ignore" pos="POS">'s</wf>
<wf cmd="tag" pos="JJ">second</wf>
<wf cmd="tag" pos="JJS">largest</wf>
<punc>.</punc>
</s>
</p>
<p pnum="53">
<s snum="78">
<wf cmd="ignore" pos="DT">The</wf>
<wf cmd="tag" pos="NN">government</wf>
<wf cmd="ignore" pos="POS">'s</wf>
<wf cmd="tag" pos="JJ">short-term</wf>
<wf cmd="tag" pos="NN">borrowing_costs</wf>
<wf cmd="done" pos="VB" lemma="rise" wnsn="2" lexsn="2:30:00::">rose</wf>
<wf cmd="ignore" pos="IN">with</wf>
<wf cmd="tag" pos="NNP">Tuesday</wf>
<wf cmd="tag" pos="JJ">weekly</wf>
<wf cmd="tag" pos="NN">offering</wf>
<wf cmd="ignore" pos="IN">of</wf>
<wf cmd="tag" pos="NN">Treasury_bills</wf>
<punc>.</punc>
</s>
<s snum="79">
<wf cmd="ignore" pos="IN">On</wf>
<punc>$</punc>
<wf cmd="tag" pos="CD">1.1</wf>
<wf cmd="tag" pos="CD">billion</wf>
<wf cmd="ignore" pos="IN">of</wf>
<wf cmd="tag" pos="CD">90</wf>
<punc>-</punc>
<wf cmd="tag" pos="NN">day</wf>
<wf cmd="tag" pos="NNS">bills</wf>
<punc>,</punc>
<wf cmd="ignore" pos="DT">the</wf>
<wf cmd="tag" pos="JJ">average</wf>
<wf cmd="tag" pos="NN">yield</wf>
<wf cmd="done" pos="VB" lemma="be" wnsn="7" lexsn="2:42:02::">was</wf>
<wf cmd="tag" pos="CD">2.325</wf>
<punc>%</punc>
<punc>.</punc>
</s>
<s snum="80">
<wf cmd="ignore" pos="DT">The</wf>
<wf cmd="tag" pos="NN">rate</wf>
<wf cmd="ignore" pos="DT">a</wf>
<wf cmd="tag" pos="NN">week</wf>
<wf cmd="tag" pos="RB">ago</wf>
<wf cmd="done" pos="VB" lemma="be" wnsn="7" lexsn="2:42:02::">was</wf>
<wf cmd="tag" pos="CD">2.295</wf>
<punc>%</punc>
<punc>.</punc>
</s>
</p>
<p pnum="54">
<s snum="81">
<punc>``</punc>
<wf cmd="tag" pos="NN">Consumer</wf>
<wf cmd="tag" pos="JJ">uncertain</wf>
<wf cmd="ignore" pos="IN">about</wf>
<wf cmd="tag" pos="NN">economic_conditions</wf>
<punc>''</punc>
<punc>.</punc>
</s>
</p>
<p pnum="55">
<s snum="82">
<wf cmd="ignore" pos="DT">This</wf>
<wf cmd="done" pos="VB" lemma="be" wnsn="2" lexsn="2:42:06::">was</wf>
<wf cmd="ignore" pos="DT">the</wf>
<wf cmd="tag" pos="JJ">chief</wf>
<wf cmd="tag" pos="NN">reason</wf>
<wf cmd="ignore" pos="IN">for</wf>
<wf cmd="ignore" pos="DT">a</wf>
<wf cmd="tag" pos="JJ">so-so</wf>
<wf cmd="tag" pos="NNS">sales</wf>
<wf cmd="tag" pos="NN">outlook</wf>
<wf cmd="done" pos="VB" lemma="give" wnsn="4" lexsn="2:40:07::">given</wf>
<wf cmd="ignore" pos="IN">by</wf>
<wf cmd="tag" pos="NNS">two-thirds</wf>
<wf cmd="ignore" pos="IN">of</wf>
<wf cmd="tag" pos="CD">56</wf>
<wf cmd="tag" pos="NNS">builders</wf>
<wf cmd="done" pos="VB" lemma="poll" wnsn="1" lexsn="2:41:00::">polled</wf>
<wf cmd="ignore" pos="IN">by</wf>
<wf cmd="ignore" pos="DT">the</wf>
<wf cmd="tag" pos="NNP">National_Housing_Center</wf>
<punc>.</punc>
</s>
</p>
<p pnum="56">
<s snum="83">
<wf cmd="tag" pos="JJ">Other</wf>
<wf cmd="tag" pos="NNS">reasons</wf>
<wf cmd="done" pos="VB" lemma="mention" wnsn="1" lexsn="2:32:02::">mentioned</wf>
<wf cmd="ignore" pos="IN">by</wf>
<wf cmd="tag" pos="NN">one-third</wf>
<wf cmd="ignore" pos="CC">or</wf>
<wf cmd="tag" pos="JJR">more</wf>
<wf cmd="ignore" pos="IN">of</wf>
<wf cmd="ignore" pos="DT">the</wf>
<wf cmd="tag" pos="NNS">builders</wf>
<wf cmd="done" pos="VB" lemma="be" wnsn="2" lexsn="2:42:06::">were</wf>
<punc>``</punc>
<wf cmd="tag" pos="NN">resistance</wf>
<wf cmd="ignore" pos="TO">to</wf>
<wf cmd="tag" pos="JJ">high</wf>
<wf cmd="tag" pos="NN">interest_rates</wf>
<punc>,</punc>
<wf cmd="tag" pos="NN">cost</wf>
<wf cmd="tag" pos="NN">advantage</wf>
<wf cmd="ignore" pos="IN">of</wf>
<wf cmd="done" pos="VB" lemma="buy" wnsn="1" lexsn="2:40:00::">buying</wf>
<wf cmd="ignore" pos="IN">over</wf>
<wf cmd="done" pos="VB" lemma="rent" wnsn="1" lexsn="2:41:01::">renting</wf>
<wf cmd="done" pos="VBZ" ot="notag">has</wf>
<wf cmd="done" pos="VB" lemma="narrow" wnsn="1" lexsn="2:30:00::">narrowed</wf>
<punc>,</punc>
<wf cmd="tag" pos="NN">shelter</wf>
<wf cmd="tag" pos="NN">market</wf>
<wf cmd="done" pos="VB" lemma="near" wnsn="1" lexsn="2:38:00::">nearing</wf>
<wf cmd="tag" pos="NN">saturation</wf>
<wf cmd="ignore" pos="CC">and</wf>
<wf cmd="tag" pos="NNS">prospects</wf>
<wf cmd="tag" pos="JJ">unable</wf>
<wf cmd="ignore" pos="TO">to</wf>
<wf cmd="done" pos="VB" lemma="qualify" wnsn="1" lexsn="2:42:00::">qualify</wf>
<punc>''</punc>
<punc>.</punc>
</s>
</p>
<p pnum="57">
<s snum="84">
<wf cmd="ignore" pos="DT">The</wf>
<wf cmd="tag" pos="NN">poll</wf>
<wf cmd="done" pos="VBD" ot="notag">was</wf>
<wf cmd="done" pos="VBN" ot="notag">taken</wf>
<wf cmd="ignore" pos="IN">at</wf>
<wf cmd="ignore" pos="DT">the</wf>
<wf cmd="tag" pos="NNP">Center</wf>
<wf cmd="ignore" pos="POS">'s</wf>
<wf cmd="tag" pos="JJ">annual</wf>
<wf cmd="tag" pos="NNS">builders</wf>
<punc>'</punc>
<wf cmd="tag" pos="NNS">intentions</wf>
<wf cmd="tag" pos="NN">conference</wf>
<punc>.</punc>
</s>
<s snum="85">
<wf cmd="ignore" pos="PRP">It</wf>
<wf cmd="done" pos="VB" lemma="disclose" wnsn="1" lexsn="2:32:00::">disclosed</wf>
<wf cmd="ignore" pos="IN">that</wf>
<wf cmd="ignore" pos="DT">the</wf>
<wf cmd="tag" pos="NNS">builders</wf>
<punc>:</punc>
</s>
</p>
<p pnum="58">
<s snum="86">
<wf cmd="done" pos="VB" lemma="expect" wnsn="1" lexsn="2:31:00::">Expect</wf>
<wf cmd="ignore" pos="PRP$">their</wf>
<wf cmd="tag" pos="JJ">own</wf>
<wf cmd="tag" pos="NN">production</wf>
<wf cmd="tag" pos="NN">volume</wf>
<punc>,</punc>
<wf cmd="ignore" pos="CC">and</wf>
<wf cmd="tag" pos="RB">presumably</wf>
<wf cmd="tag" pos="NNS">sales</wf>
<punc>,</punc>
<wf cmd="ignore" pos="TO">to</wf>
<wf cmd="done" pos="VB" lemma="jump" wnsn="4" lexsn="2:30:00::">jump</wf>
<wf cmd="tag" pos="CD">30</wf>
<wf cmd="tag" pos="NN">percent</wf>
<wf cmd="ignore" pos="IN">in</wf>
<wf cmd="tag" pos="CD">1961</wf>
<punc>.</punc>
</s>
</p>
<p pnum="59">
<s snum="87">
<wf cmd="done" pos="VB" lemma="look_for" wnsn="2" lexsn="2:37:00::">Look_for</wf>
<wf cmd="tag" pos="NN">home</wf>
<wf cmd="tag" pos="NN">building</wf>
<wf cmd="tag" pos="RB">nationally</wf>
<wf cmd="ignore" pos="TO">to</wf>
<wf cmd="done" pos="VB" lemma="advance" wnsn="6" lexsn="2:33:00::">advance</wf>
<wf cmd="tag" pos="RB">less_than</wf>
<wf cmd="tag" pos="CD">10</wf>
<wf cmd="tag" pos="NN">percent</wf>
<wf cmd="ignore" pos="DT">this</wf>
<wf cmd="tag" pos="NN">year</wf>
<wf cmd="ignore" pos="IN">from</wf>
<wf cmd="tag" pos="CD">1960</wf>
<wf cmd="ignore" pos="POS">'s</wf>
<wf cmd="tag" pos="CD">1257700</wf>
<wf cmd="tag" pos="CD">0</wf>
<wf cmd="tag" pos="JJ">non-farm</wf>
<wf cmd="tag" pos="NN">housing</wf>
<wf cmd="tag" pos="NN">starts</wf>
<punc>.</punc>
</s>
<s snum="88">
<wf cmd="ignore" pos="DT">The</wf>
<wf cmd="tag" pos="NN">industry</wf>
<wf cmd="done" pos="VBZ" ot="notag">has</wf>
<wf cmd="done" pos="VB" lemma="say" wnsn="2" lexsn="2:32:01::">said</wf>
<wf cmd="tag" pos="CD">1960</wf>
<wf cmd="done" pos="VB" lemma="be" wnsn="1" lexsn="2:42:03::">was</wf>
<wf cmd="ignore" pos="DT">a</wf>
<wf cmd="tag" pos="JJ">poor</wf>
<wf cmd="tag" pos="NN">year</wf>
<punc>.</punc>
</s>
<s snum="89">
<wf cmd="tag" pos="NN">Starts</wf>
<wf cmd="done" pos="VB" lemma="be" wnsn="1" lexsn="2:42:03::">were</wf>
<wf cmd="tag" pos="RB">down</wf>
<wf cmd="tag" pos="CD">20</wf>
<wf cmd="tag" pos="NN">percent</wf>
<wf cmd="ignore" pos="IN">from</wf>
<wf cmd="tag" pos="CD">1959</wf>
<punc>.</punc>
</s>
</p>
<p pnum="60">
<s snum="90">
<wf cmd="ignore" pos="WRB">Why</wf>
<wf cmd="ignore" pos="DT">the</wf>
<wf cmd="tag" pos="NN">discrepancy</wf>
<wf cmd="ignore" pos="IN">between</wf>
<wf cmd="ignore" pos="DT">the</wf>
<wf cmd="tag" pos="NNS">builders</wf>
<punc>'</punc>
<wf cmd="tag" pos="NNS">forecasts</wf>
<wf cmd="ignore" pos="IN">for</wf>
<wf cmd="ignore" pos="PRP">themselves</wf>
<wf cmd="ignore" pos="CC">and</wf>
<wf cmd="ignore" pos="IN">for</wf>
<wf cmd="ignore" pos="DT">the</wf>
<wf cmd="tag" pos="NN">industry</wf>
<punc>?</punc>
</s>
</p>
<p pnum="61">
<s snum="91">
<wf cmd="ignore" pos="DT">The</wf>
<wf cmd="tag" pos="NN">reason</wf>
<punc>,</punc>
<wf cmd="done" pos="VB" lemma="say" wnsn="2" lexsn="2:32:01::">says</wf>
<wf cmd="ignore" pos="DT">the</wf>
<wf cmd="tag" pos="NNP">Housing_Center</wf>
<punc>,</punc>
<wf cmd="done" pos="VB" lemma="be" wnsn="2" lexsn="2:42:06::">is</wf>
<wf cmd="ignore" pos="IN">that</wf>
<wf cmd="ignore" pos="DT">the</wf>
<wf cmd="tag" pos="NNS">builders</wf>
<wf cmd="done" pos="VB" lemma="invite" wnsn="5" lexsn="2:41:01::">invited</wf>
<wf cmd="ignore" pos="TO">to</wf>
<wf cmd="ignore" pos="DT">the</wf>
<wf cmd="tag" pos="NNS">intentions</wf>
<wf cmd="tag" pos="NN">conference</wf>
<punc>``</punc>
<wf cmd="done" pos="VB" lemma="be" wnsn="1" lexsn="2:42:03::">are</wf>
<wf cmd="tag" pos="RB">generally</wf>
<wf cmd="ignore" pos="IN">among</wf>
<wf cmd="ignore" pos="DT">the</wf>
<wf cmd="tag" pos="RBR">more</wf>
<wf cmd="tag" pos="JJ">successful</wf>
<wf cmd="tag" pos="NNS">businessmen</wf>
<punc>,</punc>
<wf cmd="ignore" pos="CC">and</wf>
<wf cmd="tag" pos="RB">usually</wf>
<wf cmd="done" pos="VB" lemma="do" wnsn="4" lexsn="2:42:00::">do</wf>
<wf cmd="tag" pos="RB">somewhat</wf>
<wf cmd="tag" pos="JJR">better</wf>
<wf cmd="ignore" pos="IN">than</wf>
<wf cmd="ignore" pos="PRP$">their</wf>
<wf cmd="tag" pos="NN">fellow</wf>
<wf cmd="tag" pos="NNS">builders</wf>
<punc>''</punc>
<punc>.</punc>
</s>
</p>
</context>
</contextfile>
