<contextfile concordance="brown">
<context filename="br-a36" paras="yes">
<p pnum="1">
<s snum="1">
<wf cmd="tag" pos="NNP">Sen._John._McClellan</wf>
<wf cmd="tag" pos="IN">of</wf>
<wf cmd="tag" pos="NNP">Arkansas</wf>
<wf cmd="ignore" pos="CC">and</wf>
<wf cmd="tag" pos="NNP">Rep._David_Martin</wf>
<wf cmd="ignore" pos="IN">of</wf>
<wf cmd="tag" pos="NNP">Nebraska</wf>
<wf cmd="done" pos="VBP" ot="notag">are</wf>
<wf cmd="tag" pos="RB">again</wf>
<wf cmd="done" pos="VB" lemma="beat" wnsn="3" lexsn="2:35:00::">beating</wf>
<wf cmd="ignore" pos="DT">the</wf>
<wf cmd="tag" pos="NNS">drums</wf>
<wf cmd="ignore" pos="TO">to</wf>
<wf cmd="done" pos="VB" lemma="place" wnsn="2" lexsn="2:41:01::">place</wf>
<wf cmd="ignore" pos="DT">the</wf>
<wf cmd="tag" pos="NNS">unions</wf>
<wf cmd="ignore" pos="IN">under</wf>
<wf cmd="ignore" pos="DT">the</wf>
<wf cmd="tag" pos="JJ">anti-monopoly</wf>
<wf cmd="tag" pos="NNS">laws</wf>
<punc>.</punc>
</s>
<s snum="2">
<wf cmd="tag" pos="RB">Once_more</wf>
<wf cmd="ignore" pos="DT">the</wf>
<wf cmd="tag" pos="JJ">fallacious</wf>
<wf cmd="tag" pos="NN">equation</wf>
<wf cmd="done" pos="VBZ" ot="notag">is</wf>
<wf cmd="done" pos="VB" lemma="advance" wnsn="2" lexsn="2:32:00::">advanced</wf>
<wf cmd="ignore" pos="TO">to</wf>
<wf cmd="done" pos="VB" lemma="argue" wnsn="1" lexsn="2:32:02::">argue</wf>
<wf cmd="ignore" pos="IN">that</wf>
<wf cmd="ignore" pos="IN">since</wf>
<wf cmd="tag" pos="NN">business</wf>
<wf cmd="done" pos="VBZ" ot="notag">is</wf>
<wf cmd="done" pos="VB" lemma="restrict" wnsn="2" lexsn="2:41:00::">restricted</wf>
<wf cmd="ignore" pos="IN">under</wf>
<wf cmd="ignore" pos="DT">the</wf>
<wf cmd="tag" pos="JJ">anti-monopoly</wf>
<wf cmd="tag" pos="NNS">laws</wf>
<punc>,</punc>
<wf cmd="ignore" pos="EX">there</wf>
<wf cmd="ignore" pos="MD">must</wf>
<wf cmd="done" pos="VB" lemma="be" wnsn="5" lexsn="2:42:04::">be</wf>
<wf cmd="ignore" pos="DT">a</wf>
<wf cmd="tag" pos="JJ">corresponding</wf>
<wf cmd="tag" pos="NN">restriction</wf>
<wf cmd="ignore" pos="IN">against</wf>
<wf cmd="tag" pos="NN">labor_unions</wf>
<punc>:</punc>
<wf cmd="ignore" pos="DT">the</wf>
<wf cmd="tag" pos="NN">law</wf>
<wf cmd="ignore" pos="MD">must</wf>
<wf cmd="done" pos="VB" lemma="treat" wnsn="1" lexsn="2:41:00::">treat</wf>
<wf cmd="tag" pos="NN">everybody</wf>
<wf cmd="tag" pos="RB">equally</wf>
<punc>.</punc>
</s>
<s snum="3">
<wf cmd="ignore" pos="CC">Or</wf>
<punc>,</punc>
<wf cmd="ignore" pos="IN">in</wf>
<wf cmd="ignore" pos="DT">the</wf>
<wf cmd="tag" pos="NNS">words</wf>
<wf cmd="ignore" pos="IN">of</wf>
<wf cmd="tag" pos="NNP">Anatole_France</wf>
<punc>,</punc>
<punc>``</punc>
<wf cmd="ignore" pos="DT">The</wf>
<wf cmd="tag" pos="NN">law</wf>
<wf cmd="ignore" pos="IN">in</wf>
<wf cmd="ignore" pos="PRP$">its</wf>
<wf cmd="tag" pos="JJ">majestic</wf>
<wf cmd="tag" pos="NN">equality</wf>
<wf cmd="ignore" pos="MD">must</wf>
<wf cmd="done" pos="VB" lemma="forbid" wnsn="1" lexsn="2:32:00::">forbid</wf>
<wf cmd="ignore" pos="DT">the</wf>
<wf cmd="tag" pos="JJ">rich</wf>
<punc>,</punc>
<wf cmd="tag" pos="RB">as_well</wf>
<wf cmd="ignore" pos="IN">as</wf>
<wf cmd="ignore" pos="DT">the</wf>
<wf cmd="tag" pos="JJ">poor</wf>
<punc>,</punc>
<wf cmd="ignore" pos="IN">from</wf>
<wf cmd="done" pos="VB" lemma="beg" wnsn="3" lexsn="2:40:00::">begging</wf>
<wf cmd="ignore" pos="IN">in</wf>
<wf cmd="ignore" pos="DT">the</wf>
<wf cmd="tag" pos="NNS">streets</wf>
<wf cmd="ignore" pos="CC">and</wf>
<wf cmd="done" pos="VB" lemma="sleep" wnsn="1" lexsn="2:29:00::">sleeping</wf>
<wf cmd="ignore" pos="IN">under</wf>
<wf cmd="tag" pos="NNS">bridges</wf>
<punc>''</punc>
<punc>.</punc>
</s>
</p>
<p pnum="2">
<s snum="4">
<wf cmd="ignore" pos="DT">The</wf>
<wf cmd="tag" pos="JJ">public</wf>
<wf cmd="tag" pos="NN">atmosphere</wf>
<wf cmd="ignore" pos="WDT">that</wf>
<wf cmd="done" pos="VBZ" ot="notag">has</wf>
<wf cmd="done" pos="VBN" ot="notag">been</wf>
<wf cmd="done" pos="VB" lemma="generate" wnsn="1" lexsn="2:36:00::">generated</wf>
<wf cmd="ignore" pos="WDT">which</wf>
<wf cmd="done" pos="VB" lemma="make" wnsn="2" lexsn="2:30:00::">makes</wf>
<wf cmd="tag" pos="NN">acceptance</wf>
<wf cmd="tag" pos="RB">of_this</wf>
<wf cmd="tag" pos="NN">law</wf>
<wf cmd="ignore" pos="DT">a</wf>
<wf cmd="tag" pos="NN">possibility</wf>
<wf cmd="done" pos="VB" lemma="stem" wnsn="1" lexsn="2:42:00::">stems</wf>
<wf cmd="done" pos="VB" ot="notag">from</wf>
<wf cmd="ignore" pos="DT">the</wf>
<wf cmd="tag" pos="NN">disrepute</wf>
<wf cmd="ignore" pos="IN">into</wf>
<wf cmd="ignore" pos="WDT">which</wf>
<wf cmd="ignore" pos="DT">the</wf>
<wf cmd="tag" pos="NN">labor_movement</wf>
<wf cmd="done" pos="VBZ" ot="notag">has</wf>
<wf cmd="done" pos="VB" lemma="fall" wnsn="3" lexsn="2:30:08::">fallen</wf>
<wf cmd="ignore" pos="IN">as</wf>
<wf cmd="ignore" pos="DT">a</wf>
<wf cmd="tag" pos="NN">result</wf>
<wf cmd="ignore" pos="IN">of</wf>
<wf cmd="tag" pos="NNP">Mr._McClellan</wf>
<wf cmd="ignore" pos="POS">'s</wf>
<wf cmd="tag" pos="NNS">hearings</wf>
<wf cmd="ignore" pos="IN">into</wf>
<wf cmd="tag" pos="NN">corruption</wf>
<wf cmd="ignore" pos="IN">in</wf>
<wf cmd="tag" pos="JJ">labor-management</wf>
<wf cmd="tag" pos="NNS">relations</wf>
<wf cmd="ignore" pos="CC">and</wf>
<punc>,</punc>
<wf cmd="tag" pos="RB">later</wf>
<punc>,</punc>
<wf cmd="ignore" pos="IN">into</wf>
<wf cmd="ignore" pos="DT">the</wf>
<wf cmd="tag" pos="JJ">jurisdictional</wf>
<wf cmd="tag" pos="NNS">squabbles</wf>
<wf cmd="ignore" pos="WDT">that</wf>
<wf cmd="done" pos="VB" lemma="plague" wnsn="1" lexsn="2:43:00::">plagued</wf>
<wf cmd="tag" pos="JJ">industrial</wf>
<wf cmd="tag" pos="NNS">relations</wf>
<wf cmd="ignore" pos="IN">at</wf>
<wf cmd="ignore" pos="DT">the</wf>
<wf cmd="tag" pos="NN">missile</wf>
<wf cmd="tag" pos="NNS">sites</wf>
<punc>.</punc>
</s>
<s snum="5">
<wf cmd="ignore" pos="DT">The</wf>
<wf cmd="tag" pos="NNP">Senator</wf>
<wf cmd="done" pos="VBD" ot="notag">was</wf>
<wf cmd="done" pos="VB" lemma="shock" wnsn="2" lexsn="2:37:02::">shocked</wf>
<wf cmd="ignore" pos="IN">by</wf>
<wf cmd="tag" pos="NNS">stoppages</wf>
<wf cmd="ignore" pos="IN">over</wf>
<wf cmd="tag" pos="RB">allegedly</wf>
<wf cmd="tag" pos="JJ">trivial</wf>
<wf cmd="tag" pos="NNS">disputes</wf>
<wf cmd="ignore" pos="WDT">that</wf>
<wf cmd="done" pos="VB" lemma="delay" wnsn="1" lexsn="2:30:00::">delayed</wf>
<wf cmd="ignore" pos="PRP$">our</wf>
<wf cmd="tag" pos="NN">missile</wf>
<wf cmd="tag" pos="NN">program</wf>
<punc>.</punc>
</s>
<s snum="6">
<wf cmd="tag" pos="RB">In_addition</wf>
<punc>,</punc>
<wf cmd="tag" pos="NNS">disclosures</wf>
<wf cmd="ignore" pos="IN">that</wf>
<wf cmd="tag" pos="NN">missile</wf>
<wf cmd="tag" pos="NNS">workers</wf>
<wf cmd="done" pos="VBD" ot="notag">were</wf>
<wf cmd="done" pos="VB" lemma="earn" wnsn="1" lexsn="2:40:01::">earning</wf>
<wf cmd="tag" pos="NNS">sums</wf>
<wf cmd="tag" pos="RB">far</wf>
<wf cmd="tag" pos="RB">in_excess</wf>
<wf cmd="tag" pos="RB">of_what</wf>
<wf cmd="done" pos="VBZ" ot="notag">is</wf>
<wf cmd="done" pos="VB" lemma="pay" wnsn="1" lexsn="2:40:00::">paid</wf>
<wf cmd="done" pos="VB" ot="notag">for</wf>
<wf cmd="tag" pos="NN">equivalent</wf>
<wf cmd="tag" pos="NN">work</wf>
<wf cmd="tag" pos="RB">elsewhere</wf>
<wf cmd="done" pos="VB" lemma="provoke" wnsn="1" lexsn="2:37:00::">provoked</wf>
<wf cmd="ignore" pos="PRP$">his</wf>
<wf cmd="tag" pos="NN">indignation</wf>
<wf cmd="ignore" pos="IN">on</wf>
<wf cmd="tag" pos="NN">behalf</wf>
<wf cmd="ignore" pos="IN">of</wf>
<wf cmd="ignore" pos="DT">the</wf>
<wf cmd="tag" pos="NNP">American</wf>
<wf cmd="tag" pos="NN">taxpayer</wf>
<wf cmd="ignore" pos="WP">who</wf>
<wf cmd="done" pos="VBD" ot="notag">was</wf>
<wf cmd="done" pos="VB" lemma="foot" wnsn="1" lexsn="2:40:00::">footing</wf>
<wf cmd="ignore" pos="DT">the</wf>
<wf cmd="tag" pos="NN">bill</wf>
<punc>.</punc>
</s>
</p>
<p pnum="3">
<s snum="7">
<wf cmd="ignore" pos="PRP">It</wf>
<wf cmd="done" pos="VBZ" ot="notag">is</wf>
<wf cmd="tag" pos="RB">now</wf>
<wf cmd="done" pos="VB" lemma="disclose" wnsn="1" lexsn="2:32:00::">disclosed</wf>
<wf cmd="ignore" pos="IN">that</wf>
<wf cmd="ignore" pos="DT">the</wf>
<wf cmd="tag" pos="NN">taxpayer</wf>
<wf cmd="tag" pos="RB">not_only</wf>
<wf cmd="done" pos="VB" lemma="pay" wnsn="1" lexsn="2:40:00::">pays</wf>
<wf cmd="done" pos="VB" ot="notag">for</wf>
<wf cmd="tag" pos="JJ">high</wf>
<wf cmd="tag" pos="NNS">wages</wf>
<punc>,</punc>
<wf cmd="ignore" pos="CC">but</wf>
<wf cmd="ignore" pos="PRP">he</wf>
<wf cmd="done" pos="VB" lemma="pay" wnsn="1" lexsn="2:40:00::">pays</wf>
<wf cmd="ignore" pos="DT">the</wf>
<wf cmd="tag" pos="NNS">employers</wf>
<punc>'</punc>
<wf cmd="tag" pos="NN">strike</wf>
<wf cmd="tag" pos="NNS">expenses</wf>
<wf cmd="ignore" pos="WRB">when</wf>
<wf cmd="ignore" pos="DT">the</wf>
<wf cmd="tag" pos="NN">latter</wf>
<wf cmd="done" pos="VB" lemma="undertake" wnsn="1" lexsn="2:36:00::">undertakes</wf>
<wf cmd="ignore" pos="TO">to</wf>
<wf cmd="done" pos="VB" lemma="fight" wnsn="2" lexsn="2:33:01::">fight</wf>
<wf cmd="ignore" pos="DT">a</wf>
<wf cmd="tag" pos="NN">strike</wf>
<punc>.</punc>
</s>
<s snum="8">
<wf cmd="tag" pos="NNP">Business_Week</wf>
<punc>(</punc>
<wf cmd="tag" pos="NNP">Aug.</wf>
<wf cmd="tag" pos="CD">9</wf>
<punc>,</punc>
<wf cmd="tag" pos="CD">1961</wf>
<punc>)</punc>
<wf cmd="done" pos="VB" lemma="report" wnsn="2" lexsn="2:32:04::">reports</wf>
<wf cmd="ignore" pos="IN">that</wf>
<wf cmd="ignore" pos="DT">the</wf>
<wf cmd="tag" pos="NNP">United_Aircraft_Company</wf>
<punc>,</punc>
<wf cmd="ignore" pos="IN">against</wf>
<wf cmd="ignore" pos="WDT">which</wf>
<wf cmd="ignore" pos="DT">the</wf>
<wf cmd="tag" pos="NNP">International_Association</wf>
<wf cmd="ignore" pos="IN">of</wf>
<wf cmd="tag" pos="NNS">Machinists</wf>
<wf cmd="done" pos="VBD" ot="notag">had</wf>
<wf cmd="done" pos="VB" lemma="undertake" wnsn="1" lexsn="2:36:00::">undertaken</wf>
<wf cmd="ignore" pos="DT">a</wf>
<wf cmd="tag" pos="NN">strike</wf>
<punc>,</punc>
<wf cmd="done" pos="VB" lemma="decide" wnsn="1" lexsn="2:31:00::">decided</wf>
<wf cmd="ignore" pos="TO">to</wf>
<wf cmd="done" pos="VB" lemma="keep" wnsn="1" lexsn="2:42:00::">keep</wf>
<wf cmd="ignore" pos="PRP$">its</wf>
<wf cmd="tag" pos="NNS">plants</wf>
<wf cmd="done" pos="VB" lemma="operate" wnsn="2" lexsn="2:35:03::">operating</wf>
<punc>.</punc>
</s>
<s snum="9">
<wf cmd="ignore" pos="DT">The</wf>
<wf cmd="tag" pos="NN">company</wf>
<wf cmd="done" pos="VB" lemma="incur" wnsn="1" lexsn="2:42:00::">incurred</wf>
<wf cmd="ignore" pos="DT">some</wf>
<punc>$</punc>
<wf cmd="tag" pos="CD">10</wf>
<wf cmd="tag" pos="CD">million</wf>
<wf cmd="ignore" pos="IN">of</wf>
<wf cmd="tag" pos="NNS">expenses</wf>
<wf cmd="tag" pos="JJ">attributable</wf>
<wf cmd="ignore" pos="TO">to</wf>
<wf cmd="tag" pos="CD">four</wf>
<wf cmd="tag" pos="NNS">factors</wf>
<punc>:</punc>
<wf cmd="tag" pos="NN">advertising</wf>
<wf cmd="ignore" pos="TO">to</wf>
<wf cmd="done" pos="VB" lemma="attract" wnsn="1" lexsn="2:35:00::">attract</wf>
<wf cmd="tag" pos="JJ">new</wf>
<wf cmd="tag" pos="NNS">employees</wf>
<punc>,</punc>
<wf cmd="tag" pos="NN">hiring</wf>
<wf cmd="ignore" pos="CC">and</wf>
<wf cmd="tag" pos="NN">training</wf>
<wf cmd="ignore" pos="PRP">them</wf>
<punc>,</punc>
<wf cmd="tag" pos="JJ">extra</wf>
<wf cmd="tag" pos="NN">overtime</wf>
<punc>,</punc>
<wf cmd="ignore" pos="CC">and</wf>
<wf cmd="tag" pos="JJ">defective</wf>
<wf cmd="tag" pos="NN">work</wf>
<wf cmd="done" pos="VB" lemma="perform" wnsn="2" lexsn="2:41:02::">performed</wf>
<wf cmd="ignore" pos="IN">by</wf>
<wf cmd="ignore" pos="DT">the</wf>
<wf cmd="tag" pos="JJ">new</wf>
<wf cmd="tag" pos="NNS">workers</wf>
<punc>.</punc>
</s>
<s snum="10">
<wf cmd="ignore" pos="DT">The</wf>
<wf cmd="tag" pos="NN">company</wf>
<wf cmd="done" pos="VBZ" ot="notag">has</wf>
<wf cmd="done" pos="VB" lemma="bill" wnsn="1" lexsn="2:40:00::">billed</wf>
<wf cmd="ignore" pos="DT">the</wf>
<wf cmd="tag" pos="NN">United_States_Government</wf>
<wf cmd="ignore" pos="IN">for</wf>
<punc>$</punc>
<wf cmd="tag" pos="CD">7500000</wf>
<wf cmd="ignore" pos="IN">of</wf>
<wf cmd="ignore" pos="DT">these</wf>
<wf cmd="tag" pos="NNS">expenses</wf>
<wf cmd="ignore" pos="IN">under</wf>
<wf cmd="ignore" pos="DT">the</wf>
<wf cmd="tag" pos="NN">Defense_Department</wf>
<wf cmd="tag" pos="NN">regulation</wf>
<wf cmd="done" pos="VB" lemma="allow" wnsn="2" lexsn="2:32:00::">allowing</wf>
<wf cmd="tag" pos="NNS">costs</wf>
<wf cmd="ignore" pos="IN">of</wf>
<wf cmd="ignore" pos="DT">a</wf>
<wf cmd="tag" pos="NN">type</wf>
<wf cmd="tag" pos="RB">generally</wf>
<wf cmd="done" pos="VB" lemma="recognize" wnsn="1" lexsn="2:31:02::">recognized</wf>
<wf cmd="ignore" pos="IN">as</wf>
<wf cmd="tag" pos="JJ">ordinary</wf>
<wf cmd="ignore" pos="CC">and</wf>
<wf cmd="tag" pos="JJ">necessary</wf>
<wf cmd="ignore" pos="IN">for</wf>
<wf cmd="ignore" pos="DT">the</wf>
<wf cmd="tag" pos="NN">conduct</wf>
<wf cmd="ignore" pos="IN">of</wf>
<wf cmd="ignore" pos="DT">the</wf>
<wf cmd="tag" pos="NN">contractor</wf>
<wf cmd="ignore" pos="POS">'s</wf>
<wf cmd="tag" pos="NN">business</wf>
<punc>.</punc>
</s>
</p>
<p pnum="4">
<s snum="11">
<wf cmd="tag" pos="NNP">Rep._Frank_Kowalski</wf>
<wf cmd="ignore" pos="IN">of</wf>
<wf cmd="tag" pos="NNP">Connecticut</wf>
<wf cmd="done" pos="VBZ" ot="notag">has</wf>
<wf cmd="done" pos="VB" lemma="bring" wnsn="2" lexsn="2:35:04::">brought</wf>
<wf cmd="ignore" pos="DT">this</wf>
<wf cmd="tag" pos="NN">problem</wf>
<wf cmd="ignore" pos="TO">to</wf>
<wf cmd="ignore" pos="DT">the</wf>
<wf cmd="tag" pos="NN">attention</wf>
<wf cmd="ignore" pos="IN">of</wf>
<wf cmd="ignore" pos="DT">the</wf>
<wf cmd="tag" pos="NN">Armed_Services</wf>
<wf cmd="tag" pos="NNP">Committee</wf>
<punc>.</punc>
</s>
<s snum="12">
<wf cmd="ignore" pos="DT">The</wf>
<wf cmd="tag" pos="NN">committee</wf>
<wf cmd="done" pos="VB" lemma="remain" wnsn="1" lexsn="2:30:00::">remains</wf>
<wf cmd="tag" pos="JJ">unresponsive</wf>
<punc>.</punc>
</s>
<s snum="13">
<wf cmd="ignore" pos="CC">Neither</wf>
<wf cmd="done" pos="VBZ" ot="notag">has</wf>
<wf cmd="tag" pos="NNP">Congressman_Martin</wf>
<wf cmd="ignore" pos="CC">nor</wf>
<wf cmd="tag" pos="NNP">Senator_McClellan</wf>
<wf cmd="done" pos="VBN" ot="notag">been</wf>
<wf cmd="done" pos="VB" lemma="hear" wnsn="4" lexsn="2:39:01::">heard</wf>
<wf cmd="tag" pos="RB">from</wf>
<wf cmd="ignore" pos="IN">on</wf>
<wf cmd="tag" pos="JJ">the_matter</wf>
<punc>;</punc>
<wf cmd="ignore" pos="PRP">they</wf>
<wf cmd="done" pos="VB" lemma="be" wnsn="1" lexsn="2:42:03::">are</wf>
<wf cmd="tag" pos="JJ">preoccupied</wf>
<wf cmd="ignore" pos="IN">with</wf>
<wf cmd="done" pos="VB" lemma="end" wnsn="2" lexsn="2:30:01::">ending</wf>
<wf cmd="tag" pos="NN">labor</wf>
<wf cmd="tag" pos="NNS">abuses</wf>
<wf cmd="ignore" pos="IN">by</wf>
<wf cmd="done" pos="VB" lemma="extend" wnsn="1" lexsn="2:30:01::">extending</wf>
<wf cmd="ignore" pos="DT">the</wf>
<wf cmd="tag" pos="JJ">anti-monopoly</wf>
<wf cmd="tag" pos="NNS">laws</wf>
<wf cmd="ignore" pos="TO">to</wf>
<wf cmd="ignore" pos="DT">the</wf>
<wf cmd="tag" pos="NNS">unions</wf>
<punc>.</punc>
</s>
</p>
<p pnum="5">
<s snum="14">
<wf cmd="ignore" pos="DT">THE</wf>
<wf cmd="tag" pos="JJ">RECENT</wf>
<wf cmd="tag" pos="NN">publicity</wf>
<wf cmd="done" pos="VB" lemma="attend" wnsn="3" lexsn="2:42:01::">attending</wf>
<wf cmd="ignore" pos="DT">the</wf>
<wf cmd="tag" pos="JJ">successful</wf>
<wf cmd="tag" pos="JJ">federal</wf>
<wf cmd="tag" pos="NN">prosecution</wf>
<wf cmd="ignore" pos="IN">of</wf>
<wf cmd="ignore" pos="DT">a</wf>
<wf cmd="tag" pos="NN">conspiracy</wf>
<wf cmd="tag" pos="NN">indictment</wf>
<wf cmd="ignore" pos="IN">against</wf>
<wf cmd="tag" pos="JJ">a_number_of</wf>
<wf cmd="tag" pos="JJ">electrical</wf>
<wf cmd="tag" pos="NNS">manufacturers</wf>
<wf cmd="done" pos="VBZ" ot="notag">has</wf>
<wf cmd="done" pos="VB" lemma="evoke" wnsn="1" lexsn="2:37:00::">evoked</wf>
<wf cmd="ignore" pos="DT">a</wf>
<wf cmd="tag" pos="JJ">new</wf>
<wf cmd="tag" pos="NN">respect</wf>
<wf cmd="ignore" pos="IN">for</wf>
<wf cmd="ignore" pos="DT">the</wf>
<wf cmd="tag" pos="JJ">anti-trust</wf>
<wf cmd="tag" pos="NNS">laws</wf>
<wf cmd="tag" pos="RB">that_is</wf>
<wf cmd="done" pos="VB" lemma="justify" wnsn="1" lexsn="2:32:01::">justified</wf>
<wf cmd="ignore" pos="DT">neither</wf>
<wf cmd="ignore" pos="IN">by</wf>
<wf cmd="ignore" pos="PRP$">their</wf>
<wf cmd="tag" pos="NN">rationale</wf>
<wf cmd="ignore" pos="CC">nor</wf>
<wf cmd="ignore" pos="IN">by</wf>
<wf cmd="ignore" pos="DT">the</wf>
<wf cmd="tag" pos="NNS">results</wf>
<wf cmd="ignore" pos="PRP">they</wf>
<wf cmd="done" pos="VBP" ot="notag">have</wf>
<wf cmd="done" pos="VB" lemma="obtain" wnsn="1" lexsn="2:40:00::">obtained</wf>
<punc>.</punc>
</s>
<s snum="15">
<wf cmd="ignore" pos="DT">The</wf>
<wf cmd="tag" pos="JJ">anti-trust</wf>
<wf cmd="tag" pos="NNS">laws</wf>
<wf cmd="done" pos="VB" lemma="inform" wnsn="1" lexsn="2:32:00::">inform</wf>
<wf cmd="ignore" pos="DT">a</wf>
<wf cmd="tag" pos="NN">business</wf>
<wf cmd="ignore" pos="IN">that</wf>
<wf cmd="ignore" pos="PRP">it</wf>
<wf cmd="ignore" pos="MD">must</wf>
<wf cmd="done" pos="VB" lemma="compete" wnsn="1" lexsn="2:33:00::">compete</wf>
<punc>,</punc>
<wf cmd="ignore" pos="CC">but</wf>
<wf cmd="ignore" pos="IN">along</wf>
<wf cmd="tag" pos="RB">completely</wf>
<wf cmd="tag" pos="JJ">undefined</wf>
<wf cmd="tag" pos="NNS">lines</wf>
<punc>;</punc>
<wf cmd="ignore" pos="PRP">it</wf>
<wf cmd="ignore" pos="MD">must</wf>
<wf cmd="done" pos="VB" lemma="play" wnsn="1" lexsn="2:33:00::">play</wf>
<wf cmd="ignore" pos="DT">a</wf>
<wf cmd="tag" pos="NN">game</wf>
<wf cmd="tag" pos="RB">in_which</wf>
<wf cmd="ignore" pos="EX">there</wf>
<wf cmd="tag" pos="RB">never</wf>
<wf cmd="done" pos="VB" lemma="be" wnsn="5" lexsn="2:42:04::">is</wf>
<wf cmd="ignore" pos="DT">a</wf>
<wf cmd="tag" pos="NN">winner</wf>
<punc>.</punc>
</s>
<s snum="16">
<wf cmd="ignore" pos="DT">The</wf>
<wf cmd="tag" pos="NN">fact</wf>
<wf cmd="done" pos="VB" lemma="be" wnsn="1" lexsn="2:42:03::">is</wf>
<wf cmd="ignore" pos="IN">that</wf>
<wf cmd="ignore" pos="DT">any</wf>
<wf cmd="tag" pos="NN">business</wf>
<wf cmd="ignore" pos="IN">that</wf>
<wf cmd="done" pos="VB" lemma="want" wnsn="1" lexsn="2:37:00::">wants</wf>
<wf cmd="done" pos="VB" ot="notag">to</wf>
<wf cmd="done" pos="VB" lemma="operate" wnsn="1" lexsn="2:41:00::">operate</wf>
<wf cmd="tag" pos="RB">successfully</wf>
<wf cmd="ignore" pos="MD">cannot</wf>
<wf cmd="done" pos="VB" lemma="follow" wnsn="5" lexsn="2:41:00::">follow</wf>
<wf cmd="ignore" pos="DT">the</wf>
<wf cmd="tag" pos="NN">law</wf>
<punc>.</punc>
</s>
<s snum="17">
<wf cmd="tag" pos="NN">Hypocrisy</wf>
<wf cmd="tag" pos="RB">thus</wf>
<wf cmd="done" pos="VB" lemma="become" wnsn="1" lexsn="2:30:00::">becomes</wf>
<wf cmd="ignore" pos="DT">the</wf>
<wf cmd="tag" pos="NN">answer</wf>
<wf cmd="ignore" pos="TO">to</wf>
<wf cmd="ignore" pos="DT">a</wf>
<wf cmd="tag" pos="JJ">foolish</wf>
<wf cmd="tag" pos="JJ">public</wf>
<wf cmd="tag" pos="NN">policy</wf>
<punc>.</punc>
</s>
</p>
<p pnum="6">
<s snum="18">
<wf cmd="done" pos="VB" ot="notag">Let</wf>
<wf cmd="ignore" pos="PRP">us</wf>
<wf cmd="done" pos="VB" lemma="look_at" wnsn="1" lexsn="2:31:00::">look_at</wf>
<wf cmd="ignore" pos="DT">the</wf>
<wf cmd="tag" pos="JJ">heavy-electrical-goods</wf>
<wf cmd="tag" pos="NN">industry</wf>
<wf cmd="tag" pos="RB">in_which</wf>
<wf cmd="tag" pos="NNP">General_Electric</wf>
<punc>,</punc>
<wf cmd="tag" pos="NNP">Westinghouse</wf>
<wf cmd="ignore" pos="CC">and</wf>
<wf cmd="tag" pos="JJ">a_number_of</wf>
<wf cmd="tag" pos="JJ">other</wf>
<wf cmd="tag" pos="NNS">manufacturers</wf>
<wf cmd="done" pos="VBD" ot="notag">were</wf>
<wf cmd="tag" pos="RB">recently</wf>
<wf cmd="done" pos="VB" lemma="convict" wnsn="1" lexsn="2:32:00::">convicted</wf>
<wf cmd="ignore" pos="IN">of</wf>
<wf cmd="done" pos="VB" lemma="engage" wnsn="1" lexsn="2:41:06::">engaging</wf>
<wf cmd="done" pos="VB" ot="notag">in</wf>
<wf cmd="ignore" pos="DT">a</wf>
<wf cmd="tag" pos="NN">conspiracy</wf>
<wf cmd="ignore" pos="TO">to</wf>
<wf cmd="done" pos="VB" lemma="rig" wnsn="2" lexsn="2:40:00::">rig</wf>
<wf cmd="tag" pos="NNS">prices</wf>
<wf cmd="ignore" pos="CC">and</wf>
<wf cmd="done" pos="VB" lemma="allocate" wnsn="1" lexsn="2:40:00::">allocate</wf>
<wf cmd="ignore" pos="DT">the</wf>
<wf cmd="tag" pos="NN">market</wf>
<punc>.</punc>
</s>
<s snum="19">
<wf cmd="ignore" pos="DT">The</wf>
<wf cmd="tag" pos="NN">industry</wf>
<wf cmd="done" pos="VB" lemma="be" wnsn="1" lexsn="2:42:03::">is</wf>
<wf cmd="tag" pos="RB">so</wf>
<wf cmd="tag" pos="JJ">structured</wf>
<wf cmd="ignore" pos="IN">that</wf>
<wf cmd="tag" pos="NN">price-setting</wf>
<wf cmd="ignore" pos="IN">by</wf>
<wf cmd="ignore" pos="DT">a</wf>
<wf cmd="tag" pos="JJ">multi-product</wf>
<wf cmd="tag" pos="NN">company</wf>
<wf cmd="ignore" pos="MD">will</wf>
<wf cmd="done" pos="VB" lemma="vary" wnsn="1" lexsn="2:30:01::">vary</wf>
<wf cmd="ignore" pos="IN">with</wf>
<wf cmd="ignore" pos="DT">the</wf>
<wf cmd="tag" pos="NN">way</wf>
<wf cmd="tag" pos="JJ">overhead</wf>
<wf cmd="tag" pos="NNS">charges</wf>
<wf cmd="done" pos="VBP" ot="notag">are</wf>
<wf cmd="done" pos="VB" lemma="allocate" wnsn="1" lexsn="2:40:00::">allocated</wf>
<punc>-</punc>
<wf cmd="ignore" pos="IN">whether</wf>
<wf cmd="tag" pos="JJ">marginal</wf>
<wf cmd="ignore" pos="CC">or</wf>
<wf cmd="tag" pos="JJ">average</wf>
<wf cmd="tag" pos="NN">pricing</wf>
<wf cmd="done" pos="VBZ" ot="notag">is</wf>
<wf cmd="done" pos="VB" lemma="apply" wnsn="1" lexsn="2:34:00::">applied</wf>
<punc>.</punc>
</s>
</p>
<p pnum="7">
<s snum="20">
<wf cmd="ignore" pos="DT">The</wf>
<wf cmd="tag" pos="NN">problem</wf>
<wf cmd="done" pos="VB" lemma="become" wnsn="1" lexsn="2:30:00::">becomes</wf>
<wf cmd="tag" pos="RB">even</wf>
<wf cmd="tag" pos="RBR">more</wf>
<wf cmd="tag" pos="JJ">complex</wf>
<wf cmd="ignore" pos="WRB">where</wf>
<wf cmd="ignore" pos="DT">an</wf>
<wf cmd="tag" pos="NN">enterprise</wf>
<wf cmd="done" pos="VBZ" ot="notag">is</wf>
<wf cmd="done" pos="VB" lemma="engage" wnsn="1" lexsn="2:41:06::">engaged</wf>
<wf cmd="done" pos="VB" ot="notag">in</wf>
<wf cmd="ignore" pos="DT">the</wf>
<wf cmd="tag" pos="NN">manufacture</wf>
<wf cmd="ignore" pos="IN">of</wf>
<wf cmd="ignore" pos="DT">a</wf>
<wf cmd="tag" pos="JJ">wide</wf>
<wf cmd="tag" pos="NN">variety</wf>
<wf cmd="ignore" pos="IN">of</wf>
<wf cmd="tag" pos="JJ">other</wf>
<wf cmd="tag" pos="NNS">goods</wf>
<wf cmd="tag" pos="RB">in_addition</wf>
<wf cmd="ignore" pos="TO">to</wf>
<wf cmd="ignore" pos="DT">the</wf>
<wf cmd="tag" pos="JJ">heavy</wf>
<wf cmd="tag" pos="JJ">electrical</wf>
<wf cmd="tag" pos="NN">equipment</wf>
<punc>.</punc>
</s>
<s snum="21">
<wf cmd="tag" pos="NN">Accounting</wf>
<wf cmd="tag" pos="NNS">procedures</wf>
<wf cmd="ignore" pos="MD">can</wf>
<wf cmd="done" pos="VB" ot="notag">be</wf>
<wf cmd="done" pos="VB" lemma="vary" wnsn="1" lexsn="2:30:01::">varied</wf>
<wf cmd="ignore" pos="TO">to</wf>
<wf cmd="done" pos="VB" lemma="provide" wnsn="1" lexsn="2:40:00::">provide</wf>
<wf cmd="ignore" pos="DT">a</wf>
<wf cmd="tag" pos="NN">rationale</wf>
<wf cmd="ignore" pos="IN">for</wf>
<wf cmd="tag" pos="RB">almost</wf>
<wf cmd="ignore" pos="DT">any</wf>
<wf cmd="tag" pos="NN">price</wf>
<punc>.</punc>
</s>
<s snum="22">
<wf cmd="tag" pos="RB">Naturally</wf>
<punc>,</punc>
<wf cmd="tag" pos="NNS">enterprises</wf>
<wf cmd="ignore" pos="IN">of</wf>
<wf cmd="ignore" pos="DT">the</wf>
<wf cmd="tag" pos="NN">size</wf>
<wf cmd="ignore" pos="IN">of</wf>
<wf cmd="tag" pos="NNP">General_Electric</wf>
<wf cmd="done" pos="VB" lemma="be" wnsn="1" lexsn="2:42:03::">are</wf>
<wf cmd="ignore" pos="IN">in</wf>
<wf cmd="ignore" pos="DT">a</wf>
<wf cmd="tag" pos="NN">position</wf>
<wf cmd="ignore" pos="TO">to</wf>
<wf cmd="done" pos="VB" lemma="structure" wnsn="1" lexsn="2:30:00::">structure</wf>
<wf cmd="ignore" pos="PRP$">their</wf>
<wf cmd="tag" pos="NNS">prices</wf>
<wf cmd="tag" pos="RB">in_such_a_way</wf>
<wf cmd="ignore" pos="IN">that</wf>
<wf cmd="ignore" pos="DT">the</wf>
<wf cmd="tag" pos="RB">relatively</wf>
<wf cmd="tag" pos="JJ">small</wf>
<wf cmd="tag" pos="NNS">competitors</wf>
<wf cmd="ignore" pos="MD">can</wf>
<wf cmd="done" pos="VB" ot="notag">be</wf>
<wf cmd="done" pos="VB" lemma="force" wnsn="6" lexsn="2:35:02::">forced</wf>
<wf cmd="ignore" pos="TO">to</wf>
<wf cmd="ignore" pos="DT">the</wf>
<wf cmd="tag" pos="NN">wall</wf>
<wf cmd="done" pos="VB" ot="notag">in</wf>
<wf cmd="ignore" pos="DT">a</wf>
<wf cmd="tag" pos="JJ">very</wf>
<wf cmd="tag" pos="NN">short_time</wf>
<punc>.</punc>
</s>
<s snum="23">
<wf cmd="ignore" pos="MD">Should</wf>
<wf cmd="ignore" pos="DT">these</wf>
<wf cmd="tag" pos="NNS">giants</wf>
<wf cmd="tag" pos="RB">really</wf>
<wf cmd="done" pos="VB" lemma="flex" wnsn="1" lexsn="2:38:01::">flex</wf>
<wf cmd="ignore" pos="PRP$">their</wf>
<wf cmd="tag" pos="JJ">competitive</wf>
<wf cmd="tag" pos="NNS">muscles</wf>
<punc>,</punc>
<wf cmd="ignore" pos="PRP">they</wf>
<wf cmd="ignore" pos="MD">would</wf>
<wf cmd="done" pos="VB" lemma="become" wnsn="1" lexsn="2:30:00::">become</wf>
<wf cmd="ignore" pos="DT">the</wf>
<wf cmd="tag" pos="JJ">only</wf>
<wf cmd="tag" pos="NNS">survivors</wf>
<wf cmd="ignore" pos="IN">in</wf>
<wf cmd="ignore" pos="DT">the</wf>
<wf cmd="tag" pos="NN">industry</wf>
<punc>.</punc>
</s>
<s snum="24">
<wf cmd="tag" pos="NN">Uncle_Sam</wf>
<wf cmd="ignore" pos="MD">would</wf>
<wf cmd="tag" pos="RB">then</wf>
<wf cmd="done" pos="VB" lemma="accuse" wnsn="1" lexsn="2:32:00::">accuse</wf>
<wf cmd="ignore" pos="PRP">them</wf>
<wf cmd="ignore" pos="IN">of</wf>
<wf cmd="done" pos="VB" lemma="create" wnsn="1" lexsn="2:36:00::">creating</wf>
<wf cmd="ignore" pos="DT">a</wf>
<wf cmd="tag" pos="NN">monopoly</wf>
<wf cmd="ignore" pos="IN">by</wf>
<punc>``</punc>
<wf cmd="tag" pos="JJ">unfair</wf>
<wf cmd="tag" pos="NN">competition</wf>
<punc>''</punc>
<punc>.</punc>
</s>
<s snum="25">
<wf cmd="ignore" pos="CC">But</wf>
<wf cmd="ignore" pos="IN">if</wf>
<wf cmd="ignore" pos="PRP">they</wf>
<wf cmd="done" pos="VB" lemma="show" wnsn="0" lexsn="2:39:03::">show</wf>
<wf cmd="tag" pos="NN">self-restraint</wf>
<punc>,</punc>
<wf cmd="ignore" pos="PRP">they</wf>
<wf cmd="done" pos="VBP" ot="notag">do</wf>
<wf cmd="tag" pos="RB">n't</wf>
<wf cmd="done" pos="VB" lemma="get" wnsn="1" lexsn="2:40:00::">get</wf>
<wf cmd="ignore" pos="DT">the</wf>
<wf cmd="tag" pos="NNS">orders</wf>
<punc>.</punc>
</s>
</p>
<p pnum="8">
<s snum="26">
<wf cmd="tag" pos="RB">Under_the_circumstances</wf>
<punc>,</punc>
<wf cmd="ignore" pos="DT">the</wf>
<wf cmd="tag" pos="JJ">only</wf>
<wf cmd="tag" pos="NN">protection</wf>
<wf cmd="ignore" pos="IN">for</wf>
<wf cmd="ignore" pos="DT">the</wf>
<wf cmd="tag" pos="RB">relatively</wf>
<wf cmd="tag" pos="JJ">small</wf>
<wf cmd="tag" pos="NNS">manufacturers</wf>
<wf cmd="done" pos="VBZ" ot="notag">is</wf>
<wf cmd="ignore" pos="TO">to</wf>
<wf cmd="done" pos="VB" lemma="engage" wnsn="1" lexsn="2:41:06::">engage</wf>
<wf cmd="done" pos="VB" ot="notag">in</wf>
<wf cmd="tag" pos="RB">exactly</wf>
<wf cmd="ignore" pos="DT">the</wf>
<wf cmd="tag" pos="RB">kind_of</wf>
<wf cmd="tag" pos="NN">conspiracy</wf>
<wf cmd="ignore" pos="IN">with</wf>
<wf cmd="ignore" pos="DT">the</wf>
<wf cmd="tag" pos="NNS">giants</wf>
<wf cmd="ignore" pos="IN">for</wf>
<wf cmd="ignore" pos="WDT">which</wf>
<wf cmd="ignore" pos="DT">the</wf>
<wf cmd="tag" pos="NN">latter</wf>
<wf cmd="done" pos="VBD" ot="notag">were</wf>
<wf cmd="done" pos="VB" lemma="convict" wnsn="1" lexsn="2:32:00::">convicted</wf>
<punc>.</punc>
</s>
<s snum="27">
<wf cmd="done" pos="VB" lemma="engage" wnsn="1" lexsn="2:41:06::">Engaging</wf>
<wf cmd="done" pos="VB" ot="notag">in</wf>
<wf cmd="tag" pos="JJ">such</wf>
<wf cmd="ignore" pos="DT">a</wf>
<wf cmd="tag" pos="NN">conspiracy</wf>
<wf cmd="done" pos="VB" lemma="be" wnsn="1" lexsn="2:42:03::">was</wf>
<wf cmd="ignore" pos="DT">an</wf>
<wf cmd="tag" pos="NN">act</wf>
<wf cmd="ignore" pos="IN">of</wf>
<wf cmd="tag" pos="NN">mercy</wf>
<wf cmd="ignore" pos="IN">by</wf>
<wf cmd="ignore" pos="DT">the</wf>
<wf cmd="tag" pos="NNS">giants</wf>
<punc>.</punc>
</s>
<s snum="28">
<wf cmd="ignore" pos="DT">The</wf>
<wf cmd="tag" pos="NN">paradox</wf>
<wf cmd="tag" pos="JJ">implicit_in</wf>
<wf cmd="ignore" pos="DT">the</wf>
<wf cmd="tag" pos="JJ">whole</wf>
<wf cmd="tag" pos="NN">affair</wf>
<wf cmd="done" pos="VB" ot="notag">is</wf>
<wf cmd="done" pos="VB" lemma="show" wnsn="1" lexsn="2:39:02::">shown</wf>
<wf cmd="ignore" pos="IN">by</wf>
<wf cmd="ignore" pos="DT">the</wf>
<wf cmd="tag" pos="NN">demand</wf>
<wf cmd="ignore" pos="IN">of</wf>
<wf cmd="ignore" pos="DT">the</wf>
<wf cmd="tag" pos="NN">government</wf>
<punc>,</punc>
<wf cmd="ignore" pos="IN">after</wf>
<wf cmd="ignore" pos="DT">the</wf>
<wf cmd="tag" pos="NN">conviction</wf>
<punc>,</punc>
<wf cmd="ignore" pos="IN">that</wf>
<wf cmd="tag" pos="NNP">General_Electric</wf>
<wf cmd="done" pos="VB" lemma="sign" wnsn="2" lexsn="2:41:00::">sign</wf>
<wf cmd="ignore" pos="DT">a</wf>
<wf cmd="tag" pos="JJ">wide-open</wf>
<wf cmd="tag" pos="NN">consent</wf>
<wf cmd="tag" pos="NN">decree</wf>
<wf cmd="ignore" pos="IN">that</wf>
<wf cmd="ignore" pos="PRP">it</wf>
<wf cmd="ignore" pos="MD">would</wf>
<wf cmd="tag" pos="RB">not</wf>
<wf cmd="done" pos="VB" lemma="reduce" wnsn="1" lexsn="2:30:00::">reduce</wf>
<wf cmd="tag" pos="NNS">prices</wf>
<wf cmd="tag" pos="RB">so</wf>
<wf cmd="tag" pos="JJ">low</wf>
<wf cmd="tag" pos="RB">as</wf>
<wf cmd="ignore" pos="TO">to</wf>
<wf cmd="done" pos="VB" lemma="compete" wnsn="1" lexsn="2:33:00::">compete</wf>
<wf cmd="tag" pos="RB">seriously</wf>
<wf cmd="ignore" pos="IN">with</wf>
<wf cmd="ignore" pos="PRP$">its</wf>
<wf cmd="tag" pos="NNS">fellows</wf>
<punc>.</punc>
</s>
<s snum="29">
<wf cmd="tag" pos="RB">In_other_words</wf>
<punc>,</punc>
<wf cmd="ignore" pos="DT">the</wf>
<wf cmd="tag" pos="JJ">anti-trust</wf>
<wf cmd="tag" pos="NNS">laws</wf>
<punc>,</punc>
<wf cmd="done" pos="VB" lemma="design" wnsn="2" lexsn="2:31:00::">designed</wf>
<wf cmd="ignore" pos="TO">to</wf>
<wf cmd="done" pos="VB" lemma="reduce" wnsn="1" lexsn="2:30:00::">reduce</wf>
<wf cmd="tag" pos="NNS">prices</wf>
<wf cmd="ignore" pos="TO">to</wf>
<wf cmd="ignore" pos="DT">the</wf>
<wf cmd="tag" pos="NN">consumer</wf>
<wf cmd="ignore" pos="IN">on</wf>
<wf cmd="tag" pos="NNP">Monday</wf>
<punc>,</punc>
<wf cmd="tag" pos="NNP">Wednesday</wf>
<wf cmd="ignore" pos="CC">and</wf>
<wf cmd="tag" pos="NNP">Friday</wf>
<punc>,</punc>
<wf cmd="done" pos="VB" lemma="become" wnsn="1" lexsn="2:30:00::">become</wf>
<wf cmd="ignore" pos="DT">a</wf>
<wf cmd="tag" pos="NN">tool</wf>
<wf cmd="ignore" pos="TO">to</wf>
<wf cmd="done" pos="VB" lemma="protect" wnsn="1" lexsn="2:33:00::">protect</wf>
<wf cmd="ignore" pos="DT">the</wf>
<wf cmd="tag" pos="JJ">marginal</wf>
<wf cmd="tag" pos="NN">manufacturer</wf>
<wf cmd="ignore" pos="IN">on</wf>
<wf cmd="tag" pos="NNP">Tuesday</wf>
<punc>,</punc>
<wf cmd="tag" pos="NNP">Thursday</wf>
<wf cmd="ignore" pos="CC">and</wf>
<wf cmd="tag" pos="NNP">Saturday</wf>
<punc>.</punc>
</s>
<s snum="30">
<wf cmd="ignore" pos="CC">And</wf>
<wf cmd="ignore" pos="WDT">which</wf>
<wf cmd="tag" pos="NN">theory</wf>
<wf cmd="ignore" pos="MD">would</wf>
<wf cmd="done" pos="VB" lemma="govern" wnsn="2" lexsn="2:41:01::">govern</wf>
<wf cmd="ignore" pos="DT">the</wf>
<wf cmd="tag" pos="NNS">enforcers</wf>
<wf cmd="ignore" pos="IN">of</wf>
<wf cmd="ignore" pos="DT">the</wf>
<wf cmd="tag" pos="NN">law</wf>
<wf cmd="ignore" pos="IN">on</wf>
<wf cmd="tag" pos="NNP">Sunday</wf>
<punc>?</punc>
</s>
</p>
<p pnum="9">
<s snum="31">
<wf cmd="ignore" pos="DT">The</wf>
<wf cmd="tag" pos="NN">question</wf>
<wf cmd="ignore" pos="MD">might</wf>
<wf cmd="done" pos="VB" ot="notag">be</wf>
<wf cmd="done" pos="VB" lemma="ask" wnsn="1" lexsn="2:32:00::">asked</wf>
<punc>:</punc>
<punc>``</punc>
<wf cmd="done" pos="VBP" ot="notag">Do</wf>
<wf cmd="tag" pos="RB">n't</wf>
<wf cmd="ignore" pos="DT">the</wf>
<wf cmd="tag" pos="NNS">managements</wf>
<wf cmd="ignore" pos="IN">of</wf>
<wf cmd="ignore" pos="DT">the</wf>
<wf cmd="tag" pos="JJ">heavy-electrical-goods</wf>
<wf cmd="tag" pos="NNS">manufacturers</wf>
<wf cmd="done" pos="VB" lemma="know" wnsn="1" lexsn="2:31:01::">know</wf>
<wf cmd="ignore" pos="DT">these</wf>
<wf cmd="tag" pos="NNS">facts</wf>
<punc>?</punc>
</s>
<s snum="32">
<wf cmd="ignore" pos="WRB">Why</wf>
<wf cmd="done" pos="VBD" ot="notag">did</wf>
<wf cmd="ignore" pos="PRP">they</wf>
<wf cmd="done" pos="VB" lemma="engage" wnsn="1" lexsn="2:41:06::">engage</wf>
<wf cmd="done" pos="VB" ot="notag">in</wf>
<wf cmd="ignore" pos="DT">a</wf>
<wf cmd="tag" pos="NN">flood</wf>
<wf cmd="ignore" pos="IN">of</wf>
<wf cmd="ignore" pos="FW">mea</wf>
<wf cmd="ignore" pos="FW">culpas</wf>
<punc>,</punc>
<wf cmd="done" pos="VB" lemma="throw" wnsn="1" lexsn="2:35:00::">throw</wf>
<wf cmd="tag" pos="JJ">a_few</wf>
<wf cmd="tag" pos="NNS">scapegoats</wf>
<wf cmd="ignore" pos="TO">to</wf>
<wf cmd="ignore" pos="DT">the</wf>
<wf cmd="tag" pos="NNS">dogs</wf>
<wf cmd="ignore" pos="CC">and</wf>
<wf cmd="done" pos="VB" lemma="promise" wnsn="1" lexsn="2:32:00::">promise</wf>
<wf cmd="ignore" pos="TO">to</wf>
<wf cmd="done" pos="VB" lemma="be" wnsn="1" lexsn="2:42:03::">be</wf>
<wf cmd="tag" pos="JJ">good</wf>
<wf cmd="tag" pos="NNS">boys</wf>
<wf cmd="tag" pos="RB">thereafter</wf>
<punc>,</punc>
<wf cmd="done" pos="VB" lemma="express" wnsn="2" lexsn="2:32:00::">expressing</wf>
<wf cmd="ignore" pos="PRP$">their</wf>
<wf cmd="tag" pos="JJ">complete</wf>
<wf cmd="tag" pos="NN">confidence</wf>
<wf cmd="ignore" pos="IN">in</wf>
<wf cmd="ignore" pos="DT">the</wf>
<wf cmd="tag" pos="NNS">laws</wf>
<punc>''</punc>
<punc>?</punc>
</s>
</p>
<p pnum="10">
<s snum="33">
<wf cmd="ignore" pos="DT">The</wf>
<wf cmd="tag" pos="JJ">past</wf>
<wf cmd="tag" pos="NN">usefulness</wf>
<wf cmd="ignore" pos="IN">of</wf>
<wf cmd="ignore" pos="DT">the</wf>
<wf cmd="tag" pos="JJ">anti-trust</wf>
<wf cmd="tag" pos="NNS">laws</wf>
<wf cmd="ignore" pos="TO">to</wf>
<wf cmd="tag" pos="NN">management</wf>
<wf cmd="done" pos="VBD" ot="notag">was</wf>
<wf cmd="done" pos="VB" lemma="explain" wnsn="1" lexsn="2:32:00::">explained</wf>
<wf cmd="ignore" pos="IN">by</wf>
<wf cmd="tag" pos="NNP">Thurman_Arnold</wf>
<punc>,</punc>
<wf cmd="ignore" pos="IN">in</wf>
<wf cmd="ignore" pos="DT">The</wf>
<wf cmd="tag" pos="NN">Folklore</wf>
<wf cmd="ignore" pos="IN">of</wf>
<wf cmd="tag" pos="NN">Capitalism</wf>
<punc>,</punc>
<wf cmd="tag" pos="RB">back</wf>
<wf cmd="ignore" pos="IN">in</wf>
<wf cmd="tag" pos="CD">1937</wf>
<punc>.</punc>
</s>
<s snum="34">
<wf cmd="ignore" pos="PRP">He</wf>
<wf cmd="done" pos="VB" lemma="write" wnsn="3" lexsn="2:36:02::">wrote</wf>
<punc>:</punc>
<punc>``</punc>
<wf cmd="ignore" pos="DT">the</wf>
<wf cmd="tag" pos="JJ">anti-trust</wf>
<wf cmd="tag" pos="NNS">laws</wf>
<wf cmd="done" pos="VB" lemma="be" wnsn="1" lexsn="2:42:03::">were</wf>
<wf cmd="ignore" pos="DT">the</wf>
<wf cmd="tag" pos="NN">answer</wf>
<wf cmd="ignore" pos="IN">of</wf>
<wf cmd="ignore" pos="DT">a</wf>
<wf cmd="tag" pos="NN">society</wf>
<wf cmd="ignore" pos="WDT">which</wf>
<wf cmd="tag" pos="RB">unconsciously</wf>
<wf cmd="done" pos="VB" lemma="feel" wnsn="1" lexsn="2:37:00::">felt</wf>
<wf cmd="ignore" pos="DT">the</wf>
<wf cmd="tag" pos="NN">need</wf>
<wf cmd="ignore" pos="IN">of</wf>
<wf cmd="tag" pos="JJ">great</wf>
<wf cmd="tag" pos="NNS">organizations</wf>
<punc>,</punc>
<wf cmd="ignore" pos="CC">and</wf>
<wf cmd="tag" pos="RB">at_the_same_time</wf>
<wf cmd="done" pos="VB" ot="notag">had</wf>
<wf cmd="done" pos="VB" ot="notag">to</wf>
<wf cmd="done" pos="VB" lemma="deny" wnsn="4" lexsn="2:40:00::">deny</wf>
<wf cmd="ignore" pos="PRP">them</wf>
<wf cmd="ignore" pos="DT">a</wf>
<wf cmd="tag" pos="NN">place</wf>
<wf cmd="ignore" pos="IN">in</wf>
<wf cmd="ignore" pos="DT">the</wf>
<wf cmd="tag" pos="JJ">moral</wf>
<wf cmd="ignore" pos="CC">and</wf>
<wf cmd="tag" pos="JJ">logical</wf>
<wf cmd="tag" pos="NN">ideology</wf>
<wf cmd="ignore" pos="IN">of</wf>
<wf cmd="ignore" pos="DT">the</wf>
<wf cmd="tag" pos="NN">social_structure</wf>
<punc>.</punc>
</s>
<s snum="35">
<wf cmd="tag" pos="JJ">Anti-trust</wf>
<wf cmd="tag" pos="NNS">laws</wf>
<wf cmd="done" pos="VB" lemma="become" wnsn="1" lexsn="2:30:00::">became</wf>
<wf cmd="ignore" pos="DT">the</wf>
<wf cmd="tag" pos="JJS">greatest</wf>
<wf cmd="tag" pos="NN">protection</wf>
<wf cmd="ignore" pos="TO">to</wf>
<wf cmd="tag" pos="JJ">uncontrolled</wf>
<wf cmd="tag" pos="NN">business</wf>
<wf cmd="tag" pos="NN">dictatorship</wf>
<punc>.</punc>
</s>
<s snum="36">
<wf cmd="ignore" pos="WRB">When</wf>
<wf cmd="tag" pos="JJ">corporate</wf>
<wf cmd="tag" pos="NNS">abuses</wf>
<wf cmd="done" pos="VBD" ot="notag">were</wf>
<wf cmd="done" pos="VB" lemma="attack" wnsn="3" lexsn="2:33:01::">attacked</wf>
<punc>,</punc>
<wf cmd="ignore" pos="PRP">it</wf>
<wf cmd="done" pos="VBD" ot="notag">was</wf>
<wf cmd="done" pos="VB" lemma="do" wnsn="1" lexsn="2:41:01::">done</wf>
<wf cmd="ignore" pos="IN">on</wf>
<wf cmd="ignore" pos="DT">the</wf>
<wf cmd="tag" pos="NN">theory</wf>
<wf cmd="ignore" pos="IN">that</wf>
<wf cmd="tag" pos="JJ">criminal</wf>
<wf cmd="tag" pos="NNS">penalties</wf>
<wf cmd="ignore" pos="MD">would</wf>
<wf cmd="done" pos="VB" ot="notag">be</wf>
<wf cmd="done" pos="VB" lemma="invoke" wnsn="1" lexsn="2:36:00::">invoked</wf>
<wf cmd="tag" pos="RB">rather_than</wf>
<wf cmd="tag" pos="NN">control</wf>
<punc>.</punc>
</s>
<s snum="37">
<wf cmd="tag" pos="RB">In_this</wf>
<wf cmd="tag" pos="NN">manner</wf>
<punc>,</punc>
<wf cmd="ignore" pos="DT">every</wf>
<wf cmd="tag" pos="NN">scheme</wf>
<wf cmd="ignore" pos="IN">for</wf>
<wf cmd="tag" pos="JJ">direct</wf>
<wf cmd="tag" pos="NN">control</wf>
<wf cmd="done" pos="VB" lemma="break" wnsn="2" lexsn="2:30:00::">broke</wf>
<wf cmd="tag" pos="RB">to_pieces</wf>
<wf cmd="ignore" pos="IN">on</wf>
<wf cmd="ignore" pos="DT">the</wf>
<wf cmd="tag" pos="JJ">great</wf>
<wf cmd="tag" pos="JJ">protective</wf>
<wf cmd="tag" pos="NN">rock</wf>
<wf cmd="ignore" pos="IN">of</wf>
<wf cmd="ignore" pos="DT">the</wf>
<wf cmd="tag" pos="JJ">anti-trust</wf>
<wf cmd="tag" pos="NNS">laws</wf>
<punc>.</punc>
</s>
<s snum="38">
<wf cmd="tag" pos="RB">In_any_event</wf>
<punc>,</punc>
<wf cmd="ignore" pos="PRP">it</wf>
<wf cmd="done" pos="VB" lemma="be" wnsn="1" lexsn="2:42:03::">is</wf>
<wf cmd="tag" pos="JJ">obvious</wf>
<wf cmd="ignore" pos="IN">that</wf>
<wf cmd="ignore" pos="DT">the</wf>
<wf cmd="tag" pos="JJ">anti-trust</wf>
<wf cmd="tag" pos="NNS">laws</wf>
<wf cmd="done" pos="VBD" ot="notag">did</wf>
<wf cmd="tag" pos="RB">not</wf>
<wf cmd="done" pos="VB" lemma="prevent" wnsn="1" lexsn="2:41:01::">prevent</wf>
<wf cmd="ignore" pos="DT">the</wf>
<wf cmd="tag" pos="NN">formation</wf>
<wf cmd="ignore" pos="IN">of</wf>
<wf cmd="ignore" pos="DT">some</wf>
<wf cmd="ignore" pos="IN">of</wf>
<wf cmd="ignore" pos="DT">the</wf>
<wf cmd="tag" pos="JJS">greatest</wf>
<wf cmd="tag" pos="JJ">financial</wf>
<wf cmd="tag" pos="NNS">empires</wf>
<wf cmd="ignore" pos="DT">the</wf>
<wf cmd="tag" pos="NN">world</wf>
<wf cmd="done" pos="VBZ" ot="notag">has</wf>
<wf cmd="tag" pos="RB">ever</wf>
<wf cmd="done" pos="VB" lemma="know" wnsn="2" lexsn="2:31:03::">known</wf>
<punc>,</punc>
<wf cmd="done" pos="VB" lemma="hold" wnsn="1" lexsn="2:42:00::">held</wf>
<wf cmd="tag" pos="RB">together</wf>
<wf cmd="ignore" pos="IN">by</wf>
<wf cmd="ignore" pos="DT">some</wf>
<wf cmd="ignore" pos="IN">of</wf>
<wf cmd="tag" pos="RB">the_most</wf>
<wf cmd="tag" pos="JJ">fantastic</wf>
<wf cmd="tag" pos="NNS">ideas</wf>
<punc>,</punc>
<wf cmd="ignore" pos="DT">all</wf>
<wf cmd="done" pos="VB" lemma="base" wnsn="1" lexsn="2:31:00::">based</wf>
<wf cmd="ignore" pos="IN">on</wf>
<wf cmd="ignore" pos="DT">the</wf>
<wf cmd="tag" pos="JJ">fundamental</wf>
<wf cmd="tag" pos="NN">notion</wf>
<wf cmd="ignore" pos="IN">that</wf>
<wf cmd="ignore" pos="DT">a</wf>
<wf cmd="tag" pos="NN">corporation</wf>
<wf cmd="done" pos="VB" lemma="be" wnsn="1" lexsn="2:42:03::">is</wf>
<wf cmd="ignore" pos="DT">an</wf>
<wf cmd="tag" pos="JJ">individual</wf>
<wf cmd="ignore" pos="WP">who</wf>
<wf cmd="ignore" pos="MD">can</wf>
<wf cmd="done" pos="VB" lemma="trade" wnsn="2" lexsn="2:40:00::">trade</wf>
<wf cmd="ignore" pos="CC">and</wf>
<wf cmd="done" pos="VB" lemma="exchange" wnsn="2" lexsn="2:30:00::">exchange</wf>
<wf cmd="tag" pos="NN">goods</wf>
<wf cmd="ignore" pos="IN">without</wf>
<wf cmd="tag" pos="NN">control</wf>
<wf cmd="ignore" pos="IN">by</wf>
<wf cmd="ignore" pos="DT">the</wf>
<wf cmd="tag" pos="NN">government</wf>
<punc>''</punc>
<punc>.</punc>
</s>
</p>
<p pnum="11">
<s snum="39">
<wf cmd="ignore" pos="DT">This</wf>
<wf cmd="tag" pos="NN">escape</wf>
<wf cmd="done" pos="VB" ot="notag">from</wf>
<wf cmd="tag" pos="NN">control</wf>
<wf cmd="done" pos="VBZ" ot="notag">has</wf>
<wf cmd="done" pos="VB" lemma="lead" wnsn="2" lexsn="2:42:04::">led</wf>
<wf cmd="done" pos="VB" ot="notag">to</wf>
<wf cmd="tag" pos="NN">management</wf>
<wf cmd="ignore" pos="POS">'s</wf>
<wf cmd="done" pos="VB" lemma="evaluate" wnsn="1" lexsn="2:31:00::">evaluating</wf>
<wf cmd="ignore" pos="DT">the</wf>
<wf cmd="tag" pos="NN">risk</wf>
<wf cmd="ignore" pos="IN">of</wf>
<wf cmd="tag" pos="JJ">occasional</wf>
<wf cmd="tag" pos="JJ">irrational</wf>
<wf cmd="tag" pos="NN">prosecution</wf>
<wf cmd="ignore" pos="IN">as</wf>
<wf cmd="tag" pos="JJ">worth</wf>
<wf cmd="tag" pos="RB">while</wf>
<punc>.</punc>
</s>
<s snum="40">
<wf cmd="ignore" pos="DT">A</wf>
<wf cmd="tag" pos="NN">plea</wf>
<wf cmd="ignore" pos="IN">of</wf>
<wf cmd="tag" pos="NN">nolo_contendere</wf>
<punc>,</punc>
<wf cmd="done" pos="VB" lemma="follow" wnsn="2" lexsn="2:42:00::">followed</wf>
<wf cmd="ignore" pos="IN">by</wf>
<wf cmd="ignore" pos="DT">a</wf>
<wf cmd="tag" pos="JJ">nominal</wf>
<wf cmd="tag" pos="JJ">fine</wf>
<punc>,</punc>
<wf cmd="tag" pos="RB">after_all</wf>
<wf cmd="done" pos="VB" lemma="be" wnsn="1" lexsn="2:42:03::">is</wf>
<wf cmd="ignore" pos="DT">a</wf>
<wf cmd="tag" pos="JJ">small</wf>
<wf cmd="tag" pos="NN">price</wf>
<wf cmd="ignore" pos="TO">to</wf>
<wf cmd="done" pos="VB" lemma="pay" wnsn="2" lexsn="2:32:00::">pay</wf>
<wf cmd="done" pos="VB" ot="notag">for</wf>
<wf cmd="ignore" pos="DT">this</wf>
<wf cmd="tag" pos="JJ">untrammeled</wf>
<wf cmd="tag" pos="NN">license</wf>
<punc>.</punc>
</s>
<s snum="41">
<punc>(</punc>
<wf cmd="ignore" pos="DT">The</wf>
<wf cmd="tag" pos="NNS">penalties</wf>
<wf cmd="done" pos="VB" lemma="hand_out" wnsn="1" lexsn="2:40:00::">handed_out</wf>
<wf cmd="ignore" pos="IN">in</wf>
<wf cmd="ignore" pos="DT">the</wf>
<wf cmd="tag" pos="JJ">electrical</wf>
<wf cmd="tag" pos="NN">case</wf>
<punc>,</punc>
<wf cmd="ignore" pos="WDT">which</wf>
<wf cmd="done" pos="VB" lemma="include" wnsn="1" lexsn="2:42:00::">included</wf>
<wf cmd="tag" pos="NN">jail</wf>
<wf cmd="tag" pos="NNS">sentences</wf>
<punc>,</punc>
<wf cmd="done" pos="VB" lemma="be" wnsn="1" lexsn="2:42:03::">were</wf>
<wf cmd="tag" pos="JJ">unprecedented</wf>
<wf cmd="ignore" pos="IN">in</wf>
<wf cmd="tag" pos="JJ">anti-trust</wf>
<wf cmd="tag" pos="NNS">prosecutions</wf>
<punc>,</punc>
<wf cmd="tag" pos="RB">perhaps</wf>
<wf cmd="ignore" pos="IN">because</wf>
<wf cmd="ignore" pos="DT">the</wf>
<wf cmd="tag" pos="NNS">conspirators</wf>
<wf cmd="done" pos="VBD" ot="metaphor">had</wf>
<wf cmd="done" pos="VB" lemma="display" wnsn="0" lexsn="2:39:01::">displayed</wf>
<wf cmd="tag" pos="JJ">unusual</wf>
<wf cmd="tag" pos="NN">ineptness</wf>
<wf cmd="ignore" pos="IN">in</wf>
<wf cmd="ignore" pos="PRP$">their</wf>
<wf cmd="tag" pos="NN">pricing</wf>
<wf cmd="tag" pos="NNS">activities</wf>
<punc>.</punc>
<punc>)</punc>
</s>
</p>
<p pnum="12">
<s snum="42">
<wf cmd="ignore" pos="IN">If</wf>
<wf cmd="ignore" pos="DT">a</wf>
<wf cmd="tag" pos="NN">substitute</wf>
<wf cmd="tag" pos="NN">mechanism</wf>
<wf cmd="done" pos="VBZ" ot="notag">is</wf>
<wf cmd="done" pos="VB" lemma="need" wnsn="2" lexsn="2:34:00::">needed</wf>
<wf cmd="ignore" pos="IN">for</wf>
<wf cmd="ignore" pos="DT">the</wf>
<wf cmd="tag" pos="NN">control</wf>
<wf cmd="ignore" pos="IN">of</wf>
<wf cmd="ignore" pos="DT">a</wf>
<wf cmd="tag" pos="JJ">fictitious</wf>
<wf cmd="tag" pos="JJ">impersonal</wf>
<wf cmd="tag" pos="NN">market</wf>
<punc>,</punc>
<wf cmd="tag" pos="RB">quite</wf>
<wf cmd="tag" pos="RB">obviously</wf>
<wf cmd="ignore" pos="DT">some</wf>
<wf cmd="tag" pos="NN">method</wf>
<wf cmd="ignore" pos="MD">must</wf>
<wf cmd="done" pos="VB" ot="notag">be</wf>
<wf cmd="done" pos="VB" lemma="devise" wnsn="1" lexsn="2:36:00::">devised</wf>
<wf cmd="ignore" pos="IN">for</wf>
<wf cmd="done" pos="VB" lemma="represent" wnsn="5" lexsn="2:32:00::">representing</wf>
<wf cmd="ignore" pos="DT">the</wf>
<wf cmd="tag" pos="JJ">public</wf>
<wf cmd="tag" pos="NN">interest</wf>
<punc>.</punc>
</s>
<s snum="43">
<wf cmd="ignore" pos="DT">A</wf>
<wf cmd="tag" pos="JJ">secret</wf>
<wf cmd="tag" pos="NN">conspiracy</wf>
<wf cmd="ignore" pos="IN">of</wf>
<wf cmd="tag" pos="NNS">manufacturers</wf>
<wf cmd="done" pos="VB" lemma="be" wnsn="1" lexsn="2:42:03::">is</wf>
<wf cmd="tag" pos="RB">hardly</wf>
<wf cmd="tag" pos="JJ">such</wf>
<wf cmd="ignore" pos="DT">a</wf>
<wf cmd="tag" pos="NN">vehicle</wf>
<punc>.</punc>
</s>
<s snum="44">
<wf cmd="tag" pos="RB">However</wf>
<punc>,</punc>
<wf cmd="tag" pos="CD">one</wf>
<wf cmd="ignore" pos="MD">can</wf>
<wf cmd="done" pos="VB" lemma="argue" wnsn="1" lexsn="2:32:02::">argue</wf>
<wf cmd="ignore" pos="IN">that</wf>
<wf cmd="ignore" pos="DT">no</wf>
<wf cmd="tag" pos="JJ">such</wf>
<wf cmd="tag" pos="NN">control</wf>
<wf cmd="done" pos="VB" lemma="be" wnsn="1" lexsn="2:42:03::">is</wf>
<wf cmd="tag" pos="JJ">necessary</wf>
<wf cmd="tag" pos="RB">as</wf>
<wf cmd="tag" pos="JJ">long</wf>
<wf cmd="ignore" pos="IN">as</wf>
<wf cmd="tag" pos="CD">one</wf>
<wf cmd="done" pos="VB" lemma="pretend" wnsn="1" lexsn="2:32:00::">pretends</wf>
<wf cmd="ignore" pos="IN">that</wf>
<wf cmd="ignore" pos="DT">the</wf>
<wf cmd="tag" pos="JJ">anti-trust</wf>
<wf cmd="tag" pos="NNS">laws</wf>
<wf cmd="done" pos="VB" lemma="be" wnsn="1" lexsn="2:42:03::">are</wf>
<wf cmd="tag" pos="JJ">effective</wf>
<wf cmd="ignore" pos="CC">and</wf>
<wf cmd="tag" pos="JJ">rational</wf>
<punc>.</punc>
</s>
<s snum="45">
<wf cmd="tag" pos="RB">Quite</wf>
<wf cmd="tag" pos="RB">clearly</wf>
<wf cmd="ignore" pos="DT">the</wf>
<wf cmd="tag" pos="JJ">anti-trust</wf>
<wf cmd="tag" pos="NNS">laws</wf>
<wf cmd="done" pos="VB" lemma="be" wnsn="1" lexsn="2:42:03::">are</wf>
<wf cmd="ignore" pos="DT">neither</wf>
<wf cmd="tag" pos="JJ">effective</wf>
<wf cmd="ignore" pos="CC">nor</wf>
<wf cmd="tag" pos="JJ">rational</wf>
<punc>-</punc>
<wf cmd="ignore" pos="CC">and</wf>
<wf cmd="tag" pos="RB">yet</wf>
<wf cmd="ignore" pos="DT">the</wf>
<wf cmd="tag" pos="NN">argument</wf>
<wf cmd="done" pos="VB" lemma="go" wnsn="6" lexsn="2:42:02::">goes</wf>
<wf cmd="ignore" pos="IN">that</wf>
<wf cmd="ignore" pos="PRP">they</wf>
<wf cmd="ignore" pos="MD">should</wf>
<wf cmd="done" pos="VB" ot="notag">be</wf>
<wf cmd="done" pos="VB" lemma="extend" wnsn="4" lexsn="2:40:05::">extended</wf>
<wf cmd="done" pos="VB" ot="notag">to</wf>
<wf cmd="ignore" pos="DT">the</wf>
<wf cmd="tag" pos="NN">labor_union</wf>
<punc>.</punc>
</s>
</p>
<p pnum="13">
<s snum="46">
<wf cmd="ignore" pos="DT">Those</wf>
<wf cmd="ignore" pos="WP">who</wf>
<wf cmd="done" pos="VB" lemma="favor" wnsn="2" lexsn="2:31:00::">favor</wf>
<wf cmd="done" pos="VB" lemma="place" wnsn="2" lexsn="2:41:01::">placing</wf>
<wf cmd="tag" pos="NN">trade_unions</wf>
<wf cmd="ignore" pos="IN">under</wf>
<wf cmd="tag" pos="JJ">anti-trust</wf>
<wf cmd="tag" pos="NNS">laws</wf>
<wf cmd="done" pos="VB" lemma="imply" wnsn="1" lexsn="2:32:00::">imply</wf>
<wf cmd="ignore" pos="IN">that</wf>
<wf cmd="ignore" pos="PRP">they</wf>
<wf cmd="done" pos="VBP" ot="notag">are</wf>
<wf cmd="done" pos="VB" lemma="advocate" wnsn="1" lexsn="2:32:00::">advocating</wf>
<wf cmd="ignore" pos="DT">a</wf>
<wf cmd="tag" pos="NN">brand</wf>
<wf cmd="tag" pos="JJ">new</wf>
<wf cmd="tag" pos="NN">reform</wf>
<punc>.</punc>
</s>
</p>
<p pnum="14">
<s snum="47">
<wf cmd="ignore" pos="IN">Before</wf>
<wf cmd="tag" pos="CD">1933</wf>
<punc>,</punc>
<wf cmd="tag" pos="NNS">individuals</wf>
<wf cmd="ignore" pos="WP">who</wf>
<wf cmd="done" pos="VB" lemma="oppose" wnsn="1" lexsn="2:32:01::">opposed</wf>
<wf cmd="tag" pos="NN">trade_unions</wf>
<wf cmd="ignore" pos="CC">and</wf>
<wf cmd="tag" pos="NN">collective_bargaining</wf>
<wf cmd="done" pos="VB" lemma="say" wnsn="1" lexsn="2:32:00::">said</wf>
<wf cmd="tag" pos="RB">so</wf>
<wf cmd="ignore" pos="IN">in</wf>
<wf cmd="tag" pos="JJ">plain</wf>
<wf cmd="tag" pos="NNP">English</wf>
<punc>.</punc>
</s>
<s snum="48">
<wf cmd="ignore" pos="DT">The</wf>
<wf cmd="tag" pos="NN">acceptance</wf>
<wf cmd="tag" pos="RB">of</wf>
<wf cmd="tag" pos="NN">collective_bargaining</wf>
<wf cmd="ignore" pos="IN">as</wf>
<wf cmd="ignore" pos="DT">a</wf>
<wf cmd="tag" pos="JJ">national</wf>
<wf cmd="tag" pos="NN">policy</wf>
<wf cmd="ignore" pos="IN">in</wf>
<wf cmd="tag" pos="CD">1934</wf>
<punc>,</punc>
<wf cmd="tag" pos="JJ">implicit_in</wf>
<wf cmd="ignore" pos="DT">the</wf>
<wf cmd="done" pos="VB" lemma="write" wnsn="1" lexsn="2:36:00::">writing</wf>
<wf cmd="done" pos="VB" ot="notag">of</wf>
<wf cmd="tag" pos="NN">Section</wf>
<wf cmd="tag" pos="CD">7</wf>
<wf cmd="ignore" pos="DT">A</wf>
<wf cmd="ignore" pos="IN">of</wf>
<wf cmd="ignore" pos="DT">the</wf>
<wf cmd="tag" pos="NNP">National_Industrial_Recovery_Act</wf>
<punc>,</punc>
<wf cmd="done" pos="VBZ" ot="notag">has</wf>
<wf cmd="done" pos="VB" lemma="make" wnsn="2" lexsn="2:30:00::">made</wf>
<wf cmd="done" pos="VB" ot="notag">it</wf>
<wf cmd="tag" pos="JJ">impolitic</wf>
<wf cmd="ignore" pos="TO">to</wf>
<wf cmd="done" pos="VB" lemma="oppose" wnsn="1" lexsn="2:32:01::">oppose</wf>
<wf cmd="tag" pos="NN">collective_bargaining</wf>
<wf cmd="tag" pos="RB">in_principle</wf>
<punc>.</punc>
</s>
<s snum="49">
<wf cmd="ignore" pos="DT">The</wf>
<wf cmd="tag" pos="NNP">Wagner_Act</wf>
<punc>,</punc>
<wf cmd="ignore" pos="DT">the</wf>
<wf cmd="tag" pos="NNP">Taft-Hartley_Act</wf>
<wf cmd="ignore" pos="CC">and</wf>
<wf cmd="ignore" pos="DT">the</wf>
<wf cmd="tag" pos="NNP">Landrum-Griffin_Act</wf>
<wf cmd="ignore" pos="DT">all</wf>
<wf cmd="done" pos="VB" lemma="endorse" wnsn="1" lexsn="2:41:00::">endorse</wf>
<wf cmd="ignore" pos="DT">the</wf>
<wf cmd="tag" pos="NN">principle</wf>
<wf cmd="ignore" pos="IN">of</wf>
<wf cmd="tag" pos="NN">collective_bargaining</wf>
<punc>.</punc>
</s>
</p>
<p pnum="15">
<s snum="50">
<wf cmd="ignore" pos="DT">The</wf>
<wf cmd="tag" pos="JJ">basic</wf>
<wf cmd="tag" pos="NN">purpose</wf>
<wf cmd="ignore" pos="IN">of</wf>
<wf cmd="ignore" pos="DT">an</wf>
<wf cmd="tag" pos="JJ">effective</wf>
<wf cmd="tag" pos="JJ">collective-bargaining</wf>
<wf cmd="tag" pos="NN">system</wf>
<wf cmd="done" pos="VB" lemma="be" wnsn="1" lexsn="2:42:03::">is</wf>
<wf cmd="ignore" pos="DT">the</wf>
<wf cmd="tag" pos="NN">removal</wf>
<wf cmd="ignore" pos="IN">of</wf>
<wf cmd="tag" pos="NNS">wages</wf>
<wf cmd="ignore" pos="IN">from</wf>
<wf cmd="tag" pos="NN">competition</wf>
<punc>.</punc>
</s>
<s snum="51">
<wf cmd="ignore" pos="IN">If</wf>
<wf cmd="ignore" pos="DT">a</wf>
<wf cmd="tag" pos="NN">union</wf>
<wf cmd="ignore" pos="MD">cannot</wf>
<wf cmd="done" pos="VB" lemma="perform" wnsn="2" lexsn="2:41:02::">perform</wf>
<wf cmd="ignore" pos="DT">this</wf>
<wf cmd="tag" pos="NN">function</wf>
<punc>,</punc>
<wf cmd="tag" pos="RB">then</wf>
<wf cmd="tag" pos="NN">collective_bargaining</wf>
<wf cmd="done" pos="VBZ" ot="notag">is</wf>
<wf cmd="done" pos="VBG" ot="notag">being</wf>
<wf cmd="done" pos="VB" lemma="palm_off" wnsn="1" lexsn="2:40:00::">palmed_off</wf>
<wf cmd="tag" pos="RB">by</wf>
<wf cmd="tag" pos="NNS">organizers</wf>
<wf cmd="ignore" pos="IN">as</wf>
<wf cmd="ignore" pos="DT">a</wf>
<wf cmd="tag" pos="JJ">gigantic</wf>
<wf cmd="tag" pos="NN">fraud</wf>
<punc>.</punc>
</s>
</p>
<p pnum="16">
<s snum="52">
<wf cmd="ignore" pos="DT">The</wf>
<wf cmd="tag" pos="JJ">tortured</wf>
<wf cmd="tag" pos="NN">reasoning</wf>
<wf cmd="ignore" pos="IN">that</wf>
<wf cmd="tag" pos="NNS">unions</wf>
<wf cmd="done" pos="VB" lemma="use" wnsn="1" lexsn="2:34:01::">use</wf>
<wf cmd="ignore" pos="TO">to</wf>
<wf cmd="done" pos="VB" lemma="deny" wnsn="1" lexsn="2:32:00::">deny</wf>
<wf cmd="ignore" pos="PRP$">their</wf>
<wf cmd="tag" pos="NN">ambition</wf>
<wf cmd="ignore" pos="TO">to</wf>
<wf cmd="done" pos="VB" lemma="exercise" wnsn="1" lexsn="2:34:00::">exercise</wf>
<wf cmd="tag" pos="NN">monopoly</wf>
<wf cmd="tag" pos="NN">power</wf>
<wf cmd="ignore" pos="IN">over</wf>
<wf cmd="ignore" pos="DT">the</wf>
<wf cmd="tag" pos="NN">supply</wf>
<wf cmd="ignore" pos="CC">and</wf>
<wf cmd="tag" pos="NN">price</wf>
<wf cmd="ignore" pos="IN">of</wf>
<wf cmd="tag" pos="NN">labor</wf>
<wf cmd="done" pos="VB" lemma="be" wnsn="1" lexsn="2:42:03::">is</wf>
<wf cmd="tag" pos="CD">one</wf>
<wf cmd="ignore" pos="IN">of</wf>
<wf cmd="ignore" pos="DT">the</wf>
<wf cmd="tag" pos="NNS">things</wf>
<wf cmd="ignore" pos="WDT">that</wf>
<wf cmd="done" pos="VB" lemma="create" wnsn="1" lexsn="2:36:00::">create</wf>
<wf cmd="ignore" pos="DT">a</wf>
<wf cmd="tag" pos="NN">legal_profession</wf>
<punc>.</punc>
</s>
<s snum="53">
<wf cmd="ignore" pos="DT">The</wf>
<wf cmd="tag" pos="NN">problem</wf>
<wf cmd="ignore" pos="MD">must</wf>
<wf cmd="done" pos="VB" ot="notag">be</wf>
<wf cmd="done" pos="VB" lemma="face" wnsn="1" lexsn="2:32:00::">faced</wf>
<wf cmd="tag" pos="RB">squarely</wf>
<punc>.</punc>
</s>
<s snum="54">
<wf cmd="ignore" pos="IN">If</wf>
<wf cmd="tag" pos="NNS">laborers</wf>
<wf cmd="done" pos="VB" lemma="be" wnsn="1" lexsn="2:42:03::">are</wf>
<wf cmd="tag" pos="RB">merely</wf>
<wf cmd="tag" pos="NNS">commodities</wf>
<wf cmd="done" pos="VB" lemma="compete" wnsn="1" lexsn="2:33:00::">competing</wf>
<wf cmd="ignore" pos="IN">against</wf>
<wf cmd="ignore" pos="DT">each</wf>
<wf cmd="tag" pos="NN">other</wf>
<wf cmd="ignore" pos="IN">in</wf>
<wf cmd="ignore" pos="DT">a</wf>
<wf cmd="tag" pos="NN">market</wf>
<wf cmd="tag" pos="NN">place</wf>
<wf cmd="ignore" pos="IN">like</wf>
<wf cmd="tag" pos="RB">so</wf>
<wf cmd="tag" pos="JJ">many</wf>
<wf cmd="tag" pos="NNS">bags</wf>
<wf cmd="ignore" pos="IN">of</wf>
<wf cmd="tag" pos="NN">wheat</wf>
<wf cmd="ignore" pos="CC">and</wf>
<wf cmd="tag" pos="NN">corn</wf>
<punc>(</punc>
<wf cmd="tag" pos="JJ">unsupported</wf>
<punc>,</punc>
<wf cmd="tag" pos="RB">by_the_way</wf>
<punc>,</punc>
<wf cmd="ignore" pos="IN">by</wf>
<wf cmd="ignore" pos="DT">any</wf>
<wf cmd="tag" pos="JJ">agricultural</wf>
<wf cmd="tag" pos="NN">subsidy</wf>
<punc>)</punc>
<punc>,</punc>
<wf cmd="tag" pos="RB">then</wf>
<wf cmd="ignore" pos="PRP">they</wf>
<wf cmd="ignore" pos="MD">may</wf>
<wf cmd="done" pos="VB" ot="notag">be</wf>
<wf cmd="done" pos="VB" lemma="pardon" wnsn="1" lexsn="2:32:01::">pardoned</wf>
<wf cmd="ignore" pos="IN">for</wf>
<wf cmd="done" pos="VB" lemma="react" wnsn="1" lexsn="2:31:00::">reacting</wf>
<wf cmd="ignore" pos="IN">with</wf>
<wf cmd="tag" pos="JJ">complete</wf>
<wf cmd="tag" pos="NN">antagonism</wf>
<wf cmd="ignore" pos="TO">to</wf>
<wf cmd="ignore" pos="DT">a</wf>
<wf cmd="tag" pos="NN">system</wf>
<wf cmd="ignore" pos="WDT">that</wf>
<wf cmd="done" pos="VB" lemma="impose" wnsn="2" lexsn="2:32:00::">imposes</wf>
<wf cmd="tag" pos="JJ">such</wf>
<wf cmd="tag" pos="NN">status</wf>
<wf cmd="ignore" pos="IN">upon</wf>
<wf cmd="ignore" pos="PRP">them</wf>
<punc>.</punc>
</s>
</p>
<p pnum="17">
<s snum="55">
<wf cmd="tag" pos="NNP">Human</wf>
<wf cmd="tag" pos="NN">labor</wf>
<wf cmd="done" pos="VB" lemma="be" wnsn="1" lexsn="2:42:03::">was</wf>
<wf cmd="tag" pos="RB">exactly</wf>
<wf cmd="ignore" pos="IN">that</wf>
<punc>-</punc>
<wf cmd="ignore" pos="DT">a</wf>
<wf cmd="tag" pos="NN">commodity</wf>
<punc>-</punc>
<wf cmd="ignore" pos="IN">in</wf>
<wf cmd="tag" pos="JJ">eighteenth</wf>
<punc>-</punc>
<wf cmd="ignore" pos="CC">and</wf>
<wf cmd="tag" pos="JJ">nineteenth-century</wf>
<wf cmd="tag" pos="NNP">America</wf>
<punc>.</punc>
</s>
<s snum="56">
<wf cmd="tag" pos="RB">As</wf>
<wf cmd="tag" pos="JJ">early</wf>
<wf cmd="ignore" pos="IN">as</wf>
<wf cmd="tag" pos="CD">1776</wf>
<punc>,</punc>
<wf cmd="tag" pos="NNP">Adam_Smith</wf>
<wf cmd="done" pos="VB" lemma="write" wnsn="3" lexsn="2:36:02::">wrote</wf>
<wf cmd="ignore" pos="IN">in</wf>
<wf cmd="ignore" pos="DT">The</wf>
<wf cmd="tag" pos="NNP">Wealth</wf>
<wf cmd="ignore" pos="IN">of</wf>
<wf cmd="tag" pos="NNPS">Nations</wf>
<punc>:</punc>
<punc>``</punc>
<wf cmd="ignore" pos="PRP">We</wf>
<wf cmd="done" pos="VB" lemma="have" wnsn="1" lexsn="2:40:00::">have</wf>
<wf cmd="ignore" pos="DT">no</wf>
<wf cmd="tag" pos="NNS">acts</wf>
<wf cmd="ignore" pos="IN">of</wf>
<wf cmd="tag" pos="NNP">Parliament</wf>
<wf cmd="ignore" pos="IN">against</wf>
<wf cmd="done" pos="VB" lemma="combine" wnsn="5" lexsn="2:41:00::">combining</wf>
<wf cmd="ignore" pos="TO">to</wf>
<wf cmd="done" pos="VB" lemma="lower" wnsn="2" lexsn="2:30:01::">lower</wf>
<wf cmd="ignore" pos="DT">the</wf>
<wf cmd="tag" pos="NN">price</wf>
<wf cmd="ignore" pos="IN">of</wf>
<wf cmd="tag" pos="NN">work</wf>
<punc>;</punc>
<wf cmd="ignore" pos="CC">but</wf>
<wf cmd="tag" pos="JJ">many</wf>
<wf cmd="ignore" pos="IN">against</wf>
<wf cmd="done" pos="VB" lemma="combine" wnsn="5" lexsn="2:41:00::">combining</wf>
<wf cmd="ignore" pos="TO">to</wf>
<wf cmd="done" pos="VB" lemma="raise" wnsn="1" lexsn="2:30:01::">raise</wf>
<wf cmd="ignore" pos="PRP">it</wf>
<punc>''</punc>
<punc>.</punc>
</s>
<s snum="57">
<wf cmd="tag" pos="JJ">Eighteenth-century</wf>
<wf cmd="tag" pos="NNP">England</wf>
<punc>,</punc>
<wf cmd="ignore" pos="IN">upon</wf>
<wf cmd="ignore" pos="WP$">whose</wf>
<wf cmd="tag" pos="NNS">customs</wf>
<wf cmd="ignore" pos="PRP$">our</wf>
<wf cmd="tag" pos="NN">common_law</wf>
<wf cmd="done" pos="VB" ot="notag">was</wf>
<wf cmd="done" pos="VB" lemma="build" wnsn="3" lexsn="2:36:09::">built</wf>
<punc>,</punc>
<wf cmd="done" pos="VBD" ot="notag">had</wf>
<wf cmd="done" pos="VB" lemma="outlaw" wnsn="1" lexsn="2:41:00::">outlawed</wf>
<wf cmd="tag" pos="NNS">unions</wf>
<wf cmd="ignore" pos="IN">as</wf>
<wf cmd="tag" pos="NNS">monopolies</wf>
<wf cmd="ignore" pos="CC">and</wf>
<wf cmd="tag" pos="NNS">conspiracies</wf>
<punc>.</punc>
</s>
<s snum="58">
<wf cmd="ignore" pos="IN">In</wf>
<wf cmd="tag" pos="CD">1825</wf>
<punc>,</punc>
<wf cmd="ignore" pos="DT">the</wf>
<wf cmd="tag" pos="NNP">Boston</wf>
<wf cmd="tag" pos="NN">house</wf>
<wf cmd="tag" pos="NNS">carpenters</wf>
<punc>'</punc>
<wf cmd="tag" pos="NN">strike</wf>
<wf cmd="ignore" pos="IN">for</wf>
<wf cmd="ignore" pos="DT">a</wf>
<wf cmd="tag" pos="JJ">ten-hour</wf>
<wf cmd="tag" pos="NN">day</wf>
<wf cmd="done" pos="VBD" ot="notag">was</wf>
<wf cmd="done" pos="VB" lemma="denounce" wnsn="1" lexsn="2:32:00::">denounced</wf>
<wf cmd="ignore" pos="IN">by</wf>
<wf cmd="ignore" pos="DT">the</wf>
<wf cmd="tag" pos="JJ">organized</wf>
<wf cmd="tag" pos="NNS">employers</wf>
<punc>,</punc>
<wf cmd="ignore" pos="WP">who</wf>
<wf cmd="done" pos="VB" lemma="declare" wnsn="1" lexsn="2:32:00::">declared</wf>
<punc>:</punc>
<punc>``</punc>
<wf cmd="ignore" pos="PRP">It</wf>
<wf cmd="done" pos="VBZ" ot="notag">is</wf>
<wf cmd="done" pos="VB" lemma="consider" wnsn="1" lexsn="2:31:00::">considered</wf>
<wf cmd="ignore" pos="IN">that</wf>
<wf cmd="ignore" pos="DT">all</wf>
<wf cmd="tag" pos="NNS">combinations</wf>
<wf cmd="ignore" pos="IN">by</wf>
<wf cmd="ignore" pos="DT">any</wf>
<wf cmd="tag" pos="NNS">classes</wf>
<wf cmd="ignore" pos="IN">of</wf>
<wf cmd="tag" pos="NNS">citizens</wf>
<wf cmd="done" pos="VB" lemma="intend" wnsn="1" lexsn="2:31:00::">intended</wf>
<wf cmd="ignore" pos="TO">to</wf>
<wf cmd="done" rdf="affect" pos="VB" lemma="affect" wnsn="1" lexsn="2:30:00::">effect</wf>
<wf cmd="ignore" pos="DT">the</wf>
<wf cmd="tag" pos="NN">value</wf>
<wf cmd="ignore" pos="IN">of</wf>
<wf cmd="tag" pos="NN">labor</wf>
<wf cmd="done" pos="VB" lemma="tend" wnsn="1" lexsn="2:42:01::">tend</wf>
<wf cmd="done" pos="VB" ot="notag">to</wf>
<wf cmd="done" pos="VB" lemma="convert" wnsn="1" lexsn="2:30:00::">convert</wf>
<wf cmd="ignore" pos="DT">all</wf>
<wf cmd="ignore" pos="PRP$">its</wf>
<wf cmd="tag" pos="NNS">branches</wf>
<wf cmd="ignore" pos="IN">into</wf>
<wf cmd="tag" pos="NNS">monopolies</wf>
<punc>''</punc>
<punc>.</punc>
</s>
</p>
<p pnum="18">
<s snum="59">
<wf cmd="ignore" pos="EX">There</wf>
<wf cmd="done" pos="VB" lemma="be" wnsn="5" lexsn="2:42:04::">were</wf>
<wf cmd="ignore" pos="DT">no</wf>
<wf cmd="tag" pos="JJ">pious</wf>
<wf cmd="tag" pos="NNS">hypocrisies</wf>
<wf cmd="tag" pos="RB">then</wf>
<wf cmd="ignore" pos="IN">about</wf>
<wf cmd="done" pos="VB" lemma="be" wnsn="1" lexsn="2:42:03::">being</wf>
<wf cmd="ignore" pos="IN">for</wf>
<wf cmd="tag" pos="NN">collective_bargaining</wf>
<punc>,</punc>
<wf cmd="ignore" pos="CC">but</wf>
<wf cmd="ignore" pos="IN">against</wf>
<wf cmd="tag" pos="NN">labor</wf>
<wf cmd="tag" pos="NN">monopoly</wf>
<punc>.</punc>
</s>
<s snum="60">
<wf cmd="ignore" pos="DT">The</wf>
<wf cmd="tag" pos="NNS">courts</wf>
<wf cmd="done" pos="VB" lemma="share" wnsn="1" lexsn="2:42:00::">shared</wf>
<wf cmd="ignore" pos="DT">the</wf>
<wf cmd="tag" pos="NN">opinion</wf>
<wf cmd="ignore" pos="IN">of</wf>
<wf cmd="ignore" pos="DT">the</wf>
<wf cmd="tag" pos="NNS">employers</wf>
<punc>.</punc>
</s>
<s snum="61">
<wf cmd="ignore" pos="IN">In</wf>
<wf cmd="tag" pos="NNS">People</wf>
<wf cmd="ignore" pos="IN">vs.</wf>
<wf cmd="tag" pos="NNP">Fisher</wf>
<punc>,</punc>
<wf cmd="tag" pos="NNP">Justice_Savage</wf>
<wf cmd="ignore" pos="IN">of</wf>
<wf cmd="ignore" pos="DT">the</wf>
<wf cmd="tag" pos="NN">New_York</wf>
<wf cmd="tag" pos="NN">Supreme_Court</wf>
<wf cmd="done" pos="VB" lemma="declare" wnsn="1" lexsn="2:32:00::">declared</wf>
<punc>:</punc>
</s>
</p>
<p pnum="19">
<s snum="62">
<punc>``</punc>
<wf cmd="ignore" pos="IN">Without</wf>
<wf cmd="ignore" pos="DT">any</wf>
<wf cmd="tag" pos="JJ">officious</wf>
<wf cmd="ignore" pos="CC">and</wf>
<wf cmd="tag" pos="JJ">improper</wf>
<wf cmd="tag" pos="NN">interference</wf>
<wf cmd="ignore" pos="IN">on</wf>
<wf cmd="ignore" pos="DT">the</wf>
<wf cmd="tag" pos="NN">subject</wf>
<punc>,</punc>
<wf cmd="ignore" pos="DT">the</wf>
<wf cmd="tag" pos="NN">price</wf>
<wf cmd="ignore" pos="IN">of</wf>
<wf cmd="tag" pos="NN">labor</wf>
<wf cmd="ignore" pos="CC">or</wf>
<wf cmd="ignore" pos="DT">the</wf>
<wf cmd="tag" pos="NNS">wages</wf>
<wf cmd="ignore" pos="IN">of</wf>
<wf cmd="tag" pos="NNS">mechanics</wf>
<wf cmd="ignore" pos="MD">will</wf>
<wf cmd="done" pos="VB" ot="notag">be</wf>
<wf cmd="done" pos="VB" lemma="regulate" wnsn="3" lexsn="2:31:00::">regulated</wf>
<wf cmd="ignore" pos="IN">by</wf>
<wf cmd="ignore" pos="DT">the</wf>
<wf cmd="tag" pos="NN">demand</wf>
<wf cmd="ignore" pos="IN">for</wf>
<wf cmd="ignore" pos="DT">the</wf>
<wf cmd="tag" pos="JJ">manufactured</wf>
<wf cmd="tag" pos="NN">article</wf>
<wf cmd="ignore" pos="CC">and</wf>
<wf cmd="ignore" pos="DT">the</wf>
<wf cmd="tag" pos="NN">value</wf>
<wf cmd="tag" pos="RB">of_that</wf>
<wf cmd="ignore" pos="WDT">which</wf>
<wf cmd="done" pos="VBZ" ot="notag">is</wf>
<wf cmd="done" pos="VB" lemma="pay" wnsn="1" lexsn="2:40:00::">paid</wf>
<wf cmd="done" pos="VB" ot="notag">for</wf>
<wf cmd="ignore" pos="PRP">it</wf>
<punc>;</punc>
<wf cmd="ignore" pos="CC">but</wf>
<wf cmd="ignore" pos="DT">the</wf>
<wf cmd="tag" pos="NN">right</wf>
<wf cmd="done" pos="VBZ" ot="notag">does</wf>
<wf cmd="tag" pos="RB">not</wf>
<wf cmd="done" pos="VB" lemma="exist" wnsn="1" lexsn="2:42:00::">exist</wf>
<wf cmd="ignore" pos="TO">to</wf>
<wf cmd="done" pos="VB" lemma="raise" wnsn="1" lexsn="2:30:01::">raise</wf>
<wf cmd="ignore" pos="DT">the</wf>
<wf cmd="tag" pos="NNS">wages</wf>
<wf cmd="ignore" pos="IN">of</wf>
<wf cmd="ignore" pos="DT">the</wf>
<wf cmd="tag" pos="NN">mechanic</wf>
<wf cmd="ignore" pos="IN">by</wf>
<wf cmd="ignore" pos="DT">any</wf>
<wf cmd="tag" pos="JJ">forced</wf>
<wf cmd="ignore" pos="CC">and</wf>
<wf cmd="tag" pos="JJ">artificial</wf>
<wf cmd="tag" pos="NN">means</wf>
<punc>''</punc>
<punc>.</punc>
</s>
</p>
<p pnum="20">
<s snum="63">
<wf cmd="done" pos="VB" lemma="compare" wnsn="1" lexsn="2:31:00::">Compare</wf>
<wf cmd="ignore" pos="DT">this</wf>
<wf cmd="tag" pos="NN">statement</wf>
<wf cmd="ignore" pos="IN">of</wf>
<wf cmd="ignore" pos="DT">a</wf>
<wf cmd="tag" pos="JJ">nineteenth-century</wf>
<wf cmd="tag" pos="NN">judge</wf>
<wf cmd="ignore" pos="IN">with</wf>
<wf cmd="ignore" pos="WRB">how</wf>
<wf cmd="tag" pos="NNP">Congressman_Martin</wf>
<punc>,</punc>
<wf cmd="done" pos="VB" ot="notag">according_to</wf>
<wf cmd="ignore" pos="DT">the</wf>
<wf cmd="tag" pos="NNP">Daily_Labor_Report</wf>
<wf cmd="ignore" pos="IN">of</wf>
<wf cmd="tag" pos="NNP">Sept.</wf>
<wf cmd="tag" pos="CD">19</wf>
<punc>,</punc>
<wf cmd="tag" pos="CD">1961</wf>
<punc>,</punc>
<wf cmd="done" pos="VB" lemma="defend" wnsn="1" lexsn="2:32:00::">defends</wf>
<wf cmd="ignore" pos="DT">the</wf>
<wf cmd="tag" pos="NN">necessity</wf>
<wf cmd="ignore" pos="IN">of</wf>
<wf cmd="done" pos="VB" lemma="enact" wnsn="1" lexsn="2:41:00::">enacting</wf>
<wf cmd="tag" pos="JJ">anti-trust</wf>
<wf cmd="tag" pos="NN">legislation</wf>
<wf cmd="ignore" pos="IN">in</wf>
<wf cmd="ignore" pos="DT">the</wf>
<wf cmd="tag" pos="NN">field</wf>
<wf cmd="ignore" pos="IN">of</wf>
<wf cmd="tag" pos="NN">labor</wf>
<punc>``</punc>
<wf cmd="ignore" pos="IN">if</wf>
<wf cmd="ignore" pos="PRP">we</wf>
<wf cmd="done" pos="VB" lemma="wish" wnsn="0" lexsn="2:31:00::">wish</wf>
<wf cmd="done" pos="VB" ot="notag">to</wf>
<wf cmd="done" pos="VB" lemma="prevent" wnsn="1" lexsn="2:41:01::">prevent</wf>
<wf cmd="tag" pos="JJ">monopolistic</wf>
<wf cmd="tag" pos="NN">fixing</wf>
<wf cmd="ignore" pos="IN">of</wf>
<wf cmd="tag" pos="NNS">wages</wf>
<punc>,</punc>
<wf cmd="tag" pos="NN">production</wf>
<wf cmd="ignore" pos="CC">or</wf>
<wf cmd="tag" pos="NNS">prices</wf>
<wf cmd="ignore" pos="CC">and</wf>
<wf cmd="ignore" pos="IN">if</wf>
<wf cmd="ignore" pos="PRP">we</wf>
<wf cmd="done" pos="VB" lemma="wish" wnsn="0" lexsn="2:31:00::">wish</wf>
<wf cmd="done" pos="VB" ot="notag">to</wf>
<wf cmd="done" pos="VB" lemma="preserve" wnsn="1" lexsn="2:42:00::">preserve</wf>
<wf cmd="ignore" pos="DT">the</wf>
<wf cmd="tag" pos="NN">freedom</wf>
<wf cmd="ignore" pos="IN">of</wf>
<wf cmd="ignore" pos="DT">the</wf>
<wf cmd="tag" pos="NN">employer</wf>
<wf cmd="ignore" pos="CC">and</wf>
<wf cmd="ignore" pos="PRP$">his</wf>
<wf cmd="tag" pos="NNS">employees</wf>
<wf cmd="ignore" pos="TO">to</wf>
<wf cmd="done" pos="VB" lemma="contract" wnsn="1" lexsn="2:32:00::">contract</wf>
<wf cmd="ignore" pos="IN">on</wf>
<wf cmd="tag" pos="NNS">wages</wf>
<punc>,</punc>
<wf cmd="tag" pos="NNS">hours</wf>
<wf cmd="ignore" pos="CC">and</wf>
<wf cmd="tag" pos="NNS">conditions</wf>
<wf cmd="ignore" pos="IN">of</wf>
<wf cmd="tag" pos="NN">employment</wf>
<punc>''</punc>
<punc>.</punc>
</s>
</p>
<p pnum="21">
<s snum="64">
<wf cmd="tag" pos="NNP">Senator_McClellan</wf>
<wf cmd="done" pos="VBZ" ot="notag">is</wf>
<wf cmd="done" pos="VB" lemma="propose" wnsn="2" lexsn="2:31:00::">proposing</wf>
<wf cmd="ignore" pos="DT">the</wf>
<wf cmd="tag" pos="NN">application</wf>
<wf cmd="ignore" pos="IN">of</wf>
<wf cmd="tag" pos="JJ">anti-trust</wf>
<wf cmd="tag" pos="NNS">measures</wf>
<wf cmd="ignore" pos="TO">to</wf>
<wf cmd="tag" pos="NNS">unions</wf>
<wf cmd="ignore" pos="IN">in</wf>
<wf cmd="tag" pos="NN">transportation</wf>
<punc>.</punc>
</s>
<s snum="65">
<wf cmd="ignore" pos="PRP$">His</wf>
<wf cmd="tag" pos="NN">bill</wf>
<punc>,</punc>
<wf cmd="tag" pos="RB">allegedly</wf>
<wf cmd="done" pos="VB" lemma="aim" wnsn="3" lexsn="2:32:09::">aimed</wf>
<wf cmd="done" pos="VB" ot="notag">at</wf>
<wf cmd="tag" pos="NNP">Hoffa</wf>
<punc>,</punc>
<wf cmd="ignore" pos="MD">would</wf>
<wf cmd="done" pos="VB" lemma="amend" wnsn="1" lexsn="2:32:00::">amend</wf>
<wf cmd="ignore" pos="DT">the</wf>
<wf cmd="tag" pos="NNP">Sherman</wf>
<punc>,</punc>
<wf cmd="tag" pos="NNP">Clayton</wf>
<wf cmd="ignore" pos="CC">and</wf>
<wf cmd="tag" pos="NNP">Norris-LaGuardia</wf>
<wf cmd="tag" pos="NNS">acts</wf>
<wf cmd="ignore" pos="TO">to</wf>
<wf cmd="done" pos="VB" lemma="authorize" wnsn="1" lexsn="2:32:00::">authorize</wf>
<wf cmd="ignore" pos="DT">the</wf>
<wf cmd="tag" pos="NN">issuance</wf>
<wf cmd="ignore" pos="IN">of</wf>
<wf cmd="tag" pos="JJ">federal</wf>
<wf cmd="tag" pos="NNS">injunctions</wf>
<wf cmd="ignore" pos="IN">in</wf>
<wf cmd="ignore" pos="DT">any</wf>
<wf cmd="tag" pos="NN">transportation</wf>
<wf cmd="tag" pos="NN">strike</wf>
<wf cmd="ignore" pos="CC">and</wf>
<wf cmd="ignore" pos="MD">would</wf>
<wf cmd="done" pos="VB" lemma="make" wnsn="2" lexsn="2:30:00::">make</wf>
<wf cmd="done" pos="VB" ot="notag">it</wf>
<wf cmd="tag" pos="JJ">illegal</wf>
<wf cmd="ignore" pos="IN">for</wf>
<wf cmd="ignore" pos="DT">any</wf>
<wf cmd="tag" pos="NN">union</wf>
<wf cmd="ignore" pos="TO">to</wf>
<wf cmd="done" pos="VB" lemma="act" wnsn="1" lexsn="2:41:00::">act</wf>
<wf cmd="tag" pos="RB">in_concert</wf>
<wf cmd="ignore" pos="IN">with</wf>
<wf cmd="ignore" pos="DT">any</wf>
<wf cmd="tag" pos="JJ">other</wf>
<wf cmd="tag" pos="NN">union</wf>
<punc>-</punc>
<wf cmd="tag" pos="RB">even</wf>
<wf cmd="ignore" pos="DT">a</wf>
<wf cmd="tag" pos="NN">sister</wf>
<wf cmd="tag" pos="JJ">local</wf>
<wf cmd="ignore" pos="IN">in</wf>
<wf cmd="ignore" pos="DT">the</wf>
<wf cmd="tag" pos="JJ">same</wf>
<wf cmd="tag" pos="NN">international</wf>
<punc>.</punc>
</s>
</p>
<p pnum="22">
<s snum="66">
<wf cmd="tag" pos="RB">Paradoxically</wf>
<punc>,</punc>
<wf cmd="ignore" pos="DT">the</wf>
<wf cmd="tag" pos="JJ">same</wf>
<wf cmd="tag" pos="NN">week</wf>
<wf cmd="tag" pos="RB">in_which</wf>
<wf cmd="tag" pos="NNP">Senator_McClellan</wf>
<wf cmd="done" pos="VBD" ot="notag">was</wf>
<wf cmd="done" pos="VB" lemma="attempt" wnsn="1" lexsn="2:41:00::">attempting</wf>
<wf cmd="ignore" pos="TO">to</wf>
<wf cmd="done" pos="VB" lemma="extend" wnsn="1" lexsn="2:30:01::">extend</wf>
<wf cmd="ignore" pos="DT">the</wf>
<wf cmd="tag" pos="JJ">anti-trust</wf>
<wf cmd="tag" pos="NN">act</wf>
<wf cmd="ignore" pos="TO">to</wf>
<wf cmd="tag" pos="NN">labor</wf>
<wf cmd="ignore" pos="IN">in</wf>
<wf cmd="tag" pos="NN">transportation</wf>
<punc>,</punc>
<wf cmd="ignore" pos="DT">the</wf>
<wf cmd="tag" pos="NNP">Civil_Aeronautics_Board</wf>
<wf cmd="done" pos="VBD" ot="notag">was</wf>
<wf cmd="done" pos="VB" lemma="assure" wnsn="2" lexsn="2:32:00::">assuring</wf>
<wf cmd="ignore" pos="DT">the</wf>
<wf cmd="tag" pos="NNS">airlines</wf>
<wf cmd="ignore" pos="IN">that</wf>
<wf cmd="ignore" pos="IN">if</wf>
<wf cmd="ignore" pos="PRP">they</wf>
<wf cmd="done" pos="VB" lemma="meet" wnsn="7" lexsn="2:41:00::">met</wf>
<wf cmd="tag" pos="RB">in_concert</wf>
<wf cmd="ignore" pos="TO">to</wf>
<wf cmd="done" pos="VB" lemma="eliminate" wnsn="1" lexsn="2:30:01::">eliminate</wf>
<wf cmd="tag" pos="JJ">many</wf>
<wf cmd="tag" pos="JJ">costly</wf>
<wf cmd="tag" pos="NNS">features</wf>
<wf cmd="ignore" pos="IN">of</wf>
<wf cmd="tag" pos="NN">air_travel</wf>
<punc>,</punc>
<wf cmd="ignore" pos="DT">the</wf>
<wf cmd="tag" pos="NN">action</wf>
<wf cmd="ignore" pos="MD">would</wf>
<wf cmd="tag" pos="RB">not</wf>
<wf cmd="done" pos="VB" ot="notag">be</wf>
<wf cmd="done" pos="VB" lemma="deem" wnsn="1" lexsn="2:31:00::">deemed</wf>
<wf cmd="ignore" pos="DT">a</wf>
<wf cmd="tag" pos="NN">violation</wf>
<wf cmd="ignore" pos="IN">of</wf>
<wf cmd="ignore" pos="DT">the</wf>
<wf cmd="tag" pos="JJ">anti-trust</wf>
<wf cmd="tag" pos="NN">act</wf>
<punc>.</punc>
</s>
<s snum="67">
<wf cmd="tag" pos="RB">Indeed</wf>
<punc>,</punc>
<wf cmd="ignore" pos="PRP">it</wf>
<wf cmd="done" pos="VB" lemma="be" wnsn="3" lexsn="2:42:05::">is</wf>
<wf cmd="ignore" pos="IN">in</wf>
<wf cmd="ignore" pos="DT">the</wf>
<wf cmd="tag" pos="NN">field</wf>
<wf cmd="ignore" pos="IN">of</wf>
<wf cmd="tag" pos="NN">transportation</wf>
<wf cmd="ignore" pos="IN">that</wf>
<wf cmd="tag" pos="NNP">Congress</wf>
<wf cmd="done" pos="VBZ" ot="notag">has</wf>
<wf cmd="tag" pos="RBS">most</wf>
<wf cmd="tag" pos="RB">frequently</wf>
<wf cmd="done" pos="VB" lemma="grant" wnsn="4" lexsn="2:40:00::">granted</wf>
<wf cmd="tag" pos="NNS">employers</wf>
<wf cmd="tag" pos="NN">exemption</wf>
<wf cmd="ignore" pos="IN">from</wf>
<wf cmd="ignore" pos="DT">the</wf>
<wf cmd="tag" pos="JJ">anti-trust</wf>
<wf cmd="tag" pos="NNS">laws</wf>
<punc>;</punc>
<wf cmd="tag" pos="RB">for_example</wf>
<punc>,</punc>
<wf cmd="ignore" pos="DT">the</wf>
<wf cmd="tag" pos="NN">organization</wf>
<wf cmd="ignore" pos="IN">of</wf>
<wf cmd="tag" pos="NN">steamship</wf>
<wf cmd="tag" pos="NNS">conferences</wf>
<wf cmd="ignore" pos="TO">to</wf>
<wf cmd="done" pos="VB" lemma="set" wnsn="2" lexsn="2:31:04::">set</wf>
<wf cmd="tag" pos="NN">freight_rates</wf>
<wf cmd="ignore" pos="CC">and</wf>
<wf cmd="ignore" pos="DT">the</wf>
<wf cmd="tag" pos="NN">encouragement</wf>
<wf cmd="ignore" pos="IN">of</wf>
<wf cmd="tag" pos="NNS">railroads</wf>
<wf cmd="ignore" pos="TO">to</wf>
<wf cmd="done" pos="VB" lemma="seek" wnsn="1" lexsn="2:40:00::">seek</wf>
<wf cmd="tag" pos="NNS">mergers</wf>
<punc>.</punc>
</s>
<s snum="68">
<wf cmd="ignore" pos="IN">At</wf>
<wf cmd="ignore" pos="DT">the</wf>
<wf cmd="tag" pos="JJ">very</wf>
<wf cmd="tag" pos="NN">moment</wf>
<wf cmd="ignore" pos="IN">that</wf>
<wf cmd="ignore" pos="DT">every</wf>
<wf cmd="tag" pos="NN">attempt</wf>
<wf cmd="done" pos="VBZ" ot="notag">is</wf>
<wf cmd="done" pos="VBG" ot="notag">being</wf>
<wf cmd="done" pos="VB" lemma="make" wnsn="1" lexsn="2:41:00::">made</wf>
<wf cmd="ignore" pos="TO">to</wf>
<wf cmd="done" rdf="take_out" pos="VB" lemma="take_out" wnsn="3" lexsn="2:30:00::">take</wf>
<wf cmd="tag" pos="NN">management</wf>
<wf cmd="tag" pos="RB">out</wf>
<wf cmd="ignore" pos="IN">from</wf>
<wf cmd="ignore" pos="IN">under</wf>
<wf cmd="ignore" pos="DT">the</wf>
<wf cmd="tag" pos="NN">irrationality</wf>
<wf cmd="ignore" pos="IN">of</wf>
<wf cmd="tag" pos="JJ">anti-trust</wf>
<wf cmd="tag" pos="NN">legislation</wf>
<punc>,</punc>
<wf cmd="ignore" pos="DT">a</wf>
<wf cmd="tag" pos="NN">drive</wf>
<wf cmd="done" pos="VB" lemma="be" wnsn="1" lexsn="2:42:03::">is</wf>
<wf cmd="done" pos="VB" ot="notag">on</wf>
<wf cmd="ignore" pos="TO">to</wf>
<wf cmd="done" pos="VB" lemma="abolish" wnsn="1" lexsn="2:41:00::">abolish</wf>
<wf cmd="tag" pos="NN">collective_bargaining</wf>
<wf cmd="ignore" pos="IN">under</wf>
<wf cmd="ignore" pos="DT">the</wf>
<wf cmd="tag" pos="NN">guise</wf>
<wf cmd="ignore" pos="IN">of</wf>
<wf cmd="done" pos="VB" lemma="extend" wnsn="1" lexsn="2:30:01::">extending</wf>
<wf cmd="ignore" pos="DT">the</wf>
<wf cmd="tag" pos="JJ">anti-monopoly</wf>
<wf cmd="tag" pos="NNS">laws</wf>
<wf cmd="ignore" pos="TO">to</wf>
<wf cmd="tag" pos="NNS">unions</wf>
<wf cmd="ignore" pos="WP">who</wf>
<wf cmd="done" pos="VB" lemma="want" wnsn="1" lexsn="2:37:00::">want</wf>
<wf cmd="tag" pos="RB">no_more_than</wf>
<wf cmd="ignore" pos="TO">to</wf>
<wf cmd="done" pos="VB" lemma="continue" wnsn="2" lexsn="2:32:00::">continue</wf>
<wf cmd="ignore" pos="TO">to</wf>
<wf cmd="done" pos="VB" lemma="set" wnsn="2" lexsn="2:31:04::">set</wf>
<wf cmd="tag" pos="NNS">wages</wf>
<wf cmd="ignore" pos="IN">in</wf>
<wf cmd="ignore" pos="DT">the</wf>
<wf cmd="tag" pos="JJ">same</wf>
<wf cmd="tag" pos="NN">way</wf>
<wf cmd="ignore" pos="IN">that</wf>
<wf cmd="tag" pos="NN">ship</wf>
<wf cmd="tag" pos="NNS">operators</wf>
<wf cmd="done" pos="VB" lemma="set" wnsn="2" lexsn="2:31:04::">set</wf>
<wf cmd="tag" pos="NN">freight_rates</wf>
<punc>.</punc>
</s>
</p>
<p pnum="23">
<s snum="69">
<wf cmd="ignore" pos="DT">The</wf>
<wf cmd="tag" pos="NN">passage</wf>
<wf cmd="ignore" pos="IN">of</wf>
<wf cmd="ignore" pos="DT">the</wf>
<wf cmd="tag" pos="NNP">Sherman_Act</wf>
<wf cmd="done" pos="VBD" ot="notag">was</wf>
<wf cmd="done" pos="VB" lemma="aim" wnsn="3" lexsn="2:32:09::">aimed</wf>
<wf cmd="done" pos="VB" ot="notag">at</wf>
<wf cmd="tag" pos="NN">giant</wf>
<wf cmd="tag" pos="NNS">monopolies</wf>
<punc>.</punc>
</s>
<s snum="70">
<wf cmd="ignore" pos="PRP">It</wf>
<wf cmd="done" pos="VB" lemma="be" wnsn="1" lexsn="2:42:03::">was</wf>
<wf cmd="tag" pos="JJS">most</wf>
<wf cmd="tag" pos="JJ">effective</wf>
<wf cmd="ignore" pos="IN">against</wf>
<wf cmd="tag" pos="NN">trade_unions</wf>
<punc>.</punc>
</s>
<s snum="71">
<wf cmd="ignore" pos="IN">In</wf>
<wf cmd="ignore" pos="DT">the</wf>
<wf cmd="tag" pos="JJ">famous</wf>
<wf cmd="tag" pos="NNP">Danbury_Hatters</wf>
<wf cmd="tag" pos="NN">case</wf>
<punc>,</punc>
<wf cmd="ignore" pos="DT">a</wf>
<wf cmd="tag" pos="NN">suit</wf>
<wf cmd="done" pos="VBD" ot="notag">was</wf>
<wf cmd="done" pos="VB" lemma="bring" wnsn="7" lexsn="2:36:01::">brought</wf>
<wf cmd="ignore" pos="IN">against</wf>
<wf cmd="ignore" pos="DT">the</wf>
<wf cmd="tag" pos="NN">union</wf>
<wf cmd="ignore" pos="IN">by</wf>
<wf cmd="ignore" pos="DT">the</wf>
<wf cmd="tag" pos="NNP">Loewe_Company</wf>
<wf cmd="ignore" pos="IN">for</wf>
<wf cmd="tag" pos="JJ">monopolistic</wf>
<wf cmd="tag" pos="NNS">practices</wf>
<punc>,</punc>
<wf cmd="tag" pos="NNP">e._g.</wf>
<punc>,</punc>
<wf cmd="done" pos="VB" lemma="try" wnsn="1" lexsn="2:41:00::">trying</wf>
<wf cmd="ignore" pos="TO">to</wf>
<wf cmd="done" pos="VB" lemma="persuade" wnsn="1" lexsn="2:41:00::">persuade</wf>
<wf cmd="tag" pos="NNS">consumers</wf>
<wf cmd="tag" pos="RB">not</wf>
<wf cmd="ignore" pos="TO">to</wf>
<wf cmd="done" pos="VB" lemma="purchase" wnsn="1" lexsn="2:40:00::">purchase</wf>
<wf cmd="ignore" pos="DT">the</wf>
<wf cmd="tag" pos="NN">product</wf>
<wf cmd="ignore" pos="IN">of</wf>
<wf cmd="ignore" pos="DT">the</wf>
<wf cmd="tag" pos="JJ">struck</wf>
<wf cmd="tag" pos="NN">manufacturer</wf>
<punc>.</punc>
</s>
<s snum="72">
<wf cmd="ignore" pos="DT">The</wf>
<wf cmd="tag" pos="NN">suit</wf>
<wf cmd="ignore" pos="IN">against</wf>
<wf cmd="ignore" pos="DT">the</wf>
<wf cmd="tag" pos="NN">union</wf>
<wf cmd="done" pos="VB" lemma="be" wnsn="1" lexsn="2:42:03::">was</wf>
<wf cmd="tag" pos="JJ">successful</wf>
<wf cmd="ignore" pos="CC">and</wf>
<wf cmd="tag" pos="JJ">many</wf>
<wf cmd="tag" pos="NNS">workers</wf>
<wf cmd="done" pos="VB" lemma="lose" wnsn="1" lexsn="2:40:02::">lost</wf>
<wf cmd="ignore" pos="PRP$">their</wf>
<wf cmd="tag" pos="NNS">homes</wf>
<wf cmd="ignore" pos="TO">to</wf>
<wf cmd="done" pos="VB" lemma="pay_off" wnsn="2" lexsn="2:40:00::">pay_off</wf>
<wf cmd="ignore" pos="DT">the</wf>
<wf cmd="tag" pos="NN">judgment</wf>
<punc>.</punc>
</s>
</p>
<p pnum="24">
<s snum="73">
<wf cmd="ignore" pos="IN">In</wf>
<wf cmd="tag" pos="CD">1914</wf>
<punc>,</punc>
<wf cmd="ignore" pos="DT">the</wf>
<wf cmd="tag" pos="NNP">Clayton_Act</wf>
<wf cmd="done" pos="VB" lemma="attempt" wnsn="1" lexsn="2:41:00::">attempted</wf>
<wf cmd="ignore" pos="TO">to</wf>
<wf cmd="done" rdf="take_out" pos="VB" lemma="take_out" wnsn="3" lexsn="2:30:00::">take</wf>
<wf cmd="tag" pos="NN">labor</wf>
<wf cmd="tag" pos="RB">out</wf>
<wf cmd="ignore" pos="IN">from</wf>
<wf cmd="ignore" pos="IN">under</wf>
<wf cmd="ignore" pos="DT">the</wf>
<wf cmd="tag" pos="JJ">anti-trust</wf>
<wf cmd="tag" pos="NN">legislation</wf>
<wf cmd="ignore" pos="IN">by</wf>
<wf cmd="done" pos="VB" lemma="state" wnsn="1" lexsn="2:32:00::">stating</wf>
<wf cmd="ignore" pos="IN">that</wf>
<wf cmd="tag" pos="JJ">human</wf>
<wf cmd="tag" pos="NN">labor</wf>
<wf cmd="done" pos="VBD" ot="notag">was</wf>
<wf cmd="tag" pos="RB">not</wf>
<wf cmd="ignore" pos="TO">to</wf>
<wf cmd="done" pos="VB" ot="notag">be</wf>
<wf cmd="done" pos="VB" lemma="consider" wnsn="1" lexsn="2:31:00::">considered</wf>
<wf cmd="ignore" pos="DT">a</wf>
<wf cmd="tag" pos="NN">commodity</wf>
<punc>.</punc>
</s>
<s snum="74">
<wf cmd="ignore" pos="DT">The</wf>
<wf cmd="tag" pos="NN">law</wf>
<wf cmd="ignore" pos="MD">could</wf>
<wf cmd="tag" pos="RB">not</wf>
<wf cmd="done" pos="VB" lemma="suspend" wnsn="5" lexsn="2:30:02::">suspend</wf>
<wf cmd="tag" pos="NNS">economics</wf>
<punc>.</punc>
</s>
<s snum="75">
<wf cmd="tag" pos="NNP">Labor</wf>
<wf cmd="done" pos="VB" lemma="remain" wnsn="1" lexsn="2:30:00::">remained</wf>
<wf cmd="ignore" pos="DT">a</wf>
<wf cmd="tag" pos="NN">commodity</wf>
<punc>-</punc>
<wf cmd="ignore" pos="CC">but</wf>
<wf cmd="tag" pos="RB">presumably</wf>
<wf cmd="ignore" pos="DT">a</wf>
<wf cmd="tag" pos="JJ">privileged</wf>
<wf cmd="tag" pos="CD">one</wf>
<wf cmd="tag" pos="JJ">granted</wf>
<wf cmd="tag" pos="NN">immunization</wf>
<wf cmd="ignore" pos="IN">from</wf>
<wf cmd="ignore" pos="DT">the</wf>
<wf cmd="tag" pos="JJ">anti-trust</wf>
<wf cmd="tag" pos="NNS">laws</wf>
<punc>.</punc>
</s>
</p>
<p pnum="25">
<s snum="76">
<wf cmd="ignore" pos="DT">The</wf>
<wf cmd="tag" pos="NNS">courts</wf>
<punc>,</punc>
<wf cmd="ignore" pos="IN">by</wf>
<wf cmd="tag" pos="NN">interpretation</wf>
<punc>,</punc>
<wf cmd="done" pos="VB" lemma="emasculate" wnsn="1" lexsn="2:30:00::">emasculated</wf>
<wf cmd="ignore" pos="DT">the</wf>
<wf cmd="tag" pos="NN">act</wf>
<punc>.</punc>
</s>
<s snum="77">
<wf cmd="ignore" pos="IN">In</wf>
<wf cmd="tag" pos="CD">1922</wf>
<punc>,</punc>
<wf cmd="ignore" pos="DT">the</wf>
<wf cmd="tag" pos="NNP">United_Mine</wf>
<wf cmd="tag" pos="NNPS">Workers</wf>
<wf cmd="done" pos="VB" lemma="strike" wnsn="7" lexsn="2:41:00::">struck</wf>
<wf cmd="ignore" pos="DT">the</wf>
<wf cmd="tag" pos="NNP">Coronado_Coal_Company</wf>
<punc>.</punc>
</s>
<s snum="78">
<wf cmd="ignore" pos="DT">The</wf>
<wf cmd="tag" pos="NN">company</wf>
<wf cmd="done" pos="VB" lemma="sue" wnsn="1" lexsn="2:41:00::">sued</wf>
<wf cmd="ignore" pos="IN">under</wf>
<wf cmd="ignore" pos="DT">the</wf>
<wf cmd="tag" pos="JJ">anti-trust</wf>
<wf cmd="tag" pos="NNS">laws</wf>
<punc>,</punc>
<wf cmd="done" pos="VB" lemma="allege" wnsn="1" lexsn="2:32:00::">alleging</wf>
<wf cmd="ignore" pos="IN">that</wf>
<wf cmd="ignore" pos="DT">the</wf>
<wf cmd="tag" pos="NN">union</wf>
<wf cmd="ignore" pos="POS">'s</wf>
<wf cmd="tag" pos="NN">activity</wf>
<wf cmd="done" pos="VB" lemma="interfere" wnsn="1" lexsn="2:41:01::">interfered</wf>
<wf cmd="done" pos="VB" ot="notag">with</wf>
<wf cmd="ignore" pos="DT">the</wf>
<wf cmd="tag" pos="NN">movement</wf>
<wf cmd="ignore" pos="IN">of</wf>
<wf cmd="tag" pos="JJ">interstate</wf>
<wf cmd="tag" pos="NN">commerce</wf>
<punc>.</punc>
</s>
<s snum="79">
<punc>(</punc>
<wf cmd="ignore" pos="WP">What</wf>
<wf cmd="tag" pos="JJ">other</wf>
<wf cmd="tag" pos="NN">purpose</wf>
<wf cmd="ignore" pos="MD">could</wf>
<wf cmd="ignore" pos="DT">a</wf>
<wf cmd="tag" pos="JJ">striking</wf>
<wf cmd="tag" pos="NN">union</wf>
<wf cmd="done" pos="VB" lemma="have" wnsn="1" lexsn="2:40:00::">have</wf>
<wf cmd="ignore" pos="CC">but</wf>
<wf cmd="ignore" pos="TO">to</wf>
<wf cmd="done" pos="VB" lemma="interrupt" wnsn="1" lexsn="2:32:00::">interrupt</wf>
<wf cmd="ignore" pos="DT">the</wf>
<wf cmd="tag" pos="NN">flow</wf>
<wf cmd="ignore" pos="IN">of</wf>
<wf cmd="tag" pos="NN">commerce</wf>
<wf cmd="ignore" pos="IN">from</wf>
<wf cmd="ignore" pos="DT">the</wf>
<wf cmd="tag" pos="JJ">struck</wf>
<wf cmd="tag" pos="NN">enterprise</wf>
<punc>?</punc>
<punc>)</punc>
</s>
<s snum="80">
<wf cmd="ignore" pos="DT">The</wf>
<wf cmd="tag" pos="NN">court</wf>
<wf cmd="tag" pos="JJ">first</wf>
<wf cmd="done" pos="VB" lemma="rule" wnsn="2" lexsn="2:31:00::">ruled</wf>
<wf cmd="ignore" pos="IN">that</wf>
<wf cmd="ignore" pos="DT">the</wf>
<wf cmd="tag" pos="NN">strike</wf>
<wf cmd="done" pos="VB" lemma="constitute" wnsn="1" lexsn="2:42:00::">constituted</wf>
<wf cmd="tag" pos="RB">only</wf>
<wf cmd="ignore" pos="DT">an</wf>
<wf cmd="tag" pos="JJ">indirect</wf>
<wf cmd="tag" pos="NN">interference</wf>
<wf cmd="ignore" pos="IN">with</wf>
<wf cmd="tag" pos="NN">commerce</wf>
<punc>.</punc>
</s>
</p>
</context>
</contextfile>
