<contextfile concordance="brown">
<context filename="br-a44" paras="yes">
<p pnum="1">
<s snum="1">
<wf cmd="ignore" pos="DT">Every</wf>
<wf cmd="tag" pos="NN">library</wf>
<wf cmd="tag" pos="NN">borrower</wf>
<punc>,</punc>
<wf cmd="ignore" pos="CC">or</wf>
<wf cmd="tag" pos="RB">at_least</wf>
<wf cmd="ignore" pos="DT">those</wf>
<wf cmd="ignore" pos="WP$">whose</wf>
<wf cmd="tag" pos="NN">taste</wf>
<wf cmd="done" pos="VB" lemma="go" wnsn="7" lexsn="2:42:00::">goes</wf>
<wf cmd="tag" pos="RB">beyond</wf>
<wf cmd="ignore" pos="DT">the</wf>
<wf cmd="tag" pos="JJ">five-cent</wf>
<wf cmd="tag" pos="NN">fiction</wf>
<wf cmd="tag" pos="NNS">rentals</wf>
<punc>,</punc>
<wf cmd="done" pos="VB" lemma="know" wnsn="5" lexsn="2:31:04::">knows</wf>
<wf cmd="ignore" pos="WP">what</wf>
<wf cmd="ignore" pos="PRP">it</wf>
<wf cmd="done" pos="VB" lemma="be" wnsn="6" lexsn="2:42:07::">is</wf>
<wf cmd="ignore" pos="TO">to</wf>
<wf cmd="done" pos="VB" lemma="hear" wnsn="1" lexsn="2:39:00::">hear</wf>
<wf cmd="ignore" pos="DT">the</wf>
<wf cmd="tag" pos="NN">librarian</wf>
<wf cmd="done" pos="VB" lemma="say" wnsn="1" lexsn="2:32:00::">say</wf>
<wf cmd="tag" pos="RB">apologetically</wf>
<punc>,</punc>
<punc>``</punc>
<wf cmd="ignore" pos="PRP">I</wf>
<wf cmd="done" rdf="am" pos="VB" lemma="be" wnsn="1" lexsn="2:42:03::">'m</wf>
<wf cmd="tag" pos="JJ">sorry</wf>
<punc>,</punc>
<wf cmd="ignore" pos="CC">but</wf>
<wf cmd="ignore" pos="PRP">we</wf>
<wf cmd="done" pos="VBP" ot="notag">do</wf>
<wf cmd="tag" pos="RB">n't</wf>
<wf cmd="done" pos="VB" lemma="have" wnsn="4" lexsn="2:40:04::">have</wf>
<wf cmd="ignore" pos="IN">that</wf>
<wf cmd="tag" pos="NN">book</wf>
<punc>.</punc>
</s>
<s snum="2">
<wf cmd="ignore" pos="EX">There</wf>
<wf cmd="ignore" pos="MD">would</wf>
<wf cmd="tag" pos="RB">n't</wf>
<wf cmd="done" pos="VB" lemma="be" wnsn="5" lexsn="2:42:04::">be</wf>
<wf cmd="tag" pos="JJ">much</wf>
<wf cmd="tag" pos="NN">demand</wf>
<wf cmd="ignore" pos="IN">for</wf>
<wf cmd="ignore" pos="PRP">it</wf>
<punc>,</punc>
<wf cmd="ignore" pos="PRP">I</wf>
<wf cmd="done" rdf="am" pos="VB" lemma="be" wnsn="1" lexsn="2:42:03::">'m</wf>
<wf cmd="tag" pos="JJ">afraid</wf>
<punc>''</punc>
<punc>.</punc>
</s>
</p>
<p pnum="2">
<s snum="3">
<wf cmd="ignore" pos="IN">Behind</wf>
<wf cmd="ignore" pos="DT">this</wf>
<wf cmd="tag" pos="NN">reply</wf>
<punc>,</punc>
<wf cmd="ignore" pos="CC">and</wf>
<wf cmd="ignore" pos="PRP$">its</wf>
<wf cmd="tag" pos="JJ">many</wf>
<wf cmd="tag" pos="NNS">variations</wf>
<punc>,</punc>
<wf cmd="done" pos="VB" lemma="be" wnsn="3" lexsn="2:42:05::">is</wf>
<wf cmd="ignore" pos="DT">the</wf>
<wf cmd="tag" pos="JJ">ever-present</wf>
<wf cmd="tag" pos="NN">budget</wf>
<wf cmd="tag" pos="NN">problem</wf>
<wf cmd="ignore" pos="DT">all</wf>
<wf cmd="tag" pos="NNS">libraries</wf>
<wf cmd="ignore" pos="MD">must</wf>
<wf cmd="done" pos="VB" lemma="face" wnsn="1" lexsn="2:32:00::">face</wf>
<punc>,</punc>
<wf cmd="ignore" pos="IN">from</wf>
<wf cmd="ignore" pos="DT">the</wf>
<wf cmd="tag" pos="JJS">largest</wf>
<wf cmd="ignore" pos="TO">to</wf>
<wf cmd="ignore" pos="DT">the</wf>
<wf cmd="tag" pos="JJS">smallest</wf>
<punc>.</punc>
</s>
<s snum="4">
<wf cmd="ignore" pos="WP">What</wf>
<wf cmd="ignore" pos="TO">to</wf>
<wf cmd="done" pos="VB" lemma="buy" wnsn="1" lexsn="2:40:00::">buy</wf>
<wf cmd="done" pos="VB" ot="notag">out</wf>
<wf cmd="ignore" pos="IN">of</wf>
<wf cmd="ignore" pos="DT">the</wf>
<wf cmd="tag" pos="NN">year</wf>
<wf cmd="ignore" pos="POS">'s</wf>
<wf cmd="tag" pos="NN">grist</wf>
<wf cmd="ignore" pos="IN">of</wf>
<wf cmd="tag" pos="RB">nearly</wf>
<wf cmd="tag" pos="CD">15000</wf>
<wf cmd="tag" pos="NN">book</wf>
<wf cmd="tag" pos="NNS">titles</wf>
<punc>?</punc>
</s>
<s snum="5">
<wf cmd="ignore" pos="WP">What</wf>
<wf cmd="ignore" pos="TO">to</wf>
<wf cmd="done" pos="VB" lemma="buy" wnsn="1" lexsn="2:40:00::">buy</wf>
<wf cmd="ignore" pos="IN">for</wf>
<wf cmd="tag" pos="NN">adult</wf>
<wf cmd="ignore" pos="CC">and</wf>
<wf cmd="tag" pos="NN">child</wf>
<wf cmd="tag" pos="NNS">readers</wf>
<punc>,</punc>
<wf cmd="ignore" pos="IN">for</wf>
<wf cmd="tag" pos="NNS">lovers</wf>
<wf cmd="ignore" pos="IN">of</wf>
<wf cmd="tag" pos="NN">fiction</wf>
<wf cmd="ignore" pos="CC">and</wf>
<wf cmd="tag" pos="NN">nonfiction</wf>
<punc>,</punc>
<wf cmd="ignore" pos="IN">for</wf>
<wf cmd="ignore" pos="DT">a</wf>
<wf cmd="tag" pos="NN">clientele</wf>
<wf cmd="ignore" pos="WP$">whose</wf>
<wf cmd="tag" pos="NN">wants</wf>
<wf cmd="done" pos="VB" lemma="be" wnsn="1" lexsn="2:42:03::">are</wf>
<wf cmd="tag" pos="RB">incredibly</wf>
<wf cmd="tag" pos="JJ">diversified</wf>
<punc>,</punc>
<wf cmd="ignore" pos="WRB">when</wf>
<wf cmd="ignore" pos="PRP$">your</wf>
<wf cmd="tag" pos="NN">budget</wf>
<wf cmd="done" pos="VB" lemma="be" wnsn="1" lexsn="2:42:03::">is</wf>
<wf cmd="tag" pos="RB">pitifully</wf>
<wf cmd="tag" pos="JJ">small</wf>
<punc>?</punc>
</s>
<s snum="6">
<wf cmd="tag" pos="JJS">Most</wf>
<wf cmd="tag" pos="NN">library</wf>
<wf cmd="tag" pos="NNS">budgets</wf>
<wf cmd="done" pos="VB" lemma="be" wnsn="1" lexsn="2:42:03::">are</wf>
<wf cmd="tag" pos="RB">hopelessly</wf>
<wf cmd="tag" pos="JJ">inadequate</wf>
<punc>.</punc>
</s>
<s snum="7">
<wf cmd="ignore" pos="DT">A</wf>
<wf cmd="tag" pos="RB">startlingly</wf>
<wf cmd="tag" pos="JJ">high</wf>
<wf cmd="tag" pos="NN">percentage</wf>
<wf cmd="done" pos="VBP" ot="notag">do</wf>
<wf cmd="tag" pos="RB">not</wf>
<wf cmd="done" pos="VB" lemma="exceed" wnsn="1" lexsn="2:42:01::">exceed</wf>
<punc>$</punc>
<wf cmd="tag" pos="CD">500</wf>
<wf cmd="tag" pos="RB">annually</wf>
<punc>,</punc>
<wf cmd="ignore" pos="WDT">which</wf>
<wf cmd="done" pos="VB" lemma="include" wnsn="1" lexsn="2:42:00::">includes</wf>
<wf cmd="ignore" pos="DT">the</wf>
<wf cmd="tag" pos="NN">librarian</wf>
<wf cmd="ignore" pos="POS">'s</wf>
<wf cmd="tag" pos="NN">salary</wf>
<punc>,</punc>
<wf cmd="ignore" pos="CC">and</wf>
<wf cmd="tag" pos="RB">not</wf>
<wf cmd="tag" pos="RB">even</wf>
<wf cmd="ignore" pos="DT">the</wf>
<wf cmd="tag" pos="NN">New_York</wf>
<wf cmd="tag" pos="NNP">Public</wf>
<wf cmd="done" pos="VB" lemma="have" wnsn="4" lexsn="2:40:04::">has</wf>
<wf cmd="tag" pos="RB">enough</wf>
<wf cmd="tag" pos="NN">money</wf>
<wf cmd="ignore" pos="TO">to</wf>
<wf cmd="done" pos="VB" lemma="meet" wnsn="4" lexsn="2:34:00::">meet</wf>
<wf cmd="ignore" pos="PRP$">its</wf>
<wf cmd="tag" pos="NNS">needs</wf>
<punc>-</punc>
<wf cmd="ignore" pos="DT">this</wf>
<wf cmd="ignore" pos="IN">in</wf>
<wf cmd="ignore" pos="DT">the</wf>
<wf cmd="tag" pos="NN">world</wf>
<wf cmd="ignore" pos="POS">'s</wf>
<wf cmd="tag" pos="JJS">richest</wf>
<wf cmd="tag" pos="NN">city</wf>
<punc>.</punc>
</s>
<s snum="8">
<wf cmd="ignore" pos="DT">The</wf>
<wf cmd="tag" pos="NN">plight</wf>
<wf cmd="ignore" pos="IN">of</wf>
<wf cmd="ignore" pos="DT">a</wf>
<wf cmd="tag" pos="JJ">small</wf>
<wf cmd="tag" pos="NN">community</wf>
<wf cmd="tag" pos="NN">library</wf>
<wf cmd="done" pos="VB" lemma="be" wnsn="1" lexsn="2:42:03::">is</wf>
<wf cmd="tag" pos="RB">proportionately</wf>
<wf cmd="tag" pos="JJR">worse</wf>
<punc>.</punc>
</s>
</p>
<p pnum="3">
<s snum="9">
<wf cmd="done" pos="VB" lemma="confront" wnsn="2" lexsn="2:32:00::">Confronted</wf>
<wf cmd="ignore" pos="IN">with</wf>
<wf cmd="ignore" pos="DT">this</wf>
<wf cmd="tag" pos="NN">situation</wf>
<punc>,</punc>
<wf cmd="tag" pos="RBS">most</wf>
<wf cmd="tag" pos="NNS">libraries</wf>
<wf cmd="ignore" pos="DT">either</wf>
<wf cmd="done" pos="VB" lemma="endure" wnsn="4" lexsn="2:39:00::">endure</wf>
<wf cmd="ignore" pos="DT">the</wf>
<wf cmd="tag" pos="JJ">severe</wf>
<wf cmd="tag" pos="NNS">limitations</wf>
<wf cmd="ignore" pos="IN">of</wf>
<wf cmd="ignore" pos="PRP$">their</wf>
<wf cmd="tag" pos="NNS">budgets</wf>
<wf cmd="ignore" pos="CC">and</wf>
<wf cmd="done" pos="VB" lemma="do" wnsn="3" lexsn="2:41:04::">do</wf>
<wf cmd="ignore" pos="WP">what</wf>
<wf cmd="ignore" pos="PRP">they</wf>
<wf cmd="ignore" pos="MD">can</wf>
<wf cmd="ignore" pos="IN">with</wf>
<wf cmd="ignore" pos="WP">what</wf>
<wf cmd="ignore" pos="PRP">they</wf>
<wf cmd="done" pos="VB" lemma="have" wnsn="4" lexsn="2:40:04::">have</wf>
<punc>,</punc>
<wf cmd="tag" pos="RB">or_else</wf>
<wf cmd="done" pos="VB" lemma="depend_on" wnsn="0" lexsn="2:31:00::">depend_on</wf>
<wf cmd="ignore" pos="DT">the</wf>
<wf cmd="tag" pos="NN">bounty</wf>
<wf cmd="ignore" pos="IN">of</wf>
<wf cmd="tag" pos="NNS">patrons</wf>
<wf cmd="ignore" pos="CC">and</wf>
<wf cmd="tag" pos="NN">local_governments</wf>
<wf cmd="ignore" pos="TO">to</wf>
<wf cmd="done" pos="VB" lemma="supplement" wnsn="1" lexsn="2:40:00::">supplement</wf>
<wf cmd="ignore" pos="PRP$">their</wf>
<wf cmd="tag" pos="JJ">annual</wf>
<wf cmd="tag" pos="NNS">funds</wf>
<punc>.</punc>
</s>
<s snum="10">
<wf cmd="ignore" pos="IN">In</wf>
<wf cmd="ignore" pos="DT">some</wf>
<wf cmd="tag" pos="NNS">parts</wf>
<wf cmd="ignore" pos="IN">of</wf>
<wf cmd="ignore" pos="DT">the</wf>
<wf cmd="tag" pos="NN">country</wf>
<punc>,</punc>
<wf cmd="tag" pos="RB">however</wf>
<punc>,</punc>
<wf cmd="ignore" pos="DT">a</wf>
<wf cmd="tag" pos="JJ">co-operative</wf>
<wf cmd="tag" pos="NN">movement</wf>
<wf cmd="done" pos="VBZ" ot="notag">has</wf>
<wf cmd="done" pos="VB" lemma="begin" wnsn="1" lexsn="2:30:00::">begun</wf>
<wf cmd="ignore" pos="TO">to</wf>
<wf cmd="done" pos="VB" lemma="grow" wnsn="2" lexsn="2:30:00::">grow</wf>
<punc>,</punc>
<wf cmd="ignore" pos="IN">under</wf>
<wf cmd="ignore" pos="DT">the</wf>
<wf cmd="tag" pos="NN">wing</wf>
<wf cmd="ignore" pos="IN">of</wf>
<wf cmd="tag" pos="NN">state_governments</wf>
<punc>,</punc>
<wf cmd="ignore" pos="WRB">whereby</wf>
<punc>,</punc>
<wf cmd="ignore" pos="IN">with</wf>
<wf cmd="ignore" pos="DT">the</wf>
<wf cmd="tag" pos="JJ">financial</wf>
<wf cmd="tag" pos="NN">help</wf>
<wf cmd="ignore" pos="IN">of</wf>
<wf cmd="ignore" pos="DT">the</wf>
<wf cmd="tag" pos="NN">state</wf>
<punc>,</punc>
<wf cmd="tag" pos="NNS">libraries</wf>
<wf cmd="done" pos="VB" lemma="share" wnsn="2" lexsn="2:40:02::">share</wf>
<wf cmd="ignore" pos="PRP$">their</wf>
<wf cmd="tag" pos="NN">book</wf>
<wf cmd="tag" pos="NNS">resources</wf>
<wf cmd="ignore" pos="IN">on</wf>
<wf cmd="ignore" pos="DT">a</wf>
<wf cmd="tag" pos="JJ">county-wide</wf>
<wf cmd="ignore" pos="CC">or</wf>
<wf cmd="tag" pos="JJ">regional</wf>
<wf cmd="tag" pos="NN">basis</wf>
<punc>.</punc>
</s>
</p>
<p pnum="4">
<s snum="11">
<wf cmd="tag" pos="NN">New_York</wf>
<wf cmd="tag" pos="NNP">State</wf>
<wf cmd="done" pos="VB" lemma="have" wnsn="2" lexsn="2:42:00::">has</wf>
<wf cmd="ignore" pos="WP">what</wf>
<wf cmd="done" pos="VB" lemma="be" wnsn="1" lexsn="2:42:03::">is</wf>
<wf cmd="tag" pos="RB">probably</wf>
<wf cmd="tag" pos="RB">the_most</wf>
<wf cmd="tag" pos="JJ">advanced</wf>
<wf cmd="ignore" pos="IN">of</wf>
<wf cmd="ignore" pos="DT">these</wf>
<wf cmd="tag" pos="JJ">co-operative</wf>
<wf cmd="tag" pos="NNS">systems</wf>
<punc>,</punc>
<wf cmd="tag" pos="RB">so</wf>
<wf cmd="tag" pos="RB">well</wf>
<wf cmd="tag" pos="JJ">developed</wf>
<wf cmd="ignore" pos="IN">that</wf>
<wf cmd="ignore" pos="PRP">it</wf>
<wf cmd="done" pos="VBZ" ot="notag">has</wf>
<wf cmd="done" pos="VB" lemma="become" wnsn="2" lexsn="2:42:01::">become</wf>
<wf cmd="ignore" pos="DT">a</wf>
<wf cmd="tag" pos="NN">model</wf>
<wf cmd="ignore" pos="IN">for</wf>
<wf cmd="tag" pos="NNS">others</wf>
<wf cmd="ignore" pos="TO">to</wf>
<wf cmd="done" pos="VB" lemma="follow" wnsn="11" lexsn="2:36:00::">follow</wf>
<punc>.</punc>
</s>
<s snum="12">
<wf cmd="ignore" pos="IN">Because</wf>
<wf cmd="ignore" pos="PRP">it</wf>
<wf cmd="done" pos="VB" lemma="be" wnsn="1" lexsn="2:42:03::">is</wf>
<wf cmd="tag" pos="RB">so</wf>
<wf cmd="tag" pos="JJ">large</wf>
<wf cmd="ignore" pos="DT">a</wf>
<wf cmd="tag" pos="NN">state</wf>
<punc>,</punc>
<wf cmd="ignore" pos="IN">with</wf>
<wf cmd="tag" pos="JJ">marked</wf>
<wf cmd="tag" pos="NNS">contrasts</wf>
<wf cmd="ignore" pos="IN">in</wf>
<wf cmd="tag" pos="NN">population</wf>
<wf cmd="tag" pos="NN">density</wf>
<punc>,</punc>
<wf cmd="ignore" pos="DT">the</wf>
<wf cmd="tag" pos="NN">organization</wf>
<wf cmd="ignore" pos="IN">of</wf>
<wf cmd="ignore" pos="DT">the</wf>
<wf cmd="tag" pos="NN">New_York</wf>
<wf cmd="tag" pos="JJ">co-operative</wf>
<wf cmd="done" pos="VB" lemma="offer" wnsn="1" lexsn="2:40:02::">offers</wf>
<wf cmd="ignore" pos="DT">a</wf>
<wf cmd="tag" pos="NN">cross-section</wf>
<wf cmd="ignore" pos="IN">of</wf>
<wf cmd="ignore" pos="WRB">how</wf>
<wf cmd="ignore" pos="DT">the</wf>
<wf cmd="tag" pos="NN">plan</wf>
<wf cmd="done" pos="VB" lemma="work" wnsn="3" lexsn="2:41:03::">works</wf>
<punc>.</punc>
</s>
<s snum="13">
<wf cmd="ignore" pos="IN">At</wf>
<wf cmd="tag" pos="CD">one</wf>
<wf cmd="tag" pos="JJ">extreme</wf>
<wf cmd="done" pos="VB" lemma="be" wnsn="3" lexsn="2:42:05::">are</wf>
<wf cmd="ignore" pos="DT">the</wf>
<wf cmd="tag" pos="NNS">systems</wf>
<wf cmd="ignore" pos="IN">of</wf>
<wf cmd="tag" pos="JJ">upper</wf>
<wf cmd="tag" pos="NN">New_York</wf>
<wf cmd="tag" pos="NNP">State</wf>
<punc>,</punc>
<wf cmd="ignore" pos="WRB">where</wf>
<wf cmd="tag" pos="NNS">libraries</wf>
<wf cmd="ignore" pos="IN">in</wf>
<wf cmd="tag" pos="CD">two</wf>
<wf cmd="ignore" pos="CC">or</wf>
<wf cmd="tag" pos="JJR">more</wf>
<wf cmd="tag" pos="NNS">counties</wf>
<wf cmd="done" pos="VB" lemma="combine" wnsn="4" lexsn="2:40:00::">combine</wf>
<wf cmd="ignore" pos="TO">to</wf>
<wf cmd="done" pos="VB" lemma="serve" wnsn="4" lexsn="2:41:00::">serve</wf>
<wf cmd="ignore" pos="DT">a</wf>
<wf cmd="tag" pos="JJ">large</wf>
<punc>,</punc>
<wf cmd="tag" pos="RB">sparsely</wf>
<wf cmd="tag" pos="JJ">populated</wf>
<wf cmd="tag" pos="NN">area</wf>
<punc>.</punc>
</s>
<s snum="14">
<wf cmd="ignore" pos="IN">At</wf>
<wf cmd="ignore" pos="DT">the</wf>
<wf cmd="tag" pos="JJ">other</wf>
<wf cmd="done" pos="VB" lemma="be" wnsn="3" lexsn="2:42:05::">are</wf>
<wf cmd="tag" pos="NNS">organizations</wf>
<wf cmd="ignore" pos="IN">like</wf>
<wf cmd="ignore" pos="DT">the</wf>
<wf cmd="tag" pos="RB">newly</wf>
<wf cmd="tag" pos="JJ">formed</wf>
<wf cmd="tag" pos="NNP">Nassau_Library_System</wf>
<punc>,</punc>
<wf cmd="ignore" pos="IN">in</wf>
<wf cmd="ignore" pos="DT">a</wf>
<wf cmd="tag" pos="JJ">high-density</wf>
<wf cmd="tag" pos="NN">area</wf>
<punc>,</punc>
<wf cmd="ignore" pos="IN">with</wf>
<wf cmd="tag" pos="JJ">ample</wf>
<wf cmd="tag" pos="NNS">resources</wf>
<wf cmd="ignore" pos="CC">and</wf>
<wf cmd="ignore" pos="DT">a</wf>
<wf cmd="tag" pos="RB">rapidly</wf>
<wf cmd="done" pos="VB" lemma="grow" wnsn="2" lexsn="2:30:00::">growing</wf>
<wf cmd="tag" pos="NN">territory</wf>
<wf cmd="ignore" pos="TO">to</wf>
<wf cmd="done" pos="VB" lemma="serve" wnsn="4" lexsn="2:41:00::">serve</wf>
<punc>.</punc>
</s>
</p>
<p pnum="5">
<s snum="15">
<wf cmd="ignore" pos="PDT">Both</wf>
<wf cmd="ignore" pos="DT">these</wf>
<wf cmd="tag" pos="NNS">types</wf>
<punc>,</punc>
<wf cmd="ignore" pos="CC">and</wf>
<wf cmd="ignore" pos="DT">those</wf>
<wf cmd="tag" pos="RB">in_between</wf>
<punc>,</punc>
<wf cmd="done" pos="VB" lemma="be" wnsn="1" lexsn="2:42:03::">are</wf>
<wf cmd="ignore" pos="IN">in</wf>
<wf cmd="tag" pos="NN">existence</wf>
<wf cmd="ignore" pos="IN">by</wf>
<wf cmd="tag" pos="NN">reason</wf>
<wf cmd="ignore" pos="IN">of</wf>
<wf cmd="ignore" pos="DT">a</wf>
<wf cmd="tag" pos="JJ">legislative</wf>
<wf cmd="tag" pos="NN">interest</wf>
<wf cmd="ignore" pos="IN">in</wf>
<wf cmd="tag" pos="NNS">libraries</wf>
<wf cmd="ignore" pos="WDT">that</wf>
<wf cmd="done" pos="VB" lemma="begin" wnsn="0" lexsn="2:36:00::">began</wf>
<wf cmd="tag" pos="RB">at</wf>
<wf cmd="tag" pos="NNP">Albany</wf>
<wf cmd="tag" pos="RB">as</wf>
<wf cmd="tag" pos="JJ">early</wf>
<wf cmd="ignore" pos="IN">as</wf>
<wf cmd="tag" pos="CD">1950</wf>
<punc>,</punc>
<wf cmd="ignore" pos="IN">with</wf>
<wf cmd="ignore" pos="DT">the</wf>
<wf cmd="tag" pos="NN">creation</wf>
<wf cmd="ignore" pos="IN">by</wf>
<wf cmd="ignore" pos="DT">the</wf>
<wf cmd="tag" pos="NN">legislature</wf>
<wf cmd="ignore" pos="IN">of</wf>
<wf cmd="tag" pos="NN">county</wf>
<wf cmd="tag" pos="NN">library</wf>
<wf cmd="tag" pos="NNS">systems</wf>
<wf cmd="done" pos="VB" lemma="finance" wnsn="1" lexsn="2:40:00::">financed</wf>
<wf cmd="ignore" pos="IN">by</wf>
<wf cmd="tag" pos="NN">county</wf>
<wf cmd="tag" pos="NNS">governments</wf>
<wf cmd="ignore" pos="IN">with</wf>
<wf cmd="tag" pos="JJ">matching</wf>
<wf cmd="tag" pos="NNS">funds</wf>
<wf cmd="ignore" pos="IN">from</wf>
<wf cmd="ignore" pos="DT">the</wf>
<wf cmd="tag" pos="NN">state</wf>
<punc>.</punc>
</s>
<s snum="16">
<wf cmd="ignore" pos="PRP">It</wf>
<wf cmd="done" pos="VB" lemma="be" wnsn="6" lexsn="2:42:07::">was</wf>
<wf cmd="ignore" pos="DT">a</wf>
<wf cmd="tag" pos="NN">step</wf>
<wf cmd="done" pos="VB" ot="notag">in</wf>
<wf cmd="ignore" pos="DT">the</wf>
<wf cmd="tag" pos="NN">right</wf>
<wf cmd="tag" pos="NN">direction</wf>
<punc>,</punc>
<wf cmd="ignore" pos="CC">but</wf>
<wf cmd="ignore" pos="PRP">it</wf>
<wf cmd="done" pos="VB" lemma="take" wnsn="14" lexsn="2:42:00::">took</wf>
<wf cmd="ignore" pos="DT">an</wf>
<wf cmd="tag" pos="JJ">additional</wf>
<wf cmd="tag" pos="NN">act</wf>
<wf cmd="done" pos="VB" lemma="pass" wnsn="3" lexsn="2:41:02::">passed</wf>
<wf cmd="ignore" pos="IN">in</wf>
<wf cmd="tag" pos="CD">1958</wf>
<wf cmd="ignore" pos="TO">to</wf>
<wf cmd="done" pos="VB" lemma="establish" wnsn="2" lexsn="2:36:00::">establish</wf>
<wf cmd="tag" pos="RB">fully</wf>
<wf cmd="ignore" pos="DT">the</wf>
<wf cmd="tag" pos="JJ">thriving</wf>
<wf cmd="tag" pos="NNS">systems</wf>
<wf cmd="ignore" pos="IN">of</wf>
<wf cmd="tag" pos="NN">today</wf>
<punc>.</punc>
</s>
</p>
<p pnum="6">
<s snum="17">
<wf cmd="ignore" pos="IN">Under</wf>
<wf cmd="ignore" pos="DT">this</wf>
<wf cmd="tag" pos="NN">law</wf>
<wf cmd="tag" pos="JJ">annual</wf>
<wf cmd="tag" pos="NNS">grants</wf>
<wf cmd="done" pos="VBP" ot="notag">are</wf>
<wf cmd="done" pos="VB" lemma="give" wnsn="25" lexsn="2:40:08::">given</wf>
<wf cmd="ignore" pos="TO">to</wf>
<wf cmd="tag" pos="NNS">systems</wf>
<wf cmd="ignore" pos="IN">in</wf>
<wf cmd="tag" pos="JJ">substantial</wf>
<wf cmd="tag" pos="NNS">amounts</wf>
<punc>.</punc>
</s>
<s snum="18">
<wf cmd="ignore" pos="DT">An</wf>
<wf cmd="tag" pos="RBR">earlier</wf>
<wf cmd="tag" pos="NN">difficulty</wf>
<wf cmd="done" pos="VB" ot="notag">was</wf>
<wf cmd="done" pos="VB" lemma="overcome" wnsn="1" lexsn="2:33:03::">overcome</wf>
<wf cmd="ignore" pos="IN">by</wf>
<wf cmd="done" pos="VB" lemma="make" wnsn="2" lexsn="2:30:00::">making</wf>
<wf cmd="done" pos="VB" ot="notag">it</wf>
<wf cmd="tag" pos="JJ">clear</wf>
<wf cmd="ignore" pos="IN">that</wf>
<wf cmd="tag" pos="JJ">individual</wf>
<wf cmd="tag" pos="NNS">libraries</wf>
<wf cmd="ignore" pos="IN">in</wf>
<wf cmd="ignore" pos="DT">any</wf>
<wf cmd="tag" pos="NN">area</wf>
<wf cmd="ignore" pos="MD">might</wf>
<wf cmd="done" pos="VB" lemma="join" wnsn="1" lexsn="2:41:00::">join</wf>
<wf cmd="ignore" pos="CC">or</wf>
<wf cmd="tag" pos="RB">not</wf>
<punc>,</punc>
<wf cmd="ignore" pos="IN">as</wf>
<wf cmd="ignore" pos="PRP">they</wf>
<wf cmd="done" pos="VB" lemma="see" wnsn="5" lexsn="2:31:00::">saw</wf>
<wf cmd="tag" pos="JJ">fit</wf>
<punc>.</punc>
</s>
<s snum="19">
<wf cmd="ignore" pos="DT">Some</wf>
<wf cmd="tag" pos="NN">library</wf>
<wf cmd="tag" pos="NNS">boards</wf>
<wf cmd="done" pos="VB" lemma="be" wnsn="1" lexsn="2:42:03::">are</wf>
<wf cmd="tag" pos="JJ">wary</wf>
<wf cmd="ignore" pos="IN">of</wf>
<wf cmd="ignore" pos="DT">the</wf>
<wf cmd="tag" pos="NN">plan</wf>
<punc>.</punc>
</s>
<s snum="20">
<wf cmd="ignore" pos="DT">A</wf>
<wf cmd="tag" pos="JJ">large</wf>
<punc>,</punc>
<wf cmd="tag" pos="JJ">well-stocked</wf>
<wf cmd="tag" pos="NN">library</wf>
<punc>,</punc>
<wf cmd="tag" pos="JJ">surrounded</wf>
<wf cmd="ignore" pos="IN">in</wf>
<wf cmd="ignore" pos="DT">a</wf>
<wf cmd="tag" pos="NN">county</wf>
<wf cmd="ignore" pos="IN">by</wf>
<wf cmd="tag" pos="JJR">smaller</wf>
<wf cmd="tag" pos="NNS">ones</wf>
<punc>,</punc>
<wf cmd="ignore" pos="MD">may</wf>
<wf cmd="done" pos="VB" lemma="feel" wnsn="2" lexsn="2:31:00::">feel</wf>
<wf cmd="ignore" pos="IN">that</wf>
<wf cmd="ignore" pos="DT">the</wf>
<wf cmd="tag" pos="NNS">demands</wf>
<wf cmd="ignore" pos="IN">on</wf>
<wf cmd="ignore" pos="PRP$">its</wf>
<wf cmd="tag" pos="NNS">resources</wf>
<wf cmd="done" pos="VB" lemma="be" wnsn="1" lexsn="2:42:03::">are</wf>
<wf cmd="tag" pos="JJ">likely</wf>
<wf cmd="ignore" pos="TO">to</wf>
<wf cmd="done" pos="VB" lemma="be" wnsn="1" lexsn="2:42:03::">be</wf>
<wf cmd="tag" pos="RB">too</wf>
<wf cmd="tag" pos="JJ">great</wf>
<punc>.</punc>
</s>
<s snum="21">
<wf cmd="ignore" pos="DT">A</wf>
<wf cmd="tag" pos="JJ">small</wf>
<wf cmd="tag" pos="NN">library</wf>
<wf cmd="ignore" pos="MD">may</wf>
<wf cmd="done" pos="VB" lemma="cherish" wnsn="1" lexsn="2:37:00::">cherish</wf>
<wf cmd="ignore" pos="PRP$">its</wf>
<wf cmd="tag" pos="NN">independence</wf>
<wf cmd="ignore" pos="CC">and</wf>
<wf cmd="tag" pos="JJ">established</wf>
<wf cmd="tag" pos="NNS">ways</wf>
<punc>,</punc>
<wf cmd="ignore" pos="CC">and</wf>
<wf cmd="done" pos="VB" lemma="resist" wnsn="1" lexsn="2:42:01::">resist</wf>
<wf cmd="done" pos="VB" lemma="join" wnsn="1" lexsn="2:41:00::">joining</wf>
<wf cmd="ignore" pos="IN">in</wf>
<wf cmd="ignore" pos="DT">a</wf>
<wf cmd="tag" pos="JJ">cooperative</wf>
<wf cmd="tag" pos="NN">movement</wf>
<wf cmd="ignore" pos="WDT">that</wf>
<wf cmd="tag" pos="RB">sometimes</wf>
<wf cmd="done" pos="VB" lemma="seem" wnsn="1" lexsn="2:39:00::">seems</wf>
<wf cmd="tag" pos="JJ">radical</wf>
<wf cmd="ignore" pos="TO">to</wf>
<wf cmd="tag" pos="JJR">older</wf>
<wf cmd="tag" pos="NNS">members</wf>
<wf cmd="ignore" pos="IN">of</wf>
<wf cmd="ignore" pos="DT">the</wf>
<wf cmd="tag" pos="NN">board</wf>
<punc>.</punc>
</s>
</p>
<p pnum="7">
<s snum="22">
<wf cmd="ignore" pos="IN">Within</wf>
<wf cmd="ignore" pos="DT">a</wf>
<wf cmd="tag" pos="NN">system</wf>
<punc>,</punc>
<wf cmd="tag" pos="RB">however</wf>
<punc>,</punc>
<wf cmd="ignore" pos="DT">the</wf>
<wf cmd="tag" pos="NN">autonomy</wf>
<wf cmd="ignore" pos="IN">of</wf>
<wf cmd="ignore" pos="DT">each</wf>
<wf cmd="tag" pos="NN">member</wf>
<wf cmd="tag" pos="NN">library</wf>
<wf cmd="done" pos="VBZ" ot="notag">is</wf>
<wf cmd="done" pos="VB" lemma="preserve" wnsn="3" lexsn="2:40:01::">preserved</wf>
<punc>.</punc>
</s>
<s snum="23">
<wf cmd="ignore" pos="DT">The</wf>
<wf cmd="tag" pos="JJ">local</wf>
<wf cmd="tag" pos="NN">community</wf>
<wf cmd="done" pos="VB" lemma="maintain" wnsn="1" lexsn="2:42:00::">maintains</wf>
<wf cmd="tag" pos="NN">responsibility</wf>
<wf cmd="ignore" pos="IN">for</wf>
<wf cmd="ignore" pos="DT">the</wf>
<wf cmd="tag" pos="JJ">financial</wf>
<wf cmd="tag" pos="NN">support</wf>
<wf cmd="ignore" pos="IN">of</wf>
<wf cmd="ignore" pos="PRP$">its</wf>
<wf cmd="tag" pos="JJ">own</wf>
<wf cmd="tag" pos="NN">library_program</wf>
<punc>,</punc>
<wf cmd="tag" pos="NNS">facilities</wf>
<punc>,</punc>
<wf cmd="ignore" pos="CC">and</wf>
<wf cmd="tag" pos="NNS">services</wf>
<punc>,</punc>
<wf cmd="ignore" pos="CC">but</wf>
<wf cmd="tag" pos="JJR">wider</wf>
<wf cmd="tag" pos="NNS">resources</wf>
<wf cmd="ignore" pos="CC">and</wf>
<wf cmd="tag" pos="JJ">additional</wf>
<wf cmd="tag" pos="NNS">services</wf>
<wf cmd="done" pos="VB" lemma="become" wnsn="1" lexsn="2:30:00::">become</wf>
<wf cmd="tag" pos="JJ">available</wf>
<wf cmd="ignore" pos="IN">through</wf>
<wf cmd="tag" pos="NN">membership</wf>
<wf cmd="ignore" pos="IN">in</wf>
<wf cmd="ignore" pos="DT">a</wf>
<wf cmd="tag" pos="NN">system</wf>
<punc>.</punc>
</s>
<s snum="24">
<wf cmd="ignore" pos="DT">All</wf>
<wf cmd="tag" pos="NNS">services</wf>
<wf cmd="done" pos="VBP" ot="notag">are</wf>
<wf cmd="done" pos="VB" lemma="give" wnsn="12" lexsn="2:40:09::">given</wf>
<wf cmd="ignore" pos="IN">without</wf>
<wf cmd="tag" pos="NN">cost</wf>
<wf cmd="ignore" pos="TO">to</wf>
<wf cmd="tag" pos="NNS">members</wf>
<punc>.</punc>
</s>
<s snum="25">
<wf cmd="tag" pos="RB">So</wf>
<wf cmd="tag" pos="JJ">obvious</wf>
<wf cmd="done" pos="VB" lemma="be" wnsn="1" lexsn="2:42:03::">are</wf>
<wf cmd="ignore" pos="DT">these</wf>
<wf cmd="tag" pos="NNS">advantages</wf>
<wf cmd="ignore" pos="IN">that</wf>
<wf cmd="tag" pos="RB">nearly</wf>
<wf cmd="tag" pos="CD">95</wf>
<wf cmd="tag" pos="NN">per_cent</wf>
<wf cmd="ignore" pos="IN">of</wf>
<wf cmd="ignore" pos="DT">the</wf>
<wf cmd="tag" pos="NN">population</wf>
<wf cmd="ignore" pos="IN">of</wf>
<wf cmd="tag" pos="NN">New_York</wf>
<wf cmd="tag" pos="NNP">State</wf>
<wf cmd="tag" pos="RB">now</wf>
<wf cmd="done" pos="VB" lemma="have" wnsn="1" lexsn="2:40:00::">has</wf>
<wf cmd="tag" pos="NN">access</wf>
<wf cmd="ignore" pos="TO">to</wf>
<wf cmd="ignore" pos="DT">a</wf>
<wf cmd="tag" pos="NN">system</wf>
<punc>,</punc>
<wf cmd="ignore" pos="CC">and</wf>
<wf cmd="tag" pos="JJ">enthusiastic</wf>
<wf cmd="tag" pos="NNS">librarians</wf>
<wf cmd="done" pos="VB" lemma="foresee" wnsn="2" lexsn="2:36:00::">foresee</wf>
<wf cmd="ignore" pos="DT">the</wf>
<wf cmd="tag" pos="NN">day</wf>
<punc>,</punc>
<wf cmd="tag" pos="RB">not</wf>
<wf cmd="tag" pos="RB">too</wf>
<wf cmd="tag" pos="JJ">distant</wf>
<punc>,</punc>
<wf cmd="ignore" pos="WRB">when</wf>
<wf cmd="ignore" pos="PDT">all</wf>
<wf cmd="ignore" pos="DT">the</wf>
<wf cmd="tag" pos="NNS">libraries</wf>
<wf cmd="ignore" pos="IN">in</wf>
<wf cmd="ignore" pos="DT">the</wf>
<wf cmd="tag" pos="NN">state</wf>
<wf cmd="ignore" pos="MD">will</wf>
<wf cmd="done" pos="VB" lemma="belong_to" wnsn="1" lexsn="2:42:00::">belong_to</wf>
<wf cmd="ignore" pos="DT">a</wf>
<wf cmd="tag" pos="NN">co-op</wf>
<punc>.</punc>
</s>
</p>
<p pnum="8">
<s snum="26">
<wf cmd="ignore" pos="TO">To</wf>
<wf cmd="done" pos="VB" lemma="set_up" wnsn="1" lexsn="2:41:02::">set_up</wf>
<wf cmd="ignore" pos="DT">a</wf>
<wf cmd="tag" pos="JJ">co-operative</wf>
<wf cmd="tag" pos="NN">library</wf>
<wf cmd="tag" pos="NN">system</wf>
<punc>,</punc>
<wf cmd="ignore" pos="DT">the</wf>
<wf cmd="tag" pos="NN">law</wf>
<wf cmd="done" pos="VB" lemma="require" wnsn="2" lexsn="2:32:01::">requires</wf>
<wf cmd="ignore" pos="DT">a</wf>
<wf cmd="tag" pos="JJ">central</wf>
<wf cmd="tag" pos="NN">book</wf>
<wf cmd="tag" pos="NN">collection</wf>
<wf cmd="ignore" pos="IN">of</wf>
<wf cmd="tag" pos="CD">100000</wf>
<wf cmd="tag" pos="NN">nonfiction</wf>
<wf cmd="tag" pos="NNS">volumes</wf>
<wf cmd="ignore" pos="IN">as</wf>
<wf cmd="ignore" pos="DT">the</wf>
<wf cmd="tag" pos="NN">nucleus</wf>
<punc>,</punc>
<wf cmd="ignore" pos="CC">and</wf>
<wf cmd="ignore" pos="DT">the</wf>
<wf cmd="tag" pos="NN">system</wf>
<wf cmd="done" pos="VBZ" ot="notag">is</wf>
<wf cmd="done" pos="VB" lemma="organize" wnsn="4" lexsn="2:30:00::">organized</wf>
<wf cmd="ignore" pos="IN">around</wf>
<wf cmd="ignore" pos="PRP">it</wf>
<punc>.</punc>
</s>
<s snum="27">
<wf cmd="ignore" pos="DT">The</wf>
<wf cmd="tag" pos="NN">collection</wf>
<wf cmd="ignore" pos="MD">may</wf>
<wf cmd="done" pos="VB" lemma="be" wnsn="3" lexsn="2:42:05::">be</wf>
<wf cmd="ignore" pos="IN">in</wf>
<wf cmd="ignore" pos="DT">an</wf>
<wf cmd="tag" pos="JJ">existing</wf>
<wf cmd="tag" pos="NN">library</wf>
<punc>,</punc>
<wf cmd="ignore" pos="CC">or</wf>
<wf cmd="ignore" pos="PRP">it</wf>
<wf cmd="ignore" pos="MD">may</wf>
<wf cmd="done" pos="VB" ot="notag">be</wf>
<wf cmd="done" pos="VB" lemma="build" wnsn="2" lexsn="2:30:00::">built</wf>
<wf cmd="ignore" pos="IN">up</wf>
<wf cmd="ignore" pos="IN">in</wf>
<wf cmd="ignore" pos="DT">a</wf>
<wf cmd="tag" pos="JJ">central</wf>
<wf cmd="tag" pos="NN">collection</wf>
<punc>.</punc>
</s>
<s snum="28">
<wf cmd="ignore" pos="DT">Each</wf>
<wf cmd="tag" pos="NN">system</wf>
<wf cmd="done" pos="VB" lemma="develop" wnsn="5" lexsn="2:42:00::">develops</wf>
<wf cmd="tag" pos="RB">differently</wf>
<punc>,</punc>
<wf cmd="tag" pos="JJ">according</wf>
<wf cmd="ignore" pos="TO">to</wf>
<wf cmd="ignore" pos="DT">the</wf>
<wf cmd="tag" pos="NN">area</wf>
<wf cmd="ignore" pos="PRP">it</wf>
<wf cmd="done" pos="VB" lemma="serve" wnsn="4" lexsn="2:41:00::">serves</wf>
<punc>,</punc>
<wf cmd="ignore" pos="CC">but</wf>
<wf cmd="ignore" pos="DT">the</wf>
<wf cmd="tag" pos="JJ">universal</wf>
<wf cmd="tag" pos="NN">goal</wf>
<wf cmd="done" pos="VB" lemma="be" wnsn="1" lexsn="2:42:03::">is</wf>
<wf cmd="ignore" pos="TO">to</wf>
<wf cmd="done" pos="VB" lemma="pool" wnsn="1" lexsn="2:40:00::">pool</wf>
<wf cmd="ignore" pos="DT">the</wf>
<wf cmd="tag" pos="NNS">resources</wf>
<wf cmd="ignore" pos="IN">of</wf>
<wf cmd="ignore" pos="DT">a</wf>
<wf cmd="tag" pos="JJ">given</wf>
<wf cmd="tag" pos="NN">area</wf>
<wf cmd="ignore" pos="IN">for</wf>
<wf cmd="tag" pos="JJ">maximum</wf>
<wf cmd="tag" pos="NN">efficiency</wf>
<punc>.</punc>
</s>
<s snum="29">
<wf cmd="ignore" pos="DT">The</wf>
<wf cmd="tag" pos="JJ">basic</wf>
<wf cmd="tag" pos="NN">state</wf>
<wf cmd="tag" pos="NN">grant</wf>
<wf cmd="done" pos="VB" lemma="be" wnsn="6" lexsn="2:42:07::">is</wf>
<wf cmd="tag" pos="CD">thirty</wf>
<wf cmd="tag" pos="NNS">cents</wf>
<wf cmd="tag" pos="RB">for_each_person</wf>
<wf cmd="done" pos="VB" lemma="serve" wnsn="4" lexsn="2:41:00::">served</wf>
<punc>,</punc>
<wf cmd="ignore" pos="CC">and</wf>
<wf cmd="ignore" pos="EX">there</wf>
<wf cmd="done" pos="VB" ot="notag">is</wf>
<wf cmd="ignore" pos="DT">a</wf>
<wf cmd="tag" pos="JJ">further</wf>
<wf cmd="tag" pos="NN">book</wf>
<wf cmd="tag" pos="NN">incentive</wf>
<wf cmd="tag" pos="NN">grant</wf>
<wf cmd="ignore" pos="WDT">that</wf>
<wf cmd="done" pos="VB" lemma="provide" wnsn="1" lexsn="2:40:00::">provides</wf>
<wf cmd="ignore" pos="DT">an</wf>
<wf cmd="tag" pos="JJ">extra</wf>
<wf cmd="tag" pos="CD">twenty</wf>
<wf cmd="tag" pos="NNS">cents</wf>
<wf cmd="tag" pos="JJ">up_to</wf>
<wf cmd="tag" pos="CD">fifty</wf>
<wf cmd="tag" pos="NNS">cents</wf>
<wf cmd="tag" pos="RB">per_capita</wf>
<punc>,</punc>
<wf cmd="ignore" pos="IN">if</wf>
<wf cmd="ignore" pos="DT">a</wf>
<wf cmd="tag" pos="NN">library</wf>
<wf cmd="done" pos="VB" lemma="spend" wnsn="2" lexsn="2:40:00::">spends</wf>
<wf cmd="ignore" pos="DT">a</wf>
<wf cmd="tag" pos="JJ">certain</wf>
<wf cmd="tag" pos="NN">number</wf>
<wf cmd="ignore" pos="IN">of</wf>
<wf cmd="tag" pos="NNS">dollars</wf>
<punc>.</punc>
</s>
</p>
<p pnum="9">
<s snum="30">
<wf cmd="ignore" pos="IN">In</wf>
<wf cmd="tag" pos="NNP">Nassau_County</wf>
<punc>,</punc>
<wf cmd="tag" pos="RB">for_example</wf>
<punc>,</punc>
<wf cmd="ignore" pos="DT">the</wf>
<wf cmd="tag" pos="RB">heavily</wf>
<wf cmd="tag" pos="JJ">settled</wf>
<wf cmd="tag" pos="NN">Long_Island</wf>
<wf cmd="tag" pos="NN">suburb</wf>
<wf cmd="ignore" pos="IN">of</wf>
<wf cmd="tag" pos="NN">New_York_City</wf>
<punc>,</punc>
<wf cmd="ignore" pos="DT">the</wf>
<wf cmd="tag" pos="NN">system</wf>
<wf cmd="done" pos="VBZ" ot="notag">is</wf>
<wf cmd="done" pos="VB" lemma="credit" wnsn="3" lexsn="2:40:00::">credited</wf>
<wf cmd="ignore" pos="IN">by</wf>
<wf cmd="ignore" pos="DT">the</wf>
<wf cmd="tag" pos="NN">state</wf>
<wf cmd="ignore" pos="IN">with</wf>
<wf cmd="done" pos="VB" lemma="serve" wnsn="4" lexsn="2:41:00::">serving</wf>
<wf cmd="tag" pos="CD">one</wf>
<wf cmd="tag" pos="CD">million</wf>
<wf cmd="tag" pos="NNS">persons</wf>
<punc>,</punc>
<wf cmd="ignore" pos="DT">a</wf>
<wf cmd="tag" pos="NN">figure</wf>
<wf cmd="ignore" pos="WDT">that</wf>
<wf cmd="done" pos="VBZ" ot="notag">has</wf>
<wf cmd="done" pos="VB" lemma="double" wnsn="1" lexsn="2:30:00::">doubled</wf>
<wf cmd="ignore" pos="IN">since</wf>
<wf cmd="tag" pos="CD">1950</wf>
<punc>.</punc>
</s>
<s snum="31">
<wf cmd="ignore" pos="DT">This</wf>
<wf cmd="tag" pos="NN">system</wf>
<punc>,</punc>
<wf cmd="ignore" pos="IN">by</wf>
<wf cmd="tag" pos="NN">virtue</wf>
<wf cmd="ignore" pos="IN">of</wf>
<wf cmd="ignore" pos="PRP$">its</wf>
<wf cmd="tag" pos="NN">variety</wf>
<wf cmd="ignore" pos="CC">and</wf>
<wf cmd="tag" pos="NN">size</wf>
<punc>,</punc>
<wf cmd="done" pos="VB" lemma="offer" wnsn="1" lexsn="2:40:02::">offers</wf>
<wf cmd="ignore" pos="DT">an</wf>
<wf cmd="tag" pos="JJ">inclusive</wf>
<wf cmd="tag" pos="NN">view</wf>
<wf cmd="ignore" pos="IN">of</wf>
<wf cmd="ignore" pos="DT">the</wf>
<wf cmd="tag" pos="NN">plan</wf>
<wf cmd="tag" pos="JJ">in_operation</wf>
<punc>.</punc>
</s>
</p>
<p pnum="10">
<s snum="32">
<wf cmd="ignore" pos="DT">The</wf>
<wf cmd="tag" pos="NNP">Nassau</wf>
<wf cmd="tag" pos="NN">system</wf>
<wf cmd="done" pos="VB" lemma="recognize" wnsn="2" lexsn="2:31:01::">recognizes</wf>
<wf cmd="ignore" pos="IN">that</wf>
<wf cmd="ignore" pos="PRP$">its</wf>
<wf cmd="tag" pos="JJ">major</wf>
<wf cmd="tag" pos="NN">task</wf>
<wf cmd="ignore" pos="PRP">it</wf>
<wf cmd="ignore" pos="TO">to</wf>
<wf cmd="done" pos="VB" lemma="broaden" wnsn="1" lexsn="2:30:01::">broaden</wf>
<wf cmd="tag" pos="NN">reference</wf>
<wf cmd="tag" pos="NN">service</wf>
<punc>,</punc>
<wf cmd="ignore" pos="WP">what</wf>
<wf cmd="ignore" pos="IN">with</wf>
<wf cmd="ignore" pos="DT">the</wf>
<wf cmd="tag" pos="JJ">constant</wf>
<wf cmd="tag" pos="NN">expansion</wf>
<wf cmd="ignore" pos="IN">of</wf>
<wf cmd="tag" pos="NN">education</wf>
<wf cmd="ignore" pos="CC">and</wf>
<wf cmd="tag" pos="NN">knowledge</wf>
<punc>,</punc>
<wf cmd="ignore" pos="CC">and</wf>
<wf cmd="ignore" pos="DT">the</wf>
<wf cmd="tag" pos="NN">pressure</wf>
<wf cmd="ignore" pos="IN">of</wf>
<wf cmd="tag" pos="NN">population</wf>
<wf cmd="tag" pos="NN">growth</wf>
<wf cmd="ignore" pos="IN">in</wf>
<wf cmd="ignore" pos="DT">a</wf>
<wf cmd="tag" pos="JJ">metropolitan</wf>
<wf cmd="tag" pos="NN">area</wf>
<punc>.</punc>
</s>
<s snum="33">
<wf cmd="ignore" pos="DT">The</wf>
<wf cmd="tag" pos="NN">need</wf>
<wf cmd="done" pos="VB" lemma="be" wnsn="1" lexsn="2:42:03::">is</wf>
<wf cmd="ignore" pos="IN">for</wf>
<wf cmd="tag" pos="NN">reference_works</wf>
<wf cmd="ignore" pos="IN">of</wf>
<wf cmd="ignore" pos="DT">a</wf>
<wf cmd="tag" pos="RBR">more</wf>
<wf cmd="tag" pos="JJ">specialized</wf>
<wf cmd="tag" pos="NN">nature</wf>
<wf cmd="ignore" pos="IN">than</wf>
<wf cmd="tag" pos="JJ">individual</wf>
<wf cmd="tag" pos="NNS">libraries</wf>
<punc>,</punc>
<wf cmd="tag" pos="JJ">adequate_to</wf>
<wf cmd="done" pos="VB" lemma="satisfy" wnsn="3" lexsn="2:34:01::">satisfy</wf>
<wf cmd="tag" pos="JJ">everyday</wf>
<wf cmd="tag" pos="NN">needs</wf>
<punc>,</punc>
<wf cmd="ignore" pos="MD">could</wf>
<wf cmd="done" pos="VB" lemma="afford" wnsn="1" lexsn="2:34:00::">afford</wf>
<punc>.</punc>
</s>
<s snum="34">
<wf cmd="tag" pos="NNP">Nassau</wf>
<wf cmd="done" pos="VBZ" ot="notag">is</wf>
<wf cmd="tag" pos="RB">currently</wf>
<wf cmd="done" pos="VB" lemma="build" wnsn="1" lexsn="2:36:00::">building</wf>
<wf cmd="ignore" pos="DT">a</wf>
<wf cmd="tag" pos="JJ">central</wf>
<wf cmd="tag" pos="NN">collection</wf>
<wf cmd="ignore" pos="IN">of</wf>
<wf cmd="tag" pos="NN">reference</wf>
<wf cmd="tag" pos="NNS">materials</wf>
<wf cmd="ignore" pos="IN">in</wf>
<wf cmd="ignore" pos="PRP$">its</wf>
<wf cmd="tag" pos="NNP">Hempstead</wf>
<wf cmd="tag" pos="NN">headquarters</wf>
<punc>,</punc>
<wf cmd="ignore" pos="WDT">which</wf>
<wf cmd="ignore" pos="MD">will</wf>
<wf cmd="done" pos="VB" lemma="reach" wnsn="7" lexsn="2:38:06::">reach</wf>
<wf cmd="ignore" pos="PRP$">its</wf>
<wf cmd="tag" pos="NN">goal</wf>
<wf cmd="ignore" pos="IN">of</wf>
<wf cmd="tag" pos="CD">100000</wf>
<wf cmd="tag" pos="NNS">volumes</wf>
<wf cmd="ignore" pos="IN">by</wf>
<wf cmd="tag" pos="CD">1965</wf>
<punc>.</punc>
</s>
</p>
<p pnum="11">
<s snum="35">
<wf cmd="ignore" pos="DT">The</wf>
<wf cmd="tag" pos="JJ">major</wf>
<wf cmd="tag" pos="NN">part</wf>
<wf cmd="tag" pos="RB">of_this</wf>
<wf cmd="tag" pos="NN">collection</wf>
<wf cmd="done" pos="VB" lemma="be" wnsn="3" lexsn="2:42:05::">is</wf>
<wf cmd="ignore" pos="IN">in</wf>
<wf cmd="ignore" pos="DT">the</wf>
<wf cmd="tag" pos="JJ">central</wf>
<wf cmd="tag" pos="NN">headquarters</wf>
<wf cmd="tag" pos="NN">building</wf>
<punc>,</punc>
<wf cmd="ignore" pos="CC">and</wf>
<wf cmd="ignore" pos="DT">the</wf>
<wf cmd="tag" pos="NN">remainder</wf>
<wf cmd="done" pos="VBZ" ot="notag">is</wf>
<wf cmd="done" pos="VB" lemma="divide" wnsn="1" lexsn="2:41:00::">divided</wf>
<wf cmd="ignore" pos="IN">among</wf>
<wf cmd="tag" pos="CD">five</wf>
<wf cmd="tag" pos="NNS">libraries</wf>
<wf cmd="ignore" pos="IN">in</wf>
<wf cmd="ignore" pos="DT">the</wf>
<wf cmd="tag" pos="NN">system</wf>
<wf cmd="done" pos="VB" lemma="designate" wnsn="2" lexsn="2:41:00::">designated</wf>
<wf cmd="ignore" pos="IN">as</wf>
<wf cmd="tag" pos="NN">subject</wf>
<wf cmd="tag" pos="NNS">centers</wf>
<punc>.</punc>
</s>
<s snum="36">
<wf cmd="tag" pos="NNP">Basic</wf>
<wf cmd="tag" pos="NN">reference</wf>
<wf cmd="tag" pos="NNS">tools</wf>
<wf cmd="done" pos="VB" lemma="be" wnsn="6" lexsn="2:42:07::">are</wf>
<wf cmd="ignore" pos="DT">the</wf>
<wf cmd="tag" pos="NN">backbone</wf>
<wf cmd="ignore" pos="IN">of</wf>
<wf cmd="ignore" pos="DT">the</wf>
<wf cmd="tag" pos="NN">collection</wf>
<punc>,</punc>
<wf cmd="ignore" pos="CC">but</wf>
<wf cmd="ignore" pos="EX">there</wf>
<wf cmd="done" pos="VB" ot="notag">is</wf>
<wf cmd="tag" pos="RB">also</wf>
<wf cmd="tag" pos="NN">specialization</wf>
<wf cmd="ignore" pos="IN">in</wf>
<wf cmd="tag" pos="NN">science</wf>
<wf cmd="ignore" pos="CC">and</wf>
<wf cmd="tag" pos="NN">technology</wf>
<punc>,</punc>
<wf cmd="ignore" pos="DT">an</wf>
<wf cmd="tag" pos="JJ">indicated</wf>
<wf cmd="tag" pos="NN">weakness</wf>
<wf cmd="ignore" pos="IN">in</wf>
<wf cmd="tag" pos="JJ">local</wf>
<wf cmd="tag" pos="NNS">libraries</wf>
<punc>.</punc>
</s>
<s snum="37">
<wf cmd="ignore" pos="IN">On</wf>
<wf cmd="tag" pos="NN">microfilm</wf>
<punc>,</punc>
<wf cmd="tag" pos="NN">headquarters</wf>
<wf cmd="tag" pos="RB">also</wf>
<wf cmd="done" pos="VB" lemma="have" wnsn="4" lexsn="2:40:04::">has</wf>
<wf cmd="ignore" pos="DT">a</wf>
<wf cmd="tag" pos="NN">file</wf>
<wf cmd="ignore" pos="IN">of</wf>
<wf cmd="ignore" pos="DT">the</wf>
<wf cmd="tag" pos="NN">New_York</wf>
<wf cmd="tag" pos="NNP">Times</wf>
<wf cmd="ignore" pos="IN">from</wf>
<wf cmd="ignore" pos="PRP$">its</wf>
<wf cmd="tag" pos="NN">founding</wf>
<wf cmd="ignore" pos="IN">in</wf>
<wf cmd="tag" pos="CD">1851</wf>
<wf cmd="ignore" pos="TO">to</wf>
<wf cmd="ignore" pos="DT">the</wf>
<wf cmd="tag" pos="JJ">present</wf>
<wf cmd="tag" pos="NN">day</wf>
<punc>,</punc>
<wf cmd="tag" pos="RB">as_well</wf>
<wf cmd="ignore" pos="IN">as</wf>
<wf cmd="tag" pos="JJ">bound</wf>
<wf cmd="tag" pos="NNS">volumes</wf>
<wf cmd="ignore" pos="IN">of</wf>
<wf cmd="tag" pos="JJ">important</wf>
<wf cmd="tag" pos="NNS">periodicals</wf>
<punc>.</punc>
</s>
<s snum="38">
<wf cmd="ignore" pos="DT">The</wf>
<wf cmd="tag" pos="JJ">entire</wf>
<wf cmd="tag" pos="NN">headquarters</wf>
<wf cmd="tag" pos="NN">collection</wf>
<wf cmd="done" pos="VB" lemma="be" wnsn="1" lexsn="2:42:03::">is</wf>
<wf cmd="tag" pos="JJ">available</wf>
<wf cmd="ignore" pos="TO">to</wf>
<wf cmd="ignore" pos="DT">the</wf>
<wf cmd="tag" pos="NNS">patrons</wf>
<wf cmd="ignore" pos="IN">of</wf>
<wf cmd="ignore" pos="DT">all</wf>
<wf cmd="tag" pos="NNS">members</wf>
<wf cmd="ignore" pos="IN">on</wf>
<wf cmd="tag" pos="JJ">interlibrary</wf>
<wf cmd="tag" pos="NNS">loans</wf>
<punc>.</punc>
</s>
</p>
<p pnum="12">
<s snum="39">
<wf cmd="tag" pos="NNP">Headquarters</wf>
<wf cmd="done" pos="VB" lemma="get" wnsn="1" lexsn="2:40:00::">gets</wf>
<wf cmd="tag" pos="RB">about</wf>
<wf cmd="tag" pos="CD">100</wf>
<wf cmd="tag" pos="NNS">requests</wf>
<wf cmd="tag" pos="RB">every_day</wf>
<punc>.</punc>
</s>
<s snum="40">
<wf cmd="ignore" pos="PRP">It</wf>
<wf cmd="done" pos="VB" ot="notag">is</wf>
<wf cmd="done" pos="VB" lemma="connect" wnsn="4" lexsn="2:32:12::">connected</wf>
<wf cmd="ignore" pos="IN">by</wf>
<wf cmd="tag" pos="NN">teletype</wf>
<wf cmd="ignore" pos="IN">with</wf>
<wf cmd="ignore" pos="DT">the</wf>
<wf cmd="tag" pos="NNP">State_Library</wf>
<wf cmd="ignore" pos="IN">in</wf>
<wf cmd="tag" pos="NNP">Albany</wf>
<punc>,</punc>
<wf cmd="ignore" pos="WDT">which</wf>
<wf cmd="ignore" pos="MD">will</wf>
<wf cmd="done" pos="VB" lemma="supply" wnsn="2" lexsn="2:41:00::">supply</wf>
<wf cmd="ignore" pos="DT">any</wf>
<wf cmd="tag" pos="NN">book</wf>
<wf cmd="ignore" pos="TO">to</wf>
<wf cmd="ignore" pos="DT">a</wf>
<wf cmd="tag" pos="NN">system</wf>
<wf cmd="ignore" pos="IN">that</wf>
<wf cmd="ignore" pos="DT">the</wf>
<wf cmd="tag" pos="NN">system</wf>
<wf cmd="ignore" pos="PRP">itself</wf>
<wf cmd="ignore" pos="MD">cannot</wf>
<wf cmd="done" pos="VB" lemma="provide" wnsn="1" lexsn="2:40:00::">provide</wf>
<punc>.</punc>
</s>
<s snum="41">
<wf cmd="ignore" pos="DT">The</wf>
<wf cmd="tag" pos="NNS">books</wf>
<wf cmd="done" pos="VBP" ot="notag">are</wf>
<wf cmd="done" pos="VB" lemma="carry" wnsn="1" lexsn="2:35:02::">carried</wf>
<wf cmd="ignore" pos="IN">around</wf>
<wf cmd="ignore" pos="IN">by</wf>
<wf cmd="tag" pos="NN">truck</wf>
<wf cmd="ignore" pos="IN">in</wf>
<wf cmd="tag" pos="NN">canvas</wf>
<wf cmd="tag" pos="NNS">bags</wf>
<wf cmd="ignore" pos="IN">from</wf>
<wf cmd="tag" pos="NN">headquarters</wf>
<wf cmd="ignore" pos="TO">to</wf>
<wf cmd="ignore" pos="DT">the</wf>
<wf cmd="tag" pos="JJ">other</wf>
<wf cmd="tag" pos="NNS">libraries</wf>
<punc>.</punc>
</s>
</p>
<p pnum="13">
<s snum="42">
<wf cmd="ignore" pos="DT">Each</wf>
<wf cmd="tag" pos="NN">subject</wf>
<wf cmd="tag" pos="NN">center</wf>
<wf cmd="tag" pos="NN">library</wf>
<wf cmd="done" pos="VBD" ot="notag">was</wf>
<wf cmd="done" pos="VB" lemma="choose" wnsn="1" lexsn="2:31:00::">chosen</wf>
<wf cmd="ignore" pos="IN">because</wf>
<wf cmd="ignore" pos="IN">of</wf>
<wf cmd="ignore" pos="PRP$">its</wf>
<wf cmd="tag" pos="JJ">demonstrated</wf>
<wf cmd="tag" pos="NN">strength</wf>
<wf cmd="ignore" pos="IN">in</wf>
<wf cmd="ignore" pos="DT">a</wf>
<wf cmd="tag" pos="JJ">particular</wf>
<wf cmd="tag" pos="NN">area</wf>
<punc>,</punc>
<wf cmd="ignore" pos="WDT">which</wf>
<wf cmd="tag" pos="NN">headquarters</wf>
<wf cmd="ignore" pos="MD">could</wf>
<wf cmd="tag" pos="RB">then</wf>
<wf cmd="done" pos="VB" lemma="build" wnsn="1" lexsn="2:36:00::">build</wf>
<wf cmd="done" pos="VB" ot="notag">upon</wf>
<punc>.</punc>
</s>
<s snum="43">
<wf cmd="tag" pos="NNP">East_Meadow</wf>
<wf cmd="done" pos="VB" lemma="have" wnsn="2" lexsn="2:42:00::">has</wf>
<wf cmd="tag" pos="NN">philosophy</wf>
<punc>,</punc>
<wf cmd="tag" pos="NN">psychology</wf>
<punc>,</punc>
<wf cmd="ignore" pos="CC">and</wf>
<wf cmd="tag" pos="NN">religion</wf>
<punc>;</punc>
<wf cmd="tag" pos="NNP">Freeport</wf>
<wf cmd="done" pos="VB" lemma="house" wnsn="1" lexsn="2:42:02::">houses</wf>
<wf cmd="tag" pos="NN">social_science</wf>
<punc>,</punc>
<wf cmd="tag" pos="JJ">pure</wf>
<wf cmd="tag" pos="NN">science</wf>
<punc>,</punc>
<wf cmd="ignore" pos="CC">and</wf>
<wf cmd="tag" pos="NN">language</wf>
<punc>;</punc>
<wf cmd="tag" pos="NN">history</wf>
<punc>,</punc>
<wf cmd="tag" pos="NN">biography</wf>
<punc>,</punc>
<wf cmd="ignore" pos="CC">and</wf>
<wf cmd="tag" pos="NN">education</wf>
<wf cmd="done" pos="VB" lemma="be" wnsn="1" lexsn="2:42:03::">are</wf>
<wf cmd="tag" pos="JJ">centered</wf>
<wf cmd="ignore" pos="IN">in</wf>
<wf cmd="tag" pos="NNP">Hempstead</wf>
<punc>;</punc>
<wf cmd="tag" pos="NNP">Levittown</wf>
<wf cmd="done" pos="VB" lemma="have" wnsn="2" lexsn="2:42:00::">has</wf>
<wf cmd="tag" pos="NN">applied_science</wf>
<punc>,</punc>
<wf cmd="tag" pos="NN">business</wf>
<punc>,</punc>
<wf cmd="ignore" pos="CC">and</wf>
<wf cmd="tag" pos="NN">literature</wf>
<punc>;</punc>
<wf cmd="ignore" pos="IN">while</wf>
<wf cmd="tag" pos="NNP">Hewlett-Woodmere</wf>
<wf cmd="done" pos="VB" lemma="be" wnsn="1" lexsn="2:42:03::">is</wf>
<wf cmd="ignore" pos="DT">the</wf>
<wf cmd="tag" pos="NN">repository</wf>
<wf cmd="ignore" pos="IN">of</wf>
<wf cmd="tag" pos="NN">art</wf>
<punc>,</punc>
<wf cmd="tag" pos="NN">music</wf>
<punc>,</punc>
<wf cmd="ignore" pos="CC">and</wf>
<wf cmd="tag" pos="JJ">foreign</wf>
<wf cmd="tag" pos="NNS">languages</wf>
<punc>.</punc>
</s>
<s snum="44">
<wf cmd="ignore" pos="DT">The</wf>
<wf cmd="tag" pos="NN">reference</wf>
<wf cmd="tag" pos="NN">coordinator</wf>
<wf cmd="ignore" pos="IN">at</wf>
<wf cmd="tag" pos="NN">headquarters</wf>
<wf cmd="tag" pos="RB">also</wf>
<wf cmd="done" pos="VB" lemma="serve" wnsn="2" lexsn="2:33:00::">serves</wf>
<wf cmd="done" pos="VB" ot="notag">as</wf>
<wf cmd="ignore" pos="DT">a</wf>
<wf cmd="tag" pos="NN">consultant</wf>
<punc>,</punc>
<wf cmd="ignore" pos="CC">and</wf>
<wf cmd="done" pos="VB" lemma="be" wnsn="1" lexsn="2:42:03::">is</wf>
<wf cmd="tag" pos="JJ">available</wf>
<wf cmd="ignore" pos="TO">to</wf>
<wf cmd="done" pos="VB" lemma="work" wnsn="5" lexsn="2:36:00::">work</wf>
<wf cmd="ignore" pos="IN">with</wf>
<wf cmd="ignore" pos="DT">the</wf>
<wf cmd="tag" pos="JJ">local</wf>
<wf cmd="tag" pos="NN">librarian</wf>
<wf cmd="ignore" pos="IN">in</wf>
<wf cmd="done" pos="VB" lemma="help" wnsn="1" lexsn="2:41:00::">helping</wf>
<wf cmd="ignore" pos="TO">to</wf>
<wf cmd="done" pos="VB" lemma="strengthen" wnsn="1" lexsn="2:30:01::">strengthen</wf>
<wf cmd="tag" pos="JJ">local</wf>
<wf cmd="tag" pos="NN">reference</wf>
<wf cmd="tag" pos="NN">service</wf>
<punc>.</punc>
</s>
</p>
<p pnum="14">
<s snum="45">
<wf cmd="ignore" pos="DT">This</wf>
<wf cmd="tag" pos="RB">kind_of</wf>
<wf cmd="tag" pos="NN">cooperation</wf>
<wf cmd="done" pos="VB" lemma="be" wnsn="1" lexsn="2:42:03::">is</wf>
<wf cmd="tag" pos="RB">not</wf>
<wf cmd="tag" pos="RB">wholly</wf>
<wf cmd="tag" pos="JJ">new</wf>
<punc>,</punc>
<wf cmd="tag" pos="RB">of_course</wf>
<punc>.</punc>
</s>
<s snum="46">
<wf cmd="tag" pos="NN">Public</wf>
<wf cmd="tag" pos="NNS">libraries</wf>
<wf cmd="ignore" pos="IN">in</wf>
<wf cmd="tag" pos="NNP">Nassau_County</wf>
<wf cmd="done" pos="VBP" ot="notag">have</wf>
<wf cmd="done" pos="VBN" ot="notag">been</wf>
<wf cmd="done" pos="VB" lemma="lend" wnsn="2" lexsn="2:40:00::">lending</wf>
<wf cmd="tag" pos="NNS">books</wf>
<wf cmd="ignore" pos="TO">to</wf>
<wf cmd="ignore" pos="DT">each</wf>
<wf cmd="tag" pos="NN">other</wf>
<wf cmd="ignore" pos="IN">by</wf>
<wf cmd="tag" pos="NN">mail</wf>
<wf cmd="ignore" pos="IN">for</wf>
<wf cmd="ignore" pos="DT">a</wf>
<wf cmd="tag" pos="NN">quarter-century</wf>
<punc>,</punc>
<wf cmd="ignore" pos="CC">but</wf>
<wf cmd="ignore" pos="DT">the</wf>
<wf cmd="tag" pos="NN">system</wf>
<wf cmd="done" pos="VB" lemma="enable" wnsn="1" lexsn="2:30:00::">enables</wf>
<wf cmd="ignore" pos="DT">this</wf>
<wf cmd="tag" pos="NN">process</wf>
<wf cmd="ignore" pos="TO">to</wf>
<wf cmd="done" pos="VB" lemma="operate" wnsn="2" lexsn="2:35:03::">operate</wf>
<wf cmd="done" pos="VB" ot="notag">on</wf>
<wf cmd="ignore" pos="DT">an</wf>
<wf cmd="tag" pos="JJ">organized</wf>
<wf cmd="ignore" pos="CC">and</wf>
<wf cmd="tag" pos="RB">far</wf>
<wf cmd="tag" pos="RBR">more</wf>
<wf cmd="tag" pos="JJ">comprehensive</wf>
<wf cmd="tag" pos="NN">basis</wf>
<punc>.</punc>
</s>
<s snum="47">
<wf cmd="tag" pos="JJ">Local</wf>
<wf cmd="tag" pos="NNS">libraries</wf>
<wf cmd="done" pos="VB" lemma="find" wnsn="6" lexsn="2:39:01::">find</wf>
<punc>,</punc>
<wf cmd="tag" pos="RB">too</wf>
<punc>,</punc>
<wf cmd="ignore" pos="IN">that</wf>
<wf cmd="ignore" pos="DT">the</wf>
<wf cmd="tag" pos="JJ">new</wf>
<wf cmd="tag" pos="NN">plan</wf>
<wf cmd="done" pos="VB" lemma="save" wnsn="4" lexsn="2:40:02::">saves</wf>
<wf cmd="tag" pos="NN">tax</wf>
<wf cmd="tag" pos="NNS">dollars</wf>
<wf cmd="ignore" pos="IN">because</wf>
<wf cmd="tag" pos="NNS">books</wf>
<wf cmd="ignore" pos="MD">can</wf>
<wf cmd="done" pos="VB" ot="notag">be</wf>
<wf cmd="done" pos="VB" lemma="buy" wnsn="1" lexsn="2:40:00::">bought</wf>
<wf cmd="ignore" pos="IN">through</wf>
<wf cmd="ignore" pos="DT">the</wf>
<wf cmd="tag" pos="NN">system</wf>
<punc>,</punc>
<wf cmd="ignore" pos="CC">and</wf>
<wf cmd="ignore" pos="IN">since</wf>
<wf cmd="ignore" pos="DT">the</wf>
<wf cmd="tag" pos="NN">system</wf>
<wf cmd="done" pos="VB" lemma="buy" wnsn="1" lexsn="2:40:00::">buys</wf>
<wf cmd="done" pos="VB" ot="notag">in</wf>
<wf cmd="tag" pos="NN">bulk</wf>
<wf cmd="ignore" pos="PRP">it</wf>
<wf cmd="done" pos="VB" lemma="be" wnsn="1" lexsn="2:42:03::">is</wf>
<wf cmd="tag" pos="JJ">able</wf>
<wf cmd="done" pos="VB" ot="notag">to</wf>
<wf cmd="done" pos="VB" lemma="obtain" wnsn="1" lexsn="2:40:00::">obtain</wf>
<wf cmd="tag" pos="JJR">larger</wf>
<wf cmd="tag" pos="NNS">discounts</wf>
<wf cmd="ignore" pos="IN">than</wf>
<wf cmd="ignore" pos="MD">would</wf>
<wf cmd="done" pos="VB" lemma="be" wnsn="1" lexsn="2:42:03::">be</wf>
<wf cmd="tag" pos="JJ">available</wf>
<wf cmd="ignore" pos="TO">to</wf>
<wf cmd="ignore" pos="DT">an</wf>
<wf cmd="tag" pos="JJ">individual</wf>
<wf cmd="tag" pos="NN">library</wf>
<punc>.</punc>
</s>
<s snum="48">
<wf cmd="ignore" pos="DT">The</wf>
<wf cmd="tag" pos="NN">system</wf>
<wf cmd="done" pos="VB" lemma="pass_on" wnsn="2" lexsn="2:40:03::">passes_on</wf>
<wf cmd="ignore" pos="DT">these</wf>
<wf cmd="tag" pos="NNS">savings</wf>
<wf cmd="ignore" pos="TO">to</wf>
<wf cmd="ignore" pos="PRP$">its</wf>
<wf cmd="tag" pos="NNS">members</wf>
<punc>.</punc>
</s>
<s snum="49">
<wf cmd="tag" pos="RB">Further</wf>
<wf cmd="tag" pos="NN">money</wf>
<wf cmd="done" pos="VBZ" ot="notag">is</wf>
<wf cmd="done" pos="VB" lemma="save" wnsn="4" lexsn="2:40:02::">saved</wf>
<wf cmd="ignore" pos="IN">through</wf>
<wf cmd="tag" pos="NN">economy</wf>
<wf cmd="ignore" pos="IN">in</wf>
<wf cmd="tag" pos="NN">bookkeeping</wf>
<wf cmd="ignore" pos="CC">and</wf>
<wf cmd="tag" pos="JJ">clerical</wf>
<wf cmd="tag" pos="NN">detail</wf>
<wf cmd="ignore" pos="IN">as</wf>
<wf cmd="ignore" pos="DT">the</wf>
<wf cmd="tag" pos="NN">result</wf>
<wf cmd="ignore" pos="IN">of</wf>
<wf cmd="tag" pos="JJ">central</wf>
<wf cmd="tag" pos="NN">billing</wf>
<punc>.</punc>
</s>
</p>
<p pnum="15">
<s snum="50">
<wf cmd="tag" pos="NNS">Books</wf>
<wf cmd="done" pos="VB" lemma="be" wnsn="2" lexsn="2:42:06::">are</wf>
<wf cmd="tag" pos="RB">not</wf>
<wf cmd="ignore" pos="DT">the</wf>
<wf cmd="tag" pos="JJ">only</wf>
<wf cmd="tag" pos="NN">resource</wf>
<wf cmd="ignore" pos="IN">of</wf>
<wf cmd="ignore" pos="DT">the</wf>
<wf cmd="tag" pos="NN">system</wf>
<punc>.</punc>
</s>
<s snum="51">
<wf cmd="tag" pos="NNP">Schools</wf>
<wf cmd="ignore" pos="CC">and</wf>
<wf cmd="tag" pos="NN">community</wf>
<wf cmd="tag" pos="NNS">groups</wf>
<wf cmd="done" pos="VB" lemma="turn_to" wnsn="0" lexsn="2:32:00::">turn_to</wf>
<wf cmd="ignore" pos="DT">the</wf>
<wf cmd="tag" pos="NN">headquarters</wf>
<wf cmd="tag" pos="NN">film</wf>
<wf cmd="tag" pos="NN">library</wf>
<wf cmd="ignore" pos="IN">for</wf>
<wf cmd="tag" pos="NN">documentary</wf>
<punc>,</punc>
<wf cmd="tag" pos="NN">art</wf>
<punc>,</punc>
<wf cmd="ignore" pos="CC">and</wf>
<wf cmd="tag" pos="JJ">experimental</wf>
<wf cmd="tag" pos="NNS">films</wf>
<wf cmd="ignore" pos="TO">to</wf>
<wf cmd="done" pos="VB" lemma="show" wnsn="1" lexsn="2:39:02::">show</wf>
<wf cmd="ignore" pos="IN">at</wf>
<wf cmd="tag" pos="NNS">libraries</wf>
<wf cmd="ignore" pos="IN">that</wf>
<wf cmd="done" pos="VB" lemma="sponsor" wnsn="1" lexsn="2:40:00::">sponsor</wf>
<wf cmd="tag" pos="JJ">local</wf>
<wf cmd="tag" pos="NNS">programs</wf>
<punc>,</punc>
<wf cmd="ignore" pos="CC">and</wf>
<wf cmd="ignore" pos="TO">to</wf>
<wf cmd="tag" pos="NNS">organizations</wf>
<wf cmd="ignore" pos="IN">in</wf>
<wf cmd="tag" pos="NN">member</wf>
<wf cmd="tag" pos="NNS">communities</wf>
<punc>.</punc>
</s>
<s snum="52">
<wf cmd="tag" pos="RB">The_most</wf>
<wf cmd="tag" pos="JJ">recent</wf>
<wf cmd="tag" pos="NN">film</wf>
<wf cmd="tag" pos="NN">catalogue</wf>
<punc>,</punc>
<wf cmd="tag" pos="JJ">available</wf>
<wf cmd="ignore" pos="IN">at</wf>
<wf cmd="ignore" pos="DT">each</wf>
<wf cmd="tag" pos="NN">library</wf>
<punc>,</punc>
<wf cmd="done" pos="VB" lemma="list" wnsn="1" lexsn="2:32:00::">lists</wf>
<wf cmd="tag" pos="CD">110</wf>
<wf cmd="tag" pos="NNS">titles</wf>
<wf cmd="tag" pos="RB">presently</wf>
<wf cmd="ignore" pos="IN">in</wf>
<wf cmd="ignore" pos="DT">the</wf>
<wf cmd="tag" pos="NN">collection</wf>
<punc>,</punc>
<wf cmd="ignore" pos="DT">any</wf>
<wf cmd="tag" pos="RB">of_which</wf>
<wf cmd="ignore" pos="MD">may</wf>
<wf cmd="done" pos="VB" ot="notag">be</wf>
<wf cmd="done" pos="VB" lemma="borrow" wnsn="1" lexsn="2:40:00::">borrowed</wf>
<wf cmd="ignore" pos="IN">without</wf>
<wf cmd="tag" pos="NN">charge</wf>
<punc>.</punc>
</s>
<s snum="53">
<wf cmd="ignore" pos="DT">This</wf>
<wf cmd="tag" pos="NN">catalogue</wf>
<wf cmd="done" pos="VB" lemma="list" wnsn="1" lexsn="2:32:00::">lists</wf>
<wf cmd="tag" pos="RB">separately</wf>
<wf cmd="tag" pos="NNS">films</wf>
<wf cmd="tag" pos="JJ">suitable</wf>
<wf cmd="ignore" pos="IN">for</wf>
<wf cmd="tag" pos="NNS">children</wf>
<punc>,</punc>
<wf cmd="tag" pos="JJ">young</wf>
<wf cmd="tag" pos="NNS">adults</wf>
<punc>,</punc>
<wf cmd="ignore" pos="CC">or</wf>
<wf cmd="tag" pos="NNS">adults</wf>
<punc>,</punc>
<wf cmd="ignore" pos="IN">although</wf>
<wf cmd="ignore" pos="DT">some</wf>
<wf cmd="tag" pos="NNS">classics</wf>
<wf cmd="done" pos="VB" lemma="cut_across" wnsn="2" lexsn="2:42:00::">cut_across</wf>
<wf cmd="tag" pos="NN">age_groups</wf>
<punc>,</punc>
<wf cmd="tag" pos="JJ">such_as</wf>
<punc>``</punc>
<wf cmd="tag" pos="NNP">Nanook</wf>
<wf cmd="ignore" pos="IN">of</wf>
<wf cmd="ignore" pos="DT">the</wf>
<wf cmd="tag" pos="NN">North</wf>
<punc>''</punc>
<punc>,</punc>
<punc>``</punc>
<wf cmd="ignore" pos="DT">The</wf>
<wf cmd="tag" pos="NNP">Emperor</wf>
<wf cmd="ignore" pos="POS">'s</wf>
<wf cmd="tag" pos="NN">Nightingale</wf>
<punc>''</punc>
<punc>,</punc>
<wf cmd="ignore" pos="CC">and</wf>
<punc>``</punc>
<wf cmd="ignore" pos="DT">The</wf>
<wf cmd="tag" pos="NNP">Red_Balloon</wf>
<punc>''</punc>
<punc>.</punc>
</s>
<s snum="54">
<wf cmd="tag" pos="NNS">Workshops</wf>
<wf cmd="done" pos="VBP" ot="notag">are</wf>
<wf cmd="done" pos="VB" lemma="conduct" wnsn="1" lexsn="2:41:00::">conducted</wf>
<wf cmd="ignore" pos="IN">by</wf>
<wf cmd="ignore" pos="DT">the</wf>
<wf cmd="tag" pos="NN">system</wf>
<wf cmd="ignore" pos="POS">'s</wf>
<wf cmd="tag" pos="JJ">audio-visual</wf>
<wf cmd="tag" pos="NN">consultant</wf>
<wf cmd="ignore" pos="IN">for</wf>
<wf cmd="ignore" pos="DT">the</wf>
<wf cmd="tag" pos="NNS">staffs</wf>
<wf cmd="ignore" pos="IN">of</wf>
<wf cmd="tag" pos="NN">member</wf>
<wf cmd="tag" pos="NNS">libraries</wf>
<punc>,</punc>
<wf cmd="done" pos="VB" lemma="teach" wnsn="1" lexsn="2:32:00::">teaching</wf>
<wf cmd="ignore" pos="PRP">them</wf>
<wf cmd="ignore" pos="DT">the</wf>
<wf cmd="tag" pos="JJ">effective</wf>
<wf cmd="tag" pos="NN">use</wf>
<wf cmd="tag" pos="RB">of</wf>
<wf cmd="tag" pos="NN">film</wf>
<wf cmd="ignore" pos="IN">as</wf>
<wf cmd="ignore" pos="DT">a</wf>
<wf cmd="tag" pos="NN">library</wf>
<wf cmd="tag" pos="NN">service</wf>
<punc>.</punc>
</s>
</p>
<p pnum="16">
<s snum="55">
<wf cmd="ignore" pos="DT">The</wf>
<wf cmd="tag" pos="NN">system</wf>
<wf cmd="tag" pos="RB">well</wf>
<wf cmd="done" pos="VB" lemma="understand" wnsn="2" lexsn="2:31:01::">understands</wf>
<wf cmd="ignore" pos="IN">that</wf>
<wf cmd="tag" pos="CD">one</wf>
<wf cmd="ignore" pos="IN">of</wf>
<wf cmd="ignore" pos="PRP$">its</wf>
<wf cmd="tag" pos="JJ">primary</wf>
<wf cmd="tag" pos="NNS">responsibilities</wf>
<wf cmd="done" pos="VB" lemma="be" wnsn="1" lexsn="2:42:03::">is</wf>
<wf cmd="ignore" pos="TO">to</wf>
<wf cmd="done" rdf="bring_together" pos="VB" lemma="bring_together" wnsn="1" lexsn="2:35:01::">bring</wf>
<wf cmd="tag" pos="NNS">children</wf>
<wf cmd="ignore" pos="CC">and</wf>
<wf cmd="tag" pos="NNS">books</wf>
<wf cmd="tag" pos="RB">together</wf>
<punc>;</punc>
<wf cmd="tag" pos="RB">consequently</wf>
<wf cmd="ignore" pos="DT">an</wf>
<wf cmd="tag" pos="JJ">experienced</wf>
<wf cmd="tag" pos="NNS">children</wf>
<wf cmd="ignore" pos="POS">'s</wf>
<wf cmd="tag" pos="NN">librarian</wf>
<wf cmd="ignore" pos="IN">at</wf>
<wf cmd="tag" pos="NN">headquarters</wf>
<wf cmd="done" pos="VB" lemma="conduct" wnsn="1" lexsn="2:41:00::">conducts</wf>
<wf cmd="ignore" pos="DT">a</wf>
<wf cmd="tag" pos="NN">guidance</wf>
<wf cmd="tag" pos="NN">program</wf>
<wf cmd="done" pos="VB" lemma="design" wnsn="1" lexsn="2:36:02::">designed</wf>
<wf cmd="ignore" pos="TO">to</wf>
<wf cmd="done" pos="VB" lemma="promote" wnsn="1" lexsn="2:41:01::">promote</wf>
<wf cmd="tag" pos="JJ">well-planned</wf>
<wf cmd="tag" pos="NN">library</wf>
<wf cmd="tag" pos="NNS">activities</wf>
<punc>,</punc>
<wf cmd="done" pos="VB" lemma="cooperate" wnsn="1" lexsn="2:41:00::">cooperating</wf>
<wf cmd="ignore" pos="IN">with</wf>
<wf cmd="ignore" pos="DT">the</wf>
<wf cmd="tag" pos="NNS">children</wf>
<wf cmd="ignore" pos="POS">'s</wf>
<wf cmd="tag" pos="NNS">librarians</wf>
<wf cmd="ignore" pos="IN">in</wf>
<wf cmd="tag" pos="NN">member</wf>
<wf cmd="tag" pos="NNS">libraries</wf>
<wf cmd="ignore" pos="IN">by</wf>
<wf cmd="tag" pos="NN">means</wf>
<wf cmd="ignore" pos="IN">of</wf>
<wf cmd="tag" pos="JJ">individual</wf>
<wf cmd="tag" pos="NNS">conferences</wf>
<punc>,</punc>
<wf cmd="tag" pos="NNS">workshops</wf>
<punc>,</punc>
<wf cmd="ignore" pos="CC">and</wf>
<wf cmd="tag" pos="JJ">frequent</wf>
<wf cmd="tag" pos="NNS">visits</wf>
<punc>.</punc>
</s>
<s snum="56">
<wf cmd="tag" pos="NNP">Headquarters</wf>
<wf cmd="done" pos="VBZ" ot="notag">has</wf>
<wf cmd="tag" pos="RB">also</wf>
<wf cmd="done" pos="VB" lemma="set_up" wnsn="1" lexsn="2:41:02::">set_up</wf>
<wf cmd="ignore" pos="DT">a</wf>
<wf cmd="tag" pos="JJ">central</wf>
<wf cmd="tag" pos="JJ">juvenile</wf>
<wf cmd="tag" pos="NN">book-review</wf>
<wf cmd="ignore" pos="CC">and</wf>
<wf cmd="tag" pos="NN">book-selection</wf>
<wf cmd="tag" pos="NN">center</wf>
<punc>,</punc>
<wf cmd="ignore" pos="TO">to</wf>
<wf cmd="done" pos="VB" lemma="provide" wnsn="1" lexsn="2:40:00::">provide</wf>
<wf cmd="tag" pos="JJR">better</wf>
<wf cmd="tag" pos="NNS">methods</wf>
<wf cmd="ignore" pos="IN">of</wf>
<wf cmd="tag" pos="NN">purchasing</wf>
<wf cmd="ignore" pos="CC">and</wf>
<wf cmd="tag" pos="NN">selection</wf>
<punc>.</punc>
</s>
<s snum="57">
<wf cmd="tag" pos="NN">Sample</wf>
<wf cmd="tag" pos="NNS">copies</wf>
<wf cmd="ignore" pos="IN">of</wf>
<wf cmd="tag" pos="JJ">new</wf>
<wf cmd="tag" pos="NNS">books</wf>
<wf cmd="done" pos="VB" lemma="be" wnsn="3" lexsn="2:42:05::">are</wf>
<wf cmd="done" pos="VB" ot="notag">on</wf>
<wf cmd="tag" pos="NN">display</wf>
<wf cmd="ignore" pos="IN">at</wf>
<wf cmd="tag" pos="NN">headquarters</wf>
<punc>,</punc>
<wf cmd="ignore" pos="WRB">where</wf>
<wf cmd="tag" pos="NNS">librarians</wf>
<wf cmd="ignore" pos="MD">may</wf>
<wf cmd="done" pos="VB" lemma="evaluate" wnsn="1" lexsn="2:31:00::">evaluate</wf>
<wf cmd="ignore" pos="PRP">them</wf>
<wf cmd="ignore" pos="IN">by</wf>
<wf cmd="ignore" pos="PRP">themselves</wf>
<wf cmd="ignore" pos="CC">or</wf>
<wf cmd="ignore" pos="IN">in</wf>
<wf cmd="tag" pos="NN">workshop</wf>
<wf cmd="tag" pos="NNS">groups</wf>
<punc>.</punc>
</s>
<s snum="58">
<wf cmd="tag" pos="NN">Story</wf>
<wf cmd="tag" pos="NNS">hours</wf>
<punc>,</punc>
<wf cmd="tag" pos="JJ">pre-school</wf>
<wf cmd="tag" pos="NNS">programs</wf>
<punc>,</punc>
<wf cmd="tag" pos="NNS">activities</wf>
<wf cmd="ignore" pos="IN">with</wf>
<wf cmd="tag" pos="NN">community</wf>
<wf cmd="tag" pos="NNS">agencies</wf>
<punc>,</punc>
<wf cmd="ignore" pos="CC">and</wf>
<wf cmd="tag" pos="NNS">lists</wf>
<wf cmd="ignore" pos="IN">of</wf>
<wf cmd="tag" pos="JJ">recommended</wf>
<wf cmd="tag" pos="NN">reading</wf>
<wf cmd="done" pos="VB" lemma="be" wnsn="1" lexsn="2:42:03::">are</wf>
<wf cmd="tag" pos="JJ">all_in</wf>
<wf cmd="ignore" pos="DT">the</wf>
<wf cmd="tag" pos="NN">province</wf>
<wf cmd="ignore" pos="IN">of</wf>
<wf cmd="ignore" pos="DT">the</wf>
<wf cmd="tag" pos="NNS">children</wf>
<wf cmd="ignore" pos="POS">'s</wf>
<wf cmd="tag" pos="NN">consultant</wf>
<punc>.</punc>
</s>
</p>
<p pnum="17">
<s snum="59">
<wf cmd="tag" pos="NNP">Headquarters</wf>
<wf cmd="ignore" pos="IN">of</wf>
<wf cmd="ignore" pos="DT">the</wf>
<wf cmd="tag" pos="NNP">Nassau</wf>
<wf cmd="tag" pos="NN">system</wf>
<wf cmd="done" pos="VB" lemma="be" wnsn="1" lexsn="2:42:03::">is</wf>
<wf cmd="ignore" pos="DT">an</wf>
<wf cmd="tag" pos="RB">increasingly</wf>
<wf cmd="tag" pos="JJ">busy</wf>
<wf cmd="tag" pos="NN">place</wf>
<wf cmd="ignore" pos="DT">these</wf>
<wf cmd="tag" pos="NNS">days</wf>
<punc>,</punc>
<wf cmd="done" pos="VB" lemma="threaten" wnsn="3" lexsn="2:32:01::">threatening</wf>
<wf cmd="ignore" pos="TO">to</wf>
<wf cmd="done" pos="VB" lemma="expand" wnsn="1" lexsn="2:38:00::">expand</wf>
<wf cmd="ignore" pos="IN">beyond</wf>
<wf cmd="ignore" pos="PRP$">its</wf>
<wf cmd="tag" pos="NNS">boundaries</wf>
<punc>.</punc>
</s>
<s snum="60">
<wf cmd="tag" pos="RB">In_addition</wf>
<wf cmd="ignore" pos="TO">to</wf>
<wf cmd="ignore" pos="DT">the</wf>
<wf cmd="tag" pos="JJ">interlibrary</wf>
<wf cmd="tag" pos="NN">loan</wf>
<wf cmd="tag" pos="NN">service</wf>
<wf cmd="ignore" pos="CC">and</wf>
<wf cmd="ignore" pos="DT">the</wf>
<wf cmd="tag" pos="NNS">children</wf>
<wf cmd="ignore" pos="POS">'s</wf>
<wf cmd="tag" pos="NN">program</wf>
<punc>,</punc>
<wf cmd="tag" pos="NN">headquarters</wf>
<wf cmd="done" pos="VB" lemma="have" wnsn="1" lexsn="2:40:00::">has</wf>
<wf cmd="ignore" pos="DT">a</wf>
<wf cmd="tag" pos="NN">public_relations</wf>
<wf cmd="tag" pos="NN">director</wf>
<wf cmd="ignore" pos="WP">who</wf>
<wf cmd="done" pos="VB" lemma="seek" wnsn="3" lexsn="2:41:00::">seeks</wf>
<wf cmd="ignore" pos="TO">to</wf>
<wf cmd="done" pos="VB" lemma="get" wnsn="4" lexsn="2:30:03::">get</wf>
<wf cmd="tag" pos="JJR">wider</wf>
<wf cmd="tag" pos="NNS">grassroots</wf>
<wf cmd="tag" pos="NN">support</wf>
<wf cmd="ignore" pos="IN">for</wf>
<wf cmd="tag" pos="NN">quality</wf>
<wf cmd="tag" pos="NN">library</wf>
<wf cmd="tag" pos="NN">service</wf>
<wf cmd="ignore" pos="IN">in</wf>
<wf cmd="ignore" pos="DT">the</wf>
<wf cmd="tag" pos="NN">county</wf>
<punc>;</punc>
<wf cmd="ignore" pos="PRP">it</wf>
<wf cmd="done" pos="VB" lemma="prepare" wnsn="4" lexsn="2:36:00::">prepares</wf>
<wf cmd="tag" pos="JJ">cooperative</wf>
<wf cmd="tag" pos="NNS">displays</wf>
<punc>(</punc>
<wf cmd="tag" pos="NNS">posters</wf>
<punc>,</punc>
<wf cmd="tag" pos="NNS">booklists</wf>
<punc>,</punc>
<wf cmd="tag" pos="NNS">brochures</wf>
<punc>,</punc>
<wf cmd="ignore" pos="CC">and</wf>
<wf cmd="tag" pos="JJ">other</wf>
<wf cmd="tag" pos="NN">promotional_material</wf>
<punc>)</punc>
<wf cmd="ignore" pos="IN">for</wf>
<wf cmd="tag" pos="NN">use</wf>
<wf cmd="ignore" pos="IN">in</wf>
<wf cmd="tag" pos="NN">member</wf>
<wf cmd="tag" pos="NNS">libraries</wf>
<punc>;</punc>
<wf cmd="ignore" pos="PRP">it</wf>
<wf cmd="done" pos="VB" lemma="maintain" wnsn="2" lexsn="2:40:00::">maintains</wf>
<wf cmd="ignore" pos="DT">a</wf>
<wf cmd="tag" pos="JJ">central</wf>
<wf cmd="tag" pos="NN">exhibit</wf>
<wf cmd="tag" pos="NN">collection</wf>
<wf cmd="ignore" pos="TO">to</wf>
<wf cmd="done" pos="VB" lemma="share" wnsn="3" lexsn="2:40:01::">share</wf>
<wf cmd="tag" pos="NNS">displays</wf>
<wf cmd="tag" pos="RB">already</wf>
<wf cmd="done" pos="VB" lemma="create" wnsn="1" lexsn="2:36:00::">created</wf>
<wf cmd="ignore" pos="CC">and</wf>
<wf cmd="done" pos="VB" lemma="use" wnsn="1" lexsn="2:34:01::">used</wf>
<punc>;</punc>
<wf cmd="ignore" pos="CC">and</wf>
<wf cmd="ignore" pos="PRP">it</wf>
<wf cmd="done" pos="VB" lemma="publish" wnsn="2" lexsn="2:32:00::">publishes</wf>
<wf cmd="tag" pos="NNP">Sum</wf>
<wf cmd="ignore" pos="CC">and</wf>
<wf cmd="tag" pos="NN">Substance</wf>
<punc>,</punc>
<wf cmd="ignore" pos="DT">a</wf>
<wf cmd="tag" pos="JJ">monthly</wf>
<wf cmd="tag" pos="NN">newsletter</wf>
<punc>,</punc>
<wf cmd="ignore" pos="WDT">which</wf>
<wf cmd="done" pos="VB" lemma="report" wnsn="1" lexsn="2:32:00::">reports</wf>
<wf cmd="ignore" pos="DT">the</wf>
<wf cmd="tag" pos="NN">system</wf>
<wf cmd="ignore" pos="POS">'s</wf>
<wf cmd="tag" pos="NNS">activities</wf>
<wf cmd="ignore" pos="TO">to</wf>
<wf cmd="ignore" pos="DT">the</wf>
<wf cmd="tag" pos="NNS">staffs</wf>
<wf cmd="ignore" pos="CC">and</wf>
<wf cmd="tag" pos="NNS">trustees</wf>
<wf cmd="ignore" pos="IN">of</wf>
<wf cmd="tag" pos="NN">member</wf>
<wf cmd="tag" pos="NNS">libraries</wf>
<punc>.</punc>
</s>
<s snum="61">
<wf cmd="ignore" pos="DT">The</wf>
<wf cmd="tag" pos="NN">system</wf>
<wf cmd="ignore" pos="PRP">itself</wf>
<wf cmd="done" pos="VBZ" ot="notag">is</wf>
<wf cmd="done" pos="VB" lemma="govern" wnsn="1" lexsn="2:41:02::">governed</wf>
<wf cmd="ignore" pos="IN">by</wf>
<wf cmd="ignore" pos="DT">a</wf>
<wf cmd="tag" pos="NN">board_of_trustees</wf>
<punc>,</punc>
<wf cmd="tag" pos="RB">geographically</wf>
<wf cmd="done" pos="VB" lemma="represent" wnsn="1" lexsn="2:42:02::">representing</wf>
<wf cmd="ignore" pos="PRP$">its</wf>
<wf cmd="tag" pos="NN">membership</wf>
<punc>.</punc>
</s>
</p>
<p pnum="18">
<s snum="62">
<wf cmd="ignore" pos="IN">In</wf>
<wf cmd="tag" pos="NNP">Nassau</wf>
<punc>,</punc>
<wf cmd="ignore" pos="IN">as</wf>
<wf cmd="ignore" pos="IN">in</wf>
<wf cmd="tag" pos="JJ">other</wf>
<wf cmd="tag" pos="NNS">systems</wf>
<punc>,</punc>
<wf cmd="ignore" pos="DT">the</wf>
<wf cmd="tag" pos="JJ">long-range</wf>
<wf cmd="tag" pos="NN">objective</wf>
<wf cmd="done" pos="VB" lemma="be" wnsn="1" lexsn="2:42:03::">is</wf>
<wf cmd="ignore" pos="TO">to</wf>
<wf cmd="done" pos="VB" lemma="bring" wnsn="2" lexsn="2:35:04::">bring</wf>
<wf cmd="ignore" pos="DT">the</wf>
<wf cmd="tag" pos="JJ">maximum</wf>
<wf cmd="tag" pos="NN">service</wf>
<wf cmd="ignore" pos="IN">of</wf>
<wf cmd="tag" pos="NNS">libraries</wf>
<wf cmd="ignore" pos="TO">to</wf>
<wf cmd="done" pos="VB" lemma="bear_on" wnsn="2" lexsn="2:30:00::">bear_on</wf>
<wf cmd="ignore" pos="DT">the</wf>
<wf cmd="tag" pos="NNS">schools</wf>
<punc>,</punc>
<wf cmd="ignore" pos="CC">and</wf>
<wf cmd="ignore" pos="IN">on</wf>
<wf cmd="tag" pos="NN">adult</wf>
<wf cmd="tag" pos="NN">education</wf>
<wf cmd="tag" pos="RB">in_general</wf>
<punc>.</punc>
</s>
<s snum="63">
<wf cmd="tag" pos="NNS">Librarians</wf>
<punc>,</punc>
<wf cmd="ignore" pos="DT">a</wf>
<wf cmd="tag" pos="NN">patient</wf>
<wf cmd="tag" pos="NN">breed</wf>
<wf cmd="ignore" pos="IN">of</wf>
<wf cmd="tag" pos="NNS">men</wf>
<wf cmd="ignore" pos="CC">and</wf>
<wf cmd="tag" pos="NNS">women</wf>
<wf cmd="ignore" pos="WP">who</wf>
<wf cmd="done" pos="VBP" ot="notag">have</wf>
<wf cmd="done" pos="VB" lemma="bear" wnsn="3" lexsn="2:31:00::">borne</wf>
<wf cmd="tag" pos="JJ">much</wf>
<wf cmd="ignore" pos="IN">with</wf>
<wf cmd="tag" pos="NN">dedication</wf>
<punc>,</punc>
<wf cmd="ignore" pos="MD">can</wf>
<wf cmd="done" pos="VB" lemma="begin" wnsn="1" lexsn="2:30:00::">begin</wf>
<wf cmd="ignore" pos="TO">to</wf>
<wf cmd="done" pos="VB" lemma="see" wnsn="3" lexsn="2:39:02::">see</wf>
<wf cmd="tag" pos="NNS">results</wf>
<wf cmd="tag" pos="NN">today</wf>
<punc>.</punc>
</s>
<s snum="64">
<wf cmd="tag" pos="NNP">Library</wf>
<wf cmd="tag" pos="NN">use</wf>
<wf cmd="done" pos="VBZ" ot="notag">is</wf>
<wf cmd="done" pos="VB" lemma="multiply" wnsn="2" lexsn="2:30:00::">multiplying</wf>
<wf cmd="tag" pos="JJ">daily</wf>
<punc>,</punc>
<wf cmd="ignore" pos="CC">and</wf>
<wf cmd="ignore" pos="DT">the</wf>
<wf cmd="tag" pos="NN">bulk</wf>
<wf cmd="ignore" pos="IN">of</wf>
<wf cmd="ignore" pos="DT">the</wf>
<wf cmd="tag" pos="NNS">newcomers</wf>
<wf cmd="done" pos="VB" lemma="be" wnsn="6" lexsn="2:42:07::">are</wf>
<wf cmd="ignore" pos="DT">those</wf>
<wf cmd="tag" pos="JJ">maligned</wf>
<wf cmd="tag" pos="NNPS">Americans</wf>
<punc>,</punc>
<wf cmd="ignore" pos="DT">the</wf>
<wf cmd="tag" pos="NNS">teen-agers</wf>
<punc>.</punc>
</s>
<s snum="65">
<wf cmd="ignore" pos="TO">To</wf>
<wf cmd="ignore" pos="PRP">them</wf>
<wf cmd="tag" pos="RB">especially</wf>
<wf cmd="ignore" pos="DT">the</wf>
<wf cmd="tag" pos="NNS">librarians</wf>
<punc>,</punc>
<wf cmd="ignore" pos="IN">with</wf>
<wf cmd="ignore" pos="DT">the</wf>
<wf cmd="tag" pos="NN">help</wf>
<wf cmd="ignore" pos="IN">of</wf>
<wf cmd="tag" pos="NN">co-ops</wf>
<punc>,</punc>
<wf cmd="done" pos="VB" lemma="hope" wnsn="3" lexsn="2:31:00::">hope</wf>
<wf cmd="ignore" pos="PRP">they</wf>
<wf cmd="ignore" pos="MD">will</wf>
<wf cmd="tag" pos="RB">never</wf>
<wf cmd="done" pos="VB" lemma="have" wnsn="0" lexsn="2:42:05::">have</wf>
<wf cmd="done" pos="VB" ot="notag">to</wf>
<wf cmd="done" pos="VB" lemma="say" wnsn="1" lexsn="2:32:00::">say</wf>
<punc>,</punc>
<punc>``</punc>
<wf cmd="ignore" pos="PRP">I</wf>
<wf cmd="done" rdf="am" pos="VB" lemma="be" wnsn="1" lexsn="2:42:03::">'m</wf>
<wf cmd="tag" pos="JJ">sorry</wf>
<punc>,</punc>
<wf cmd="ignore" pos="PRP">we</wf>
<wf cmd="done" pos="VBP" ot="notag">do</wf>
<wf cmd="tag" pos="RB">n't</wf>
<wf cmd="done" pos="VB" lemma="have" wnsn="4" lexsn="2:40:04::">have</wf>
<wf cmd="ignore" pos="IN">that</wf>
<wf cmd="tag" pos="NN">book</wf>
<punc>''</punc>
<punc>.</punc>
</s>
</p>
<p pnum="19">
<s snum="66">
<wf cmd="tag" pos="NN">Today</wf>
<punc>,</punc>
<wf cmd="tag" pos="RB">more_than</wf>
<wf cmd="tag" pos="RB">ever</wf>
<wf cmd="tag" pos="RB">before</wf>
<punc>,</punc>
<wf cmd="ignore" pos="DT">the</wf>
<wf cmd="tag" pos="NN">survival</wf>
<wf cmd="ignore" pos="IN">of</wf>
<wf cmd="ignore" pos="PRP$">our</wf>
<wf cmd="tag" pos="JJ">free</wf>
<wf cmd="tag" pos="NN">society</wf>
<wf cmd="done" pos="VB" lemma="depend_upon" wnsn="1" lexsn="2:42:00::">depends_upon</wf>
<wf cmd="ignore" pos="DT">the</wf>
<wf cmd="tag" pos="NN">citizen</wf>
<wf cmd="ignore" pos="WP">who</wf>
<wf cmd="done" pos="VB" lemma="be" wnsn="1" lexsn="2:42:03::">is</wf>
<wf cmd="ignore" pos="DT">both</wf>
<wf cmd="tag" pos="JJ">informed</wf>
<wf cmd="ignore" pos="CC">and</wf>
<wf cmd="tag" pos="JJ">concerned</wf>
<punc>.</punc>
</s>
<s snum="67">
<wf cmd="ignore" pos="DT">The</wf>
<wf cmd="tag" pos="JJ">great</wf>
<wf cmd="tag" pos="NNS">advances</wf>
<wf cmd="done" pos="VB" lemma="make" wnsn="13" lexsn="2:38:02::">made</wf>
<wf cmd="ignore" pos="IN">in</wf>
<wf cmd="tag" pos="JJ">recent</wf>
<wf cmd="tag" pos="NNS">years</wf>
<wf cmd="ignore" pos="IN">in</wf>
<wf cmd="tag" pos="NNP">Communist</wf>
<wf cmd="tag" pos="NN">strength</wf>
<wf cmd="ignore" pos="CC">and</wf>
<wf cmd="ignore" pos="IN">in</wf>
<wf cmd="ignore" pos="PRP$">our</wf>
<wf cmd="tag" pos="JJ">own</wf>
<wf cmd="tag" pos="NN">capacity</wf>
<wf cmd="ignore" pos="TO">to</wf>
<wf cmd="done" pos="VB" lemma="destroy" wnsn="2" lexsn="2:35:00::">destroy</wf>
<wf cmd="done" pos="VB" lemma="require" wnsn="1" lexsn="2:42:00::">require</wf>
<wf cmd="ignore" pos="DT">an</wf>
<wf cmd="tag" pos="JJ">educated</wf>
<wf cmd="tag" pos="NN">citizenry</wf>
<wf cmd="ignore" pos="IN">in</wf>
<wf cmd="ignore" pos="DT">the</wf>
<wf cmd="tag" pos="JJ">Western</wf>
<wf cmd="tag" pos="NN">world</wf>
<punc>.</punc>
</s>
<s snum="68">
<wf cmd="ignore" pos="DT">The</wf>
<wf cmd="tag" pos="NN">need</wf>
<wf cmd="ignore" pos="IN">for</wf>
<wf cmd="tag" pos="NN">lifetime</wf>
<wf cmd="tag" pos="NN">reading</wf>
<wf cmd="done" pos="VB" lemma="be" wnsn="1" lexsn="2:42:03::">is</wf>
<wf cmd="tag" pos="JJ">apparent</wf>
<punc>.</punc>
</s>
<s snum="69">
<wf cmd="tag" pos="NNP">Education</wf>
<wf cmd="done" pos="VB" ot="notag">must_not</wf>
<wf cmd="done" pos="VB" lemma="be" wnsn="1" lexsn="2:42:03::">be</wf>
<wf cmd="tag" pos="JJ">limited</wf>
<wf cmd="ignore" pos="TO">to</wf>
<wf cmd="ignore" pos="PRP$">our</wf>
<wf cmd="tag" pos="NN">youth</wf>
<wf cmd="ignore" pos="CC">but</wf>
<wf cmd="ignore" pos="MD">must</wf>
<wf cmd="done" pos="VB" lemma="be" wnsn="1" lexsn="2:42:03::">be</wf>
<wf cmd="ignore" pos="DT">a</wf>
<wf cmd="tag" pos="JJ">continuing</wf>
<wf cmd="tag" pos="NN">process</wf>
<wf cmd="ignore" pos="IN">through</wf>
<wf cmd="ignore" pos="PRP$">our</wf>
<wf cmd="tag" pos="JJ">entire</wf>
<wf cmd="tag" pos="NNS">lives</wf>
<punc>,</punc>
<wf cmd="ignore" pos="IN">for</wf>
<wf cmd="ignore" pos="PRP">it</wf>
<wf cmd="done" pos="VB" lemma="be" wnsn="1" lexsn="2:42:03::">is</wf>
<wf cmd="tag" pos="RB">only</wf>
<wf cmd="ignore" pos="IN">through</wf>
<wf cmd="tag" pos="NN">knowledge</wf>
<wf cmd="ignore" pos="IN">that</wf>
<wf cmd="ignore" pos="PRP">we</wf>
<punc>,</punc>
<wf cmd="ignore" pos="IN">as</wf>
<wf cmd="ignore" pos="DT">a</wf>
<wf cmd="tag" pos="NN">nation</wf>
<punc>,</punc>
<wf cmd="ignore" pos="MD">can</wf>
<wf cmd="done" pos="VB" lemma="cope_with" wnsn="1" lexsn="2:41:00::">cope_with</wf>
<wf cmd="ignore" pos="DT">the</wf>
<wf cmd="tag" pos="NNS">dangers</wf>
<wf cmd="ignore" pos="WDT">that</wf>
<wf cmd="done" pos="VB" lemma="threaten" wnsn="1" lexsn="2:42:00::">threaten</wf>
<wf cmd="ignore" pos="PRP$">our</wf>
<wf cmd="tag" pos="NN">society</wf>
<punc>.</punc>
</s>
</p>
<p pnum="20">
<s snum="70">
<wf cmd="ignore" pos="DT">The</wf>
<wf cmd="tag" pos="NN">desire</wf>
<wf cmd="ignore" pos="CC">and</wf>
<wf cmd="tag" pos="NN">ability</wf>
<wf cmd="ignore" pos="TO">to</wf>
<wf cmd="done" pos="VB" lemma="read" wnsn="1" lexsn="2:31:00::">read</wf>
<wf cmd="done" pos="VB" lemma="be" wnsn="1" lexsn="2:42:03::">are</wf>
<wf cmd="tag" pos="JJ">important</wf>
<wf cmd="tag" pos="NNS">aspects</wf>
<wf cmd="ignore" pos="IN">of</wf>
<wf cmd="ignore" pos="PRP$">our</wf>
<wf cmd="tag" pos="JJ">cultural</wf>
<wf cmd="tag" pos="NN">life</wf>
<punc>.</punc>
</s>
<s snum="71">
<wf cmd="ignore" pos="PRP">We</wf>
<wf cmd="ignore" pos="MD">cannot</wf>
<wf cmd="done" pos="VB" lemma="consider" wnsn="1" lexsn="2:31:00::">consider</wf>
<wf cmd="ignore" pos="PRP">ourselves</wf>
<wf cmd="tag" pos="JJ">educated</wf>
<wf cmd="ignore" pos="IN">if</wf>
<wf cmd="ignore" pos="PRP">we</wf>
<wf cmd="done" pos="VBP" ot="notag">do</wf>
<wf cmd="tag" pos="RB">not</wf>
<wf cmd="done" pos="VB" lemma="read" wnsn="1" lexsn="2:31:00::">read</wf>
<punc>;</punc>
<wf cmd="ignore" pos="IN">if</wf>
<wf cmd="ignore" pos="PRP">we</wf>
<wf cmd="done" pos="VBP" ot="notag">are</wf>
<wf cmd="tag" pos="RB">not</wf>
<wf cmd="done" pos="VB" lemma="discriminate" wnsn="1" lexsn="2:31:00::">discriminating</wf>
<wf cmd="ignore" pos="IN">in</wf>
<wf cmd="ignore" pos="PRP$">our</wf>
<wf cmd="tag" pos="NN">reading</wf>
<punc>;</punc>
<wf cmd="ignore" pos="IN">if</wf>
<wf cmd="ignore" pos="PRP">we</wf>
<wf cmd="done" pos="VBP" ot="notag">do</wf>
<wf cmd="tag" pos="RB">not</wf>
<wf cmd="done" pos="VB" lemma="know" wnsn="2" lexsn="2:31:03::">know</wf>
<wf cmd="ignore" pos="WRB">how</wf>
<wf cmd="ignore" pos="TO">to</wf>
<wf cmd="done" pos="VB" lemma="use" wnsn="1" lexsn="2:34:01::">use</wf>
<wf cmd="ignore" pos="WP">what</wf>
<wf cmd="ignore" pos="PRP">we</wf>
<wf cmd="done" pos="VBP" ot="notag">do</wf>
<wf cmd="done" pos="VB" lemma="read" wnsn="1" lexsn="2:31:00::">read</wf>
<punc>.</punc>
</s>
<s snum="72">
<wf cmd="ignore" pos="PRP">We</wf>
<wf cmd="done" pos="VB" ot="notag">must_not</wf>
<wf cmd="done" pos="VB" lemma="permit" wnsn="1" lexsn="2:32:00::">permit</wf>
<wf cmd="ignore" pos="PRP$">our</wf>
<wf cmd="tag" pos="NN">society</wf>
<wf cmd="ignore" pos="TO">to</wf>
<wf cmd="done" pos="VB" lemma="become" wnsn="2" lexsn="2:42:01::">become</wf>
<wf cmd="ignore" pos="DT">a</wf>
<wf cmd="tag" pos="NN">slave</wf>
<wf cmd="ignore" pos="TO">to</wf>
<wf cmd="ignore" pos="DT">the</wf>
<wf cmd="tag" pos="JJ">scientific</wf>
<wf cmd="tag" pos="NN">age</wf>
<punc>,</punc>
<wf cmd="ignore" pos="IN">as</wf>
<wf cmd="ignore" pos="MD">might</wf>
<wf cmd="tag" pos="RB">well</wf>
<wf cmd="done" pos="VB" lemma="happen" wnsn="4" lexsn="2:30:01::">happen</wf>
<wf cmd="ignore" pos="IN">without</wf>
<wf cmd="ignore" pos="DT">the</wf>
<wf cmd="tag" pos="JJ">cultural</wf>
<wf cmd="ignore" pos="CC">and</wf>
<wf cmd="tag" pos="JJ">spiritual</wf>
<wf cmd="tag" pos="NN">restraint</wf>
<wf cmd="ignore" pos="IN">that</wf>
<wf cmd="done" pos="VB" lemma="come" wnsn="5" lexsn="2:42:04::">comes</wf>
<wf cmd="done" pos="VB" ot="notag">from</wf>
<wf cmd="ignore" pos="DT">the</wf>
<wf cmd="tag" pos="NN">development</wf>
<wf cmd="ignore" pos="IN">of</wf>
<wf cmd="ignore" pos="DT">the</wf>
<wf cmd="tag" pos="JJ">human</wf>
<wf cmd="tag" pos="NN">mind</wf>
<wf cmd="ignore" pos="IN">through</wf>
<wf cmd="tag" pos="NN">wisdom</wf>
<wf cmd="done" pos="VB" lemma="absorb" wnsn="2" lexsn="2:31:00::">absorbed</wf>
<wf cmd="ignore" pos="IN">from</wf>
<wf cmd="ignore" pos="DT">the</wf>
<wf cmd="tag" pos="JJ">written</wf>
<wf cmd="tag" pos="NN">word</wf>
<punc>.</punc>
</s>
</p>
<p pnum="21">
<s snum="73">
<wf cmd="ignore" pos="DT">A</wf>
<wf cmd="tag" pos="JJ">fundamental</wf>
<wf cmd="tag" pos="NN">source</wf>
<wf cmd="ignore" pos="IN">of</wf>
<wf cmd="tag" pos="NN">knowledge</wf>
<wf cmd="ignore" pos="IN">in</wf>
<wf cmd="ignore" pos="DT">the</wf>
<wf cmd="tag" pos="NN">world</wf>
<wf cmd="tag" pos="NN">today</wf>
<wf cmd="done" pos="VB" lemma="be" wnsn="6" lexsn="2:42:07::">is</wf>
<wf cmd="ignore" pos="DT">the</wf>
<wf cmd="tag" pos="NN">book</wf>
<wf cmd="done" pos="VB" lemma="find" wnsn="1" lexsn="2:40:02::">found</wf>
<wf cmd="ignore" pos="IN">in</wf>
<wf cmd="ignore" pos="PRP$">our</wf>
<wf cmd="tag" pos="NNS">libraries</wf>
<punc>.</punc>
</s>
<s snum="74">
<wf cmd="ignore" pos="IN">Although</wf>
<wf cmd="tag" pos="NN">progress</wf>
<wf cmd="done" pos="VBZ" ot="notag">has</wf>
<wf cmd="done" pos="VBN" ot="notag">been</wf>
<wf cmd="done" pos="VB" lemma="make" wnsn="13" lexsn="2:38:02::">made</wf>
<wf cmd="ignore" pos="IN">in</wf>
<wf cmd="tag" pos="NNP">America</wf>
<wf cmd="ignore" pos="POS">'s</wf>
<wf cmd="tag" pos="NN">system</wf>
<wf cmd="ignore" pos="IN">of</wf>
<wf cmd="tag" pos="NNS">libraries</wf>
<wf cmd="ignore" pos="PRP">it</wf>
<wf cmd="tag" pos="RB">still</wf>
<wf cmd="done" pos="VB" lemma="fall_short_of" wnsn="1" lexsn="2:42:00::">falls_short_of</wf>
<wf cmd="ignore" pos="WP">what</wf>
<wf cmd="done" pos="VB" lemma="be" wnsn="1" lexsn="2:42:03::">is</wf>
<wf cmd="tag" pos="JJ">required</wf>
<wf cmd="ignore" pos="IN">if</wf>
<wf cmd="ignore" pos="PRP">we</wf>
<wf cmd="done" pos="VB" ot="notag">are</wf>
<wf cmd="ignore" pos="TO">to</wf>
<wf cmd="done" pos="VB" lemma="maintain" wnsn="2" lexsn="2:40:00::">maintain</wf>
<wf cmd="ignore" pos="DT">the</wf>
<wf cmd="tag" pos="NNS">standards</wf>
<wf cmd="ignore" pos="WDT">that</wf>
<wf cmd="done" pos="VB" lemma="be" wnsn="1" lexsn="2:42:03::">are</wf>
<wf cmd="tag" pos="JJ">needed</wf>
<wf cmd="ignore" pos="IN">for</wf>
<wf cmd="ignore" pos="DT">an</wf>
<wf cmd="tag" pos="JJ">informed</wf>
<wf cmd="tag" pos="NNP">America</wf>
<punc>.</punc>
</s>
<s snum="75">
<wf cmd="ignore" pos="DT">The</wf>
<wf cmd="tag" pos="NN">problem</wf>
<wf cmd="done" pos="VB" lemma="grow" wnsn="2" lexsn="2:30:00::">grows</wf>
<wf cmd="ignore" pos="IN">in</wf>
<wf cmd="tag" pos="NN">intensity</wf>
<wf cmd="tag" pos="RB">each_year</wf>
<wf cmd="ignore" pos="IN">as</wf>
<wf cmd="tag" pos="NN">man</wf>
<wf cmd="ignore" pos="POS">'s</wf>
<wf cmd="tag" pos="NN">knowledge</wf>
<punc>,</punc>
<wf cmd="ignore" pos="CC">and</wf>
<wf cmd="ignore" pos="PRP$">his</wf>
<wf cmd="tag" pos="NN">capacity</wf>
<wf cmd="ignore" pos="TO">to</wf>
<wf cmd="done" pos="VB" lemma="translate" wnsn="2" lexsn="2:30:01::">translate</wf>
<wf cmd="tag" pos="JJ">such</wf>
<wf cmd="tag" pos="NN">knowledge</wf>
<wf cmd="ignore" pos="TO">to</wf>
<wf cmd="ignore" pos="DT">the</wf>
<wf cmd="tag" pos="JJ">written</wf>
<wf cmd="tag" pos="NN">word</wf>
<punc>,</punc>
<wf cmd="done" pos="VB" lemma="continue" wnsn="2" lexsn="2:32:00::">continue</wf>
<wf cmd="ignore" pos="TO">to</wf>
<wf cmd="done" pos="VB" lemma="expand" wnsn="1" lexsn="2:38:00::">expand</wf>
<punc>.</punc>
</s>
<s snum="76">
<wf cmd="ignore" pos="DT">The</wf>
<wf cmd="tag" pos="NN">inadequacy</wf>
<wf cmd="ignore" pos="IN">of</wf>
<wf cmd="ignore" pos="PRP$">our</wf>
<wf cmd="tag" pos="NN">library</wf>
<wf cmd="tag" pos="NN">system</wf>
<wf cmd="ignore" pos="MD">will</wf>
<wf cmd="done" pos="VB" lemma="become" wnsn="2" lexsn="2:42:01::">become</wf>
<wf cmd="tag" pos="JJ">critical</wf>
<wf cmd="ignore" pos="IN">unless</wf>
<wf cmd="ignore" pos="PRP">we</wf>
<wf cmd="done" pos="VB" lemma="act" wnsn="1" lexsn="2:41:00::">act</wf>
<wf cmd="tag" pos="RB">vigorously</wf>
<wf cmd="ignore" pos="TO">to</wf>
<wf cmd="done" pos="VB" lemma="correct" wnsn="2" lexsn="2:41:01::">correct</wf>
<wf cmd="ignore" pos="DT">this</wf>
<wf cmd="tag" pos="NN">condition</wf>
<punc>.</punc>
</s>
<s snum="77">
<wf cmd="ignore" pos="EX">There</wf>
<wf cmd="done" pos="VB" ot="notag">are</wf>
<punc>,</punc>
<wf cmd="tag" pos="RB">for_example</wf>
<punc>,</punc>
<wf cmd="tag" pos="RB">approximately</wf>
<wf cmd="tag" pos="CD">25000000</wf>
<wf cmd="tag" pos="NNS">people</wf>
<wf cmd="tag" pos="RB">in_this</wf>
<wf cmd="tag" pos="NN">country</wf>
<wf cmd="ignore" pos="IN">with</wf>
<wf cmd="ignore" pos="DT">no</wf>
<wf cmd="tag" pos="JJ">public</wf>
<wf cmd="tag" pos="NN">library</wf>
<wf cmd="tag" pos="NN">service</wf>
<wf cmd="ignore" pos="CC">and</wf>
<wf cmd="ignore" pos="IN">about</wf>
<wf cmd="tag" pos="CD">50000000</wf>
<wf cmd="ignore" pos="IN">with</wf>
<wf cmd="tag" pos="JJ">inadequate</wf>
<wf cmd="tag" pos="NN">service</wf>
<punc>.</punc>
</s>
<s snum="78">
<wf cmd="ignore" pos="IN">In</wf>
<wf cmd="tag" pos="NN">college</wf>
<wf cmd="tag" pos="NNS">libraries</wf>
<punc>,</punc>
<wf cmd="tag" pos="CD">57</wf>
<wf cmd="tag" pos="NN">per_cent</wf>
<wf cmd="ignore" pos="IN">of</wf>
<wf cmd="ignore" pos="DT">the</wf>
<wf cmd="tag" pos="JJ">total</wf>
<wf cmd="tag" pos="NN">number</wf>
<wf cmd="ignore" pos="IN">of</wf>
<wf cmd="tag" pos="NNS">books</wf>
<wf cmd="done" pos="VBP" ot="notag">are</wf>
<wf cmd="done" pos="VB" lemma="own" wnsn="1" lexsn="2:40:00::">owned</wf>
<wf cmd="ignore" pos="IN">by</wf>
<wf cmd="tag" pos="CD">124</wf>
<wf cmd="ignore" pos="IN">of</wf>
<wf cmd="tag" pos="CD">1509</wf>
<wf cmd="tag" pos="NNS">institutions</wf>
<wf cmd="done" pos="VB" lemma="survey" wnsn="1" lexsn="2:31:00::">surveyed</wf>
<wf cmd="tag" pos="JJ">last</wf>
<wf cmd="tag" pos="NN">year</wf>
<wf cmd="ignore" pos="IN">by</wf>
<wf cmd="ignore" pos="DT">the</wf>
<wf cmd="tag" pos="NNP">U._S._Office</wf>
<wf cmd="ignore" pos="IN">of</wf>
<wf cmd="tag" pos="NNP">Education</wf>
<punc>.</punc>
</s>
<s snum="79">
<wf cmd="ignore" pos="CC">And</wf>
<wf cmd="ignore" pos="IN">over</wf>
<wf cmd="tag" pos="CD">66</wf>
<wf cmd="tag" pos="NN">per_cent</wf>
<wf cmd="ignore" pos="IN">of</wf>
<wf cmd="ignore" pos="DT">the</wf>
<wf cmd="tag" pos="NN">elementary_schools</wf>
<wf cmd="ignore" pos="IN">with</wf>
<wf cmd="tag" pos="CD">150</wf>
<wf cmd="ignore" pos="CC">or</wf>
<wf cmd="tag" pos="JJR">more</wf>
<wf cmd="tag" pos="NNS">pupils</wf>
<wf cmd="done" pos="VBP" ot="notag">do</wf>
<wf cmd="tag" pos="RB">not</wf>
<wf cmd="done" pos="VB" lemma="have" wnsn="2" lexsn="2:42:00::">have</wf>
<wf cmd="ignore" pos="DT">any</wf>
<wf cmd="tag" pos="NN">library</wf>
<wf cmd="tag" pos="RB">at_all</wf>
<punc>.</punc>
</s>
</p>
<p pnum="22">
<s snum="80">
<wf cmd="ignore" pos="IN">In</wf>
<wf cmd="ignore" pos="DT">every</wf>
<wf cmd="tag" pos="NN">aspect</wf>
<wf cmd="ignore" pos="IN">of</wf>
<wf cmd="tag" pos="NN">service</wf>
<punc>-</punc>
<wf cmd="ignore" pos="TO">to</wf>
<wf cmd="ignore" pos="DT">the</wf>
<wf cmd="tag" pos="JJ">public</wf>
<punc>,</punc>
<wf cmd="ignore" pos="TO">to</wf>
<wf cmd="tag" pos="NNS">children</wf>
<wf cmd="ignore" pos="IN">in</wf>
<wf cmd="tag" pos="NNS">schools</wf>
<punc>,</punc>
<wf cmd="ignore" pos="TO">to</wf>
<wf cmd="tag" pos="NNS">colleges</wf>
<wf cmd="ignore" pos="CC">and</wf>
<wf cmd="tag" pos="NNS">universities</wf>
<punc>-</punc>
<wf cmd="ignore" pos="DT">the</wf>
<wf cmd="tag" pos="NN">library</wf>
<wf cmd="ignore" pos="IN">of</wf>
<wf cmd="tag" pos="NN">today</wf>
<wf cmd="done" pos="VBZ" ot="notag">is</wf>
<wf cmd="done" pos="VB" lemma="fail" wnsn="1" lexsn="2:41:02::">failing</wf>
<wf cmd="ignore" pos="TO">to</wf>
<wf cmd="done" pos="VB" lemma="render" wnsn="2" lexsn="2:40:02::">render</wf>
<wf cmd="tag" pos="RB">vitally</wf>
<wf cmd="tag" pos="JJ">needed</wf>
<wf cmd="tag" pos="NNS">services</wf>
<punc>.</punc>
</s>
<s snum="81">
<wf cmd="tag" pos="RB">Only</wf>
<wf cmd="tag" pos="JJ">public</wf>
<wf cmd="tag" pos="NN">understanding</wf>
<wf cmd="ignore" pos="CC">and</wf>
<wf cmd="tag" pos="NN">support</wf>
<wf cmd="ignore" pos="MD">can</wf>
<wf cmd="done" pos="VB" lemma="provide" wnsn="1" lexsn="2:40:00::">provide</wf>
<wf cmd="ignore" pos="IN">that</wf>
<wf cmd="tag" pos="NN">service</wf>
<punc>.</punc>
</s>
</p>
<p pnum="23">
<s snum="82">
<wf cmd="ignore" pos="DT">This</wf>
<wf cmd="done" pos="VB" lemma="be" wnsn="6" lexsn="2:42:07::">is</wf>
<wf cmd="tag" pos="CD">one</wf>
<wf cmd="ignore" pos="IN">of</wf>
<wf cmd="ignore" pos="DT">the</wf>
<wf cmd="tag" pos="JJ">main</wf>
<wf cmd="tag" pos="NNS">reasons</wf>
<wf cmd="ignore" pos="IN">for</wf>
<wf cmd="tag" pos="NNP">National_Library_Week</wf>
<punc>,</punc>
<wf cmd="tag" pos="NNP">April</wf>
<wf cmd="tag" pos="CD">16</wf>
<punc>-</punc>
<wf cmd="tag" pos="CD">22</wf>
<punc>,</punc>
<wf cmd="ignore" pos="CC">and</wf>
<wf cmd="ignore" pos="IN">for</wf>
<wf cmd="ignore" pos="PRP$">its</wf>
<wf cmd="tag" pos="NN">theme</wf>
<punc>:</punc>
<punc>``</punc>
<wf cmd="ignore" pos="IN">For</wf>
<wf cmd="ignore" pos="DT">a</wf>
<wf cmd="tag" pos="JJR">richer</wf>
<punc>,</punc>
<wf cmd="tag" pos="JJR">fuller</wf>
<wf cmd="tag" pos="NN">life</wf>
<punc>,</punc>
<wf cmd="done" pos="VB" lemma="read" wnsn="1" lexsn="2:31:00::">read</wf>
<punc>''</punc>
<punc>!</punc>
</s>
</p>
</context>
</contextfile>
