<contextfile concordance="brown">
<context filename="br-a04" paras="yes">
<p pnum="1">
<s snum="1">
<wf cmd="tag" pos="RB">The_most</wf>
<wf cmd="tag" pos="JJ">positive</wf>
<wf cmd="tag" pos="NN">element</wf>
<wf cmd="ignore" pos="TO">to</wf>
<wf cmd="done" pos="VB" lemma="emerge" wnsn="2" lexsn="2:30:02::">emerge</wf>
<wf cmd="ignore" pos="IN">from</wf>
<wf cmd="ignore" pos="DT">the</wf>
<wf cmd="tag" pos="NNP">Oslo</wf>
<wf cmd="tag" pos="NN">meeting</wf>
<wf cmd="ignore" pos="IN">of</wf>
<wf cmd="tag" pos="NN">North_Atlantic_Treaty_Organization</wf>
<wf cmd="tag" pos="NN">Foreign_Ministers</wf>
<wf cmd="done" pos="VBZ" ot="notag">has</wf>
<wf cmd="done" pos="VB" lemma="be" wnsn="2" lexsn="2:42:06::">been</wf>
<wf cmd="ignore" pos="DT">the</wf>
<wf cmd="tag" pos="JJR">freer</wf>
<punc>,</punc>
<wf cmd="tag" pos="JJR">franker</wf>
<punc>,</punc>
<wf cmd="ignore" pos="CC">and</wf>
<wf cmd="tag" pos="JJR">wider</wf>
<wf cmd="tag" pos="NNS">discussions</wf>
<punc>,</punc>
<wf cmd="tag" pos="JJ">animated</wf>
<wf cmd="ignore" pos="IN">by</wf>
<wf cmd="tag" pos="RB">much</wf>
<wf cmd="tag" pos="JJR">better</wf>
<wf cmd="tag" pos="NN">mutual_understanding</wf>
<wf cmd="ignore" pos="IN">than</wf>
<wf cmd="ignore" pos="IN">in</wf>
<wf cmd="tag" pos="JJ">past</wf>
<wf cmd="tag" pos="NNS">meetings</wf>
<punc>.</punc>
</s>
</p>
<p pnum="2">
<s snum="2">
<wf cmd="ignore" pos="DT">This</wf>
<wf cmd="done" pos="VBZ" ot="notag">has</wf>
<wf cmd="done" pos="VB" lemma="be" wnsn="2" lexsn="2:42:06::">been</wf>
<wf cmd="ignore" pos="DT">a</wf>
<wf cmd="tag" pos="JJ">working</wf>
<wf cmd="tag" pos="NN">session</wf>
<wf cmd="ignore" pos="IN">of</wf>
<wf cmd="ignore" pos="DT">an</wf>
<wf cmd="tag" pos="NN">organization</wf>
<wf cmd="tag" pos="RB">that</wf>
<punc>,</punc>
<wf cmd="ignore" pos="IN">by</wf>
<wf cmd="ignore" pos="PRP$">its</wf>
<wf cmd="tag" pos="RB">very</wf>
<wf cmd="tag" pos="NN">nature</wf>
<punc>,</punc>
<wf cmd="ignore" pos="MD">can</wf>
<wf cmd="tag" pos="RB">only</wf>
<wf cmd="done" pos="VB" lemma="proceed" wnsn="2" lexsn="2:38:00::">proceed</wf>
<wf cmd="ignore" pos="IN">along</wf>
<wf cmd="ignore" pos="PRP$">its</wf>
<wf cmd="tag" pos="NN">route</wf>
<wf cmd="tag" pos="RB">step_by_step</wf>
<wf cmd="ignore" pos="CC">and</wf>
<wf cmd="ignore" pos="IN">without</wf>
<wf cmd="tag" pos="JJ">dramatic</wf>
<wf cmd="tag" pos="NNS">changes</wf>
<punc>.</punc>
</s>
<s snum="3">
<wf cmd="ignore" pos="IN">In</wf>
<wf cmd="tag" pos="NNP">Oslo</wf>
<punc>,</punc>
<wf cmd="ignore" pos="DT">the</wf>
<wf cmd="tag" pos="NNS">ministers</wf>
<wf cmd="done" pos="VBP" ot="notag">have</wf>
<wf cmd="done" pos="VB" lemma="meet" wnsn="2" lexsn="2:41:01::">met</wf>
<wf cmd="ignore" pos="IN">in</wf>
<wf cmd="ignore" pos="DT">a</wf>
<wf cmd="tag" pos="NN">climate</wf>
<wf cmd="ignore" pos="IN">of</wf>
<wf cmd="tag" pos="NN">candor</wf>
<punc>,</punc>
<wf cmd="ignore" pos="CC">and</wf>
<wf cmd="done" pos="VB" lemma="make" wnsn="1" lexsn="2:41:00::">made</wf>
<wf cmd="ignore" pos="DT">a</wf>
<wf cmd="tag" pos="JJ">genuine</wf>
<wf cmd="tag" pos="NN">attempt</wf>
<wf cmd="ignore" pos="TO">to</wf>
<wf cmd="done" pos="VB" lemma="get" wnsn="1" lexsn="2:40:00::">get</wf>
<wf cmd="tag" pos="NN">information</wf>
<wf cmd="ignore" pos="CC">and</wf>
<wf cmd="done" pos="VB" lemma="understand" wnsn="1" lexsn="2:31:00::">understanding</wf>
<wf cmd="tag" pos="CD">one</wf>
<wf cmd="ignore" pos="DT">another</wf>
<wf cmd="done" pos="VBZ" ot="notag">'s</wf>
<wf cmd="tag" pos="NNS">problems</wf>
<punc>.</punc>
</s>
</p>
<p pnum="3">
<s snum="4">
<wf cmd="ignore" pos="DT">This</wf>
<wf cmd="tag" pos="NN">atmosphere</wf>
<wf cmd="ignore" pos="IN">of</wf>
<wf cmd="tag" pos="NN">understanding</wf>
<wf cmd="done" pos="VBZ" ot="notag">has</wf>
<wf cmd="done" pos="VB" lemma="be" wnsn="1" lexsn="2:42:03::">been</wf>
<wf cmd="tag" pos="RB">particularly</wf>
<wf cmd="tag" pos="JJ">noticeable</wf>
<wf cmd="ignore" pos="WRB">where</wf>
<wf cmd="tag" pos="NNS">relations</wf>
<wf cmd="done" pos="VB" ot="notag">are</wf>
<wf cmd="done" pos="VB" lemma="concern" wnsn="1" lexsn="2:42:00::">concerned</wf>
<wf cmd="ignore" pos="IN">between</wf>
<wf cmd="ignore" pos="DT">the</wf>
<punc>``</punc>
<wf cmd="tag" pos="NN">colonialist</wf>
<punc>''</punc>
<wf cmd="tag" pos="NNS">powers</wf>
<wf cmd="ignore" pos="CC">and</wf>
<wf cmd="ignore" pos="DT">those</wf>
<wf cmd="ignore" pos="WP">who</wf>
<wf cmd="done" pos="VBP" ot="notag">have</wf>
<wf cmd="tag" pos="RB">never</wf>
<punc>,</punc>
<wf cmd="ignore" pos="CC">or</wf>
<wf cmd="tag" pos="RB">not</wf>
<wf cmd="ignore" pos="IN">for</wf>
<wf cmd="ignore" pos="DT">a</wf>
<wf cmd="tag" pos="NN">long_time</wf>
<punc>,</punc>
<wf cmd="done" pos="VB" lemma="have" wnsn="3" lexsn="2:39:06::">had</wf>
<wf cmd="tag" pos="JJ">such</wf>
<wf cmd="tag" pos="NNS">problems</wf>
<punc>.</punc>
</s>
<s snum="5">
<wf cmd="ignore" pos="DT">The</wf>
<wf cmd="tag" pos="NN">nightmare</wf>
<wf cmd="ignore" pos="IN">of</wf>
<wf cmd="ignore" pos="DT">a</wf>
<wf cmd="tag" pos="NN">clash</wf>
<wf cmd="ignore" pos="IN">between</wf>
<wf cmd="ignore" pos="DT">those</wf>
<wf cmd="tag" pos="JJ">in_trouble</wf>
<wf cmd="ignore" pos="IN">in</wf>
<wf cmd="tag" pos="NNP">Africa</wf>
<punc>,</punc>
<wf cmd="done" pos="VB" lemma="exacerbate" wnsn="1" lexsn="2:30:00::">exacerbated</wf>
<wf cmd="ignore" pos="IN">by</wf>
<wf cmd="ignore" pos="DT">the</wf>
<wf cmd="tag" pos="NNS">difficulties</wf>
<punc>,</punc>
<wf cmd="tag" pos="NNS">changes</wf>
<punc>,</punc>
<wf cmd="ignore" pos="CC">and</wf>
<wf cmd="tag" pos="NNS">tragedies</wf>
<wf cmd="done" pos="VB" lemma="face" wnsn="1" lexsn="2:32:00::">facing</wf>
<wf cmd="ignore" pos="PRP">them</wf>
<punc>,</punc>
<wf cmd="ignore" pos="CC">and</wf>
<wf cmd="tag" pos="JJ">other</wf>
<wf cmd="tag" pos="NNS">allies</wf>
<wf cmd="ignore" pos="WP">who</wf>
<wf cmd="tag" pos="RB">intellectually</wf>
<wf cmd="ignore" pos="CC">and</wf>
<wf cmd="tag" pos="RB">emotionally</wf>
<wf cmd="done" pos="VB" lemma="disapprove" wnsn="2" lexsn="2:32:00::">disapprove</wf>
<wf cmd="done" pos="VB" ot="notag">of</wf>
<wf cmd="ignore" pos="DT">the</wf>
<wf cmd="tag" pos="NNS">circumstances</wf>
<wf cmd="ignore" pos="WDT">that</wf>
<wf cmd="done" pos="VBP" ot="notag">have</wf>
<wf cmd="done" pos="VB" lemma="bring" wnsn="2" lexsn="2:35:04::">brought</wf>
<wf cmd="ignore" pos="DT">these</wf>
<wf cmd="tag" pos="NNS">troubles</wf>
<wf cmd="tag" pos="RB">about</wf>
<punc>,</punc>
<wf cmd="done" pos="VBZ" ot="notag">has</wf>
<wf cmd="done" pos="VB" lemma="be" wnsn="2" lexsn="2:42:06::">been</wf>
<wf cmd="tag" pos="JJ">conspicious</wf>
<wf cmd="ignore" pos="IN">by</wf>
<wf cmd="ignore" pos="PRP$">its</wf>
<wf cmd="tag" pos="NN">absence</wf>
<punc>.</punc>
</s>
</p>
<p pnum="4">
<s snum="6">
<wf cmd="ignore" pos="IN">In</wf>
<wf cmd="ignore" pos="DT">the</wf>
<wf cmd="tag" pos="NN">case</wf>
<wf cmd="ignore" pos="IN">of</wf>
<wf cmd="tag" pos="NNP">Portugal</wf>
<punc>,</punc>
<wf cmd="ignore" pos="WDT">which</wf>
<wf cmd="tag" pos="JJ">a_few</wf>
<wf cmd="tag" pos="NNS">weeks</wf>
<wf cmd="tag" pos="RB">ago</wf>
<wf cmd="done" pos="VBD" ot="notag">was</wf>
<wf cmd="done" pos="VB" lemma="rumor" wnsn="1" lexsn="2:32:00::">rumored</wf>
<wf cmd="tag" pos="JJ">ready_to</wf>
<wf cmd="done" pos="VB" lemma="walk_out_of" wnsn="1" lexsn="2:38:00::">walk_out_of</wf>
<wf cmd="ignore" pos="DT">the</wf>
<wf cmd="tag" pos="NNP">NATO_Council</wf>
<wf cmd="ignore" pos="MD">should</wf>
<wf cmd="tag" pos="NNS">critics</wf>
<wf cmd="ignore" pos="IN">of</wf>
<wf cmd="ignore" pos="PRP$">its</wf>
<wf cmd="tag" pos="NNP">Angola</wf>
<wf cmd="tag" pos="NN">policy</wf>
<wf cmd="done" pos="VB" lemma="prove" wnsn="1" lexsn="2:42:00::">prove</wf>
<wf cmd="tag" pos="JJ">harsh</wf>
<punc>,</punc>
<wf cmd="ignore" pos="EX">there</wf>
<wf cmd="done" pos="VBZ" ot="notag">has</wf>
<wf cmd="done" pos="VB" lemma="be" wnsn="4" lexsn="2:42:00::">been</wf>
<wf cmd="ignore" pos="DT">a</wf>
<wf cmd="tag" pos="JJ">noticeable</wf>
<wf cmd="tag" pos="NN">relaxation</wf>
<wf cmd="ignore" pos="IN">of</wf>
<wf cmd="tag" pos="NN">tension</wf>
<punc>.</punc>
</s>
<s snum="7">
<wf cmd="ignore" pos="DT">The</wf>
<wf cmd="tag" pos="JJ">general</wf>
<punc>,</punc>
<wf cmd="tag" pos="RB">remarkably</wf>
<wf cmd="tag" pos="JJ">courteous</wf>
<punc>,</punc>
<wf cmd="tag" pos="NN">explanation</wf>
<wf cmd="done" pos="VB" ot="notag">has</wf>
<wf cmd="done" pos="VB" lemma="leave" wnsn="3" lexsn="2:42:02::">left</wf>
<wf cmd="tag" pos="JJ">basic</wf>
<wf cmd="tag" pos="NNS">positions</wf>
<wf cmd="tag" pos="JJ">unchanged</wf>
<punc>,</punc>
<wf cmd="ignore" pos="CC">but</wf>
<wf cmd="ignore" pos="EX">there</wf>
<wf cmd="done" pos="VBZ" ot="notag">has</wf>
<wf cmd="done" pos="VB" lemma="be" wnsn="5" lexsn="2:42:04::">been</wf>
<wf cmd="ignore" pos="DT">no</wf>
<wf cmd="tag" pos="NN">explosion</wf>
<wf cmd="ignore" pos="IN">in</wf>
<wf cmd="ignore" pos="DT">the</wf>
<wf cmd="tag" pos="NN">council</wf>
<punc>.</punc>
</s>
<s snum="8">
<wf cmd="ignore" pos="EX">There</wf>
<wf cmd="ignore" pos="MD">should</wf>
<wf cmd="tag" pos="RB">even</wf>
<wf cmd="done" pos="VB" lemma="be" wnsn="3" lexsn="2:42:05::">be</wf>
<wf cmd="tag" pos="RB">no_more</wf>
<wf cmd="tag" pos="JJ">bitter</wf>
<wf cmd="tag" pos="NNS">surprises</wf>
<wf cmd="ignore" pos="IN">in</wf>
<wf cmd="ignore" pos="DT">the</wf>
<wf cmd="tag" pos="NNP">UN</wf>
<wf cmd="tag" pos="NN">General_Assembly</wf>
<wf cmd="tag" pos="RB">as</wf>
<wf cmd="ignore" pos="TO">to</wf>
<wf cmd="tag" pos="NNP">NATO</wf>
<wf cmd="tag" pos="NNS">members</wf>
<punc>'</punc>
<wf cmd="tag" pos="NNS">votes</wf>
<punc>,</punc>
<wf cmd="ignore" pos="IN">since</wf>
<wf cmd="ignore" pos="DT">a</wf>
<wf cmd="tag" pos="JJ">new</wf>
<wf cmd="tag" pos="RB">ad_hoc</wf>
<wf cmd="tag" pos="NNP">NATO</wf>
<wf cmd="tag" pos="NN">committee</wf>
<wf cmd="done" pos="VBZ" ot="notag">has</wf>
<wf cmd="done" pos="VBN" ot="notag">been</wf>
<wf cmd="done" pos="VB" lemma="set_up" wnsn="2" lexsn="2:36:00::">set_up</wf>
<wf cmd="tag" pos="RB">so_that</wf>
<wf cmd="tag" pos="RB">in_the_future</wf>
<wf cmd="tag" pos="JJ">such</wf>
<wf cmd="tag" pos="NNS">topics</wf>
<wf cmd="ignore" pos="IN">as</wf>
<wf cmd="tag" pos="NNP">Angola</wf>
<wf cmd="ignore" pos="MD">will</wf>
<wf cmd="done" pos="VB" ot="notag">be</wf>
<wf cmd="done" pos="VB" lemma="discuss" wnsn="1" lexsn="2:32:01::">discussed</wf>
<wf cmd="tag" pos="RB">in_advance</wf>
<punc>.</punc>
</s>
</p>
<p pnum="5">
<s snum="9">
<wf cmd="tag" pos="NNP">Canada</wf>
<wf cmd="tag" pos="RB">alone</wf>
<wf cmd="done" pos="VBZ" ot="notag">has</wf>
<wf cmd="done" pos="VB" lemma="be" wnsn="1" lexsn="2:42:03::">been</wf>
<wf cmd="tag" pos="RB">somewhat</wf>
<wf cmd="ignore" pos="IN">out</wf>
<wf cmd="ignore" pos="IN">of</wf>
<wf cmd="tag" pos="NN">step</wf>
<wf cmd="ignore" pos="IN">with</wf>
<wf cmd="ignore" pos="DT">the</wf>
<wf cmd="tag" pos="NNP">Oslo</wf>
<wf cmd="tag" pos="NN">attempt</wf>
<wf cmd="ignore" pos="TO">to</wf>
<wf cmd="done" pos="VB" lemma="get" wnsn="2" lexsn="2:30:00::">get</wf>
<wf cmd="ignore" pos="DT">all</wf>
<wf cmd="ignore" pos="DT">the</wf>
<wf cmd="tag" pos="JJ">allied</wf>
<wf cmd="tag" pos="NNS">cars</wf>
<wf cmd="tag" pos="RB">back</wf>
<wf cmd="ignore" pos="IN">on</wf>
<wf cmd="ignore" pos="DT">the</wf>
<wf cmd="tag" pos="NN">track</wf>
<wf cmd="ignore" pos="IN">behind</wf>
<wf cmd="ignore" pos="DT">the</wf>
<wf cmd="tag" pos="NNP">NATO</wf>
<wf cmd="tag" pos="NN">locomotive</wf>
<punc>.</punc>
</s>
<s snum="10">
<wf cmd="tag" pos="RB">Even</wf>
<wf cmd="tag" pos="NNP">Norway</wf>
<punc>,</punc>
<wf cmd="ignore" pos="IN">despite</wf>
<wf cmd="tag" pos="JJ">daily</wf>
<wf cmd="ignore" pos="CC">but</wf>
<wf cmd="tag" pos="JJ">limited</wf>
<wf cmd="tag" pos="NNS">manifestations</wf>
<wf cmd="ignore" pos="IN">against</wf>
<wf cmd="tag" pos="JJ">atomic</wf>
<wf cmd="tag" pos="NNS">arms</wf>
<wf cmd="ignore" pos="IN">in</wf>
<wf cmd="ignore" pos="DT">the</wf>
<wf cmd="tag" pos="NN">heart</wf>
<wf cmd="tag" pos="RB">of_this</wf>
<wf cmd="tag" pos="JJ">northernmost</wf>
<wf cmd="tag" pos="NN">capital</wf>
<wf cmd="ignore" pos="IN">of</wf>
<wf cmd="ignore" pos="DT">the</wf>
<wf cmd="tag" pos="NN">alliance</wf>
<punc>,</punc>
<wf cmd="done" pos="VB" lemma="be" wnsn="1" lexsn="2:42:03::">is</wf>
<wf cmd="tag" pos="NN">today</wf>
<wf cmd="tag" pos="JJR">closer</wf>
<wf cmd="ignore" pos="TO">to</wf>
<wf cmd="ignore" pos="DT">the</wf>
<wf cmd="tag" pos="NNP">NATO</wf>
<wf cmd="tag" pos="NN">line</wf>
<punc>.</punc>
</s>
</p>
<p pnum="6">
<s snum="11">
<wf cmd="tag" pos="RB">On_the_negative_side</wf>
<wf cmd="ignore" pos="IN">of</wf>
<wf cmd="ignore" pos="DT">the</wf>
<wf cmd="tag" pos="NN">balance_sheet</wf>
<wf cmd="ignore" pos="MD">must</wf>
<wf cmd="done" pos="VB" ot="notag">be</wf>
<wf cmd="done" pos="VB" lemma="set" wnsn="1" lexsn="2:35:00::">set</wf>
<wf cmd="ignore" pos="DT">some</wf>
<wf cmd="tag" pos="NN">disappointment</wf>
<wf cmd="ignore" pos="IN">that</wf>
<wf cmd="ignore" pos="DT">the</wf>
<wf cmd="tag" pos="NN">United_States</wf>
<wf cmd="tag" pos="NN">leadership</wf>
<wf cmd="done" pos="VBZ" ot="notag">has</wf>
<wf cmd="tag" pos="RB">not</wf>
<wf cmd="done" pos="VB" lemma="be" wnsn="1" lexsn="2:42:03::">been</wf>
<wf cmd="ignore" pos="IN">as</wf>
<wf cmd="tag" pos="JJ">much</wf>
<wf cmd="tag" pos="JJ">in_evidence</wf>
<wf cmd="ignore" pos="IN">as</wf>
<wf cmd="tag" pos="JJ">hoped_for</wf>
<punc>.</punc>
</s>
<s snum="12">
<wf cmd="tag" pos="CD">One</wf>
<wf cmd="tag" pos="NN">diplomat</wf>
<wf cmd="done" pos="VB" lemma="describe" wnsn="2" lexsn="2:32:01::">described</wf>
<wf cmd="ignore" pos="DT">the</wf>
<wf cmd="tag" pos="NN">tenor</wf>
<wf cmd="ignore" pos="IN">of</wf>
<wf cmd="tag" pos="NN">Secretary_of_State</wf>
<wf cmd="tag" pos="NNP">Dean_Rusk</wf>
<wf cmd="ignore" pos="POS">'s</wf>
<wf cmd="tag" pos="NNS">speeches</wf>
<wf cmd="ignore" pos="IN">as</wf>
<punc>``</punc>
<wf cmd="tag" pos="JJ">inconclusive</wf>
<punc>''</punc>
<punc>.</punc>
</s>
<s snum="13">
<wf cmd="ignore" pos="CC">But</wf>
<wf cmd="ignore" pos="PRP">he</wf>
<wf cmd="done" pos="VB" lemma="hasten" wnsn="1" lexsn="2:30:00::">hastened</wf>
<wf cmd="ignore" pos="TO">to</wf>
<wf cmd="done" pos="VB" lemma="add" wnsn="2" lexsn="2:32:01::">add</wf>
<wf cmd="tag" pos="RB">that</wf>
<punc>,</punc>
<wf cmd="ignore" pos="IN">if</wf>
<wf cmd="tag" pos="NN">United_States</wf>
<wf cmd="tag" pos="NNS">policies</wf>
<wf cmd="done" pos="VB" lemma="be" wnsn="1" lexsn="2:42:03::">were</wf>
<wf cmd="tag" pos="RB">not</wf>
<wf cmd="tag" pos="RB">always</wf>
<wf cmd="tag" pos="JJ">clear</wf>
<punc>,</punc>
<wf cmd="ignore" pos="IN">despite</wf>
<wf cmd="tag" pos="NNP">Mr._Rusk</wf>
<wf cmd="ignore" pos="POS">'s</wf>
<wf cmd="tag" pos="NN">analysis</wf>
<wf cmd="ignore" pos="IN">of</wf>
<wf cmd="ignore" pos="DT">the</wf>
<wf cmd="tag" pos="JJ">various</wf>
<wf cmd="tag" pos="JJ">global</wf>
<wf cmd="tag" pos="NN">danger</wf>
<wf cmd="tag" pos="NNS">points</wf>
<wf cmd="ignore" pos="CC">and</wf>
<wf cmd="tag" pos="NNS">setbacks</wf>
<wf cmd="ignore" pos="IN">for</wf>
<wf cmd="ignore" pos="DT">the</wf>
<wf cmd="tag" pos="NNP">West</wf>
<punc>,</punc>
<wf cmd="ignore" pos="DT">this</wf>
<wf cmd="ignore" pos="MD">may</wf>
<wf cmd="tag" pos="RB">merely</wf>
<wf cmd="done" pos="VB" lemma="mean" wnsn="2" lexsn="2:42:00::">mean</wf>
<wf cmd="ignore" pos="DT">the</wf>
<wf cmd="tag" pos="JJ">new</wf>
<wf cmd="tag" pos="NN">administration</wf>
<wf cmd="done" pos="VBZ" ot="notag">has</wf>
<wf cmd="tag" pos="RB">not_yet</wf>
<wf cmd="tag" pos="RB">firmly</wf>
<wf cmd="done" pos="VB" lemma="fix" wnsn="3" lexsn="2:32:03::">fixed</wf>
<wf cmd="ignore" pos="PRP$">its</wf>
<wf cmd="tag" pos="NN">policy</wf>
<punc>.</punc>
</s>
</p>
<p pnum="7">
<s snum="14">
<wf cmd="ignore" pos="DT">A</wf>
<wf cmd="tag" pos="JJ">certain</wf>
<wf cmd="tag" pos="NN">vagueness</wf>
<wf cmd="ignore" pos="MD">may</wf>
<wf cmd="tag" pos="RB">also</wf>
<wf cmd="done" pos="VB" ot="notag">be</wf>
<wf cmd="done" pos="VB" lemma="cause" wnsn="1" lexsn="2:36:00::">caused</wf>
<wf cmd="ignore" pos="IN">by</wf>
<wf cmd="tag" pos="JJ">tactical</wf>
<wf cmd="tag" pos="NN">appreciation</wf>
<wf cmd="ignore" pos="IN">of</wf>
<wf cmd="ignore" pos="DT">the</wf>
<wf cmd="tag" pos="NN">fact</wf>
<wf cmd="ignore" pos="IN">that</wf>
<wf cmd="ignore" pos="DT">the</wf>
<wf cmd="tag" pos="JJ">present</wf>
<wf cmd="tag" pos="NN">council</wf>
<wf cmd="tag" pos="NN">meeting</wf>
<wf cmd="done" pos="VB" lemma="be" wnsn="1" lexsn="2:42:03::">is</wf>
<wf cmd="ignore" pos="DT">a</wf>
<wf cmd="tag" pos="JJ">semipublic</wf>
<wf cmd="tag" pos="NN">affair</wf>
<punc>,</punc>
<wf cmd="ignore" pos="IN">with</wf>
<wf cmd="tag" pos="RB">no_fewer_than</wf>
<wf cmd="tag" pos="CD">six</wf>
<wf cmd="tag" pos="JJ">Soviet</wf>
<wf cmd="tag" pos="NNS">correspondents</wf>
<wf cmd="done" pos="VB" lemma="accredit" wnsn="1" lexsn="2:41:00::">accredited</wf>
<punc>.</punc>
</s>
</p>
<p pnum="8">
<s snum="15">
<wf cmd="ignore" pos="DT">The</wf>
<wf cmd="tag" pos="NN">impression</wf>
<wf cmd="done" pos="VBZ" ot="notag">has</wf>
<wf cmd="tag" pos="RB">nevertheless</wf>
<wf cmd="done" pos="VBN" ot="notag">been</wf>
<wf cmd="done" pos="VB" lemma="give" wnsn="2" lexsn="2:40:05::">given</wf>
<wf cmd="ignore" pos="IN">during</wf>
<wf cmd="ignore" pos="DT">these</wf>
<wf cmd="tag" pos="CD">three</wf>
<wf cmd="tag" pos="NNS">days</wf>
<punc>,</punc>
<wf cmd="ignore" pos="IN">despite</wf>
<wf cmd="tag" pos="NNP">Mr._Rusk</wf>
<wf cmd="ignore" pos="POS">'s</wf>
<wf cmd="tag" pos="JJ">personal</wf>
<wf cmd="tag" pos="NN">popularity</wf>
<punc>,</punc>
<wf cmd="ignore" pos="IN">that</wf>
<wf cmd="ignore" pos="DT">the</wf>
<wf cmd="tag" pos="NN">United_States</wf>
<wf cmd="tag" pos="NN">delegation</wf>
<wf cmd="done" pos="VB" lemma="come" wnsn="2" lexsn="2:38:04::">came</wf>
<wf cmd="done" pos="VB" ot="notag">to</wf>
<wf cmd="tag" pos="NNP">Oslo</wf>
<wf cmd="ignore" pos="IN">in</wf>
<wf cmd="ignore" pos="DT">a</wf>
<wf cmd="tag" pos="RB">somewhat</wf>
<wf cmd="tag" pos="JJ">tentative</wf>
<wf cmd="ignore" pos="CC">and</wf>
<wf cmd="tag" pos="JJ">exploratory</wf>
<wf cmd="tag" pos="NN">frame_of_mind</wf>
<punc>,</punc>
<wf cmd="tag" pos="RBR">more</wf>
<wf cmd="tag" pos="JJ">ready_to</wf>
<wf cmd="done" pos="VB" lemma="listen" wnsn="2" lexsn="2:39:01::">listen</wf>
<wf cmd="ignore" pos="CC">and</wf>
<wf cmd="done" pos="VB" lemma="learn" wnsn="1" lexsn="2:31:00::">learn</wf>
<wf cmd="tag" pos="RB">than</wf>
<wf cmd="ignore" pos="TO">to</wf>
<wf cmd="done" pos="VB" lemma="enunciate" wnsn="2" lexsn="2:32:00::">enunciate</wf>
<wf cmd="tag" pos="NN">firm</wf>
<wf cmd="tag" pos="NN">policy</wf>
<wf cmd="ignore" pos="IN">on</wf>
<wf cmd="ignore" pos="DT">a</wf>
<wf cmd="tag" pos="JJ">global</wf>
<wf cmd="tag" pos="NN">scale</wf>
<wf cmd="ignore" pos="IN">with</wf>
<wf cmd="tag" pos="JJ">detailed</wf>
<wf cmd="tag" pos="NN">application</wf>
<wf cmd="ignore" pos="TO">to</wf>
<wf cmd="tag" pos="JJ">individual</wf>
<wf cmd="tag" pos="NN">danger</wf>
<wf cmd="tag" pos="NNS">spots</wf>
<punc>.</punc>
</s>
</p>
<p pnum="9">
<s snum="16">
<wf cmd="ignore" pos="DT">The</wf>
<wf cmd="tag" pos="NN">Secretary_of_State</wf>
<wf cmd="ignore" pos="PRP">himself</wf>
<punc>,</punc>
<wf cmd="ignore" pos="IN">in</wf>
<wf cmd="ignore" pos="PRP$">his</wf>
<wf cmd="tag" pos="JJ">first</wf>
<wf cmd="tag" pos="NN">speech</wf>
<punc>,</punc>
<wf cmd="done" pos="VB" lemma="give" wnsn="2" lexsn="2:40:05::">gave</wf>
<wf cmd="ignore" pos="DT">some</wf>
<wf cmd="tag" pos="NN">idea</wf>
<wf cmd="ignore" pos="IN">of</wf>
<wf cmd="ignore" pos="DT">the</wf>
<wf cmd="tag" pos="JJ">tremendous</wf>
<wf cmd="tag" pos="NN">march</wf>
<wf cmd="ignore" pos="IN">of</wf>
<wf cmd="tag" pos="NNS">events</wf>
<wf cmd="tag" pos="RB">inside</wf>
<wf cmd="ignore" pos="CC">and</wf>
<wf cmd="ignore" pos="IN">outside</wf>
<wf cmd="ignore" pos="DT">the</wf>
<wf cmd="tag" pos="NN">United_States</wf>
<wf cmd="ignore" pos="WDT">that</wf>
<wf cmd="done" pos="VBZ" ot="notag">has</wf>
<wf cmd="done" pos="VB" lemma="preoccupy" wnsn="0" lexsn="2:42:00::">preoccupied</wf>
<wf cmd="ignore" pos="DT">the</wf>
<wf cmd="tag" pos="JJ">new</wf>
<wf cmd="tag" pos="NN">administration</wf>
<wf cmd="tag" pos="RB">in_the_past</wf>
<wf cmd="tag" pos="CD">four</wf>
<wf cmd="tag" pos="NNS">months</wf>
<punc>.</punc>
</s>
</p>
<p pnum="10">
<s snum="17">
<wf cmd="ignore" pos="CC">But</wf>
<wf cmd="ignore" pos="WRB">where</wf>
<wf cmd="ignore" pos="DT">the</wf>
<wf cmd="tag" pos="NN">core</wf>
<wf cmd="ignore" pos="IN">of</wf>
<wf cmd="tag" pos="NNP">NATO</wf>
<wf cmd="done" pos="VB" lemma="be" wnsn="1" lexsn="2:42:03::">is</wf>
<wf cmd="tag" pos="JJ">concerned</wf>
<punc>,</punc>
<wf cmd="ignore" pos="DT">the</wf>
<wf cmd="tag" pos="NN">Secretary_of_State</wf>
<wf cmd="done" pos="VBZ" ot="notag">has</wf>
<wf cmd="tag" pos="RB">not_only</wf>
<wf cmd="done" pos="VB" lemma="reiterate" wnsn="1" lexsn="2:32:00::">reiterated</wf>
<wf cmd="ignore" pos="DT">the</wf>
<wf cmd="tag" pos="NN">United_States</wf>
<punc>'</punc>
<wf cmd="tag" pos="JJ">profound</wf>
<wf cmd="tag" pos="NN">attachment</wf>
<wf cmd="ignore" pos="TO">to</wf>
<wf cmd="ignore" pos="DT">the</wf>
<wf cmd="tag" pos="NN">alliance</wf>
<punc>,</punc>
<punc>``</punc>
<wf cmd="tag" pos="NN">cornerstone</wf>
<punc>''</punc>
<wf cmd="ignore" pos="IN">of</wf>
<wf cmd="ignore" pos="PRP$">its</wf>
<wf cmd="tag" pos="NN">foreign_policy</wf>
<punc>,</punc>
<wf cmd="ignore" pos="CC">but</wf>
<wf cmd="done" pos="VBZ" ot="notag">has</wf>
<wf cmd="done" pos="VB" lemma="announce" wnsn="2" lexsn="2:32:02::">announced</wf>
<wf cmd="ignore" pos="IN">that</wf>
<wf cmd="tag" pos="CD">five</wf>
<wf cmd="tag" pos="JJ">nuclear</wf>
<wf cmd="tag" pos="NNS">submarines</wf>
<wf cmd="ignore" pos="MD">will</wf>
<wf cmd="tag" pos="RB">eventually</wf>
<wf cmd="done" pos="VB" lemma="be" wnsn="3" lexsn="2:42:05::">be</wf>
<wf cmd="ignore" pos="IN">at</wf>
<wf cmd="tag" pos="NNP">NATO</wf>
<wf cmd="ignore" pos="POS">'s</wf>
<wf cmd="tag" pos="NN">disposal</wf>
<wf cmd="ignore" pos="IN">in</wf>
<wf cmd="tag" pos="JJ">European</wf>
<wf cmd="tag" pos="NNS">waters</wf>
<punc>.</punc>
</s>
</p>
<p pnum="11">
<s snum="18">
<wf cmd="ignore" pos="DT">The</wf>
<wf cmd="tag" pos="NN">Secretary_of_State</wf>
<wf cmd="done" pos="VBZ" ot="notag">has</wf>
<wf cmd="tag" pos="RB">also</wf>
<wf cmd="tag" pos="RB">solemnly</wf>
<wf cmd="done" pos="VB" lemma="repeat" wnsn="1" lexsn="2:32:00::">repeated</wf>
<wf cmd="ignore" pos="DT">a</wf>
<wf cmd="tag" pos="NN">warning</wf>
<wf cmd="ignore" pos="TO">to</wf>
<wf cmd="ignore" pos="DT">the</wf>
<wf cmd="tag" pos="NN">Soviet_Union</wf>
<wf cmd="ignore" pos="IN">that</wf>
<wf cmd="ignore" pos="DT">the</wf>
<wf cmd="tag" pos="NN">United_States</wf>
<wf cmd="ignore" pos="MD">will</wf>
<wf cmd="tag" pos="RB">not</wf>
<wf cmd="done" pos="VB" lemma="stand_for" wnsn="4" lexsn="2:31:00::">stand_for</wf>
<wf cmd="ignore" pos="DT">another</wf>
<wf cmd="tag" pos="NN">setback</wf>
<wf cmd="ignore" pos="IN">in</wf>
<wf cmd="tag" pos="NNP">Berlin</wf>
<punc>,</punc>
<wf cmd="ignore" pos="DT">an</wf>
<wf cmd="tag" pos="NN">affirmation</wf>
<wf cmd="tag" pos="RB">once_again</wf>
<wf cmd="done" pos="VB" lemma="take_up" wnsn="1" lexsn="2:30:00::">taken_up</wf>
<wf cmd="ignore" pos="IN">by</wf>
<wf cmd="ignore" pos="DT">the</wf>
<wf cmd="tag" pos="NN">council</wf>
<wf cmd="tag" pos="RB">as_a_whole</wf>
<punc>.</punc>
</s>
</p>
<p pnum="12">
<s snum="19">
<wf cmd="ignore" pos="DT">The</wf>
<wf cmd="tag" pos="NN">secretary</wf>
<wf cmd="ignore" pos="POS">'s</wf>
<wf cmd="tag" pos="JJS">greatest</wf>
<wf cmd="tag" pos="NN">achievement</wf>
<wf cmd="done" pos="VB" lemma="be" wnsn="2" lexsn="2:42:06::">is</wf>
<wf cmd="tag" pos="RB">perhaps</wf>
<wf cmd="ignore" pos="DT">the</wf>
<wf cmd="tag" pos="NN">rekindling</wf>
<wf cmd="ignore" pos="IN">of</wf>
<wf cmd="tag" pos="NNP">NATO</wf>
<wf cmd="tag" pos="NN">realization</wf>
<wf cmd="ignore" pos="IN">that</wf>
<wf cmd="tag" pos="NNP">East-West</wf>
<wf cmd="tag" pos="NN">friction</wf>
<punc>,</punc>
<wf cmd="ignore" pos="WRB">wherever</wf>
<wf cmd="ignore" pos="PRP">it</wf>
<wf cmd="done" pos="VB" lemma="take_place" wnsn="1" lexsn="2:30:00::">take_place</wf>
<wf cmd="ignore" pos="IN">around</wf>
<wf cmd="ignore" pos="DT">the</wf>
<wf cmd="tag" pos="NN">globe</wf>
<punc>,</punc>
<wf cmd="done" pos="VB" lemma="be" wnsn="1" lexsn="2:42:03::">is</wf>
<wf cmd="tag" pos="RB">in_essence</wf>
<wf cmd="ignore" pos="DT">the</wf>
<wf cmd="tag" pos="JJ">general</wf>
<wf cmd="tag" pos="NN">conflict</wf>
<wf cmd="ignore" pos="IN">between</wf>
<wf cmd="tag" pos="CD">two</wf>
<wf cmd="tag" pos="RB">entirely</wf>
<wf cmd="tag" pos="JJ">different</wf>
<wf cmd="tag" pos="NNS">societies</wf>
<punc>,</punc>
<wf cmd="ignore" pos="CC">and</wf>
<wf cmd="ignore" pos="MD">must</wf>
<wf cmd="done" pos="VB" ot="notag">be</wf>
<wf cmd="done" pos="VB" lemma="treat" wnsn="1" lexsn="2:41:00::">treated</wf>
<wf cmd="tag" pos="RB">as_such</wf>
<wf cmd="ignore" pos="IN">without</wf>
<wf cmd="tag" pos="NN">regard_to</wf>
<wf cmd="tag" pos="JJ">geographical</wf>
<wf cmd="tag" pos="NN">distance</wf>
<wf cmd="ignore" pos="CC">or</wf>
<wf cmd="tag" pos="NN">lack</wf>
<wf cmd="ignore" pos="IN">of</wf>
<wf cmd="tag" pos="JJ">apparent</wf>
<wf cmd="tag" pos="NN">connection</wf>
<punc>.</punc>
</s>
</p>
<p pnum="13">
<s snum="20">
<wf cmd="ignore" pos="DT">The</wf>
<wf cmd="tag" pos="JJ">annual</wf>
<wf cmd="tag" pos="NN">spring</wf>
<wf cmd="tag" pos="NN">meeting</wf>
<wf cmd="done" pos="VBZ" ot="notag">has</wf>
<wf cmd="done" pos="VB" lemma="give" wnsn="3" lexsn="2:40:00::">given</wf>
<wf cmd="ignore" pos="DT">an</wf>
<wf cmd="tag" pos="NN">impetus</wf>
<wf cmd="ignore" pos="IN">in</wf>
<wf cmd="tag" pos="CD">three</wf>
<wf cmd="tag" pos="JJ">main</wf>
<wf cmd="tag" pos="NNS">directions</wf>
<punc>:</punc>
<wf cmd="tag" pos="JJR">more</wf>
<punc>,</punc>
<wf cmd="tag" pos="JJR">deeper</wf>
<punc>,</punc>
<wf cmd="ignore" pos="CC">and</wf>
<wf cmd="tag" pos="RBR">more</wf>
<wf cmd="tag" pos="JJ">timely</wf>
<wf cmd="tag" pos="JJ">political</wf>
<wf cmd="tag" pos="NN">consultation</wf>
<wf cmd="ignore" pos="IN">within</wf>
<wf cmd="ignore" pos="DT">the</wf>
<wf cmd="tag" pos="NN">alliance</wf>
<punc>,</punc>
<wf cmd="ignore" pos="DT">the</wf>
<wf cmd="tag" pos="NN">use</wf>
<wf cmd="ignore" pos="IN">of</wf>
<wf cmd="ignore" pos="DT">the</wf>
<wf cmd="tag" pos="NNP">Organization</wf>
<wf cmd="ignore" pos="IN">for</wf>
<wf cmd="tag" pos="NNP">Economic_Cooperation</wf>
<wf cmd="ignore" pos="CC">and</wf>
<wf cmd="tag" pos="NNP">Development</wf>
<punc>(</punc>
<wf cmd="ignore" pos="WRB">when</wf>
<wf cmd="done" pos="VB" lemma="ratify" wnsn="1" lexsn="2:41:00::">ratified</wf>
<punc>)</punc>
<wf cmd="ignore" pos="IN">as</wf>
<wf cmd="ignore" pos="DT">a</wf>
<wf cmd="tag" pos="NN">method</wf>
<wf cmd="ignore" pos="IN">of</wf>
<wf cmd="done" pos="VB" lemma="coordinate" wnsn="1" lexsn="2:30:00::">coordinating</wf>
<wf cmd="tag" pos="NN">aid</wf>
<wf cmd="ignore" pos="TO">to</wf>
<wf cmd="ignore" pos="DT">the</wf>
<wf cmd="tag" pos="JJ">underdeveloped</wf>
<wf cmd="tag" pos="NNS">countries</wf>
<punc>,</punc>
<wf cmd="ignore" pos="CC">and</wf>
<wf cmd="ignore" pos="DT">the</wf>
<wf cmd="tag" pos="NN">need</wf>
<wf cmd="ignore" pos="IN">for</wf>
<wf cmd="done" pos="VB" lemma="strengthen" wnsn="1" lexsn="2:30:01::">strengthening</wf>
<wf cmd="tag" pos="JJ">conventional</wf>
<wf cmd="tag" pos="NNS">forces</wf>
<wf cmd="tag" pos="RB">as_well</wf>
<wf cmd="ignore" pos="IN">as</wf>
<wf cmd="ignore" pos="DT">the</wf>
<wf cmd="tag" pos="NN">maintenance</wf>
<wf cmd="ignore" pos="IN">of</wf>
<wf cmd="ignore" pos="DT">the</wf>
<wf cmd="tag" pos="JJ">nuclear</wf>
<wf cmd="tag" pos="NN">deterrent</wf>
<punc>.</punc>
</s>
</p>
<p pnum="14">
<s snum="21">
<wf cmd="ignore" pos="DT">This</wf>
<wf cmd="tag" pos="NN">increase</wf>
<wf cmd="ignore" pos="IN">in</wf>
<wf cmd="ignore" pos="DT">the</wf>
<punc>``</punc>
<wf cmd="tag" pos="NN">threshold</wf>
<punc>''</punc>
<punc>,</punc>
<wf cmd="ignore" pos="IN">as</wf>
<wf cmd="ignore" pos="DT">the</wf>
<wf cmd="tag" pos="JJ">conventional</wf>
<wf cmd="tag" pos="NNS">forces</wf>
<wf cmd="done" pos="VB" lemma="strengthen" wnsn="1" lexsn="2:30:01::">strengthening</wf>
<wf cmd="done" pos="VB" ot="notag">is</wf>
<wf cmd="done" pos="VB" lemma="call" wnsn="1" lexsn="2:32:02::">called</wf>
<punc>,</punc>
<wf cmd="ignore" pos="MD">will</wf>
<wf cmd="done" pos="VB" lemma="prove" wnsn="1" lexsn="2:42:00::">prove</wf>
<wf cmd="tag" pos="CD">one</wf>
<wf cmd="ignore" pos="IN">of</wf>
<wf cmd="ignore" pos="DT">the</wf>
<wf cmd="tag" pos="NN">alliance</wf>
<wf cmd="ignore" pos="POS">'s</wf>
<wf cmd="tag" pos="RBS">most</wf>
<wf cmd="tag" pos="JJ">difficult</wf>
<wf cmd="tag" pos="NNS">problems</wf>
<wf cmd="ignore" pos="IN">in</wf>
<wf cmd="ignore" pos="DT">the</wf>
<wf cmd="tag" pos="NNS">months</wf>
<wf cmd="ignore" pos="TO">to</wf>
<wf cmd="done" pos="VB" lemma="come" wnsn="5" lexsn="2:42:04::">come</wf>
<punc>.</punc>
</s>
<s snum="22">
<wf cmd="ignore" pos="DT">Each</wf>
<wf cmd="tag" pos="NN">ally</wf>
<wf cmd="ignore" pos="MD">will</wf>
<wf cmd="done" pos="VB" lemma="have" wnsn="0" lexsn="2:42:05::">have</wf>
<wf cmd="done" pos="VB" ot="notag">to</wf>
<wf cmd="done" pos="VB" lemma="carry_out" wnsn="2" lexsn="2:30:00::">carry_out</wf>
<wf cmd="tag" pos="NNS">obligations</wf>
<wf cmd="tag" pos="RB">long_since</wf>
<wf cmd="done" pos="VB" lemma="lay_down" wnsn="1" lexsn="2:31:00::">laid_down</wf>
<punc>,</punc>
<wf cmd="ignore" pos="CC">but</wf>
<wf cmd="tag" pos="RB">never</wf>
<wf cmd="tag" pos="RB">completely</wf>
<wf cmd="done" pos="VB" lemma="fulfil" wnsn="1" lexsn="2:36:00::">fulfilled</wf>
<punc>.</punc>
</s>
</p>
<p pnum="15">
<s snum="23">
<wf cmd="ignore" pos="DT">The</wf>
<wf cmd="tag" pos="NNP">Kennedy</wf>
<wf cmd="tag" pos="NN">administration</wf>
<wf cmd="done" pos="VB" lemma="move" wnsn="5" lexsn="2:41:01::">moves</wf>
<wf cmd="tag" pos="RB">haltingly</wf>
<wf cmd="ignore" pos="IN">toward</wf>
<wf cmd="ignore" pos="DT">a</wf>
<wf cmd="tag" pos="NNP">Geneva</wf>
<wf cmd="tag" pos="NN">conference</wf>
<wf cmd="ignore" pos="IN">on</wf>
<wf cmd="tag" pos="NNP">Laos</wf>
<wf cmd="tag" pos="RB">just_as</wf>
<wf cmd="tag" pos="JJ">serious</wf>
<wf cmd="tag" pos="NN">debate</wf>
<wf cmd="ignore" pos="IN">over</wf>
<wf cmd="ignore" pos="PRP$">its</wf>
<wf cmd="tag" pos="NN">foreign_policy</wf>
<wf cmd="done" pos="VB" lemma="erupt" wnsn="1" lexsn="2:30:01::">erupts</wf>
<wf cmd="tag" pos="RB">for_the_first_time</wf>
<punc>.</punc>
</s>
</p>
<p pnum="16">
<s snum="24">
<wf cmd="ignore" pos="EX">There</wf>
<wf cmd="done" pos="VB" lemma="be" wnsn="4" lexsn="2:42:00::">is</wf>
<wf cmd="tag" pos="JJ">little</wf>
<wf cmd="tag" pos="NN">optimism</wf>
<wf cmd="tag" pos="RB">here</wf>
<wf cmd="ignore" pos="IN">that</wf>
<wf cmd="ignore" pos="DT">the</wf>
<wf cmd="tag" pos="NNPS">Communists</wf>
<wf cmd="ignore" pos="MD">will</wf>
<wf cmd="done" pos="VB" lemma="be" wnsn="1" lexsn="2:42:03::">be</wf>
<wf cmd="tag" pos="RB">any_more</wf>
<wf cmd="tag" pos="JJ">docile</wf>
<wf cmd="ignore" pos="IN">at</wf>
<wf cmd="ignore" pos="DT">the</wf>
<wf cmd="tag" pos="NN">conference_table</wf>
<wf cmd="ignore" pos="IN">than</wf>
<wf cmd="ignore" pos="PRP">they</wf>
<wf cmd="done" pos="VB" lemma="be" wnsn="1" lexsn="2:42:03::">were</wf>
<wf cmd="ignore" pos="IN">in</wf>
<wf cmd="tag" pos="NN">military_actions</wf>
<wf cmd="tag" pos="RB">on_the_ground</wf>
<wf cmd="ignore" pos="IN">in</wf>
<wf cmd="tag" pos="NNP">Laos</wf>
<punc>.</punc>
</s>
</p>
<p pnum="17">
<s snum="25">
<wf cmd="ignore" pos="DT">The</wf>
<wf cmd="tag" pos="NN">United_States</wf>
<punc>,</punc>
<wf cmd="tag" pos="NN">State_Department</wf>
<wf cmd="tag" pos="NNS">officials</wf>
<wf cmd="done" pos="VB" lemma="explain" wnsn="1" lexsn="2:32:00::">explain</wf>
<punc>,</punc>
<wf cmd="tag" pos="RB">now</wf>
<wf cmd="done" pos="VB" lemma="be" wnsn="1" lexsn="2:42:03::">is</wf>
<wf cmd="tag" pos="RB">mainly</wf>
<wf cmd="tag" pos="JJ">interested</wf>
<wf cmd="ignore" pos="IN">in</wf>
<wf cmd="done" pos="VB" lemma="set_up" wnsn="1" lexsn="2:41:02::">setting_up</wf>
<wf cmd="ignore" pos="DT">an</wf>
<wf cmd="tag" pos="JJ">international</wf>
<wf cmd="tag" pos="NN">inspection</wf>
<wf cmd="tag" pos="NN">system</wf>
<wf cmd="ignore" pos="WDT">which</wf>
<wf cmd="ignore" pos="MD">will</wf>
<wf cmd="done" pos="VB" lemma="prevent" wnsn="1" lexsn="2:41:01::">prevent</wf>
<wf cmd="tag" pos="NNP">Laos</wf>
<wf cmd="ignore" pos="IN">from</wf>
<wf cmd="done" pos="VBG" ot="notag">being</wf>
<wf cmd="done" pos="VB" lemma="use" wnsn="1" lexsn="2:34:01::">used</wf>
<wf cmd="ignore" pos="IN">as</wf>
<wf cmd="ignore" pos="DT">a</wf>
<wf cmd="tag" pos="NN">base</wf>
<wf cmd="ignore" pos="IN">for</wf>
<wf cmd="tag" pos="NNP">Communist</wf>
<wf cmd="tag" pos="NNS">attacks</wf>
<wf cmd="ignore" pos="IN">on</wf>
<wf cmd="tag" pos="JJ">neighboring</wf>
<wf cmd="tag" pos="NNP">Thailand</wf>
<wf cmd="ignore" pos="CC">and</wf>
<wf cmd="tag" pos="NNP">South</wf>
<wf cmd="tag" pos="NN">Viet_Nam</wf>
<punc>.</punc>
</s>
</p>
<p pnum="18">
<s snum="26">
<wf cmd="ignore" pos="PRP">They</wf>
<wf cmd="done" pos="VB" lemma="count_on" wnsn="0" lexsn="2:31:00::">count_on</wf>
<wf cmd="ignore" pos="DT">the</wf>
<wf cmd="tag" pos="NN">aid</wf>
<wf cmd="ignore" pos="IN">of</wf>
<wf cmd="ignore" pos="DT">the</wf>
<wf cmd="tag" pos="JJ">neutral</wf>
<wf cmd="tag" pos="NNS">countries</wf>
<wf cmd="done" pos="VB" lemma="attend" wnsn="1" lexsn="2:42:00::">attending</wf>
<wf cmd="ignore" pos="DT">the</wf>
<wf cmd="tag" pos="NNP">Geneva</wf>
<wf cmd="tag" pos="NN">conference</wf>
<wf cmd="ignore" pos="TO">to</wf>
<wf cmd="done" pos="VB" lemma="achieve" wnsn="1" lexsn="2:41:00::">achieve</wf>
<wf cmd="ignore" pos="DT">this</wf>
<punc>.</punc>
</s>
</p>
<p pnum="19">
<s snum="27">
<wf cmd="ignore" pos="DT">The</wf>
<wf cmd="tag" pos="NN">United_States</wf>
<wf cmd="done" pos="VB" lemma="hope" wnsn="1" lexsn="2:37:01::">hopes</wf>
<wf cmd="ignore" pos="IN">that</wf>
<wf cmd="ignore" pos="DT">any</wf>
<wf cmd="tag" pos="NN">future</wf>
<wf cmd="tag" pos="NNP">Lao_Cabinet</wf>
<wf cmd="ignore" pos="MD">would</wf>
<wf cmd="tag" pos="RB">not</wf>
<wf cmd="done" pos="VB" lemma="become" wnsn="1" lexsn="2:30:00::">become</wf>
<wf cmd="tag" pos="NNP">Communist</wf>
<wf cmd="tag" pos="JJ">dominated</wf>
<punc>.</punc>
</s>
<s snum="28">
<wf cmd="ignore" pos="CC">But</wf>
<wf cmd="ignore" pos="PRP">it</wf>
<wf cmd="done" pos="VB" lemma="be" wnsn="1" lexsn="2:42:03::">is</wf>
<wf cmd="tag" pos="JJ">apparent</wf>
<wf cmd="ignore" pos="IN">that</wf>
<wf cmd="ignore" pos="DT">no</wf>
<wf cmd="tag" pos="JJ">acceptable</wf>
<wf cmd="tag" pos="NN">formula</wf>
<wf cmd="done" pos="VBZ" ot="notag">has</wf>
<wf cmd="done" pos="VB" ot="notag">been</wf>
<wf cmd="done" pos="VB" lemma="find" wnsn="1" lexsn="2:40:02::">found</wf>
<wf cmd="ignore" pos="TO">to</wf>
<wf cmd="done" pos="VB" lemma="prevent" wnsn="1" lexsn="2:41:01::">prevent</wf>
<wf cmd="tag" pos="JJ">such</wf>
<wf cmd="ignore" pos="DT">a</wf>
<wf cmd="tag" pos="NN">possibility</wf>
<punc>.</punc>
</s>
</p>
<p pnum="20">
<s snum="29">
<wf cmd="ignore" pos="DT">The</wf>
<wf cmd="tag" pos="NN">inclination</wf>
<wf cmd="tag" pos="RB">here</wf>
<wf cmd="done" pos="VBZ" ot="notag">is</wf>
<wf cmd="ignore" pos="TO">to</wf>
<wf cmd="done" pos="VB" lemma="accept" wnsn="2" lexsn="2:40:00::">accept</wf>
<wf cmd="ignore" pos="DT">a</wf>
<wf cmd="tag" pos="RB">de_facto</wf>
<wf cmd="tag" pos="NN">cease-fire</wf>
<wf cmd="ignore" pos="IN">in</wf>
<wf cmd="tag" pos="NNP">Laos</wf>
<punc>,</punc>
<wf cmd="tag" pos="RB">rather_than</wf>
<wf cmd="done" pos="VB" lemma="continue" wnsn="1" lexsn="2:42:01::">continue</wf>
<wf cmd="ignore" pos="TO">to</wf>
<wf cmd="done" pos="VB" lemma="insist" wnsn="1" lexsn="2:32:00::">insist</wf>
<wf cmd="ignore" pos="IN">on</wf>
<wf cmd="ignore" pos="DT">a</wf>
<wf cmd="tag" pos="NN">verification</wf>
<wf cmd="ignore" pos="IN">of</wf>
<wf cmd="ignore" pos="DT">the</wf>
<wf cmd="tag" pos="NN">cease-fire</wf>
<wf cmd="ignore" pos="IN">by</wf>
<wf cmd="ignore" pos="DT">the</wf>
<wf cmd="tag" pos="JJ">international</wf>
<wf cmd="tag" pos="NN">control</wf>
<wf cmd="tag" pos="NN">commission</wf>
<wf cmd="ignore" pos="IN">before</wf>
<wf cmd="tag" pos="JJ">participating</wf>
<wf cmd="ignore" pos="IN">in</wf>
<wf cmd="ignore" pos="DT">the</wf>
<wf cmd="tag" pos="NNP">Geneva</wf>
<wf cmd="tag" pos="NN">conference</wf>
<punc>.</punc>
</s>
</p>
<p pnum="21">
<s snum="30">
<wf cmd="ignore" pos="DT">This</wf>
<wf cmd="done" pos="VB" lemma="be" wnsn="4" lexsn="2:42:00::">is</wf>
<wf cmd="ignore" pos="DT">another</wf>
<wf cmd="ignore" pos="IN">of</wf>
<wf cmd="ignore" pos="DT">the</wf>
<wf cmd="tag" pos="NNS">modifications</wf>
<wf cmd="ignore" pos="IN">of</wf>
<wf cmd="tag" pos="NN">policy</wf>
<wf cmd="ignore" pos="IN">on</wf>
<wf cmd="tag" pos="NNP">Laos</wf>
<wf cmd="ignore" pos="IN">that</wf>
<wf cmd="ignore" pos="DT">the</wf>
<wf cmd="tag" pos="NNP">Kennedy</wf>
<wf cmd="tag" pos="NN">administration</wf>
<wf cmd="done" pos="VBZ" ot="notag">has</wf>
<wf cmd="done" pos="VB" lemma="feel" wnsn="2" lexsn="2:31:00::">felt</wf>
<wf cmd="tag" pos="JJ">compelled</wf>
<wf cmd="ignore" pos="TO">to</wf>
<wf cmd="done" pos="VB" lemma="make" wnsn="1" lexsn="2:41:00::">make</wf>
<punc>.</punc>
</s>
<s snum="31">
<wf cmd="ignore" pos="PRP">It</wf>
<wf cmd="done" pos="VB" lemma="excuse" wnsn="3" lexsn="2:32:03::">excuses</wf>
<wf cmd="ignore" pos="DT">these</wf>
<wf cmd="tag" pos="NNS">actions</wf>
<wf cmd="ignore" pos="IN">as</wf>
<wf cmd="done" pos="VB" lemma="be" wnsn="2" lexsn="2:42:06::">being</wf>
<wf cmd="ignore" pos="DT">the</wf>
<wf cmd="tag" pos="NN">chain_reaction</wf>
<wf cmd="ignore" pos="TO">to</wf>
<wf cmd="tag" pos="JJ">basic</wf>
<wf cmd="tag" pos="NNS">errors</wf>
<wf cmd="done" pos="VB" lemma="make" wnsn="1" lexsn="2:41:00::">made</wf>
<wf cmd="ignore" pos="IN">in</wf>
<wf cmd="ignore" pos="DT">the</wf>
<wf cmd="tag" pos="JJ">previous</wf>
<wf cmd="tag" pos="NN">administration</wf>
<punc>.</punc>
</s>
</p>
<p pnum="22">
<s snum="32">
<wf cmd="ignore" pos="PRP$">Its</wf>
<wf cmd="tag" pos="NNS">spokesmen</wf>
<wf cmd="done" pos="VB" lemma="insist" wnsn="3" lexsn="2:31:00::">insist</wf>
<wf cmd="ignore" pos="IN">that</wf>
<wf cmd="ignore" pos="EX">there</wf>
<wf cmd="done" pos="VBZ" ot="notag">has</wf>
<wf cmd="tag" pos="RB">not</wf>
<wf cmd="done" pos="VB" lemma="be" wnsn="4" lexsn="2:42:00::">been</wf>
<wf cmd="tag" pos="NN">time</wf>
<wf cmd="tag" pos="RB">enough</wf>
<wf cmd="ignore" pos="TO">to</wf>
<wf cmd="done" pos="VB" lemma="institute" wnsn="1" lexsn="2:36:01::">institute</wf>
<wf cmd="tag" pos="NNS">reforms</wf>
<wf cmd="ignore" pos="IN">in</wf>
<wf cmd="tag" pos="JJ">military</wf>
<wf cmd="ignore" pos="CC">and</wf>
<wf cmd="tag" pos="JJ">economic</wf>
<wf cmd="tag" pos="NN">aid</wf>
<wf cmd="tag" pos="NNS">policies</wf>
<wf cmd="ignore" pos="IN">in</wf>
<wf cmd="ignore" pos="DT">the</wf>
<wf cmd="tag" pos="JJ">critical</wf>
<wf cmd="tag" pos="NNS">areas</wf>
<punc>.</punc>
</s>
</p>
<p pnum="23">
<s snum="33">
<wf cmd="ignore" pos="CC">But</wf>
<wf cmd="ignore" pos="IN">with</wf>
<wf cmd="ignore" pos="DT">the</wf>
<wf cmd="tag" pos="NNS">months</wf>
<wf cmd="done" pos="VB" lemma="move_on" wnsn="1" lexsn="2:38:00::">moving_on</wf>
<punc>-</punc>
<wf cmd="ignore" pos="CC">and</wf>
<wf cmd="ignore" pos="DT">the</wf>
<wf cmd="tag" pos="JJ">immediate</wf>
<wf cmd="tag" pos="NNS">confrontations</wf>
<wf cmd="ignore" pos="IN">with</wf>
<wf cmd="ignore" pos="DT">the</wf>
<wf cmd="tag" pos="NNPS">Communists</wf>
<wf cmd="done" pos="VB" lemma="show" wnsn="1" lexsn="2:39:02::">showing</wf>
<wf cmd="ignore" pos="DT">no</wf>
<wf cmd="tag" pos="NN">gain</wf>
<wf cmd="ignore" pos="IN">for</wf>
<wf cmd="ignore" pos="DT">the</wf>
<wf cmd="tag" pos="NN">free_world</wf>
<punc>-</punc>
<wf cmd="ignore" pos="DT">the</wf>
<wf cmd="tag" pos="NN">question</wf>
<wf cmd="done" pos="VB" lemma="arise" wnsn="4" lexsn="2:30:00::">arises</wf>
<punc>:</punc>
</s>
</p>
<p pnum="24">
<s snum="34">
<wf cmd="ignore" pos="WRB">How</wf>
<wf cmd="tag" pos="JJ">effective</wf>
<wf cmd="done" pos="VBP" ot="notag">have</wf>
<wf cmd="tag" pos="NNP">Kennedy</wf>
<wf cmd="tag" pos="NN">administration</wf>
<wf cmd="tag" pos="JJ">first</wf>
<wf cmd="tag" pos="NN">foreign_policy</wf>
<wf cmd="tag" pos="NNS">decisions</wf>
<wf cmd="done" pos="VB" lemma="be" wnsn="1" lexsn="2:42:03::">been</wf>
<wf cmd="ignore" pos="IN">in</wf>
<wf cmd="done" pos="VB" lemma="deal" wnsn="3" lexsn="2:41:09::">dealing</wf>
<wf cmd="done" pos="VB" ot="notag">with</wf>
<wf cmd="tag" pos="NNP">Communist</wf>
<wf cmd="tag" pos="NN">aggression</wf>
<punc>?</punc>
</s>
</p>
<p pnum="25">
<s snum="35">
<wf cmd="tag" pos="JJ">Former</wf>
<wf cmd="tag" pos="NNP">Vice-President_Richard_M._Nixon</wf>
<wf cmd="ignore" pos="IN">in</wf>
<wf cmd="tag" pos="NNP">Detroit</wf>
<wf cmd="done" pos="VB" lemma="call_for" wnsn="1" lexsn="2:32:04::">called_for</wf>
<wf cmd="ignore" pos="DT">a</wf>
<wf cmd="tag" pos="JJR">firmer</wf>
<wf cmd="ignore" pos="CC">and</wf>
<wf cmd="tag" pos="JJR">tougher</wf>
<wf cmd="tag" pos="NN">policy</wf>
<wf cmd="ignore" pos="IN">toward</wf>
<wf cmd="ignore" pos="DT">the</wf>
<wf cmd="tag" pos="NN">Soviet_Union</wf>
<punc>.</punc>
</s>
<s snum="36">
<wf cmd="ignore" pos="PRP">He</wf>
<wf cmd="done" pos="VB" lemma="be" wnsn="1" lexsn="2:42:03::">was</wf>
<wf cmd="tag" pos="JJ">critical</wf>
<wf cmd="tag" pos="RB">of_what</wf>
<wf cmd="ignore" pos="PRP">he</wf>
<wf cmd="done" pos="VB" lemma="feel" wnsn="2" lexsn="2:31:00::">feels</wf>
<wf cmd="done" pos="VB" lemma="be" wnsn="2" lexsn="2:42:06::">is</wf>
<wf cmd="tag" pos="NNP">President_Kennedy</wf>
<wf cmd="ignore" pos="POS">'s</wf>
<wf cmd="tag" pos="NN">tendency</wf>
<wf cmd="ignore" pos="TO">to</wf>
<wf cmd="done" pos="VB" lemma="be" wnsn="1" lexsn="2:42:03::">be</wf>
<wf cmd="tag" pos="RB">too</wf>
<wf cmd="tag" pos="JJ">conciliatory</wf>
<punc>.</punc>
</s>
</p>
<p pnum="26">
<s snum="37">
<wf cmd="ignore" pos="PRP">It</wf>
<wf cmd="done" pos="VBZ" ot="notag">does</wf>
<wf cmd="tag" pos="RB">not</wf>
<wf cmd="done" pos="VB" lemma="take" wnsn="6" lexsn="2:31:07::">take</wf>
<wf cmd="ignore" pos="DT">a</wf>
<wf cmd="tag" pos="NNP">Gallup</wf>
<wf cmd="tag" pos="NN">poll</wf>
<wf cmd="ignore" pos="TO">to</wf>
<wf cmd="done" pos="VB" lemma="find_out" wnsn="1" lexsn="2:32:00::">find_out</wf>
<wf cmd="ignore" pos="IN">that</wf>
<wf cmd="tag" pos="JJS">most</wf>
<wf cmd="tag" pos="NNPS">Republicans</wf>
<wf cmd="ignore" pos="IN">in</wf>
<wf cmd="tag" pos="NNP">Congress</wf>
<wf cmd="done" pos="VB" lemma="feel" wnsn="2" lexsn="2:31:00::">feel</wf>
<wf cmd="ignore" pos="DT">this</wf>
<wf cmd="done" pos="VB" lemma="understate" wnsn="1" lexsn="2:32:00::">understates</wf>
<wf cmd="ignore" pos="DT">the</wf>
<wf cmd="tag" pos="NN">situation</wf>
<wf cmd="ignore" pos="IN">as</wf>
<wf cmd="tag" pos="NNPS">Republicans</wf>
<wf cmd="done" pos="VB" lemma="see" wnsn="2" lexsn="2:31:01::">see</wf>
<wf cmd="ignore" pos="PRP">it</wf>
<punc>.</punc>
</s>
<s snum="38">
<wf cmd="ignore" pos="PRP">They</wf>
<wf cmd="ignore" pos="MD">can</wf>
<wf cmd="tag" pos="RB">hardly</wf>
<wf cmd="done" pos="VB" lemma="restrain" wnsn="1" lexsn="2:41:01::">restrain</wf>
<wf cmd="ignore" pos="PRP">themselves</wf>
<wf cmd="ignore" pos="IN">from</wf>
<wf cmd="done" pos="VB" lemma="raise" wnsn="3" lexsn="2:32:00::">raising</wf>
<wf cmd="ignore" pos="DT">the</wf>
<wf cmd="tag" pos="NN">question</wf>
<wf cmd="ignore" pos="IN">of</wf>
<wf cmd="ignore" pos="IN">whether</wf>
<wf cmd="tag" pos="NNPS">Republicans</wf>
<punc>,</punc>
<wf cmd="ignore" pos="IN">if</wf>
<wf cmd="ignore" pos="PRP">they</wf>
<wf cmd="done" pos="VBD" ot="notag">had</wf>
<wf cmd="done" pos="VB" lemma="be" wnsn="1" lexsn="2:42:03::">been</wf>
<wf cmd="ignore" pos="IN">in</wf>
<wf cmd="tag" pos="NN">power</wf>
<punc>,</punc>
<wf cmd="ignore" pos="MD">would</wf>
<wf cmd="done" pos="VB" ot="notag">have</wf>
<wf cmd="done" pos="VB" lemma="make" wnsn="4" lexsn="2:32:00::">made</wf>
<punc>``</punc>
<wf cmd="tag" pos="JJ">amateurish</wf>
<wf cmd="ignore" pos="CC">and</wf>
<wf cmd="tag" pos="JJ">monumental</wf>
<wf cmd="tag" pos="NNS">blunders</wf>
<punc>''</punc>
<wf cmd="ignore" pos="IN">in</wf>
<wf cmd="tag" pos="NNP">Cuba</wf>
<punc>.</punc>
</s>
</p>
<p pnum="27">
<s snum="39">
<wf cmd="tag" pos="CD">One</wf>
<wf cmd="tag" pos="NNP">Republican</wf>
<wf cmd="tag" pos="NN">senator</wf>
<wf cmd="done" pos="VB" lemma="tell" wnsn="1" lexsn="2:32:04::">told</wf>
<wf cmd="ignore" pos="DT">this</wf>
<wf cmd="tag" pos="NN">correspondent</wf>
<wf cmd="ignore" pos="IN">that</wf>
<wf cmd="ignore" pos="PRP">he</wf>
<wf cmd="done" pos="VBD" ot="notag">was</wf>
<wf cmd="tag" pos="RB">constantly</wf>
<wf cmd="done" pos="VBG" ot="notag">being</wf>
<wf cmd="done" pos="VB" lemma="ask" wnsn="5" lexsn="2:32:04::">asked</wf>
<wf cmd="ignore" pos="WRB">why</wf>
<wf cmd="ignore" pos="PRP">he</wf>
<wf cmd="done" pos="VBD" ot="notag">did</wf>
<wf cmd="tag" pos="RB">n't</wf>
<wf cmd="done" pos="VB" lemma="attack" wnsn="2" lexsn="2:32:00::">attack</wf>
<wf cmd="ignore" pos="DT">the</wf>
<wf cmd="tag" pos="NNP">Kennedy</wf>
<wf cmd="tag" pos="NN">administration</wf>
<wf cmd="ignore" pos="IN">on</wf>
<wf cmd="ignore" pos="DT">this</wf>
<wf cmd="tag" pos="NN">score</wf>
<punc>.</punc>
</s>
<s snum="40">
<wf cmd="ignore" pos="PRP$">His</wf>
<wf cmd="tag" pos="NN">reply</wf>
<punc>,</punc>
<wf cmd="ignore" pos="PRP">he</wf>
<wf cmd="done" pos="VB" lemma="say" wnsn="1" lexsn="2:32:00::">said</wf>
<punc>,</punc>
<wf cmd="done" pos="VBD" ot="notag">was</wf>
<wf cmd="ignore" pos="IN">that</wf>
<wf cmd="ignore" pos="PRP">he</wf>
<wf cmd="done" pos="VB" lemma="agree" wnsn="1" lexsn="2:32:00::">agreed</wf>
<wf cmd="ignore" pos="TO">to</wf>
<wf cmd="ignore" pos="DT">the</wf>
<wf cmd="tag" pos="NN">need</wf>
<wf cmd="ignore" pos="IN">for</wf>
<wf cmd="tag" pos="NN">unity</wf>
<wf cmd="ignore" pos="IN">in</wf>
<wf cmd="ignore" pos="DT">the</wf>
<wf cmd="tag" pos="NN">country</wf>
<wf cmd="tag" pos="RB">now</wf>
<punc>.</punc>
</s>
<s snum="41">
<wf cmd="ignore" pos="CC">But</wf>
<wf cmd="ignore" pos="PRP">he</wf>
<wf cmd="tag" pos="RB">further</wf>
<wf cmd="done" pos="VB" lemma="say" wnsn="1" lexsn="2:32:00::">said</wf>
<wf cmd="ignore" pos="IN">that</wf>
<wf cmd="ignore" pos="PRP">it</wf>
<wf cmd="done" pos="VB" lemma="be" wnsn="2" lexsn="2:42:06::">was</wf>
<wf cmd="tag" pos="JJR">better</wf>
<wf cmd="tag" pos="NNS">politics</wf>
<wf cmd="ignore" pos="TO">to</wf>
<wf cmd="done" pos="VB" lemma="let" wnsn="1" lexsn="2:41:00::">let</wf>
<wf cmd="tag" pos="NNS">others</wf>
<wf cmd="done" pos="VB" lemma="question" wnsn="1" lexsn="2:32:01::">question</wf>
<wf cmd="ignore" pos="DT">the</wf>
<wf cmd="tag" pos="NN">wisdom</wf>
<wf cmd="ignore" pos="IN">of</wf>
<wf cmd="tag" pos="NN">administration</wf>
<wf cmd="tag" pos="NNS">policies</wf>
<wf cmd="tag" pos="JJ">first</wf>
<punc>.</punc>
</s>
</p>
<p pnum="28">
<s snum="42">
<wf cmd="ignore" pos="DT">The</wf>
<wf cmd="tag" pos="NNPS">Republicans</wf>
<wf cmd="ignore" pos="DT">some</wf>
<wf cmd="tag" pos="NNS">weeks</wf>
<wf cmd="tag" pos="RB">ago</wf>
<wf cmd="done" pos="VB" lemma="serve" wnsn="8" lexsn="2:42:02::">served</wf>
<wf cmd="tag" pos="NN">notice</wf>
<wf cmd="ignore" pos="IN">through</wf>
<wf cmd="tag" pos="NNP">Senator_Thruston_B._Morton</wf>
<punc>(</punc>
<wf cmd="tag" pos="NN">R</wf>
<punc>)</punc>
<wf cmd="ignore" pos="IN">of</wf>
<wf cmd="tag" pos="NNP">Kentucky</wf>
<punc>,</punc>
<wf cmd="tag" pos="NN">chairman</wf>
<wf cmd="ignore" pos="IN">of</wf>
<wf cmd="ignore" pos="DT">the</wf>
<wf cmd="tag" pos="NNP">Republican_National_Committee</wf>
<punc>,</punc>
<wf cmd="ignore" pos="IN">that</wf>
<wf cmd="ignore" pos="DT">the</wf>
<wf cmd="tag" pos="NNP">Kennedy</wf>
<wf cmd="tag" pos="NN">administration</wf>
<wf cmd="ignore" pos="MD">would</wf>
<wf cmd="done" pos="VB" ot="notag">be</wf>
<wf cmd="done" pos="VB" lemma="hold" wnsn="5" lexsn="2:31:01::">held</wf>
<wf cmd="tag" pos="JJ">responsible</wf>
<wf cmd="ignore" pos="IN">if</wf>
<wf cmd="ignore" pos="DT">the</wf>
<wf cmd="tag" pos="NN">outcome</wf>
<wf cmd="ignore" pos="IN">in</wf>
<wf cmd="tag" pos="NNP">Laos</wf>
<wf cmd="done" pos="VB" lemma="be" wnsn="2" lexsn="2:42:06::">was</wf>
<wf cmd="ignore" pos="DT">a</wf>
<wf cmd="tag" pos="NN">coalition</wf>
<wf cmd="tag" pos="NN">government</wf>
<wf cmd="tag" pos="JJ">susceptible</wf>
<wf cmd="ignore" pos="IN">of</wf>
<wf cmd="tag" pos="NNP">Communist</wf>
<wf cmd="tag" pos="NN">domination</wf>
<punc>.</punc>
</s>
</p>
<p pnum="29">
<s snum="43">
<wf cmd="tag" pos="NNP">Kennedy</wf>
<wf cmd="tag" pos="NN">administration</wf>
<wf cmd="tag" pos="NNS">policies</wf>
<wf cmd="tag" pos="RB">also</wf>
<wf cmd="done" pos="VBP" ot="notag">have</wf>
<wf cmd="done" pos="VBN" ot="notag">been</wf>
<wf cmd="done" pos="VB" lemma="assail" wnsn="1" lexsn="2:33:00::">assailed</wf>
<wf cmd="tag" pos="RB">now</wf>
<wf cmd="ignore" pos="IN">from</wf>
<wf cmd="ignore" pos="DT">another</wf>
<wf cmd="tag" pos="NN">direction</wf>
<wf cmd="ignore" pos="IN">by</wf>
<wf cmd="tag" pos="CD">70</wf>
<wf cmd="tag" pos="NNP">Harvard</wf>
<punc>,</punc>
<wf cmd="tag" pos="NNP">Boston_University</wf>
<punc>,</punc>
<wf cmd="tag" pos="NNP">Brandeis</wf>
<punc>,</punc>
<wf cmd="ignore" pos="CC">and</wf>
<wf cmd="tag" pos="NNP">Massachusetts_Institute</wf>
<wf cmd="ignore" pos="IN">of</wf>
<wf cmd="tag" pos="NNP">Technology</wf>
<wf cmd="tag" pos="NNS">educators</wf>
<punc>.</punc>
</s>
</p>
<p pnum="30">
<s snum="44">
<wf cmd="ignore" pos="DT">This</wf>
<wf cmd="tag" pos="NN">group</wf>
<wf cmd="done" pos="VB" lemma="plead" wnsn="1" lexsn="2:32:00::">pleads</wf>
<wf cmd="ignore" pos="IN">with</wf>
<wf cmd="ignore" pos="DT">the</wf>
<wf cmd="tag" pos="NN">administration</wf>
<wf cmd="ignore" pos="TO">to</wf>
<punc>``</punc>
<wf cmd="done" pos="VB" lemma="give" wnsn="2" lexsn="2:40:05::">give</wf>
<wf cmd="ignore" pos="DT">no</wf>
<wf cmd="tag" pos="JJ">further</wf>
<wf cmd="tag" pos="NN">support</wf>
<wf cmd="ignore" pos="IN">for</wf>
<wf cmd="ignore" pos="DT">the</wf>
<wf cmd="tag" pos="NN">invasion</wf>
<wf cmd="ignore" pos="IN">of</wf>
<wf cmd="tag" pos="NNP">Cuba</wf>
<wf cmd="ignore" pos="IN">by</wf>
<wf cmd="tag" pos="NN">exile</wf>
<wf cmd="tag" pos="NNS">groups</wf>
<punc>''</punc>
<punc>.</punc>
</s>
<s snum="45">
<wf cmd="ignore" pos="PRP">It</wf>
<wf cmd="done" pos="VB" lemma="recommend" wnsn="1" lexsn="2:32:01::">recommends</wf>
<wf cmd="ignore" pos="IN">that</wf>
<wf cmd="ignore" pos="DT">the</wf>
<wf cmd="tag" pos="NN">United_States</wf>
<punc>``</punc>
<wf cmd="done" pos="VB" lemma="seek" wnsn="3" lexsn="2:41:00::">seek</wf>
<wf cmd="tag" pos="RB">instead</wf>
<wf cmd="ignore" pos="TO">to</wf>
<wf cmd="done" pos="VB" lemma="detach" wnsn="1" lexsn="2:35:01::">detach</wf>
<wf cmd="ignore" pos="DT">the</wf>
<wf cmd="tag" pos="NNP">Castro</wf>
<wf cmd="tag" pos="NN">regime</wf>
<wf cmd="ignore" pos="IN">from</wf>
<wf cmd="ignore" pos="DT">the</wf>
<wf cmd="tag" pos="NNP">Communist</wf>
<wf cmd="tag" pos="NN">bloc</wf>
<wf cmd="ignore" pos="IN">by</wf>
<wf cmd="done" pos="VB" lemma="work" wnsn="3" lexsn="2:41:03::">working</wf>
<wf cmd="ignore" pos="IN">for</wf>
<wf cmd="ignore" pos="DT">a</wf>
<wf cmd="tag" pos="JJ">diplomatic</wf>
<wf cmd="tag" pos="NN">detente</wf>
<wf cmd="ignore" pos="CC">and</wf>
<wf cmd="ignore" pos="DT">a</wf>
<wf cmd="tag" pos="NN">resumption</wf>
<wf cmd="ignore" pos="IN">of</wf>
<wf cmd="tag" pos="NN">trade</wf>
<wf cmd="tag" pos="NNS">relations</wf>
<punc>;</punc>
<wf cmd="ignore" pos="CC">and</wf>
<wf cmd="done" pos="VB" lemma="concentrate" wnsn="2" lexsn="2:31:00::">concentrate</wf>
<wf cmd="ignore" pos="PRP$">its</wf>
<wf cmd="tag" pos="JJ">constructive</wf>
<wf cmd="tag" pos="NNS">efforts</wf>
<wf cmd="ignore" pos="IN">on</wf>
<wf cmd="done" pos="VB" lemma="eliminate" wnsn="1" lexsn="2:30:01::">eliminating</wf>
<wf cmd="ignore" pos="IN">in</wf>
<wf cmd="tag" pos="JJ">other</wf>
<wf cmd="tag" pos="NNS">parts</wf>
<wf cmd="ignore" pos="IN">of</wf>
<wf cmd="tag" pos="NN">Latin_America</wf>
<wf cmd="ignore" pos="DT">the</wf>
<wf cmd="tag" pos="JJ">social</wf>
<wf cmd="tag" pos="NNS">conditions</wf>
<wf cmd="tag" pos="RB">on_which</wf>
<wf cmd="tag" pos="JJ">totalitarian</wf>
<wf cmd="tag" pos="NN">nationalism</wf>
<wf cmd="done" pos="VB" lemma="feed" wnsn="5" lexsn="2:41:00::">feeds</wf>
<punc>''</punc>
<punc>.</punc>
</s>
</p>
<p pnum="31">
<s snum="46">
<wf cmd="tag" pos="NNP">Mr._Nixon</wf>
<punc>,</punc>
<wf cmd="ignore" pos="IN">for</wf>
<wf cmd="ignore" pos="PRP$">his</wf>
<wf cmd="tag" pos="NN">part</wf>
<punc>,</punc>
<wf cmd="ignore" pos="MD">would</wf>
<wf cmd="done" pos="VB" lemma="oppose" wnsn="1" lexsn="2:32:01::">oppose</wf>
<wf cmd="tag" pos="NN">intervention</wf>
<wf cmd="ignore" pos="IN">in</wf>
<wf cmd="tag" pos="NNP">Cuba</wf>
<wf cmd="ignore" pos="IN">without</wf>
<wf cmd="tag" pos="JJ">specific</wf>
<wf cmd="tag" pos="NN">provocation</wf>
<punc>.</punc>
</s>
<s snum="47">
<wf cmd="ignore" pos="CC">But</wf>
<wf cmd="ignore" pos="PRP">he</wf>
<wf cmd="done" pos="VBD" ot="notag">did</wf>
<wf cmd="done" pos="VB" lemma="recommend" wnsn="1" lexsn="2:32:01::">recommend</wf>
<wf cmd="ignore" pos="IN">that</wf>
<wf cmd="tag" pos="NNP">President_Kennedy</wf>
<wf cmd="done" pos="VB" lemma="state" wnsn="1" lexsn="2:32:00::">state</wf>
<wf cmd="tag" pos="RB">clearly</wf>
<wf cmd="ignore" pos="IN">that</wf>
<wf cmd="ignore" pos="IN">if</wf>
<wf cmd="tag" pos="NNP">Communist</wf>
<wf cmd="tag" pos="NNS">countries</wf>
<wf cmd="done" pos="VB" lemma="ship" wnsn="1" lexsn="2:38:00::">shipped</wf>
<wf cmd="ignore" pos="DT">any</wf>
<wf cmd="tag" pos="JJ">further</wf>
<wf cmd="tag" pos="NNS">arms</wf>
<wf cmd="ignore" pos="TO">to</wf>
<wf cmd="tag" pos="NNP">Cuba</wf>
<wf cmd="ignore" pos="IN">that</wf>
<wf cmd="ignore" pos="PRP">it</wf>
<wf cmd="ignore" pos="MD">would</wf>
<wf cmd="tag" pos="RB">not</wf>
<wf cmd="done" pos="VB" ot="notag">be</wf>
<wf cmd="done" pos="VB" lemma="tolerate" wnsn="1" lexsn="2:31:00::">tolerated</wf>
<punc>.</punc>
</s>
</p>
<p pnum="32">
<s snum="48">
<wf cmd="ignore" pos="IN">Until</wf>
<wf cmd="ignore" pos="DT">the</wf>
<wf cmd="tag" pos="JJ">Cuban</wf>
<wf cmd="tag" pos="NN">fiasco</wf>
<wf cmd="ignore" pos="CC">and</wf>
<wf cmd="ignore" pos="DT">the</wf>
<wf cmd="tag" pos="NNP">Communist</wf>
<wf cmd="tag" pos="JJ">military</wf>
<wf cmd="tag" pos="NNS">victories</wf>
<wf cmd="ignore" pos="IN">in</wf>
<wf cmd="tag" pos="NNP">Laos</wf>
<punc>,</punc>
<wf cmd="tag" pos="RB">almost</wf>
<wf cmd="ignore" pos="DT">any</wf>
<wf cmd="tag" pos="NN">observer</wf>
<wf cmd="ignore" pos="MD">would</wf>
<wf cmd="done" pos="VB" ot="notag">have</wf>
<wf cmd="done" pos="VB" lemma="say" wnsn="2" lexsn="2:32:01::">said</wf>
<wf cmd="ignore" pos="IN">that</wf>
<wf cmd="tag" pos="NNP">President_Kennedy</wf>
<wf cmd="done" pos="VBD" ot="notag">had</wf>
<wf cmd="done" pos="VB" lemma="blend" wnsn="1" lexsn="2:35:00::">blended</wf>
<wf cmd="ignore" pos="DT">a</wf>
<wf cmd="tag" pos="NN">program</wf>
<wf cmd="ignore" pos="WDT">that</wf>
<wf cmd="done" pos="VB" lemma="respect" wnsn="1" lexsn="2:31:00::">respected</wf>
<punc>,</punc>
<wf cmd="tag" pos="RB">generally</wf>
<punc>,</punc>
<wf cmd="ignore" pos="DT">the</wf>
<wf cmd="tag" pos="NNS">opinions</wf>
<wf cmd="done" pos="VB" lemma="voice" wnsn="1" lexsn="2:32:00::">voiced</wf>
<wf cmd="ignore" pos="DT">both</wf>
<wf cmd="ignore" pos="IN">by</wf>
<wf cmd="tag" pos="NNP">Mr._Nixon</wf>
<wf cmd="ignore" pos="CC">and</wf>
<wf cmd="ignore" pos="DT">the</wf>
<wf cmd="tag" pos="NNS">professors</wf>
<punc>.</punc>
</s>
</p>
<p pnum="33">
<s snum="49">
<wf cmd="tag" pos="RB">Very</wf>
<wf cmd="tag" pos="JJ">early</wf>
<wf cmd="ignore" pos="IN">in</wf>
<wf cmd="ignore" pos="PRP$">his</wf>
<wf cmd="tag" pos="NN">administration</wf>
<wf cmd="ignore" pos="PRP">he</wf>
<wf cmd="done" pos="VB" lemma="inform" wnsn="1" lexsn="2:32:00::">informed</wf>
<wf cmd="ignore" pos="DT">the</wf>
<wf cmd="tag" pos="NNP">Kremlin</wf>
<wf cmd="ignore" pos="IN">through</wf>
<wf cmd="tag" pos="JJ">diplomatic</wf>
<wf cmd="tag" pos="NNS">channels</wf>
<punc>,</punc>
<wf cmd="ignore" pos="DT">a</wf>
<wf cmd="tag" pos="JJ">high</wf>
<wf cmd="tag" pos="NN">official</wf>
<wf cmd="tag" pos="NN">source</wf>
<wf cmd="done" pos="VB" lemma="disclose" wnsn="1" lexsn="2:32:00::">disclosed</wf>
<punc>,</punc>
<wf cmd="ignore" pos="IN">that</wf>
<wf cmd="ignore" pos="DT">the</wf>
<wf cmd="tag" pos="JJ">new</wf>
<wf cmd="tag" pos="NN">administration</wf>
<wf cmd="ignore" pos="MD">would</wf>
<wf cmd="done" pos="VB" lemma="react" wnsn="2" lexsn="2:41:00::">react</wf>
<wf cmd="tag" pos="RB">even</wf>
<wf cmd="tag" pos="JJR">tougher</wf>
<wf cmd="ignore" pos="IN">than</wf>
<wf cmd="ignore" pos="DT">the</wf>
<wf cmd="tag" pos="NNP">Eisenhower</wf>
<wf cmd="tag" pos="NN">administration</wf>
<wf cmd="ignore" pos="MD">would</wf>
<wf cmd="ignore" pos="IN">during</wf>
<wf cmd="ignore" pos="DT">the</wf>
<wf cmd="tag" pos="JJ">formative</wf>
<wf cmd="tag" pos="NN">period</wf>
<wf cmd="ignore" pos="IN">of</wf>
<wf cmd="ignore" pos="DT">the</wf>
<wf cmd="tag" pos="NN">administration</wf>
<punc>.</punc>
</s>
</p>
<p pnum="34">
<s snum="50">
<wf cmd="tag" pos="JJ">Strenuous</wf>
<wf cmd="tag" pos="NNS">efforts</wf>
<wf cmd="done" pos="VBD" ot="notag">were</wf>
<wf cmd="done" pos="VB" lemma="make" wnsn="3" lexsn="2:36:00::">made</wf>
<wf cmd="ignore" pos="TO">to</wf>
<wf cmd="done" pos="VB" lemma="remove" wnsn="1" lexsn="2:30:00::">remove</wf>
<wf cmd="tag" pos="NN">pin</wf>
<wf cmd="done" pos="VB" lemma="prick" wnsn="1" lexsn="2:35:00::">pricking</wf>
<wf cmd="ignore" pos="IN">from</wf>
<wf cmd="tag" pos="NN">administration</wf>
<wf cmd="tag" pos="NNS">statements</wf>
<punc>.</punc>
</s>
<s snum="51">
<wf cmd="tag" pos="NNS">Policies</wf>
<wf cmd="ignore" pos="IN">on</wf>
<wf cmd="tag" pos="JJ">nuclear</wf>
<wf cmd="tag" pos="NN">test</wf>
<wf cmd="tag" pos="NN">ban</wf>
<wf cmd="tag" pos="NNS">negotiations</wf>
<wf cmd="done" pos="VBD" ot="notag">were</wf>
<wf cmd="done" pos="VB" lemma="review" wnsn="2" lexsn="2:32:00::">reviewed</wf>
<wf cmd="ignore" pos="CC">and</wf>
<wf cmd="done" pos="VB" lemma="change" wnsn="3" lexsn="2:30:02::">changed</wf>
<punc>.</punc>
</s>
<s snum="52">
<wf cmd="ignore" pos="CC">But</wf>
<wf cmd="tag" pos="RB">thus_far</wf>
<wf cmd="ignore" pos="EX">there</wf>
<wf cmd="done" pos="VBZ" ot="notag">has</wf>
<wf cmd="done" pos="VB" lemma="be" wnsn="4" lexsn="2:42:00::">been</wf>
<wf cmd="ignore" pos="DT">no</wf>
<wf cmd="tag" pos="NN">response</wf>
<wf cmd="tag" pos="RB">in_kind</wf>
<punc>.</punc>
</s>
</p>
<p pnum="35">
<s snum="53">
<wf cmd="tag" pos="NNP">Foreign</wf>
<wf cmd="tag" pos="NN">aid</wf>
<wf cmd="tag" pos="NNS">programs</wf>
<wf cmd="done" pos="VBD" ot="notag">were</wf>
<wf cmd="done" pos="VB" lemma="revamp" wnsn="1" lexsn="2:30:00::">revamped</wf>
<wf cmd="ignore" pos="TO">to</wf>
<wf cmd="done" pos="VB" lemma="give" wnsn="1" lexsn="2:40:03::">give</wf>
<wf cmd="tag" pos="JJR">greater</wf>
<wf cmd="tag" pos="NN">emphasis</wf>
<wf cmd="ignore" pos="TO">to</wf>
<wf cmd="tag" pos="JJ">economic</wf>
<wf cmd="tag" pos="NN">aid</wf>
<wf cmd="ignore" pos="CC">and</wf>
<wf cmd="ignore" pos="TO">to</wf>
<wf cmd="done" pos="VB" lemma="encourage" wnsn="1" lexsn="2:41:00::">encourage</wf>
<wf cmd="tag" pos="JJ">political</wf>
<wf cmd="tag" pos="NN">reform</wf>
<wf cmd="ignore" pos="IN">in</wf>
<wf cmd="tag" pos="JJ">recipient</wf>
<wf cmd="tag" pos="NNS">nations</wf>
<punc>.</punc>
</s>
</p>
<p pnum="36">
<s snum="54">
<wf cmd="ignore" pos="IN">In</wf>
<wf cmd="tag" pos="NNP">Laos</wf>
<punc>,</punc>
<wf cmd="ignore" pos="DT">the</wf>
<wf cmd="tag" pos="NN">administration</wf>
<wf cmd="done" pos="VB" lemma="look_at" wnsn="1" lexsn="2:31:00::">looked_at</wf>
<wf cmd="ignore" pos="DT">the</wf>
<wf cmd="tag" pos="NNP">Eisenhower</wf>
<wf cmd="tag" pos="NN">administration</wf>
<wf cmd="tag" pos="NNS">efforts</wf>
<wf cmd="ignore" pos="TO">to</wf>
<wf cmd="done" pos="VB" lemma="show" wnsn="1" lexsn="2:39:02::">show</wf>
<wf cmd="tag" pos="NN">determination</wf>
<wf cmd="ignore" pos="IN">by</wf>
<wf cmd="tag" pos="NN">sailing</wf>
<wf cmd="ignore" pos="DT">a</wf>
<wf cmd="tag" pos="JJ">naval</wf>
<wf cmd="tag" pos="NN">fleet</wf>
<wf cmd="ignore" pos="IN">into</wf>
<wf cmd="tag" pos="NNP">Southeast</wf>
<wf cmd="tag" pos="JJ">Asian</wf>
<wf cmd="tag" pos="NNS">waters</wf>
<wf cmd="ignore" pos="IN">as</wf>
<wf cmd="ignore" pos="DT">a</wf>
<wf cmd="tag" pos="JJ">useless</wf>
<wf cmd="tag" pos="NN">gesture</wf>
<punc>.</punc>
</s>
</p>
<p pnum="37">
<s snum="55">
<wf cmd="tag" pos="RB">Again_and_again</wf>
<wf cmd="ignore" pos="PRP">it</wf>
<wf cmd="done" pos="VB" lemma="ask" wnsn="2" lexsn="2:32:01::">asked</wf>
<wf cmd="ignore" pos="DT">the</wf>
<wf cmd="tag" pos="NNPS">Communists</wf>
<wf cmd="ignore" pos="TO">to</wf>
<punc>``</punc>
<wf cmd="done" pos="VB" lemma="freeze" wnsn="5" lexsn="2:30:01::">freeze</wf>
<punc>''</punc>
<wf cmd="ignore" pos="DT">the</wf>
<wf cmd="tag" pos="JJ">military</wf>
<wf cmd="tag" pos="NN">situation</wf>
<wf cmd="ignore" pos="IN">in</wf>
<wf cmd="tag" pos="NNP">Laos</wf>
<punc>.</punc>
</s>
<s snum="56">
<wf cmd="ignore" pos="CC">But</wf>
<wf cmd="ignore" pos="DT">the</wf>
<wf cmd="tag" pos="NNPS">Communists</wf>
<wf cmd="done" pos="VB" lemma="aid" wnsn="1" lexsn="2:41:00::">aided</wf>
<wf cmd="ignore" pos="DT">the</wf>
<wf cmd="tag" pos="NNP">Pathet_Lao</wf>
<wf cmd="ignore" pos="IN">at</wf>
<wf cmd="ignore" pos="DT">an</wf>
<wf cmd="tag" pos="RB">even</wf>
<wf cmd="tag" pos="RBR">faster</wf>
<wf cmd="tag" pos="NN">rate</wf>
<punc>.</punc>
</s>
</p>
<p pnum="38">
<s snum="57">
<wf cmd="ignore" pos="CC">And</wf>
<wf cmd="ignore" pos="IN">after</wf>
<wf cmd="tag" pos="JJ">several</wf>
<wf cmd="tag" pos="NNS">correspondents</wf>
<wf cmd="done" pos="VB" lemma="go_into" wnsn="1" lexsn="2:38:00::">went_into</wf>
<wf cmd="tag" pos="NNP">Pathet_Lao</wf>
<wf cmd="tag" pos="NN">territory</wf>
<wf cmd="ignore" pos="CC">and</wf>
<wf cmd="done" pos="VB" lemma="expose" wnsn="2" lexsn="2:32:01::">exposed</wf>
<wf cmd="ignore" pos="DT">the</wf>
<wf cmd="tag" pos="JJ">huge</wf>
<wf cmd="tag" pos="NN">build-up</wf>
<punc>,</punc>
<wf cmd="tag" pos="NN">administration</wf>
<wf cmd="tag" pos="NNS">spokesmen</wf>
<wf cmd="done" pos="VB" lemma="acclaim" wnsn="1" lexsn="2:32:00::">acclaimed</wf>
<wf cmd="ignore" pos="PRP">them</wf>
<wf cmd="ignore" pos="IN">for</wf>
<wf cmd="done" pos="VB" lemma="perform" wnsn="1" lexsn="2:36:00::">performing</wf>
<wf cmd="ignore" pos="DT">a</wf>
<punc>``</punc>
<wf cmd="tag" pos="JJ">great</wf>
<wf cmd="tag" pos="NN">service</wf>
<punc>''</punc>
<wf cmd="ignore" pos="CC">and</wf>
<wf cmd="done" pos="VB" lemma="lay" wnsn="1" lexsn="2:35:01::">laid</wf>
<wf cmd="tag" pos="JJ">the_matter</wf>
<wf cmd="ignore" pos="IN">before</wf>
<wf cmd="ignore" pos="DT">the</wf>
<wf cmd="tag" pos="NNP">Southeast_Asia_Treaty_Organization</wf>
<punc>.</punc>
</s>
</p>
<p pnum="39">
<s snum="58">
<wf cmd="tag" pos="NNP">SEATO</wf>
<wf cmd="done" pos="VB" lemma="be" wnsn="1" lexsn="2:42:03::">was</wf>
<wf cmd="tag" pos="JJ">steamed</wf>
<wf cmd="tag" pos="RB">up</wf>
<wf cmd="ignore" pos="CC">and</wf>
<wf cmd="done" pos="VB" lemma="prepare" wnsn="4" lexsn="2:36:00::">prepared</wf>
<wf cmd="tag" pos="NN">contingency</wf>
<wf cmd="tag" pos="NNS">plans</wf>
<wf cmd="ignore" pos="IN">for</wf>
<wf cmd="done" pos="VB" lemma="cope_with" wnsn="1" lexsn="2:41:00::">coping_with</wf>
<wf cmd="ignore" pos="DT">the</wf>
<wf cmd="tag" pos="JJ">military</wf>
<wf cmd="tag" pos="NNS">losses</wf>
<wf cmd="ignore" pos="IN">in</wf>
<wf cmd="tag" pos="NNP">Laos</wf>
<punc>.</punc>
</s>
<s snum="59">
<wf cmd="ignore" pos="CC">But</wf>
<wf cmd="ignore" pos="DT">the</wf>
<wf cmd="tag" pos="NNPS">Communists</wf>
<wf cmd="tag" pos="RB">never</wf>
<wf cmd="done" pos="VB" lemma="give" wnsn="1" lexsn="2:40:03::">gave</wf>
<wf cmd="tag" pos="JJ">sufficient</wf>
<wf cmd="tag" pos="NN">provocation</wf>
<wf cmd="ignore" pos="IN">at</wf>
<wf cmd="ignore" pos="DT">any</wf>
<wf cmd="tag" pos="RB">one_time</wf>
<wf cmd="ignore" pos="IN">for</wf>
<wf cmd="ignore" pos="DT">the</wf>
<wf cmd="tag" pos="NN">United_States</wf>
<wf cmd="ignore" pos="TO">to</wf>
<wf cmd="done" pos="VB" lemma="want" wnsn="1" lexsn="2:37:00::">want</wf>
<wf cmd="done" pos="VB" ot="notag">to</wf>
<wf cmd="done" pos="VB" lemma="risk" wnsn="1" lexsn="2:41:00::">risk</wf>
<wf cmd="ignore" pos="DT">a</wf>
<wf cmd="tag" pos="JJ">limited</wf>
<wf cmd="ignore" pos="CC">or</wf>
<wf cmd="ignore" pos="DT">an</wf>
<wf cmd="tag" pos="JJ">all-out</wf>
<wf cmd="tag" pos="NN">war</wf>
<wf cmd="ignore" pos="IN">over</wf>
<wf cmd="tag" pos="NNP">Laos</wf>
<punc>.</punc>
</s>
<s snum="60">
<punc>(</punc>
<wf cmd="ignore" pos="DT">Some</wf>
<wf cmd="tag" pos="NNP">SEATO</wf>
<wf cmd="tag" pos="NNS">nations</wf>
<wf cmd="done" pos="VB" lemma="disagree" wnsn="1" lexsn="2:32:00::">disagreed</wf>
<punc>,</punc>
<wf cmd="tag" pos="RB">however</wf>
<punc>.</punc>
<punc>)</punc>
</s>
</p>
<p pnum="40">
<s snum="61">
<wf cmd="ignore" pos="EX">There</wf>
<wf cmd="done" pos="VB" lemma="be" wnsn="4" lexsn="2:42:00::">was</wf>
<wf cmd="ignore" pos="DT">the</wf>
<wf cmd="tag" pos="JJ">further</wf>
<wf cmd="tag" pos="NN">complication</wf>
<wf cmd="ignore" pos="IN">that</wf>
<wf cmd="ignore" pos="DT">the</wf>
<wf cmd="tag" pos="NN">administration</wf>
<wf cmd="done" pos="VBD" ot="notag">had</wf>
<wf cmd="tag" pos="RB">very</wf>
<wf cmd="tag" pos="JJ">early</wf>
<wf cmd="done" pos="VB" lemma="conclude" wnsn="1" lexsn="2:31:00::">concluded</wf>
<wf cmd="ignore" pos="IN">that</wf>
<wf cmd="tag" pos="NNP">Laos</wf>
<wf cmd="done" pos="VB" lemma="be" wnsn="1" lexsn="2:42:03::">was</wf>
<wf cmd="tag" pos="JJ">ill_suited</wf>
<wf cmd="ignore" pos="TO">to</wf>
<wf cmd="done" pos="VB" lemma="be" wnsn="2" lexsn="2:42:06::">be</wf>
<wf cmd="ignore" pos="DT">an</wf>
<wf cmd="tag" pos="NN">ally</wf>
<punc>,</punc>
<wf cmd="ignore" pos="IN">unlike</wf>
<wf cmd="ignore" pos="PRP$">its</wf>
<wf cmd="tag" pos="RBR">more</wf>
<wf cmd="tag" pos="JJ">determined</wf>
<wf cmd="tag" pos="NNS">neighbors</wf>
<punc>,</punc>
<wf cmd="tag" pos="NNP">Thailand</wf>
<wf cmd="ignore" pos="CC">and</wf>
<wf cmd="tag" pos="NNP">South</wf>
<wf cmd="tag" pos="NN">Viet_Nam</wf>
<punc>.</punc>
</s>
</p>
<p pnum="41">
<s snum="62">
<wf cmd="ignore" pos="DT">The</wf>
<wf cmd="tag" pos="NN">administration</wf>
<wf cmd="done" pos="VB" lemma="declare" wnsn="2" lexsn="2:32:05::">declared</wf>
<wf cmd="ignore" pos="PRP">itself</wf>
<wf cmd="ignore" pos="IN">in</wf>
<wf cmd="tag" pos="NN">favor</wf>
<wf cmd="ignore" pos="IN">of</wf>
<wf cmd="ignore" pos="DT">a</wf>
<wf cmd="tag" pos="JJ">neutralized</wf>
<wf cmd="tag" pos="NNP">Laos</wf>
<punc>.</punc>
</s>
<s snum="63">
<wf cmd="ignore" pos="DT">The</wf>
<wf cmd="tag" pos="JJ">pro-Western</wf>
<wf cmd="tag" pos="NN">government</wf>
<punc>,</punc>
<wf cmd="ignore" pos="WDT">which</wf>
<wf cmd="ignore" pos="DT">the</wf>
<wf cmd="tag" pos="NN">United_States</wf>
<wf cmd="done" pos="VBD" ot="notag">had</wf>
<wf cmd="done" pos="VB" lemma="help" wnsn="1" lexsn="2:41:00::">helped</wf>
<wf cmd="ignore" pos="IN">in</wf>
<wf cmd="ignore" pos="DT">a</wf>
<wf cmd="tag" pos="NN">revolt</wf>
<wf cmd="ignore" pos="IN">against</wf>
<wf cmd="ignore" pos="DT">the</wf>
<wf cmd="tag" pos="NNP">Souvanna_Phouma</wf>
<punc>``</punc>
<wf cmd="tag" pos="JJ">neutralist</wf>
<punc>''</punc>
<wf cmd="tag" pos="NN">government</wf>
<punc>,</punc>
<wf cmd="tag" pos="RB">never</wf>
<wf cmd="done" pos="VBD" ot="notag">did</wf>
<wf cmd="done" pos="VB" lemma="appear" wnsn="1" lexsn="2:39:00::">appear</wf>
<wf cmd="ignore" pos="TO">to</wf>
<wf cmd="done" pos="VB" lemma="spark" wnsn="1" lexsn="2:36:00::">spark</wf>
<wf cmd="tag" pos="JJ">much</wf>
<wf cmd="tag" pos="NN">fighting</wf>
<wf cmd="tag" pos="NN">spirit</wf>
<wf cmd="ignore" pos="IN">in</wf>
<wf cmd="ignore" pos="DT">the</wf>
<wf cmd="tag" pos="NNP">Royal_Lao_Army</wf>
<punc>.</punc>
</s>
</p>
<p pnum="42">
<s snum="64">
<wf cmd="ignore" pos="EX">There</wf>
<wf cmd="tag" pos="RB">certainly</wf>
<wf cmd="done" pos="VBD" ot="notag">was</wf>
<wf cmd="tag" pos="JJ">not_any</wf>
<wf cmd="tag" pos="JJR">more</wf>
<wf cmd="tag" pos="NN">energy</wf>
<wf cmd="done" pos="VB" lemma="display" wnsn="1" lexsn="2:39:00::">displayed</wf>
<wf cmd="ignore" pos="IN">after</wf>
<wf cmd="ignore" pos="PRP">it</wf>
<wf cmd="done" pos="VBD" ot="notag">was</wf>
<wf cmd="tag" pos="JJ">clear</wf>
<wf cmd="ignore" pos="DT">the</wf>
<wf cmd="tag" pos="NN">United_States</wf>
<wf cmd="ignore" pos="MD">would</wf>
<wf cmd="tag" pos="RB">not</wf>
<wf cmd="done" pos="VB" lemma="back" wnsn="1" lexsn="2:41:00::">back</wf>
<wf cmd="ignore" pos="DT">the</wf>
<wf cmd="tag" pos="JJ">pro-Western</wf>
<wf cmd="tag" pos="NN">government</wf>
<wf cmd="tag" pos="RB">to_the_hilt</wf>
<punc>.</punc>
</s>
</p>
<p pnum="43">
<s snum="65">
<wf cmd="ignore" pos="IN">If</wf>
<wf cmd="ignore" pos="DT">the</wf>
<wf cmd="tag" pos="NN">administration</wf>
<wf cmd="tag" pos="RB">ever</wf>
<wf cmd="done" pos="VB" lemma="have" wnsn="1" lexsn="2:40:00::">had</wf>
<wf cmd="ignore" pos="DT">any</wf>
<wf cmd="tag" pos="NNS">ideas</wf>
<wf cmd="ignore" pos="IN">that</wf>
<wf cmd="ignore" pos="PRP">it</wf>
<wf cmd="ignore" pos="MD">could</wf>
<wf cmd="done" pos="VB" lemma="find" wnsn="1" lexsn="2:40:02::">find</wf>
<wf cmd="ignore" pos="DT">an</wf>
<wf cmd="tag" pos="JJ">acceptable</wf>
<wf cmd="tag" pos="NN">alternative</wf>
<wf cmd="ignore" pos="TO">to</wf>
<wf cmd="tag" pos="NNP">Prince_Souvanna_Phouma</wf>
<punc>,</punc>
<wf cmd="ignore" pos="WP">whom</wf>
<wf cmd="ignore" pos="PRP">it</wf>
<wf cmd="done" pos="VB" lemma="feel" wnsn="2" lexsn="2:31:00::">felt</wf>
<wf cmd="done" pos="VB" lemma="be" wnsn="1" lexsn="2:42:03::">was</wf>
<wf cmd="tag" pos="RB">too</wf>
<wf cmd="tag" pos="JJ">trusting</wf>
<wf cmd="ignore" pos="IN">of</wf>
<wf cmd="tag" pos="NNPS">Communists</wf>
<punc>,</punc>
<wf cmd="ignore" pos="PRP">it</wf>
<wf cmd="tag" pos="RB">gradually</wf>
<wf cmd="done" pos="VB" ot="notag">had</wf>
<wf cmd="done" pos="VB" ot="notag">to</wf>
<wf cmd="done" pos="VB" lemma="relinquish" wnsn="1" lexsn="2:40:01::">relinquish</wf>
<wf cmd="ignore" pos="PRP">them</wf>
<punc>.</punc>
</s>
</p>
<p pnum="44">
<s snum="66">
<wf cmd="tag" pos="CD">One</wf>
<wf cmd="tag" pos="NN">factor</wf>
<wf cmd="done" pos="VB" lemma="be" wnsn="2" lexsn="2:42:06::">was</wf>
<wf cmd="ignore" pos="DT">the</wf>
<wf cmd="tag" pos="NN">statement</wf>
<wf cmd="ignore" pos="IN">of</wf>
<wf cmd="tag" pos="NNP">Senator_J._W._Fulbright</wf>
<punc>(</punc>
<wf cmd="tag" pos="NN">D</wf>
<punc>)</punc>
<wf cmd="ignore" pos="IN">of</wf>
<wf cmd="tag" pos="NNP">Arkansas</wf>
<punc>,</punc>
<wf cmd="tag" pos="NN">chairman</wf>
<wf cmd="ignore" pos="IN">of</wf>
<wf cmd="ignore" pos="DT">the</wf>
<wf cmd="tag" pos="NNP">Senate_Foreign</wf>
<wf cmd="tag" pos="NNPS">Relations</wf>
<wf cmd="tag" pos="NNP">Committee</wf>
<punc>.</punc>
</s>
<s snum="67">
<wf cmd="ignore" pos="PRP">He</wf>
<wf cmd="done" pos="VB" lemma="declare" wnsn="2" lexsn="2:32:05::">declared</wf>
<wf cmd="ignore" pos="IN">on</wf>
<wf cmd="tag" pos="NN">March_25</wf>
<wf cmd="ignore" pos="IN">that</wf>
<wf cmd="ignore" pos="DT">the</wf>
<wf cmd="tag" pos="NN">United_States</wf>
<wf cmd="done" pos="VBD" ot="notag">had</wf>
<wf cmd="done" pos="VB" lemma="err" wnsn="1" lexsn="2:31:00::">erred</wf>
<wf cmd="ignore" pos="DT">a</wf>
<wf cmd="tag" pos="NN">year</wf>
<wf cmd="ignore" pos="CC">and</wf>
<wf cmd="ignore" pos="DT">a</wf>
<wf cmd="tag" pos="NN">half</wf>
<wf cmd="tag" pos="RB">ago</wf>
<wf cmd="ignore" pos="IN">by</wf>
<punc>``</punc>
<wf cmd="done" pos="VB" lemma="encourage" wnsn="1" lexsn="2:41:00::">encouraging</wf>
<wf cmd="ignore" pos="DT">the</wf>
<wf cmd="tag" pos="NN">removal</wf>
<punc>''</punc>
<wf cmd="ignore" pos="IN">of</wf>
<wf cmd="tag" pos="NNP">Prince_Souvanna</wf>
<punc>.</punc>
</s>
</p>
<p pnum="45">
<s snum="68">
<wf cmd="ignore" pos="DT">The</wf>
<wf cmd="tag" pos="NN">White_House</wf>
<wf cmd="done" pos="VBZ" ot="notag">is</wf>
<wf cmd="done" pos="VB" lemma="take" wnsn="1" lexsn="2:41:04::">taking</wf>
<wf cmd="tag" pos="JJ">extraordinary</wf>
<wf cmd="tag" pos="NNS">steps</wf>
<wf cmd="ignore" pos="TO">to</wf>
<wf cmd="done" pos="VB" lemma="check" wnsn="4" lexsn="2:41:08::">check</wf>
<wf cmd="ignore" pos="DT">the</wf>
<wf cmd="tag" pos="NN">rapid_growth</wf>
<wf cmd="ignore" pos="IN">of</wf>
<wf cmd="tag" pos="NN">juvenile_delinquency</wf>
<wf cmd="ignore" pos="IN">in</wf>
<wf cmd="ignore" pos="DT">the</wf>
<wf cmd="tag" pos="NN">United_States</wf>
<punc>.</punc>
</s>
</p>
<p pnum="46">
<s snum="69">
<wf cmd="ignore" pos="DT">The</wf>
<wf cmd="tag" pos="NNP">President</wf>
<wf cmd="done" pos="VB" lemma="be" wnsn="1" lexsn="2:42:03::">is</wf>
<wf cmd="tag" pos="RB">deeply</wf>
<wf cmd="tag" pos="JJ">concerned</wf>
<wf cmd="ignore" pos="IN">over</wf>
<wf cmd="ignore" pos="DT">this</wf>
<wf cmd="tag" pos="NN">problem</wf>
<wf cmd="ignore" pos="CC">and</wf>
<wf cmd="ignore" pos="PRP$">its</wf>
<wf cmd="tag" pos="NN">effect</wf>
<wf cmd="ignore" pos="IN">upon</wf>
<wf cmd="ignore" pos="DT">the</wf>
<punc>``</punc>
<wf cmd="tag" pos="NN">vitality</wf>
<wf cmd="ignore" pos="IN">of</wf>
<wf cmd="ignore" pos="DT">the</wf>
<wf cmd="tag" pos="NN">nation</wf>
<punc>''</punc>
<punc>.</punc>
</s>
</p>
<p pnum="47">
<s snum="70">
<wf cmd="ignore" pos="IN">In</wf>
<wf cmd="ignore" pos="DT">an</wf>
<wf cmd="tag" pos="JJ">important</wf>
<wf cmd="tag" pos="NN">assertion</wf>
<wf cmd="ignore" pos="IN">of</wf>
<wf cmd="tag" pos="JJ">national</wf>
<wf cmd="tag" pos="NN">leadership</wf>
<wf cmd="tag" pos="RB">in_this</wf>
<wf cmd="tag" pos="NN">field</wf>
<punc>,</punc>
<wf cmd="ignore" pos="PRP">he</wf>
<wf cmd="done" pos="VBZ" ot="notag">has</wf>
<wf cmd="done" pos="VB" lemma="issue" wnsn="3" lexsn="2:32:01::">issued</wf>
<wf cmd="ignore" pos="DT">an</wf>
<wf cmd="tag" pos="NN">executive</wf>
<wf cmd="tag" pos="NN">order</wf>
<wf cmd="done" pos="VB" lemma="establish" wnsn="1" lexsn="2:41:00::">establishing</wf>
<wf cmd="ignore" pos="DT">the</wf>
<wf cmd="tag" pos="NNP">President</wf>
<wf cmd="ignore" pos="POS">'s</wf>
<wf cmd="tag" pos="NN">committee</wf>
<wf cmd="ignore" pos="IN">on</wf>
<wf cmd="tag" pos="NN">Juvenile_Delinquency</wf>
<wf cmd="ignore" pos="CC">and</wf>
<wf cmd="tag" pos="NN">Crime</wf>
<punc>,</punc>
<wf cmd="ignore" pos="TO">to</wf>
<wf cmd="done" pos="VB" ot="notag">be</wf>
<wf cmd="done" pos="VB" lemma="support" wnsn="1" lexsn="2:41:00::">supported</wf>
<wf cmd="ignore" pos="CC">and</wf>
<wf cmd="done" pos="VB" lemma="assist" wnsn="1" lexsn="2:41:02::">assisted</wf>
<wf cmd="ignore" pos="IN">by</wf>
<wf cmd="ignore" pos="DT">a</wf>
<wf cmd="tag" pos="NNPS">Citizens</wf>
<wf cmd="tag" pos="NNP">Advisory_Council</wf>
<wf cmd="ignore" pos="IN">of</wf>
<wf cmd="tag" pos="JJ">recognized</wf>
<wf cmd="tag" pos="NNS">authorities</wf>
<wf cmd="ignore" pos="IN">on</wf>
<wf cmd="tag" pos="JJ">juvenile</wf>
<wf cmd="tag" pos="NNS">problems</wf>
<punc>.</punc>
</s>
</p>
<p pnum="48">
<s snum="71">
<wf cmd="ignore" pos="DT">The</wf>
<wf cmd="tag" pos="NNP">President</wf>
<wf cmd="done" pos="VB" lemma="ask" wnsn="2" lexsn="2:32:01::">asks</wf>
<wf cmd="ignore" pos="DT">the</wf>
<wf cmd="tag" pos="NN">support</wf>
<wf cmd="ignore" pos="CC">and</wf>
<wf cmd="tag" pos="NN">cooperation</wf>
<wf cmd="ignore" pos="IN">of</wf>
<wf cmd="tag" pos="NNP">Congress</wf>
<wf cmd="ignore" pos="IN">in</wf>
<wf cmd="ignore" pos="PRP$">his</wf>
<wf cmd="tag" pos="NNS">efforts</wf>
<wf cmd="ignore" pos="IN">through</wf>
<wf cmd="ignore" pos="DT">the</wf>
<wf cmd="tag" pos="NN">enactment</wf>
<wf cmd="ignore" pos="IN">of</wf>
<wf cmd="tag" pos="NN">legislation</wf>
<wf cmd="ignore" pos="TO">to</wf>
<wf cmd="done" pos="VB" lemma="provide" wnsn="1" lexsn="2:40:00::">provide</wf>
<wf cmd="tag" pos="JJ">federal</wf>
<wf cmd="tag" pos="NNS">grants</wf>
<wf cmd="ignore" pos="TO">to</wf>
<wf cmd="tag" pos="NNS">states</wf>
<wf cmd="ignore" pos="IN">for</wf>
<wf cmd="tag" pos="JJ">specified</wf>
<wf cmd="tag" pos="NNS">efforts</wf>
<wf cmd="ignore" pos="IN">in</wf>
<wf cmd="done" pos="VB" lemma="combat" wnsn="1" lexsn="2:33:00::">combating</wf>
<wf cmd="ignore" pos="DT">this</wf>
<wf cmd="tag" pos="JJ">disturbing</wf>
<wf cmd="tag" pos="NN">crime</wf>
<wf cmd="tag" pos="NN">trend</wf>
<punc>.</punc>
</s>
</p>
<p pnum="49">
<s snum="72">
<wf cmd="ignore" pos="DT">The</wf>
<wf cmd="tag" pos="NNP">President</wf>
<wf cmd="done" pos="VBZ" ot="notag">has</wf>
<wf cmd="tag" pos="RB">also</wf>
<wf cmd="done" pos="VB" lemma="call_upon" wnsn="0" lexsn="2:32:00::">called_upon</wf>
<wf cmd="ignore" pos="DT">the</wf>
<wf cmd="tag" pos="NN">Attorney_General</wf>
<punc>,</punc>
<wf cmd="ignore" pos="DT">the</wf>
<wf cmd="tag" pos="NNP">Secretary</wf>
<wf cmd="ignore" pos="IN">of</wf>
<wf cmd="tag" pos="NNP">Health</wf>
<punc>,</punc>
<wf cmd="tag" pos="NNP">Education</wf>
<wf cmd="ignore" pos="CC">and</wf>
<wf cmd="tag" pos="NNP">Welfare</wf>
<punc>,</punc>
<wf cmd="ignore" pos="CC">and</wf>
<wf cmd="ignore" pos="DT">the</wf>
<wf cmd="tag" pos="NNP">Secretary</wf>
<wf cmd="ignore" pos="IN">of</wf>
<wf cmd="tag" pos="NNP">Labor</wf>
<wf cmd="ignore" pos="TO">to</wf>
<wf cmd="done" pos="VB" lemma="coordinate" wnsn="1" lexsn="2:30:00::">coordinate</wf>
<wf cmd="ignore" pos="PRP$">their</wf>
<wf cmd="tag" pos="NNS">efforts</wf>
<punc>``</punc>
<wf cmd="ignore" pos="IN">in</wf>
<wf cmd="ignore" pos="DT">the</wf>
<wf cmd="tag" pos="NN">development</wf>
<wf cmd="ignore" pos="IN">of</wf>
<wf cmd="ignore" pos="DT">a</wf>
<wf cmd="tag" pos="NN">program</wf>
<wf cmd="ignore" pos="IN">of</wf>
<wf cmd="tag" pos="JJ">federal</wf>
<wf cmd="tag" pos="NN">leadership</wf>
<wf cmd="ignore" pos="TO">to</wf>
<wf cmd="done" pos="VB" lemma="assist" wnsn="1" lexsn="2:41:02::">assist</wf>
<wf cmd="tag" pos="NNS">states</wf>
<wf cmd="ignore" pos="CC">and</wf>
<wf cmd="tag" pos="JJ">local</wf>
<wf cmd="tag" pos="NNS">communities</wf>
<wf cmd="ignore" pos="IN">in</wf>
<wf cmd="ignore" pos="PRP$">their</wf>
<wf cmd="tag" pos="NNS">efforts</wf>
<wf cmd="ignore" pos="TO">to</wf>
<wf cmd="done" pos="VB" lemma="cope_with" wnsn="1" lexsn="2:41:00::">cope_with</wf>
<wf cmd="ignore" pos="DT">the</wf>
<wf cmd="tag" pos="NN">problem</wf>
<punc>.</punc>
</s>
</p>
<p pnum="50">
<s snum="73">
<wf cmd="tag" pos="RB">Simultaneously</wf>
<wf cmd="ignore" pos="DT">the</wf>
<wf cmd="tag" pos="NNP">President</wf>
<wf cmd="done" pos="VB" lemma="announce" wnsn="2" lexsn="2:32:02::">announced</wf>
<wf cmd="tag" pos="NNP">Thursday</wf>
<wf cmd="ignore" pos="DT">the</wf>
<wf cmd="tag" pos="NN">appointment</wf>
<wf cmd="ignore" pos="IN">of</wf>
<wf cmd="tag" pos="NNP">David_L._Hackett</wf>
<punc>,</punc>
<wf cmd="ignore" pos="DT">a</wf>
<wf cmd="tag" pos="JJ">special</wf>
<wf cmd="tag" pos="NN">assistant</wf>
<wf cmd="tag" pos="NN">ot</wf>
<wf cmd="ignore" pos="DT">the</wf>
<wf cmd="tag" pos="NN">Attorney_General</wf>
<punc>,</punc>
<wf cmd="ignore" pos="IN">as</wf>
<wf cmd="tag" pos="NN">executive_director</wf>
<wf cmd="ignore" pos="IN">of</wf>
<wf cmd="ignore" pos="DT">the</wf>
<wf cmd="tag" pos="JJ">new</wf>
<wf cmd="tag" pos="NNP">Committee</wf>
<wf cmd="ignore" pos="IN">on</wf>
<wf cmd="tag" pos="NN">Juvenile_Delinquency</wf>
<wf cmd="ignore" pos="CC">and</wf>
<wf cmd="tag" pos="NNP">Youth</wf>
<wf cmd="tag" pos="NN">Crime</wf>
<punc>.</punc>
</s>
</p>
<p pnum="51">
<s snum="74">
<wf cmd="ignore" pos="PRP$">His</wf>
<wf cmd="tag" pos="NN">sense</wf>
<wf cmd="ignore" pos="IN">of</wf>
<wf cmd="tag" pos="NN">urgency</wf>
<wf cmd="tag" pos="RB">in_this</wf>
<wf cmd="tag" pos="NN">matter</wf>
<wf cmd="done" pos="VB" lemma="stem" wnsn="1" lexsn="2:42:00::">stems</wf>
<wf cmd="done" pos="VB" ot="notag">from</wf>
<wf cmd="ignore" pos="DT">the</wf>
<wf cmd="tag" pos="NN">fact</wf>
<wf cmd="ignore" pos="IN">that</wf>
<wf cmd="tag" pos="NN">court</wf>
<wf cmd="tag" pos="NNS">cases</wf>
<wf cmd="tag" pos="NN">ond</wf>
<wf cmd="tag" pos="JJ">juvenile</wf>
<wf cmd="tag" pos="NNS">arrests</wf>
<wf cmd="done" pos="VBP" ot="notag">have</wf>
<wf cmd="tag" pos="RB">more_than</wf>
<wf cmd="done" pos="VB" lemma="double" wnsn="1" lexsn="2:30:00::">doubled</wf>
<wf cmd="ignore" pos="IN">since</wf>
<wf cmd="tag" pos="CD">1948</wf>
<punc>,</punc>
<wf cmd="tag" pos="RB">each_year</wf>
<wf cmd="done" pos="VB" lemma="show" wnsn="0" lexsn="2:39:04::">showing</wf>
<wf cmd="ignore" pos="DT">an</wf>
<wf cmd="tag" pos="NN">increase</wf>
<wf cmd="ignore" pos="IN">in</wf>
<wf cmd="tag" pos="NNS">offenders</wf>
<punc>.</punc>
</s>
</p>
<p pnum="52">
<s snum="75">
<wf cmd="ignore" pos="IN">Among</wf>
<wf cmd="tag" pos="NNS">arrests</wf>
<wf cmd="done" pos="VB" lemma="report" wnsn="4" lexsn="2:32:01::">reported</wf>
<wf cmd="ignore" pos="IN">by</wf>
<wf cmd="ignore" pos="DT">the</wf>
<wf cmd="tag" pos="NNP">Federal_Bureau</wf>
<wf cmd="ignore" pos="IN">of</wf>
<wf cmd="tag" pos="NNP">Investigation</wf>
<wf cmd="ignore" pos="IN">in</wf>
<wf cmd="tag" pos="CD">1959</wf>
<punc>,</punc>
<wf cmd="ignore" pos="IN">about</wf>
<wf cmd="tag" pos="NN">half</wf>
<wf cmd="ignore" pos="IN">for</wf>
<wf cmd="tag" pos="NN">burglary</wf>
<wf cmd="ignore" pos="CC">and</wf>
<wf cmd="tag" pos="NN">larceny</wf>
<wf cmd="done" pos="VB" lemma="involve" wnsn="2" lexsn="2:42:04::">involved</wf>
<wf cmd="tag" pos="NNS">persons</wf>
<wf cmd="ignore" pos="IN">under</wf>
<wf cmd="tag" pos="CD">18</wf>
<wf cmd="tag" pos="NNS">years</wf>
<wf cmd="tag" pos="JJ">of_age</wf>
<punc>.</punc>
</s>
</p>
</context>
</contextfile>
