<contextfile concordance="brown">
<context filename="br-a29" paras="yes">
<p pnum="1">
<s snum="1">
<wf cmd="tag" pos="NNP">Greer_Garson</wf>
<wf cmd="tag" pos="JJ">world-famous</wf>
<wf cmd="tag" pos="NN">star</wf>
<wf cmd="ignore" pos="IN">of</wf>
<wf cmd="tag" pos="NN">stage</wf>
<punc>,</punc>
<wf cmd="tag" pos="NN">screen</wf>
<wf cmd="ignore" pos="CC">and</wf>
<wf cmd="tag" pos="NN">television</wf>
<punc>,</punc>
<wf cmd="ignore" pos="MD">will</wf>
<wf cmd="done" pos="VB" ot="notag">be</wf>
<wf cmd="done" pos="VB" lemma="honor" wnsn="1" lexsn="2:41:00::">honored</wf>
<wf cmd="ignore" pos="IN">for</wf>
<wf cmd="ignore" pos="DT">the</wf>
<wf cmd="tag" pos="JJ">high</wf>
<wf cmd="tag" pos="NN">standard</wf>
<wf cmd="ignore" pos="IN">in</wf>
<wf cmd="tag" pos="JJ">tasteful</wf>
<wf cmd="tag" pos="JJ">sophisticated</wf>
<wf cmd="tag" pos="NN">fashion</wf>
<wf cmd="ignore" pos="IN">with</wf>
<wf cmd="ignore" pos="WDT">which</wf>
<wf cmd="ignore" pos="PRP">she</wf>
<wf cmd="done" pos="VBZ" ot="notag">has</wf>
<wf cmd="done" pos="VB" lemma="create" wnsn="3" lexsn="2:36:01::">created</wf>
<wf cmd="ignore" pos="DT">a</wf>
<wf cmd="tag" pos="JJ">high</wf>
<wf cmd="tag" pos="NN">standard</wf>
<wf cmd="ignore" pos="IN">in</wf>
<wf cmd="ignore" pos="PRP$">her</wf>
<wf cmd="tag" pos="NN">profession</wf>
<punc>.</punc>
</s>
</p>
<p pnum="2">
<s snum="2">
<wf cmd="ignore" pos="IN">As</wf>
<wf cmd="ignore" pos="DT">a</wf>
<wf cmd="tag" pos="NNP">Neiman-Marcus</wf>
<wf cmd="tag" pos="NN">award</wf>
<wf cmd="tag" pos="NN">winner</wf>
<wf cmd="ignore" pos="DT">the</wf>
<wf cmd="tag" pos="JJ">titian-haired</wf>
<wf cmd="tag" pos="NNP">Miss_Garson</wf>
<wf cmd="done" pos="VB" lemma="be" wnsn="1" lexsn="2:42:03::">is</wf>
<wf cmd="ignore" pos="DT">a</wf>
<wf cmd="tag" pos="NN">personification</wf>
<wf cmd="ignore" pos="IN">of</wf>
<wf cmd="ignore" pos="DT">the</wf>
<wf cmd="tag" pos="JJ">individual</wf>
<wf cmd="tag" pos="NN">look</wf>
<wf cmd="tag" pos="RB">so</wf>
<wf cmd="tag" pos="JJ">important</wf>
<wf cmd="ignore" pos="TO">to</wf>
<wf cmd="tag" pos="NN">fashion</wf>
<wf cmd="ignore" pos="DT">this</wf>
<wf cmd="tag" pos="NN">season</wf>
<punc>.</punc>
</s>
<s snum="3">
<wf cmd="ignore" pos="PRP">She</wf>
<wf cmd="ignore" pos="MD">will</wf>
<wf cmd="done" pos="VB" lemma="receive" wnsn="1" lexsn="2:40:00::">receive</wf>
<wf cmd="ignore" pos="DT">the</wf>
<wf cmd="tag" pos="CD">1961</wf>
<punc>``</punc>
<wf cmd="tag" pos="NNP">Oscar</wf>
<punc>''</punc>
<wf cmd="ignore" pos="IN">at</wf>
<wf cmd="ignore" pos="DT">the</wf>
<wf cmd="tag" pos="CD">24</wf>
<wf cmd="ignore" pos="DT">th</wf>
<wf cmd="tag" pos="JJ">annual</wf>
<wf cmd="tag" pos="NNP">Neiman-Marcus_Exposition</wf>
<punc>,</punc>
<wf cmd="tag" pos="NNP">Tuesday</wf>
<wf cmd="ignore" pos="CC">and</wf>
<wf cmd="tag" pos="NNP">Wednesday</wf>
<wf cmd="ignore" pos="IN">in</wf>
<wf cmd="ignore" pos="DT">the</wf>
<wf cmd="tag" pos="NNP">Grand_Ballroom</wf>
<wf cmd="ignore" pos="IN">of</wf>
<wf cmd="ignore" pos="DT">the</wf>
<wf cmd="tag" pos="NNP">Sheraton-Dallas_Hotel</wf>
<punc>.</punc>
</s>
</p>
<p pnum="3">
<s snum="4">
<wf cmd="ignore" pos="DT">The</wf>
<wf cmd="tag" pos="JJ">only</wf>
<wf cmd="tag" pos="NN">woman</wf>
<wf cmd="tag" pos="JJ">recipient</wf>
<punc>,</punc>
<wf cmd="tag" pos="NNP">Miss_Garson</wf>
<wf cmd="ignore" pos="MD">will</wf>
<wf cmd="done" pos="VB" lemma="receive" wnsn="1" lexsn="2:40:00::">receive</wf>
<wf cmd="ignore" pos="DT">the</wf>
<wf cmd="tag" pos="NN">award</wf>
<wf cmd="ignore" pos="IN">with</wf>
<wf cmd="tag" pos="NNP">Ferdinando_Sarmi</wf>
<punc>,</punc>
<wf cmd="tag" pos="NN">creator</wf>
<wf cmd="ignore" pos="IN">of</wf>
<wf cmd="tag" pos="JJ">chic</wf>
<punc>,</punc>
<wf cmd="tag" pos="JJ">beautiful</wf>
<wf cmd="tag" pos="NNS">women</wf>
<wf cmd="ignore" pos="POS">'s</wf>
<wf cmd="tag" pos="NNS">fashions</wf>
<punc>;</punc>
<wf cmd="tag" pos="NNP">Harry_Rolnick</wf>
<punc>,</punc>
<wf cmd="tag" pos="NN">president</wf>
<wf cmd="ignore" pos="IN">of</wf>
<wf cmd="ignore" pos="DT">the</wf>
<wf cmd="tag" pos="NNP">Byer-Rolnick_Hat_Corporation</wf>
<wf cmd="ignore" pos="CC">and</wf>
<wf cmd="tag" pos="NN">designer</wf>
<wf cmd="ignore" pos="IN">of</wf>
<wf cmd="tag" pos="NNS">men</wf>
<wf cmd="ignore" pos="POS">'s</wf>
<wf cmd="tag" pos="NNS">hats</wf>
<punc>;</punc>
<wf cmd="tag" pos="NNP">Sydney_Wragge</wf>
<punc>,</punc>
<wf cmd="tag" pos="NN">creator</wf>
<wf cmd="ignore" pos="IN">of</wf>
<wf cmd="tag" pos="JJ">sophisticated</wf>
<wf cmd="tag" pos="NNS">casuals</wf>
<wf cmd="ignore" pos="IN">for</wf>
<wf cmd="tag" pos="NNS">women</wf>
<wf cmd="ignore" pos="CC">and</wf>
<wf cmd="tag" pos="NNP">Roger_Vivier</wf>
<punc>,</punc>
<wf cmd="tag" pos="NN">designer</wf>
<wf cmd="ignore" pos="IN">of</wf>
<wf cmd="tag" pos="NNP">Christian_Dior</wf>
<wf cmd="tag" pos="NNS">shoes</wf>
<wf cmd="tag" pos="NNP">Paris</wf>
<punc>,</punc>
<wf cmd="tag" pos="NNP">France</wf>
<punc>,</punc>
<wf cmd="ignore" pos="WP$">whose</wf>
<wf cmd="tag" pos="JJ">squared</wf>
<wf cmd="tag" pos="NNS">toes</wf>
<wf cmd="ignore" pos="CC">and</wf>
<wf cmd="tag" pos="JJ">lowered</wf>
<wf cmd="tag" pos="NNS">heels</wf>
<wf cmd="done" pos="VBP" ot="notag">have</wf>
<wf cmd="done" pos="VB" lemma="revolutionize" wnsn="1" lexsn="2:30:00::">revolutionized</wf>
<wf cmd="ignore" pos="DT">the</wf>
<wf cmd="tag" pos="NN">shoe_industry</wf>
<punc>.</punc>
</s>
</p>
<p pnum="4">
<s snum="5">
<wf cmd="ignore" pos="DT">The</wf>
<wf cmd="tag" pos="NN">silver</wf>
<wf cmd="ignore" pos="CC">and</wf>
<wf cmd="tag" pos="NN">ebony</wf>
<wf cmd="tag" pos="NNS">plaques</wf>
<wf cmd="ignore" pos="MD">will</wf>
<wf cmd="done" pos="VB" ot="notag">be_presented_at</wf>
<wf cmd="tag" pos="NN">noon</wf>
<wf cmd="tag" pos="NNS">luncheons</wf>
<wf cmd="ignore" pos="IN">by</wf>
<wf cmd="tag" pos="NNP">Stanley_Marcus</wf>
<punc>,</punc>
<wf cmd="tag" pos="NN">president</wf>
<wf cmd="ignore" pos="IN">of</wf>
<wf cmd="tag" pos="NNP">Neiman-Marcus</wf>
<punc>,</punc>
<wf cmd="tag" pos="NN">Beneficiary</wf>
<wf cmd="ignore" pos="IN">of</wf>
<wf cmd="ignore" pos="DT">the</wf>
<wf cmd="tag" pos="NNS">proceeds</wf>
<wf cmd="ignore" pos="IN">from</wf>
<wf cmd="ignore" pos="DT">the</wf>
<wf cmd="tag" pos="CD">two</wf>
<wf cmd="tag" pos="NNS">showings</wf>
<wf cmd="ignore" pos="MD">will</wf>
<wf cmd="done" pos="VB" ot="notag">be</wf>
<wf cmd="ignore" pos="DT">the</wf>
<wf cmd="tag" pos="NNP">Dallas_Society</wf>
<wf cmd="ignore" pos="IN">for</wf>
<wf cmd="tag" pos="NNP">Crippled</wf>
<wf cmd="tag" pos="NNS">Children</wf>
<wf cmd="tag" pos="NN">Cerebral_Palsy</wf>
<wf cmd="tag" pos="NNP">Treatment_Center</wf>
<punc>.</punc>
</s>
</p>
<p pnum="5">
<s snum="6">
<wf cmd="ignore" pos="DT">The</wf>
<wf cmd="tag" pos="JJ">attractive</wf>
<wf cmd="tag" pos="NNP">Greer_Garson</wf>
<punc>,</punc>
<wf cmd="ignore" pos="WP">who</wf>
<wf cmd="done" pos="VB" lemma="love" wnsn="2" lexsn="2:37:02::">loves</wf>
<wf cmd="tag" pos="JJ">beautiful</wf>
<wf cmd="tag" pos="NNS">clothes</wf>
<wf cmd="ignore" pos="CC">and</wf>
<wf cmd="done" pos="VB" lemma="select" wnsn="1" lexsn="2:31:00::">selects</wf>
<wf cmd="ignore" pos="PRP">them</wf>
<wf cmd="tag" pos="RB">as</wf>
<wf cmd="tag" pos="RB">carefully</wf>
<wf cmd="ignore" pos="IN">as</wf>
<wf cmd="ignore" pos="PRP">she</wf>
<wf cmd="done" pos="VBZ" ot="notag">does</wf>
<wf cmd="ignore" pos="PRP$">her</wf>
<wf cmd="tag" pos="JJ">professional</wf>
<wf cmd="tag" pos="NNS">roles</wf>
<punc>,</punc>
<wf cmd="done" pos="VB" lemma="prefer" wnsn="1" lexsn="2:37:00::">prefers</wf>
<wf cmd="tag" pos="JJ">timeless</wf>
<wf cmd="tag" pos="JJ">classical</wf>
<wf cmd="tag" pos="NNS">designs</wf>
<punc>.</punc>
</s>
<s snum="7">
<wf cmd="tag" pos="RB">Occasionally</wf>
<wf cmd="ignore" pos="PRP">she</wf>
<wf cmd="done" pos="VB" lemma="desert" wnsn="1" lexsn="2:31:00::">deserts</wf>
<wf cmd="ignore" pos="DT">the</wf>
<wf cmd="tag" pos="JJ">simple</wf>
<wf cmd="ignore" pos="CC">and</wf>
<wf cmd="tag" pos="JJ">elegant</wf>
<wf cmd="ignore" pos="IN">for</wf>
<wf cmd="ignore" pos="DT">a</wf>
<wf cmd="tag" pos="NN">fun</wf>
<wf cmd="tag" pos="NN">piece</wf>
<wf cmd="tag" pos="JJ">simple</wf>
<wf cmd="ignore" pos="IN">because</wf>
<punc>``</punc>
<wf cmd="ignore" pos="PRP">It</wf>
<wf cmd="done" pos="VBZ" ot="notag">'s</wf>
<wf cmd="ignore" pos="IN">unlike</wf>
<wf cmd="ignore" pos="PRP">me</wf>
<punc>''</punc>
<punc>.</punc>
</s>
</p>
<p pnum="6">
<s snum="8">
<wf cmd="tag" pos="RB">In_private</wf>
<wf cmd="tag" pos="NN">life</wf>
<punc>,</punc>
<wf cmd="tag" pos="NNP">Miss_Garson</wf>
<wf cmd="done" pos="VB" lemma="be" wnsn="1" lexsn="2:42:03::">is</wf>
<wf cmd="tag" pos="NNP">Mrs._E._E._Fogelson</wf>
<wf cmd="ignore" pos="CC">and</wf>
<wf cmd="ignore" pos="IN">on</wf>
<wf cmd="ignore" pos="DT">the</wf>
<wf cmd="tag" pos="NN">go</wf>
<wf cmd="tag" pos="JJ">most_of</wf>
<wf cmd="ignore" pos="DT">the</wf>
<wf cmd="tag" pos="NN">time</wf>
<wf cmd="done" pos="VB" lemma="commute" wnsn="3" lexsn="2:30:00::">commuting</wf>
<wf cmd="ignore" pos="IN">from</wf>
<wf cmd="tag" pos="NNP">Dallas</wf>
<punc>,</punc>
<wf cmd="ignore" pos="WRB">where</wf>
<wf cmd="ignore" pos="PRP">they</wf>
<wf cmd="done" pos="VB" lemma="maintain" wnsn="2" lexsn="2:40:00::">maintain</wf>
<wf cmd="ignore" pos="DT">an</wf>
<wf cmd="tag" pos="NN">apartment</wf>
<punc>,</punc>
<wf cmd="ignore" pos="TO">to</wf>
<wf cmd="ignore" pos="PRP$">their</wf>
<wf cmd="tag" pos="NNP">California</wf>
<wf cmd="tag" pos="NN">home</wf>
<wf cmd="ignore" pos="IN">in</wf>
<wf cmd="tag" pos="NN">Los_Angeles</wf>
<punc>'</punc>
<wf cmd="tag" pos="JJ">suburban</wf>
<wf cmd="tag" pos="NNP">Bel-Air</wf>
<wf cmd="ignore" pos="TO">to</wf>
<wf cmd="ignore" pos="PRP$">their</wf>
<wf cmd="tag" pos="NN">ranch</wf>
<wf cmd="ignore" pos="IN">in</wf>
<wf cmd="tag" pos="NNP">Pecos</wf>
<punc>,</punc>
<wf cmd="tag" pos="NN">New_Mexico</wf>
<punc>.</punc>
</s>
<s snum="9">
<wf cmd="tag" pos="RB">Therefore</wf>
<punc>,</punc>
<wf cmd="ignore" pos="PRP$">her</wf>
<wf cmd="tag" pos="NN">wardrobe</wf>
<wf cmd="done" pos="VB" lemma="be" wnsn="1" lexsn="2:42:03::">is</wf>
<wf cmd="tag" pos="RB">largely</wf>
<wf cmd="tag" pos="JJ">mobile</wf>
<punc>,</punc>
<wf cmd="ignore" pos="TO">to</wf>
<wf cmd="done" pos="VB" ot="notag">be</wf>
<wf cmd="done" pos="VB" lemma="pack" wnsn="1" lexsn="2:35:00::">packed</wf>
<wf cmd="ignore" pos="IN">at</wf>
<wf cmd="ignore" pos="DT">a</wf>
<wf cmd="tag" pos="NN">moment</wf>
<wf cmd="ignore" pos="POS">'s</wf>
<wf cmd="tag" pos="NN">notice</wf>
<wf cmd="ignore" pos="CC">and</wf>
<wf cmd="ignore" pos="TO">to</wf>
<wf cmd="done" pos="VB" lemma="shake" wnsn="3" lexsn="2:38:01::">shake</wf>
<wf cmd="ignore" pos="IN">out</wf>
<wf cmd="ignore" pos="IN">without</wf>
<wf cmd="ignore" pos="DT">a</wf>
<wf cmd="tag" pos="NN">wrinkle</wf>
<punc>.</punc>
</s>
</p>
<p pnum="7">
<s snum="10">
<wf cmd="ignore" pos="PRP$">Her</wf>
<wf cmd="tag" pos="NNS">creations</wf>
<wf cmd="ignore" pos="IN">in</wf>
<wf cmd="tag" pos="NN">fashion</wf>
<wf cmd="done" pos="VB" lemma="be" wnsn="1" lexsn="2:42:03::">are</wf>
<wf cmd="done" pos="VB" ot="notag">from</wf>
<wf cmd="tag" pos="JJ">many</wf>
<wf cmd="tag" pos="NNS">designers</wf>
<wf cmd="ignore" pos="IN">because</wf>
<wf cmd="ignore" pos="PRP">she</wf>
<wf cmd="done" pos="VBZ" ot="notag">does</wf>
<wf cmd="tag" pos="RB">n't</wf>
<wf cmd="done" pos="VB" lemma="want" wnsn="1" lexsn="2:37:00::">want</wf>
<wf cmd="ignore" pos="DT">a</wf>
<wf cmd="tag" pos="JJ">complete</wf>
<wf cmd="tag" pos="NN">wardrobe</wf>
<wf cmd="ignore" pos="IN">from</wf>
<wf cmd="ignore" pos="DT">any</wf>
<wf cmd="tag" pos="CD">one</wf>
<wf cmd="tag" pos="NN">designer</wf>
<wf cmd="tag" pos="RB">any_more</wf>
<wf cmd="ignore" pos="IN">than</wf>
<wf cmd="ignore" pos="PRP">she</wf>
<wf cmd="done" pos="VB" lemma="want" wnsn="1" lexsn="2:37:00::">wants</wf>
<punc>``</punc>
<wf cmd="tag" pos="JJ">all_of</wf>
<wf cmd="ignore" pos="PRP$">her</wf>
<wf cmd="tag" pos="NNS">pictures</wf>
<wf cmd="ignore" pos="IN">by</wf>
<wf cmd="tag" pos="CD">one</wf>
<wf cmd="tag" pos="NN">painter</wf>
<punc>''</punc>
<punc>.</punc>
</s>
</p>
<p pnum="8">
<s snum="11">
<wf cmd="ignore" pos="DT">A</wf>
<wf cmd="tag" pos="JJ">favorite</wf>
<wf cmd="done" pos="VB" lemma="be" wnsn="1" lexsn="2:42:03::">is</wf>
<wf cmd="tag" pos="NNP">Norman_Norell</wf>
<punc>,</punc>
<wf cmd="tag" pos="RB">however</wf>
<punc>.</punc>
</s>
<s snum="12">
<wf cmd="ignore" pos="PRP">She</wf>
<wf cmd="done" pos="VB" lemma="like" wnsn="3" lexsn="2:37:04::">likes</wf>
<wf cmd="ignore" pos="PRP$">his</wf>
<wf cmd="tag" pos="JJ">classic</wf>
<wf cmd="tag" pos="NN">chemise</wf>
<punc>.</punc>
</s>
<s snum="13">
<wf cmd="ignore" pos="PRP$">Her</wf>
<wf cmd="tag" pos="JJ">favorite</wf>
<wf cmd="tag" pos="NN">cocktail_dress</wf>
<wf cmd="done" pos="VB" lemma="be" wnsn="1" lexsn="2:42:03::">is</wf>
<wf cmd="ignore" pos="DT">a</wf>
<wf cmd="tag" pos="NNP">Norell</wf>
<punc>,</punc>
<wf cmd="ignore" pos="DT">a</wf>
<wf cmd="tag" pos="JJ">black_and_white</wf>
<wf cmd="tag" pos="NN">organdy</wf>
<wf cmd="ignore" pos="CC">and</wf>
<wf cmd="tag" pos="NN">silk</wf>
<wf cmd="tag" pos="NN">jersey</wf>
<punc>.</punc>
</s>
</p>
<p pnum="9">
<s snum="14">
<wf cmd="tag" pos="NNP">Irene</wf>
<wf cmd="tag" pos="NNS">suits</wf>
<wf cmd="done" pos="VB" lemma="rate" wnsn="1" lexsn="2:31:00::">rate</wf>
<wf cmd="tag" pos="JJ">high</wf>
<wf cmd="ignore" pos="IN">because</wf>
<wf cmd="ignore" pos="PRP">they</wf>
<wf cmd="done" pos="VBP" ot="notag">are</wf>
<wf cmd="done" pos="VB" lemma="design" wnsn="3" lexsn="2:36:01::">designed</wf>
<wf cmd="ignore" pos="IN">for</wf>
<wf cmd="ignore" pos="PRP$">her</wf>
<wf cmd="tag" pos="JJ">long-bodied</wf>
<wf cmd="tag" pos="NN">silhouette</wf>
<punc>.</punc>
</s>
<s snum="15">
<wf cmd="ignore" pos="PRP">She</wf>
<wf cmd="tag" pos="RB">also</wf>
<wf cmd="done" pos="VB" lemma="like" wnsn="3" lexsn="2:37:04::">likes</wf>
<wf cmd="ignore" pos="DT">the</wf>
<wf cmd="tag" pos="NN">femininity</wf>
<wf cmd="ignore" pos="CC">and</wf>
<wf cmd="tag" pos="NN">charm</wf>
<wf cmd="ignore" pos="IN">of</wf>
<wf cmd="tag" pos="NNS">designs</wf>
<wf cmd="ignore" pos="IN">by</wf>
<wf cmd="tag" pos="NNP">Ceil_Chapman</wf>
<wf cmd="ignore" pos="CC">and</wf>
<wf cmd="tag" pos="NNP">Helen_Rose</wf>
<punc>.</punc>
</s>
</p>
<p pnum="10">
<s snum="16">
<wf cmd="tag" pos="NNP">Balenciaga</wf>
<wf cmd="done" pos="VB" lemma="be" wnsn="1" lexsn="2:42:03::">is</wf>
<wf cmd="ignore" pos="PRP$">her</wf>
<wf cmd="tag" pos="JJ">favorite</wf>
<wf cmd="tag" pos="JJ">European</wf>
<wf cmd="tag" pos="NN">designer</wf>
<punc>.</punc>
</s>
</p>
<p pnum="11">
<s snum="17">
<punc>``</punc>
<wf cmd="ignore" pos="PRP">I</wf>
<wf cmd="done" pos="VB" lemma="buy" wnsn="1" lexsn="2:40:00::">bought</wf>
<wf cmd="ignore" pos="PRP$">my</wf>
<wf cmd="tag" pos="JJ">first</wf>
<wf cmd="tag" pos="NN">dress</wf>
<wf cmd="ignore" pos="IN">from</wf>
<wf cmd="ignore" pos="PRP">him</wf>
<wf cmd="ignore" pos="WRB">when</wf>
<wf cmd="ignore" pos="PRP">I</wf>
<wf cmd="done" pos="VB" lemma="be" wnsn="1" lexsn="2:42:03::">was</wf>
<wf cmd="tag" pos="RB">still</wf>
<wf cmd="ignore" pos="DT">a</wf>
<wf cmd="tag" pos="JJ">struggling</wf>
<wf cmd="tag" pos="NN">young_actress</wf>
<punc>''</punc>
<punc>,</punc>
<wf cmd="ignore" pos="PRP">she</wf>
<wf cmd="done" pos="VB" lemma="reminisce" wnsn="1" lexsn="2:31:00::">reminisces</wf>
<punc>.</punc>
</s>
<s snum="18">
<punc>``</punc>
<wf cmd="ignore" pos="PRP">I</wf>
<wf cmd="done" pos="VB" lemma="like" wnsn="3" lexsn="2:37:04::">like</wf>
<wf cmd="ignore" pos="PRP$">his</wf>
<wf cmd="tag" pos="NNS">clothes</wf>
<wf cmd="ignore" pos="IN">for</wf>
<wf cmd="ignore" pos="PRP$">their</wf>
<wf cmd="tag" pos="NN">drama</wf>
<wf cmd="ignore" pos="CC">and</wf>
<wf cmd="tag" pos="NN">simplicity</wf>
<wf cmd="ignore" pos="CC">and</wf>
<wf cmd="done" pos="VB" lemma="appreciate" wnsn="2" lexsn="2:31:00::">appreciate</wf>
<wf cmd="ignore" pos="DT">the</wf>
<wf cmd="tag" pos="JJ">great</wf>
<wf cmd="tag" pos="NN">impact</wf>
<wf cmd="ignore" pos="PRP">he</wf>
<wf cmd="done" pos="VB" lemma="have" wnsn="1" lexsn="2:40:00::">has</wf>
<wf cmd="done" pos="VB" ot="notag">on</wf>
<wf cmd="tag" pos="NN">fashion</wf>
<punc>''</punc>
<punc>.</punc>
</s>
</p>
<p pnum="12">
<s snum="19">
<wf cmd="tag" pos="JJ">Black_and_white</wf>
<wf cmd="done" pos="VB" lemma="be" wnsn="1" lexsn="2:42:03::">is</wf>
<wf cmd="ignore" pos="PRP$">her</wf>
<wf cmd="tag" pos="JJ">favorite</wf>
<wf cmd="tag" pos="NN">color</wf>
<wf cmd="tag" pos="NN">combination</wf>
<wf cmd="ignore" pos="IN">along</wf>
<wf cmd="ignore" pos="IN">with</wf>
<wf cmd="tag" pos="JJ">lively</wf>
<wf cmd="tag" pos="JJ">glowing</wf>
<wf cmd="tag" pos="NNS">pinks</wf>
<punc>,</punc>
<wf cmd="tag" pos="NNS">reds</wf>
<punc>,</punc>
<wf cmd="tag" pos="NNS">blues</wf>
<wf cmd="ignore" pos="CC">and</wf>
<wf cmd="tag" pos="NNS">greens</wf>
<punc>.</punc>
</s>
</p>
<p pnum="13">
<s snum="20">
<wf cmd="ignore" pos="IN">Of</wf>
<wf cmd="tag" pos="NNP">Scotch-Irish-Scandinavian</wf>
<wf cmd="tag" pos="NN">descent</wf>
<punc>,</punc>
<wf cmd="tag" pos="NNP">Greer_Garson</wf>
<wf cmd="done" pos="VB" ot="notag">was</wf>
<wf cmd="done" pos="VB" lemma="bear" wnsn="2" lexsn="2:29:01::">born</wf>
<wf cmd="ignore" pos="IN">in</wf>
<wf cmd="tag" pos="NNP">County</wf>
<wf cmd="ignore" pos="IN">Down</wf>
<punc>,</punc>
<wf cmd="tag" pos="NNP">Ireland</wf>
<punc>.</punc>
</s>
<s snum="21">
<wf cmd="ignore" pos="PRP$">Her</wf>
<wf cmd="tag" pos="NN">mother</wf>
<wf cmd="done" pos="VB" lemma="be" wnsn="1" lexsn="2:42:03::">was</wf>
<wf cmd="ignore" pos="DT">a</wf>
<wf cmd="tag" pos="NNP">Greer</wf>
<wf cmd="ignore" pos="CC">and</wf>
<wf cmd="ignore" pos="PRP$">her</wf>
<wf cmd="tag" pos="NN">father</wf>
<wf cmd="ignore" pos="POS">'s</wf>
<wf cmd="tag" pos="NN">family</wf>
<wf cmd="done" pos="VB" lemma="come" wnsn="8" lexsn="2:42:09::">came</wf>
<wf cmd="done" pos="VB" ot="notag">from</wf>
<wf cmd="ignore" pos="DT">the</wf>
<wf cmd="tag" pos="NNP">Orkney_Isles</wf>
<punc>.</punc>
</s>
</p>
<p pnum="14">
<s snum="22">
<wf cmd="done" pos="VB" lemma="rear" wnsn="2" lexsn="2:41:00::">Reared</wf>
<wf cmd="ignore" pos="IN">in</wf>
<wf cmd="tag" pos="NNP">England</wf>
<punc>,</punc>
<wf cmd="ignore" pos="PRP">she</wf>
<wf cmd="done" pos="VB" lemma="study" wnsn="2" lexsn="2:31:03::">studied</wf>
<wf cmd="ignore" pos="TO">to</wf>
<wf cmd="done" pos="VB" lemma="be" wnsn="1" lexsn="2:42:03::">be</wf>
<wf cmd="ignore" pos="DT">a</wf>
<wf cmd="tag" pos="NN">teacher</wf>
<punc>,</punc>
<wf cmd="done" pos="VB" lemma="earn" wnsn="2" lexsn="2:40:03::">earned</wf>
<wf cmd="tag" pos="JJ">several</wf>
<wf cmd="tag" pos="NNS">scholarships</wf>
<wf cmd="ignore" pos="CC">and</wf>
<wf cmd="done" pos="VBD" ot="notag">was</wf>
<wf cmd="done" pos="VB" lemma="graduate" wnsn="2" lexsn="2:40:01::">graduated</wf>
<wf cmd="tag" pos="RB">with_honors</wf>
<wf cmd="ignore" pos="IN">from</wf>
<wf cmd="ignore" pos="DT">the</wf>
<wf cmd="tag" pos="NNP">University</wf>
<wf cmd="ignore" pos="IN">of</wf>
<wf cmd="tag" pos="NNP">London</wf>
<punc>.</punc>
</s>
<s snum="23">
<wf cmd="ignore" pos="PRP">She</wf>
<wf cmd="done" pos="VB" lemma="take" wnsn="12" lexsn="2:41:00::">took</wf>
<wf cmd="tag" pos="JJ">postgraduate</wf>
<wf cmd="tag" pos="NN">work</wf>
<wf cmd="done" pos="VB" ot="notag">at</wf>
<wf cmd="ignore" pos="DT">the</wf>
<wf cmd="tag" pos="NNP">University</wf>
<wf cmd="ignore" pos="IN">of</wf>
<wf cmd="tag" pos="NNP">Grenoble</wf>
<wf cmd="ignore" pos="IN">in</wf>
<wf cmd="tag" pos="NNP">France</wf>
<wf cmd="tag" pos="RB">and_then</wf>
<wf cmd="done" pos="VB" lemma="return" wnsn="1" lexsn="2:38:00::">returned</wf>
<wf cmd="done" pos="VB" ot="notag">to</wf>
<wf cmd="tag" pos="NNP">London</wf>
<wf cmd="ignore" pos="TO">to</wf>
<wf cmd="done" pos="VB" lemma="work_on" wnsn="1" lexsn="2:41:00::">work_on</wf>
<wf cmd="tag" pos="NN">market</wf>
<wf cmd="tag" pos="NN">research</wf>
<wf cmd="ignore" pos="IN">with</wf>
<wf cmd="ignore" pos="DT">an</wf>
<wf cmd="tag" pos="NN">advertising</wf>
<wf cmd="tag" pos="NN">firm</wf>
<punc>.</punc>
</s>
</p>
<p pnum="15">
<s snum="24">
<wf cmd="ignore" pos="PRP$">Her</wf>
<wf cmd="tag" pos="NN">acting</wf>
<wf cmd="done" pos="VB" lemma="begin" wnsn="0" lexsn="2:36:00::">began</wf>
<wf cmd="ignore" pos="IN">with</wf>
<wf cmd="ignore" pos="DT">the</wf>
<wf cmd="tag" pos="NNP">Birmingham</wf>
<wf cmd="tag" pos="NN">Repertory_Company</wf>
<wf cmd="ignore" pos="CC">and</wf>
<wf cmd="ignore" pos="PRP">she</wf>
<wf cmd="tag" pos="RB">soon</wf>
<wf cmd="done" pos="VB" lemma="become" wnsn="3" lexsn="2:42:00::">became</wf>
<wf cmd="ignore" pos="DT">the</wf>
<wf cmd="tag" pos="NN">toast</wf>
<wf cmd="ignore" pos="IN">of</wf>
<wf cmd="ignore" pos="DT">the</wf>
<wf cmd="tag" pos="NN">West_End</wf>
<punc>.</punc>
</s>
<s snum="25">
<wf cmd="ignore" pos="IN">Among</wf>
<wf cmd="tag" pos="NN">stage</wf>
<wf cmd="tag" pos="NNS">performances</wf>
<wf cmd="done" pos="VB" lemma="be" wnsn="4" lexsn="2:42:00::">was</wf>
<wf cmd="ignore" pos="DT">a</wf>
<wf cmd="tag" pos="JJ">starring</wf>
<wf cmd="tag" pos="NN">role</wf>
<wf cmd="ignore" pos="IN">in</wf>
<punc>``</punc>
<wf cmd="tag" pos="NNP">Golden_Arrow</wf>
<punc>''</punc>
<wf cmd="done" pos="VB" lemma="direct" wnsn="3" lexsn="2:36:00::">directed</wf>
<wf cmd="ignore" pos="IN">by</wf>
<wf cmd="tag" pos="NNP">Noel_Coward</wf>
<punc>.</punc>
</s>
<s snum="26">
<wf cmd="ignore" pos="PRP">It</wf>
<wf cmd="done" pos="VB" lemma="be" wnsn="5" lexsn="2:42:04::">was</wf>
<wf cmd="ignore" pos="IN">during</wf>
<punc>``</punc>
<wf cmd="tag" pos="NNP">Old_Music</wf>
<punc>''</punc>
<wf cmd="ignore" pos="IN">at</wf>
<wf cmd="ignore" pos="DT">the</wf>
<wf cmd="tag" pos="NNP">St._James_Theater</wf>
<wf cmd="ignore" pos="IN">that</wf>
<wf cmd="tag" pos="NNP">Hollywood</wf>
<wf cmd="ignore" pos="POS">'s</wf>
<wf cmd="tag" pos="NNP">Louis_B._Mayer</wf>
<wf cmd="done" pos="VB" lemma="spot" wnsn="1" lexsn="2:39:00::">spotted</wf>
<wf cmd="ignore" pos="PRP$">her</wf>
<punc>.</punc>
</s>
</p>
<p pnum="16">
<s snum="27">
<wf cmd="ignore" pos="IN">After</wf>
<wf cmd="done" pos="VB" lemma="sign" wnsn="3" lexsn="2:32:00::">signing</wf>
<wf cmd="ignore" pos="DT">a</wf>
<wf cmd="tag" pos="NN">motion-picture</wf>
<wf cmd="tag" pos="NN">contract</wf>
<punc>,</punc>
<wf cmd="ignore" pos="PRP">she</wf>
<wf cmd="done" pos="VB" lemma="come" wnsn="2" lexsn="2:38:04::">came</wf>
<wf cmd="done" pos="VB" ot="notag">to</wf>
<wf cmd="tag" pos="NNP">America</wf>
<wf cmd="ignore" pos="CC">and</wf>
<wf cmd="done" pos="VB" lemma="have" wnsn="1" lexsn="2:40:00::">had</wf>
<punc>``</punc>
<wf cmd="tag" pos="NNP">Goodbye</wf>
<punc>,</punc>
<wf cmd="tag" pos="NNP">Mr.</wf>
<wf cmd="tag" pos="NNPS">Chips</wf>
<punc>''</punc>
<wf cmd="ignore" pos="IN">as</wf>
<wf cmd="ignore" pos="PRP$">her</wf>
<wf cmd="tag" pos="JJ">first</wf>
<wf cmd="tag" pos="NN">assignment</wf>
<wf cmd="ignore" pos="IN">after</wf>
<wf cmd="ignore" pos="DT">a</wf>
<wf cmd="tag" pos="NN">year</wf>
<wf cmd="ignore" pos="POS">'s</wf>
<wf cmd="tag" pos="NN">wait</wf>
<punc>.</punc>
</s>
<s snum="28">
<wf cmd="tag" pos="JJ">Other</wf>
<wf cmd="tag" pos="NNS">triumphs</wf>
<wf cmd="done" pos="VB" lemma="include" wnsn="1" lexsn="2:42:00::">include</wf>
<punc>``</punc>
<wf cmd="tag" pos="NNP">Random_Harvest</wf>
<punc>''</punc>
<punc>,</punc>
<punc>``</punc>
<wf cmd="tag" pos="NNP">Madame_Curie</wf>
<punc>''</punc>
<punc>,</punc>
<punc>``</punc>
<wf cmd="tag" pos="NNP">Pride</wf>
<wf cmd="ignore" pos="CC">and</wf>
<wf cmd="tag" pos="NNP">Prejudice</wf>
<punc>''</punc>
<punc>,</punc>
<punc>``</punc>
<wf cmd="ignore" pos="DT">The</wf>
<wf cmd="tag" pos="NNP">Forsythe_Saga</wf>
<punc>''</punc>
<wf cmd="ignore" pos="CC">and</wf>
<punc>``</punc>
<wf cmd="tag" pos="NNP">Mrs._Miniver</wf>
<punc>''</punc>
<punc>(</punc>
<wf cmd="ignore" pos="WDT">which</wf>
<wf cmd="done" pos="VB" lemma="win" wnsn="2" lexsn="2:40:00::">won</wf>
<wf cmd="ignore" pos="PRP$">her</wf>
<wf cmd="ignore" pos="DT">the</wf>
<wf cmd="tag" pos="NNP">Academy_Award</wf>
<wf cmd="ignore" pos="IN">in</wf>
<wf cmd="tag" pos="CD">1943</wf>
<punc>)</punc>
<punc>.</punc>
</s>
</p>
<p pnum="17">
<s snum="29">
<wf cmd="tag" pos="NNP">Honors</wf>
<wf cmd="ignore" pos="WDT">that</wf>
<wf cmd="done" pos="VBP" ot="notag">have</wf>
<wf cmd="done" pos="VB" lemma="come" wnsn="3" lexsn="2:30:01::">come</wf>
<wf cmd="done" pos="VB" ot="notag">to</wf>
<wf cmd="tag" pos="NNP">Greer_Garson</wf>
<wf cmd="done" pos="VB" lemma="be" wnsn="1" lexsn="2:42:03::">are</wf>
<wf cmd="tag" pos="JJ">countless</wf>
<punc>.</punc>
</s>
<s snum="30">
<wf cmd="tag" pos="RB">Just</wf>
<wf cmd="ignore" pos="DT">this</wf>
<wf cmd="tag" pos="NNP">April</wf>
<wf cmd="ignore" pos="PRP">she</wf>
<wf cmd="done" pos="VBD" ot="notag">was</wf>
<wf cmd="done" pos="VB" lemma="nominate" wnsn="1" lexsn="2:32:00::">nominated</wf>
<wf cmd="ignore" pos="IN">for</wf>
<wf cmd="ignore" pos="DT">the</wf>
<wf cmd="tag" pos="JJ">seventh</wf>
<wf cmd="tag" pos="NN">time</wf>
<wf cmd="ignore" pos="IN">for</wf>
<wf cmd="ignore" pos="DT">an</wf>
<wf cmd="tag" pos="NNP">Academy_Award</wf>
<wf cmd="ignore" pos="IN">for</wf>
<wf cmd="ignore" pos="PRP$">her</wf>
<wf cmd="tag" pos="NN">portrayal</wf>
<wf cmd="ignore" pos="IN">of</wf>
<wf cmd="tag" pos="NN">Eleanor_Roosevelt</wf>
<wf cmd="ignore" pos="IN">in</wf>
<punc>``</punc>
<wf cmd="tag" pos="NNP">Sunrise</wf>
<wf cmd="ignore" pos="IN">at</wf>
<wf cmd="tag" pos="NNP">Campobello</wf>
<punc>''</punc>
<punc>.</punc>
</s>
<s snum="31">
<wf cmd="ignore" pos="PRP">She</wf>
<wf cmd="done" pos="VB" lemma="give" wnsn="11" lexsn="2:36:00::">gave</wf>
<wf cmd="ignore" pos="DT">a</wf>
<wf cmd="tag" pos="JJ">fine</wf>
<wf cmd="tag" pos="NN">portrayal</wf>
<wf cmd="ignore" pos="IN">of</wf>
<wf cmd="tag" pos="NNP">Auntie_Mame</wf>
<wf cmd="ignore" pos="IN">on</wf>
<wf cmd="tag" pos="NNP">Broadway</wf>
<wf cmd="ignore" pos="IN">in</wf>
<wf cmd="tag" pos="CD">1958</wf>
<wf cmd="ignore" pos="CC">and</wf>
<wf cmd="done" pos="VBZ" ot="notag">has</wf>
<wf cmd="done" pos="VB" lemma="appear" wnsn="3" lexsn="2:30:01::">appeared</wf>
<wf cmd="ignore" pos="IN">in</wf>
<wf cmd="tag" pos="JJ">live</wf>
<wf cmd="tag" pos="NN">television</wf>
<wf cmd="ignore" pos="IN">from</wf>
<punc>``</punc>
<wf cmd="tag" pos="NNP">Captain_Brassbound</wf>
<wf cmd="ignore" pos="POS">'s</wf>
<wf cmd="tag" pos="NNP">Conversion</wf>
<punc>''</punc>
<wf cmd="ignore" pos="TO">to</wf>
<punc>``</punc>
<wf cmd="tag" pos="NNP">Camille</wf>
<punc>''</punc>
<punc>.</punc>
</s>
<s snum="32">
<wf cmd="ignore" pos="PRP">She</wf>
<wf cmd="done" pos="VB" lemma="be" wnsn="1" lexsn="2:42:03::">is</wf>
<wf cmd="ignore" pos="IN">in</wf>
<wf cmd="tag" pos="NNP">Madame_Tussard</wf>
<wf cmd="ignore" pos="POS">'s</wf>
<wf cmd="tag" pos="NNP">Waxworks</wf>
<wf cmd="ignore" pos="IN">in</wf>
<wf cmd="tag" pos="NNP">London</wf>
<punc>,</punc>
<wf cmd="ignore" pos="DT">a</wf>
<wf cmd="tag" pos="NN">princess</wf>
<wf cmd="ignore" pos="IN">of</wf>
<wf cmd="ignore" pos="DT">the</wf>
<wf cmd="tag" pos="NNP">Kiowa</wf>
<wf cmd="tag" pos="NN">tribe</wf>
<wf cmd="ignore" pos="CC">and</wf>
<wf cmd="ignore" pos="DT">an</wf>
<wf cmd="tag" pos="JJ">honorary</wf>
<wf cmd="tag" pos="NN">colonel</wf>
<wf cmd="ignore" pos="IN">in</wf>
<wf cmd="tag" pos="JJ">many</wf>
<wf cmd="tag" pos="NNS">states</wf>
<punc>.</punc>
</s>
</p>
<p pnum="18">
<s snum="33">
<wf cmd="ignore" pos="PRP">She</wf>
<wf cmd="done" pos="VB" lemma="be" wnsn="1" lexsn="2:42:03::">is</wf>
<wf cmd="tag" pos="JJ">adept</wf>
<wf cmd="ignore" pos="IN">at</wf>
<wf cmd="tag" pos="NN">skeet_shooting</wf>
<punc>,</punc>
<wf cmd="tag" pos="NN">trout</wf>
<wf cmd="tag" pos="NN">fishing</wf>
<punc>,</punc>
<wf cmd="tag" pos="JJ">Afro-Cuban</wf>
<wf cmd="ignore" pos="CC">and</wf>
<wf cmd="tag" pos="JJ">Oriental</wf>
<wf cmd="tag" pos="NN">dancing</wf>
<wf cmd="ignore" pos="CC">and</wf>
<wf cmd="tag" pos="NNP">Southwestern</wf>
<wf cmd="tag" pos="NN">archaeology</wf>
<punc>.</punc>
</s>
<s snum="34">
<wf cmd="ignore" pos="PRP">She</wf>
<wf cmd="tag" pos="RB">now</wf>
<wf cmd="done" pos="VB" lemma="serve" wnsn="2" lexsn="2:33:00::">serves</wf>
<wf cmd="ignore" pos="IN">on</wf>
<wf cmd="ignore" pos="DT">the</wf>
<wf cmd="tag" pos="NN">board_of_directors</wf>
<wf cmd="ignore" pos="IN">of</wf>
<wf cmd="ignore" pos="DT">the</wf>
<wf cmd="tag" pos="NNP">Dallas</wf>
<wf cmd="tag" pos="NN">Symphony_Orchestra</wf>
<wf cmd="ignore" pos="CC">and</wf>
<wf cmd="ignore" pos="DT">the</wf>
<wf cmd="tag" pos="NNP">Dallas_Theater_Center</wf>
<wf cmd="ignore" pos="CC">and</wf>
<wf cmd="ignore" pos="IN">on</wf>
<wf cmd="ignore" pos="DT">the</wf>
<wf cmd="tag" pos="NN">board_of_trustees</wf>
<wf cmd="ignore" pos="IN">of</wf>
<wf cmd="ignore" pos="DT">the</wf>
<wf cmd="tag" pos="NNP">Dallas_Museum</wf>
<wf cmd="ignore" pos="IN">of</wf>
<wf cmd="tag" pos="NN">Fine_Arts</wf>
<punc>.</punc>
</s>
<s snum="35">
<wf cmd="ignore" pos="PRP">She</wf>
<wf cmd="done" pos="VB" lemma="be" wnsn="1" lexsn="2:42:03::">is</wf>
<wf cmd="tag" pos="NN">state</wf>
<wf cmd="tag" pos="NN">chairman</wf>
<wf cmd="ignore" pos="IN">for</wf>
<wf cmd="ignore" pos="DT">the</wf>
<wf cmd="tag" pos="NN">New_Mexico</wf>
<wf cmd="tag" pos="NNP">Tuberculosis</wf>
<wf cmd="ignore" pos="CC">and</wf>
<wf cmd="tag" pos="NNP">Cancer_Associations</wf>
<punc>.</punc>
</s>
<s snum="36">
<wf cmd="ignore" pos="DT">Both</wf>
<wf cmd="tag" pos="NNP">Miss_Garson</wf>
<wf cmd="ignore" pos="CC">and</wf>
<wf cmd="ignore" pos="PRP$">her</wf>
<wf cmd="tag" pos="NN">oilman-rancher</wf>
<wf cmd="tag" pos="NN">husband</wf>
<wf cmd="done" pos="VB" lemma="be" wnsn="1" lexsn="2:42:03::">are</wf>
<wf cmd="tag" pos="JJ">active</wf>
<wf cmd="tag" pos="NNS">supporters</wf>
<wf cmd="ignore" pos="IN">of</wf>
<wf cmd="tag" pos="NNPS">Boys</wf>
<wf cmd="tag" pos="NNPS">Clubs</wf>
<wf cmd="ignore" pos="IN">of</wf>
<wf cmd="tag" pos="NNP">America</wf>
<wf cmd="ignore" pos="CC">and</wf>
<wf cmd="tag" pos="NNS">patrons</wf>
<wf cmd="ignore" pos="IN">of</wf>
<wf cmd="ignore" pos="DT">the</wf>
<wf cmd="tag" pos="JJ">vivid</wf>
<wf cmd="tag" pos="NN">art</wf>
<wf cmd="ignore" pos="CC">and</wf>
<wf cmd="tag" pos="NN">opera</wf>
<wf cmd="tag" pos="NN">colony</wf>
<wf cmd="ignore" pos="IN">that</wf>
<wf cmd="done" pos="VB" lemma="flourish" wnsn="1" lexsn="2:30:01::">flourishes</wf>
<wf cmd="ignore" pos="IN">in</wf>
<wf cmd="tag" pos="NN">New_Mexico</wf>
<punc>.</punc>
</s>
</p>
<p pnum="19">
<s snum="37">
<wf cmd="tag" pos="RB">Back</wf>
<wf cmd="ignore" pos="IN">in</wf>
<wf cmd="tag" pos="NN">college</wf>
<punc>,</punc>
<wf cmd="tag" pos="NN">today</wf>
<wf cmd="ignore" pos="POS">'s</wf>
<wf cmd="tag" pos="JJ">handsome</wf>
<wf cmd="tag" pos="NNP">Gander</wf>
<wf cmd="done" pos="VB" lemma="be" wnsn="1" lexsn="2:42:03::">was</wf>
<wf cmd="ignore" pos="DT">the</wf>
<wf cmd="tag" pos="RB">only</wf>
<wf cmd="tag" pos="JJ">male</wf>
<wf cmd="tag" pos="NN">member</wf>
<wf cmd="ignore" pos="IN">of</wf>
<wf cmd="ignore" pos="DT">a</wf>
<wf cmd="tag" pos="NNP">Texas_Tech</wf>
<wf cmd="tag" pos="NN">class</wf>
<wf cmd="ignore" pos="IN">on</wf>
<wf cmd="tag" pos="NN">food</wf>
<punc>.</punc>
</s>
<s snum="38">
<wf cmd="ignore" pos="DT">The</wf>
<wf cmd="tag" pos="JJ">pretty</wf>
<wf cmd="tag" pos="NNS">coeds</wf>
<wf cmd="ignore" pos="MD">must</wf>
<wf cmd="done" pos="VB" ot="notag">have</wf>
<wf cmd="done" pos="VB" lemma="ogle" wnsn="1" lexsn="2:39:00::">ogled</wf>
<wf cmd="ignore" pos="PRP">him</wf>
<wf cmd="tag" pos="RB">all_day_long</wf>
<punc>-</punc>
<wf cmd="ignore" pos="CC">but</wf>
<wf cmd="ignore" pos="PRP">he</wf>
<wf cmd="tag" pos="RB">dutifully</wf>
<wf cmd="done" pos="VB" lemma="keep" wnsn="6" lexsn="2:31:00::">kept</wf>
<wf cmd="ignore" pos="PRP$">his</wf>
<wf cmd="tag" pos="NN">eye</wf>
<wf cmd="ignore" pos="IN">on</wf>
<wf cmd="ignore" pos="DT">the</wf>
<wf cmd="tag" pos="NN">gravy</wf>
<punc>.</punc>
</s>
</p>
<p pnum="20">
<s snum="39">
<wf cmd="tag" pos="JJ">Last</wf>
<wf cmd="tag" pos="NNP">October</wf>
<wf cmd="ignore" pos="PRP">he</wf>
<wf cmd="done" pos="VB" lemma="give" wnsn="21" lexsn="2:32:02::">gave</wf>
<wf cmd="ignore" pos="DT">a</wf>
<wf cmd="tag" pos="JJ">public</wf>
<wf cmd="tag" pos="NN">speech</wf>
<wf cmd="ignore" pos="IN">in</wf>
<wf cmd="tag" pos="NNP">Washington</wf>
<punc>,</punc>
<wf cmd="tag" pos="NNP">D._C.</wf>
<wf cmd="done" pos="VB" lemma="entitle" wnsn="2" lexsn="2:32:00::">entitled</wf>
<punc>``</punc>
<wf cmd="done" pos="VB" lemma="be" wnsn="1" lexsn="2:42:03::">Are</wf>
<wf cmd="tag" pos="NNP">Women</wf>
<wf cmd="tag" pos="RB">Here</wf>
<wf cmd="ignore" pos="TO">to</wf>
<wf cmd="done" pos="VB" lemma="stay" wnsn="4" lexsn="2:42:02::">Stay</wf>
<punc>''</punc>
<punc>?</punc>
</s>
<s snum="40">
<wf cmd="tag" pos="RB">So</wf>
<wf cmd="ignore" pos="PRP">you</wf>
<wf cmd="ignore" pos="MD">can</wf>
<wf cmd="done" pos="VB" lemma="see" wnsn="2" lexsn="2:31:01::">see</wf>
<wf cmd="ignore" pos="IN">that</wf>
<wf cmd="tag" pos="NNP">Gerald_G._Ramsey</wf>
<punc>,</punc>
<wf cmd="tag" pos="NN">director</wf>
<wf cmd="ignore" pos="IN">of</wf>
<wf cmd="tag" pos="NNP">SMU</wf>
<wf cmd="ignore" pos="POS">'s</wf>
<wf cmd="tag" pos="NN">food</wf>
<wf cmd="tag" pos="NNS">services</wf>
<punc>,</punc>
<wf cmd="done" pos="VB" lemma="be" wnsn="1" lexsn="2:42:03::">is</wf>
<wf cmd="tag" pos="RB">not</wf>
<wf cmd="ignore" pos="DT">the</wf>
<wf cmd="tag" pos="JJ">ordinary</wf>
<wf cmd="tag" pos="NN">type</wf>
<wf cmd="ignore" pos="IN">of</wf>
<wf cmd="tag" pos="JJ">craven</wf>
<punc>,</punc>
<wf cmd="tag" pos="JJ">women-trodden</wf>
<wf cmd="tag" pos="NN">chef</wf>
<punc>.</punc>
</s>
<s snum="41">
<wf cmd="ignore" pos="PRP">He</wf>
<wf cmd="done" pos="VB" lemma="be" wnsn="1" lexsn="2:42:03::">is</wf>
<wf cmd="tag" pos="JJ">apt</wf>
<wf cmd="ignore" pos="TO">to</wf>
<wf cmd="done" pos="VB" lemma="rear_back" wnsn="1" lexsn="2:38:00::">rear_back</wf>
<wf cmd="ignore" pos="CC">and</wf>
<wf cmd="done" pos="VB" lemma="claim" wnsn="2" lexsn="2:40:00::">claim</wf>
<wf cmd="ignore" pos="PRP$">his</wf>
<wf cmd="tag" pos="NNS">rights</wf>
<punc>.</punc>
</s>
</p>
<p pnum="21">
<s snum="42">
<wf cmd="tag" pos="NNP">RAMSEY</wf>
<punc>,</punc>
<wf cmd="ignore" pos="IN">as</wf>
<wf cmd="tag" pos="NNP">SMU</wf>
<wf cmd="ignore" pos="POS">'s</wf>
<wf cmd="tag" pos="NN">food</wf>
<wf cmd="tag" pos="NN">wrangler</wf>
<punc>,</punc>
<wf cmd="done" pos="VB" lemma="buy" wnsn="1" lexsn="2:40:00::">buys</wf>
<wf cmd="tag" pos="RB">enough</wf>
<wf cmd="tag" pos="NNS">groceries</wf>
<wf cmd="ignore" pos="TO">to</wf>
<wf cmd="done" pos="VB" lemma="serve" wnsn="6" lexsn="2:34:00::">serve</wf>
<wf cmd="tag" pos="CD">32000</wf>
<wf cmd="tag" pos="NNS">meals</wf>
<wf cmd="ignore" pos="DT">a</wf>
<wf cmd="tag" pos="NN">week</wf>
<punc>.</punc>
</s>
<s snum="43">
<wf cmd="done" pos="VB" lemma="tell" wnsn="2" lexsn="2:32:00::">Tell</wf>
<wf cmd="tag" pos="RB">that</wf>
<wf cmd="ignore" pos="TO">to</wf>
<wf cmd="ignore" pos="DT">the</wf>
<wf cmd="tag" pos="JJ">little</wf>
<wf cmd="tag" pos="NN">wife</wf>
<wf cmd="ignore" pos="WRB">when</wf>
<wf cmd="ignore" pos="PRP">she</wf>
<wf cmd="done" pos="VB" lemma="moan" wnsn="1" lexsn="2:32:00::">moans</wf>
<wf cmd="ignore" pos="IN">at</wf>
<wf cmd="ignore" pos="DT">the</wf>
<wf cmd="tag" pos="NN">woman</wf>
<wf cmd="ignore" pos="POS">'s</wf>
<wf cmd="tag" pos="NN">burden</wf>
<punc>!</punc>
</s>
</p>
<p pnum="22">
<s snum="44">
<wf cmd="ignore" pos="PRP">He</wf>
<wf cmd="tag" pos="RB">also</wf>
<wf cmd="done" pos="VB" lemma="dish_up" wnsn="1" lexsn="2:34:00::">dishes_up</wf>
<wf cmd="tag" pos="CD">3000</wf>
<wf cmd="tag" pos="NNS">snacks</wf>
<punc>.</punc>
</s>
<s snum="45">
<wf cmd="ignore" pos="CC">And</wf>
<wf cmd="ignore" pos="PRP">he</wf>
<wf cmd="done" pos="VB" lemma="operate" wnsn="1" lexsn="2:41:00::">operates</wf>
<wf cmd="tag" pos="CD">three</wf>
<wf cmd="tag" pos="NNS">cafeterias</wf>
<wf cmd="ignore" pos="IN">in</wf>
<wf cmd="ignore" pos="DT">the</wf>
<wf cmd="tag" pos="NNP">Student_Center</wf>
<punc>,</punc>
<wf cmd="ignore" pos="IN">along</wf>
<wf cmd="ignore" pos="IN">with</wf>
<wf cmd="tag" pos="NNP">McElvaney_Dining_Hall</wf>
<wf cmd="ignore" pos="CC">and</wf>
<wf cmd="ignore" pos="DT">the</wf>
<wf cmd="tag" pos="NN">athlete</wf>
<wf cmd="ignore" pos="POS">'s</wf>
<wf cmd="tag" pos="NNS">tables</wf>
<punc>.</punc>
</s>
</p>
<p pnum="23">
<s snum="46">
<wf cmd="tag" pos="NNP">Ramsey</wf>
<punc>,</punc>
<wf cmd="tag" pos="CD">6</wf>
<punc>-</punc>
<wf cmd="tag" pos="CD">3</wf>
<punc>,</punc>
<wf cmd="tag" pos="CD">195</wf>
<wf cmd="ignore" pos="CC">and</wf>
<wf cmd="tag" pos="RB">ruggedly</wf>
<wf cmd="tag" pos="JJ">slim</wf>
<punc>,</punc>
<wf cmd="done" pos="VB" lemma="say" wnsn="1" lexsn="2:32:00::">says</wf>
<punc>,</punc>
<punc>``</punc>
<wf cmd="ignore" pos="PRP">I</wf>
<wf cmd="ignore" pos="MD">can</wf>
<wf cmd="tag" pos="RB">n't</wf>
<wf cmd="done" pos="VB" lemma="remember" wnsn="1" lexsn="2:31:00::">remember</wf>
<wf cmd="ignore" pos="WRB">when</wf>
<wf cmd="ignore" pos="PRP">I</wf>
<wf cmd="done" pos="VBD" ot="notag">did</wf>
<wf cmd="tag" pos="RB">n't</wf>
<wf cmd="done" pos="VB" lemma="pester" wnsn="1" lexsn="2:37:00::">pester</wf>
<wf cmd="ignore" pos="PRP$">my</wf>
<wf cmd="tag" pos="NN">mother</wf>
<wf cmd="ignore" pos="TO">to</wf>
<wf cmd="done" pos="VB" lemma="teach" wnsn="1" lexsn="2:32:00::">teach</wf>
<wf cmd="ignore" pos="PRP">me</wf>
<wf cmd="ignore" pos="TO">to</wf>
<wf cmd="done" pos="VB" lemma="cook" wnsn="1" lexsn="2:36:01::">cook</wf>
<punc>''</punc>
<punc>.</punc>
</s>
</p>
<p pnum="24">
<s snum="47">
<wf cmd="ignore" pos="PRP">He</wf>
<wf cmd="done" pos="VB" lemma="be" wnsn="1" lexsn="2:42:03::">was</wf>
<wf cmd="ignore" pos="IN">in</wf>
<wf cmd="tag" pos="NN">charge</wf>
<wf cmd="ignore" pos="IN">of</wf>
<wf cmd="ignore" pos="DT">the</wf>
<wf cmd="tag" pos="NNP">Hockaday_School</wf>
<wf cmd="tag" pos="NNS">meals</wf>
<wf cmd="ignore" pos="IN">from</wf>
<wf cmd="tag" pos="CD">1946</wf>
<wf cmd="ignore" pos="TO">to</wf>
<wf cmd="tag" pos="CD">1950</wf>
<punc>,</punc>
<wf cmd="ignore" pos="IN">before</wf>
<wf cmd="ignore" pos="PRP">he</wf>
<wf cmd="done" pos="VB" lemma="move" wnsn="4" lexsn="2:38:02::">moved</wf>
<wf cmd="ignore" pos="TO">to</wf>
<wf cmd="tag" pos="NNP">SMU</wf>
<punc>.</punc>
</s>
<s snum="48">
<wf cmd="ignore" pos="CC">And</wf>
<wf cmd="ignore" pos="PRP">you</wf>
<wf cmd="ignore" pos="MD">'ll</wf>
<wf cmd="done" pos="VB" lemma="notice" wnsn="2" lexsn="2:39:00::">notice</wf>
<wf cmd="ignore" pos="IN">that</wf>
<wf cmd="ignore" pos="IN">in</wf>
<wf cmd="ignore" pos="DT">both</wf>
<wf cmd="tag" pos="NNS">places</wf>
<punc>,</punc>
<wf cmd="ignore" pos="EX">there</wf>
<wf cmd="done" pos="VB" lemma="be" wnsn="4" lexsn="2:42:00::">are</wf>
<wf cmd="tag" pos="NNS">acres</wf>
<wf cmd="ignore" pos="IN">of</wf>
<wf cmd="tag" pos="JJ">charming</wf>
<wf cmd="tag" pos="NN">young_ladies</wf>
<wf cmd="ignore" pos="WP">who</wf>
<wf cmd="ignore" pos="IN">with</wf>
<wf cmd="tag" pos="JJ">little</wf>
<wf cmd="tag" pos="NN">effort</wf>
<wf cmd="done" pos="VB" lemma="spice_up" wnsn="1" lexsn="2:39:00::">spice_up</wf>
<wf cmd="ignore" pos="DT">any</wf>
<wf cmd="tag" pos="NN">chow_line</wf>
<punc>.</punc>
</s>
</p>
<p pnum="25">
<s snum="49">
<wf cmd="ignore" pos="WP">What</wf>
<wf cmd="done" pos="VBZ" ot="notag">does</wf>
<wf cmd="ignore" pos="PRP">he</wf>
<wf cmd="done" pos="VB" lemma="feed" wnsn="2" lexsn="2:34:01::">feed</wf>
<wf cmd="ignore" pos="PRP$">his</wf>
<wf cmd="tag" pos="NNP">SMU</wf>
<wf cmd="tag" pos="NN">football</wf>
<wf cmd="tag" pos="NNS">mastodons</wf>
<wf cmd="ignore" pos="IN">at</wf>
<wf cmd="ignore" pos="DT">the</wf>
<wf cmd="tag" pos="NN">training</wf>
<wf cmd="tag" pos="NN">table</wf>
<punc>?</punc>
</s>
</p>
<p pnum="26">
<s snum="50">
<punc>``</punc>
<wf cmd="tag" pos="RB">Mostly</wf>
<wf cmd="tag" pos="NN">meat</wf>
<wf cmd="ignore" pos="CC">and</wf>
<wf cmd="tag" pos="NNS">potatoes</wf>
<punc>-</punc>
<wf cmd="ignore" pos="PRP">they</wf>
<wf cmd="done" pos="VB" ot="notag">have</wf>
<wf cmd="done" pos="VB" ot="notag">to</wf>
<wf cmd="done" pos="VB" lemma="have" wnsn="6" lexsn="2:34:00::">have</wf>
<wf cmd="ignore" pos="IN">that</wf>
<wf cmd="tag" pos="NN">go-go-go</wf>
<wf cmd="ignore" pos="IN">without</wf>
<wf cmd="done" pos="VB" lemma="get" wnsn="2" lexsn="2:30:00::">getting</wf>
<wf cmd="tag" pos="RB">too</wf>
<wf cmd="tag" pos="JJ">fat</wf>
<punc>''</punc>
<punc>,</punc>
<wf cmd="done" pos="VB" lemma="say" wnsn="1" lexsn="2:32:00::">says</wf>
<wf cmd="tag" pos="NNP">Ramsey</wf>
<punc>.</punc>
</s>
<s snum="51">
<wf cmd="tag" pos="RB">So</wf>
<wf cmd="ignore" pos="PRP">he</wf>
<wf cmd="done" pos="VB" lemma="hide" wnsn="1" lexsn="2:39:00::">hides</wf>
<wf cmd="ignore" pos="DT">the</wf>
<wf cmd="tag" pos="NN">mayonnaise</wf>
<punc>.</punc>
</s>
<s snum="52">
<wf cmd="ignore" pos="CC">And</wf>
<wf cmd="ignore" pos="TO">to</wf>
<wf cmd="done" pos="VB" lemma="keep" wnsn="4" lexsn="2:41:01::">keep</wf>
<wf cmd="tag" pos="NNS">athletes</wf>
<punc>'</punc>
<wf cmd="tag" pos="NNS">stomachs</wf>
<wf cmd="ignore" pos="IN">from</wf>
<wf cmd="done" pos="VB" lemma="get" wnsn="2" lexsn="2:30:00::">getting</wf>
<wf cmd="tag" pos="JJ">jumpy</wf>
<wf cmd="ignore" pos="IN">under</wf>
<wf cmd="tag" pos="JJ">physical</wf>
<wf cmd="tag" pos="NN">duress</wf>
<punc>,</punc>
<wf cmd="ignore" pos="PRP">he</wf>
<wf cmd="done" pos="VB" lemma="ban" wnsn="1" lexsn="2:41:00::">bans</wf>
<wf cmd="ignore" pos="DT">all</wf>
<wf cmd="tag" pos="RB">highly</wf>
<wf cmd="tag" pos="JJ">flavored</wf>
<wf cmd="tag" pos="NNS">condiments</wf>
<punc>.</punc>
</s>
</p>
<p pnum="27">
<s snum="53">
<wf cmd="ignore" pos="WP">WHAT</wf>
<wf cmd="done" pos="VB" ot="notag">DO</wf>
<wf cmd="ignore" pos="DT">the</wf>
<wf cmd="tag" pos="RB">pretty</wf>
<wf cmd="tag" pos="NNP">SMU</wf>
<wf cmd="tag" pos="NNS">girls</wf>
<wf cmd="done" pos="VB" lemma="like" wnsn="1" lexsn="2:37:01::">like</wf>
<wf cmd="ignore" pos="IN">on</wf>
<wf cmd="ignore" pos="PRP$">their</wf>
<wf cmd="tag" pos="NNS">plates</wf>
<punc>?</punc>
</s>
</p>
<p pnum="28">
<s snum="54">
<punc>``</punc>
<wf cmd="tag" pos="RB">Pretty_much</wf>
<wf cmd="tag" pos="NN">hamburger</wf>
<punc>,</punc>
<wf cmd="tag" pos="NNS">hotdogs</wf>
<punc>,</punc>
<wf cmd="tag" pos="NN">steak</wf>
<wf cmd="ignore" pos="CC">and</wf>
<punc>,</punc>
<wf cmd="ignore" pos="IN">at</wf>
<wf cmd="tag" pos="NN">night</wf>
<punc>,</punc>
<wf cmd="tag" pos="RB">maybe</wf>
<wf cmd="tag" pos="NN">pizza</wf>
<punc>''</punc>
<punc>,</punc>
<wf cmd="done" pos="VB" lemma="say" wnsn="1" lexsn="2:32:00::">says</wf>
<wf cmd="ignore" pos="DT">the</wf>
<wf cmd="tag" pos="JJ">handsome</wf>
<wf cmd="tag" pos="NN">food</wf>
<wf cmd="tag" pos="NN">expert</wf>
<punc>.</punc>
</s>
<s snum="55">
<punc>``</punc>
<wf cmd="tag" pos="RB">Unfortunately</wf>
<punc>,</punc>
<wf cmd="ignore" pos="EX">there</wf>
<wf cmd="done" pos="VB" lemma="be" wnsn="4" lexsn="2:42:00::">is</wf>
<wf cmd="tag" pos="RB">still</wf>
<wf cmd="tag" pos="JJ">little</wf>
<wf cmd="tag" pos="NN">demand</wf>
<wf cmd="ignore" pos="IN">for</wf>
<wf cmd="tag" pos="NNS">broccoli</wf>
<wf cmd="ignore" pos="CC">and</wf>
<wf cmd="tag" pos="NN">cauliflower</wf>
<punc>''</punc>
<punc>.</punc>
</s>
</p>
<p pnum="29">
<s snum="56">
<wf cmd="tag" pos="NNP">Ramsey</wf>
<wf cmd="done" pos="VBZ" ot="notag">has</wf>
<wf cmd="done" pos="VB" lemma="stoke" wnsn="1" lexsn="2:41:00::">stoked</wf>
<wf cmd="tag" pos="IN">up</wf>
<wf cmd="tag" pos="NNP">Harry_Truman</wf>
<punc>,</punc>
<wf cmd="tag" pos="NNP">Henry_Cabot_Lodge</wf>
<punc>,</punc>
<wf cmd="ignore" pos="DT">the</wf>
<wf cmd="tag" pos="NNP">King</wf>
<wf cmd="ignore" pos="IN">of</wf>
<wf cmd="tag" pos="NNP">Morocco</wf>
<punc>,</punc>
<wf cmd="tag" pos="NNP">Clement_Atlee</wf>
<wf cmd="ignore" pos="CC">and</wf>
<wf cmd="tag" pos="JJ">other</wf>
<wf cmd="tag" pos="JJ">shiny</wf>
<wf cmd="tag" pos="NNS">characters</wf>
<punc>.</punc>
</s>
<s snum="57">
<wf cmd="tag" pos="RB">Once</wf>
<wf cmd="tag" pos="CD">four</wf>
<wf cmd="tag" pos="JJ">Tibetan</wf>
<wf cmd="tag" pos="NNS">monks</wf>
<punc>,</punc>
<wf cmd="ignore" pos="IN">in</wf>
<wf cmd="ignore" pos="PRP$">their</wf>
<wf cmd="tag" pos="NN">saffron</wf>
<wf cmd="tag" pos="NNS">robes</wf>
<punc>,</punc>
<wf cmd="done" pos="VB" lemma="file" wnsn="3" lexsn="2:38:00::">filed</wf>
<wf cmd="ignore" pos="IN">through</wf>
<wf cmd="ignore" pos="DT">the</wf>
<wf cmd="tag" pos="NN">cafeteria</wf>
<wf cmd="tag" pos="NN">line</wf>
<punc>.</punc>
</s>
</p>
<p pnum="30">
<s snum="58">
<punc>``</punc>
<wf cmd="ignore" pos="PRP">They</wf>
<wf cmd="done" pos="VBP" ot="notag">are</wf>
<wf cmd="tag" pos="RB">n't</wf>
<wf cmd="tag" pos="JJ">supposed</wf>
<wf cmd="ignore" pos="TO">to</wf>
<wf cmd="done" pos="VB" lemma="look" wnsn="1" lexsn="2:39:00::">look</wf>
<wf cmd="done" pos="VB" ot="notag">at</wf>
<wf cmd="tag" pos="NNS">women</wf>
<punc>,</punc>
<wf cmd="ignore" pos="PRP">you</wf>
<wf cmd="done" pos="VB" lemma="know" wnsn="1" lexsn="2:31:01::">know</wf>
<punc>''</punc>
<punc>,</punc>
<wf cmd="tag" pos="NNP">Ramsey</wf>
<wf cmd="done" pos="VB" lemma="recall" wnsn="1" lexsn="2:31:00::">recalled</wf>
<punc>.</punc>
</s>
<s snum="59">
<punc>``</punc>
<wf cmd="ignore" pos="WP">What</wf>
<wf cmd="ignore" pos="IN">with</wf>
<wf cmd="ignore" pos="DT">all</wf>
<wf cmd="ignore" pos="DT">those</wf>
<wf cmd="tag" pos="JJ">pretty</wf>
<wf cmd="tag" pos="NNS">girls</wf>
<wf cmd="tag" pos="RB">around</wf>
<punc>,</punc>
<wf cmd="ignore" pos="PRP">they</wf>
<wf cmd="done" pos="VB" lemma="have" wnsn="3" lexsn="2:39:06::">had</wf>
<wf cmd="ignore" pos="DT">a</wf>
<wf cmd="tag" pos="NN">hard_time</wf>
<punc>''</punc>
<punc>.</punc>
</s>
</p>
<p pnum="31">
<s snum="60">
<wf cmd="done" pos="VB" lemma="use" wnsn="1" lexsn="2:34:01::">Use</wf>
<wf cmd="tag" pos="CD">one</wf>
<wf cmd="tag" pos="CD">6</wf>
<punc>-</punc>
<wf cmd="tag" pos="NN">ounce</wf>
<wf cmd="tag" pos="NN">chicken_breast</wf>
<wf cmd="ignore" pos="IN">for</wf>
<wf cmd="ignore" pos="DT">each</wf>
<wf cmd="tag" pos="NN">guest</wf>
<punc>.</punc>
</s>
<s snum="61">
<wf cmd="done" pos="VB" lemma="salt" wnsn="1" lexsn="2:39:00::">Salt</wf>
<wf cmd="ignore" pos="CC">and</wf>
<wf cmd="done" pos="VB" lemma="pepper" wnsn="1" lexsn="2:39:00::">pepper</wf>
<wf cmd="ignore" pos="DT">each</wf>
<wf cmd="tag" pos="NN">breast</wf>
<punc>.</punc>
</s>
<s snum="62">
<wf cmd="done" pos="VB" lemma="dip" wnsn="2" lexsn="2:34:00::">Dip</wf>
<wf cmd="ignore" pos="IN">in</wf>
<wf cmd="tag" pos="JJ">melted</wf>
<wf cmd="tag" pos="NN">butter</wf>
<wf cmd="ignore" pos="CC">and</wf>
<wf cmd="done" pos="VB" lemma="roll" wnsn="1" lexsn="2:38:00::">roll</wf>
<wf cmd="ignore" pos="IN">in</wf>
<wf cmd="tag" pos="NN">flour</wf>
<punc>.</punc>
</s>
<s snum="63">
<wf cmd="done" pos="VB" lemma="place" wnsn="1" lexsn="2:35:00::">Place</wf>
<wf cmd="tag" pos="JJ">side_by_side</wf>
<wf cmd="ignore" pos="IN">in</wf>
<wf cmd="ignore" pos="DT">a</wf>
<wf cmd="tag" pos="CD">2</wf>
<punc>-</punc>
<wf cmd="tag" pos="NN">inch</wf>
<wf cmd="tag" pos="JJ">deep</wf>
<wf cmd="tag" pos="NN">baking</wf>
<wf cmd="tag" pos="NN">pan</wf>
<punc>.</punc>
</s>
<s snum="64">
<wf cmd="done" pos="VB" lemma="bake" wnsn="1" lexsn="2:30:00::">Bake</wf>
<wf cmd="tag" pos="RB">slowly</wf>
<wf cmd="ignore" pos="IN">about</wf>
<wf cmd="tag" pos="CD">one</wf>
<wf cmd="tag" pos="NN">hour</wf>
<wf cmd="ignore" pos="IN">at</wf>
<wf cmd="tag" pos="CD">250</wf>
<punc>-</punc>
<wf cmd="tag" pos="CD">275</wf>
<wf cmd="tag" pos="NNP">F.</wf>
<wf cmd="ignore" pos="IN">until</wf>
<wf cmd="tag" pos="RB">lightly</wf>
<wf cmd="tag" pos="JJ">brown</wf>
<punc>.</punc>
</s>
</p>
<p pnum="32">
<s snum="65">
<wf cmd="done" pos="VB" lemma="add" wnsn="1" lexsn="2:30:00::">Add</wf>
<wf cmd="tag" pos="RB">enough</wf>
<wf cmd="tag" pos="JJ">warmed</wf>
<wf cmd="tag" pos="NN">cream</wf>
<punc>,</punc>
<wf cmd="tag" pos="JJ">seasoned</wf>
<wf cmd="ignore" pos="TO">to</wf>
<wf cmd="tag" pos="NN">taste</wf>
<wf cmd="ignore" pos="IN">with</wf>
<wf cmd="tag" pos="NN">onion</wf>
<wf cmd="tag" pos="NN">juice</wf>
<punc>,</punc>
<wf cmd="ignore" pos="TO">to</wf>
<wf cmd="ignore" pos="IN">about</wf>
<wf cmd="tag" pos="NN">half</wf>
<wf cmd="done" pos="VB" lemma="cover" wnsn="2" lexsn="2:35:01::">cover</wf>
<wf cmd="ignore" pos="DT">the</wf>
<wf cmd="tag" pos="NN">chicken_breasts</wf>
<punc>.</punc>
</s>
<s snum="66">
<wf cmd="done" pos="VB" lemma="bake" wnsn="1" lexsn="2:30:00::">Bake</wf>
<wf cmd="tag" pos="RB">slowly</wf>
<wf cmd="tag" pos="RB">at_least</wf>
<wf cmd="tag" pos="NN">one-half</wf>
<wf cmd="tag" pos="NN">hour</wf>
<wf cmd="tag" pos="RB">longer</wf>
<punc>.</punc>
</s>
</p>
<p pnum="33">
<s snum="67">
<wf cmd="ignore" pos="IN">While</wf>
<wf cmd="ignore" pos="DT">this</wf>
<wf cmd="done" pos="VBZ" ot="notag">is</wf>
<wf cmd="done" pos="VB" lemma="bake" wnsn="1" lexsn="2:30:00::">baking</wf>
<punc>,</punc>
<wf cmd="done" pos="VB" lemma="saute" wnsn="1" lexsn="2:30:00::">saute</wf>
<wf cmd="tag" pos="NNS">mushrooms</wf>
<punc>,</punc>
<wf cmd="tag" pos="JJ">fresh</wf>
<wf cmd="ignore" pos="CC">or</wf>
<wf cmd="tag" pos="JJ">canned</wf>
<punc>,</punc>
<wf cmd="ignore" pos="IN">in</wf>
<wf cmd="tag" pos="NN">butter</wf>
<punc>.</punc>
</s>
<s snum="68">
<wf cmd="done" pos="VB" lemma="sprinkle" wnsn="1" lexsn="2:35:01::">Sprinkle</wf>
<wf cmd="ignore" pos="IN">over</wf>
<wf cmd="tag" pos="JJ">top</wf>
<wf cmd="ignore" pos="IN">of</wf>
<wf cmd="tag" pos="NN">chicken_breasts</wf>
<punc>.</punc>
</s>
<s snum="69">
<wf cmd="done" pos="VB" lemma="serve" wnsn="5" lexsn="2:34:01::">Serve</wf>
<wf cmd="ignore" pos="DT">each</wf>
<wf cmd="tag" pos="NN">breast</wf>
<wf cmd="ignore" pos="IN">on</wf>
<wf cmd="ignore" pos="DT">a</wf>
<wf cmd="tag" pos="JJ">thin</wf>
<wf cmd="tag" pos="NN">slice</wf>
<wf cmd="ignore" pos="IN">of</wf>
<wf cmd="tag" pos="JJ">slow-baked</wf>
<wf cmd="tag" pos="NN">ham</wf>
<wf cmd="ignore" pos="CC">and</wf>
<wf cmd="done" pos="VB" lemma="sprinkle" wnsn="1" lexsn="2:35:01::">sprinkle</wf>
<wf cmd="ignore" pos="IN">with</wf>
<wf cmd="tag" pos="NNP">Thompson</wf>
<wf cmd="tag" pos="JJ">seedless</wf>
<wf cmd="tag" pos="NNS">grapes</wf>
<punc>.</punc>
</s>
</p>
<p pnum="34">
<s snum="70">
<punc>(</punc>
<wf cmd="done" pos="VB" lemma="leave_off" wnsn="2" lexsn="2:31:00::">Leave_off</wf>
<wf cmd="ignore" pos="DT">the</wf>
<wf cmd="tag" pos="NN">ham</wf>
<wf cmd="ignore" pos="CC">and</wf>
<wf cmd="ignore" pos="PRP">you</wf>
<wf cmd="done" pos="VB" lemma="call" wnsn="1" lexsn="2:32:02::">call</wf>
<wf cmd="ignore" pos="PRP">it</wf>
<wf cmd="tag" pos="NNP">Chicken_Pontiac</wf>
<punc>,</punc>
<wf cmd="done" pos="VB" lemma="say" wnsn="1" lexsn="2:32:00::">says</wf>
<wf cmd="tag" pos="NNP">Ramsey</wf>
<punc>.</punc>
<punc>)</punc>
</s>
</p>
<p pnum="35">
<s snum="71">
<wf cmd="tag" pos="NNP">Contemporary</wf>
<wf cmd="tag" pos="NN">furniture</wf>
<wf cmd="tag" pos="RB">that_is</wf>
<wf cmd="ignore" pos="DT">neither</wf>
<wf cmd="tag" pos="JJ">Danish</wf>
<wf cmd="ignore" pos="CC">nor</wf>
<wf cmd="tag" pos="JJ">straight-line</wf>
<wf cmd="tag" pos="JJ">modern</wf>
<wf cmd="ignore" pos="CC">but</wf>
<wf cmd="done" pos="VB" lemma="have" wnsn="2" lexsn="2:42:00::">has</wf>
<wf cmd="tag" pos="JJ">sculptured</wf>
<wf cmd="tag" pos="NN">pattern</wf>
<punc>,</punc>
<wf cmd="tag" pos="JJ">many</wf>
<wf cmd="tag" pos="NN">design</wf>
<wf cmd="tag" pos="NNS">facets</wf>
<punc>,</punc>
<wf cmd="tag" pos="NN">warmth</wf>
<punc>,</punc>
<wf cmd="tag" pos="NN">dignity</wf>
<wf cmd="ignore" pos="CC">and</wf>
<wf cmd="ignore" pos="DT">an</wf>
<wf cmd="tag" pos="NN">effect</wf>
<wf cmd="ignore" pos="IN">of</wf>
<wf cmd="tag" pos="JJ">utter</wf>
<wf cmd="tag" pos="NN">comfort</wf>
<wf cmd="ignore" pos="CC">and</wf>
<wf cmd="tag" pos="NN">livability</wf>
<punc>.</punc>
</s>
</p>
<p pnum="36">
<s snum="72">
<wf cmd="tag" pos="RB">That_is</wf>
<wf cmd="ignore" pos="DT">the</wf>
<wf cmd="tag" pos="NN">goal</wf>
<wf cmd="ignore" pos="IN">of</wf>
<wf cmd="tag" pos="CD">two</wf>
<wf cmd="tag" pos="JJ">new</wf>
<wf cmd="tag" pos="NNS">collections</wf>
<wf cmd="done" pos="VBG" ot="notag">being</wf>
<wf cmd="done" pos="VB" lemma="introduce" wnsn="2" lexsn="2:36:00::">introduced</wf>
<wf cmd="ignore" pos="IN">in</wf>
<wf cmd="tag" pos="NNP">Dallas</wf>
<wf cmd="ignore" pos="DT">this</wf>
<wf cmd="tag" pos="NN">month</wf>
<punc>.</punc>
</s>
</p>
<p pnum="37">
<s snum="73">
<wf cmd="ignore" pos="IN">Though</wf>
<wf cmd="ignore" pos="EX">there</wf>
<wf cmd="done" pos="VBZ" ot="notag">has</wf>
<wf cmd="done" pos="VB" lemma="be" wnsn="4" lexsn="2:42:00::">been</wf>
<wf cmd="ignore" pos="DT">some</wf>
<wf cmd="tag" pos="NN">avant_garde</wf>
<wf cmd="tag" pos="NN">indication</wf>
<wf cmd="ignore" pos="IN">that</wf>
<wf cmd="tag" pos="JJ">contemporary</wf>
<wf cmd="tag" pos="NN">furniture</wf>
<wf cmd="ignore" pos="MD">might</wf>
<wf cmd="done" pos="VB" lemma="go_back" wnsn="0" lexsn="2:38:00::">go_back</wf>
<wf cmd="done" pos="VB" ot="notag">to</wf>
<wf cmd="ignore" pos="DT">the</wf>
<wf cmd="tag" pos="JJ">boxy</wf>
<wf cmd="tag" pos="NN">look</wf>
<wf cmd="ignore" pos="IN">of</wf>
<wf cmd="ignore" pos="DT">the</wf>
<punc>'</punc>
<wf cmd="tag" pos="CD">20</wf>
<wf cmd="ignore" pos="POS">'s</wf>
<wf cmd="ignore" pos="CC">and</wf>
<punc>'</punc>
<wf cmd="tag" pos="CD">40</wf>
<wf cmd="ignore" pos="POS">'s</wf>
<punc>,</punc>
<wf cmd="tag" pos="CD">two</wf>
<wf cmd="tag" pos="NNS">manufacturers</wf>
<wf cmd="done" pos="VB" lemma="choose" wnsn="2" lexsn="2:31:02::">chose</wf>
<wf cmd="ignore" pos="TO">to</wf>
<wf cmd="done" pos="VB" lemma="take" wnsn="10" lexsn="2:31:01::">take</wf>
<wf cmd="ignore" pos="DT">the</wf>
<wf cmd="tag" pos="NN">approach</wf>
<wf cmd="ignore" pos="IN">of</wf>
<wf cmd="ignore" pos="DT">the</wf>
<wf cmd="tag" pos="JJ">sophisticated</wf>
<punc>,</punc>
<wf cmd="ignore" pos="CC">but</wf>
<wf cmd="tag" pos="JJ">warm</wf>
<wf cmd="tag" pos="NN">look</wf>
<wf cmd="ignore" pos="IN">in</wf>
<wf cmd="tag" pos="JJ">contemporary</wf>
<punc>.</punc>
</s>
<s snum="74">
<wf cmd="ignore" pos="DT">These</wf>
<wf cmd="tag" pos="CD">two</wf>
<punc>,</punc>
<wf cmd="tag" pos="NNP">Heritage</wf>
<wf cmd="ignore" pos="CC">and</wf>
<wf cmd="tag" pos="NNP">Drexel</wf>
<punc>,</punc>
<wf cmd="done" pos="VB" lemma="choose" wnsn="2" lexsn="2:31:02::">chose</wf>
<wf cmd="tag" pos="RB">too</wf>
<wf cmd="tag" pos="RB">not</wf>
<wf cmd="ignore" pos="TO">to</wf>
<wf cmd="done" pos="VB" lemma="produce" wnsn="2" lexsn="2:36:00::">produce</wf>
<wf cmd="ignore" pos="DT">the</wf>
<wf cmd="tag" pos="RB">exactly</wf>
<wf cmd="tag" pos="JJ">matching</wf>
<wf cmd="tag" pos="NN">design</wf>
<wf cmd="ignore" pos="IN">for</wf>
<wf cmd="ignore" pos="DT">every</wf>
<wf cmd="tag" pos="NN">piece</wf>
<punc>,</punc>
<wf cmd="ignore" pos="CC">but</wf>
<wf cmd="ignore" pos="DT">a</wf>
<wf cmd="tag" pos="NN">collection</wf>
<wf cmd="ignore" pos="IN">of</wf>
<wf cmd="tag" pos="JJ">correlated</wf>
<wf cmd="tag" pos="NNS">designs</wf>
<punc>,</punc>
<wf cmd="ignore" pos="DT">each</wf>
<wf cmd="tag" pos="RB">of_which</wf>
<wf cmd="ignore" pos="MD">could</wf>
<wf cmd="done" pos="VB" lemma="stand" wnsn="2" lexsn="2:42:04::">stand</wf>
<wf cmd="tag" pos="RB">alone</wf>
<punc>.</punc>
</s>
</p>
<p pnum="38">
<s snum="75">
<wf cmd="ignore" pos="DT">The</wf>
<wf cmd="tag" pos="NNP">Heritage</wf>
<wf cmd="tag" pos="NN">collection</wf>
<punc>,</punc>
<wf cmd="ignore" pos="TO">to</wf>
<wf cmd="done" pos="VB" ot="notag">be</wf>
<wf cmd="done" pos="VB" lemma="show" wnsn="1" lexsn="2:39:02::">shown</wf>
<wf cmd="ignore" pos="IN">by</wf>
<wf cmd="tag" pos="NNP">Sanger-Harris</wf>
<wf cmd="ignore" pos="CC">and</wf>
<wf cmd="tag" pos="NNP">Anderson</wf>
<wf cmd="ignore" pos="POS">'s</wf>
<wf cmd="tag" pos="NNP">Studio</wf>
<punc>,</punc>
<wf cmd="done" pos="VB" lemma="have" wnsn="2" lexsn="2:42:00::">has</wf>
<wf cmd="tag" pos="RB">perhaps</wf>
<wf cmd="tag" pos="RBR">more</wf>
<wf cmd="tag" pos="JJ">different</wf>
<wf cmd="tag" pos="NNS">types</wf>
<wf cmd="ignore" pos="IN">of</wf>
<wf cmd="tag" pos="NNS">woods</wf>
<wf cmd="ignore" pos="CC">and</wf>
<wf cmd="tag" pos="NNS">decorations</wf>
<wf cmd="ignore" pos="IN">than</wf>
<wf cmd="ignore" pos="DT">any</wf>
<wf cmd="tag" pos="CD">one</wf>
<wf cmd="tag" pos="NN">manufacturer</wf>
<wf cmd="tag" pos="RB">ever</wf>
<wf cmd="done" pos="VB" lemma="assemble" wnsn="1" lexsn="2:36:00::">assembled</wf>
<wf cmd="tag" pos="RB">together</wf>
<wf cmd="tag" pos="RB">at_one_time</wf>
<punc>.</punc>
</s>
<s snum="76">
<wf cmd="done" pos="VB" lemma="call" wnsn="1" lexsn="2:32:02::">Called</wf>
<wf cmd="tag" pos="NNP">Perennian</wf>
<punc>,</punc>
<wf cmd="ignore" pos="TO">to</wf>
<wf cmd="done" pos="VB" lemma="indicate" wnsn="3" lexsn="2:32:00::">indicate</wf>
<wf cmd="ignore" pos="PRP$">its</wf>
<wf cmd="tag" pos="JJ">lasting</wf>
<punc>,</punc>
<wf cmd="tag" pos="JJ">good</wf>
<wf cmd="tag" pos="NN">today</wf>
<wf cmd="ignore" pos="CC">and</wf>
<wf cmd="tag" pos="NN">tomorrow</wf>
<wf cmd="tag" pos="NN">quality</wf>
<punc>,</punc>
<wf cmd="ignore" pos="DT">the</wf>
<wf cmd="tag" pos="NN">collection</wf>
<wf cmd="tag" pos="RB">truly</wf>
<wf cmd="done" pos="VB" lemma="avoid" wnsn="3" lexsn="2:41:03::">avoids</wf>
<wf cmd="ignore" pos="DT">the</wf>
<wf cmd="tag" pos="NN">monotony</wf>
<wf cmd="ignore" pos="IN">of</wf>
<wf cmd="tag" pos="JJ">identical</wf>
<wf cmd="tag" pos="NNS">pieces</wf>
<punc>.</punc>
</s>
</p>
<p pnum="39">
<s snum="77">
<wf cmd="tag" pos="NNP">Walnut</wf>
<punc>,</punc>
<wf cmd="tag" pos="JJ">wormy</wf>
<wf cmd="tag" pos="NN">chestnut</wf>
<punc>,</punc>
<wf cmd="tag" pos="NN">pecan</wf>
<punc>,</punc>
<wf cmd="tag" pos="CD">three</wf>
<wf cmd="tag" pos="NNS">varieties</wf>
<wf cmd="ignore" pos="IN">of</wf>
<wf cmd="tag" pos="NN">burl</wf>
<punc>,</punc>
<wf cmd="tag" pos="JJ">hand-woven</wf>
<wf cmd="tag" pos="JJ">Philippine</wf>
<wf cmd="tag" pos="NN">cane</wf>
<punc>,</punc>
<wf cmd="tag" pos="JJ">ceramic</wf>
<wf cmd="tag" pos="NNS">tiles</wf>
<punc>,</punc>
<wf cmd="tag" pos="NN">marble</wf>
<wf cmd="done" pos="VBP" ot="notag">are</wf>
<wf cmd="done" pos="VB" lemma="use" wnsn="1" lexsn="2:34:01::">used</wf>
<wf cmd="ignore" pos="TO">to</wf>
<wf cmd="done" pos="VB" lemma="emphasize" wnsn="0" lexsn="2:30:00::">emphasize</wf>
<wf cmd="ignore" pos="DT">the</wf>
<wf cmd="tag" pos="NN">feeling</wf>
<wf cmd="ignore" pos="IN">of</wf>
<wf cmd="tag" pos="NN">texture</wf>
<wf cmd="ignore" pos="CC">and</wf>
<wf cmd="ignore" pos="IN">of</wf>
<wf cmd="tag" pos="NN">permanence</wf>
<punc>,</punc>
<wf cmd="ignore" pos="DT">the</wf>
<wf cmd="tag" pos="NN">furniture</wf>
<wf cmd="ignore" pos="TO">to</wf>
<wf cmd="done" pos="VB" lemma="fit" wnsn="1" lexsn="2:42:05::">fit</wf>
<wf cmd="ignore" pos="IN">into</wf>
<wf cmd="tag" pos="NNS">rooms</wf>
<wf cmd="ignore" pos="IN">with</wf>
<wf cmd="tag" pos="JJ">tiled</wf>
<wf cmd="tag" pos="NNS">floors</wf>
<punc>,</punc>
<wf cmd="tag" pos="NN">brick</wf>
<wf cmd="ignore" pos="CC">or</wf>
<wf cmd="tag" pos="JJ">paneled</wf>
<wf cmd="tag" pos="NNS">walls</wf>
<punc>,</punc>
<wf cmd="tag" pos="NNS">windows</wf>
<wf cmd="ignore" pos="IN">that</wf>
<wf cmd="done" pos="VB" lemma="bring_in" wnsn="1" lexsn="2:38:00::">bring_in</wf>
<wf cmd="ignore" pos="DT">the</wf>
<wf cmd="tag" pos="RB">outdoors</wf>
<punc>.</punc>
</s>
<s snum="78">
<wf cmd="ignore" pos="PRP">It</wf>
<wf cmd="done" pos="VB" lemma="be" wnsn="1" lexsn="2:42:03::">is</wf>
<wf cmd="ignore" pos="DT">a</wf>
<wf cmd="tag" pos="NN">collection</wf>
<wf cmd="ignore" pos="IN">with</wf>
<wf cmd="ignore" pos="DT">a</wf>
<wf cmd="tag" pos="JJ">custom-design</wf>
<wf cmd="tag" pos="NN">look</wf>
<punc>,</punc>
<wf cmd="done" pos="VB" lemma="offer" wnsn="1" lexsn="2:40:02::">offering</wf>
<wf cmd="tag" pos="NN">simplicity</wf>
<wf cmd="ignore" pos="IN">with</wf>
<wf cmd="tag" pos="NN">warmth</wf>
<punc>,</punc>
<wf cmd="tag" pos="NN">variety</wf>
<wf cmd="ignore" pos="CC">and</wf>
<wf cmd="tag" pos="NN">vitality</wf>
<punc>.</punc>
</s>
</p>
<p pnum="40">
<s snum="79">
<wf cmd="ignore" pos="DT">The</wf>
<wf cmd="tag" pos="NNP">Drexel</wf>
<wf cmd="tag" pos="NN">collection</wf>
<punc>,</punc>
<wf cmd="tag" pos="JJ">called</wf>
<wf cmd="tag" pos="NNP">Composite</wf>
<punc>,</punc>
<wf cmd="ignore" pos="TO">to</wf>
<wf cmd="done" pos="VB" ot="notag">be_shown</wf>
<wf cmd="ignore" pos="IN">by</wf>
<wf cmd="tag" pos="NNP">Titche</wf>
<wf cmd="ignore" pos="POS">'s</wf>
<wf cmd="done" pos="VB" lemma="offer" wnsn="1" lexsn="2:40:02::">offers</wf>
<wf cmd="ignore" pos="DT">a</wf>
<wf cmd="tag" pos="JJ">realistic</wf>
<wf cmd="tag" pos="NN">approach</wf>
<wf cmd="ignore" pos="TO">to</wf>
<wf cmd="tag" pos="NN">decorating</wf>
<punc>,</punc>
<wf cmd="ignore" pos="DT">a</wf>
<wf cmd="tag" pos="JJ">mature</wf>
<wf cmd="tag" pos="JJ">modern</wf>
<wf cmd="tag" pos="RB">that</wf>
<wf cmd="done" pos="VB" lemma="be" wnsn="1" lexsn="2:42:03::">is</wf>
<wf cmd="ignore" pos="DT">a</wf>
<wf cmd="tag" pos="NN">variation</wf>
<wf cmd="ignore" pos="IN">of</wf>
<wf cmd="tag" pos="JJ">many</wf>
<wf cmd="tag" pos="NNS">designs</wf>
<punc>.</punc>
</s>
</p>
<p pnum="41">
<s snum="80">
<wf cmd="tag" pos="JJ">Rounded</wf>
<wf cmd="tag" pos="NNS">posts</wf>
<wf cmd="done" pos="VB" lemma="give" wnsn="1" lexsn="2:40:03::">give</wf>
<wf cmd="ignore" pos="DT">a</wf>
<wf cmd="tag" pos="JJ">soft</wf>
<punc>,</punc>
<wf cmd="tag" pos="JJ">sculptured</wf>
<wf cmd="tag" pos="NN">look</wf>
<punc>,</punc>
<wf cmd="tag" pos="JJ">paneled</wf>
<wf cmd="tag" pos="NNS">doors</wf>
<wf cmd="done" pos="VB" lemma="have" wnsn="6" lexsn="2:34:00::">have</wf>
<wf cmd="tag" pos="JJ">decorative</wf>
<wf cmd="tag" pos="NN">burl</wf>
<wf cmd="tag" pos="NNS">panels</wf>
<wf cmd="ignore" pos="CC">or</wf>
<wf cmd="tag" pos="NN">cane</wf>
<wf cmd="tag" pos="NNS">insets</wf>
<wf cmd="ignore" pos="CC">plus</wf>
<wf cmd="tag" pos="JJ">softening</wf>
<wf cmd="tag" pos="NNS">arches</wf>
<punc>,</punc>
<wf cmd="tag" pos="NN">table</wf>
<wf cmd="tag" pos="NNS">tops</wf>
<wf cmd="done" pos="VB" lemma="be" wnsn="1" lexsn="2:42:03::">are</wf>
<wf cmd="done" pos="VB" lemma="inlay" wnsn="1" lexsn="2:36:00::">inlaid</wf>
<wf cmd="ignore" pos="IN">in</wf>
<wf cmd="tag" pos="NNP">Macassar</wf>
<wf cmd="tag" pos="NN">ebony</wf>
<wf cmd="ignore" pos="CC">or</wf>
<wf cmd="tag" pos="NN">acacia</wf>
<punc>.</punc>
</s>
<s snum="81">
<wf cmd="ignore" pos="DT">A</wf>
<wf cmd="tag" pos="JJ">high-legged</wf>
<wf cmd="tag" pos="NN">buffet</wf>
<wf cmd="done" pos="VB" lemma="provide" wnsn="1" lexsn="2:40:00::">provides</wf>
<wf cmd="tag" pos="JJ">easy-to-reach</wf>
<wf cmd="tag" pos="NN">serving</wf>
<punc>,</punc>
<wf cmd="ignore" pos="DT">a</wf>
<wf cmd="tag" pos="NN">cocktail_table</wf>
<wf cmd="done" pos="VB" lemma="have" wnsn="2" lexsn="2:42:00::">has</wf>
<wf cmd="tag" pos="JJ">small</wf>
<wf cmd="tag" pos="NN">snack</wf>
<wf cmd="tag" pos="NNS">tables</wf>
<wf cmd="done" pos="VB" lemma="tuck" wnsn="1" lexsn="2:35:00::">tucked</wf>
<wf cmd="ignore" pos="IN">under</wf>
<wf cmd="ignore" pos="DT">each</wf>
<wf cmd="tag" pos="NN">end</wf>
<punc>,</punc>
<wf cmd="tag" pos="JJ">recessed</wf>
<wf cmd="tag" pos="JJ">arched</wf>
<wf cmd="tag" pos="NNS">panels</wf>
<wf cmd="done" pos="VB" lemma="decorate" wnsn="1" lexsn="2:36:00::">decorate</wf>
<wf cmd="ignore" pos="DT">a</wf>
<wf cmd="tag" pos="CD">60</wf>
<punc>-</punc>
<wf cmd="tag" pos="NN">inch</wf>
<wf cmd="tag" pos="JJ">long</wf>
<wf cmd="tag" pos="NN">chest</wf>
<punc>.</punc>
</s>
</p>
<p pnum="42">
<s snum="82">
<wf cmd="ignore" pos="DT">An</wf>
<wf cmd="tag" pos="JJ">interesting</wf>
<wf cmd="tag" pos="NN">approach</wf>
<wf cmd="ignore" pos="TO">to</wf>
<wf cmd="ignore" pos="DT">the</wf>
<wf cmd="tag" pos="NN">bedroom</wf>
<wf cmd="done" pos="VB" ot="notag">is_presented</wf>
<punc>,</punc>
<wf cmd="ignore" pos="IN">with</wf>
<wf cmd="ignore" pos="DT">a</wf>
<wf cmd="tag" pos="JJ">young</wf>
<punc>,</punc>
<wf cmd="tag" pos="JJ">basic</wf>
<punc>,</punc>
<wf cmd="tag" pos="JJ">functional</wf>
<wf cmd="tag" pos="NN">group</wf>
<wf cmd="ignore" pos="IN">of</wf>
<wf cmd="tag" pos="NNS">chests</wf>
<punc>,</punc>
<wf cmd="tag" pos="NNS">dressers</wf>
<wf cmd="ignore" pos="CC">and</wf>
<wf cmd="tag" pos="NN">corner</wf>
<wf cmd="tag" pos="NNS">units</wf>
<wf cmd="ignore" pos="CC">and</wf>
<wf cmd="ignore" pos="DT">a</wf>
<wf cmd="tag" pos="JJ">canted</wf>
<wf cmd="tag" pos="NN">headboard</wf>
<punc>.</punc>
</s>
<s snum="83">
<wf cmd="ignore" pos="DT">The</wf>
<wf cmd="tag" pos="JJ">other</wf>
<wf cmd="tag" pos="NN">bedroom</wf>
<wf cmd="done" pos="VB" lemma="have" wnsn="2" lexsn="2:42:00::">has</wf>
<wf cmd="tag" pos="JJR">heavier</wf>
<wf cmd="tag" pos="NN">styling</wf>
<punc>,</punc>
<wf cmd="tag" pos="NN">door</wf>
<wf cmd="done" pos="VB" lemma="front" wnsn="2" lexsn="2:33:00::">fronted</wf>
<wf cmd="tag" pos="NNS">dressers</wf>
<wf cmd="ignore" pos="IN">with</wf>
<wf cmd="tag" pos="NN">acacia</wf>
<wf cmd="tag" pos="NNS">panels</wf>
<punc>,</punc>
<wf cmd="ignore" pos="DT">a</wf>
<wf cmd="tag" pos="NN">poster</wf>
<wf cmd="tag" pos="NN">bed</wf>
<wf cmd="ignore" pos="CC">or</wf>
<wf cmd="ignore" pos="DT">a</wf>
<wf cmd="tag" pos="NN">bed</wf>
<wf cmd="ignore" pos="IN">with</wf>
<wf cmd="tag" pos="JJ">arched</wf>
<wf cmd="tag" pos="NN">acacia</wf>
<wf cmd="tag" pos="NNS">panels</wf>
<wf cmd="ignore" pos="CC">and</wf>
<wf cmd="tag" pos="JJ">matching</wf>
<wf cmd="tag" pos="NN">mirror</wf>
<punc>.</punc>
</s>
</p>
<p pnum="43">
<s snum="84">
<wf cmd="tag" pos="JJ">Colorful</wf>
<punc>,</punc>
<wf cmd="tag" pos="JJ">bright</wf>
<wf cmd="tag" pos="NNP">Eastman_Chromspun</wf>
<wf cmd="tag" pos="NNS">fabrics</wf>
<punc>,</punc>
<wf cmd="ignore" pos="IN">with</wf>
<wf cmd="ignore" pos="DT">the</wf>
<wf cmd="tag" pos="JJ">magenta</wf>
<punc>,</punc>
<wf cmd="tag" pos="JJ">pink</wf>
<wf cmd="ignore" pos="CC">and</wf>
<wf cmd="tag" pos="JJ">white</wf>
<wf cmd="tag" pos="NNS">tones</wf>
<wf cmd="done" pos="VB" lemma="predominate" wnsn="1" lexsn="2:42:00::">predominating</wf>
<wf cmd="tag" pos="RB">as_well</wf>
<wf cmd="ignore" pos="IN">as</wf>
<wf cmd="tag" pos="JJ">golden</wf>
<wf cmd="tag" pos="NNS">shades</wf>
<wf cmd="done" pos="VBP" ot="notag">are</wf>
<wf cmd="done" pos="VB" lemma="use" wnsn="1" lexsn="2:34:01::">used</wf>
<wf cmd="ignore" pos="IN">with</wf>
<wf cmd="tag" pos="NNP">Composite</wf>
<punc>.</punc>
</s>
<s snum="85">
<wf cmd="ignore" pos="DT">The</wf>
<wf cmd="tag" pos="NNS">fabrics</wf>
<wf cmd="done" pos="VB" lemma="have" wnsn="2" lexsn="2:42:00::">have</wf>
<wf cmd="tag" pos="NNP">Scotchgard</wf>
<wf cmd="tag" pos="NN">finish</wf>
<wf cmd="ignore" pos="TO">to</wf>
<wf cmd="done" pos="VB" lemma="resist" wnsn="1" lexsn="2:42:01::">resist</wf>
<wf cmd="tag" pos="NN">soil</wf>
<wf cmd="ignore" pos="CC">and</wf>
<wf cmd="tag" pos="NNS">wrinkles</wf>
<punc>.</punc>
</s>
</p>
<p pnum="44">
<s snum="86">
<wf cmd="tag" pos="NN">Design</wf>
<wf cmd="tag" pos="NNS">elements</wf>
<wf cmd="tag" pos="RB">closely</wf>
<wf cmd="done" pos="VB" lemma="root" wnsn="1" lexsn="2:30:00::">rooted</wf>
<wf cmd="ignore" pos="TO">to</wf>
<wf cmd="tag" pos="JJ">traditional</wf>
<wf cmd="tag" pos="NNS">forms</wf>
<wf cmd="ignore" pos="CC">but</wf>
<wf cmd="done" pos="VB" lemma="wear" wnsn="5" lexsn="2:29:02::">wearing</wf>
<wf cmd="ignore" pos="DT">a</wf>
<wf cmd="tag" pos="JJ">definite</wf>
<wf cmd="tag" pos="JJ">contemporary</wf>
<wf cmd="tag" pos="NN">label</wf>
<wf cmd="done" pos="VB" lemma="keynote" wnsn="1" lexsn="2:30:00::">keynote</wf>
<wf cmd="tag" pos="NNP">Drexel</wf>
<wf cmd="ignore" pos="POS">'s</wf>
<wf cmd="tag" pos="NN">fall</wf>
<wf cmd="tag" pos="CD">1961</wf>
<wf cmd="tag" pos="NN">group</wf>
<punc>,</punc>
<wf cmd="tag" pos="NNP">Composite</wf>
<punc>.</punc>
</s>
<s snum="87">
<wf cmd="ignore" pos="DT">The</wf>
<wf cmd="tag" pos="JJ">spider-leg</wf>
<wf cmd="tag" pos="NN">pedestal</wf>
<wf cmd="tag" pos="NN">table</wf>
<wf cmd="done" pos="VB" lemma="have" wnsn="2" lexsn="2:42:00::">has</wf>
<wf cmd="ignore" pos="DT">a</wf>
<wf cmd="tag" pos="NN">base</wf>
<wf cmd="done" pos="VB" lemma="finish" wnsn="4" lexsn="2:35:00::">finished</wf>
<wf cmd="ignore" pos="IN">in</wf>
<wf cmd="ignore" pos="DT">an</wf>
<wf cmd="tag" pos="NN">ebony</wf>
<punc>,</punc>
<wf cmd="ignore" pos="TO">to</wf>
<wf cmd="done" pos="VB" lemma="set_off" wnsn="5" lexsn="2:42:00::">set_off</wf>
<wf cmd="ignore" pos="DT">the</wf>
<wf cmd="tag" pos="JJ">lustrous</wf>
<wf cmd="tag" pos="NN">brown</wf>
<wf cmd="ignore" pos="IN">of</wf>
<wf cmd="ignore" pos="DT">the</wf>
<wf cmd="tag" pos="NN">walnut</wf>
<wf cmd="tag" pos="JJ">top</wf>
<punc>.</punc>
</s>
<s snum="88">
<wf cmd="tag" pos="JJ">See-through</wf>
<wf cmd="tag" pos="NN">design</wf>
<wf cmd="ignore" pos="IN">of</wf>
<wf cmd="ignore" pos="DT">the</wf>
<wf cmd="tag" pos="NNS">chairs</wf>
<wf cmd="done" pos="VB" lemma="combine" wnsn="1" lexsn="2:42:00::">combines</wf>
<wf cmd="ignore" pos="DT">both</wf>
<wf cmd="ignore" pos="DT">the</wf>
<wf cmd="tag" pos="JJ">nostalgic</wf>
<wf cmd="tag" pos="NN">ladder</wf>
<wf cmd="tag" pos="RB">back</wf>
<wf cmd="ignore" pos="CC">and</wf>
<wf cmd="ignore" pos="DT">an</wf>
<wf cmd="tag" pos="JJ">Oriental</wf>
<wf cmd="ignore" pos="FW">shoji</wf>
<wf cmd="tag" pos="NN">flavor</wf>
<punc>.</punc>
</s>
<s snum="89">
<wf cmd="ignore" pos="TO">To</wf>
<wf cmd="done" pos="VB" lemma="bring" wnsn="1" lexsn="2:38:00::">bring</wf>
<wf cmd="tag" pos="NN">warmth</wf>
<wf cmd="ignore" pos="TO">to</wf>
<wf cmd="ignore" pos="DT">the</wf>
<wf cmd="tag" pos="NN">dining_area</wf>
<punc>,</punc>
<wf cmd="tag" pos="JJ">golden</wf>
<wf cmd="tag" pos="JJ">orange</wf>
<wf cmd="tag" pos="NNS">tones</wf>
<wf cmd="done" pos="VBP" ot="notag">are</wf>
<wf cmd="done" pos="VB" lemma="use" wnsn="1" lexsn="2:34:01::">used</wf>
<wf cmd="ignore" pos="IN">in</wf>
<wf cmd="ignore" pos="DT">the</wf>
<wf cmd="tag" pos="NNS">fabrics</wf>
<punc>.</punc>
</s>
</p>
<p pnum="45">
<s snum="90">
<wf cmd="tag" pos="NNP">Dignity</wf>
<wf cmd="ignore" pos="CC">and</wf>
<wf cmd="tag" pos="NN">comfort</wf>
<punc>,</punc>
<wf cmd="ignore" pos="IN">in</wf>
<wf cmd="ignore" pos="DT">a</wf>
<wf cmd="tag" pos="JJ">contemporary</wf>
<wf cmd="tag" pos="NN">manner</wf>
<punc>,</punc>
<wf cmd="done" pos="VB" lemma="reflect" wnsn="1" lexsn="2:39:01::">reflecting</wf>
<wf cmd="ignore" pos="DT">the</wf>
<wf cmd="tag" pos="JJS">best</wf>
<wf cmd="tag" pos="NNS">aspects</wf>
<wf cmd="ignore" pos="IN">of</wf>
<wf cmd="tag" pos="NN">today</wf>
<wf cmd="ignore" pos="POS">'s</wf>
<wf cmd="tag" pos="NN">design</wf>
<punc>,</punc>
<wf cmd="ignore" pos="IN">with</wf>
<wf cmd="tag" pos="NN">substance</wf>
<wf cmd="ignore" pos="CC">and</wf>
<wf cmd="tag" pos="NN">maturity</wf>
<punc>,</punc>
<wf cmd="done" pos="VB" lemma="keynote" wnsn="1" lexsn="2:30:00::">keynote</wf>
<wf cmd="ignore" pos="DT">the</wf>
<wf cmd="tag" pos="NNP">Perennian</wf>
<wf cmd="tag" pos="NN">collection</wf>
<wf cmd="ignore" pos="IN">from</wf>
<wf cmd="tag" pos="NNP">Heritage</wf>
<punc>.</punc>
</s>
<s snum="91">
<wf cmd="tag" pos="NNP">Center</wf>
<wf cmd="tag" pos="NN">panel</wf>
<punc>,</punc>
<wf cmd="tag" pos="JJ">hand-screened</wf>
<wf cmd="tag" pos="NN">wood</wf>
<punc>,</punc>
<wf cmd="tag" pos="RB">actually</wf>
<wf cmd="done" pos="VB" lemma="be" wnsn="1" lexsn="2:42:03::">is</wf>
<wf cmd="ignore" pos="DT">a</wf>
<wf cmd="tag" pos="RB">back</wf>
<wf cmd="ignore" pos="IN">of</wf>
<wf cmd="tag" pos="CD">one</wf>
<wf cmd="ignore" pos="IN">of</wf>
<wf cmd="ignore" pos="DT">the</wf>
<wf cmd="tag" pos="JJ">tall</wf>
<wf cmd="tag" pos="NNS">bookcases</wf>
<punc>.</punc>
</s>
<s snum="92">
<wf cmd="tag" pos="JJ">Mellow</wf>
<wf cmd="tag" pos="JJ">bronzy-green-gold</wf>
<wf cmd="tag" pos="NNS">fabrics</wf>
<wf cmd="ignore" pos="CC">and</wf>
<wf cmd="ignore" pos="DT">the</wf>
<wf cmd="tag" pos="NN">gleam</wf>
<wf cmd="ignore" pos="IN">of</wf>
<wf cmd="tag" pos="NN">copper</wf>
<wf cmd="ignore" pos="CC">and</wf>
<wf cmd="tag" pos="JJ">hand-crafted</wf>
<wf cmd="tag" pos="JJ">ceramic</wf>
<wf cmd="tag" pos="NNS">accessories</wf>
<wf cmd="done" pos="VB" lemma="reiterate" wnsn="1" lexsn="2:32:00::">reiterate</wf>
<wf cmd="ignore" pos="DT">the</wf>
<wf cmd="tag" pos="NN">mood</wf>
<wf cmd="ignore" pos="IN">as</wf>
<wf cmd="done" pos="VBZ" ot="notag">does</wf>
<wf cmd="ignore" pos="DT">the</wf>
<wf cmd="tag" pos="NNP">Alexander_Smith</wf>
<wf cmd="tag" pos="NN">carpet</wf>
<wf cmd="tag" pos="RB">in_all</wf>
<wf cmd="tag" pos="NN">wool</wf>
<wf cmd="tag" pos="NN">loop</wf>
<wf cmd="tag" pos="NN">pile</wf>
<punc>.</punc>
</s>
</p>
<p pnum="46">
<s snum="93">
<wf cmd="ignore" pos="DT">The</wf>
<wf cmd="tag" pos="NNPS">Vagabonds</wf>
<wf cmd="done" pos="VB" lemma="be" wnsn="1" lexsn="2:42:03::">are</wf>
<punc>``</punc>
<wf cmd="tag" pos="NN">on_the_road</wf>
<punc>''</punc>
<wf cmd="tag" pos="RB">again</wf>
<punc>.</punc>
</s>
<s snum="94">
<wf cmd="tag" pos="NNS">Members</wf>
<wf cmd="done" pos="VB" lemma="be" wnsn="1" lexsn="2:42:03::">are</wf>
<wf cmd="done" pos="VB" ot="notag">on</wf>
<wf cmd="ignore" pos="PRP$">their</wf>
<wf cmd="tag" pos="NN">way</wf>
<wf cmd="ignore" pos="TO">to</wf>
<wf cmd="tag" pos="NNP">Saledo</wf>
<punc>,</punc>
<wf cmd="tag" pos="RB">not</wf>
<wf cmd="ignore" pos="IN">by</wf>
<wf cmd="tag" pos="NN">stage</wf>
<wf cmd="tag" pos="NN">coach</wf>
<punc>,</punc>
<wf cmd="ignore" pos="CC">but</wf>
<wf cmd="ignore" pos="IN">in</wf>
<wf cmd="tag" pos="JJ">air-conditioned</wf>
<wf cmd="tag" pos="NNS">cars</wf>
<punc>.</punc>
</s>
</p>
<p pnum="47">
<s snum="95">
<wf cmd="ignore" pos="DT">This</wf>
<wf cmd="tag" pos="JJ">coming</wf>
<wf cmd="tag" pos="NN">weekend</wf>
<wf cmd="ignore" pos="PRP">they</wf>
<wf cmd="done" pos="VBP" ot="notag">have</wf>
<wf cmd="done" pos="VB" lemma="reserve" wnsn="3" lexsn="2:32:00::">reserved</wf>
<wf cmd="ignore" pos="DT">the</wf>
<wf cmd="tag" pos="JJ">entire</wf>
<wf cmd="tag" pos="NNP">Stagecoach_Inn</wf>
<wf cmd="ignore" pos="CC">and</wf>
<wf cmd="tag" pos="JJ">adjoining</wf>
<wf cmd="tag" pos="NN">country_club</wf>
<punc>,</punc>
<wf cmd="tag" pos="NNP">Saledo</wf>
<punc>,</punc>
<wf cmd="ignore" pos="IN">for</wf>
<wf cmd="tag" pos="NNS">festivities</wf>
<punc>.</punc>
</s>
<s snum="96">
<wf cmd="tag" pos="NNS">Invitations</wf>
<wf cmd="done" pos="VBP" ot="notag">have</wf>
<wf cmd="done" pos="VBN" ot="notag">been</wf>
<wf cmd="done" pos="VB" lemma="extend_to" wnsn="1" lexsn="2:42:00::">extended_to</wf>
<wf cmd="ignore" pos="DT">some</wf>
<wf cmd="tag" pos="NNP">Austin</wf>
<wf cmd="tag" pos="NNS">dignitaries</wf>
<wf cmd="done" pos="VB" lemma="include" wnsn="1" lexsn="2:42:00::">including</wf>
<wf cmd="tag" pos="NNP">Gov.</wf>
<wf cmd="ignore" pos="CC">and</wf>
<wf cmd="tag" pos="NNP">Mrs._Price_Daniel</wf>
<punc>.</punc>
</s>
</p>
<p pnum="48">
<s snum="97">
<wf cmd="tag" pos="NNP">Stagecoach_Days</wf>
<wf cmd="done" pos="VB" lemma="be" wnsn="6" lexsn="2:42:07::">is</wf>
<wf cmd="ignore" pos="DT">the</wf>
<wf cmd="tag" pos="NN">theme</wf>
<wf cmd="ignore" pos="IN">for</wf>
<wf cmd="ignore" pos="DT">the</wf>
<wf cmd="tag" pos="NN">weekend</wf>
<wf cmd="ignore" pos="IN">on</wf>
<wf cmd="ignore" pos="DT">the</wf>
<wf cmd="tag" pos="NNP">Old_Chisholm_Trail</wf>
<punc>.</punc>
</s>
</p>
<p pnum="49">
<s snum="98">
<wf cmd="ignore" pos="DT">The</wf>
<wf cmd="tag" pos="NN">get-together</wf>
<wf cmd="tag" pos="NNP">Friday</wf>
<wf cmd="tag" pos="NN">night</wf>
<wf cmd="ignore" pos="MD">will</wf>
<wf cmd="done" pos="VB" lemma="be" wnsn="1" lexsn="2:42:03::">be</wf>
<wf cmd="ignore" pos="DT">a</wf>
<wf cmd="tag" pos="NN">banquet</wf>
<wf cmd="ignore" pos="IN">at</wf>
<wf cmd="ignore" pos="DT">the</wf>
<wf cmd="tag" pos="NN">country_club</wf>
<wf cmd="tag" pos="NN">patio</wf>
<wf cmd="ignore" pos="CC">and</wf>
<wf cmd="tag" pos="NN">pool</wf>
<punc>,</punc>
<wf cmd="ignore" pos="CC">and</wf>
<wf cmd="ignore" pos="DT">an</wf>
<wf cmd="tag" pos="NN">orchestra</wf>
<wf cmd="ignore" pos="MD">will</wf>
<wf cmd="done" pos="VB" lemma="play" wnsn="3" lexsn="2:36:12::">play</wf>
<wf cmd="ignore" pos="IN">for</wf>
<wf cmd="tag" pos="NN">dancing</wf>
<punc>.</punc>
</s>
</p>
<p pnum="50">
<s snum="99">
<wf cmd="tag" pos="NNS">Guests</wf>
<wf cmd="ignore" pos="MD">will</wf>
<wf cmd="done" pos="VB" lemma="wear" wnsn="1" lexsn="2:29:00::">wear</wf>
<wf cmd="tag" pos="NNS">costumes</wf>
<wf cmd="tag" pos="JJ">typical</wf>
<wf cmd="ignore" pos="IN">of</wf>
<wf cmd="ignore" pos="DT">the</wf>
<wf cmd="tag" pos="NNP">Chisholm_Trail_Days</wf>
<punc>.</punc>
</s>
<s snum="100">
<wf cmd="tag" pos="NNS">Ginghams</wf>
<wf cmd="ignore" pos="CC">and</wf>
<wf cmd="tag" pos="NN">calico</wf>
<wf cmd="ignore" pos="MD">will</wf>
<wf cmd="done" pos="VB" lemma="be" wnsn="1" lexsn="2:42:03::">be</wf>
<wf cmd="tag" pos="JJ">popular</wf>
<wf cmd="tag" pos="NN">dress</wf>
<wf cmd="ignore" pos="IN">for</wf>
<wf cmd="ignore" pos="DT">the</wf>
<wf cmd="tag" pos="NNS">women</wf>
<punc>.</punc>
</s>
<s snum="101">
<wf cmd="ignore" pos="DT">The</wf>
<wf cmd="tag" pos="NNS">men</wf>
<wf cmd="ignore" pos="MD">will</wf>
<wf cmd="done" pos="VB" lemma="be" wnsn="4" lexsn="2:42:00::">be</wf>
<wf cmd="ignore" pos="IN">in</wf>
<wf cmd="tag" pos="JJ">western</wf>
<wf cmd="tag" pos="NN">attire</wf>
<punc>,</punc>
<wf cmd="done" pos="VB" lemma="include" wnsn="1" lexsn="2:42:00::">including</wf>
<wf cmd="tag" pos="NNPS">Stetsons</wf>
<wf cmd="ignore" pos="CC">and</wf>
<wf cmd="tag" pos="JJ">colored</wf>
<wf cmd="tag" pos="NNS">vests</wf>
<punc>.</punc>
</s>
</p>
<p pnum="51">
<s snum="102">
<wf cmd="done" pos="VB" lemma="decorate" wnsn="1" lexsn="2:36:00::">Decorating</wf>
<wf cmd="ignore" pos="DT">the</wf>
<wf cmd="tag" pos="NN">ballroom</wf>
<wf cmd="ignore" pos="MD">will</wf>
<wf cmd="done" pos="VB" lemma="be" wnsn="4" lexsn="2:42:00::">be</wf>
<wf cmd="ignore" pos="DT">the</wf>
<wf cmd="tag" pos="JJ">yellow</wf>
<wf cmd="tag" pos="NN">rose</wf>
<wf cmd="ignore" pos="IN">of</wf>
<wf cmd="tag" pos="NNP">Texas</wf>
<punc>,</punc>
<wf cmd="ignore" pos="IN">in</wf>
<wf cmd="tag" pos="JJ">tall</wf>
<wf cmd="tag" pos="NNS">bushes</wf>
<punc>;</punc>
<wf cmd="tag" pos="NNS">bluebonnets</wf>
<wf cmd="ignore" pos="CC">and</wf>
<wf cmd="tag" pos="NN">stagecoach</wf>
<wf cmd="tag" pos="NNS">silhouettes</wf>
<punc>.</punc>
</s>
<s snum="103">
<wf cmd="ignore" pos="EX">There</wf>
<wf cmd="ignore" pos="MD">will</wf>
<wf cmd="done" pos="VB" lemma="be" wnsn="4" lexsn="2:42:00::">be</wf>
<wf cmd="ignore" pos="DT">a</wf>
<wf cmd="tag" pos="JJ">large</wf>
<wf cmd="tag" pos="NN">drawing</wf>
<wf cmd="ignore" pos="IN">of</wf>
<wf cmd="ignore" pos="DT">a</wf>
<wf cmd="tag" pos="NN">sunbonnet</wf>
<wf cmd="tag" pos="NN">girl</wf>
<wf cmd="ignore" pos="IN">with</wf>
<wf cmd="tag" pos="NNS">eyes</wf>
<wf cmd="ignore" pos="IN">that</wf>
<wf cmd="done" pos="VB" lemma="flash" wnsn="1" lexsn="2:39:00::">flash</wf>
<wf cmd="ignore" pos="IN">at</wf>
<wf cmd="ignore" pos="DT">the</wf>
<wf cmd="tag" pos="NNS">guests</wf>
<punc>.</punc>
</s>
</p>
<p pnum="52">
<s snum="104">
<wf cmd="tag" pos="NNP">Mr.</wf>
<wf cmd="ignore" pos="CC">and</wf>
<wf cmd="tag" pos="NNP">Mrs._Phil_G._Abell</wf>
<wf cmd="done" pos="VB" lemma="be" wnsn="1" lexsn="2:42:03::">are</wf>
<wf cmd="tag" pos="NNS">chairmen</wf>
<wf cmd="ignore" pos="IN">for</wf>
<wf cmd="ignore" pos="DT">the</wf>
<wf cmd="tag" pos="NNP">Saledo</wf>
<wf cmd="tag" pos="NN">trip</wf>
<punc>.</punc>
</s>
<s snum="105">
<wf cmd="tag" pos="NN">Committee_members</wf>
<wf cmd="done" pos="VB" lemma="aid" wnsn="1" lexsn="2:41:00::">aiding</wf>
<wf cmd="ignore" pos="PRP">them</wf>
<wf cmd="ignore" pos="IN">in</wf>
<wf cmd="tag" pos="NN">planning</wf>
<wf cmd="ignore" pos="DT">the</wf>
<wf cmd="tag" pos="NN">entertainment</wf>
<wf cmd="done" pos="VB" lemma="be" wnsn="2" lexsn="2:42:06::">are</wf>
<wf cmd="tag" pos="NNPS">Messrs</wf>
<wf cmd="ignore" pos="CC">and</wf>
<wf cmd="tag" pos="NNPS">Mmes</wf>
<wf cmd="tag" pos="NNP">Roy_McKee</wf>
<punc>,</punc>
<wf cmd="tag" pos="NNP">George_McElyee</wf>
<punc>,</punc>
<wf cmd="tag" pos="NNP">Jack_Fanning</wf>
<punc>,</punc>
<wf cmd="tag" pos="NNP">W._H._Roquemore</wf>
<wf cmd="ignore" pos="CC">and</wf>
<wf cmd="tag" pos="NNP">Joe_Darrow</wf>
<punc>.</punc>
</s>
</p>
<p pnum="53">
<s snum="106">
<wf cmd="ignore" pos="DT">The</wf>
<wf cmd="tag" pos="NN">travel</wf>
<wf cmd="tag" pos="NN">club</wf>
<wf cmd="done" pos="VBZ" ot="notag">is</wf>
<wf cmd="done" pos="VB" lemma="comprise" wnsn="1" lexsn="2:42:01::">comprised</wf>
<wf cmd="ignore" pos="IN">of</wf>
<wf cmd="tag" pos="CD">75</wf>
<wf cmd="tag" pos="JJ">fun-loving</wf>
<wf cmd="tag" pos="NNS">couples</wf>
<wf cmd="ignore" pos="WP">who</wf>
<wf cmd="done" pos="VB" lemma="have" wnsn="4" lexsn="2:40:04::">have</wf>
<wf cmd="ignore" pos="IN">as</wf>
<wf cmd="ignore" pos="PRP$">their</wf>
<wf cmd="tag" pos="NN">motto</wf>
<punc>``</punc>
<wf cmd="done" pos="VB" lemma="go" wnsn="1" lexsn="2:38:00::">Go</wf>
<wf cmd="done" pos="VB" ot="notag">Somewhere</wf>
<punc>,</punc>
<wf cmd="tag" pos="RB">Anywhere</wf>
<punc>,</punc>
<wf cmd="tag" pos="RB">Everywhere</wf>
<punc>''</punc>
<punc>.</punc>
</s>
<s snum="107">
<wf cmd="ignore" pos="PRP$">Their</wf>
<wf cmd="tag" pos="NNS">activities</wf>
<wf cmd="ignore" pos="MD">will</wf>
<wf cmd="done" pos="VB" ot="notag">be</wf>
<wf cmd="done" pos="VB" lemma="climax" wnsn="1" lexsn="2:30:00::">climaxed</wf>
<wf cmd="ignore" pos="IN">in</wf>
<wf cmd="ignore" pos="DT">the</wf>
<wf cmd="tag" pos="NN">spring</wf>
<wf cmd="ignore" pos="IN">of</wf>
<wf cmd="tag" pos="CD">1962</wf>
<wf cmd="ignore" pos="WRB">when</wf>
<wf cmd="ignore" pos="PRP">they</wf>
<wf cmd="done" pos="VB" lemma="go_to" wnsn="0" lexsn="2:38:00::">go_to</wf>
<wf cmd="tag" pos="NNP">Europe</wf>
<punc>.</punc>
</s>
</p>
<p pnum="54">
<s snum="108">
<wf cmd="tag" pos="RB">In_the_past</wf>
<punc>,</punc>
<wf cmd="ignore" pos="DT">the</wf>
<wf cmd="tag" pos="NNS">men</wf>
<wf cmd="ignore" pos="CC">and</wf>
<wf cmd="tag" pos="NNS">women</wf>
<wf cmd="done" pos="VBP" ot="notag">have</wf>
<wf cmd="done" pos="VB" lemma="charter" wnsn="1" lexsn="2:41:01::">chartered</wf>
<wf cmd="tag" pos="NNS">planes</wf>
<wf cmd="ignore" pos="TO">to</wf>
<wf cmd="tag" pos="NN">Las_Vegas</wf>
<wf cmd="ignore" pos="CC">and</wf>
<wf cmd="tag" pos="NNP">Jamaica</wf>
<punc>,</punc>
<wf cmd="tag" pos="NNS">buses</wf>
<wf cmd="ignore" pos="TO">to</wf>
<wf cmd="tag" pos="NNP">Mineral_Wells</wf>
<wf cmd="ignore" pos="CC">and</wf>
<wf cmd="tag" pos="NNP">Kerrville</wf>
<wf cmd="ignore" pos="CC">and</wf>
<wf cmd="tag" pos="JJ">private</wf>
<wf cmd="tag" pos="NN">railway</wf>
<wf cmd="tag" pos="NNS">coaches</wf>
<wf cmd="ignore" pos="TO">to</wf>
<wf cmd="tag" pos="NNP">Shreveport</wf>
<wf cmd="ignore" pos="CC">and</wf>
<wf cmd="tag" pos="NNP">Galveston</wf>
<punc>.</punc>
</s>
</p>
<p pnum="55">
<s snum="109">
<wf cmd="tag" pos="CD">Four</wf>
<wf cmd="tag" pos="NNS">parties</wf>
<wf cmd="done" pos="VBP" ot="notag">are</wf>
<wf cmd="done" pos="VB" lemma="give" wnsn="6" lexsn="2:36:02::">given</wf>
<wf cmd="ignore" pos="DT">a</wf>
<wf cmd="tag" pos="NN">year</wf>
<punc>.</punc>
</s>
<s snum="110">
<wf cmd="tag" pos="CD">Two</wf>
<wf cmd="ignore" pos="IN">of</wf>
<wf cmd="ignore" pos="DT">these</wf>
<wf cmd="done" pos="VB" lemma="be" wnsn="3" lexsn="2:42:05::">are</wf>
<wf cmd="tag" pos="RB">in</wf>
<wf cmd="ignore" pos="CC">or</wf>
<wf cmd="ignore" pos="IN">near</wf>
<wf cmd="tag" pos="NNP">Dallas</wf>
<wf cmd="ignore" pos="CC">and</wf>
<wf cmd="ignore" pos="DT">the</wf>
<wf cmd="tag" pos="NNS">others</wf>
<wf cmd="tag" pos="RB">away</wf>
<wf cmd="ignore" pos="IN">from</wf>
<wf cmd="ignore" pos="DT">the</wf>
<wf cmd="tag" pos="NN">vicinity</wf>
<punc>.</punc>
</s>
</p>
<p pnum="56">
<s snum="111">
<wf cmd="done" pos="VB" lemma="serve" wnsn="2" lexsn="2:33:00::">Serving</wf>
<wf cmd="ignore" pos="IN">on</wf>
<wf cmd="ignore" pos="DT">the</wf>
<wf cmd="tag" pos="NN">club</wf>
<wf cmd="ignore" pos="POS">'s</wf>
<wf cmd="tag" pos="NN">board</wf>
<wf cmd="done" pos="VB" lemma="be" wnsn="2" lexsn="2:42:06::">are</wf>
<wf cmd="tag" pos="NNPS">Mmes</wf>
<wf cmd="tag" pos="NNP">R._P._Anderson</wf>
<punc>,</punc>
<wf cmd="tag" pos="NN">president</wf>
<punc>;</punc>
<wf cmd="tag" pos="NNP">A._F._Schmalzried</wf>
<punc>,</punc>
<wf cmd="tag" pos="NN">secretary</wf>
<punc>;</punc>
<wf cmd="tag" pos="NNP">W._H._Roquemore</wf>
<punc>,</punc>
<wf cmd="tag" pos="NN">treasurer</wf>
<punc>,</punc>
<wf cmd="ignore" pos="CC">and</wf>
<wf cmd="ignore" pos="DT">the</wf>
<wf cmd="tag" pos="JJ">following</wf>
<wf cmd="tag" pos="NNS">chairmen</wf>
<punc>:</punc>
<wf cmd="tag" pos="NNPS">Mmes</wf>
<wf cmd="tag" pos="NNP">McKee</wf>
<punc>,</punc>
<wf cmd="tag" pos="NN">publicity</wf>
<punc>;</punc>
<wf cmd="tag" pos="NNP">Lawrence_B._Jones</wf>
<punc>,</punc>
<wf cmd="tag" pos="NN">yearbook</wf>
<punc>,</punc>
<wf cmd="ignore" pos="CC">and</wf>
<wf cmd="tag" pos="NNP">Sam_Laughlin</wf>
<punc>,</punc>
<wf cmd="tag" pos="NN">scrapbook</wf>
<punc>.</punc>
</s>
</p>
</context>
</contextfile>
