<contextfile concordance="brown">
<context filename="br-a40" paras="yes">
<p pnum="1">
<s snum="1">
<wf cmd="ignore" pos="IN">Into</wf>
<wf cmd="tag" pos="NNP">Washington</wf>
<wf cmd="ignore" pos="IN">on</wf>
<wf cmd="tag" pos="NNP">President-elect_John_F._Kennedy</wf>
<wf cmd="ignore" pos="POS">'s</wf>
<wf cmd="tag" pos="NNP">Convair</wf>
<punc>,</punc>
<wf cmd="ignore" pos="DT">the</wf>
<wf cmd="tag" pos="NNP">Caroline</wf>
<punc>,</punc>
<wf cmd="done" pos="VB" lemma="wing" wnsn="1" lexsn="2:38:00::">winged</wf>
<wf cmd="tag" pos="NNP">Actor-Crooner_Frank_Sinatra</wf>
<wf cmd="ignore" pos="CC">and</wf>
<wf cmd="ignore" pos="PRP$">his</wf>
<wf cmd="tag" pos="NN">close</wf>
<wf cmd="tag" pos="NNP">Hollywood</wf>
<wf cmd="tag" pos="NN">pal</wf>
<punc>,</punc>
<wf cmd="tag" pos="NNP">Cinemactor_Peter_Lawford</wf>
<punc>,</punc>
<wf cmd="tag" pos="NNP">Jack_Kennedy</wf>
<wf cmd="ignore" pos="POS">'s</wf>
<wf cmd="tag" pos="NN">brother-in-law</wf>
<punc>.</punc>
</s>
<s snum="2">
<wf cmd="tag" pos="RB">Also</wf>
<wf cmd="done" pos="VB" lemma="include" wnsn="1" lexsn="2:42:00::">included</wf>
<wf cmd="ignore" pos="IN">in</wf>
<wf cmd="ignore" pos="DT">the</wf>
<wf cmd="tag" pos="NN">entourage</wf>
<punc>:</punc>
<wf cmd="ignore" pos="DT">a</wf>
<wf cmd="tag" pos="NN">dog</wf>
<wf cmd="ignore" pos="IN">in</wf>
<wf cmd="ignore" pos="DT">a</wf>
<wf cmd="tag" pos="JJ">black</wf>
<wf cmd="tag" pos="NN">sweater</wf>
<punc>,</punc>
<wf cmd="tag" pos="NNP">Frankie</wf>
<wf cmd="ignore" pos="CC">and</wf>
<wf cmd="tag" pos="NNP">Peter</wf>
<wf cmd="done" pos="VB" lemma="have" wnsn="4" lexsn="2:40:04::">had</wf>
<wf cmd="ignore" pos="DT">an</wf>
<wf cmd="tag" pos="JJ">urgent</wf>
<wf cmd="tag" pos="NN">mission</wf>
<punc>:</punc>
<wf cmd="ignore" pos="TO">to</wf>
<wf cmd="done" pos="VB" lemma="stage" wnsn="2" lexsn="2:36:01::">stage</wf>
<wf cmd="ignore" pos="DT">a</wf>
<wf cmd="tag" pos="JJ">mammoth</wf>
<wf cmd="tag" pos="NNP">Inauguration_Eve</wf>
<wf cmd="tag" pos="NN">entertainment</wf>
<wf cmd="tag" pos="JJ">gala</wf>
<wf cmd="ignore" pos="IN">in</wf>
<wf cmd="ignore" pos="DT">the</wf>
<wf cmd="tag" pos="NN">capital</wf>
<wf cmd="ignore" pos="POS">'s</wf>
<wf cmd="tag" pos="NN">National_Guard</wf>
<wf cmd="tag" pos="NNP">Armory</wf>
<punc>.</punc>
</s>
<s snum="3">
<wf cmd="tag" pos="NNP">Frankie</wf>
<wf cmd="done" pos="VBD" ot="notag">was</wf>
<wf cmd="tag" pos="RB">fairly</wf>
<wf cmd="done" pos="VB" lemma="glut" wnsn="1" lexsn="2:34:00::">glutted</wf>
<wf cmd="ignore" pos="IN">with</wf>
<wf cmd="tag" pos="NNS">ideas</wf>
<punc>,</punc>
<wf cmd="ignore" pos="IN">as</wf>
<wf cmd="ignore" pos="PRP">he</wf>
<wf cmd="done" pos="VBD" ot="notag">had</wf>
<wf cmd="done" pos="VB" lemma="hint" wnsn="1" lexsn="2:32:00::">hinted</wf>
<wf cmd="ignore" pos="IN">upon</wf>
<wf cmd="ignore" pos="PRP$">his</wf>
<wf cmd="tag" pos="NN">arrival</wf>
<punc>:</punc>
<punc>``</punc>
<wf cmd="ignore" pos="PRP">It</wf>
<wf cmd="done" pos="VBZ" ot="notag">'s</wf>
<wf cmd="tag" pos="RB">really</wf>
<wf cmd="tag" pos="JJ">tremendous</wf>
<wf cmd="ignore" pos="WRB">when</wf>
<wf cmd="ignore" pos="PRP">you</wf>
<wf cmd="done" pos="VB" lemma="think" wnsn="1" lexsn="2:31:01::">think</wf>
<wf cmd="tag" pos="NNP">Ella_Fitzgerald</wf>
<wf cmd="done" pos="VBZ" ot="notag">is</wf>
<wf cmd="done" pos="VB" lemma="come" wnsn="2" lexsn="2:38:04::">coming</wf>
<wf cmd="ignore" pos="IN">from</wf>
<wf cmd="tag" pos="NNP">Australia</wf>
<punc>.</punc>
</s>
<s snum="4">
<wf cmd="ignore" pos="PRP">I</wf>
<wf cmd="ignore" pos="MD">could</wf>
<wf cmd="done" pos="VB" lemma="talk" wnsn="1" lexsn="2:32:01::">talk</wf>
<wf cmd="ignore" pos="TO">to</wf>
<wf cmd="ignore" pos="PRP">you</wf>
<wf cmd="ignore" pos="IN">for</wf>
<wf cmd="tag" pos="CD">three</wf>
<wf cmd="tag" pos="NNS">hours</wf>
<wf cmd="ignore" pos="CC">and</wf>
<wf cmd="tag" pos="RB">still</wf>
<wf cmd="tag" pos="RB">not</wf>
<wf cmd="done" pos="VB" lemma="be" wnsn="1" lexsn="2:42:03::">be</wf>
<wf cmd="tag" pos="JJ">able</wf>
<wf cmd="done" pos="VB" ot="notag">to</wf>
<wf cmd="done" pos="VB" lemma="give" wnsn="4" lexsn="2:40:07::">give</wf>
<wf cmd="ignore" pos="PRP">you</wf>
<wf cmd="tag" pos="JJ">all_of</wf>
<wf cmd="ignore" pos="PRP$">our</wf>
<wf cmd="tag" pos="NNS">plans</wf>
<punc>''</punc>
<punc>!</punc>
</s>
<s snum="5">
<wf cmd="ignore" pos="IN">As</wf>
<wf cmd="ignore" pos="DT">the</wf>
<wf cmd="tag" pos="NNS">plans</wf>
<wf cmd="done" pos="VBD" ot="notag">were</wf>
<wf cmd="tag" pos="JJ">laid</wf>
<punc>,</punc>
<wf cmd="ignore" pos="DT">some</wf>
<wf cmd="tag" pos="JJ">several</wf>
<wf cmd="tag" pos="CD">thousand</wf>
<wf cmd="tag" pos="JJ">fat</wf>
<wf cmd="tag" pos="NNS">cats</wf>
<wf cmd="done" pos="VBD" ot="notag">were</wf>
<wf cmd="ignore" pos="TO">to</wf>
<wf cmd="done" pos="VB" ot="notag">be</wf>
<wf cmd="done" pos="VB" lemma="ensconce" wnsn="1" lexsn="2:35:00::">ensconced</wf>
<wf cmd="ignore" pos="IN">in</wf>
<wf cmd="ignore" pos="DT">the</wf>
<wf cmd="tag" pos="NN">armory</wf>
<wf cmd="ignore" pos="POS">'s</wf>
<punc>$</punc>
<wf cmd="tag" pos="CD">100</wf>
<wf cmd="tag" pos="NNS">seats</wf>
<wf cmd="ignore" pos="CC">and</wf>
<wf cmd="ignore" pos="IN">in</wf>
<wf cmd="tag" pos="CD">68</wf>
<wf cmd="tag" pos="NN">ringside</wf>
<wf cmd="tag" pos="NNS">boxes</wf>
<wf cmd="done" pos="VB" lemma="price" wnsn="1" lexsn="2:40:00::">priced</wf>
<wf cmd="ignore" pos="IN">at</wf>
<punc>$</punc>
<wf cmd="tag" pos="CD">10000</wf>
<wf cmd="ignore" pos="DT">each</wf>
<punc>.</punc>
</s>
<s snum="6">
<wf cmd="ignore" pos="DT">The</wf>
<wf cmd="tag" pos="JJS">biggest</wf>
<wf cmd="tag" pos="JJ">single</wf>
<wf cmd="tag" pos="NN">act</wf>
<wf cmd="ignore" pos="MD">would</wf>
<wf cmd="tag" pos="RB">doubtless</wf>
<wf cmd="done" pos="VB" ot="notag">be</wf>
<wf cmd="done" pos="VB" lemma="stage" wnsn="1" lexsn="2:36:00::">staged</wf>
<wf cmd="ignore" pos="IN">by</wf>
<wf cmd="tag" pos="NNP">Frankie</wf>
<wf cmd="ignore" pos="PRP">himself</wf>
<punc>:</punc>
<wf cmd="ignore" pos="PRP$">his</wf>
<wf cmd="tag" pos="NNP">Inaugural</wf>
<wf cmd="tag" pos="NN">wardrobe</wf>
<wf cmd="done" pos="VBD" ot="notag">had</wf>
<wf cmd="done" pos="VBN" ot="notag">been</wf>
<wf cmd="done" pos="VB" lemma="design" wnsn="3" lexsn="2:36:01::">designed</wf>
<wf cmd="ignore" pos="IN">by</wf>
<wf cmd="tag" pos="NNP">Hollywood_Couturier_Don_Loper</wf>
<punc>,</punc>
<wf cmd="ignore" pos="WP">who</wf>
<wf cmd="tag" pos="RB">regularly</wf>
<wf cmd="done" pos="VB" lemma="make_up" wnsn="2" lexsn="2:36:03::">makes_up</wf>
<wf cmd="tag" pos="NNS">ladies</wf>
<punc>'</punc>
<wf cmd="tag" pos="NNS">ensembles</wf>
<punc>.</punc>
</s>
<s snum="7">
<wf cmd="tag" pos="RB">Soon</wf>
<wf cmd="ignore" pos="IN">after</wf>
<wf cmd="tag" pos="NNP">Loper</wf>
<wf cmd="done" pos="VB" lemma="leak" wnsn="1" lexsn="2:32:00::">leaked</wf>
<wf cmd="ignore" pos="DT">the</wf>
<wf cmd="tag" pos="NN">news</wf>
<wf cmd="ignore" pos="IN">that</wf>
<wf cmd="tag" pos="NNP">Frankie</wf>
<wf cmd="done" pos="VBD" ot="notag">had</wf>
<wf cmd="done" pos="VB" lemma="order" wnsn="2" lexsn="2:32:00::">ordered</wf>
<punc>``</punc>
<wf cmd="tag" pos="CD">two</wf>
<wf cmd="ignore" pos="IN">of</wf>
<wf cmd="tag" pos="NN">everything</wf>
<punc>''</punc>
<wf cmd="tag" pos="RB">just</wf>
<punc>``</punc>
<wf cmd="tag" pos="RB">in_case</wf>
<wf cmd="ignore" pos="PRP">he</wf>
<wf cmd="done" pos="VB" lemma="spill" wnsn="1" lexsn="2:35:04::">spills</wf>
<wf cmd="tag" pos="NN">anything</wf>
<punc>''</punc>
<punc>,</punc>
<wf cmd="tag" pos="NNP">Frankie</wf>
<wf cmd="done" pos="VB" lemma="get" wnsn="7" lexsn="2:39:00::">got</wf>
<wf cmd="tag" pos="RB">so</wf>
<wf cmd="tag" pos="JJ">mad</wf>
<wf cmd="ignore" pos="IN">at</wf>
<wf cmd="ignore" pos="DT">the</wf>
<wf cmd="tag" pos="JJ">chic</wf>
<wf cmd="tag" pos="NN">designer</wf>
<wf cmd="ignore" pos="IN">that</wf>
<wf cmd="ignore" pos="PRP">he</wf>
<wf cmd="done" pos="VB" lemma="vow" wnsn="1" lexsn="2:32:00::">vowed</wf>
<wf cmd="ignore" pos="PRP">he</wf>
<wf cmd="ignore" pos="MD">would</wf>
<wf cmd="tag" pos="RB">not</wf>
<wf cmd="done" pos="VB" lemma="wear" wnsn="1" lexsn="2:29:00::">wear</wf>
<wf cmd="ignore" pos="DT">a</wf>
<wf cmd="tag" pos="NN">stitch</wf>
<wf cmd="ignore" pos="IN">of</wf>
<wf cmd="tag" pos="NNP">Loper</wf>
<wf cmd="tag" pos="NN">clothing</wf>
<punc>.</punc>
</s>
</p>
<p pnum="2">
<s snum="8">
<wf cmd="ignore" pos="DT">A</wf>
<wf cmd="tag" pos="NN">year</wf>
<wf cmd="ignore" pos="IN">after</wf>
<wf cmd="ignore" pos="PRP">he</wf>
<wf cmd="done" pos="VBD" ot="notag">was</wf>
<wf cmd="done" pos="VB" lemma="catapult" wnsn="1" lexsn="2:35:00::">catapulted</wf>
<wf cmd="ignore" pos="IN">over</wf>
<wf cmd="tag" pos="CD">nine</wf>
<wf cmd="tag" pos="NNS">officers</wf>
<wf cmd="tag" pos="JJ">senior</wf>
<wf cmd="ignore" pos="TO">to</wf>
<wf cmd="ignore" pos="PRP">him</wf>
<wf cmd="ignore" pos="CC">and</wf>
<wf cmd="done" pos="VB" lemma="make" wnsn="20" lexsn="2:41:03::">made</wf>
<wf cmd="tag" pos="NN">commandant</wf>
<wf cmd="ignore" pos="IN">of</wf>
<wf cmd="ignore" pos="DT">the</wf>
<wf cmd="tag" pos="NN">Marine_Corps</wf>
<punc>,</punc>
<wf cmd="tag" pos="NNP">General_David_M._Shoup</wf>
<wf cmd="done" pos="VB" lemma="deliver" wnsn="1" lexsn="2:32:00::">delivered</wf>
<wf cmd="ignore" pos="DT">a</wf>
<wf cmd="tag" pos="JJ">peppery</wf>
<wf cmd="tag" pos="JJ">annual</wf>
<wf cmd="tag" pos="NN">report</wf>
<wf cmd="ignore" pos="IN">in</wf>
<wf cmd="ignore" pos="DT">the</wf>
<wf cmd="tag" pos="NN">form</wf>
<wf cmd="ignore" pos="IN">of</wf>
<wf cmd="ignore" pos="DT">a</wf>
<punc>``</punc>
<wf cmd="tag" pos="JJ">happy</wf>
<punc>,</punc>
<wf cmd="tag" pos="JJ">warless</wf>
<wf cmd="tag" pos="NN">New_Year</wf>
<punc>''</punc>
<wf cmd="tag" pos="NN">greeting</wf>
<wf cmd="ignore" pos="TO">to</wf>
<wf cmd="ignore" pos="PRP$">his</wf>
<wf cmd="tag" pos="NNP">Pentagon</wf>
<wf cmd="tag" pos="NN">staff</wf>
<punc>.</punc>
</s>
<s snum="9">
<wf cmd="done" pos="VB" lemma="say" wnsn="1" lexsn="2:32:00::">Said</wf>
<wf cmd="tag" pos="NNP">Leatherneck_Shoup</wf>
<punc>:</punc>
<punc>``</punc>
<wf cmd="ignore" pos="DT">A</wf>
<wf cmd="tag" pos="NN">year</wf>
<wf cmd="tag" pos="RB">ago</wf>
<wf cmd="ignore" pos="PRP">I</wf>
<wf cmd="done" pos="VB" lemma="take" wnsn="4" lexsn="2:35:00::">took</wf>
<wf cmd="ignore" pos="DT">the</wf>
<wf cmd="tag" pos="NNS">grips</wf>
<wf cmd="ignore" pos="IN">of</wf>
<wf cmd="ignore" pos="DT">the</wf>
<wf cmd="tag" pos="NN">plow</wf>
<wf cmd="ignore" pos="IN">in</wf>
<wf cmd="ignore" pos="PRP$">my</wf>
<wf cmd="tag" pos="NNS">hands</wf>
<punc>.</punc>
</s>
<s snum="10">
<wf cmd="ignore" pos="IN">After</wf>
<wf cmd="done" pos="VB" lemma="push" wnsn="1" lexsn="2:38:00::">pushing</wf>
<wf cmd="ignore" pos="DT">an</wf>
<wf cmd="tag" pos="NN">accumulation</wf>
<wf cmd="ignore" pos="IN">of</wf>
<wf cmd="tag" pos="NNS">vines</wf>
<wf cmd="ignore" pos="CC">and</wf>
<wf cmd="tag" pos="NNS">weeds</wf>
<wf cmd="ignore" pos="IN">from</wf>
<wf cmd="ignore" pos="DT">the</wf>
<wf cmd="tag" pos="NN">moldboard</wf>
<punc>,</punc>
<wf cmd="ignore" pos="PRP">I</wf>
<wf cmd="done" pos="VB" lemma="lift" wnsn="2" lexsn="2:35:00::">lifted</wf>
<wf cmd="ignore" pos="DT">the</wf>
<wf cmd="tag" pos="NNS">lines</wf>
<wf cmd="ignore" pos="IN">from</wf>
<wf cmd="ignore" pos="DT">the</wf>
<wf cmd="tag" pos="NN">dust</wf>
<wf cmd="ignore" pos="CC">and</wf>
<wf cmd="done" pos="VB" lemma="find" wnsn="8" lexsn="2:36:00::">found</wf>
<wf cmd="done" pos="VB" lemma="hitch" wnsn="1" lexsn="2:35:00::">hitched</wf>
<wf cmd="tag" pos="RB">to_that</wf>
<wf cmd="tag" pos="NN">plow</wf>
<wf cmd="ignore" pos="DT">the</wf>
<wf cmd="tag" pos="JJS">finest</wf>
<wf cmd="tag" pos="NN">team</wf>
<wf cmd="ignore" pos="PRP">I</wf>
<wf cmd="tag" pos="RB">ever</wf>
<wf cmd="done" pos="VB" lemma="hold" wnsn="4" lexsn="2:40:00::">held</wf>
<wf cmd="ignore" pos="DT">a</wf>
<wf cmd="tag" pos="NN">rein</wf>
<wf cmd="tag" pos="RB">on</wf>
<punc>.</punc>
</s>
<s snum="11">
<wf cmd="tag" pos="NNP">Little</wf>
<wf cmd="tag" pos="NN">geeing</wf>
<wf cmd="ignore" pos="CC">and</wf>
<wf cmd="tag" pos="NN">hawing</wf>
<wf cmd="done" pos="VBP" ot="notag">have</wf>
<wf cmd="done" pos="VB" lemma="be" wnsn="1" lexsn="2:42:03::">been</wf>
<wf cmd="tag" pos="JJ">necessary</wf>
<punc>''</punc>
<punc>.</punc>
</s>
<s snum="12">
<wf cmd="ignore" pos="CC">But</wf>
<wf cmd="tag" pos="NNP">Shoup</wf>
<wf cmd="tag" pos="RB">also</wf>
<wf cmd="done" pos="VB" lemma="give" wnsn="1" lexsn="2:40:03::">gave</wf>
<wf cmd="ignore" pos="DT">the</wf>
<wf cmd="tag" pos="NNP">Corps</wf>
<wf cmd="ignore" pos="DT">a</wf>
<wf cmd="tag" pos="NN">tilling</wf>
<wf cmd="tag" pos="RB">in_spots</wf>
<punc>.</punc>
</s>
<s snum="13">
<wf cmd="done" pos="VB" lemma="speak" wnsn="3" lexsn="2:32:02::">Speaking</wf>
<wf cmd="ignore" pos="IN">of</wf>
<punc>``</punc>
<wf cmd="tag" pos="NN">pride</wf>
<punc>''</punc>
<punc>,</punc>
<wf cmd="ignore" pos="PRP">he</wf>
<wf cmd="done" pos="VB" lemma="deplore" wnsn="1" lexsn="2:32:00::">deplored</wf>
<wf cmd="ignore" pos="DT">the</wf>
<wf cmd="tag" pos="NN">noncommissioned_officer</wf>
<punc>``</punc>
<wf cmd="ignore" pos="WP$">whose</wf>
<wf cmd="tag" pos="NN">uniform</wf>
<wf cmd="done" pos="VB" lemma="look_like" wnsn="1" lexsn="2:42:00::">looks_like</wf>
<wf cmd="ignore" pos="PRP">it</wf>
<wf cmd="done" pos="VB" lemma="belong_to" wnsn="1" lexsn="2:42:00::">belonged_to</wf>
<wf cmd="tag" pos="NN">someone</wf>
<wf cmd="ignore" pos="WP">who</wf>
<wf cmd="done" pos="VB" lemma="retire" wnsn="1" lexsn="2:41:01::">retired</wf>
<wf cmd="ignore" pos="IN">in</wf>
<wf cmd="tag" pos="CD">1940</wf>
<punc>;</punc>
<wf cmd="ignore" pos="DT">the</wf>
<wf cmd="tag" pos="NN">officer</wf>
<wf cmd="ignore" pos="IN">with</wf>
<wf cmd="ignore" pos="DT">the</wf>
<wf cmd="tag" pos="JJ">yellow</wf>
<wf cmd="tag" pos="NNS">socks</wf>
<wf cmd="ignore" pos="CC">or</wf>
<wf cmd="ignore" pos="DT">the</wf>
<wf cmd="tag" pos="NN">bay_window</wf>
<punc>.</punc>
</s>
<s snum="14">
<wf cmd="tag" pos="JJ">A_few</wf>
<wf cmd="ignore" pos="IN">of</wf>
<wf cmd="ignore" pos="DT">these</wf>
<wf cmd="tag" pos="NNS">people</wf>
<wf cmd="done" pos="VB" lemma="be" wnsn="1" lexsn="2:42:03::">are</wf>
<wf cmd="tag" pos="RB">still</wf>
<wf cmd="ignore" pos="IN">around</wf>
<punc>''</punc>
<punc>.</punc>
</s>
</p>
<p pnum="3">
<s snum="15">
<wf cmd="tag" pos="NNP">Old</wf>
<wf cmd="ignore" pos="CC">and</wf>
<wf cmd="tag" pos="JJ">new</wf>
<wf cmd="tag" pos="NN">briefly</wf>
<wf cmd="done" pos="VB" lemma="cross" wnsn="2" lexsn="2:38:03::">crossed</wf>
<wf cmd="tag" pos="NNS">paths</wf>
<wf cmd="ignore" pos="IN">in</wf>
<wf cmd="ignore" pos="DT">the</wf>
<wf cmd="tag" pos="NNP">U._S._Senate</wf>
<punc>,</punc>
<wf cmd="tag" pos="RB">then</wf>
<wf cmd="done" pos="VB" lemma="go" wnsn="2" lexsn="2:41:00::">went</wf>
<wf cmd="ignore" pos="PRP$">their</wf>
<wf cmd="tag" pos="JJ">respective</wf>
<wf cmd="tag" pos="NNS">ways</wf>
<punc>.</punc>
</s>
<s snum="16">
<wf cmd="ignore" pos="IN">At</wf>
<wf cmd="ignore" pos="DT">a</wf>
<wf cmd="tag" pos="NN">reception</wf>
<wf cmd="ignore" pos="IN">for</wf>
<wf cmd="tag" pos="JJ">new</wf>
<wf cmd="tag" pos="NNS">members</wf>
<wf cmd="ignore" pos="IN">of</wf>
<wf cmd="tag" pos="NNP">Congress</wf>
<punc>,</punc>
<wf cmd="tag" pos="NNP">Oregon_Democrat_Maurine_Neuberger</wf>
<punc>,</punc>
<wf cmd="done" pos="VB" lemma="take" wnsn="12" lexsn="2:41:00::">taking</wf>
<wf cmd="ignore" pos="DT">the</wf>
<wf cmd="tag" pos="NNP">Senate</wf>
<wf cmd="tag" pos="NN">seat</wf>
<wf cmd="done" pos="VB" lemma="hold" wnsn="4" lexsn="2:40:00::">held</wf>
<wf cmd="ignore" pos="IN">by</wf>
<wf cmd="ignore" pos="PRP$">her</wf>
<wf cmd="tag" pos="NN">husband</wf>
<wf cmd="tag" pos="NNP">Richard</wf>
<wf cmd="ignore" pos="IN">until</wf>
<wf cmd="ignore" pos="PRP$">his</wf>
<wf cmd="tag" pos="NN">death</wf>
<wf cmd="tag" pos="JJ">last</wf>
<wf cmd="tag" pos="NNP">March</wf>
<punc>,</punc>
<wf cmd="done" pos="VB" lemma="get" wnsn="1" lexsn="2:40:00::">got</wf>
<wf cmd="ignore" pos="DT">a</wf>
<wf cmd="tag" pos="JJ">brotherly</wf>
<wf cmd="tag" pos="NN">buss</wf>
<wf cmd="ignore" pos="IN">from</wf>
<wf cmd="tag" pos="JJ">Democratic</wf>
<wf cmd="tag" pos="NN">Elder_Statesman</wf>
<wf cmd="tag" pos="NNP">Adlai_Stevenson</wf>
<punc>,</punc>
<wf cmd="tag" pos="NNP">U._S._Ambassador-designate</wf>
<wf cmd="ignore" pos="TO">to</wf>
<wf cmd="ignore" pos="DT">the</wf>
<wf cmd="tag" pos="NNP">U._N.</wf>
<punc>.</punc>
</s>
<s snum="17">
<wf cmd="tag" pos="RB">Meanwhile</wf>
<punc>,</punc>
<wf cmd="ignore" pos="IN">after</wf>
<wf cmd="tag" pos="CD">24</wf>
<wf cmd="tag" pos="NNS">years</wf>
<wf cmd="ignore" pos="IN">in</wf>
<wf cmd="ignore" pos="DT">the</wf>
<wf cmd="tag" pos="NNP">Senate</wf>
<punc>,</punc>
<wf cmd="tag" pos="NN">Rhode_Island</wf>
<wf cmd="ignore" pos="POS">'s</wf>
<wf cmd="tag" pos="JJ">durable</wf>
<wf cmd="tag" pos="NNP">Democrat_Theodore_Francis_Greene</wf>
<punc>-</punc>
<wf cmd="done" pos="VBG" ot="notag">having</wf>
<wf cmd="done" pos="VB" lemma="walk" wnsn="1" lexsn="2:38:00::">walked</wf>
<punc>,</punc>
<wf cmd="done" pos="VB" lemma="swim" wnsn="1" lexsn="2:38:00::">swum</wf>
<wf cmd="ignore" pos="CC">and</wf>
<wf cmd="done" pos="VB" lemma="cerebrate" wnsn="1" lexsn="2:31:00::">cerebrated</wf>
<wf cmd="ignore" pos="PRP">himself</wf>
<wf cmd="ignore" pos="TO">to</wf>
<wf cmd="ignore" pos="DT">the</wf>
<wf cmd="tag" pos="JJ">hearty</wf>
<wf cmd="tag" pos="NN">age</wf>
<wf cmd="ignore" pos="IN">of</wf>
<wf cmd="tag" pos="CD">93</wf>
<punc>-</punc>
<wf cmd="done" pos="VB" lemma="leave" wnsn="8" lexsn="2:41:00::">left</wf>
<wf cmd="ignore" pos="IN">that</wf>
<wf cmd="tag" pos="JJ">august</wf>
<wf cmd="tag" pos="NN">body</wf>
<punc>(</punc>
<wf cmd="tag" pos="RB">voluntarily</wf>
<punc>,</punc>
<wf cmd="ignore" pos="IN">because</wf>
<wf cmd="ignore" pos="PRP">he</wf>
<wf cmd="ignore" pos="MD">could</wf>
<wf cmd="tag" pos="RB">surely</wf>
<wf cmd="done" pos="VB" ot="notag">have</wf>
<wf cmd="done" pos="VBN" ot="notag">been</wf>
<wf cmd="done" pos="VB" lemma="reelect" wnsn="1" lexsn="2:41:00::">re-elected</wf>
<wf cmd="done" pos="VBD" ot="notag">had</wf>
<wf cmd="ignore" pos="PRP">he</wf>
<wf cmd="done" pos="VB" lemma="choose" wnsn="2" lexsn="2:31:02::">chosen</wf>
<wf cmd="ignore" pos="TO">to</wf>
<wf cmd="done" pos="VB" lemma="run" wnsn="9" lexsn="2:33:06::">run</wf>
<wf cmd="tag" pos="RB">again</wf>
<wf cmd="tag" pos="JJ">last</wf>
<wf cmd="tag" pos="NNP">November</wf>
<punc>)</punc>
<punc>,</punc>
<wf cmd="ignore" pos="IN">as</wf>
<wf cmd="ignore" pos="DT">the</wf>
<wf cmd="tag" pos="JJS">oldest</wf>
<wf cmd="tag" pos="NN">man</wf>
<wf cmd="tag" pos="RB">ever</wf>
<wf cmd="ignore" pos="TO">to</wf>
<wf cmd="done" pos="VB" lemma="serve" wnsn="2" lexsn="2:33:00::">serve</wf>
<wf cmd="ignore" pos="IN">in</wf>
<wf cmd="ignore" pos="DT">the</wf>
<wf cmd="tag" pos="NNP">Senate</wf>
<punc>.</punc>
</s>
</p>
<p pnum="4">
<s snum="18">
<wf cmd="tag" pos="RB">The_most</wf>
<wf cmd="tag" pos="JJ">famous</wf>
<wf cmd="tag" pos="NN">undergraduate</wf>
<wf cmd="ignore" pos="IN">of</wf>
<wf cmd="tag" pos="NNP">South_Philadelphia</wf>
<wf cmd="tag" pos="NN">High_School</wf>
<wf cmd="done" pos="VB" lemma="be" wnsn="6" lexsn="2:42:07::">is</wf>
<wf cmd="ignore" pos="DT">a</wf>
<wf cmd="tag" pos="JJ">current</wf>
<wf cmd="tag" pos="NN">bobby-sox</wf>
<wf cmd="tag" pos="NN">idol</wf>
<punc>,</punc>
<wf cmd="tag" pos="NNP">Dreamboat_Cacophonist_Fabian</wf>
<punc>(</punc>
<wf cmd="tag" pos="JJ">real</wf>
<wf cmd="tag" pos="NN">name</wf>
<punc>:</punc>
<wf cmd="tag" pos="NNP">Fabian_Forte</wf>
<punc>)</punc>
<punc>,</punc>
<wf cmd="tag" pos="CD">17</wf>
<punc>,</punc>
<wf cmd="ignore" pos="CC">and</wf>
<wf cmd="tag" pos="JJ">last</wf>
<wf cmd="tag" pos="NN">week</wf>
<wf cmd="ignore" pos="PRP">it</wf>
<wf cmd="done" pos="VB" lemma="develop" wnsn="9" lexsn="2:30:05::">developed</wf>
<wf cmd="ignore" pos="IN">that</wf>
<wf cmd="ignore" pos="PRP">he</wf>
<wf cmd="ignore" pos="MD">will</wf>
<wf cmd="done" pos="VB" lemma="remain" wnsn="2" lexsn="2:42:03::">remain</wf>
<wf cmd="ignore" pos="DT">an</wf>
<wf cmd="tag" pos="JJ">undergraduate</wf>
<wf cmd="tag" pos="RB">for_a_while</wf>
<punc>.</punc>
</s>
<s snum="19">
<wf cmd="ignore" pos="DT">The</wf>
<wf cmd="tag" pos="NN">principal</wf>
<wf cmd="ignore" pos="IN">of</wf>
<wf cmd="ignore" pos="DT">the</wf>
<wf cmd="tag" pos="NN">school</wf>
<wf cmd="done" pos="VB" lemma="announce" wnsn="1" lexsn="2:32:00::">announced</wf>
<wf cmd="ignore" pos="IN">that</wf>
<punc>-</punc>
<wf cmd="ignore" pos="IN">despite</wf>
<wf cmd="ignore" pos="DT">the</wf>
<wf cmd="tag" pos="NN">help</wf>
<wf cmd="ignore" pos="IN">of</wf>
<wf cmd="tag" pos="JJ">private</wf>
<wf cmd="tag" pos="NNS">tutors</wf>
<wf cmd="ignore" pos="IN">in</wf>
<wf cmd="tag" pos="NNP">Hollywood</wf>
<wf cmd="ignore" pos="CC">and</wf>
<wf cmd="tag" pos="NNP">Philadelphia</wf>
<punc>-</punc>
<wf cmd="tag" pos="NNP">Fabian</wf>
<wf cmd="done" pos="VB" lemma="be" wnsn="6" lexsn="2:42:07::">is</wf>
<wf cmd="ignore" pos="DT">a</wf>
<wf cmd="tag" pos="CD">10</wf>
<punc>-</punc>
<wf cmd="ignore" pos="IN">o</wf>
<punc>'</punc>
<wf cmd="tag" pos="NN">clock</wf>
<wf cmd="tag" pos="NN">scholar</wf>
<wf cmd="ignore" pos="IN">in</wf>
<wf cmd="tag" pos="NNP">English</wf>
<wf cmd="ignore" pos="CC">and</wf>
<wf cmd="tag" pos="NNS">mathematics</wf>
<punc>.</punc>
</s>
<s snum="20">
<wf cmd="done" pos="VB" lemma="lack" wnsn="1" lexsn="2:42:00::">Lacking</wf>
<wf cmd="ignore" pos="PRP$">his</wf>
<wf cmd="tag" pos="JJ">needed</wf>
<wf cmd="tag" pos="NNS">credits</wf>
<wf cmd="ignore" pos="IN">in</wf>
<wf cmd="ignore" pos="DT">those</wf>
<wf cmd="tag" pos="NNS">subjects</wf>
<punc>,</punc>
<wf cmd="tag" pos="NNP">Fabian</wf>
<wf cmd="ignore" pos="MD">will</wf>
<wf cmd="tag" pos="RB">not</wf>
<wf cmd="done" pos="VB" lemma="graduate" wnsn="1" lexsn="2:40:00::">graduate</wf>
<wf cmd="ignore" pos="IN">with</wf>
<wf cmd="ignore" pos="PRP$">his</wf>
<wf cmd="tag" pos="JJ">old</wf>
<wf cmd="tag" pos="NNS">classmates</wf>
<wf cmd="tag" pos="JJ">next</wf>
<wf cmd="tag" pos="NN">week</wf>
<punc>.</punc>
</s>
<s snum="21">
<wf cmd="tag" pos="NNP">South_Philadelphia_High</wf>
<wf cmd="ignore" pos="POS">'s</wf>
<wf cmd="tag" pos="JJ">principal</wf>
<wf cmd="done" pos="VB" lemma="add" wnsn="2" lexsn="2:32:01::">added</wf>
<wf cmd="ignore" pos="IN">that</wf>
<wf cmd="ignore" pos="DT">the</wf>
<wf cmd="tag" pos="JJ">current</wf>
<wf cmd="tag" pos="NN">delay</wf>
<wf cmd="done" pos="VBD" ot="notag">was</wf>
<wf cmd="done" pos="VB" lemma="cause" wnsn="1" lexsn="2:36:00::">caused</wf>
<wf cmd="ignore" pos="IN">by</wf>
<wf cmd="ignore" pos="DT">the</wf>
<punc>``</punc>
<wf cmd="tag" pos="NN">pressure</wf>
<punc>''</punc>
<wf cmd="ignore" pos="IN">of</wf>
<wf cmd="ignore" pos="DT">a</wf>
<wf cmd="tag" pos="NN">movie</wf>
<wf cmd="ignore" pos="IN">that</wf>
<wf cmd="ignore" pos="DT">the</wf>
<wf cmd="tag" pos="JJ">toneless</wf>
<wf cmd="tag" pos="NN">lad</wf>
<wf cmd="done" pos="VBD" ot="notag">was</wf>
<wf cmd="done" pos="VB" lemma="make" wnsn="1" lexsn="2:41:00::">making</wf>
<punc>.</punc>
</s>
</p>
<p pnum="5">
<s snum="22">
<wf cmd="ignore" pos="TO">To</wf>
<wf cmd="tag" pos="NNP">Decathlon</wf>
<wf cmd="tag" pos="NN">Man</wf>
<wf cmd="tag" pos="NNP">Rafer_Johnson</wf>
<punc>(</punc>
<wf cmd="tag" pos="NNP">Time</wf>
<wf cmd="tag" pos="NN">cover</wf>
<punc>,</punc>
<wf cmd="tag" pos="NNP">Aug.</wf>
<wf cmd="tag" pos="CD">29</wf>
<punc>)</punc>
<punc>,</punc>
<wf cmd="ignore" pos="WP$">whose</wf>
<wf cmd="tag" pos="NN">gold</wf>
<wf cmd="tag" pos="NN">medal</wf>
<wf cmd="ignore" pos="IN">in</wf>
<wf cmd="tag" pos="JJ">last</wf>
<wf cmd="tag" pos="NN">summer</wf>
<wf cmd="ignore" pos="POS">'s</wf>
<wf cmd="tag" pos="NN">Olympic_Games</wf>
<wf cmd="done" pos="VBD" ot="notag">was</wf>
<wf cmd="done" pos="VB" lemma="win" wnsn="1" lexsn="2:33:00::">won</wf>
<wf cmd="ignore" pos="IN">as</wf>
<wf cmd="tag" pos="JJ">much</wf>
<wf cmd="tag" pos="RB">on</wf>
<wf cmd="tag" pos="NN">gumption</wf>
<wf cmd="ignore" pos="IN">as</wf>
<wf cmd="tag" pos="NN">talent</wf>
<punc>,</punc>
<wf cmd="done" pos="VB" lemma="go" wnsn="5" lexsn="2:42:06::">went</wf>
<wf cmd="ignore" pos="DT">the</wf>
<wf cmd="tag" pos="NNP">A._A._U</wf>
<punc>.</punc>
<wf cmd="ignore" pos="POS">'s</wf>
<wf cmd="tag" pos="NNP">James_E._Sullivan_Memorial_Trophy</wf>
<wf cmd="ignore" pos="IN">as</wf>
<wf cmd="ignore" pos="DT">the</wf>
<wf cmd="tag" pos="JJ">outstanding</wf>
<wf cmd="tag" pos="NNP">U._S.</wf>
<wf cmd="tag" pos="NN">amateur</wf>
<wf cmd="tag" pos="NN">athlete</wf>
<wf cmd="ignore" pos="IN">of</wf>
<wf cmd="tag" pos="CD">1960</wf>
<punc>.</punc>
</s>
<s snum="23">
<wf cmd="ignore" pos="IN">As</wf>
<wf cmd="ignore" pos="DT">the</wf>
<wf cmd="tag" pos="NN">world</wf>
<wf cmd="ignore" pos="POS">'s</wf>
<wf cmd="tag" pos="JJ">top</wf>
<wf cmd="tag" pos="NN">sportsman</wf>
<punc>-</punc>
<wf cmd="ignore" pos="FW">pro</wf>
<wf cmd="ignore" pos="CC">or</wf>
<wf cmd="tag" pos="NN">amateur</wf>
<punc>-</punc>
<wf cmd="tag" pos="NNPS">Sports</wf>
<wf cmd="tag" pos="NNP">Illustrated</wf>
<wf cmd="done" pos="VB" lemma="tap" wnsn="4" lexsn="2:34:00::">tapped</wf>
<wf cmd="tag" pos="NN">golf</wf>
<wf cmd="ignore" pos="POS">'s</wf>
<wf cmd="tag" pos="JJ">confident</wf>
<wf cmd="tag" pos="NNP">Arnold_Palmer</wf>
<punc>(</punc>
<wf cmd="tag" pos="NNP">Time</wf>
<wf cmd="tag" pos="NN">cover</wf>
<punc>,</punc>
<wf cmd="tag" pos="NNP">May</wf>
<wf cmd="tag" pos="CD">2</wf>
<punc>)</punc>
<punc>,</punc>
<wf cmd="ignore" pos="WP">who</wf>
<wf cmd="done" pos="VB" lemma="stage" wnsn="1" lexsn="2:36:00::">staged</wf>
<wf cmd="tag" pos="CD">two</wf>
<wf cmd="tag" pos="NN">cliffhanging</wf>
<wf cmd="tag" pos="NNS">rallies</wf>
<wf cmd="ignore" pos="TO">to</wf>
<wf cmd="done" pos="VB" lemma="win" wnsn="1" lexsn="2:33:00::">win</wf>
<wf cmd="ignore" pos="DT">both</wf>
<wf cmd="ignore" pos="DT">the</wf>
<wf cmd="tag" pos="NNP">Masters</wf>
<wf cmd="ignore" pos="CC">and</wf>
<wf cmd="tag" pos="NNP">U._S._Open</wf>
<wf cmd="tag" pos="NNS">crowns</wf>
<punc>,</punc>
<wf cmd="done" pos="VB" lemma="go_on" wnsn="4" lexsn="2:32:00::">went_on</wf>
<wf cmd="ignore" pos="TO">to</wf>
<wf cmd="done" pos="VB" lemma="win" wnsn="2" lexsn="2:40:00::">win</wf>
<wf cmd="ignore" pos="DT">a</wf>
<wf cmd="tag" pos="NN">record</wf>
<punc>$</punc>
<wf cmd="tag" pos="CD">80738</wf>
<wf cmd="ignore" pos="IN">for</wf>
<wf cmd="ignore" pos="DT">the</wf>
<wf cmd="tag" pos="NN">year</wf>
<punc>.</punc>
</s>
</p>
<p pnum="6">
<s snum="24">
<wf cmd="done" pos="VB" lemma="tool" wnsn="2" lexsn="2:38:00::">Tooling</wf>
<wf cmd="ignore" pos="IN">through</wf>
<wf cmd="tag" pos="NNP">Sydney</wf>
<wf cmd="ignore" pos="IN">on</wf>
<wf cmd="ignore" pos="PRP$">his</wf>
<wf cmd="tag" pos="NN">way</wf>
<wf cmd="ignore" pos="TO">to</wf>
<wf cmd="done" pos="VB" lemma="race" wnsn="2" lexsn="2:33:00::">race</wf>
<wf cmd="ignore" pos="IN">in</wf>
<wf cmd="ignore" pos="DT">the</wf>
<wf cmd="tag" pos="NN">New_Zealand</wf>
<wf cmd="tag" pos="NN">Grand_Prix</wf>
<punc>,</punc>
<wf cmd="tag" pos="NNP">Britain</wf>
<wf cmd="ignore" pos="POS">'s</wf>
<wf cmd="tag" pos="JJ">balding</wf>
<wf cmd="tag" pos="NNP">Ace_Driver_Stirling_Moss</wf>
<punc>,</punc>
<wf cmd="tag" pos="CD">31</wf>
<punc>,</punc>
<wf cmd="tag" pos="RB">all_but</wf>
<wf cmd="done" pos="VB" lemma="smother" wnsn="3" lexsn="2:35:01::">smothered</wf>
<wf cmd="ignore" pos="PRP">himself</wf>
<wf cmd="ignore" pos="IN">in</wf>
<wf cmd="ignore" pos="PRP$">his</wf>
<wf cmd="tag" pos="JJ">own</wf>
<wf cmd="tag" pos="NN">exhaust</wf>
<wf cmd="ignore" pos="IN">of</wf>
<wf cmd="tag" pos="NN">self-crimination</wf>
<punc>.</punc>
</s>
<s snum="25">
<punc>``</punc>
<wf cmd="ignore" pos="PRP">I</wf>
<wf cmd="done" pos="VBP" ot="notag">'m</wf>
<wf cmd="ignore" pos="DT">a</wf>
<wf cmd="tag" pos="NN">slob</wf>
<punc>''</punc>
<punc>,</punc>
<wf cmd="ignore" pos="PRP">he</wf>
<wf cmd="done" pos="VB" lemma="announce" wnsn="1" lexsn="2:32:00::">announced</wf>
<punc>.</punc>
</s>
<s snum="26">
<punc>``</punc>
<wf cmd="ignore" pos="PRP$">My</wf>
<wf cmd="tag" pos="NN">taste</wf>
<wf cmd="done" pos="VB" lemma="be" wnsn="1" lexsn="2:42:03::">is</wf>
<wf cmd="tag" pos="JJ">gaudy</wf>
<punc>.</punc>
</s>
<s snum="27">
<wf cmd="ignore" pos="PRP">I</wf>
<wf cmd="done" pos="VBP" ot="notag">'m</wf>
<wf cmd="tag" pos="JJ">useless</wf>
<wf cmd="tag" pos="RB">for_anything</wf>
<wf cmd="ignore" pos="CC">but</wf>
<wf cmd="tag" pos="NN">racing_cars</wf>
<punc>.</punc>
</s>
<s snum="28">
<wf cmd="ignore" pos="PRP">I</wf>
<wf cmd="done" pos="VBP" ot="notag">'m</wf>
<wf cmd="tag" pos="JJ">ruddy</wf>
<wf cmd="tag" pos="JJ">lazy</wf>
<punc>,</punc>
<wf cmd="ignore" pos="CC">and</wf>
<wf cmd="ignore" pos="PRP">I</wf>
<wf cmd="done" pos="VBP" ot="notag">'m</wf>
<wf cmd="done" pos="VB" lemma="get_on" wnsn="0" lexsn="2:29:00::">getting_on</wf>
<wf cmd="ignore" pos="IN">in</wf>
<wf cmd="tag" pos="NNS">years</wf>
<punc>.</punc>
</s>
<s snum="29">
<wf cmd="ignore" pos="PRP">It</wf>
<wf cmd="done" pos="VB" lemma="get" wnsn="2" lexsn="2:30:00::">gets</wf>
<wf cmd="tag" pos="RB">so</wf>
<wf cmd="tag" pos="JJ">frustrating</wf>
<punc>,</punc>
<wf cmd="ignore" pos="CC">but</wf>
<wf cmd="tag" pos="RB">then_again</wf>
<wf cmd="ignore" pos="PRP">I</wf>
<wf cmd="done" pos="VBP" ot="notag">do</wf>
<wf cmd="tag" pos="RB">n't</wf>
<wf cmd="done" pos="VB" lemma="know" wnsn="1" lexsn="2:31:01::">know</wf>
<wf cmd="ignore" pos="WP">what</wf>
<wf cmd="ignore" pos="PRP">I</wf>
<wf cmd="ignore" pos="MD">could</wf>
<wf cmd="done" pos="VB" lemma="do" wnsn="6" lexsn="2:41:02::">do</wf>
<wf cmd="ignore" pos="IN">if</wf>
<wf cmd="ignore" pos="PRP">I</wf>
<wf cmd="done" pos="VB" lemma="give_up" wnsn="7" lexsn="2:41:05::">gave_up</wf>
<wf cmd="tag" pos="NN">racing</wf>
<punc>''</punc>
<punc>.</punc>
</s>
<s snum="30">
<wf cmd="done" pos="VB" lemma="have" wnsn="2" lexsn="2:42:00::">Has</wf>
<wf cmd="tag" pos="NNP">Moss</wf>
<wf cmd="ignore" pos="DT">no</wf>
<wf cmd="tag" pos="JJ">stirling</wf>
<wf cmd="tag" pos="NNS">virtues</wf>
<punc>?</punc>
</s>
<s snum="31">
<punc>``</punc>
<wf cmd="ignore" pos="PRP">I</wf>
<wf cmd="done" pos="VB" lemma="appreciate" wnsn="3" lexsn="2:40:00::">appreciate</wf>
<wf cmd="tag" pos="NN">beauty</wf>
<punc>''</punc>
<punc>.</punc>
</s>
</p>
<p pnum="7">
<s snum="32">
<wf cmd="tag" pos="CD">One</wf>
<wf cmd="ignore" pos="IN">of</wf>
<wf cmd="tag" pos="NNP">Nikita_Khrushchev</wf>
<wf cmd="ignore" pos="POS">'s</wf>
<wf cmd="tag" pos="RBS">most</wf>
<wf cmd="tag" pos="JJ">enthusiastic</wf>
<wf cmd="tag" pos="NNS">eulogizers</wf>
<punc>,</punc>
<wf cmd="ignore" pos="DT">the</wf>
<wf cmd="tag" pos="NNP">U._S._S.</wf>
<wf cmd="tag" pos="NN">R</wf>
<punc>.</punc>
<wf cmd="ignore" pos="POS">'s</wf>
<wf cmd="tag" pos="JJ">daily</wf>
<wf cmd="tag" pos="NNP">Izvestia</wf>
<punc>,</punc>
<wf cmd="tag" pos="RB">enterprisingly</wf>
<wf cmd="done" pos="VB" lemma="interview" wnsn="1" lexsn="2:32:00::">interviewed</wf>
<wf cmd="tag" pos="JJ">Red-prone</wf>
<wf cmd="tag" pos="NN">Comedian</wf>
<wf cmd="tag" pos="NNP">Charlie_Chaplin</wf>
<wf cmd="ignore" pos="IN">at</wf>
<wf cmd="ignore" pos="PRP$">his</wf>
<wf cmd="tag" pos="JJ">Swiss</wf>
<wf cmd="tag" pos="NN">villa</wf>
<punc>,</punc>
<wf cmd="ignore" pos="WRB">where</wf>
<wf cmd="ignore" pos="PRP">he</wf>
<wf cmd="done" pos="VBZ" ot="notag">has</wf>
<wf cmd="done" pos="VB" lemma="be" wnsn="3" lexsn="2:42:05::">been</wf>
<wf cmd="ignore" pos="IN">in</wf>
<wf cmd="tag" pos="NN">self-exile</wf>
<wf cmd="ignore" pos="IN">since</wf>
<wf cmd="tag" pos="CD">1952</wf>
<punc>.</punc>
</s>
<s snum="33">
<wf cmd="tag" pos="NNP">Chaplin</wf>
<punc>,</punc>
<wf cmd="tag" pos="CD">71</wf>
<punc>,</punc>
<wf cmd="ignore" pos="WP">who</wf>
<wf cmd="done" pos="VB" lemma="meet" wnsn="1" lexsn="2:38:01::">met</wf>
<wf cmd="tag" pos="NNP">K.</wf>
<wf cmd="ignore" pos="WRB">when</wf>
<wf cmd="ignore" pos="DT">the</wf>
<wf cmd="tag" pos="JJ">Soviet</wf>
<wf cmd="tag" pos="NN">boss</wf>
<wf cmd="done" pos="VB" lemma="visit" wnsn="2" lexsn="2:38:00::">visited</wf>
<wf cmd="tag" pos="NNP">England</wf>
<wf cmd="ignore" pos="IN">in</wf>
<wf cmd="tag" pos="CD">1956</wf>
<punc>,</punc>
<wf cmd="done" pos="VB" lemma="confide" wnsn="1" lexsn="2:32:00::">confided</wf>
<wf cmd="ignore" pos="IN">that</wf>
<wf cmd="ignore" pos="PRP">he</wf>
<wf cmd="done" pos="VB" lemma="hope" wnsn="3" lexsn="2:31:00::">hopes</wf>
<wf cmd="ignore" pos="TO">to</wf>
<wf cmd="done" pos="VB" lemma="visit" wnsn="2" lexsn="2:38:00::">visit</wf>
<wf cmd="tag" pos="NNP">Russia</wf>
<wf cmd="ignore" pos="DT">some</wf>
<wf cmd="tag" pos="NN">time</wf>
<wf cmd="ignore" pos="DT">this</wf>
<wf cmd="tag" pos="NN">summer</wf>
<wf cmd="ignore" pos="IN">because</wf>
<punc>``</punc>
<wf cmd="ignore" pos="PRP">I</wf>
<wf cmd="done" pos="VBP" ot="notag">have</wf>
<wf cmd="done" pos="VB" lemma="marvel" wnsn="1" lexsn="2:32:12::">marveled</wf>
<wf cmd="done" pos="VB" ot="notag">at</wf>
<wf cmd="ignore" pos="PRP$">your</wf>
<wf cmd="tag" pos="JJ">grandiose</wf>
<wf cmd="tag" pos="NN">experiment</wf>
<wf cmd="ignore" pos="CC">and</wf>
<wf cmd="ignore" pos="PRP">I</wf>
<wf cmd="done" pos="VB" lemma="believe_in" wnsn="1" lexsn="2:31:01::">believe_in</wf>
<wf cmd="ignore" pos="PRP$">your</wf>
<wf cmd="tag" pos="NN">future</wf>
<punc>''</punc>
<punc>.</punc>
</s>
<s snum="34">
<wf cmd="tag" pos="RB">Then</wf>
<wf cmd="tag" pos="NNP">Charlie</wf>
<wf cmd="done" pos="VBD" ot="idiom">spooned</wf>
<wf cmd="ignore" pos="IN">out</wf>
<wf cmd="ignore" pos="DT">some</wf>
<wf cmd="tag" pos="JJ">quick</wf>
<wf cmd="tag" pos="NNS">impressions</wf>
<wf cmd="ignore" pos="IN">of</wf>
<wf cmd="ignore" pos="DT">the</wf>
<wf cmd="tag" pos="NNP">Nikita</wf>
<wf cmd="ignore" pos="PRP">he</wf>
<wf cmd="done" pos="VBD" ot="notag">had</wf>
<wf cmd="done" pos="VB" lemma="glimpse" wnsn="1" lexsn="2:39:00::">glimpsed</wf>
<punc>:</punc>
<punc>``</punc>
<wf cmd="ignore" pos="PRP">I</wf>
<wf cmd="done" pos="VBD" ot="notag">was</wf>
<wf cmd="done" pos="VB" lemma="captivate" wnsn="1" lexsn="2:37:00::">captivated</wf>
<wf cmd="ignore" pos="IN">by</wf>
<wf cmd="ignore" pos="PRP$">his</wf>
<wf cmd="tag" pos="NN">humor</wf>
<punc>,</punc>
<wf cmd="tag" pos="NN">frankness</wf>
<wf cmd="ignore" pos="CC">and</wf>
<wf cmd="tag" pos="NN">good_nature</wf>
<wf cmd="ignore" pos="CC">and</wf>
<wf cmd="ignore" pos="IN">by</wf>
<wf cmd="ignore" pos="PRP$">his</wf>
<wf cmd="tag" pos="NN">kind</wf>
<punc>,</punc>
<wf cmd="tag" pos="JJ">strong</wf>
<wf cmd="ignore" pos="CC">and</wf>
<wf cmd="tag" pos="RB">somewhat</wf>
<wf cmd="tag" pos="JJ">sly</wf>
<wf cmd="tag" pos="NN">face</wf>
<punc>''</punc>
<punc>.</punc>
</s>
</p>
<p pnum="8">
<s snum="35">
<wf cmd="tag" pos="NNP">G._David_Thompson</wf>
<wf cmd="done" pos="VB" lemma="be" wnsn="6" lexsn="2:42:07::">is</wf>
<wf cmd="tag" pos="CD">one</wf>
<wf cmd="ignore" pos="IN">of</wf>
<wf cmd="ignore" pos="DT">those</wf>
<wf cmd="tag" pos="NNS">names</wf>
<wf cmd="done" pos="VB" lemma="know" wnsn="2" lexsn="2:31:03::">known</wf>
<wf cmd="ignore" pos="TO">to</wf>
<wf cmd="ignore" pos="DT">the</wf>
<wf cmd="tag" pos="NNS">stewards</wf>
<wf cmd="ignore" pos="IN">of</wf>
<wf cmd="tag" pos="JJ">transatlantic</wf>
<wf cmd="tag" pos="NNS">jetliners</wf>
<wf cmd="ignore" pos="CC">and</wf>
<wf cmd="ignore" pos="TO">to</wf>
<wf cmd="tag" pos="NNS">doormen</wf>
<wf cmd="ignore" pos="IN">in</wf>
<wf cmd="tag" pos="NNP">Europe</wf>
<wf cmd="ignore" pos="POS">'s</wf>
<wf cmd="tag" pos="JJS">best</wf>
<wf cmd="tag" pos="NNS">hotels</wf>
<punc>,</punc>
<wf cmd="ignore" pos="CC">but</wf>
<wf cmd="ignore" pos="PRP">he</wf>
<wf cmd="done" pos="VB" lemma="be" wnsn="6" lexsn="2:42:07::">is</wf>
<wf cmd="tag" pos="RB">somewhat</wf>
<wf cmd="ignore" pos="IN">of</wf>
<wf cmd="ignore" pos="DT">an</wf>
<wf cmd="tag" pos="NN">enigma</wf>
<wf cmd="ignore" pos="TO">to</wf>
<wf cmd="tag" pos="RBS">most</wf>
<wf cmd="tag" pos="NNS">people</wf>
<wf cmd="ignore" pos="IN">in</wf>
<wf cmd="ignore" pos="PRP$">his</wf>
<wf cmd="tag" pos="JJ">own</wf>
<wf cmd="tag" pos="NN">home</wf>
<wf cmd="tag" pos="NN">town</wf>
<wf cmd="ignore" pos="IN">of</wf>
<wf cmd="tag" pos="NNP">Pittsburgh</wf>
<punc>.</punc>
</s>
<s snum="36">
<wf cmd="ignore" pos="EX">There</wf>
<wf cmd="ignore" pos="DT">the</wf>
<wf cmd="tag" pos="NN">name</wf>
<wf cmd="tag" pos="RB">vaguely</wf>
<wf cmd="done" pos="VB" lemma="connote" wnsn="1" lexsn="2:32:01::">connotes</wf>
<wf cmd="tag" pos="JJ">new-rich</wf>
<wf cmd="tag" pos="NN">wealth</wf>
<punc>,</punc>
<wf cmd="ignore" pos="DT">a</wf>
<wf cmd="tag" pos="NN">reputation</wf>
<wf cmd="ignore" pos="IN">for</wf>
<wf cmd="tag" pos="NN">eccentricity</wf>
<punc>,</punc>
<wf cmd="ignore" pos="CC">and</wf>
<wf cmd="ignore" pos="DT">an</wf>
<wf cmd="tag" pos="NN">ardor</wf>
<wf cmd="ignore" pos="IN">for</wf>
<wf cmd="done" pos="VB" lemma="collect" wnsn="1" lexsn="2:40:00::">collecting</wf>
<wf cmd="tag" pos="NN">art</wf>
<punc>.</punc>
</s>
<s snum="37">
<wf cmd="tag" pos="JJ">Last</wf>
<wf cmd="tag" pos="NN">week</wf>
<punc>,</punc>
<wf cmd="ignore" pos="IN">in</wf>
<wf cmd="ignore" pos="DT">the</wf>
<wf cmd="tag" pos="JJ">German</wf>
<wf cmd="tag" pos="NN">city</wf>
<wf cmd="ignore" pos="IN">of</wf>
<wf cmd="tag" pos="NNP">Du</wf>
<wf cmd="tag" pos="NN">^</wf>
<wf cmd="tag" pos="NN">sseldorf</wf>
<punc>,</punc>
<wf cmd="tag" pos="NNP">G._David_Thompson</wf>
<wf cmd="done" pos="VBD" ot="notag">was</wf>
<wf cmd="done" pos="VB" lemma="make" wnsn="5" lexsn="2:36:08::">making</wf>
<wf cmd="tag" pos="NNS">headlines</wf>
<wf cmd="ignore" pos="WDT">that</wf>
<wf cmd="ignore" pos="MD">could</wf>
<wf cmd="tag" pos="RB">well</wf>
<wf cmd="done" pos="VB" lemma="give" wnsn="1" lexsn="2:40:03::">give</wf>
<wf cmd="tag" pos="NNP">Pittsburgh</wf>
<wf cmd="tag" pos="NN">pause</wf>
<punc>.</punc>
</s>
<s snum="38">
<wf cmd="ignore" pos="IN">On</wf>
<wf cmd="tag" pos="NN">display</wf>
<wf cmd="done" pos="VB" lemma="be" wnsn="1" lexsn="2:42:03::">were</wf>
<wf cmd="tag" pos="CD">343</wf>
<wf cmd="tag" pos="JJ">first-class</wf>
<wf cmd="tag" pos="NNS">paintings</wf>
<wf cmd="ignore" pos="CC">and</wf>
<wf cmd="tag" pos="NNS">sculptures</wf>
<wf cmd="ignore" pos="IN">from</wf>
<wf cmd="ignore" pos="PRP$">his</wf>
<wf cmd="tag" pos="JJ">fabled</wf>
<wf cmd="tag" pos="NN">collection</wf>
<punc>-</punc>
<wf cmd="ignore" pos="CC">and</wf>
<wf cmd="ignore" pos="DT">every</wf>
<wf cmd="tag" pos="JJ">single</wf>
<wf cmd="tag" pos="CD">one</wf>
<wf cmd="ignore" pos="IN">of</wf>
<wf cmd="ignore" pos="PRP">them</wf>
<wf cmd="done" pos="VBD" ot="notag">was</wf>
<wf cmd="ignore" pos="IN">up</wf>
<wf cmd="tag" pos="JJ">for_sale</wf>
<punc>.</punc>
</s>
</p>
<p pnum="9">
<s snum="39">
<wf cmd="ignore" pos="IN">Like</wf>
<wf cmd="tag" pos="NNP">Philadelphia</wf>
<wf cmd="ignore" pos="POS">'s</wf>
<wf cmd="tag" pos="JJ">late</wf>
<wf cmd="tag" pos="NNP">Dr._Albert_C._Barnes</wf>
<wf cmd="ignore" pos="WP">who</wf>
<wf cmd="done" pos="VB" lemma="keep" wnsn="1" lexsn="2:42:00::">kept</wf>
<wf cmd="ignore" pos="PRP$">his</wf>
<wf cmd="tag" pos="JJ">own</wf>
<wf cmd="tag" pos="JJ">great</wf>
<wf cmd="tag" pos="NN">collection</wf>
<wf cmd="tag" pos="JJ">closed</wf>
<wf cmd="ignore" pos="TO">to</wf>
<wf cmd="ignore" pos="DT">the</wf>
<wf cmd="tag" pos="JJ">general</wf>
<wf cmd="tag" pos="JJ">public</wf>
<punc>(</punc>
<wf cmd="tag" pos="NNP">Time</wf>
<punc>,</punc>
<wf cmd="tag" pos="NNP">Jan.</wf>
<wf cmd="tag" pos="CD">2</wf>
<punc>)</punc>
<punc>,</punc>
<wf cmd="tag" pos="NNP">Thompson</wf>
<punc>,</punc>
<wf cmd="ignore" pos="IN">at</wf>
<wf cmd="tag" pos="CD">61</wf>
<punc>,</punc>
<wf cmd="done" pos="VB" lemma="be" wnsn="6" lexsn="2:42:07::">is</wf>
<wf cmd="tag" pos="NN">something</wf>
<wf cmd="ignore" pos="IN">of</wf>
<wf cmd="ignore" pos="DT">a</wf>
<wf cmd="tag" pos="NN">legend</wf>
<wf cmd="ignore" pos="IN">in</wf>
<wf cmd="ignore" pos="PRP$">his</wf>
<wf cmd="tag" pos="JJ">own</wf>
<wf cmd="tag" pos="NN">lifetime</wf>
<punc>.</punc>
</s>
<s snum="40">
<wf cmd="ignore" pos="PRP">He</wf>
<wf cmd="done" pos="VB" lemma="make" wnsn="10" lexsn="2:40:01::">made</wf>
<wf cmd="ignore" pos="PRP$">his</wf>
<wf cmd="tag" pos="NN">fortune</wf>
<wf cmd="ignore" pos="IN">during</wf>
<wf cmd="tag" pos="NN">World_War</wf>
<wf cmd="tag" pos="CD">2</wf>
<punc>,</punc>
<wf cmd="ignore" pos="WRB">when</wf>
<wf cmd="ignore" pos="PRP">he</wf>
<wf cmd="done" pos="VB" lemma="take_over" wnsn="2" lexsn="2:41:01::">took_over</wf>
<wf cmd="tag" pos="JJ">a_number_of</wf>
<wf cmd="tag" pos="NN">dying</wf>
<wf cmd="tag" pos="NN">steel</wf>
<wf cmd="tag" pos="NNS">plants</wf>
<wf cmd="ignore" pos="CC">and</wf>
<wf cmd="done" pos="VB" lemma="keep" wnsn="1" lexsn="2:42:00::">kept</wf>
<wf cmd="ignore" pos="PRP">them</wf>
<wf cmd="tag" pos="JJ">alive</wf>
<wf cmd="ignore" pos="IN">until</wf>
<wf cmd="ignore" pos="DT">the</wf>
<wf cmd="tag" pos="NN">boom</wf>
<punc>.</punc>
</s>
<s snum="41">
<wf cmd="tag" pos="RB">Even</wf>
<wf cmd="ignore" pos="IN">before</wf>
<wf cmd="ignore" pos="PRP">he</wf>
<wf cmd="done" pos="VB" lemma="hit" wnsn="4" lexsn="2:38:00::">hit</wf>
<wf cmd="tag" pos="JJ">big</wf>
<wf cmd="tag" pos="NN">money</wf>
<punc>,</punc>
<wf cmd="ignore" pos="PRP">he</wf>
<wf cmd="done" pos="VBD" ot="notag">had</wf>
<wf cmd="done" pos="VB" lemma="begin" wnsn="1" lexsn="2:30:00::">begun</wf>
<wf cmd="done" pos="VB" lemma="buy" wnsn="1" lexsn="2:40:00::">buying</wf>
<wf cmd="tag" pos="JJ">modern</wf>
<wf cmd="tag" pos="NNS">paintings</wf>
<punc>.</punc>
</s>
<s snum="42">
<wf cmd="ignore" pos="PRP">He</wf>
<wf cmd="done" pos="VB" lemma="give" wnsn="7" lexsn="2:32:00::">gave</wf>
<wf cmd="ignore" pos="DT">the</wf>
<wf cmd="tag" pos="NN">impression</wf>
<wf cmd="ignore" pos="IN">of</wf>
<wf cmd="tag" pos="RB">never</wf>
<wf cmd="done" pos="VBG" ot="notag">having</wf>
<wf cmd="done" pos="VB" lemma="read" wnsn="1" lexsn="2:31:00::">read</wf>
<wf cmd="ignore" pos="DT">a</wf>
<wf cmd="tag" pos="NN">word</wf>
<wf cmd="ignore" pos="IN">about</wf>
<wf cmd="tag" pos="NN">art</wf>
<punc>,</punc>
<wf cmd="ignore" pos="CC">but</wf>
<wf cmd="ignore" pos="EX">there</wf>
<wf cmd="done" pos="VB" lemma="be" wnsn="4" lexsn="2:42:00::">was</wf>
<wf cmd="tag" pos="RB">no_doubt</wf>
<wf cmd="ignore" pos="IN">that</wf>
<wf cmd="ignore" pos="PRP">he</wf>
<wf cmd="done" pos="VB" lemma="have" wnsn="4" lexsn="2:40:04::">had</wf>
<wf cmd="ignore" pos="DT">an</wf>
<wf cmd="tag" pos="NN">eye</wf>
<wf cmd="ignore" pos="IN">for</wf>
<wf cmd="ignore" pos="DT">the</wf>
<wf cmd="tag" pos="JJS">best</wf>
<punc>.</punc>
</s>
</p>
<p pnum="10">
<s snum="43">
<wf cmd="ignore" pos="PRP">He</wf>
<wf cmd="done" pos="VB" lemma="be" wnsn="1" lexsn="2:42:03::">was</wf>
<wf cmd="tag" pos="JJ">able</wf>
<wf cmd="done" pos="VB" ot="notag">to</wf>
<wf cmd="done" pos="VB" lemma="smell" wnsn="2" lexsn="2:39:00::">smell</wf>
<wf cmd="ignore" pos="DT">a</wf>
<wf cmd="tag" pos="NN">bargain</wf>
<punc>-</punc>
<wf cmd="ignore" pos="CC">and</wf>
<wf cmd="ignore" pos="DT">a</wf>
<wf cmd="tag" pos="NN">masterpiece</wf>
<punc>-</punc>
<wf cmd="ignore" pos="DT">a</wf>
<wf cmd="tag" pos="NN">continent</wf>
<wf cmd="tag" pos="RB">away</wf>
<punc>,</punc>
<wf cmd="ignore" pos="CC">and</wf>
<wf cmd="ignore" pos="DT">the</wf>
<wf cmd="tag" pos="NNP">Museum</wf>
<wf cmd="ignore" pos="IN">of</wf>
<wf cmd="tag" pos="NNP">Modern_Art</wf>
<wf cmd="ignore" pos="POS">'s</wf>
<wf cmd="tag" pos="NNP">Alfred_Barr</wf>
<wf cmd="done" pos="VB" lemma="say" wnsn="1" lexsn="2:32:00::">said</wf>
<wf cmd="ignore" pos="IN">of</wf>
<wf cmd="ignore" pos="PRP">him</wf>
<punc>:</punc>
<punc>``</punc>
<wf cmd="ignore" pos="PRP">I</wf>
<wf cmd="done" pos="VBP" ot="notag">have</wf>
<wf cmd="tag" pos="RB">never</wf>
<wf cmd="done" pos="VB" lemma="mention" wnsn="1" lexsn="2:32:02::">mentioned</wf>
<wf cmd="ignore" pos="DT">a</wf>
<wf cmd="tag" pos="JJ">new</wf>
<wf cmd="tag" pos="NN">artist</wf>
<wf cmd="ignore" pos="IN">that</wf>
<wf cmd="tag" pos="NNP">Thompson</wf>
<wf cmd="done" pos="VBD" ot="notag">did</wf>
<wf cmd="tag" pos="RB">n't</wf>
<wf cmd="done" pos="VB" lemma="know" wnsn="1" lexsn="2:31:01::">know</wf>
<wf cmd="ignore" pos="IN">about</wf>
<punc>''</punc>
<punc>.</punc>
</s>
<s snum="44">
<wf cmd="ignore" pos="PRP">He</wf>
<wf cmd="ignore" pos="MD">might</wf>
<wf cmd="done" pos="VB" lemma="barge" wnsn="1" lexsn="2:38:00::">barge</wf>
<wf cmd="ignore" pos="IN">into</wf>
<wf cmd="ignore" pos="DT">a</wf>
<wf cmd="tag" pos="NN">gallery</wf>
<punc>,</punc>
<wf cmd="done" pos="VB" lemma="start" wnsn="1" lexsn="2:30:00::">start</wf>
<wf cmd="done" pos="VB" lemma="haggle" wnsn="1" lexsn="2:40:00::">haggling</wf>
<wf cmd="ignore" pos="IN">over</wf>
<wf cmd="tag" pos="NNS">prices</wf>
<wf cmd="ignore" pos="IN">without</wf>
<wf cmd="tag" pos="RB">so_much</wf>
<wf cmd="ignore" pos="IN">as</wf>
<wf cmd="ignore" pos="DT">a</wf>
<wf cmd="tag" pos="NN">word</wf>
<wf cmd="ignore" pos="IN">of</wf>
<wf cmd="tag" pos="NN">greeting</wf>
<punc>.</punc>
</s>
<s snum="45">
<wf cmd="ignore" pos="PRP">He</wf>
<wf cmd="ignore" pos="MD">could</wf>
<wf cmd="done" pos="VB" lemma="be" wnsn="1" lexsn="2:42:03::">be</wf>
<wf cmd="tag" pos="RB">lavishly</wf>
<wf cmd="tag" pos="JJ">generous</wf>
<wf cmd="ignore" pos="IN">with</wf>
<wf cmd="tag" pos="NNS">friends</wf>
<punc>,</punc>
<wf cmd="tag" pos="NN">cab</wf>
<wf cmd="tag" pos="NNS">drivers</wf>
<wf cmd="ignore" pos="CC">and</wf>
<wf cmd="tag" pos="NNS">bellboys</wf>
<punc>,</punc>
<wf cmd="ignore" pos="CC">but</wf>
<wf cmd="ignore" pos="IN">with</wf>
<wf cmd="tag" pos="NNS">dealers</wf>
<wf cmd="ignore" pos="PRP">he</wf>
<wf cmd="done" pos="VB" lemma="be" wnsn="1" lexsn="2:42:03::">was</wf>
<wf cmd="tag" pos="JJ">tough</wf>
<punc>.</punc>
</s>
<s snum="46">
<wf cmd="ignore" pos="PRP">He</wf>
<wf cmd="done" pos="VB" lemma="buy_up" wnsn="1" lexsn="2:40:00::">bought_up</wf>
<wf cmd="tag" pos="NNPS">Cezannes</wf>
<punc>,</punc>
<wf cmd="tag" pos="NNPS">Braques</wf>
<punc>,</punc>
<wf cmd="tag" pos="NNPS">Matisses</wf>
<punc>,</punc>
<wf cmd="tag" pos="NNPS">Legers</wf>
<punc>,</punc>
<wf cmd="ignore" pos="DT">a</wf>
<wf cmd="tag" pos="JJ">splendid</wf>
<wf cmd="tag" pos="NNP">Picasso</wf>
<wf cmd="tag" pos="NN">series</wf>
<punc>,</punc>
<wf cmd="tag" pos="RB">more_than</wf>
<wf cmd="tag" pos="CD">70</wf>
<wf cmd="tag" pos="NNP">Giacometti</wf>
<wf cmd="tag" pos="NNS">sculptures</wf>
<punc>.</punc>
</s>
<s snum="47">
<wf cmd="ignore" pos="PRP">He</wf>
<wf cmd="done" pos="VB" lemma="gather" wnsn="0" lexsn="2:38:00::">gathered</wf>
<wf cmd="tag" pos="CD">one</wf>
<wf cmd="ignore" pos="IN">of</wf>
<wf cmd="ignore" pos="DT">the</wf>
<wf cmd="tag" pos="JJS">biggest</wf>
<wf cmd="tag" pos="NNS">collections</wf>
<wf cmd="ignore" pos="IN">of</wf>
<wf cmd="tag" pos="NNP">Paul_Klees</wf>
<wf cmd="ignore" pos="IN">in</wf>
<wf cmd="ignore" pos="DT">the</wf>
<wf cmd="tag" pos="NN">world</wf>
<punc>.</punc>
</s>
<s snum="48">
<wf cmd="ignore" pos="DT">All</wf>
<wf cmd="ignore" pos="DT">these</wf>
<wf cmd="ignore" pos="PRP">he</wf>
<wf cmd="done" pos="VB" lemma="hang" wnsn="1" lexsn="2:35:03::">hung</wf>
<wf cmd="ignore" pos="IN">in</wf>
<wf cmd="ignore" pos="PRP$">his</wf>
<wf cmd="tag" pos="JJ">burglarproof</wf>
<wf cmd="tag" pos="NN">home</wf>
<wf cmd="tag" pos="JJ">called</wf>
<wf cmd="tag" pos="NNP">Stone</wf>
<wf cmd="tag" pos="NN">'s_Throw</wf>
<punc>,</punc>
<wf cmd="ignore" pos="IN">outside</wf>
<wf cmd="tag" pos="NNP">Pittsburgh</wf>
<punc>,</punc>
<wf cmd="ignore" pos="CC">and</wf>
<wf cmd="tag" pos="RB">only</wf>
<wf cmd="tag" pos="NNS">people</wf>
<wf cmd="ignore" pos="PRP">he</wf>
<wf cmd="done" pos="VB" lemma="like" wnsn="3" lexsn="2:37:04::">liked</wf>
<wf cmd="ignore" pos="CC">and</wf>
<wf cmd="done" pos="VB" lemma="trust" wnsn="2" lexsn="2:41:00::">trusted</wf>
<wf cmd="tag" pos="RB">ever</wf>
<wf cmd="done" pos="VB" ot="notag">got_to</wf>
<wf cmd="done" pos="VB" lemma="see" wnsn="1" lexsn="2:39:00::">see</wf>
<wf cmd="ignore" pos="PRP">them</wf>
<punc>.</punc>
</s>
</p>
<p pnum="11">
<s snum="49">
<wf cmd="tag" pos="CD">Two</wf>
<wf cmd="tag" pos="NNS">years</wf>
<wf cmd="tag" pos="RB">ago</wf>
<wf cmd="tag" pos="NNP">Thompson</wf>
<wf cmd="done" pos="VB" lemma="offer" wnsn="2" lexsn="2:40:00::">offered</wf>
<wf cmd="ignore" pos="PRP$">his</wf>
<wf cmd="tag" pos="NN">collection</wf>
<wf cmd="ignore" pos="TO">to</wf>
<wf cmd="ignore" pos="DT">the</wf>
<wf cmd="tag" pos="NN">city</wf>
<punc>.</punc>
</s>
<s snum="50">
<wf cmd="ignore" pos="CC">But</wf>
<wf cmd="ignore" pos="PRP">he</wf>
<wf cmd="done" pos="VB" lemma="insist" wnsn="1" lexsn="2:32:00::">insisted</wf>
<wf cmd="ignore" pos="IN">that</wf>
<wf cmd="ignore" pos="PRP">it</wf>
<wf cmd="done" pos="VBP" ot="notag">be</wf>
<wf cmd="done" pos="VB" lemma="house" wnsn="1" lexsn="2:42:02::">housed</wf>
<wf cmd="ignore" pos="IN">in</wf>
<wf cmd="ignore" pos="DT">a</wf>
<wf cmd="tag" pos="JJ">special</wf>
<wf cmd="tag" pos="NN">museum</wf>
<punc>.</punc>
</s>
<s snum="51">
<wf cmd="tag" pos="NNP">Pittsburgh</wf>
<wf cmd="done" rdf="turn_down" pos="VB" lemma="turn_down" wnsn="1" lexsn="2:40:00::">turned</wf>
<wf cmd="ignore" pos="PRP">him</wf>
<wf cmd="tag" pos="RB">down</wf>
<punc>,</punc>
<wf cmd="tag" pos="RB">just_as</wf>
<wf cmd="tag" pos="NNP">Pittsburgh</wf>
<wf cmd="tag" pos="NN">society</wf>
<wf cmd="done" pos="VBD" ot="notag">had</wf>
<wf cmd="done" pos="VBN" ot="notag">been</wf>
<wf cmd="done" pos="VB" lemma="snub" wnsn="1" lexsn="2:32:01::">snubbing</wf>
<wf cmd="ignore" pos="PRP">him</wf>
<wf cmd="ignore" pos="IN">for</wf>
<wf cmd="tag" pos="NNS">years</wf>
<punc>.</punc>
</s>
<s snum="52">
<wf cmd="ignore" pos="PRP">He</wf>
<wf cmd="done" rdf="go_to" pos="VB" lemma="go_to" wnsn="0" lexsn="2:38:00::">went</wf>
<wf cmd="tag" pos="RB">then</wf>
<wf cmd="ignore" pos="TO">to</wf>
<wf cmd="ignore" pos="DT">a</wf>
<wf cmd="tag" pos="CD">40</wf>
<punc>-</punc>
<wf cmd="tag" pos="JJ">year-old</wf>
<wf cmd="tag" pos="NNP">Basel</wf>
<wf cmd="tag" pos="NN">art_dealer</wf>
<wf cmd="done" pos="VB" lemma="name" wnsn="1" lexsn="2:32:03::">named</wf>
<wf cmd="tag" pos="NNP">Ernst_Beyeler</wf>
<punc>,</punc>
<wf cmd="ignore" pos="IN">with</wf>
<wf cmd="ignore" pos="WP">whom</wf>
<wf cmd="ignore" pos="PRP">he</wf>
<wf cmd="done" pos="VBD" ot="notag">had</wf>
<wf cmd="tag" pos="JJ">long</wf>
<wf cmd="done" pos="VBN" ot="notag">been</wf>
<wf cmd="done" pos="VB" lemma="trade" wnsn="1" lexsn="2:40:01::">trading</wf>
<wf cmd="tag" pos="NNS">pictures</wf>
<punc>.</punc>
</s>
<s snum="53">
<wf cmd="tag" pos="JJ">Last</wf>
<wf cmd="tag" pos="NN">year</wf>
<wf cmd="tag" pos="NNP">Beyeler</wf>
<wf cmd="done" pos="VB" lemma="arrange" wnsn="0" lexsn="2:36:04::">arranged</wf>
<wf cmd="ignore" pos="TO">to</wf>
<wf cmd="done" pos="VB" lemma="sell" wnsn="1" lexsn="2:40:00::">sell</wf>
<punc>$</punc>
<wf cmd="tag" pos="CD">1500000</wf>
<wf cmd="tag" pos="JJ">worth</wf>
<wf cmd="ignore" pos="IN">of</wf>
<wf cmd="tag" pos="NNP">Klees</wf>
<wf cmd="ignore" pos="TO">to</wf>
<wf cmd="ignore" pos="DT">the</wf>
<wf cmd="tag" pos="NN">state</wf>
<wf cmd="ignore" pos="IN">of</wf>
<wf cmd="tag" pos="NNP">North_Rhine-Westphalia</wf>
<punc>,</punc>
<wf cmd="ignore" pos="WDT">which</wf>
<wf cmd="ignore" pos="MD">will</wf>
<wf cmd="done" pos="VB" lemma="house" wnsn="1" lexsn="2:42:02::">house</wf>
<wf cmd="ignore" pos="PRP">them</wf>
<wf cmd="ignore" pos="IN">in</wf>
<wf cmd="ignore" pos="DT">a</wf>
<wf cmd="tag" pos="NN">museum</wf>
<wf cmd="tag" pos="RB">that</wf>
<wf cmd="done" pos="VB" lemma="be" wnsn="1" lexsn="2:42:03::">is</wf>
<wf cmd="tag" pos="RB">yet</wf>
<wf cmd="ignore" pos="TO">to</wf>
<wf cmd="done" pos="VB" ot="notag">be</wf>
<wf cmd="done" pos="VB" lemma="build" wnsn="1" lexsn="2:36:00::">built</wf>
<punc>.</punc>
</s>
<s snum="54">
<wf cmd="tag" pos="JJ">Last</wf>
<wf cmd="tag" pos="NN">week</wf>
<wf cmd="tag" pos="JJ">most_of</wf>
<wf cmd="ignore" pos="DT">the</wf>
<wf cmd="tag" pos="JJ">other</wf>
<wf cmd="tag" pos="NNS">prizes</wf>
<punc>,</punc>
<wf cmd="tag" pos="RB">once</wf>
<wf cmd="done" pos="VB" lemma="offer" wnsn="2" lexsn="2:40:00::">offered</wf>
<wf cmd="ignore" pos="TO">to</wf>
<wf cmd="tag" pos="NNP">Pittsburgh</wf>
<punc>,</punc>
<wf cmd="done" pos="VB" lemma="go" wnsn="4" lexsn="2:30:04::">went</wf>
<wf cmd="ignore" pos="IN">on</wf>
<wf cmd="ignore" pos="DT">the</wf>
<wf cmd="tag" pos="NN">block</wf>
<punc>.</punc>
</s>
</p>
<p pnum="12">
<s snum="55">
<wf cmd="ignore" pos="IN">At</wf>
<wf cmd="ignore" pos="DT">the</wf>
<wf cmd="tag" pos="NN">opening</wf>
<wf cmd="ignore" pos="IN">of</wf>
<wf cmd="ignore" pos="DT">the</wf>
<wf cmd="tag" pos="NNP">Du</wf>
<wf cmd="tag" pos="NN">^</wf>
<wf cmd="tag" pos="NN">sseldorf</wf>
<wf cmd="tag" pos="NN">show</wf>
<punc>,</punc>
<wf cmd="tag" pos="NNP">Thompson</wf>
<wf cmd="ignore" pos="PRP">himself</wf>
<wf cmd="tag" pos="RB">scarcely</wf>
<wf cmd="done" pos="VB" lemma="glance" wnsn="1" lexsn="2:39:00::">glanced</wf>
<wf cmd="ignore" pos="IN">at</wf>
<wf cmd="ignore" pos="DT">the</wf>
<wf cmd="tag" pos="NNS">treasures</wf>
<wf cmd="ignore" pos="IN">that</wf>
<wf cmd="ignore" pos="PRP">he</wf>
<wf cmd="done" pos="VBD" ot="notag">was</wf>
<wf cmd="done" pos="VB" lemma="see" wnsn="1" lexsn="2:39:00::">seeing</wf>
<wf cmd="tag" pos="RB">together</wf>
<wf cmd="ignore" pos="IN">for</wf>
<wf cmd="ignore" pos="DT">the</wf>
<wf cmd="tag" pos="JJ">last</wf>
<wf cmd="tag" pos="NN">time</wf>
<punc>.</punc>
</s>
<s snum="56">
<wf cmd="tag" pos="RB">In_fact</wf>
<wf cmd="ignore" pos="PRP">he</wf>
<wf cmd="done" pos="VB" lemma="seem" wnsn="1" lexsn="2:39:00::">seemed</wf>
<wf cmd="tag" pos="JJ">delighted</wf>
<wf cmd="ignore" pos="TO">to</wf>
<wf cmd="done" pos="VB" lemma="get_rid_of" wnsn="1" lexsn="2:40:01::">get_rid_of</wf>
<wf cmd="ignore" pos="PRP">them</wf>
<punc>.</punc>
</s>
<s snum="57">
<wf cmd="ignore" pos="DT">Some</wf>
<wf cmd="tag" pos="NNS">observers</wf>
<wf cmd="done" pos="VB" lemma="speculate" wnsn="1" lexsn="2:31:01::">speculated</wf>
<wf cmd="ignore" pos="IN">that</wf>
<wf cmd="ignore" pos="DT">this</wf>
<wf cmd="ignore" pos="MD">might</wf>
<wf cmd="done" pos="VB" lemma="be" wnsn="6" lexsn="2:42:07::">be</wf>
<wf cmd="ignore" pos="PRP$">his</wf>
<wf cmd="tag" pos="NN">revenge</wf>
<wf cmd="ignore" pos="IN">on</wf>
<wf cmd="ignore" pos="PRP$">his</wf>
<wf cmd="tag" pos="NN">home</wf>
<wf cmd="tag" pos="NN">town</wf>
<punc>.</punc>
</s>
<s snum="58">
<wf cmd="tag" pos="NNP">Thompson</wf>
<wf cmd="ignore" pos="PRP">himself</wf>
<wf cmd="done" pos="VB" lemma="say" wnsn="1" lexsn="2:32:00::">said</wf>
<punc>:</punc>
<punc>``</punc>
<wf cmd="ignore" pos="PRP">I</wf>
<wf cmd="done" pos="VB" lemma="want" wnsn="1" lexsn="2:37:00::">want</wf>
<wf cmd="done" pos="VB" ot="notag">to</wf>
<wf cmd="done" pos="VB" lemma="enjoy" wnsn="1" lexsn="2:37:00::">enjoy</wf>
<wf cmd="tag" pos="RB">once_more</wf>
<wf cmd="ignore" pos="DT">the</wf>
<wf cmd="tag" pos="NN">pleasure</wf>
<wf cmd="ignore" pos="IN">of</wf>
<wf cmd="tag" pos="JJ">bare</wf>
<wf cmd="tag" pos="NNS">walls</wf>
<wf cmd="done" pos="VB" lemma="wait" wnsn="1" lexsn="2:42:00::">waiting</wf>
<wf cmd="done" pos="VB" ot="notag">for</wf>
<wf cmd="tag" pos="JJ">new</wf>
<wf cmd="tag" pos="NNS">pictures</wf>
<punc>''</punc>
<punc>.</punc>
</s>
</p>
<p pnum="13">
<s snum="59">
<wf cmd="ignore" pos="DT">The</wf>
<wf cmd="tag" pos="NNP">University</wf>
<wf cmd="ignore" pos="IN">of</wf>
<wf cmd="tag" pos="NNP">Georgia</wf>
<wf cmd="done" pos="VBZ" ot="notag">has</wf>
<wf cmd="tag" pos="JJ">long</wf>
<wf cmd="done" pos="VB" lemma="claim" wnsn="1" lexsn="2:32:00::">claimed</wf>
<wf cmd="ignore" pos="IN">that</wf>
<wf cmd="ignore" pos="PRP">it</wf>
<wf cmd="done" pos="VBZ" ot="notag">does</wf>
<wf cmd="tag" pos="RB">not</wf>
<wf cmd="done" pos="VB" lemma="discriminate" wnsn="2" lexsn="2:41:12::">discriminate</wf>
<wf cmd="done" pos="VB" ot="notag">against</wf>
<wf cmd="ignore" pos="DT">any</wf>
<wf cmd="tag" pos="NN">applicant</wf>
<wf cmd="ignore" pos="IN">on</wf>
<wf cmd="ignore" pos="DT">the</wf>
<wf cmd="tag" pos="NN">basis</wf>
<wf cmd="ignore" pos="IN">of</wf>
<wf cmd="tag" pos="NN">race</wf>
<wf cmd="ignore" pos="CC">or</wf>
<wf cmd="tag" pos="NN">color</wf>
<punc>.</punc>
</s>
<s snum="60">
<wf cmd="ignore" pos="CC">But</wf>
<wf cmd="tag" pos="RB">in_all</wf>
<wf cmd="ignore" pos="PRP$">its</wf>
<wf cmd="tag" pos="CD">175</wf>
<wf cmd="tag" pos="NNS">years</wf>
<punc>,</punc>
<wf cmd="tag" pos="RB">not</wf>
<wf cmd="ignore" pos="DT">a</wf>
<wf cmd="tag" pos="JJ">single</wf>
<wf cmd="tag" pos="NNP">Negro</wf>
<wf cmd="tag" pos="NN">student</wf>
<wf cmd="done" pos="VBZ" ot="notag">has</wf>
<wf cmd="done" pos="VB" lemma="enter" wnsn="1" lexsn="2:38:00::">entered</wf>
<wf cmd="ignore" pos="PRP$">its</wf>
<wf cmd="tag" pos="NNS">classrooms</wf>
<punc>.</punc>
</s>
<s snum="61">
<wf cmd="tag" pos="JJ">Last</wf>
<wf cmd="tag" pos="NN">week</wf>
<wf cmd="tag" pos="NN">Federal_District</wf>
<wf cmd="tag" pos="NNP">Judge_William_A._Bootle</wf>
<wf cmd="done" pos="VB" lemma="order" wnsn="1" lexsn="2:32:01::">ordered</wf>
<wf cmd="ignore" pos="DT">the</wf>
<wf cmd="tag" pos="NN">university</wf>
<wf cmd="ignore" pos="TO">to</wf>
<wf cmd="done" pos="VB" lemma="admit" wnsn="2" lexsn="2:41:01::">admit</wf>
<wf cmd="tag" pos="RB">immediately</wf>
<wf cmd="ignore" pos="DT">a</wf>
<punc>``</punc>
<wf cmd="tag" pos="JJ">qualified</wf>
<punc>''</punc>
<wf cmd="tag" pos="NNP">Negro</wf>
<wf cmd="tag" pos="NN">boy</wf>
<wf cmd="ignore" pos="CC">and</wf>
<wf cmd="tag" pos="NN">girl</wf>
<punc>.</punc>
</s>
<s snum="62">
<wf cmd="ignore" pos="PRP$">Their</wf>
<wf cmd="tag" pos="NN">entry</wf>
<wf cmd="ignore" pos="MD">will</wf>
<wf cmd="done" pos="VB" lemma="crack" wnsn="5" lexsn="2:30:09::">crack</wf>
<wf cmd="ignore" pos="DT">the</wf>
<wf cmd="tag" pos="JJ">total</wf>
<wf cmd="tag" pos="NN">segregation</wf>
<wf cmd="ignore" pos="IN">of</wf>
<wf cmd="ignore" pos="DT">all</wf>
<wf cmd="tag" pos="JJ">public</wf>
<wf cmd="tag" pos="NN">education</wf>
<punc>,</punc>
<wf cmd="ignore" pos="IN">from</wf>
<wf cmd="tag" pos="NN">kindergarten</wf>
<wf cmd="ignore" pos="IN">through</wf>
<wf cmd="tag" pos="NN">graduate_school</wf>
<punc>,</punc>
<wf cmd="ignore" pos="IN">in</wf>
<wf cmd="tag" pos="NNP">Georgia</wf>
<punc>-</punc>
<wf cmd="ignore" pos="CC">and</wf>
<wf cmd="ignore" pos="IN">in</wf>
<wf cmd="tag" pos="NNP">Alabama</wf>
<punc>,</punc>
<wf cmd="tag" pos="NNP">Mississippi</wf>
<wf cmd="ignore" pos="CC">and</wf>
<wf cmd="tag" pos="NN">South_Carolina</wf>
<wf cmd="tag" pos="RB">as_well</wf>
<punc>.</punc>
</s>
</p>
<p pnum="14">
<s snum="63">
<wf cmd="ignore" pos="IN">For</wf>
<wf cmd="tag" pos="CD">18</wf>
<wf cmd="tag" pos="NNS">months</wf>
<punc>,</punc>
<wf cmd="tag" pos="NNP">Hamilton_Holmes</wf>
<punc>,</punc>
<wf cmd="tag" pos="CD">19</wf>
<punc>,</punc>
<wf cmd="ignore" pos="CC">and</wf>
<wf cmd="tag" pos="NNP">Charlayne_Hunter</wf>
<punc>,</punc>
<wf cmd="tag" pos="CD">18</wf>
<punc>,</punc>
<wf cmd="done" pos="VBD" ot="notag">had</wf>
<wf cmd="done" pos="VB" lemma="try" wnsn="1" lexsn="2:41:00::">tried</wf>
<wf cmd="ignore" pos="TO">to</wf>
<wf cmd="done" pos="VB" lemma="get_into" wnsn="3" lexsn="2:40:00::">get_into</wf>
<wf cmd="ignore" pos="DT">the</wf>
<wf cmd="tag" pos="NN">university</wf>
<punc>.</punc>
</s>
<s snum="64">
<wf cmd="ignore" pos="PRP">They</wf>
<wf cmd="done" pos="VB" lemma="graduate" wnsn="1" lexsn="2:40:00::">graduated</wf>
<wf cmd="tag" pos="RB">together</wf>
<wf cmd="ignore" pos="IN">from</wf>
<wf cmd="tag" pos="NNP">Atlanta</wf>
<wf cmd="ignore" pos="POS">'s</wf>
<wf cmd="tag" pos="NNP">Turner</wf>
<wf cmd="tag" pos="NN">High_School</wf>
<punc>,</punc>
<wf cmd="ignore" pos="WRB">where</wf>
<wf cmd="tag" pos="NNP">Valedictorian_Holmes</wf>
<wf cmd="done" pos="VB" lemma="be" wnsn="1" lexsn="2:42:03::">was</wf>
<wf cmd="tag" pos="JJ">first</wf>
<wf cmd="ignore" pos="IN">in</wf>
<wf cmd="ignore" pos="DT">the</wf>
<wf cmd="tag" pos="NN">class</wf>
<wf cmd="ignore" pos="CC">and</wf>
<wf cmd="tag" pos="NNP">Charlayne</wf>
<wf cmd="tag" pos="JJ">third</wf>
<punc>.</punc>
</s>
<s snum="65">
<wf cmd="ignore" pos="DT">The</wf>
<wf cmd="tag" pos="NN">university</wf>
<wf cmd="done" pos="VB" lemma="reject" wnsn="2" lexsn="2:40:00::">rejected</wf>
<wf cmd="ignore" pos="PRP">them</wf>
<wf cmd="ignore" pos="IN">on</wf>
<wf cmd="ignore" pos="DT">a</wf>
<wf cmd="tag" pos="NN">variety</wf>
<wf cmd="ignore" pos="IN">of</wf>
<wf cmd="tag" pos="NNS">pretexts</wf>
<punc>,</punc>
<wf cmd="ignore" pos="CC">but</wf>
<wf cmd="done" pos="VB" lemma="be" wnsn="1" lexsn="2:42:03::">was</wf>
<wf cmd="tag" pos="JJ">careful</wf>
<wf cmd="tag" pos="RB">never</wf>
<wf cmd="ignore" pos="TO">to</wf>
<wf cmd="done" pos="VB" lemma="mention" wnsn="2" lexsn="2:32:00::">mention</wf>
<wf cmd="ignore" pos="DT">the</wf>
<wf cmd="tag" pos="NN">color</wf>
<wf cmd="ignore" pos="IN">of</wf>
<wf cmd="ignore" pos="PRP$">their</wf>
<wf cmd="tag" pos="NNS">skins</wf>
<punc>.</punc>
</s>
<s snum="66">
<wf cmd="tag" pos="NNP">Holmes</wf>
<wf cmd="done" pos="VB" lemma="go_to" wnsn="1" lexsn="2:42:00::">went_to</wf>
<wf cmd="tag" pos="NNP">Atlanta</wf>
<wf cmd="ignore" pos="POS">'s</wf>
<wf cmd="tag" pos="NNP">Morehouse</wf>
<punc>(</punc>
<wf cmd="tag" pos="NNP">Negro</wf>
<punc>)</punc>
<wf cmd="tag" pos="NNP">College</wf>
<punc>,</punc>
<wf cmd="ignore" pos="WRB">where</wf>
<wf cmd="ignore" pos="PRP">he</wf>
<wf cmd="done" pos="VB" lemma="be" wnsn="6" lexsn="2:42:07::">is</wf>
<wf cmd="ignore" pos="DT">a</wf>
<wf cmd="tag" pos="NNP">B</wf>
<punc>+</punc>
<wf cmd="tag" pos="NN">student</wf>
<wf cmd="ignore" pos="CC">and</wf>
<wf cmd="tag" pos="NN">star</wf>
<wf cmd="tag" pos="NN">halfback</wf>
<punc>.</punc>
</s>
<s snum="67">
<wf cmd="tag" pos="NNP">Charlayne</wf>
<wf cmd="done" pos="VB" lemma="study" wnsn="2" lexsn="2:31:03::">studied</wf>
<wf cmd="tag" pos="NN">journalism</wf>
<wf cmd="ignore" pos="IN">at</wf>
<wf cmd="tag" pos="NNP">Detroit</wf>
<wf cmd="ignore" pos="POS">'s</wf>
<wf cmd="tag" pos="NNP">Wayne_State_University</wf>
<punc>.</punc>
</s>
<s snum="68">
<wf cmd="tag" pos="JJ">Last</wf>
<wf cmd="tag" pos="NN">fall</wf>
<punc>,</punc>
<wf cmd="ignore" pos="IN">after</wf>
<wf cmd="ignore" pos="PRP">they</wf>
<wf cmd="done" pos="VB" ot="notag">took</wf>
<wf cmd="ignore" pos="PRP$">their</wf>
<wf cmd="tag" pos="NNS">hopes</wf>
<wf cmd="ignore" pos="IN">for</wf>
<wf cmd="done" pos="VB" lemma="enter" wnsn="3" lexsn="2:41:06::">entering</wf>
<wf cmd="tag" pos="NNP">Georgia</wf>
<wf cmd="ignore" pos="TO">to</wf>
<wf cmd="tag" pos="NN">court</wf>
<punc>,</punc>
<wf cmd="tag" pos="NNP">Judge_Bootle</wf>
<wf cmd="done" pos="VB" lemma="order" wnsn="1" lexsn="2:32:01::">ordered</wf>
<wf cmd="ignore" pos="PRP">them</wf>
<wf cmd="ignore" pos="TO">to</wf>
<wf cmd="done" pos="VB" lemma="apply" wnsn="3" lexsn="2:32:00::">apply</wf>
<wf cmd="tag" pos="RB">again</wf>
<punc>.</punc>
</s>
</p>
<p pnum="15">
<s snum="69">
<wf cmd="tag" pos="NNP">Charlayne</wf>
<wf cmd="done" pos="VBD" ot="notag">was</wf>
<punc>``</punc>
<wf cmd="tag" pos="RB">tentatively</wf>
<punc>''</punc>
<wf cmd="done" pos="VB" lemma="admit" wnsn="2" lexsn="2:41:01::">admitted</wf>
<wf cmd="ignore" pos="IN">for</wf>
<wf cmd="tag" pos="JJ">next</wf>
<wf cmd="tag" pos="NN">fall</wf>
<punc>,</punc>
<wf cmd="ignore" pos="IN">after</wf>
<wf cmd="tag" pos="NN">state</wf>
<wf cmd="tag" pos="NNS">investigators</wf>
<wf cmd="done" pos="VB" lemma="question" wnsn="2" lexsn="2:32:03::">questioned</wf>
<wf cmd="ignore" pos="PRP$">her</wf>
<wf cmd="tag" pos="JJ">white</wf>
<wf cmd="tag" pos="NN">roommate</wf>
<wf cmd="ignore" pos="IN">at</wf>
<wf cmd="tag" pos="NNP">Wayne_State</wf>
<punc>.</punc>
</s>
<s snum="70">
<wf cmd="ignore" pos="CC">But</wf>
<wf cmd="tag" pos="NNP">Holmes</wf>
<wf cmd="done" pos="VBD" ot="notag">was</wf>
<wf cmd="done" pos="VB" lemma="reject" wnsn="2" lexsn="2:40:00::">rejected</wf>
<wf cmd="tag" pos="RB">again</wf>
<punc>``</punc>
<wf cmd="ignore" pos="IN">on</wf>
<wf cmd="ignore" pos="DT">the</wf>
<wf cmd="tag" pos="NN">basis</wf>
<wf cmd="ignore" pos="IN">of</wf>
<wf cmd="ignore" pos="PRP$">his</wf>
<wf cmd="tag" pos="NN">record</wf>
<wf cmd="ignore" pos="CC">and</wf>
<wf cmd="tag" pos="NN">interview</wf>
<punc>''</punc>
<punc>.</punc>
</s>
<s snum="71">
<wf cmd="ignore" pos="DT">The</wf>
<wf cmd="tag" pos="NN">evidence</wf>
<wf cmd="ignore" pos="IN">in</wf>
<wf cmd="tag" pos="NN">court</wf>
<wf cmd="done" pos="VB" lemma="be" wnsn="6" lexsn="2:42:07::">was</wf>
<wf cmd="tag" pos="NN">testimony</wf>
<wf cmd="ignore" pos="IN">about</wf>
<wf cmd="ignore" pos="DT">the</wf>
<wf cmd="tag" pos="NN">interview</wf>
<punc>,</punc>
<wf cmd="ignore" pos="WDT">which</wf>
<wf cmd="ignore" pos="IN">for</wf>
<wf cmd="tag" pos="NNP">Holmes</wf>
<wf cmd="done" pos="VB" lemma="last" wnsn="1" lexsn="2:42:00::">lasted</wf>
<wf cmd="ignore" pos="DT">an</wf>
<wf cmd="tag" pos="NN">hour</wf>
<punc>,</punc>
<wf cmd="ignore" pos="IN">although</wf>
<wf cmd="tag" pos="RB">at_least</wf>
<wf cmd="tag" pos="CD">one</wf>
<wf cmd="tag" pos="JJ">white</wf>
<wf cmd="tag" pos="NN">student</wf>
<wf cmd="ignore" pos="IN">at</wf>
<wf cmd="tag" pos="NNP">Georgia</wf>
<wf cmd="done" pos="VB" lemma="get_through" wnsn="1" lexsn="2:30:00::">got_through</wf>
<wf cmd="ignore" pos="DT">this</wf>
<wf cmd="tag" pos="NN">ritual</wf>
<wf cmd="ignore" pos="IN">by</wf>
<wf cmd="ignore" pos="DT">a</wf>
<wf cmd="tag" pos="JJ">simple</wf>
<wf cmd="tag" pos="NN">phone</wf>
<wf cmd="tag" pos="NN">conversation</wf>
<punc>.</punc>
</s>
<s snum="72">
<wf cmd="tag" pos="NNP">Holmes</wf>
<wf cmd="done" pos="VBD" ot="notag">was</wf>
<wf cmd="done" pos="VB" lemma="ask" wnsn="1" lexsn="2:32:00::">asked</wf>
<wf cmd="ignore" pos="IN">if</wf>
<wf cmd="ignore" pos="PRP">he</wf>
<wf cmd="done" pos="VBD" ot="notag">had</wf>
<wf cmd="tag" pos="RB">ever</wf>
<wf cmd="done" pos="VB" lemma="visit" wnsn="1" lexsn="2:41:02::">visited</wf>
<wf cmd="ignore" pos="DT">a</wf>
<wf cmd="tag" pos="NN">house_of_prostitution</wf>
<punc>,</punc>
<wf cmd="ignore" pos="CC">or</wf>
<wf cmd="ignore" pos="DT">a</wf>
<punc>``</punc>
<wf cmd="tag" pos="NN">beatnik</wf>
<wf cmd="tag" pos="NN">parlor</wf>
<wf cmd="ignore" pos="CC">or</wf>
<wf cmd="tag" pos="NN">teahouse</wf>
<punc>''</punc>
<punc>.</punc>
</s>
<s snum="73">
<wf cmd="ignore" pos="DT">No</wf>
<punc>,</punc>
<wf cmd="done" pos="VB" lemma="say" wnsn="1" lexsn="2:32:00::">said</wf>
<wf cmd="ignore" pos="PRP">he</wf>
<punc>,</punc>
<wf cmd="ignore" pos="CC">but</wf>
<wf cmd="tag" pos="NNS">officials</wf>
<wf cmd="tag" pos="RB">still</wf>
<wf cmd="done" pos="VB" lemma="call" wnsn="2" lexsn="2:32:00::">called</wf>
<wf cmd="ignore" pos="PRP">him</wf>
<punc>``</punc>
<wf cmd="tag" pos="JJ">evasive</wf>
<punc>''</punc>
<punc>.</punc>
</s>
<s snum="74">
<wf cmd="ignore" pos="PRP">They</wf>
<wf cmd="tag" pos="RB">also</wf>
<wf cmd="done" pos="VB" lemma="say" wnsn="1" lexsn="2:32:00::">said</wf>
<wf cmd="ignore" pos="PRP">he</wf>
<wf cmd="done" pos="VB" lemma="lie" wnsn="5" lexsn="2:32:00::">lied</wf>
<wf cmd="done" pos="VB" ot="notag">in</wf>
<wf cmd="done" pos="VB" lemma="say" wnsn="2" lexsn="2:32:01::">saying</wf>
<wf cmd="ignore" pos="IN">that</wf>
<wf cmd="ignore" pos="PRP">he</wf>
<wf cmd="done" pos="VBD" ot="notag">had</wf>
<wf cmd="tag" pos="RB">never</wf>
<wf cmd="done" pos="VBN" ot="notag">been</wf>
<punc>``</punc>
<wf cmd="done" pos="VB" lemma="arrest" wnsn="1" lexsn="2:35:00::">arrested</wf>
<punc>''</punc>
<punc>.</punc>
</s>
<s snum="75">
<wf cmd="ignore" pos="PRP$">Their</wf>
<wf cmd="tag" pos="NN">reason</wf>
<punc>:</punc>
<wf cmd="tag" pos="NNP">Holmes</wf>
<wf cmd="tag" pos="RB">once</wf>
<wf cmd="done" pos="VB" lemma="pay" wnsn="1" lexsn="2:40:00::">paid</wf>
<wf cmd="ignore" pos="DT">a</wf>
<punc>$</punc>
<wf cmd="tag" pos="CD">20</wf>
<wf cmd="tag" pos="JJ">speeding</wf>
<wf cmd="tag" pos="JJ">fine</wf>
<punc>,</punc>
<wf cmd="done" pos="VB" lemma="have" wnsn="11" lexsn="2:30:01::">had</wf>
<wf cmd="ignore" pos="PRP$">his</wf>
<wf cmd="tag" pos="NN">license</wf>
<wf cmd="done" pos="VB" lemma="suspend" wnsn="4" lexsn="2:30:00::">suspended</wf>
<punc>.</punc>
</s>
</p>
<p pnum="16">
<s snum="76">
<wf cmd="tag" pos="NNP">Negro</wf>
<wf cmd="tag" pos="NNS">lawyers</wf>
<wf cmd="done" pos="VB" lemma="dig_into" wnsn="1" lexsn="2:35:00::">dug_into</wf>
<wf cmd="ignore" pos="DT">the</wf>
<wf cmd="tag" pos="NNS">records</wf>
<wf cmd="ignore" pos="IN">of</wf>
<wf cmd="tag" pos="CD">300</wf>
<wf cmd="tag" pos="JJ">white</wf>
<wf cmd="tag" pos="NNS">students</wf>
<punc>,</punc>
<wf cmd="done" pos="VB" lemma="find" wnsn="9" lexsn="2:31:09::">found</wf>
<wf cmd="ignore" pos="IN">that</wf>
<wf cmd="tag" pos="JJ">many</wf>
<wf cmd="done" pos="VBD" ot="notag">were</wf>
<wf cmd="tag" pos="RB">hardly</wf>
<wf cmd="done" pos="VB" lemma="interview" wnsn="2" lexsn="2:32:01::">interviewed</wf>
<wf cmd="tag" pos="RB">at_all</wf>
<punc>-</punc>
<wf cmd="ignore" pos="CC">and</wf>
<wf cmd="tag" pos="JJ">few</wf>
<wf cmd="done" pos="VB" lemma="have" wnsn="2" lexsn="2:42:00::">had</wf>
<wf cmd="tag" pos="JJ">academic</wf>
<wf cmd="tag" pos="NNS">records</wf>
<wf cmd="tag" pos="JJ">as_good_as</wf>
<wf cmd="tag" pos="NNP">Hamilton_Holmes</wf>
<punc>.</punc>
</s>
<s snum="77">
<wf cmd="ignore" pos="DT">The</wf>
<wf cmd="tag" pos="JJ">real</wf>
<wf cmd="tag" pos="NN">reason</wf>
<wf cmd="ignore" pos="IN">for</wf>
<wf cmd="ignore" pos="PRP$">his</wf>
<wf cmd="tag" pos="NN">rejection</wf>
<punc>,</punc>
<wf cmd="ignore" pos="PRP">they</wf>
<wf cmd="done" pos="VB" lemma="argue" wnsn="1" lexsn="2:32:02::">argued</wf>
<punc>,</punc>
<wf cmd="done" pos="VB" lemma="be" wnsn="1" lexsn="2:42:03::">is</wf>
<wf cmd="ignore" pos="DT">the</wf>
<wf cmd="tag" pos="NN">fact</wf>
<wf cmd="ignore" pos="IN">that</wf>
<wf cmd="tag" pos="NNP">Georgia</wf>
<wf cmd="tag" pos="NN">law</wf>
<wf cmd="tag" pos="RB">automatically</wf>
<wf cmd="done" pos="VB" lemma="cut_off" wnsn="1" lexsn="2:32:00::">cuts_off</wf>
<wf cmd="tag" pos="NNS">funds</wf>
<wf cmd="ignore" pos="IN">for</wf>
<wf cmd="ignore" pos="DT">any</wf>
<wf cmd="tag" pos="JJ">desegregated</wf>
<wf cmd="tag" pos="NN">school</wf>
<punc>.</punc>
</s>
</p>
<p pnum="17">
<s snum="78">
<wf cmd="tag" pos="NNP">Judge_Bootle</wf>
<wf cmd="ignore" pos="POS">'s</wf>
<wf cmd="tag" pos="NN">decision</wf>
<punc>:</punc>
<punc>``</punc>
<wf cmd="ignore" pos="DT">The</wf>
<wf cmd="tag" pos="CD">two</wf>
<wf cmd="tag" pos="NNS">plaintiffs</wf>
<wf cmd="done" pos="VB" lemma="be" wnsn="1" lexsn="2:42:03::">are</wf>
<wf cmd="tag" pos="JJ">qualified</wf>
<wf cmd="ignore" pos="IN">for</wf>
<wf cmd="tag" pos="NN">admission</wf>
<wf cmd="ignore" pos="TO">to</wf>
<wf cmd="tag" pos="JJ">said</wf>
<wf cmd="tag" pos="NN">university</wf>
<wf cmd="ignore" pos="CC">and</wf>
<wf cmd="ignore" pos="MD">would</wf>
<wf cmd="tag" pos="RB">already</wf>
<wf cmd="done" pos="VB" ot="notag">have</wf>
<wf cmd="done" pos="VBN" ot="notag">been</wf>
<wf cmd="done" pos="VB" lemma="admit" wnsn="2" lexsn="2:41:01::">admitted</wf>
<wf cmd="done" pos="VBN" ot="notag">had</wf>
<wf cmd="ignore" pos="PRP">it</wf>
<wf cmd="tag" pos="RB">not</wf>
<wf cmd="done" pos="VB" lemma="be" wnsn="4" lexsn="2:42:00::">been</wf>
<wf cmd="ignore" pos="IN">for</wf>
<wf cmd="ignore" pos="PRP$">their</wf>
<wf cmd="tag" pos="NN">race</wf>
<wf cmd="ignore" pos="CC">and</wf>
<wf cmd="tag" pos="NN">color</wf>
<punc>''</punc>
<punc>.</punc>
</s>
<s snum="79">
<wf cmd="ignore" pos="DT">The</wf>
<wf cmd="tag" pos="NN">state</wf>
<wf cmd="ignore" pos="MD">will</wf>
<wf cmd="done" pos="VB" lemma="appeal" wnsn="1" lexsn="2:41:00::">appeal</wf>
<punc>-</punc>
<wf cmd="ignore" pos="CC">but</wf>
<wf cmd="tag" pos="JJ">few</wf>
<wf cmd="done" pos="VB" lemma="think" wnsn="2" lexsn="2:31:03::">think</wf>
<wf cmd="ignore" pos="PRP">it</wf>
<wf cmd="ignore" pos="MD">will</wf>
<wf cmd="tag" pos="RB">actually</wf>
<wf cmd="done" pos="VB" lemma="try" wnsn="1" lexsn="2:41:00::">try</wf>
<wf cmd="ignore" pos="TO">to</wf>
<wf cmd="done" pos="VB" lemma="close" wnsn="3" lexsn="2:41:00::">close</wf>
<wf cmd="ignore" pos="DT">the</wf>
<wf cmd="tag" pos="NN">university</wf>
<punc>.</punc>
</s>
<s snum="80">
<punc>``</punc>
<wf cmd="tag" pos="JJ">Surprised</wf>
<wf cmd="ignore" pos="CC">and</wf>
<wf cmd="tag" pos="JJ">pleased</wf>
<punc>''</punc>
<punc>,</punc>
<wf cmd="tag" pos="NNS">Students</wf>
<wf cmd="tag" pos="NNP">Holmes</wf>
<wf cmd="ignore" pos="CC">and</wf>
<wf cmd="tag" pos="NNP">Hunter</wf>
<wf cmd="ignore" pos="MD">may</wf>
<wf cmd="done" pos="VB" lemma="enter" wnsn="3" lexsn="2:41:06::">enter</wf>
<wf cmd="ignore" pos="DT">the</wf>
<wf cmd="tag" pos="NNP">University</wf>
<wf cmd="ignore" pos="IN">of</wf>
<wf cmd="tag" pos="NNP">Georgia</wf>
<wf cmd="ignore" pos="DT">this</wf>
<wf cmd="tag" pos="NN">week</wf>
<punc>.</punc>
</s>
</p>
<p pnum="18">
<s snum="81">
<wf cmd="ignore" pos="WRB">When</wf>
<wf cmd="ignore" pos="DT">the</wf>
<wf cmd="tag" pos="NNP">University</wf>
<wf cmd="ignore" pos="IN">of</wf>
<wf cmd="tag" pos="NNP">Chicago</wf>
<wf cmd="ignore" pos="POS">'s</wf>
<wf cmd="tag" pos="NNP">Chancellor_Lawrence_A._Kimpton</wf>
<wf cmd="done" pos="VB" lemma="submit" wnsn="2" lexsn="2:32:00::">submitted</wf>
<wf cmd="ignore" pos="PRP$">his</wf>
<wf cmd="tag" pos="NN">resignation</wf>
<wf cmd="tag" pos="JJ">last</wf>
<wf cmd="tag" pos="NNP">March</wf>
<punc>,</punc>
<wf cmd="ignore" pos="DT">a</wf>
<wf cmd="tag" pos="JJ">mighty</wf>
<wf cmd="tag" pos="NN">talent</wf>
<wf cmd="tag" pos="NN">hunt</wf>
<wf cmd="done" pos="VB" lemma="grip" wnsn="1" lexsn="2:35:00::">gripped</wf>
<wf cmd="ignore" pos="DT">the</wf>
<wf cmd="tag" pos="NNP">Midway</wf>
<punc>.</punc>
</s>
<s snum="82">
<wf cmd="ignore" pos="IN">Out</wf>
<wf cmd="done" rdf="go_out" pos="VB" lemma="go_out" wnsn="1" lexsn="2:38:00::">went</wf>
<wf cmd="tag" pos="NNS">letters</wf>
<wf cmd="ignore" pos="TO">to</wf>
<wf cmd="tag" pos="CD">60000</wf>
<wf cmd="tag" pos="JJ">old</wf>
<wf cmd="tag" pos="NNS">grads</wf>
<punc>,</punc>
<wf cmd="done" pos="VB" lemma="ask" wnsn="2" lexsn="2:32:01::">asking</wf>
<wf cmd="done" pos="VB" ot="notag">for</wf>
<wf cmd="tag" pos="NNS">suggestions</wf>
<punc>.</punc>
</s>
<s snum="83">
<wf cmd="tag" pos="JJ">Such</wf>
<wf cmd="tag" pos="JJ">academic</wf>
<wf cmd="tag" pos="NNS">statesmen</wf>
<wf cmd="ignore" pos="IN">as</wf>
<wf cmd="tag" pos="NNP">James_B._Conant</wf>
<wf cmd="done" pos="VBD" ot="notag">were</wf>
<wf cmd="done" pos="VB" lemma="consult" wnsn="0" lexsn="2:32:03::">consulted</wf>
<punc>.</punc>
</s>
<s snum="84">
<wf cmd="tag" pos="CD">Two</wf>
<wf cmd="tag" pos="NNS">committees</wf>
<wf cmd="done" pos="VB" lemma="ponder" wnsn="1" lexsn="2:31:00::">pondered</wf>
<wf cmd="tag" pos="CD">375</wf>
<wf cmd="tag" pos="JJ">possible</wf>
<wf cmd="tag" pos="NNP">Kimpton</wf>
<wf cmd="tag" pos="NNS">successors</wf>
<punc>,</punc>
<wf cmd="done" pos="VB" lemma="include" wnsn="1" lexsn="2:42:00::">including</wf>
<wf cmd="tag" pos="NNP">Adlai_Stevenson</wf>
<punc>,</punc>
<wf cmd="tag" pos="NNP">Richard_Nixon</wf>
<punc>,</punc>
<wf cmd="ignore" pos="CC">and</wf>
<wf cmd="tag" pos="NNP">Harvard</wf>
<wf cmd="ignore" pos="POS">'s</wf>
<wf cmd="tag" pos="NNP">Dean_McGeorge_Bundy</wf>
<punc>.</punc>
</s>
<s snum="85">
<wf cmd="ignore" pos="DT">The</wf>
<wf cmd="tag" pos="NN">debate</wf>
<wf cmd="done" pos="VB" lemma="lead" wnsn="3" lexsn="2:42:12::">led</wf>
<wf cmd="done" pos="VB" ot="notag">to</wf>
<wf cmd="ignore" pos="DT">a</wf>
<wf cmd="tag" pos="NN">decision</wf>
<wf cmd="ignore" pos="IN">that</wf>
<wf cmd="tag" pos="NNP">Chicago</wf>
<wf cmd="done" pos="VB" lemma="need" wnsn="1" lexsn="2:42:00::">needed</wf>
<wf cmd="ignore" pos="DT">neither</wf>
<wf cmd="ignore" pos="DT">a</wf>
<wf cmd="tag" pos="JJ">big</wf>
<wf cmd="tag" pos="NN">name</wf>
<wf cmd="ignore" pos="CC">nor</wf>
<wf cmd="ignore" pos="DT">an</wf>
<wf cmd="tag" pos="JJ">experienced</wf>
<wf cmd="tag" pos="NN">academic_administrator</wf>
<punc>,</punc>
<wf cmd="ignore" pos="CC">but</wf>
<wf cmd="tag" pos="RB">rather</wf>
<punc>,</punc>
<wf cmd="ignore" pos="IN">as</wf>
<wf cmd="tag" pos="NNP">Trustee_Chairman_Glen_A._Lloyd</wf>
<wf cmd="done" pos="VB" lemma="put" wnsn="3" lexsn="2:32:00::">put</wf>
<wf cmd="ignore" pos="PRP">it</wf>
<punc>,</punc>
<punc>``</punc>
<wf cmd="ignore" pos="DT">a</wf>
<wf cmd="tag" pos="JJ">top</wf>
<wf cmd="tag" pos="NN">scholar</wf>
<wf cmd="ignore" pos="IN">in</wf>
<wf cmd="ignore" pos="PRP$">his</wf>
<wf cmd="tag" pos="JJ">own</wf>
<wf cmd="tag" pos="NN">right</wf>
<punc>''</punc>
<punc>-</punc>
<wf cmd="ignore" pos="DT">a</wf>
<wf cmd="tag" pos="JJ">bright</wf>
<wf cmd="tag" pos="NN">light</wf>
<wf cmd="ignore" pos="TO">to</wf>
<wf cmd="done" pos="VB" lemma="lure" wnsn="1" lexsn="2:32:00::">lure</wf>
<wf cmd="tag" pos="JJ">other</wf>
<wf cmd="tag" pos="JJ">top</wf>
<wf cmd="tag" pos="NNS">scholars</wf>
<wf cmd="ignore" pos="TO">to</wf>
<wf cmd="tag" pos="NNP">Chicago</wf>
<punc>.</punc>
</s>
</p>
<p pnum="19">
<s snum="86">
<wf cmd="tag" pos="JJ">Last</wf>
<wf cmd="tag" pos="NN">week</wf>
<wf cmd="tag" pos="NNP">Chicago</wf>
<wf cmd="tag" pos="RB">happily</wf>
<wf cmd="done" pos="VB" lemma="find" wnsn="7" lexsn="2:40:01::">found</wf>
<wf cmd="ignore" pos="PRP$">its</wf>
<wf cmd="tag" pos="JJ">top</wf>
<wf cmd="tag" pos="NN">scholar</wf>
<wf cmd="ignore" pos="IN">in</wf>
<wf cmd="tag" pos="NNP">Caltech</wf>
<wf cmd="ignore" pos="POS">'s</wf>
<wf cmd="tag" pos="JJ">acting</wf>
<wf cmd="tag" pos="NN">dean</wf>
<wf cmd="ignore" pos="IN">of</wf>
<wf cmd="ignore" pos="DT">the</wf>
<wf cmd="tag" pos="NN">faculty</wf>
<punc>:</punc>
<wf cmd="tag" pos="JJ">dynamic</wf>
<wf cmd="tag" pos="NNP">Geneticist_George_Wells_Beadle</wf>
<punc>,</punc>
<wf cmd="tag" pos="CD">57</wf>
<punc>,</punc>
<wf cmd="ignore" pos="WP">who</wf>
<wf cmd="done" pos="VB" lemma="share" wnsn="3" lexsn="2:40:01::">shared</wf>
<wf cmd="ignore" pos="DT">the</wf>
<wf cmd="tag" pos="CD">1958</wf>
<wf cmd="tag" pos="NN">Nobel_Prize</wf>
<wf cmd="ignore" pos="IN">in</wf>
<wf cmd="tag" pos="NN">medicine</wf>
<wf cmd="ignore" pos="CC">and</wf>
<wf cmd="tag" pos="NN">physiology</wf>
<wf cmd="ignore" pos="IN">for</wf>
<wf cmd="done" pos="VB" lemma="discover" wnsn="3" lexsn="2:36:00::">discovering</wf>
<wf cmd="ignore" pos="WRB">how</wf>
<wf cmd="tag" pos="NNS">genes</wf>
<wf cmd="done" pos="VB" lemma="affect" wnsn="2" lexsn="2:29:00::">affect</wf>
<wf cmd="tag" pos="NN">heredity</wf>
<wf cmd="ignore" pos="IN">by</wf>
<wf cmd="done" pos="VB" lemma="control" wnsn="1" lexsn="2:41:00::">controlling</wf>
<wf cmd="tag" pos="NN">cell</wf>
<wf cmd="tag" pos="NN">chemistry</wf>
<punc>(</punc>
<wf cmd="tag" pos="NNP">Time</wf>
<punc>,</punc>
<wf cmd="tag" pos="NNP">Cover</wf>
<punc>,</punc>
<wf cmd="tag" pos="NN">July_14</wf>
<punc>,</punc>
<wf cmd="tag" pos="CD">1958</wf>
<punc>)</punc>
<punc>.</punc>
</s>
</p>
<p pnum="20">
<s snum="87">
<wf cmd="ignore" pos="PRP">It</wf>
<wf cmd="done" pos="VB" lemma="fall" wnsn="14" lexsn="2:40:03::">fell</wf>
<wf cmd="done" pos="VB" ot="notag">to</wf>
<wf cmd="tag" pos="NNP">Chancellor_Kimpton</wf>
<punc>,</punc>
<wf cmd="tag" pos="RB">now</wf>
<wf cmd="ignore" pos="DT">a</wf>
<wf cmd="tag" pos="NNP">Standard_Oil</wf>
<punc>(</punc>
<wf cmd="tag" pos="NNP">Indiana</wf>
<punc>)</punc>
<wf cmd="tag" pos="NN">executive</wf>
<punc>,</punc>
<wf cmd="ignore" pos="TO">to</wf>
<wf cmd="done" pos="VB" lemma="spend" wnsn="1" lexsn="2:42:00::">spend</wf>
<wf cmd="ignore" pos="PRP$">his</wf>
<wf cmd="tag" pos="JJ">nine-year</wf>
<wf cmd="tag" pos="NN">reign</wf>
<wf cmd="done" pos="VB" lemma="tidy_up" wnsn="1" lexsn="2:30:00::">tidying_up</wf>
<wf cmd="tag" pos="NNP">Chicago</wf>
<wf cmd="ignore" pos="IN">after</wf>
<wf cmd="ignore" pos="DT">the</wf>
<wf cmd="tag" pos="CD">21</wf>
<punc>-</punc>
<wf cmd="tag" pos="NN">year</wf>
<wf cmd="tag" pos="NN">typhoon</wf>
<wf cmd="ignore" pos="IN">of</wf>
<wf cmd="tag" pos="NN">Idealist</wf>
<wf cmd="tag" pos="NNP">Robert_Maynard_Hutchins</wf>
<punc>.</punc>
</s>
<s snum="88">
<wf cmd="ignore" pos="PRP">He</wf>
<wf cmd="done" pos="VB" lemma="throw_out" wnsn="2" lexsn="2:40:00::">threw_out</wf>
<wf cmd="ignore" pos="DT">some</wf>
<wf cmd="ignore" pos="IN">of</wf>
<wf cmd="tag" pos="NNP">Hutchins</wf>
<punc>'</punc>
<wf cmd="tag" pos="RBR">more</wf>
<wf cmd="tag" pos="RB">wildly</wf>
<wf cmd="tag" pos="JJ">experimental</wf>
<wf cmd="tag" pos="NNS">courses</wf>
<punc>,</punc>
<wf cmd="done" pos="VB" lemma="raise" wnsn="1" lexsn="2:30:01::">raised</wf>
<wf cmd="tag" pos="JJ">sagging</wf>
<wf cmd="tag" pos="JJ">undergraduate</wf>
<wf cmd="tag" pos="NN">enrollment</wf>
<wf cmd="ignore" pos="TO">to</wf>
<wf cmd="tag" pos="CD">2100</wf>
<punc>,</punc>
<wf cmd="tag" pos="RB">nearly</wf>
<wf cmd="done" pos="VB" lemma="double" wnsn="1" lexsn="2:30:00::">doubled</wf>
<wf cmd="tag" pos="NN">endowment</wf>
<wf cmd="ignore" pos="TO">to</wf>
<punc>$</punc>
<wf cmd="tag" pos="CD">139.3</wf>
<wf cmd="tag" pos="CD">million</wf>
<punc>.</punc>
</s>
<s snum="89">
<wf cmd="ignore" pos="CC">But</wf>
<wf cmd="ignore" pos="IN">though</wf>
<wf cmd="tag" pos="NNP">Kimpton</wf>
<wf cmd="done" pos="VB" lemma="put" wnsn="2" lexsn="2:35:05::">put</wf>
<wf cmd="tag" pos="NNP">Chicago</wf>
<wf cmd="tag" pos="RB">in_what</wf>
<wf cmd="ignore" pos="PRP">he</wf>
<wf cmd="done" pos="VB" lemma="feel" wnsn="2" lexsn="2:31:00::">felt</wf>
<wf cmd="done" pos="VB" lemma="be" wnsn="1" lexsn="2:42:03::">was</wf>
<wf cmd="tag" pos="JJ">working</wf>
<wf cmd="tag" pos="NN">order</wf>
<punc>,</punc>
<wf cmd="ignore" pos="DT">some</wf>
<wf cmd="tag" pos="JJ">old</wf>
<wf cmd="tag" pos="NNS">grads</wf>
<wf cmd="done" pos="VB" lemma="feel" wnsn="2" lexsn="2:31:00::">feel</wf>
<wf cmd="ignore" pos="IN">that</wf>
<wf cmd="ignore" pos="PRP">it</wf>
<wf cmd="tag" pos="RB">still</wf>
<wf cmd="done" pos="VB" lemma="need" wnsn="1" lexsn="2:42:00::">needs</wf>
<wf cmd="ignore" pos="DT">the</wf>
<wf cmd="tag" pos="RB">kind_of</wf>
<wf cmd="tag" pos="JJ">lively</wf>
<wf cmd="tag" pos="NNS">teachers</wf>
<wf cmd="ignore" pos="WP">who</wf>
<wf cmd="done" pos="VB" lemma="fill" wnsn="1" lexsn="2:30:01::">filled</wf>
<wf cmd="ignore" pos="PRP">it</wf>
<wf cmd="ignore" pos="IN">in</wf>
<wf cmd="ignore" pos="DT">the</wf>
<wf cmd="tag" pos="JJ">heady</wf>
<wf cmd="tag" pos="NNP">Hutchins</wf>
<wf cmd="tag" pos="NN">era</wf>
<punc>.</punc>
</s>
</p>
<p pnum="21">
<s snum="90">
<wf cmd="ignore" pos="IN">At</wf>
<wf cmd="tag" pos="NNP">Caltech</wf>
<punc>,</punc>
<wf cmd="tag" pos="NNP">Geneticist_Beadle</wf>
<wf cmd="done" pos="VBZ" ot="notag">has</wf>
<wf cmd="done" rdf="stuck_to" pos="VB" lemma="stick_to" wnsn="0" lexsn="2:42:00::">stuck</wf>
<wf cmd="tag" pos="RB">close_to</wf>
<wf cmd="ignore" pos="PRP$">his</wf>
<wf cmd="tag" pos="NN">research</wf>
<wf cmd="ignore" pos="IN">as</wf>
<wf cmd="tag" pos="NN">head</wf>
<wf cmd="ignore" pos="IN">of</wf>
<wf cmd="ignore" pos="DT">the</wf>
<wf cmd="tag" pos="NN">school</wf>
<wf cmd="ignore" pos="POS">'s</wf>
<wf cmd="tag" pos="JJ">famous</wf>
<wf cmd="tag" pos="NN">biology</wf>
<wf cmd="tag" pos="NN">division</wf>
<wf cmd="ignore" pos="IN">since</wf>
<wf cmd="tag" pos="CD">1946</wf>
<punc>.</punc>
</s>
<s snum="91">
<wf cmd="ignore" pos="CC">But</wf>
<wf cmd="ignore" pos="PRP">he</wf>
<wf cmd="done" pos="VBZ" ot="notag">has</wf>
<wf cmd="done" pos="VB" lemma="show" wnsn="1" lexsn="2:39:02::">shown</wf>
<wf cmd="ignore" pos="DT">a</wf>
<wf cmd="tag" pos="NN">sixth-sense</wf>
<wf cmd="tag" pos="NN">ability</wf>
<wf cmd="ignore" pos="TO">to</wf>
<wf cmd="done" pos="VB" lemma="spot" wnsn="1" lexsn="2:39:00::">spot</wf>
<punc>,</punc>
<wf cmd="done" pos="VB" lemma="recruit" wnsn="2" lexsn="2:40:00::">recruit</wf>
<wf cmd="ignore" pos="CC">and</wf>
<wf cmd="done" pos="VB" lemma="excite" wnsn="1" lexsn="2:37:02::">excite</wf>
<wf cmd="tag" pos="JJ">able</wf>
<wf cmd="tag" pos="NNS">researchers</wf>
<punc>,</punc>
<wf cmd="ignore" pos="CC">and</wf>
<wf cmd="done" pos="VBZ" ot="notag">has</wf>
<wf cmd="done" pos="VB" lemma="develop" wnsn="3" lexsn="2:30:06::">developed</wf>
<wf cmd="tag" pos="JJ">unexpected</wf>
<wf cmd="tag" pos="NNS">talents</wf>
<wf cmd="ignore" pos="IN">in</wf>
<wf cmd="tag" pos="NN">fund</wf>
<wf cmd="tag" pos="NN">raising</wf>
<wf cmd="ignore" pos="CC">and</wf>
<wf cmd="tag" pos="NN">speech-making</wf>
<punc>.</punc>
</s>
<s snum="92">
<wf cmd="tag" pos="NNP">Beadle</wf>
<wf cmd="done" pos="VB" lemma="be" wnsn="6" lexsn="2:42:07::">is</wf>
<wf cmd="tag" pos="RB">even</wf>
<wf cmd="ignore" pos="IN">that</wf>
<wf cmd="tag" pos="JJ">rare</wf>
<wf cmd="tag" pos="NN">scientist</wf>
<wf cmd="ignore" pos="WP">who</wf>
<wf cmd="done" pos="VBZ" ot="notag">takes</wf>
<wf cmd="ignore" pos="DT">an</wf>
<wf cmd="tag" pos="NN">interest</wf>
<wf cmd="ignore" pos="IN">in</wf>
<wf cmd="tag" pos="NN">money</wf>
<wf cmd="tag" pos="NNS">matters</wf>
<punc>;</punc>
<wf cmd="ignore" pos="PRP">he</wf>
<wf cmd="tag" pos="RB">avidly</wf>
<wf cmd="done" pos="VB" lemma="read" wnsn="1" lexsn="2:31:00::">reads</wf>
<wf cmd="ignore" pos="DT">the</wf>
<wf cmd="tag" pos="NN">Wall_Street</wf>
<wf cmd="tag" pos="NNP">Journal</wf>
<punc>,</punc>
<wf cmd="ignore" pos="CC">and</wf>
<wf cmd="done" pos="VB" lemma="take" wnsn="5" lexsn="2:30:01::">took</wf>
<wf cmd="tag" pos="NN">delight</wf>
<wf cmd="done" pos="VB" ot="notag">in</wf>
<wf cmd="done" pos="VB" lemma="drive" wnsn="1" lexsn="2:38:01::">driving</wf>
<wf cmd="ignore" pos="DT">a</wf>
<punc>$</punc>
<wf cmd="tag" pos="CD">250</wf>
<wf cmd="tag" pos="NN">model</wf>
<wf cmd="ignore" pos="DT">A</wf>
<wf cmd="tag" pos="NNP">Ford</wf>
<wf cmd="ignore" pos="IN">for</wf>
<wf cmd="tag" pos="CD">22</wf>
<wf cmd="tag" pos="NNS">years</wf>
<punc>,</punc>
<wf cmd="tag" pos="RB">then</wf>
<wf cmd="done" pos="VB" lemma="sell" wnsn="1" lexsn="2:40:00::">selling</wf>
<wf cmd="ignore" pos="PRP">it</wf>
<wf cmd="ignore" pos="IN">for</wf>
<punc>$</punc>
<wf cmd="tag" pos="CD">300</wf>
<punc>.</punc>
</s>
</p>
</context>
</contextfile>
