<contextfile concordance="brown">
<context filename="br-b08" paras="yes">
<p pnum="1">
<s snum="1">
<wf cmd="tag" pos="NNP">Old</wf>
<punc>,</punc>
<wf cmd="tag" pos="JJ">tired</wf>
<punc>,</punc>
<wf cmd="tag" pos="JJ">trembling</wf>
<wf cmd="ignore" pos="DT">the</wf>
<wf cmd="tag" pos="NN">woman</wf>
<wf cmd="done" pos="VB" lemma="come" wnsn="2" lexsn="2:38:04::">came</wf>
<wf cmd="done" pos="VB" ot="notag">to</wf>
<wf cmd="ignore" pos="DT">the</wf>
<wf cmd="tag" pos="NN">cannery</wf>
<punc>.</punc>
</s>
<s snum="2">
<wf cmd="ignore" pos="PRP">She</wf>
<wf cmd="done" pos="VBD" ot="notag">had</wf>
<punc>,</punc>
<wf cmd="ignore" pos="PRP">she</wf>
<wf cmd="done" pos="VB" lemma="say" wnsn="1" lexsn="2:32:00::">said</wf>
<punc>,</punc>
<wf cmd="done" pos="VB" lemma="hear" wnsn="2" lexsn="2:31:00::">heard</wf>
<wf cmd="ignore" pos="IN">that</wf>
<wf cmd="ignore" pos="DT">the</wf>
<wf cmd="tag" pos="NN">plant</wf>
<wf cmd="done" pos="VBD" ot="notag">was</wf>
<wf cmd="done" pos="VB" lemma="close" wnsn="3" lexsn="2:41:00::">closing</wf>
<punc>.</punc>
</s>
<s snum="3">
<wf cmd="ignore" pos="PRP">It</wf>
<wf cmd="done" pos="VB" ot="notag">could</wf>
<wf cmd="tag" pos="RB">n't</wf>
<wf cmd="done" pos="VB" lemma="close" wnsn="3" lexsn="2:41:00::">close</wf>
<punc>,</punc>
<wf cmd="ignore" pos="PRP">she</wf>
<wf cmd="done" pos="VB" lemma="say" wnsn="1" lexsn="2:32:00::">said</wf>
<punc>.</punc>
</s>
<s snum="4">
<wf cmd="ignore" pos="PRP">She</wf>
<wf cmd="done" pos="VBD" ot="notag">had</wf>
<wf cmd="done" pos="VB" lemma="raise" wnsn="5" lexsn="2:36:03::">raised</wf>
<wf cmd="ignore" pos="DT">a</wf>
<wf cmd="tag" pos="NN">calf</wf>
<punc>,</punc>
<wf cmd="done" pos="VB" lemma="grow" wnsn="7" lexsn="2:36:00::">grown</wf>
<wf cmd="ignore" pos="PRP">it</wf>
<wf cmd="tag" pos="JJ">beef-fat</wf>
<punc>.</punc>
</s>
<s snum="5">
<wf cmd="ignore" pos="PRP">She</wf>
<wf cmd="done" pos="VBD" ot="notag">had</wf>
<punc>,</punc>
<wf cmd="ignore" pos="IN">with</wf>
<wf cmd="ignore" pos="PRP$">her</wf>
<wf cmd="tag" pos="JJ">own</wf>
<wf cmd="tag" pos="JJ">work-weary</wf>
<wf cmd="tag" pos="NNS">hands</wf>
<punc>,</punc>
<wf cmd="done" pos="VB" lemma="put" wnsn="1" lexsn="2:35:00::">put</wf>
<wf cmd="tag" pos="NNS">seeds</wf>
<wf cmd="ignore" pos="IN">in</wf>
<wf cmd="ignore" pos="DT">the</wf>
<wf cmd="tag" pos="NN">ground</wf>
<punc>,</punc>
<wf cmd="done" pos="VB" lemma="watch" wnsn="3" lexsn="2:39:05::">watched</wf>
<wf cmd="ignore" pos="PRP">them</wf>
<wf cmd="done" pos="VB" lemma="sprout" wnsn="1" lexsn="2:30:00::">sprout</wf>
<punc>,</punc>
<wf cmd="done" pos="VB" lemma="bud" wnsn="1" lexsn="2:30:00::">bud</wf>
<punc>,</punc>
<wf cmd="done" pos="VB" lemma="blossom" wnsn="1" lexsn="2:30:01::">blossom</wf>
<punc>,</punc>
<wf cmd="ignore" pos="CC">and</wf>
<wf cmd="done" pos="VB" lemma="get" wnsn="2" lexsn="2:30:00::">get</wf>
<wf cmd="tag" pos="JJ">ready</wf>
<wf cmd="ignore" pos="TO">to</wf>
<wf cmd="done" pos="VB" lemma="bear" wnsn="5" lexsn="2:36:00::">bear</wf>
<punc>.</punc>
</s>
<s snum="6">
<wf cmd="ignore" pos="PRP">She</wf>
<wf cmd="done" pos="VB" lemma="be" wnsn="1" lexsn="2:42:03::">was</wf>
<wf cmd="tag" pos="JJ">ready</wf>
<wf cmd="ignore" pos="TO">to</wf>
<wf cmd="done" pos="VB" lemma="kill" wnsn="1" lexsn="2:35:00::">kill</wf>
<wf cmd="ignore" pos="DT">the</wf>
<wf cmd="tag" pos="NN">beef</wf>
<punc>,</punc>
<wf cmd="done" pos="VB" lemma="dress" wnsn="6" lexsn="2:30:00::">dress</wf>
<wf cmd="ignore" pos="PRP">it</wf>
<wf cmd="tag" pos="RB">out</wf>
<punc>,</punc>
<wf cmd="ignore" pos="CC">and</wf>
<wf cmd="ignore" pos="IN">with</wf>
<wf cmd="tag" pos="NNS">vegetables</wf>
<wf cmd="ignore" pos="IN">from</wf>
<wf cmd="ignore" pos="PRP$">her</wf>
<wf cmd="tag" pos="NN">garden</wf>
<wf cmd="done" pos="VBD" ot="notag">was</wf>
<wf cmd="done" pos="VB" ot="notag">going_to</wf>
<wf cmd="done" pos="VB" lemma="can" wnsn="1" lexsn="2:30:00::">can</wf>
<wf cmd="tag" pos="NN">soup</wf>
<punc>,</punc>
<wf cmd="tag" pos="NN">broth</wf>
<punc>,</punc>
<wf cmd="tag" pos="NN">hash</wf>
<punc>,</punc>
<wf cmd="ignore" pos="CC">and</wf>
<wf cmd="tag" pos="NN">stew</wf>
<wf cmd="ignore" pos="IN">against</wf>
<wf cmd="ignore" pos="DT">the</wf>
<wf cmd="tag" pos="NN">winter</wf>
<punc>.</punc>
</s>
<s snum="7">
<wf cmd="ignore" pos="PRP">She</wf>
<wf cmd="done" pos="VBD" ot="notag">had</wf>
<wf cmd="done" pos="VB" lemma="do" wnsn="1" lexsn="2:41:01::">done</wf>
<wf cmd="done" pos="VB" ot="notag">it</wf>
<wf cmd="tag" pos="JJ">last</wf>
<wf cmd="tag" pos="NN">year</wf>
<punc>,</punc>
<wf cmd="ignore" pos="CC">and</wf>
<wf cmd="ignore" pos="DT">the</wf>
<wf cmd="tag" pos="NN">year</wf>
<wf cmd="tag" pos="RB">before</wf>
<punc>,</punc>
<wf cmd="ignore" pos="CC">and</wf>
<wf cmd="ignore" pos="DT">the</wf>
<wf cmd="tag" pos="NN">year</wf>
<wf cmd="ignore" pos="IN">before</wf>
<wf cmd="tag" pos="RB">that</wf>
<punc>,</punc>
<wf cmd="ignore" pos="CC">and</wf>
<wf cmd="ignore" pos="PRP">she</wf>
<punc>,</punc>
<wf cmd="ignore" pos="CC">and</wf>
<wf cmd="ignore" pos="PRP$">her</wf>
<wf cmd="tag" pos="NNS">people</wf>
<wf cmd="done" pos="VB" lemma="be" wnsn="1" lexsn="2:42:03::">were</wf>
<wf cmd="tag" pos="JJ">dependent</wf>
<wf cmd="ignore" pos="IN">upon</wf>
<wf cmd="ignore" pos="DT">these</wf>
<wf cmd="tag" pos="NNS">cans</wf>
<wf cmd="ignore" pos="IN">for</wf>
<wf cmd="tag" pos="NN">food</wf>
<punc>.</punc>
</s>
</p>
<p pnum="2">
<s snum="8">
<wf cmd="ignore" pos="DT">This</wf>
<wf cmd="done" pos="VBD" ot="notag">did</wf>
<wf cmd="tag" pos="RB">not</wf>
<wf cmd="done" pos="VB" lemma="happen" wnsn="1" lexsn="2:30:00::">happen</wf>
<wf cmd="ignore" pos="IN">in</wf>
<wf cmd="tag" pos="NNS">counties</wf>
<wf cmd="ignore" pos="IN">of</wf>
<wf cmd="tag" pos="NNP">North_Georgia</wf>
<punc>,</punc>
<wf cmd="ignore" pos="WRB">where</wf>
<wf cmd="ignore" pos="DT">the</wf>
<wf cmd="tag" pos="NNS">rivers</wf>
<wf cmd="done" pos="VB" lemma="run" wnsn="6" lexsn="2:38:01::">run</wf>
<wf cmd="ignore" pos="CC">and</wf>
<wf cmd="done" pos="VB" lemma="make" wnsn="2" lexsn="2:30:00::">make</wf>
<wf cmd="tag" pos="NN">rich</wf>
<wf cmd="ignore" pos="DT">the</wf>
<wf cmd="tag" pos="NN">bottom</wf>
<wf cmd="tag" pos="NN">land</wf>
<punc>.</punc>
</s>
<s snum="9">
<wf cmd="ignore" pos="CC">Nor</wf>
<wf cmd="ignore" pos="IN">in</wf>
<wf cmd="tag" pos="NNP">South_Georgia</wf>
<punc>,</punc>
<wf cmd="ignore" pos="WRB">where</wf>
<wf cmd="ignore" pos="DT">the</wf>
<wf cmd="tag" pos="NN">summer</wf>
<wf cmd="tag" pos="NN">sun</wf>
<wf cmd="done" pos="VB" lemma="shine" wnsn="2" lexsn="2:43:00::">shines</wf>
<wf cmd="tag" pos="RB">warmly</wf>
<wf cmd="ignore" pos="CC">and</wf>
<wf cmd="done" pos="VB" lemma="give" wnsn="1" lexsn="2:40:03::">gives</wf>
<wf cmd="tag" pos="JJ">early</wf>
<wf cmd="tag" pos="NN">life</wf>
<wf cmd="ignore" pos="TO">to</wf>
<wf cmd="ignore" pos="DT">the</wf>
<wf cmd="tag" pos="NNS">things</wf>
<wf cmd="done" pos="VB" lemma="grow" wnsn="3" lexsn="2:30:02::">growing</wf>
<wf cmd="ignore" pos="IN">in</wf>
<wf cmd="ignore" pos="DT">the</wf>
<wf cmd="tag" pos="JJ">flat</wf>
<wf cmd="tag" pos="NNS">fields</wf>
<punc>.</punc>
</s>
</p>
<p pnum="3">
<s snum="10">
<wf cmd="ignore" pos="DT">This</wf>
<wf cmd="done" pos="VB" lemma="happen" wnsn="1" lexsn="2:30:00::">happened</wf>
<wf cmd="ignore" pos="IN">in</wf>
<wf cmd="tag" pos="NNP">Decatur</wf>
<punc>,</punc>
<wf cmd="tag" pos="NNP">DeKalb_County</wf>
<punc>,</punc>
<wf cmd="tag" pos="RB">not</wf>
<wf cmd="tag" pos="CD">10</wf>
<wf cmd="tag" pos="NNS">miles</wf>
<wf cmd="tag" pos="RB">from_the_heart</wf>
<wf cmd="ignore" pos="IN">of</wf>
<wf cmd="tag" pos="JJ">metropolitian</wf>
<wf cmd="tag" pos="NNP">Atlanta</wf>
<punc>.</punc>
</s>
</p>
<p pnum="4">
<s snum="11">
<wf cmd="ignore" pos="CC">And</wf>
<wf cmd="tag" pos="RB">now</wf>
<punc>,</punc>
<wf cmd="ignore" pos="DT">the</wf>
<wf cmd="tag" pos="NN">woman</wf>
<punc>,</punc>
<wf cmd="tag" pos="JJ">tired</wf>
<wf cmd="ignore" pos="CC">and</wf>
<wf cmd="tag" pos="JJ">trembling</wf>
<punc>,</punc>
<wf cmd="done" pos="VB" lemma="come" wnsn="2" lexsn="2:38:04::">came</wf>
<wf cmd="tag" pos="RB">here</wf>
<wf cmd="ignore" pos="TO">to</wf>
<wf cmd="ignore" pos="DT">the</wf>
<wf cmd="tag" pos="NNP">DeKalb_County</wf>
<wf cmd="tag" pos="NN">cannery</wf>
<punc>.</punc>
</s>
<s snum="12">
<punc>``</punc>
<wf cmd="done" pos="VB" lemma="be" wnsn="2" lexsn="2:42:06::">Is</wf>
<wf cmd="ignore" pos="PRP">it</wf>
<wf cmd="tag" pos="RB">so</wf>
<wf cmd="ignore" pos="DT">the</wf>
<wf cmd="tag" pos="NN">cannery</wf>
<wf cmd="done" pos="VBZ" ot="notag">is</wf>
<wf cmd="done" pos="VB" ot="notag">going_to</wf>
<wf cmd="done" pos="VB" lemma="close" wnsn="3" lexsn="2:41:00::">close</wf>
<punc>''</punc>
<punc>?</punc>
</s>
</p>
<p pnum="5">
<s snum="13">
<wf cmd="tag" pos="NNP">O._N._Moss</wf>
<punc>,</punc>
<wf cmd="tag" pos="CD">61</wf>
<punc>,</punc>
<wf cmd="tag" pos="JJ">tall</wf>
<punc>,</punc>
<wf cmd="tag" pos="JJ">grey</wf>
<wf cmd="ignore" pos="IN">as</wf>
<wf cmd="ignore" pos="DT">a</wf>
<wf cmd="tag" pos="NN">possum</wf>
<punc>,</punc>
<wf cmd="tag" pos="NN">canning</wf>
<wf cmd="tag" pos="NN">plant</wf>
<wf cmd="tag" pos="JJ">chief</wf>
<wf cmd="ignore" pos="IN">since</wf>
<wf cmd="tag" pos="CD">1946</wf>
<punc>,</punc>
<wf cmd="done" pos="VBD" ot="notag">did</wf>
<wf cmd="tag" pos="RB">n't</wf>
<wf cmd="done" pos="VB" lemma="know" wnsn="2" lexsn="2:31:03::">know</wf>
<wf cmd="ignore" pos="WP">what</wf>
<wf cmd="ignore" pos="TO">to</wf>
<wf cmd="done" pos="VB" lemma="say" wnsn="1" lexsn="2:32:00::">say</wf>
<punc>.</punc>
</s>
<s snum="14">
<wf cmd="ignore" pos="PRP">He</wf>
<wf cmd="done" pos="VBD" ot="notag">did</wf>
<wf cmd="done" pos="VB" lemma="say" wnsn="1" lexsn="2:32:00::">say</wf>
<wf cmd="ignore" pos="PRP">she</wf>
<wf cmd="ignore" pos="MD">could</wf>
<wf cmd="done" pos="VB" lemma="get" wnsn="3" lexsn="2:30:02::">get</wf>
<wf cmd="ignore" pos="PRP$">her</wf>
<wf cmd="tag" pos="NN">beef</wf>
<wf cmd="ignore" pos="CC">and</wf>
<wf cmd="tag" pos="NNS">vegetables</wf>
<wf cmd="ignore" pos="IN">in</wf>
<wf cmd="tag" pos="NNS">cans</wf>
<wf cmd="ignore" pos="DT">this</wf>
<wf cmd="tag" pos="NN">summer</wf>
<punc>.</punc>
</s>
<s snum="15">
<wf cmd="ignore" pos="PRP">He</wf>
<wf cmd="done" pos="VBD" ot="notag">did</wf>
<wf cmd="done" pos="VB" lemma="say" wnsn="1" lexsn="2:32:00::">say</wf>
<wf cmd="ignore" pos="PRP">he</wf>
<wf cmd="done" pos="VB" lemma="be" wnsn="1" lexsn="2:42:03::">was</wf>
<wf cmd="ignore" pos="IN">out</wf>
<wf cmd="ignore" pos="IN">of</wf>
<wf cmd="tag" pos="NNS">cans</wf>
<punc>,</punc>
<wf cmd="ignore" pos="DT">the</wf>
<wf cmd="ignore" pos="DT">No</wf>
<wf cmd="tag" pos="CD">.3</wf>
<wf cmd="ignore" pos="POS">'s</wf>
<punc>,</punc>
<wf cmd="ignore" pos="CC">but</wf>
<punc>``</punc>
<wf cmd="ignore" pos="PRP">I</wf>
<wf cmd="done" pos="VB" lemma="requisition" wnsn="1" lexsn="2:32:00::">requisitioned</wf>
<wf cmd="tag" pos="CD">22000</wf>
<punc>''</punc>
<punc>.</punc>
</s>
<s snum="16">
<wf cmd="ignore" pos="PRP">He</wf>
<wf cmd="done" pos="VB" lemma="say" wnsn="1" lexsn="2:32:00::">said</wf>
<wf cmd="ignore" pos="PRP">he</wf>
<wf cmd="done" pos="VB" lemma="have" wnsn="9" lexsn="2:40:01::">had</wf>
<wf cmd="ignore" pos="DT">No</wf>
<wf cmd="tag" pos="CD">.2</wf>
<wf cmd="ignore" pos="POS">'s</wf>
<wf cmd="tag" pos="RB">enough</wf>
<wf cmd="ignore" pos="TO">to</wf>
<wf cmd="done" pos="VB" lemma="last" wnsn="1" lexsn="2:42:00::">last</wf>
<wf cmd="tag" pos="NN">two_weeks</wf>
<wf cmd="tag" pos="JJR">more</wf>
<punc>.</punc>
</s>
</p>
<p pnum="6">
<s snum="17">
<wf cmd="tag" pos="NN">Threat</wf>
<wf cmd="ignore" pos="IN">of</wf>
<wf cmd="done" pos="VB" lemma="close" wnsn="3" lexsn="2:41:00::">closing</wf>
<wf cmd="ignore" pos="DT">the</wf>
<wf cmd="tag" pos="NN">cannery</wf>
<wf cmd="done" pos="VB" lemma="be" wnsn="1" lexsn="2:42:03::">is</wf>
<wf cmd="ignore" pos="DT">a</wf>
<wf cmd="tag" pos="JJ">recent</wf>
<wf cmd="tag" pos="CD">one</wf>
<punc>.</punc>
</s>
<s snum="18">
<wf cmd="ignore" pos="DT">A</wf>
<wf cmd="tag" pos="JJ">three-man</wf>
<wf cmd="tag" pos="NN">committee</wf>
<wf cmd="done" pos="VBZ" ot="notag">has</wf>
<wf cmd="done" pos="VB" lemma="recommend" wnsn="1" lexsn="2:32:01::">recommended</wf>
<wf cmd="ignore" pos="TO">to</wf>
<wf cmd="tag" pos="NNP">Commission_Chairman_Charles_O._Emmerich</wf>
<wf cmd="ignore" pos="IN">that</wf>
<wf cmd="ignore" pos="DT">the</wf>
<wf cmd="tag" pos="NNP">DeKalb_County</wf>
<wf cmd="tag" pos="NN">cannery</wf>
<wf cmd="done" pos="VB" ot="notag">be</wf>
<wf cmd="done" pos="VB" lemma="close" wnsn="3" lexsn="2:41:00::">closed</wf>
<punc>.</punc>
</s>
<s snum="19">
<wf cmd="tag" pos="NNP">Reason</wf>
<punc>:</punc>
<wf cmd="ignore" pos="DT">the</wf>
<wf cmd="tag" pos="NN">cannery</wf>
<wf cmd="done" pos="VB" lemma="lose" wnsn="7" lexsn="2:40:06::">loses</wf>
<punc>$</punc>
<wf cmd="tag" pos="CD">3000</wf>
<wf cmd="tag" pos="JJ">yearly</wf>
<punc>.</punc>
</s>
</p>
<p pnum="7">
<s snum="20">
<wf cmd="ignore" pos="CC">But</wf>
<wf cmd="tag" pos="NNP">DeKalb</wf>
<wf cmd="tag" pos="NNS">citizens</wf>
<punc>,</punc>
<wf cmd="ignore" pos="DT">those</wf>
<wf cmd="ignore" pos="WP">who</wf>
<wf cmd="done" pos="VB" lemma="use" wnsn="1" lexsn="2:34:01::">use</wf>
<wf cmd="ignore" pos="DT">the</wf>
<wf cmd="tag" pos="NNS">facilities</wf>
<wf cmd="ignore" pos="IN">of</wf>
<wf cmd="ignore" pos="DT">the</wf>
<wf cmd="tag" pos="NN">cannery</wf>
<punc>,</punc>
<wf cmd="done" pos="VB" lemma="say" wnsn="2" lexsn="2:32:01::">say</wf>
<wf cmd="ignore" pos="DT">the</wf>
<wf cmd="tag" pos="NN">cannery</wf>
<wf cmd="done" pos="VB" lemma="be" wnsn="1" lexsn="2:42:03::">is</wf>
<wf cmd="tag" pos="RB">not</wf>
<wf cmd="tag" pos="JJ">supposed</wf>
<wf cmd="ignore" pos="TO">to</wf>
<wf cmd="done" pos="VB" lemma="make" wnsn="10" lexsn="2:40:01::">make</wf>
<wf cmd="ignore" pos="DT">any</wf>
<wf cmd="tag" pos="NN">money</wf>
<punc>.</punc>
</s>
</p>
<p pnum="8">
<s snum="21">
<punc>``</punc>
<wf cmd="ignore" pos="DT">The</wf>
<wf cmd="tag" pos="NN">cannery</wf>
<punc>''</punc>
<punc>,</punc>
<wf cmd="done" pos="VB" lemma="say" wnsn="1" lexsn="2:32:00::">said</wf>
<wf cmd="tag" pos="NNP">Mrs._Lewellyn_Lundeen</wf>
<punc>,</punc>
<wf cmd="ignore" pos="DT">an</wf>
<wf cmd="tag" pos="JJ">active</wf>
<wf cmd="tag" pos="NN">booster</wf>
<wf cmd="ignore" pos="IN">of</wf>
<wf cmd="ignore" pos="DT">the</wf>
<wf cmd="tag" pos="NN">cannery</wf>
<wf cmd="ignore" pos="IN">since</wf>
<wf cmd="ignore" pos="PRP$">its</wf>
<wf cmd="tag" pos="NN">opening</wf>
<wf cmd="ignore" pos="IN">during</wf>
<wf cmd="ignore" pos="DT">the</wf>
<wf cmd="tag" pos="NN">war</wf>
<wf cmd="ignore" pos="CC">and</wf>
<wf cmd="tag" pos="NN">rationing</wf>
<wf cmd="tag" pos="NNS">years</wf>
<wf cmd="ignore" pos="IN">of</wf>
<wf cmd="tag" pos="CD">1941</wf>
<punc>,</punc>
<wf cmd="ignore" pos="TO">to</wf>
<wf cmd="done" pos="VB" lemma="handle" wnsn="1" lexsn="2:41:00::">handle</wf>
<wf cmd="ignore" pos="DT">the</wf>
<punc>``</punc>
<wf cmd="tag" pos="NN">victory_garden</wf>
<punc>''</punc>
<wf cmd="tag" pos="NN">produce</wf>
<punc>,</punc>
<punc>``</punc>
<wf cmd="done" pos="VB" lemma="be" wnsn="6" lexsn="2:42:07::">is</wf>
<wf cmd="ignore" pos="DT">a</wf>
<wf cmd="tag" pos="NN">service</wf>
<wf cmd="ignore" pos="TO">to</wf>
<wf cmd="ignore" pos="DT">the</wf>
<wf cmd="tag" pos="NN">taxpayer</wf>
<punc>.</punc>
</s>
<s snum="22">
<wf cmd="ignore" pos="CC">And</wf>
<wf cmd="tag" pos="CD">one</wf>
<wf cmd="ignore" pos="IN">of</wf>
<wf cmd="ignore" pos="DT">the</wf>
<wf cmd="tag" pos="JJS">best</wf>
<wf cmd="tag" pos="NNS">services</wf>
<wf cmd="tag" pos="JJ">available</wf>
<wf cmd="ignore" pos="TO">to</wf>
<wf cmd="ignore" pos="DT">the</wf>
<wf cmd="tag" pos="NNS">people</wf>
<wf cmd="ignore" pos="WP">who</wf>
<wf cmd="done" pos="VB" lemma="try" wnsn="1" lexsn="2:41:00::">try</wf>
<wf cmd="ignore" pos="TO">to</wf>
<wf cmd="done" pos="VB" lemma="raise" wnsn="5" lexsn="2:36:03::">raise</wf>
<wf cmd="ignore" pos="CC">and</wf>
<wf cmd="done" pos="VB" lemma="can" wnsn="1" lexsn="2:30:00::">can</wf>
<wf cmd="tag" pos="NN">meat</wf>
<punc>,</punc>
<wf cmd="ignore" pos="TO">to</wf>
<wf cmd="done" pos="VB" lemma="plant" wnsn="1" lexsn="2:35:00::">plant</wf>
<punc>,</punc>
<wf cmd="done" pos="VB" lemma="grow" wnsn="4" lexsn="2:30:01::">grow</wf>
<wf cmd="tag" pos="NNS">vegetables</wf>
<wf cmd="ignore" pos="CC">and</wf>
<wf cmd="done" rdf="put_up" pos="VB" lemma="put_up" wnsn="6" lexsn="2:30:00::">put</wf>
<wf cmd="ignore" pos="PRP">them</wf>
<wf cmd="tag" pos="RB">up</wf>
<punc>.</punc>
</s>
<s snum="23">
<wf cmd="ignore" pos="PRP">It</wf>
<wf cmd="done" pos="VB" lemma="help" wnsn="1" lexsn="2:41:00::">helps</wf>
<wf cmd="ignore" pos="DT">those</wf>
<wf cmd="tag" pos="NNS">people</wf>
<wf cmd="ignore" pos="WP">who</wf>
<wf cmd="done" pos="VB" lemma="help" wnsn="1" lexsn="2:41:00::">help</wf>
<wf cmd="ignore" pos="PRP">themselves</wf>
<punc>.</punc>
</s>
</p>
<p pnum="9">
<s snum="24">
<punc>``</punc>
<wf cmd="ignore" pos="DT">The</wf>
<wf cmd="tag" pos="NN">county</wf>
<punc>,</punc>
<wf cmd="tag" pos="RB">though</wf>
<punc>,</punc>
<wf cmd="done" pos="VB" lemma="seem" wnsn="2" lexsn="2:39:01::">seems</wf>
<wf cmd="tag" pos="RBR">more</wf>
<wf cmd="tag" pos="JJ">interested</wf>
<wf cmd="ignore" pos="IN">in</wf>
<wf cmd="ignore" pos="DT">those</wf>
<wf cmd="tag" pos="NNS">people</wf>
<wf cmd="ignore" pos="WP">who</wf>
<wf cmd="done" pos="VBP" ot="notag">do</wf>
<wf cmd="tag" pos="RB">n't</wf>
<wf cmd="tag" pos="RB">even</wf>
<wf cmd="done" pos="VB" lemma="try" wnsn="1" lexsn="2:41:00::">try</wf>
<punc>,</punc>
<wf cmd="ignore" pos="DT">those</wf>
<wf cmd="ignore" pos="WP">who</wf>
<wf cmd="done" pos="VB" lemma="sit" wnsn="1" lexsn="2:35:00::">sit</wf>
<wf cmd="ignore" pos="CC">and</wf>
<wf cmd="done" pos="VB" lemma="draw" wnsn="2" lexsn="2:40:00::">draw</wf>
<wf cmd="tag" pos="NN">welfare</wf>
<wf cmd="tag" pos="NNS">checks</wf>
<wf cmd="ignore" pos="CC">and</wf>
<wf cmd="done" pos="VB" lemma="line_up" wnsn="1" lexsn="2:42:00::">line_up</wf>
<wf cmd="ignore" pos="IN">for</wf>
<wf cmd="tag" pos="NN">surplus</wf>
<wf cmd="tag" pos="NN">food</wf>
<punc>''</punc>
<punc>.</punc>
</s>
</p>
<p pnum="10">
<s snum="25">
<wf cmd="ignore" pos="DT">A</wf>
<wf cmd="tag" pos="NN">driver</wf>
<wf cmd="ignore" pos="IN">of</wf>
<wf cmd="ignore" pos="DT">a</wf>
<wf cmd="tag" pos="NN">dairy</wf>
<wf cmd="tag" pos="NN">truck</wf>
<punc>,</punc>
<wf cmd="ignore" pos="WP">who</wf>
<wf cmd="done" pos="VB" lemma="begin" wnsn="1" lexsn="2:30:00::">begins</wf>
<wf cmd="tag" pos="NN">work</wf>
<wf cmd="done" pos="VB" ot="notag">at</wf>
<wf cmd="tag" pos="CD">1</wf>
<wf cmd="tag" pos="NN">a.</wf>
<wf cmd="tag" pos="NNP">m.</wf>
<wf cmd="done" pos="VB" lemma="finish" wnsn="1" lexsn="2:30:02::">finishes</wf>
<wf cmd="ignore" pos="IN">before</wf>
<wf cmd="tag" pos="NN">breakfast</wf>
<punc>,</punc>
<wf cmd="tag" pos="RB">then</wf>
<wf cmd="done" pos="VB" lemma="go_out" wnsn="1" lexsn="2:38:00::">goes_out</wf>
<wf cmd="ignore" pos="CC">and</wf>
<wf cmd="done" pos="VB" lemma="grow" wnsn="4" lexsn="2:30:01::">grows</wf>
<wf cmd="ignore" pos="DT">a</wf>
<wf cmd="tag" pos="NN">garden</wf>
<punc>,</punc>
<wf cmd="ignore" pos="CC">and</wf>
<wf cmd="ignore" pos="WP">who</wf>
<wf cmd="done" pos="VBZ" ot="notag">has</wf>
<wf cmd="done" pos="VB" lemma="use" wnsn="1" lexsn="2:34:01::">used</wf>
<wf cmd="ignore" pos="DT">the</wf>
<wf cmd="tag" pos="NN">cannery</wf>
<wf cmd="ignore" pos="TO">to</wf>
<wf cmd="done" pos="VB" lemma="save" wnsn="4" lexsn="2:40:02::">save</wf>
<wf cmd="ignore" pos="CC">and</wf>
<wf cmd="done" pos="VB" lemma="feed" wnsn="2" lexsn="2:34:01::">feed</wf>
<wf cmd="ignore" pos="DT">a</wf>
<wf cmd="tag" pos="NN">family</wf>
<wf cmd="ignore" pos="IN">of</wf>
<wf cmd="tag" pos="CD">five</wf>
<punc>,</punc>
<wf cmd="done" pos="VB" lemma="ask" wnsn="2" lexsn="2:32:01::">asked</wf>
<punc>,</punc>
<punc>``</punc>
<wf cmd="ignore" pos="WP">What</wf>
<wf cmd="ignore" pos="IN">in</wf>
<wf cmd="ignore" pos="DT">the</wf>
<wf cmd="tag" pos="NN">world</wf>
<wf cmd="ignore" pos="MD">will</wf>
<wf cmd="ignore" pos="PRP">we</wf>
<wf cmd="done" pos="VB" lemma="do" wnsn="1" lexsn="2:41:01::">do</wf>
<punc>''</punc>
<punc>?</punc>
</s>
</p>
<p pnum="11">
<s snum="26">
<punc>``</punc>
<wf cmd="ignore" pos="WP">What</wf>
<wf cmd="ignore" pos="IN">in</wf>
<wf cmd="ignore" pos="DT">the</wf>
<wf cmd="tag" pos="NN">world</wf>
<punc>''</punc>
<punc>,</punc>
<wf cmd="done" pos="VB" lemma="echo" wnsn="1" lexsn="2:32:00::">echoed</wf>
<wf cmd="tag" pos="NNS">others</wf>
<punc>,</punc>
<wf cmd="ignore" pos="DT">those</wf>
<wf cmd="done" pos="VB" lemma="come" wnsn="2" lexsn="2:38:04::">come</wf>
<wf cmd="done" pos="VB" ot="notag">with</wf>
<wf cmd="ignore" pos="DT">the</wf>
<wf cmd="tag" pos="NNS">beans</wf>
<punc>,</punc>
<wf cmd="tag" pos="NNS">potatoes</wf>
<punc>,</punc>
<wf cmd="ignore" pos="DT">the</wf>
<wf cmd="tag" pos="NNS">tomatoes</wf>
<punc>,</punc>
<punc>``</punc>
<wf cmd="ignore" pos="MD">will</wf>
<wf cmd="ignore" pos="DT">any</wf>
<wf cmd="ignore" pos="IN">of</wf>
<wf cmd="ignore" pos="PRP">us</wf>
<wf cmd="done" pos="VB" lemma="do" wnsn="1" lexsn="2:41:01::">do</wf>
<punc>''</punc>
<punc>?</punc>
</s>
</p>
<p pnum="12">
<s snum="27">
<wf cmd="tag" pos="NNP">Moss</wf>
<punc>,</punc>
<wf cmd="ignore" pos="DT">a</wf>
<wf cmd="tag" pos="NN">man</wf>
<wf cmd="ignore" pos="WP">who</wf>
<wf cmd="done" pos="VB" lemma="know" wnsn="1" lexsn="2:31:01::">knows</wf>
<wf cmd="ignore" pos="WRB">how</wf>
<wf cmd="tag" pos="JJ">much</wf>
<wf cmd="ignore" pos="DT">the</wf>
<wf cmd="tag" pos="NN">cannery</wf>
<wf cmd="done" pos="VB" lemma="help" wnsn="2" lexsn="2:29:00::">helps</wf>
<wf cmd="ignore" pos="DT">the</wf>
<wf cmd="tag" pos="NN">county</wf>
<punc>,</punc>
<wf cmd="done" pos="VBZ" ot="notag">does</wf>
<wf cmd="tag" pos="RB">n't</wf>
<wf cmd="done" pos="VB" lemma="believe" wnsn="2" lexsn="2:31:04::">believe</wf>
<wf cmd="ignore" pos="PRP">it</wf>
<wf cmd="ignore" pos="MD">will</wf>
<wf cmd="done" pos="VB" lemma="close" wnsn="3" lexsn="2:41:00::">close</wf>
<punc>.</punc>
</s>
<s snum="28">
<wf cmd="ignore" pos="CC">But</wf>
<wf cmd="ignore" pos="PRP">he</wf>
<wf cmd="done" pos="VB" lemma="be" wnsn="1" lexsn="2:42:03::">is</wf>
<wf cmd="tag" pos="RB">in_the_middle</wf>
<punc>,</punc>
<wf cmd="ignore" pos="DT">an</wf>
<wf cmd="tag" pos="NN">employe</wf>
<wf cmd="ignore" pos="IN">of</wf>
<wf cmd="tag" pos="NNP">DeKalb</wf>
<punc>,</punc>
<wf cmd="ignore" pos="CC">but</wf>
<wf cmd="tag" pos="RB">on_the_side</wf>
<wf cmd="ignore" pos="IN">of</wf>
<wf cmd="ignore" pos="DT">the</wf>
<wf cmd="tag" pos="NNS">people</wf>
<punc>.</punc>
</s>
</p>
<p pnum="13">
<s snum="29">
<wf cmd="ignore" pos="DT">The</wf>
<wf cmd="tag" pos="JJ">young</wf>
<wf cmd="tag" pos="JJ">married</wf>
<wf cmd="tag" pos="NNS">people</wf>
<punc>;</punc>
<wf cmd="ignore" pos="DT">the</wf>
<wf cmd="tag" pos="JJ">old</wf>
<wf cmd="tag" pos="NNS">couples</wf>
<punc>.</punc>
</s>
<s snum="30">
<wf cmd="ignore" pos="DT">The</wf>
<wf cmd="tag" pos="NN">dairy</wf>
<wf cmd="tag" pos="NN">truck_driver</wf>
<punc>;</punc>
<wf cmd="ignore" pos="DT">the</wf>
<wf cmd="tag" pos="NN">old_woman</wf>
<wf cmd="ignore" pos="IN">with</wf>
<wf cmd="ignore" pos="DT">the</wf>
<wf cmd="tag" pos="NN">stew</wf>
<punc>.</punc>
</s>
</p>
<p pnum="14">
<s snum="31">
<punc>``</punc>
<wf cmd="done" pos="VBP" ot="notag">Do</wf>
<wf cmd="tag" pos="RB">n't</wf>
<wf cmd="done" pos="VB" lemma="ask" wnsn="1" lexsn="2:32:00::">ask</wf>
<wf cmd="ignore" pos="PRP">me</wf>
<wf cmd="ignore" pos="IN">if</wf>
<wf cmd="ignore" pos="PRP">I</wf>
<wf cmd="done" pos="VB" lemma="think" wnsn="1" lexsn="2:31:01::">think</wf>
<wf cmd="ignore" pos="DT">the</wf>
<wf cmd="tag" pos="NN">cannery</wf>
<wf cmd="done" pos="VB" lemma="help" wnsn="1" lexsn="2:41:00::">helps</wf>
<punc>''</punc>
<punc>,</punc>
<wf cmd="ignore" pos="PRP">he</wf>
<wf cmd="done" pos="VB" lemma="say" wnsn="1" lexsn="2:32:00::">said</wf>
<punc>.</punc>
</s>
<s snum="32">
<punc>``</punc>
<wf cmd="tag" pos="NN">Sir</wf>
<punc>,</punc>
<wf cmd="ignore" pos="PRP">I</wf>
<wf cmd="done" pos="VB" lemma="know" wnsn="3" lexsn="2:31:02::">know</wf>
<wf cmd="ignore" pos="DT">the</wf>
<wf cmd="tag" pos="NN">cannery</wf>
<wf cmd="done" pos="VB" lemma="help" wnsn="1" lexsn="2:41:00::">helps</wf>
<punc>''</punc>
<punc>.</punc>
</s>
</p>
<p pnum="15">
<s snum="33">
<wf cmd="tag" pos="JJ">Most_of</wf>
<wf cmd="ignore" pos="PRP">us</wf>
<wf cmd="ignore" pos="MD">would</wf>
<wf cmd="done" pos="VB" lemma="be" wnsn="1" lexsn="2:42:03::">be</wf>
<wf cmd="tag" pos="JJ">willing</wf>
<wf cmd="ignore" pos="TO">to</wf>
<wf cmd="done" pos="VB" lemma="admit" wnsn="1" lexsn="2:32:00::">admit</wf>
<wf cmd="ignore" pos="IN">that</wf>
<wf cmd="tag" pos="NN">forgiveness</wf>
<wf cmd="done" pos="VB" lemma="come" wnsn="6" lexsn="2:30:02::">comes</wf>
<wf cmd="tag" pos="JJ">hard</wf>
<punc>.</punc>
</s>
<s snum="34">
<wf cmd="ignore" pos="WRB">When</wf>
<wf cmd="ignore" pos="DT">a</wf>
<wf cmd="tag" pos="NN">person</wf>
<wf cmd="done" pos="VBZ" ot="notag">has</wf>
<wf cmd="tag" pos="RB">thoughtlessly</wf>
<wf cmd="ignore" pos="CC">or</wf>
<wf cmd="tag" pos="RB">deliberately</wf>
<wf cmd="done" pos="VB" lemma="cause" wnsn="1" lexsn="2:36:00::">caused</wf>
<wf cmd="ignore" pos="PRP">us</wf>
<wf cmd="tag" pos="NN">pain</wf>
<wf cmd="ignore" pos="CC">or</wf>
<wf cmd="tag" pos="NN">hardship</wf>
<wf cmd="ignore" pos="PRP">it</wf>
<wf cmd="done" pos="VB" lemma="be" wnsn="1" lexsn="2:42:03::">is</wf>
<wf cmd="tag" pos="RB">not</wf>
<wf cmd="tag" pos="RB">always</wf>
<wf cmd="tag" pos="JJ">easy</wf>
<wf cmd="ignore" pos="TO">to</wf>
<wf cmd="done" pos="VB" lemma="say" wnsn="1" lexsn="2:32:00::">say</wf>
<punc>,</punc>
<punc>``</punc>
<wf cmd="tag" pos="RB">Just</wf>
<wf cmd="done" pos="VB" lemma="forget" wnsn="1" lexsn="2:31:01::">forget</wf>
<wf cmd="ignore" pos="PRP">it</wf>
<punc>''</punc>
<punc>.</punc>
</s>
<s snum="35">
<wf cmd="ignore" pos="EX">There</wf>
<wf cmd="done" pos="VB" ot="notag">is</wf>
<wf cmd="tag" pos="CD">one</wf>
<wf cmd="tag" pos="NN">thing</wf>
<wf cmd="ignore" pos="PRP">I</wf>
<wf cmd="done" pos="VB" lemma="know" wnsn="3" lexsn="2:31:02::">know</wf>
<punc>;</punc>
<wf cmd="ignore" pos="DT">a</wf>
<wf cmd="tag" pos="NN">person</wf>
<wf cmd="ignore" pos="MD">will</wf>
<wf cmd="tag" pos="RB">never</wf>
<wf cmd="done" pos="VB" lemma="have" wnsn="1" lexsn="2:40:00::">have</wf>
<wf cmd="tag" pos="JJ">spiritual</wf>
<wf cmd="tag" pos="NN">poise</wf>
<wf cmd="ignore" pos="CC">and</wf>
<wf cmd="tag" pos="JJ">inner</wf>
<wf cmd="tag" pos="NN">peace</wf>
<wf cmd="tag" pos="RB">as</wf>
<wf cmd="tag" pos="JJ">long</wf>
<wf cmd="ignore" pos="IN">as</wf>
<wf cmd="ignore" pos="DT">the</wf>
<wf cmd="tag" pos="NN">heart</wf>
<wf cmd="done" pos="VB" lemma="hold" wnsn="8" lexsn="2:40:02::">holds</wf>
<wf cmd="ignore" pos="DT">a</wf>
<wf cmd="tag" pos="NN">grudge</wf>
<punc>.</punc>
</s>
<s snum="36">
<wf cmd="ignore" pos="PRP">I</wf>
<wf cmd="done" pos="VB" lemma="know" wnsn="4" lexsn="2:31:00::">know</wf>
<wf cmd="ignore" pos="DT">a</wf>
<wf cmd="tag" pos="NN">man</wf>
<wf cmd="ignore" pos="WP">who</wf>
<wf cmd="done" pos="VB" lemma="hold" wnsn="8" lexsn="2:40:02::">held</wf>
<wf cmd="tag" pos="NN">resentment</wf>
<wf cmd="ignore" pos="IN">against</wf>
<wf cmd="ignore" pos="DT">a</wf>
<wf cmd="tag" pos="NN">neighbor</wf>
<wf cmd="ignore" pos="IN">for</wf>
<wf cmd="tag" pos="RB">more_than</wf>
<wf cmd="tag" pos="CD">three</wf>
<wf cmd="tag" pos="NNS">decades</wf>
<punc>.</punc>
</s>
<s snum="37">
<wf cmd="tag" pos="JJ">Several</wf>
<wf cmd="tag" pos="NNS">years</wf>
<wf cmd="tag" pos="RB">ago</wf>
<wf cmd="ignore" pos="PRP">I</wf>
<wf cmd="done" pos="VB" lemma="be" wnsn="2" lexsn="2:42:06::">was</wf>
<wf cmd="ignore" pos="PRP$">his</wf>
<wf cmd="tag" pos="NN">pastor</wf>
<punc>.</punc>
</s>
<s snum="38">
<wf cmd="tag" pos="CD">One</wf>
<wf cmd="tag" pos="NN">night</wf>
<punc>,</punc>
<wf cmd="ignore" pos="IN">at</wf>
<wf cmd="ignore" pos="DT">the</wf>
<wf cmd="tag" pos="NN">close</wf>
<wf cmd="ignore" pos="IN">of</wf>
<wf cmd="ignore" pos="DT">the</wf>
<wf cmd="tag" pos="NN">evening</wf>
<wf cmd="tag" pos="NN">service</wf>
<punc>,</punc>
<wf cmd="ignore" pos="PRP">he</wf>
<wf cmd="done" pos="VB" lemma="come_forward" wnsn="1" lexsn="2:38:00::">came_forward</wf>
<punc>,</punc>
<wf cmd="done" pos="VB" lemma="leave" wnsn="3" lexsn="2:42:02::">left</wf>
<wf cmd="ignore" pos="PRP$">his</wf>
<wf cmd="tag" pos="NN">resentment</wf>
<wf cmd="ignore" pos="IN">at</wf>
<wf cmd="ignore" pos="DT">the</wf>
<wf cmd="tag" pos="NN">altar</wf>
<wf cmd="ignore" pos="CC">and</wf>
<wf cmd="done" pos="VB" lemma="give" wnsn="3" lexsn="2:40:00::">gave</wf>
<wf cmd="ignore" pos="PRP$">his</wf>
<wf cmd="tag" pos="NN">heart</wf>
<wf cmd="ignore" pos="TO">to</wf>
<wf cmd="tag" pos="NNP">God</wf>
<punc>.</punc>
</s>
<s snum="39">
<wf cmd="ignore" pos="IN">After</wf>
<wf cmd="tag" pos="RB">almost</wf>
<wf cmd="tag" pos="NN">everyone</wf>
<wf cmd="done" pos="VBD" ot="notag">had</wf>
<wf cmd="done" pos="VB" lemma="go" wnsn="3" lexsn="2:38:01::">gone</wf>
<wf cmd="ignore" pos="PRP">he</wf>
<wf cmd="done" pos="VB" lemma="tell" wnsn="3" lexsn="2:32:01::">told</wf>
<wf cmd="ignore" pos="PRP">me</wf>
<wf cmd="ignore" pos="DT">the</wf>
<wf cmd="tag" pos="JJ">simple</wf>
<wf cmd="tag" pos="NN">story</wf>
<wf cmd="ignore" pos="IN">of</wf>
<wf cmd="ignore" pos="WRB">how</wf>
<wf cmd="tag" pos="CD">one</wf>
<wf cmd="ignore" pos="IN">of</wf>
<wf cmd="ignore" pos="PRP$">his</wf>
<wf cmd="tag" pos="NNS">neighbors</wf>
<wf cmd="done" pos="VBD" ot="notag">had</wf>
<wf cmd="done" pos="VB" lemma="move" wnsn="2" lexsn="2:38:01::">moved</wf>
<wf cmd="ignore" pos="DT">a</wf>
<wf cmd="tag" pos="NN">fence</wf>
<wf cmd="tag" pos="JJ">a_few</wf>
<wf cmd="tag" pos="NNS">feet</wf>
<wf cmd="tag" pos="RB">over</wf>
<wf cmd="ignore" pos="IN">on</wf>
<wf cmd="ignore" pos="PRP$">his</wf>
<wf cmd="tag" pos="NN">land</wf>
<punc>.</punc>
</s>
</p>
<p pnum="16">
<s snum="40">
<punc>``</punc>
<wf cmd="ignore" pos="PRP">We</wf>
<wf cmd="done" pos="VB" lemma="try" wnsn="1" lexsn="2:41:00::">tried</wf>
<wf cmd="ignore" pos="TO">to</wf>
<wf cmd="done" pos="VB" lemma="settle" wnsn="5" lexsn="2:32:02::">settle</wf>
<wf cmd="ignore" pos="DT">this</wf>
<wf cmd="tag" pos="NN">dispute</wf>
<punc>''</punc>
<punc>,</punc>
<wf cmd="ignore" pos="PRP">he</wf>
<wf cmd="done" pos="VB" lemma="say" wnsn="1" lexsn="2:32:00::">said</wf>
<punc>,</punc>
<punc>``</punc>
<wf cmd="ignore" pos="CC">but</wf>
<wf cmd="ignore" pos="MD">could</wf>
<wf cmd="tag" pos="RB">never</wf>
<wf cmd="done" pos="VB" lemma="come_to" wnsn="3" lexsn="2:41:00::">come_to</wf>
<wf cmd="ignore" pos="DT">an</wf>
<wf cmd="tag" pos="NN">agreement</wf>
<punc>.</punc>
</s>
<s snum="41">
<wf cmd="ignore" pos="PRP">I</wf>
<wf cmd="done" pos="VB" lemma="settle" wnsn="5" lexsn="2:32:02::">settled</wf>
<wf cmd="ignore" pos="PRP">it</wf>
<wf cmd="tag" pos="RB">tonight</wf>
<punc>''</punc>
<punc>,</punc>
<wf cmd="ignore" pos="PRP">he</wf>
<wf cmd="done" pos="VB" lemma="continue" wnsn="1" lexsn="2:42:01::">continued</wf>
<punc>.</punc>
</s>
<s snum="42">
<punc>``</punc>
<wf cmd="ignore" pos="PRP">I</wf>
<wf cmd="done" pos="VB" lemma="leave" wnsn="1" lexsn="2:38:01::">leave</wf>
<wf cmd="ignore" pos="DT">this</wf>
<wf cmd="tag" pos="NN">church</wf>
<wf cmd="ignore" pos="IN">with</wf>
<wf cmd="ignore" pos="DT">a</wf>
<wf cmd="tag" pos="NN">feeling</wf>
<wf cmd="ignore" pos="IN">that</wf>
<wf cmd="ignore" pos="DT">a</wf>
<wf cmd="tag" pos="JJ">great</wf>
<wf cmd="tag" pos="NN">weight</wf>
<wf cmd="done" pos="VBZ" ot="notag">has</wf>
<wf cmd="done" pos="VB" ot="notag">been</wf>
<wf cmd="done" pos="VB" lemma="lift" wnsn="2" lexsn="2:35:00::">lifted</wf>
<wf cmd="ignore" pos="IN">off</wf>
<wf cmd="ignore" pos="PRP$">my</wf>
<wf cmd="tag" pos="NN">heart</wf>
<punc>,</punc>
<wf cmd="ignore" pos="PRP">I</wf>
<wf cmd="done" pos="VB" ot="notag">have</wf>
<wf cmd="done" pos="VB" lemma="leave" wnsn="3" lexsn="2:42:02::">left</wf>
<wf cmd="ignore" pos="PRP$">my</wf>
<wf cmd="tag" pos="NN">grudge</wf>
<wf cmd="ignore" pos="IN">at</wf>
<wf cmd="ignore" pos="DT">the</wf>
<wf cmd="tag" pos="NN">altar</wf>
<wf cmd="ignore" pos="CC">and</wf>
<wf cmd="done" pos="VB" lemma="forgive" wnsn="1" lexsn="2:32:00::">forgiven</wf>
<wf cmd="ignore" pos="PRP$">my</wf>
<wf cmd="tag" pos="NN">neighbor</wf>
<punc>''</punc>
<punc>.</punc>
</s>
</p>
<p pnum="17">
<s snum="43">
<wf cmd="tag" pos="NN">Forgiveness</wf>
<wf cmd="done" pos="VB" lemma="be" wnsn="2" lexsn="2:42:06::">is</wf>
<wf cmd="ignore" pos="DT">the</wf>
<wf cmd="tag" pos="NN">door</wf>
<wf cmd="ignore" pos="IN">through</wf>
<wf cmd="ignore" pos="WDT">which</wf>
<wf cmd="ignore" pos="DT">a</wf>
<wf cmd="tag" pos="NN">person</wf>
<wf cmd="ignore" pos="MD">must</wf>
<wf cmd="done" pos="VB" lemma="pass" wnsn="2" lexsn="2:38:05::">pass</wf>
<wf cmd="done" pos="VB" ot="notag">to</wf>
<wf cmd="done" pos="VB" lemma="enter" wnsn="1" lexsn="2:38:00::">enter</wf>
<wf cmd="ignore" pos="DT">the</wf>
<wf cmd="tag" pos="NN">Kingdom_of_God</wf>
<punc>.</punc>
</s>
<s snum="44">
<wf cmd="ignore" pos="PRP">You</wf>
<wf cmd="ignore" pos="MD">cannot</wf>
<wf cmd="done" pos="VB" lemma="wear" wnsn="1" lexsn="2:29:00::">wear</wf>
<wf cmd="ignore" pos="DT">the</wf>
<wf cmd="tag" pos="NN">banner</wf>
<wf cmd="ignore" pos="IN">of</wf>
<wf cmd="tag" pos="NNP">God</wf>
<wf cmd="ignore" pos="CC">and</wf>
<wf cmd="tag" pos="RB">at_the_same_time</wf>
<wf cmd="done" pos="VB" lemma="harbor" wnsn="1" lexsn="2:37:00::">harbor</wf>
<wf cmd="tag" pos="NN">envy</wf>
<punc>,</punc>
<wf cmd="tag" pos="NN">jealousy</wf>
<wf cmd="ignore" pos="CC">and</wf>
<wf cmd="tag" pos="NNS">grudges</wf>
<wf cmd="ignore" pos="IN">in</wf>
<wf cmd="ignore" pos="PRP$">your</wf>
<wf cmd="tag" pos="NN">heart</wf>
<punc>.</punc>
</s>
<s snum="45">
<wf cmd="tag" pos="NNP">Henry_van_Dyke</wf>
<wf cmd="done" pos="VB" lemma="say" wnsn="1" lexsn="2:32:00::">said</wf>
<punc>,</punc>
<punc>``</punc>
<wf cmd="done" pos="VB" lemma="forgive" wnsn="1" lexsn="2:32:00::">Forgive</wf>
<wf cmd="ignore" pos="CC">and</wf>
<wf cmd="done" pos="VB" lemma="forget" wnsn="1" lexsn="2:31:01::">forget</wf>
<wf cmd="ignore" pos="IN">if</wf>
<wf cmd="ignore" pos="PRP">you</wf>
<wf cmd="ignore" pos="MD">can</wf>
<punc>;</punc>
<wf cmd="ignore" pos="CC">but</wf>
<wf cmd="done" pos="VB" lemma="forgive" wnsn="1" lexsn="2:32:00::">forgive</wf>
<wf cmd="tag" pos="RB">anyway</wf>
<punc>''</punc>
<punc>.</punc>
</s>
</p>
<p pnum="18">
<s snum="46">
<wf cmd="tag" pos="NNP">Jesus</wf>
<wf cmd="done" pos="VB" lemma="make" wnsn="2" lexsn="2:30:00::">made</wf>
<wf cmd="tag" pos="CD">three</wf>
<wf cmd="tag" pos="NNS">things</wf>
<wf cmd="tag" pos="JJ">clear</wf>
<wf cmd="ignore" pos="IN">about</wf>
<wf cmd="tag" pos="NN">forgiveness</wf>
<punc>.</punc>
</s>
<s snum="47">
<wf cmd="ignore" pos="PRP">We</wf>
<wf cmd="ignore" pos="MD">must</wf>
<punc>,</punc>
<wf cmd="tag" pos="RB">first_of_all</wf>
<punc>,</punc>
<wf cmd="done" pos="VB" lemma="be" wnsn="1" lexsn="2:42:03::">be</wf>
<wf cmd="tag" pos="JJ">willing</wf>
<wf cmd="ignore" pos="TO">to</wf>
<wf cmd="done" pos="VB" lemma="forgive" wnsn="1" lexsn="2:32:00::">forgive</wf>
<wf cmd="tag" pos="NNS">others</wf>
<wf cmd="ignore" pos="IN">before</wf>
<wf cmd="ignore" pos="PRP">we</wf>
<wf cmd="ignore" pos="MD">can</wf>
<wf cmd="done" pos="VB" lemma="secure" wnsn="1" lexsn="2:40:00::">secure</wf>
<wf cmd="tag" pos="NNP">God</wf>
<wf cmd="ignore" pos="POS">'s</wf>
<wf cmd="tag" pos="NN">forgiveness</wf>
<punc>.</punc>
</s>
<s snum="48">
<punc>``</punc>
<wf cmd="ignore" pos="IN">For</wf>
<wf cmd="ignore" pos="IN">if</wf>
<wf cmd="ignore" pos="PRP">ye</wf>
<wf cmd="done" pos="VB" lemma="forgive" wnsn="1" lexsn="2:32:00::">forgive</wf>
<wf cmd="tag" pos="NNS">men</wf>
<wf cmd="ignore" pos="PRP$">their</wf>
<wf cmd="tag" pos="NNS">trespasses</wf>
<punc>,</punc>
<wf cmd="ignore" pos="PRP$">your</wf>
<wf cmd="tag" pos="JJ">heavenly</wf>
<wf cmd="tag" pos="NNP">Father</wf>
<wf cmd="ignore" pos="MD">will</wf>
<wf cmd="tag" pos="RB">also</wf>
<wf cmd="done" pos="VB" lemma="forgive" wnsn="1" lexsn="2:32:00::">forgive</wf>
<wf cmd="ignore" pos="PRP">you</wf>
<punc>:</punc>
<wf cmd="ignore" pos="CC">but</wf>
<wf cmd="ignore" pos="IN">if</wf>
<wf cmd="ignore" pos="PRP">ye</wf>
<wf cmd="done" pos="VB" lemma="forgive" wnsn="1" lexsn="2:32:00::">forgive</wf>
<wf cmd="tag" pos="RB">not</wf>
<wf cmd="tag" pos="NNS">men</wf>
<wf cmd="ignore" pos="PRP$">their</wf>
<wf cmd="tag" pos="NNS">trespasses</wf>
<punc>,</punc>
<wf cmd="ignore" pos="DT">neither</wf>
<wf cmd="ignore" pos="MD">will</wf>
<wf cmd="ignore" pos="PRP$">your</wf>
<wf cmd="tag" pos="NNP">Father</wf>
<wf cmd="done" pos="VB" lemma="forgive" wnsn="1" lexsn="2:32:00::">forgive</wf>
<wf cmd="ignore" pos="PRP$">your</wf>
<wf cmd="tag" pos="NNS">trespasses</wf>
<punc>''</punc>
<punc>.</punc>
</s>
<s snum="49">
<wf cmd="tag" pos="NNP">Matthew</wf>
<wf cmd="tag" pos="CD">6</wf>
<punc>:</punc>
<wf cmd="tag" pos="CD">14</wf>
<punc>-</punc>
<wf cmd="tag" pos="CD">15</wf>
<punc>.</punc>
</s>
<s snum="50">
<wf cmd="ignore" pos="PRP">It</wf>
<wf cmd="ignore" pos="MD">will</wf>
<wf cmd="done" pos="VB" lemma="do" wnsn="5" lexsn="2:36:02::">do</wf>
<wf cmd="ignore" pos="DT">no</wf>
<wf cmd="tag" pos="JJ">good</wf>
<wf cmd="ignore" pos="TO">to</wf>
<wf cmd="done" pos="VB" lemma="seek" wnsn="2" lexsn="2:35:00::">seek</wf>
<wf cmd="tag" pos="NNP">God</wf>
<wf cmd="ignore" pos="POS">'s</wf>
<wf cmd="tag" pos="NN">forgiveness</wf>
<wf cmd="ignore" pos="IN">until</wf>
<wf cmd="ignore" pos="PRP">we</wf>
<wf cmd="done" pos="VBP" ot="notag">have</wf>
<wf cmd="done" pos="VB" lemma="forgive" wnsn="1" lexsn="2:32:00::">forgiven</wf>
<wf cmd="ignore" pos="DT">those</wf>
<wf cmd="ignore" pos="WP">who</wf>
<wf cmd="done" pos="VBP" ot="notag">have</wf>
<wf cmd="done" pos="VB" lemma="do" wnsn="5" lexsn="2:36:02::">done</wf>
<wf cmd="ignore" pos="PRP">us</wf>
<wf cmd="tag" pos="JJ">wrong</wf>
<punc>.</punc>
</s>
</p>
<p pnum="19">
<s snum="51">
<wf cmd="tag" pos="RB">Then</wf>
<punc>,</punc>
<wf cmd="tag" pos="NNP">Jesus</wf>
<wf cmd="done" pos="VB" lemma="indicate" wnsn="3" lexsn="2:32:00::">indicated</wf>
<wf cmd="ignore" pos="IN">that</wf>
<wf cmd="tag" pos="NNP">God</wf>
<wf cmd="ignore" pos="POS">'s</wf>
<wf cmd="tag" pos="NN">forgiveness</wf>
<wf cmd="done" pos="VB" lemma="be" wnsn="1" lexsn="2:42:03::">is</wf>
<wf cmd="tag" pos="JJ">unlimited</wf>
<punc>.</punc>
</s>
<s snum="52">
<wf cmd="ignore" pos="IN">In</wf>
<wf cmd="ignore" pos="DT">the</wf>
<wf cmd="tag" pos="NN">prayer</wf>
<wf cmd="tag" pos="NNP">Jesus</wf>
<wf cmd="done" pos="VB" lemma="teach" wnsn="1" lexsn="2:32:00::">taught</wf>
<wf cmd="ignore" pos="PRP$">his</wf>
<wf cmd="tag" pos="NNS">disciples</wf>
<wf cmd="ignore" pos="TO">to</wf>
<wf cmd="done" pos="VB" lemma="pray" wnsn="1" lexsn="2:32:00::">pray</wf>
<wf cmd="ignore" pos="PRP">we</wf>
<wf cmd="done" pos="VB" lemma="find" wnsn="1" lexsn="2:40:02::">find</wf>
<wf cmd="ignore" pos="DT">these</wf>
<wf cmd="tag" pos="NNS">words</wf>
<punc>,</punc>
<punc>``</punc>
<wf cmd="done" pos="VB" lemma="forgive" wnsn="1" lexsn="2:32:00::">Forgive</wf>
<wf cmd="ignore" pos="PRP">us</wf>
<wf cmd="ignore" pos="PRP$">our</wf>
<wf cmd="tag" pos="NNS">debts</wf>
<punc>''</punc>
<punc>.</punc>
</s>
<s snum="53">
<wf cmd="ignore" pos="WRB">When</wf>
<wf cmd="ignore" pos="DT">a</wf>
<wf cmd="tag" pos="NN">person</wf>
<wf cmd="done" pos="VB" lemma="meet" wnsn="5" lexsn="2:42:01::">meets</wf>
<wf cmd="tag" pos="NNP">God</wf>
<wf cmd="ignore" pos="POS">'s</wf>
<wf cmd="tag" pos="NNS">requirements</wf>
<wf cmd="ignore" pos="IN">for</wf>
<wf cmd="ignore" pos="DT">the</wf>
<wf cmd="tag" pos="NN">experience</wf>
<wf cmd="ignore" pos="IN">of</wf>
<wf cmd="tag" pos="NN">forgiveness</wf>
<wf cmd="ignore" pos="PRP">he</wf>
<wf cmd="done" pos="VB" lemma="be" wnsn="1" lexsn="2:42:03::">is</wf>
<wf cmd="tag" pos="JJ">forgiven</wf>
<punc>.</punc>
</s>
<s snum="54">
<wf cmd="tag" pos="NNP">God</wf>
<wf cmd="ignore" pos="POS">'s</wf>
<wf cmd="tag" pos="NN">mercy</wf>
<wf cmd="ignore" pos="CC">and</wf>
<wf cmd="tag" pos="NN">patience</wf>
<wf cmd="ignore" pos="MD">will</wf>
<wf cmd="done" pos="VB" lemma="last" wnsn="1" lexsn="2:42:00::">last</wf>
<wf cmd="tag" pos="RB">forever</wf>
<punc>.</punc>
</s>
<s snum="55">
<wf cmd="tag" pos="NN">Forgiveness</wf>
<wf cmd="done" pos="VB" lemma="imply" wnsn="2" lexsn="2:32:01::">implies</wf>
<wf cmd="tag" pos="RB">more_than</wf>
<wf cmd="ignore" pos="DT">a</wf>
<wf cmd="tag" pos="NN">person</wf>
<wf cmd="done" pos="VB" lemma="want" wnsn="1" lexsn="2:37:00::">wanting</wf>
<wf cmd="ignore" pos="PRP$">his</wf>
<wf cmd="tag" pos="JJ">past</wf>
<wf cmd="tag" pos="NNS">sins</wf>
<wf cmd="done" pos="VB" lemma="cover" wnsn="4" lexsn="2:42:00::">covered</wf>
<wf cmd="ignore" pos="IN">by</wf>
<wf cmd="tag" pos="NNP">God</wf>
<wf cmd="ignore" pos="POS">'s</wf>
<wf cmd="tag" pos="NN">love</wf>
<punc>.</punc>
</s>
<s snum="56">
<wf cmd="ignore" pos="PRP">It</wf>
<wf cmd="tag" pos="RB">also</wf>
<wf cmd="done" pos="VB" lemma="imply" wnsn="2" lexsn="2:32:01::">implies</wf>
<wf cmd="ignore" pos="IN">that</wf>
<wf cmd="ignore" pos="DT">a</wf>
<wf cmd="tag" pos="NN">man</wf>
<wf cmd="done" pos="VB" lemma="want" wnsn="1" lexsn="2:37:00::">wants</wf>
<wf cmd="ignore" pos="PRP$">his</wf>
<wf cmd="tag" pos="NN">future</wf>
<wf cmd="ignore" pos="TO">to</wf>
<wf cmd="done" pos="VB" lemma="be" wnsn="1" lexsn="2:42:03::">be</wf>
<wf cmd="tag" pos="JJ">free</wf>
<wf cmd="ignore" pos="IN">from</wf>
<wf cmd="ignore" pos="DT">the</wf>
<wf cmd="tag" pos="NNS">mistakes</wf>
<wf cmd="ignore" pos="IN">of</wf>
<wf cmd="ignore" pos="DT">the</wf>
<wf cmd="tag" pos="NN">past</wf>
<punc>.</punc>
</s>
<s snum="57">
<wf cmd="ignore" pos="PRP">We</wf>
<wf cmd="done" pos="VB" lemma="want" wnsn="1" lexsn="2:37:00::">want</wf>
<wf cmd="ignore" pos="DT">the</wf>
<wf cmd="tag" pos="JJ">past</wf>
<wf cmd="done" pos="VB" lemma="forgive" wnsn="1" lexsn="2:32:00::">forgiven</wf>
<punc>,</punc>
<wf cmd="ignore" pos="CC">but</wf>
<wf cmd="tag" pos="RB">at_the_same_time</wf>
<wf cmd="ignore" pos="PRP">we</wf>
<wf cmd="ignore" pos="MD">must</wf>
<wf cmd="done" pos="VB" lemma="be" wnsn="1" lexsn="2:42:03::">be</wf>
<wf cmd="tag" pos="JJ">willing</wf>
<wf cmd="ignore" pos="IN">for</wf>
<wf cmd="tag" pos="NNP">God</wf>
<wf cmd="ignore" pos="TO">to</wf>
<wf cmd="done" pos="VB" lemma="direct" wnsn="4" lexsn="2:41:00::">direct</wf>
<wf cmd="ignore" pos="DT">the</wf>
<wf cmd="tag" pos="NN">future</wf>
<punc>.</punc>
</s>
</p>
<p pnum="20">
<s snum="58">
<wf cmd="tag" pos="RB">Finally</wf>
<punc>,</punc>
<wf cmd="ignore" pos="PRP">we</wf>
<wf cmd="ignore" pos="MD">must</wf>
<wf cmd="done" pos="VB" lemma="be" wnsn="1" lexsn="2:42:03::">be</wf>
<wf cmd="tag" pos="JJ">willing</wf>
<wf cmd="ignore" pos="TO">to</wf>
<wf cmd="done" pos="VB" lemma="forgive" wnsn="1" lexsn="2:32:00::">forgive</wf>
<wf cmd="tag" pos="NNS">others</wf>
<wf cmd="tag" pos="JJ">as_many</wf>
<wf cmd="tag" pos="NNS">times</wf>
<wf cmd="ignore" pos="IN">as</wf>
<wf cmd="ignore" pos="PRP">they</wf>
<wf cmd="done" pos="VB" lemma="sin" wnsn="1" lexsn="2:41:00::">sin</wf>
<wf cmd="ignore" pos="IN">against</wf>
<wf cmd="ignore" pos="PRP">us</wf>
<punc>.</punc>
</s>
<s snum="59">
<wf cmd="tag" pos="RB">Once</wf>
<wf cmd="tag" pos="NNP">Peter</wf>
<wf cmd="done" pos="VB" lemma="ask" wnsn="1" lexsn="2:32:00::">asked</wf>
<punc>,</punc>
<punc>``</punc>
<wf cmd="ignore" pos="WRB">How</wf>
<wf cmd="tag" pos="RB">oft</wf>
<wf cmd="ignore" pos="MD">shall</wf>
<wf cmd="ignore" pos="PRP$">my</wf>
<wf cmd="tag" pos="NN">brother</wf>
<wf cmd="done" pos="VB" lemma="sin" wnsn="1" lexsn="2:41:00::">sin</wf>
<wf cmd="ignore" pos="IN">against</wf>
<wf cmd="ignore" pos="PRP">me</wf>
<punc>,</punc>
<wf cmd="ignore" pos="CC">and</wf>
<wf cmd="ignore" pos="PRP">I</wf>
<wf cmd="done" pos="VB" lemma="forgive" wnsn="1" lexsn="2:32:00::">forgive</wf>
<wf cmd="ignore" pos="PRP">him</wf>
<punc>?</punc>
</s>
<s snum="60">
<wf cmd="ignore" pos="IN">Till</wf>
<wf cmd="tag" pos="CD">seven</wf>
<wf cmd="tag" pos="NNS">times</wf>
<punc>?</punc>
</s>
<s snum="61">
<wf cmd="tag" pos="NNP">Jesus</wf>
<wf cmd="done" pos="VBZ" ot="notag">saith</wf>
<wf cmd="ignore" pos="IN">unto</wf>
<wf cmd="ignore" pos="PRP">him</wf>
<punc>,</punc>
<wf cmd="ignore" pos="IN">until</wf>
<wf cmd="tag" pos="CD">seventy</wf>
<wf cmd="tag" pos="NNS">times</wf>
<wf cmd="tag" pos="CD">seven</wf>
<punc>''</punc>
<punc>.</punc>
</s>
<s snum="62">
<wf cmd="tag" pos="NNP">Matthew</wf>
<wf cmd="tag" pos="CD">18</wf>
<punc>:</punc>
<wf cmd="tag" pos="CD">21</wf>
<punc>-</punc>
<wf cmd="tag" pos="CD">22</wf>
<punc>.</punc>
</s>
</p>
<p pnum="21">
<s snum="63">
<wf cmd="tag" pos="NNP">Jesus</wf>
<wf cmd="tag" pos="RB">not_only</wf>
<wf cmd="done" pos="VB" lemma="teach" wnsn="1" lexsn="2:32:00::">taught</wf>
<wf cmd="tag" pos="NN">forgiveness</wf>
<punc>,</punc>
<wf cmd="ignore" pos="PRP">He</wf>
<wf cmd="done" pos="VB" lemma="give" wnsn="1" lexsn="2:40:03::">gave</wf>
<wf cmd="ignore" pos="PRP">us</wf>
<wf cmd="ignore" pos="DT">an</wf>
<wf cmd="tag" pos="NN">example</wf>
<wf cmd="tag" pos="RB">of_it</wf>
<wf cmd="ignore" pos="IN">on</wf>
<wf cmd="ignore" pos="DT">the</wf>
<wf cmd="tag" pos="NN">cross</wf>
<punc>.</punc>
</s>
<s snum="64">
<wf cmd="ignore" pos="IN">With</wf>
<wf cmd="ignore" pos="PDT">all</wf>
<wf cmd="ignore" pos="DT">the</wf>
<wf cmd="tag" pos="NN">energy</wf>
<wf cmd="ignore" pos="IN">of</wf>
<wf cmd="ignore" pos="PRP$">his</wf>
<wf cmd="tag" pos="JJ">broken</wf>
<wf cmd="tag" pos="NN">body</wf>
<wf cmd="ignore" pos="PRP">he</wf>
<wf cmd="done" pos="VB" lemma="pray" wnsn="1" lexsn="2:32:00::">prayed</wf>
<punc>,</punc>
<punc>``</punc>
<wf cmd="tag" pos="NNP">Father</wf>
<punc>,</punc>
<wf cmd="done" pos="VB" lemma="forgive" wnsn="1" lexsn="2:32:00::">forgive</wf>
<wf cmd="ignore" pos="PRP">them</wf>
<punc>,</punc>
<wf cmd="ignore" pos="IN">for</wf>
<wf cmd="ignore" pos="PRP">they</wf>
<wf cmd="done" pos="VB" lemma="know" wnsn="1" lexsn="2:31:01::">know</wf>
<wf cmd="tag" pos="RB">not</wf>
<wf cmd="ignore" pos="WP">what</wf>
<wf cmd="ignore" pos="PRP">they</wf>
<wf cmd="done" pos="VB" lemma="do" wnsn="2" lexsn="2:36:01::">do</wf>
<punc>''</punc>
<punc>.</punc>
</s>
<s snum="65">
<wf cmd="tag" pos="NNP">Luke</wf>
<wf cmd="tag" pos="CD">23</wf>
<punc>:</punc>
<wf cmd="tag" pos="CD">34</wf>
<punc>.</punc>
</s>
</p>
<p pnum="22">
<s snum="66">
<wf cmd="ignore" pos="PRP">She</wf>
<wf cmd="done" pos="VBZ" ot="notag">'s</wf>
<wf cmd="done" pos="VB" lemma="be" wnsn="1" lexsn="2:42:03::">been</wf>
<wf cmd="tag" pos="RB">in</wf>
<wf cmd="ignore" pos="CC">and</wf>
<wf cmd="ignore" pos="IN">out</wf>
<wf cmd="ignore" pos="IN">of</wf>
<wf cmd="ignore" pos="PRP$">my</wf>
<wf cmd="tag" pos="NN">house</wf>
<wf cmd="ignore" pos="IN">for</wf>
<wf cmd="ignore" pos="DT">a</wf>
<wf cmd="tag" pos="NN">dozen</wf>
<wf cmd="tag" pos="NNS">years</wf>
<wf cmd="tag" pos="RB">now</wf>
<punc>,</punc>
<wf cmd="ignore" pos="IN">although</wf>
<wf cmd="ignore" pos="PRP">she</wf>
<wf cmd="done" rdf="is" pos="VB" lemma="be" wnsn="1" lexsn="2:42:03::">'s</wf>
<wf cmd="tag" pos="RB">still</wf>
<wf cmd="ignore" pos="DT">a</wf>
<wf cmd="tag" pos="NN">teen-ager</wf>
<wf cmd="ignore" pos="WP">who</wf>
<wf cmd="done" pos="VB" lemma="look_like" wnsn="1" lexsn="2:42:00::">looks_like</wf>
<wf cmd="ignore" pos="DT">a</wf>
<wf cmd="tag" pos="NN">baby</wf>
<punc>,</punc>
<wf cmd="ignore" pos="PRP">she</wf>
<wf cmd="done" pos="VBZ" ot="notag">is</wf>
<wf cmd="done" rdf="get_married" pos="VB" lemma="get_married" wnsn="1" lexsn="2:41:00::">getting_married</wf>
<punc>.</punc>
</s>
<s snum="67">
<wf cmd="ignore" pos="PRP$">Her</wf>
<wf cmd="tag" pos="NN">mother</wf>
<punc>,</punc>
<wf cmd="tag" pos="RB">now</wf>
<wf cmd="tag" pos="JJ">dead</wf>
<punc>,</punc>
<wf cmd="done" pos="VB" lemma="be" wnsn="2" lexsn="2:42:06::">was</wf>
<wf cmd="ignore" pos="PRP$">my</wf>
<wf cmd="tag" pos="JJ">good</wf>
<wf cmd="tag" pos="NN">friend</wf>
<wf cmd="ignore" pos="CC">and</wf>
<wf cmd="ignore" pos="WRB">when</wf>
<wf cmd="ignore" pos="PRP">she</wf>
<wf cmd="done" pos="VB" lemma="come" wnsn="2" lexsn="2:38:04::">came</wf>
<wf cmd="done" pos="VB" ot="notag">to</wf>
<wf cmd="done" pos="VB" lemma="tell" wnsn="2" lexsn="2:32:00::">tell</wf>
<wf cmd="ignore" pos="PRP">us</wf>
<wf cmd="ignore" pos="IN">about</wf>
<wf cmd="ignore" pos="PRP$">her</wf>
<wf cmd="tag" pos="NNS">plans</wf>
<wf cmd="ignore" pos="CC">and</wf>
<wf cmd="ignore" pos="TO">to</wf>
<wf cmd="done" pos="VB" lemma="show_off" wnsn="1" lexsn="2:39:00::">show_off</wf>
<wf cmd="ignore" pos="PRP$">her</wf>
<wf cmd="tag" pos="NN">ring</wf>
<wf cmd="ignore" pos="PRP">I</wf>
<wf cmd="done" pos="VB" lemma="have" wnsn="3" lexsn="2:39:06::">had</wf>
<wf cmd="ignore" pos="DT">a</wf>
<wf cmd="tag" pos="JJ">sobering</wf>
<wf cmd="tag" pos="NN">wish</wf>
<wf cmd="done" pos="VB" ot="notag">to</wf>
<wf cmd="done" pos="VB" lemma="say" wnsn="1" lexsn="2:32:00::">say</wf>
<wf cmd="tag" pos="NN">something</wf>
<wf cmd="tag" pos="JJ">meaningful</wf>
<wf cmd="ignore" pos="TO">to</wf>
<wf cmd="ignore" pos="PRP$">her</wf>
<punc>,</punc>
<wf cmd="tag" pos="NN">something</wf>
<wf cmd="ignore" pos="PRP$">her</wf>
<wf cmd="tag" pos="NN">mother</wf>
<wf cmd="ignore" pos="MD">would</wf>
<wf cmd="done" pos="VB" lemma="wish" wnsn="4" lexsn="2:37:01::">wish</wf>
<wf cmd="done" pos="VB" lemma="say" wnsn="1" lexsn="2:32:00::">said</wf>
<punc>.</punc>
</s>
<s snum="68">
<wf cmd="tag" pos="RB">For_a_while</wf>
<wf cmd="ignore" pos="EX">there</wf>
<wf cmd="done" pos="VB" lemma="be" wnsn="5" lexsn="2:42:04::">was</wf>
<wf cmd="tag" pos="JJ">such</wf>
<wf cmd="tag" pos="JJ">shrill</wf>
<wf cmd="tag" pos="JJ">girlish</wf>
<wf cmd="tag" pos="NN">commotion</wf>
<wf cmd="ignore" pos="PRP">I</wf>
<wf cmd="ignore" pos="MD">could</wf>
<wf cmd="tag" pos="RB">n't</wf>
<wf cmd="done" pos="VB" ot="notag">have</wf>
<wf cmd="done" pos="VB" lemma="make" wnsn="2" lexsn="2:30:00::">made</wf>
<wf cmd="ignore" pos="PRP">myself</wf>
<wf cmd="tag" pos="JJ">heard</wf>
<wf cmd="ignore" pos="IN">if</wf>
<wf cmd="ignore" pos="PRP">I</wf>
<wf cmd="ignore" pos="MD">'d</wf>
<wf cmd="done" pos="VB" lemma="have" wnsn="1" lexsn="2:40:00::">had</wf>
<wf cmd="ignore" pos="DT">the</wf>
<wf cmd="tag" pos="NN">equivalent</wf>
<wf cmd="ignore" pos="IN">of</wf>
<wf cmd="ignore" pos="DT">the</wf>
<wf cmd="tag" pos="NN">message</wf>
<wf cmd="ignore" pos="TO">to</wf>
<wf cmd="tag" pos="NNP">Garcia</wf>
<punc>.</punc>
</s>
<s snum="69">
<wf cmd="ignore" pos="CC">But</wf>
<wf cmd="ignore" pos="WRB">when</wf>
<wf cmd="ignore" pos="DT">some</wf>
<wf cmd="ignore" pos="IN">of</wf>
<wf cmd="ignore" pos="DT">the</wf>
<wf cmd="tag" pos="NNS">squeals</wf>
<wf cmd="done" pos="VBD" ot="notag">had</wf>
<wf cmd="done" pos="VB" lemma="subside" wnsn="1" lexsn="2:30:00::">subsided</wf>
<wf cmd="ignore" pos="CC">and</wf>
<wf cmd="ignore" pos="PRP">she</wf>
<wf cmd="done" pos="VBD" ot="notag">had</wf>
<wf cmd="done" pos="VB" lemma="be" wnsn="3" lexsn="2:42:05::">been</wf>
<wf cmd="ignore" pos="IN">through</wf>
<wf cmd="tag" pos="CD">one</wf>
<wf cmd="ignore" pos="IN">of</wf>
<wf cmd="ignore" pos="DT">those</wf>
<wf cmd="tag" pos="NNS">sessions</wf>
<wf cmd="ignore" pos="WDT">that</wf>
<wf cmd="done" pos="VB" lemma="be" wnsn="1" lexsn="2:42:03::">are</wf>
<wf cmd="tag" pos="RB">so</wf>
<wf cmd="tag" pos="JJ">indispensable</wf>
<wf cmd="ignore" pos="TO">to</wf>
<wf cmd="ignore" pos="DT">the</wf>
<wf cmd="tag" pos="JJ">young</wf>
<wf cmd="tag" pos="JJ">female</wf>
<punc>-</punc>
<wf cmd="tag" pos="CD">six</wf>
<wf cmd="tag" pos="NNS">girls</wf>
<wf cmd="done" pos="VB" lemma="sprawl" wnsn="1" lexsn="2:35:00::">sprawled</wf>
<wf cmd="ignore" pos="IN">on</wf>
<wf cmd="tag" pos="CD">one</wf>
<wf cmd="tag" pos="NN">bed</wf>
<punc>,</punc>
<wf cmd="done" pos="VB" lemma="drink" wnsn="1" lexsn="2:34:00::">drinking</wf>
<wf cmd="tag" pos="NNS">Cokes</wf>
<wf cmd="ignore" pos="CC">and</wf>
<wf cmd="done" pos="VB" lemma="giggle" wnsn="1" lexsn="2:29:00::">giggling</wf>
<punc>-</punc>
<wf cmd="ignore" pos="PRP">she</wf>
<wf cmd="done" pos="VB" lemma="come_back" wnsn="0" lexsn="2:38:00::">came_back</wf>
<wf cmd="done" pos="VB" ot="notag">to</wf>
<wf cmd="ignore" pos="DT">the</wf>
<wf cmd="tag" pos="NN">kitchen</wf>
<wf cmd="ignore" pos="TO">to</wf>
<wf cmd="done" pos="VB" lemma="talk" wnsn="1" lexsn="2:32:01::">talk</wf>
<wf cmd="ignore" pos="IN">with</wf>
<wf cmd="ignore" pos="PRP">me</wf>
<wf cmd="ignore" pos="DT">a</wf>
<wf cmd="tag" pos="NN">minute</wf>
<punc>.</punc>
</s>
</p>
<p pnum="23">
<s snum="70">
<punc>``</punc>
<wf cmd="ignore" pos="WRB">How</wf>
<wf cmd="done" pos="VBP" ot="notag">do</wf>
<wf cmd="ignore" pos="PRP">you</wf>
<wf cmd="done" pos="VB" lemma="know" wnsn="1" lexsn="2:31:01::">know</wf>
<wf cmd="ignore" pos="PRP">you</wf>
<wf cmd="done" pos="VB" lemma="love" wnsn="3" lexsn="2:37:01::">love</wf>
<wf cmd="tag" pos="NN">somebody</wf>
<wf cmd="tag" pos="RB">enough</wf>
<wf cmd="ignore" pos="TO">to</wf>
<wf cmd="done" pos="VB" lemma="get_married" wnsn="1" lexsn="2:41:00::">get_married</wf>
<punc>''</punc>
<punc>?</punc>
<wf cmd="ignore" pos="PRP">she</wf>
<wf cmd="done" pos="VB" lemma="ask" wnsn="1" lexsn="2:32:00::">asked</wf>
<punc>.</punc>
</s>
</p>
<p pnum="24">
<s snum="71">
<wf cmd="ignore" pos="PRP">It</wf>
<wf cmd="done" pos="VB" lemma="be" wnsn="2" lexsn="2:42:06::">was</wf>
<wf cmd="ignore" pos="DT">the</wf>
<wf cmd="tag" pos="JJS">oldest</wf>
<wf cmd="ignore" pos="CC">and</wf>
<wf cmd="tag" pos="JJS">toughest</wf>
<wf cmd="tag" pos="NN">question</wf>
<wf cmd="tag" pos="JJ">young</wf>
<wf cmd="tag" pos="NNS">lovers</wf>
<wf cmd="done" pos="VBP" ot="notag">have</wf>
<wf cmd="tag" pos="RB">ever</wf>
<wf cmd="done" pos="VB" lemma="ask" wnsn="1" lexsn="2:32:00::">asked</wf>
<punc>:</punc>
<wf cmd="ignore" pos="WRB">How</wf>
<wf cmd="ignore" pos="MD">can</wf>
<wf cmd="ignore" pos="PRP">you</wf>
<wf cmd="done" pos="VB" lemma="be" wnsn="1" lexsn="2:42:03::">be</wf>
<wf cmd="tag" pos="JJ">sure</wf>
<punc>?</punc>
</s>
</p>
<p pnum="25">
<s snum="72">
<punc>``</punc>
<wf cmd="done" pos="VB" lemma="be" wnsn="1" lexsn="2:42:03::">Are</wf>
<wf cmd="tag" pos="RB">n't</wf>
<wf cmd="ignore" pos="PRP">you</wf>
<wf cmd="tag" pos="JJ">sure</wf>
<punc>''</punc>
<punc>?</punc>
</s>
<s snum="73">
<wf cmd="ignore" pos="PRP">I</wf>
<wf cmd="done" pos="VB" lemma="ask" wnsn="1" lexsn="2:32:00::">asked</wf>
<punc>,</punc>
<wf cmd="done" pos="VB" lemma="look" wnsn="1" lexsn="2:39:00::">looking</wf>
<wf cmd="done" pos="VB" ot="notag">at</wf>
<wf cmd="ignore" pos="PRP$">her</wf>
<wf cmd="tag" pos="RB">searchingly</wf>
<punc>.</punc>
</s>
<s snum="74">
<wf cmd="ignore" pos="PRP">I</wf>
<wf cmd="done" pos="VB" lemma="want" wnsn="1" lexsn="2:37:00::">wanted</wf>
<wf cmd="done" pos="VB" ot="notag">to</wf>
<wf cmd="done" pos="VB" lemma="grab" wnsn="1" lexsn="2:35:00::">grab</wf>
<wf cmd="ignore" pos="PRP">her</wf>
<wf cmd="ignore" pos="IN">by</wf>
<wf cmd="ignore" pos="DT">the</wf>
<wf cmd="tag" pos="NN">arm</wf>
<wf cmd="ignore" pos="CC">and</wf>
<wf cmd="done" pos="VB" lemma="beg" wnsn="1" lexsn="2:32:00::">beg</wf>
<wf cmd="ignore" pos="PRP">her</wf>
<wf cmd="ignore" pos="TO">to</wf>
<wf cmd="done" pos="VB" lemma="wait" wnsn="2" lexsn="2:42:01::">wait</wf>
<punc>,</punc>
<wf cmd="ignore" pos="TO">to</wf>
<wf cmd="done" pos="VB" lemma="consider" wnsn="5" lexsn="2:32:02::">consider</wf>
<punc>,</punc>
<wf cmd="ignore" pos="TO">to</wf>
<wf cmd="done" pos="VB" lemma="know" wnsn="3" lexsn="2:31:02::">know</wf>
<wf cmd="tag" pos="RB">for_certain</wf>
<wf cmd="ignore" pos="IN">because</wf>
<wf cmd="tag" pos="NN">life</wf>
<wf cmd="done" pos="VB" lemma="be" wnsn="1" lexsn="2:42:03::">is</wf>
<wf cmd="tag" pos="NN">so_long</wf>
<wf cmd="ignore" pos="CC">and</wf>
<wf cmd="tag" pos="NN">marriage</wf>
<wf cmd="done" pos="VB" lemma="be" wnsn="1" lexsn="2:42:03::">is</wf>
<wf cmd="tag" pos="RB">so</wf>
<wf cmd="tag" pos="JJ">important</wf>
<punc>.</punc>
</s>
<s snum="75">
<wf cmd="ignore" pos="CC">But</wf>
<wf cmd="ignore" pos="IN">if</wf>
<wf cmd="ignore" pos="PRP">she</wf>
<wf cmd="done" pos="VBD" ot="notag">were</wf>
<wf cmd="tag" pos="RB">just</wf>
<wf cmd="done" pos="VB" lemma="have" wnsn="3" lexsn="2:39:06::">having</wf>
<wf cmd="ignore" pos="DT">a</wf>
<wf cmd="tag" pos="JJ">normal</wf>
<wf cmd="tag" pos="NN">case</wf>
<wf cmd="ignore" pos="IN">of</wf>
<wf cmd="tag" pos="JJ">pre-nuptial</wf>
<wf cmd="tag" pos="NNS">jitters</wf>
<wf cmd="tag" pos="JJ">such</wf>
<wf cmd="ignore" pos="DT">a</wf>
<wf cmd="tag" pos="NN">question</wf>
<wf cmd="ignore" pos="MD">might</wf>
<wf cmd="done" pos="VB" lemma="frighten" wnsn="1" lexsn="2:37:00::">frighten</wf>
<wf cmd="ignore" pos="PRP">her</wf>
<wf cmd="ignore" pos="IN">out</wf>
<wf cmd="ignore" pos="IN">of</wf>
<wf cmd="ignore" pos="DT">a</wf>
<wf cmd="tag" pos="RB">really</wf>
<wf cmd="tag" pos="JJ">good</wf>
<wf cmd="tag" pos="NN">marriage</wf>
<punc>.</punc>
</s>
<s snum="76">
<wf cmd="tag" pos="RB">Besides</wf>
<punc>,</punc>
<wf cmd="tag" pos="RB">in_all</wf>
<wf cmd="tag" pos="NN">honesty</wf>
<punc>,</punc>
<wf cmd="ignore" pos="PRP">I</wf>
<wf cmd="done" pos="VBP" ot="notag">do</wf>
<wf cmd="tag" pos="RB">n't</wf>
<wf cmd="done" pos="VB" lemma="know" wnsn="1" lexsn="2:31:01::">know</wf>
<wf cmd="ignore" pos="WRB">how</wf>
<wf cmd="ignore" pos="PRP">you</wf>
<wf cmd="ignore" pos="MD">can</wf>
<wf cmd="done" pos="VB" lemma="be" wnsn="1" lexsn="2:42:03::">be</wf>
<wf cmd="tag" pos="JJ">sure</wf>
<punc>.</punc>
</s>
<s snum="77">
<wf cmd="ignore" pos="PRP">I</wf>
<wf cmd="done" pos="VBP" ot="notag">do</wf>
<wf cmd="tag" pos="RB">n't</wf>
<wf cmd="done" pos="VB" lemma="know" wnsn="1" lexsn="2:31:01::">know</wf>
<wf cmd="ignore" pos="DT">any</wf>
<wf cmd="tag" pos="JJ">secret</wf>
<wf cmd="tag" pos="NN">recipe</wf>
<wf cmd="ignore" pos="IN">for</wf>
<wf cmd="tag" pos="NN">certainty</wf>
<punc>.</punc>
</s>
<s snum="78">
<wf cmd="ignore" pos="IN">In</wf>
<wf cmd="ignore" pos="DT">the</wf>
<wf cmd="tag" pos="JJ">fevered</wf>
<punc>,</punc>
<wf cmd="tag" pos="JJ">intoxicating</wf>
<punc>,</punc>
<wf cmd="tag" pos="JJ">breathless</wf>
<wf cmd="tag" pos="NN">state</wf>
<wf cmd="ignore" pos="IN">of</wf>
<wf cmd="done" pos="VB" lemma="be" wnsn="1" lexsn="2:42:03::">being</wf>
<wf cmd="tag" pos="JJ">in_love</wf>
<wf cmd="ignore" pos="DT">the</wf>
<wf cmd="tag" pos="JJ">usual</wf>
<wf cmd="tag" pos="NNS">signposts</wf>
<wf cmd="ignore" pos="IN">that</wf>
<wf cmd="done" pos="VB" lemma="guide" wnsn="2" lexsn="2:38:00::">guide</wf>
<wf cmd="ignore" pos="PRP">you</wf>
<wf cmd="ignore" pos="TO">to</wf>
<wf cmd="tag" pos="JJ">lasting</wf>
<wf cmd="ignore" pos="CC">and</wf>
<wf cmd="tag" pos="JJ">satisfying</wf>
<wf cmd="tag" pos="NNS">relationships</wf>
<wf cmd="done" pos="VBP" ot="notag">are</wf>
<wf cmd="tag" pos="RB">sometimes</wf>
<wf cmd="done" pos="VB" lemma="obscure" wnsn="1" lexsn="2:39:00::">obscured</wf>
<punc>.</punc>
</s>
<s snum="79">
<wf cmd="ignore" pos="PRP">I</wf>
<wf cmd="done" pos="VB" lemma="know" wnsn="1" lexsn="2:31:01::">knew</wf>
<wf cmd="tag" pos="RB">of</wf>
<wf cmd="ignore" pos="CC">but</wf>
<wf cmd="tag" pos="CD">one</wf>
<wf cmd="tag" pos="NN">test</wf>
<wf cmd="ignore" pos="CC">and</wf>
<wf cmd="ignore" pos="PRP">I</wf>
<wf cmd="done" rdf="threw_out" pos="VB" lemma="throw_out" wnsn="4" lexsn="2:32:00::">threw</wf>
<wf cmd="ignore" pos="PRP">it</wf>
<wf cmd="tag" pos="RB">out</wf>
<wf cmd="ignore" pos="TO">to</wf>
<wf cmd="ignore" pos="PRP">her</wf>
<wf cmd="ignore" pos="IN">for</wf>
<wf cmd="ignore" pos="WP">what</wf>
<wf cmd="ignore" pos="PRP">it</wf>
<wf cmd="done" pos="VB" lemma="be" wnsn="1" lexsn="2:42:03::">was</wf>
<wf cmd="tag" pos="JJ">worth</wf>
<punc>.</punc>
</s>
</p>
<p pnum="26">
<s snum="80">
<punc>``</punc>
<wf cmd="done" pos="VBZ" ot="notag">Does</wf>
<wf cmd="ignore" pos="PRP">he</wf>
<wf cmd="tag" pos="RB">ever</wf>
<wf cmd="done" pos="VB" lemma="bore" wnsn="1" lexsn="2:37:00::">bore</wf>
<wf cmd="ignore" pos="PRP">you</wf>
<punc>''</punc>
<punc>?</punc>
</s>
<s snum="81">
<wf cmd="ignore" pos="PRP">I</wf>
<wf cmd="done" pos="VB" lemma="ask" wnsn="1" lexsn="2:32:00::">asked</wf>
<punc>.</punc>
</s>
</p>
<p pnum="27">
<s snum="82">
<punc>``</punc>
<wf cmd="done" pos="VB" lemma="bore" wnsn="1" lexsn="2:37:00::">Bore</wf>
<wf cmd="ignore" pos="PRP">me</wf>
<punc>''</punc>
<punc>?</punc>
<wf cmd="ignore" pos="PRP">she</wf>
<wf cmd="done" pos="VB" lemma="be" wnsn="1" lexsn="2:42:03::">was</wf>
<wf cmd="tag" pos="JJ">shocked</wf>
<punc>.</punc>
</s>
<s snum="83">
<wf cmd="ignore" pos="UH">Oh</wf>
<punc>,</punc>
<wf cmd="ignore" pos="UH">no-o</wf>
<punc>!</punc>
</s>
<s snum="84">
<wf cmd="ignore" pos="WRB">Why</wf>
<punc>,</punc>
<wf cmd="ignore" pos="PRP">he</wf>
<wf cmd="done" rdf="is" pos="VB" lemma="be" wnsn="1" lexsn="2:42:03::">'s</wf>
<wf cmd="tag" pos="RB">so</wf>
<wf cmd="tag" pos="NN">darling</wf>
<wf cmd="ignore" pos="CC">and</wf>
<punc>&amp;</punc>
<punc>&amp;</punc>
<punc>&amp;</punc>
<punc>``</punc>
<punc>.</punc>
</s>
</p>
<p pnum="28">
<s snum="85">
<punc>``</punc>
<wf cmd="ignore" pos="PRP">I</wf>
<wf cmd="done" pos="VB" lemma="mean" wnsn="1" lexsn="2:32:01::">mean</wf>
<punc>''</punc>
<punc>,</punc>
<wf cmd="ignore" pos="PRP">I</wf>
<wf cmd="done" pos="VB" lemma="go_on" wnsn="1" lexsn="2:42:00::">went_on</wf>
<wf cmd="tag" pos="RB">ruthlessly</wf>
<punc>,</punc>
<punc>``</punc>
<wf cmd="ignore" pos="WRB">when</wf>
<wf cmd="ignore" pos="PRP">he</wf>
<wf cmd="done" pos="VBZ" ot="notag">'s</wf>
<wf cmd="tag" pos="RB">not</wf>
<wf cmd="done" pos="VB" lemma="talk_about" wnsn="2" lexsn="2:32:01::">talking_about</wf>
<wf cmd="ignore" pos="PRP">you</wf>
<wf cmd="ignore" pos="CC">or</wf>
<wf cmd="ignore" pos="PRP">himself</wf>
<wf cmd="ignore" pos="CC">or</wf>
<wf cmd="ignore" pos="DT">the</wf>
<wf cmd="tag" pos="NNS">wonders</wf>
<wf cmd="ignore" pos="IN">of</wf>
<wf cmd="tag" pos="NN">love</wf>
<punc>,</punc>
<wf cmd="done" pos="VB" lemma="be" wnsn="1" lexsn="2:42:03::">is</wf>
<wf cmd="ignore" pos="PRP">he</wf>
<wf cmd="tag" pos="JJ">interesting</wf>
<punc>?</punc>
</s>
<s snum="86">
<wf cmd="done" pos="VBZ" ot="notag">Does</wf>
<wf cmd="ignore" pos="PRP">he</wf>
<wf cmd="done" pos="VB" lemma="care" wnsn="1" lexsn="2:37:02::">care</wf>
<wf cmd="done" pos="VB" ot="notag">about</wf>
<wf cmd="tag" pos="NNS">things</wf>
<wf cmd="ignore" pos="IN">that</wf>
<wf cmd="done" pos="VB" lemma="matter_to" wnsn="1" lexsn="2:42:00::">matter_to</wf>
<wf cmd="ignore" pos="PRP">you</wf>
<punc>?</punc>
</s>
<s snum="87">
<wf cmd="ignore" pos="MD">Can</wf>
<wf cmd="ignore" pos="PRP">you</wf>
<wf cmd="done" pos="VB" lemma="visualize" wnsn="1" lexsn="2:36:00::">visualize</wf>
<wf cmd="done" pos="VB" lemma="be" wnsn="1" lexsn="2:42:03::">being</wf>
<wf cmd="tag" pos="JJ">stranded</wf>
<wf cmd="ignore" pos="IN">with</wf>
<wf cmd="ignore" pos="PRP">him</wf>
<wf cmd="ignore" pos="IN">on</wf>
<wf cmd="ignore" pos="DT">a</wf>
<wf cmd="tag" pos="NN">desert</wf>
<wf cmd="tag" pos="NN">island</wf>
<wf cmd="ignore" pos="IN">for</wf>
<wf cmd="tag" pos="NNS">years</wf>
<wf cmd="ignore" pos="CC">and</wf>
<wf cmd="tag" pos="NNS">years</wf>
<wf cmd="ignore" pos="CC">and</wf>
<wf cmd="tag" pos="RB">still</wf>
<wf cmd="done" pos="VB" lemma="find" wnsn="5" lexsn="2:31:10::">find</wf>
<wf cmd="ignore" pos="PRP">him</wf>
<wf cmd="tag" pos="JJ">fascinating</wf>
<punc>?</punc>
</s>
</p>
<p pnum="29">
<s snum="88">
<wf cmd="tag" pos="RB">Because</wf>
<punc>,</punc>
<wf cmd="tag" pos="NN">honey</wf>
<punc>,</punc>
<wf cmd="ignore" pos="PRP">I</wf>
<wf cmd="done" pos="VB" lemma="think" wnsn="3" lexsn="2:31:00::">thought</wf>
<wf cmd="tag" pos="RB">silently</wf>
<punc>,</punc>
<wf cmd="ignore" pos="EX">there</wf>
<wf cmd="done" pos="VB" lemma="be" wnsn="5" lexsn="2:42:04::">are</wf>
<wf cmd="tag" pos="NN">plenty</wf>
<wf cmd="ignore" pos="IN">of</wf>
<wf cmd="tag" pos="NN">desert</wf>
<wf cmd="tag" pos="NNS">islands</wf>
<wf cmd="ignore" pos="IN">in</wf>
<wf cmd="ignore" pos="DT">every</wf>
<wf cmd="tag" pos="NN">marriage</wf>
<punc>-</punc>
<wf cmd="tag" pos="JJ">long</wf>
<wf cmd="tag" pos="NNS">periods</wf>
<wf cmd="ignore" pos="WRB">when</wf>
<wf cmd="ignore" pos="PRP">you</wf>
<wf cmd="done" rdf="are" pos="VB" lemma="be" wnsn="1" lexsn="2:42:03::">'re</wf>
<wf cmd="tag" pos="RB">hopelessly</wf>
<wf cmd="tag" pos="JJ">stranded</wf>
<punc>,</punc>
<wf cmd="tag" pos="RB">together</wf>
<punc>.</punc>
</s>
<s snum="89">
<wf cmd="ignore" pos="CC">And</wf>
<wf cmd="ignore" pos="IN">if</wf>
<wf cmd="ignore" pos="PRP">you</wf>
<wf cmd="done" pos="VB" lemma="bore" wnsn="1" lexsn="2:37:00::">bore</wf>
<wf cmd="ignore" pos="DT">each</wf>
<wf cmd="tag" pos="JJ">other</wf>
<wf cmd="tag" pos="RB">then</wf>
<punc>,</punc>
<wf cmd="tag" pos="NN">heaven</wf>
<wf cmd="done" pos="VB" lemma="help" wnsn="1" lexsn="2:41:00::">help</wf>
<wf cmd="ignore" pos="PRP">you</wf>
<punc>.</punc>
</s>
</p>
<p pnum="30">
<s snum="90">
<wf cmd="ignore" pos="PRP">She</wf>
<wf cmd="done" pos="VB" lemma="come_back" wnsn="0" lexsn="2:38:00::">came_back</wf>
<wf cmd="ignore" pos="DT">the</wf>
<wf cmd="tag" pos="JJ">other</wf>
<wf cmd="tag" pos="NN">day</wf>
<wf cmd="ignore" pos="TO">to</wf>
<wf cmd="done" pos="VB" lemma="reassure" wnsn="1" lexsn="2:37:00::">reassure</wf>
<wf cmd="ignore" pos="PRP">me</wf>
<punc>.</punc>
</s>
<s snum="91">
<wf cmd="ignore" pos="PRP">She</wf>
<wf cmd="done" pos="VBZ" ot="notag">has</wf>
<wf cmd="done" pos="VB" lemma="study" wnsn="3" lexsn="2:39:00::">studied</wf>
<wf cmd="ignore" pos="CC">and</wf>
<wf cmd="done" pos="VB" lemma="observe" wnsn="4" lexsn="2:39:00::">observed</wf>
<wf cmd="ignore" pos="CC">and</wf>
<wf cmd="ignore" pos="PRP">she</wf>
<wf cmd="done" pos="VB" lemma="be" wnsn="1" lexsn="2:42:03::">is</wf>
<wf cmd="tag" pos="JJ">convinced</wf>
<wf cmd="ignore" pos="IN">that</wf>
<wf cmd="ignore" pos="PRP$">her</wf>
<wf cmd="tag" pos="NN">young_man</wf>
<wf cmd="done" pos="VBZ" ot="notag">is</wf>
<wf cmd="done" pos="VB" ot="notag">going_to</wf>
<wf cmd="done" pos="VB" lemma="be" wnsn="1" lexsn="2:42:03::">be</wf>
<wf cmd="tag" pos="RB">endlessly</wf>
<wf cmd="tag" pos="JJ">enchanting</wf>
<punc>.</punc>
</s>
</p>
<p pnum="31">
<s snum="92">
<wf cmd="ignore" pos="PRP">She</wf>
<wf cmd="done" pos="VB" lemma="ask" wnsn="1" lexsn="2:32:00::">asked</wf>
<wf cmd="ignore" pos="IN">if</wf>
<wf cmd="ignore" pos="PRP">I</wf>
<wf cmd="done" pos="VB" lemma="have" wnsn="1" lexsn="2:40:00::">had</wf>
<wf cmd="tag" pos="JJ">other</wf>
<wf cmd="tag" pos="NN">advice</wf>
<wf cmd="ignore" pos="CC">and</wf>
<punc>,</punc>
<wf cmd="tag" pos="JJ">heady</wf>
<wf cmd="tag" pos="RB">with_success</wf>
<punc>,</punc>
<wf cmd="ignore" pos="PRP">I</wf>
<wf cmd="done" pos="VB" lemma="rush" wnsn="3" lexsn="2:30:01::">rushed</wf>
<wf cmd="ignore" pos="PRP">it</wf>
<wf cmd="tag" pos="RB">in</wf>
<punc>,</punc>
<wf cmd="ignore" pos="PRP">I</wf>
<wf cmd="done" pos="VB" lemma="hope" wnsn="2" lexsn="2:37:00::">hope</wf>
<wf cmd="tag" pos="RB">not</wf>
<wf cmd="tag" pos="RB">too</wf>
<wf cmd="tag" pos="JJ">late</wf>
<punc>.</punc>
</s>
<s snum="93">
<wf cmd="done" pos="VB" lemma="be" wnsn="1" lexsn="2:42:03::">Be</wf>
<wf cmd="tag" pos="NNS">friends</wf>
<wf cmd="ignore" pos="IN">with</wf>
<wf cmd="ignore" pos="PRP$">your</wf>
<wf cmd="tag" pos="NN">mother-in-law</wf>
<punc>.</punc>
</s>
<s snum="94">
<wf cmd="tag" pos="NNS">Jokes</wf>
<punc>,</punc>
<wf cmd="tag" pos="NNS">cartoons</wf>
<wf cmd="ignore" pos="CC">and</wf>
<wf cmd="tag" pos="NNS">cynics</wf>
<wf cmd="tag" pos="RB">to_the_contrary</wf>
<punc>,</punc>
<wf cmd="tag" pos="NNS">mothers-in-law</wf>
<wf cmd="done" pos="VB" lemma="make" wnsn="12" lexsn="2:42:05::">make</wf>
<wf cmd="tag" pos="JJ">good</wf>
<wf cmd="tag" pos="NNS">friends</wf>
<punc>.</punc>
</s>
</p>
<p pnum="32">
<s snum="95">
<wf cmd="ignore" pos="PRP">I</wf>
<wf cmd="done" pos="VBP" ot="notag">do</wf>
<wf cmd="tag" pos="RB">not</wf>
<wf cmd="done" pos="VB" lemma="know" wnsn="4" lexsn="2:31:00::">know</wf>
<wf cmd="tag" pos="NNP">Dr._Wilson_Sneed</wf>
<wf cmd="tag" pos="RB">well</wf>
<punc>.</punc>
</s>
<s snum="96">
<wf cmd="ignore" pos="CC">But</wf>
<wf cmd="ignore" pos="PRP">I</wf>
<wf cmd="done" pos="VB" lemma="be" wnsn="1" lexsn="2:42:03::">was</wf>
<wf cmd="tag" pos="RB">deeply</wf>
<wf cmd="tag" pos="JJ">moved</wf>
<wf cmd="ignore" pos="IN">by</wf>
<wf cmd="ignore" pos="PRP$">his</wf>
<wf cmd="tag" pos="NN">letter</wf>
<wf cmd="tag" pos="RB">of</wf>
<wf cmd="tag" pos="NN">resignation</wf>
<wf cmd="ignore" pos="IN">as</wf>
<wf cmd="tag" pos="NN">rector</wf>
<wf cmd="ignore" pos="IN">of</wf>
<wf cmd="tag" pos="NNP">St._Luke</wf>
<wf cmd="ignore" pos="POS">'s</wf>
<wf cmd="tag" pos="NNP">Church</wf>
<wf cmd="ignore" pos="IN">in</wf>
<wf cmd="tag" pos="NNP">Atlanta</wf>
<punc>.</punc>
</s>
<s snum="97">
<wf cmd="ignore" pos="PRP">It</wf>
<wf cmd="done" pos="VB" lemma="be" wnsn="2" lexsn="2:42:06::">was</wf>
<wf cmd="ignore" pos="DT">the</wf>
<wf cmd="tag" pos="NN">cry</wf>
<wf cmd="ignore" pos="IN">of</wf>
<wf cmd="tag" pos="RB">not</wf>
<wf cmd="tag" pos="RB">just</wf>
<wf cmd="tag" pos="CD">one</wf>
<wf cmd="tag" pos="NN">heart</wf>
<punc>;</punc>
<wf cmd="ignore" pos="PRP">it</wf>
<wf cmd="done" pos="VB" lemma="speak_for" wnsn="1" lexsn="2:41:00::">spoke_for</wf>
<wf cmd="tag" pos="JJ">many</wf>
<wf cmd="ignore" pos="IN">in</wf>
<wf cmd="ignore" pos="DT">the</wf>
<wf cmd="tag" pos="NN">clergy</wf>
<punc>,</punc>
<wf cmd="ignore" pos="PRP">I</wf>
<wf cmd="done" pos="VB" lemma="suspect" wnsn="0" lexsn="2:31:02::">suspect</wf>
<punc>.</punc>
</s>
<s snum="98">
<wf cmd="ignore" pos="DT">The</wf>
<wf cmd="tag" pos="NN">pulpit</wf>
<wf cmd="done" pos="VB" lemma="be" wnsn="1" lexsn="2:42:03::">is</wf>
<wf cmd="ignore" pos="DT">a</wf>
<wf cmd="tag" pos="JJ">lonely</wf>
<wf cmd="tag" pos="NN">place</wf>
<punc>.</punc>
</s>
<s snum="99">
<wf cmd="ignore" pos="WP">Who</wf>
<wf cmd="done" pos="VB" lemma="stop" wnsn="2" lexsn="2:42:00::">stops</wf>
<wf cmd="ignore" pos="TO">to</wf>
<wf cmd="done" pos="VB" lemma="think_of" wnsn="2" lexsn="2:31:03::">think_of</wf>
<wf cmd="tag" pos="RB">that</wf>
<punc>?</punc>
</s>
</p>
<p pnum="33">
<s snum="100">
<wf cmd="done" pos="VB" lemma="imagine" wnsn="1" lexsn="2:36:00::">Imagine</wf>
<wf cmd="ignore" pos="DT">the</wf>
<wf cmd="tag" pos="NN">searching</wf>
<wf cmd="ignore" pos="CC">and</wf>
<wf cmd="ignore" pos="DT">the</wf>
<wf cmd="tag" pos="NN">prayer</wf>
<wf cmd="ignore" pos="WDT">that</wf>
<wf cmd="done" pos="VB" lemma="lie" wnsn="1" lexsn="2:42:00::">lay</wf>
<wf cmd="ignore" pos="IN">behind</wf>
<wf cmd="ignore" pos="DT">the</wf>
<wf cmd="tag" pos="NN">letter</wf>
<wf cmd="ignore" pos="DT">the</wf>
<wf cmd="tag" pos="NN">rector</wf>
<wf cmd="done" pos="VB" lemma="write" wnsn="1" lexsn="2:36:00::">wrote</wf>
<wf cmd="ignore" pos="IN">after</wf>
<wf cmd="tag" pos="RB">almost</wf>
<wf cmd="ignore" pos="DT">a</wf>
<wf cmd="tag" pos="NN">decade</wf>
<wf cmd="ignore" pos="IN">of</wf>
<wf cmd="tag" pos="NN">service</wf>
<wf cmd="ignore" pos="TO">to</wf>
<wf cmd="ignore" pos="DT">this</wf>
<wf cmd="tag" pos="JJ">majestic</wf>
<wf cmd="tag" pos="NN">church</wf>
<punc>.</punc>
</s>
<s snum="101">
<punc>``</punc>
<wf cmd="tag" pos="JJ">Such</wf>
<wf cmd="ignore" pos="DT">a</wf>
<wf cmd="tag" pos="NN">church</wf>
<wf cmd="done" pos="VB" lemma="need" wnsn="1" lexsn="2:42:00::">needs</wf>
<wf cmd="tag" pos="NN">vigor</wf>
<wf cmd="ignore" pos="CC">and</wf>
<wf cmd="tag" pos="NN">vitality</wf>
<wf cmd="ignore" pos="IN">in</wf>
<wf cmd="ignore" pos="PRP$">its</wf>
<wf cmd="tag" pos="NN">rector</wf>
<wf cmd="ignore" pos="CC">and</wf>
<wf cmd="tag" pos="CD">one</wf>
<wf cmd="tag" pos="NN">man</wf>
<wf cmd="done" pos="VB" lemma="have" wnsn="1" lexsn="2:40:00::">has</wf>
<wf cmd="tag" pos="RB">only</wf>
<wf cmd="tag" pos="RB">so_much</wf>
<wf cmd="ignore" pos="IN">of</wf>
<wf cmd="ignore" pos="DT">these</wf>
<wf cmd="tag" pos="NNS">endowments</wf>
<punc>''</punc>
<punc>,</punc>
<wf cmd="ignore" pos="PRP">he</wf>
<wf cmd="done" pos="VB" lemma="tell" wnsn="1" lexsn="2:32:04::">told</wf>
<wf cmd="ignore" pos="PRP$">his</wf>
<wf cmd="tag" pos="NNS">members</wf>
<punc>.</punc>
</s>
</p>
<p pnum="34">
<s snum="102">
<wf cmd="ignore" pos="DT">A</wf>
<wf cmd="tag" pos="NN">minister</wf>
<wf cmd="ignore" pos="MD">should</wf>
<wf cmd="tag" pos="RB">not</wf>
<wf cmd="done" pos="VB" lemma="stay" wnsn="4" lexsn="2:42:02::">stay</wf>
<punc>``</punc>
<wf cmd="ignore" pos="IN">beyond</wf>
<wf cmd="ignore" pos="DT">the</wf>
<wf cmd="tag" pos="NN">time</wf>
<wf cmd="ignore" pos="IN">that</wf>
<wf cmd="ignore" pos="PRP$">his</wf>
<wf cmd="tag" pos="NN">leadership</wf>
<wf cmd="ignore" pos="MD">should</wf>
<wf cmd="done" pos="VB" lemma="benefit" wnsn="2" lexsn="2:40:01::">benefit</wf>
<punc>''</punc>
<wf cmd="ignore" pos="PRP$">his</wf>
<wf cmd="tag" pos="NN">church</wf>
<punc>,</punc>
<wf cmd="ignore" pos="PRP">he</wf>
<wf cmd="done" pos="VB" lemma="write" wnsn="1" lexsn="2:36:00::">wrote</wf>
<punc>,</punc>
<punc>``</punc>
<wf cmd="ignore" pos="IN">for</wf>
<wf cmd="ignore" pos="PRP">he</wf>
<wf cmd="done" pos="VB" lemma="become" wnsn="2" lexsn="2:42:01::">becomes</wf>
<wf cmd="tag" pos="JJ">ordinary</wf>
<punc>''</punc>
<punc>.</punc>
</s>
</p>
<p pnum="35">
<s snum="103">
<wf cmd="ignore" pos="CC">And</wf>
<wf cmd="tag" pos="RB">so</wf>
<wf cmd="ignore" pos="DT">the</wf>
<wf cmd="tag" pos="JJ">young</wf>
<wf cmd="tag" pos="NN">minister</wf>
<wf cmd="done" pos="VB" lemma="resign" wnsn="1" lexsn="2:41:00::">resigned</wf>
<punc>,</punc>
<wf cmd="ignore" pos="TO">to</wf>
<wf cmd="done" pos="VB" lemma="go" wnsn="2" lexsn="2:41:00::">go</wf>
<wf cmd="ignore" pos="CC">and</wf>
<wf cmd="done" pos="VB" lemma="study" wnsn="5" lexsn="2:31:01::">study</wf>
<wf cmd="ignore" pos="CC">and</wf>
<wf cmd="done" pos="VB" lemma="pray" wnsn="1" lexsn="2:32:00::">pray</wf>
<punc>,</punc>
<wf cmd="done" pos="VBG" ot="notag">having</wf>
<wf cmd="tag" pos="RB">never</wf>
<wf cmd="done" pos="VB" lemma="pass" wnsn="10" lexsn="2:42:00::">passed</wf>
<wf cmd="ignore" pos="DT">a</wf>
<wf cmd="tag" pos="NN">day</wf>
<punc>,</punc>
<wf cmd="ignore" pos="PRP">he</wf>
<wf cmd="done" pos="VB" lemma="tell" wnsn="1" lexsn="2:32:04::">told</wf>
<wf cmd="ignore" pos="PRP$">his</wf>
<wf cmd="tag" pos="NNS">parishioners</wf>
<punc>,</punc>
<wf cmd="ignore" pos="WRB">when</wf>
<punc>``</punc>
<wf cmd="ignore" pos="PRP">I</wf>
<wf cmd="done" pos="VBD" ot="notag">did</wf>
<wf cmd="tag" pos="RB">not</wf>
<wf cmd="done" pos="VB" lemma="gain" wnsn="3" lexsn="2:40:02::">gain</wf>
<wf cmd="ignore" pos="IN">from</wf>
<wf cmd="ignore" pos="PRP">you</wf>
<wf cmd="tag" pos="RB">far</wf>
<wf cmd="tag" pos="RB">more_than</wf>
<wf cmd="ignore" pos="PRP">I</wf>
<wf cmd="tag" pos="RB">ever</wf>
<wf cmd="done" pos="VB" lemma="give" wnsn="1" lexsn="2:40:03::">gave</wf>
<wf cmd="ignore" pos="TO">to</wf>
<wf cmd="ignore" pos="PRP">you</wf>
<punc>''</punc>
<punc>.</punc>
</s>
</p>
<p pnum="36">
<s snum="104">
<wf cmd="ignore" pos="PRP$">His</wf>
<wf cmd="tag" pos="RB">very</wf>
<wf cmd="tag" pos="JJ">honest</wf>
<wf cmd="tag" pos="NN">act</wf>
<wf cmd="done" pos="VB" lemma="call_up" wnsn="1" lexsn="2:32:03::">called_up</wf>
<wf cmd="ignore" pos="DT">the</wf>
<wf cmd="tag" pos="JJ">recent</wf>
<wf cmd="tag" pos="NN">talk</wf>
<wf cmd="ignore" pos="PRP">I</wf>
<wf cmd="done" pos="VB" lemma="have" wnsn="3" lexsn="2:39:06::">had</wf>
<wf cmd="ignore" pos="IN">with</wf>
<wf cmd="ignore" pos="DT">another</wf>
<wf cmd="tag" pos="NN">minister</wf>
<punc>,</punc>
<wf cmd="ignore" pos="DT">a</wf>
<wf cmd="tag" pos="JJ">modest</wf>
<wf cmd="tag" pos="NNP">Methodist</wf>
<punc>,</punc>
<wf cmd="ignore" pos="WP">who</wf>
<wf cmd="done" pos="VB" lemma="say" wnsn="1" lexsn="2:32:00::">said</wf>
<punc>:</punc>
<punc>``</punc>
<wf cmd="ignore" pos="PRP">I</wf>
<wf cmd="done" pos="VB" lemma="feel" wnsn="1" lexsn="2:37:00::">feel</wf>
<wf cmd="tag" pos="RB">so</wf>
<wf cmd="tag" pos="RB">deeply</wf>
<wf cmd="tag" pos="JJ">blessed</wf>
<wf cmd="ignore" pos="IN">by</wf>
<wf cmd="tag" pos="NNP">God</wf>
<wf cmd="ignore" pos="WRB">when</wf>
<wf cmd="ignore" pos="PRP">I</wf>
<wf cmd="ignore" pos="MD">can</wf>
<wf cmd="done" pos="VB" lemma="give" wnsn="4" lexsn="2:40:07::">give</wf>
<wf cmd="ignore" pos="DT">a</wf>
<wf cmd="tag" pos="NN">message</wf>
<wf cmd="ignore" pos="IN">of</wf>
<wf cmd="tag" pos="NN">love</wf>
<wf cmd="ignore" pos="CC">and</wf>
<wf cmd="tag" pos="NN">comfort</wf>
<wf cmd="ignore" pos="TO">to</wf>
<wf cmd="tag" pos="JJ">other</wf>
<wf cmd="tag" pos="NNS">men</wf>
<punc>,</punc>
<wf cmd="ignore" pos="CC">and</wf>
<wf cmd="ignore" pos="PRP">I</wf>
<wf cmd="ignore" pos="MD">would</wf>
<wf cmd="done" pos="VB" ot="notag">have</wf>
<wf cmd="ignore" pos="PRP">it</wf>
<wf cmd="ignore" pos="DT">no</wf>
<wf cmd="tag" pos="JJ">other</wf>
<wf cmd="tag" pos="NN">way</wf>
<punc>:</punc>
<wf cmd="ignore" pos="CC">and</wf>
<wf cmd="ignore" pos="PRP">it</wf>
<wf cmd="done" pos="VB" lemma="be" wnsn="1" lexsn="2:42:03::">is</wf>
<wf cmd="tag" pos="JJ">unworthy</wf>
<wf cmd="ignore" pos="TO">to</wf>
<wf cmd="done" pos="VB" lemma="think_of" wnsn="4" lexsn="2:31:02::">think_of</wf>
<wf cmd="tag" pos="NN">self</wf>
<punc>.</punc>
</s>
<s snum="105">
<wf cmd="ignore" pos="CC">But</wf>
<wf cmd="ignore" pos="UH">oh</wf>
<punc>,</punc>
<wf cmd="ignore" pos="WRB">how</wf>
<wf cmd="ignore" pos="PRP">I</wf>
<wf cmd="done" pos="VBP" ot="notag">do</wf>
<wf cmd="tag" pos="RB">sometimes</wf>
<wf cmd="done" pos="VB" lemma="need" wnsn="0" lexsn="2:37:00::">need</wf>
<wf cmd="tag" pos="RB">just</wf>
<wf cmd="ignore" pos="DT">a</wf>
<wf cmd="tag" pos="NN">moment</wf>
<wf cmd="ignore" pos="IN">of</wf>
<wf cmd="tag" pos="NN">rest</wf>
<punc>,</punc>
<wf cmd="ignore" pos="CC">and</wf>
<wf cmd="tag" pos="NN">peace</wf>
<punc>,</punc>
<wf cmd="ignore" pos="IN">in</wf>
<wf cmd="ignore" pos="PRP">myself</wf>
<punc>''</punc>
<punc>.</punc>
</s>
</p>
<p pnum="37">
<s snum="106">
<wf cmd="ignore" pos="DT">A</wf>
<wf cmd="tag" pos="NN">man</wf>
<wf cmd="ignore" pos="WP">who</wf>
<wf cmd="done" pos="VB" lemma="give" wnsn="3" lexsn="2:40:00::">gives</wf>
<wf cmd="ignore" pos="PRP">himself</wf>
<wf cmd="ignore" pos="TO">to</wf>
<wf cmd="tag" pos="NNP">God</wf>
<wf cmd="ignore" pos="CC">and</wf>
<wf cmd="ignore" pos="TO">to</wf>
<wf cmd="ignore" pos="DT">the</wf>
<wf cmd="tag" pos="NNS">believers</wf>
<wf cmd="ignore" pos="IN">of</wf>
<wf cmd="ignore" pos="PRP$">his</wf>
<wf cmd="tag" pos="NN">church</wf>
<wf cmd="done" pos="VB" lemma="take" wnsn="11" lexsn="2:40:05::">takes</wf>
<wf cmd="ignore" pos="IN">upon</wf>
<wf cmd="ignore" pos="PRP">himself</wf>
<wf cmd="ignore" pos="DT">a</wf>
<wf cmd="tag" pos="NN">life</wf>
<wf cmd="ignore" pos="IN">of</wf>
<wf cmd="tag" pos="NN">giving</wf>
<punc>.</punc>
</s>
<s snum="107">
<wf cmd="ignore" pos="PRP">He</wf>
<wf cmd="done" pos="VBZ" ot="notag">does</wf>
<wf cmd="tag" pos="RB">not</wf>
<wf cmd="done" pos="VB" lemma="expect" wnsn="1" lexsn="2:31:00::">expect</wf>
<wf cmd="ignore" pos="TO">to</wf>
<wf cmd="done" pos="VB" lemma="get" wnsn="1" lexsn="2:40:00::">get</wf>
<wf cmd="tag" pos="JJ">great</wf>
<wf cmd="tag" pos="NNS">riches</wf>
<wf cmd="ignore" pos="CC">or</wf>
<wf cmd="ignore" pos="PRP">he</wf>
<wf cmd="ignore" pos="MD">would</wf>
<wf cmd="tag" pos="RB">not</wf>
<wf cmd="done" pos="VB" ot="notag">have</wf>
<wf cmd="done" pos="VB" lemma="choose" wnsn="3" lexsn="2:31:01::">chosen</wf>
<wf cmd="ignore" pos="TO">to</wf>
<wf cmd="done" pos="VB" lemma="answer" wnsn="2" lexsn="2:31:02::">answer</wf>
<wf cmd="ignore" pos="DT">the</wf>
<wf cmd="tag" pos="NN">call</wf>
<wf cmd="ignore" pos="TO">to</wf>
<wf cmd="done" pos="VB" lemma="preach" wnsn="1" lexsn="2:32:02::">preach</wf>
<punc>.</punc>
</s>
<s snum="108">
<wf cmd="ignore" pos="DT">The</wf>
<wf cmd="tag" pos="JJ">good</wf>
<wf cmd="tag" pos="NNS">ones</wf>
<wf cmd="done" pos="VB" lemma="be" wnsn="1" lexsn="2:42:03::">are</wf>
<wf cmd="tag" pos="RB">not</wf>
<wf cmd="tag" pos="JJ">motivated</wf>
<wf cmd="ignore" pos="TO">to</wf>
<wf cmd="done" pos="VB" lemma="seek" wnsn="2" lexsn="2:35:00::">seek</wf>
<wf cmd="tag" pos="RB">vainly</wf>
<punc>,</punc>
<wf cmd="ignore" pos="CC">nor</wf>
<wf cmd="done" pos="VB" lemma="be" wnsn="1" lexsn="2:42:03::">are</wf>
<wf cmd="ignore" pos="PRP">they</wf>
<wf cmd="tag" pos="JJ">disposed</wf>
<wf cmd="ignore" pos="TO">to</wf>
<wf cmd="done" pos="VB" lemma="covet" wnsn="1" lexsn="2:37:00::">covet</wf>
<wf cmd="tag" pos="NN">comfort</wf>
<punc>,</punc>
<wf cmd="ignore" pos="CC">or</wf>
<wf cmd="ignore" pos="PRP">they</wf>
<wf cmd="ignore" pos="MD">would</wf>
<wf cmd="done" pos="VB" ot="notag">have</wf>
<wf cmd="done" pos="VBN" ot="notag">been</wf>
<wf cmd="done" pos="VB" lemma="lead" wnsn="1" lexsn="2:38:01::">led</wf>
<wf cmd="done" pos="VB" ot="notag">to</wf>
<wf cmd="tag" pos="NNS">fields</wf>
<wf cmd="ignore" pos="IN">that</wf>
<wf cmd="done" pos="VB" lemma="offer" wnsn="1" lexsn="2:40:02::">offer</wf>
<wf cmd="tag" pos="NN">comfort</wf>
<wf cmd="ignore" pos="CC">and</wf>
<wf cmd="done" pos="VB" lemma="feed" wnsn="5" lexsn="2:41:00::">feed</wf>
<wf cmd="tag" pos="NN">vanity</wf>
<punc>.</punc>
</s>
<s snum="109">
<wf cmd="tag" pos="JJ">Theirs</wf>
<wf cmd="done" pos="VB" lemma="be" wnsn="1" lexsn="2:42:03::">is</wf>
<wf cmd="ignore" pos="DT">a</wf>
<wf cmd="tag" pos="JJ">sacrificial</wf>
<wf cmd="tag" pos="NN">life</wf>
<wf cmd="ignore" pos="IN">by</wf>
<wf cmd="tag" pos="JJ">earthly</wf>
<wf cmd="tag" pos="NNS">standards</wf>
<punc>.</punc>
</s>
</p>
<p pnum="38">
<s snum="110">
<wf cmd="tag" pos="RB">Yet</wf>
<wf cmd="ignore" pos="PRP">we</wf>
<wf cmd="ignore" pos="WP">who</wf>
<wf cmd="done" pos="VB" lemma="lean" wnsn="4" lexsn="2:31:10::">lean</wf>
<wf cmd="done" pos="VB" ot="notag">upon</wf>
<wf cmd="tag" pos="JJ">such</wf>
<wf cmd="ignore" pos="DT">a</wf>
<wf cmd="tag" pos="NN">man</wf>
<wf cmd="ignore" pos="CC">and</wf>
<wf cmd="done" pos="VB" lemma="draw" wnsn="2" lexsn="2:40:00::">draw</wf>
<wf cmd="tag" pos="NN">strength</wf>
<wf cmd="ignore" pos="IN">from</wf>
<wf cmd="ignore" pos="PRP">him</wf>
<wf cmd="ignore" pos="CC">and</wf>
<wf cmd="done" pos="VB" lemma="expect" wnsn="2" lexsn="2:32:00::">expect</wf>
<wf cmd="tag" pos="NN">interpretation</wf>
<wf cmd="ignore" pos="IN">of</wf>
<wf cmd="ignore" pos="DT">the</wf>
<wf cmd="tag" pos="NN">infinite</wf>
<wf cmd="ignore" pos="IN">through</wf>
<wf cmd="ignore" pos="PRP">him</wf>
<punc>-</punc>
<wf cmd="ignore" pos="PRP">we</wf>
<wf cmd="ignore" pos="WP">who</wf>
<wf cmd="tag" pos="RB">readily</wf>
<wf cmd="done" pos="VB" lemma="accept" wnsn="2" lexsn="2:40:00::">accept</wf>
<wf cmd="ignore" pos="PRP$">his</wf>
<wf cmd="tag" pos="NN">sacrifice</wf>
<wf cmd="ignore" pos="IN">as</wf>
<wf cmd="ignore" pos="PRP$">our</wf>
<wf cmd="tag" pos="JJ">due</wf>
<punc>,</punc>
<wf cmd="ignore" pos="PRP">we</wf>
<wf cmd="ignore" pos="IN">of</wf>
<wf cmd="ignore" pos="DT">the</wf>
<wf cmd="tag" pos="NNS">congregations</wf>
<wf cmd="done" pos="VB" lemma="be" wnsn="1" lexsn="2:42:03::">are</wf>
<wf cmd="done" pos="VB" ot="notag">the</wf>
<wf cmd="tag" pos="JJ">first</wf>
<wf cmd="ignore" pos="TO">to</wf>
<wf cmd="done" pos="VB" lemma="tell" wnsn="1" lexsn="2:32:04::">tell</wf>
<wf cmd="ignore" pos="PRP">him</wf>
<wf cmd="ignore" pos="WP">what</wf>
<wf cmd="done" pos="VB" lemma="be" wnsn="3" lexsn="2:42:05::">is</wf>
<wf cmd="ignore" pos="IN">in</wf>
<wf cmd="ignore" pos="PRP$">our</wf>
<wf cmd="tag" pos="NNS">minds</wf>
<wf cmd="tag" pos="RB">instead</wf>
<wf cmd="ignore" pos="IN">of</wf>
<wf cmd="done" pos="VB" lemma="listen" wnsn="1" lexsn="2:39:00::">listening</wf>
<wf cmd="done" pos="VB" ot="notag">to</wf>
<wf cmd="ignore" pos="WP">what</wf>
<wf cmd="done" pos="VB" lemma="be" wnsn="3" lexsn="2:42:05::">is</wf>
<wf cmd="ignore" pos="IN">in</wf>
<wf cmd="ignore" pos="PRP$">his</wf>
<wf cmd="tag" pos="NN">soul</wf>
<punc>.</punc>
</s>
<s snum="111">
<wf cmd="ignore" pos="PRP">We</wf>
<wf cmd="done" pos="VB" lemma="press" wnsn="2" lexsn="2:32:00::">press</wf>
<wf cmd="ignore" pos="PRP">him</wf>
<wf cmd="ignore" pos="TO">to</wf>
<wf cmd="done" pos="VB" lemma="conform_to" wnsn="1" lexsn="2:42:01::">conform_to</wf>
<wf cmd="ignore" pos="PRP$">our</wf>
<wf cmd="tag" pos="JJ">comfortable</wf>
<wf cmd="tag" pos="NNS">conceptions</wf>
<wf cmd="ignore" pos="CC">and</wf>
<wf cmd="tag" pos="RB">not</wf>
<wf cmd="ignore" pos="TO">to</wf>
<wf cmd="done" pos="VB" lemma="bruise" wnsn="1" lexsn="2:35:00::">bruise</wf>
<wf cmd="ignore" pos="PRP$">our</wf>
<wf cmd="tag" pos="NNS">satisfactions</wf>
<wf cmd="ignore" pos="IN">with</wf>
<wf cmd="ignore" pos="PRP$">his</wf>
<wf cmd="tag" pos="NN">word</wf>
<punc>,</punc>
<wf cmd="ignore" pos="CC">and</wf>
<wf cmd="tag" pos="NNP">God</wf>
<wf cmd="ignore" pos="POS">'s</wf>
<punc>.</punc>
</s>
<s snum="112">
<wf cmd="ignore" pos="PRP">We</wf>
<wf cmd="done" pos="VBP" ot="notag">do</wf>
<wf cmd="tag" pos="RB">not</wf>
<wf cmd="done" pos="VB" lemma="defeat" wnsn="1" lexsn="2:33:00::">defeat</wf>
<wf cmd="ignore" pos="DT">the</wf>
<wf cmd="tag" pos="JJ">good</wf>
<wf cmd="tag" pos="NNS">ones</wf>
<wf cmd="ignore" pos="IN">with</wf>
<wf cmd="ignore" pos="DT">this</wf>
<wf cmd="tag" pos="NN">cruelty</wf>
<punc>,</punc>
<wf cmd="ignore" pos="CC">but</wf>
<wf cmd="ignore" pos="PRP">we</wf>
<wf cmd="done" pos="VB" lemma="add" wnsn="3" lexsn="2:40:00::">add</wf>
<wf cmd="ignore" pos="TO">to</wf>
<wf cmd="ignore" pos="PRP$">their</wf>
<wf cmd="tag" pos="NN">burden</wf>
<punc>,</punc>
<wf cmd="ignore" pos="IN">while</wf>
<wf cmd="done" pos="VB" lemma="expect" wnsn="2" lexsn="2:32:00::">expecting</wf>
<wf cmd="ignore" pos="PRP">them</wf>
<wf cmd="ignore" pos="TO">to</wf>
<wf cmd="done" pos="VB" lemma="bestow" wnsn="1" lexsn="2:40:00::">bestow</wf>
<wf cmd="tag" pos="NN">saintliness</wf>
<wf cmd="ignore" pos="IN">upon</wf>
<wf cmd="ignore" pos="PRP">us</wf>
<wf cmd="tag" pos="RB">in_return</wf>
<wf cmd="ignore" pos="IN">for</wf>
<wf cmd="tag" pos="JJ">ostentatious</wf>
<wf cmd="tag" pos="NN">church</wf>
<wf cmd="tag" pos="NN">attendance</wf>
<wf cmd="ignore" pos="CC">and</wf>
<wf cmd="tag" pos="JJ">a_few</wf>
<wf cmd="tag" pos="NNS">bucks</wf>
<wf cmd="ignore" pos="DT">a</wf>
<wf cmd="tag" pos="NN">week</wf>
<punc>,</punc>
<wf cmd="tag" pos="NNP">American</wf>
<wf cmd="tag" pos="NN">cash</wf>
<punc>.</punc>
</s>
<s snum="113">
<wf cmd="ignore" pos="IN">If</wf>
<wf cmd="ignore" pos="PRP">we</wf>
<wf cmd="done" pos="VB" lemma="break" wnsn="12" lexsn="2:30:11::">break</wf>
<wf cmd="ignore" pos="DT">the</wf>
<wf cmd="tag" pos="NN">minister</wf>
<wf cmd="done" pos="VB" ot="notag">to</wf>
<wf cmd="ignore" pos="PRP$">our</wf>
<wf cmd="tag" pos="NN">bit</wf>
<punc>,</punc>
<wf cmd="ignore" pos="PRP">we</wf>
<wf cmd="done" pos="VBP" ot="notag">are</wf>
<wf cmd="done" pos="VB" lemma="buy" wnsn="1" lexsn="2:40:00::">buying</wf>
<wf cmd="tag" pos="RB">back</wf>
<wf cmd="ignore" pos="PRP$">our</wf>
<wf cmd="tag" pos="JJ">own</wf>
<wf cmd="tag" pos="NNS">sins</wf>
<punc>.</punc>
</s>
<s snum="114">
<wf cmd="ignore" pos="IN">If</wf>
<wf cmd="ignore" pos="PRP">he</wf>
<wf cmd="done" pos="VBD" ot="notag">won</wf>
<wf cmd="tag" pos="RB">n't</wf>
<wf cmd="done" pos="VB" lemma="break" wnsn="12" lexsn="2:30:11::">break</wf>
<punc>,</punc>
<wf cmd="ignore" pos="PRP">we</wf>
<wf cmd="done" pos="VB" lemma="add" wnsn="3" lexsn="2:40:00::">add</wf>
<wf cmd="ignore" pos="TO">to</wf>
<wf cmd="ignore" pos="DT">the</wf>
<wf cmd="tag" pos="NN">stress</wf>
<wf cmd="ignore" pos="PRP">he</wf>
<wf cmd="done" pos="VB" lemma="bear" wnsn="3" lexsn="2:31:00::">bears</wf>
<punc>.</punc>
</s>
</p>
<p pnum="39">
<s snum="115">
<wf cmd="ignore" pos="CC">And</wf>
<wf cmd="ignore" pos="DT">a</wf>
<wf cmd="tag" pos="NN">minister</wf>
<wf cmd="ignore" pos="IN">of</wf>
<wf cmd="ignore" pos="DT">all</wf>
<wf cmd="tag" pos="NNS">men</wf>
<wf cmd="done" pos="VB" lemma="be" wnsn="1" lexsn="2:42:03::">is</wf>
<wf cmd="tag" pos="RBS">most</wf>
<wf cmd="tag" pos="JJ">conscious</wf>
<wf cmd="ignore" pos="IN">that</wf>
<wf cmd="ignore" pos="PRP">he</wf>
<wf cmd="done" pos="VB" lemma="be" wnsn="1" lexsn="2:42:03::">is</wf>
<wf cmd="tag" pos="JJ">mere</wf>
<wf cmd="tag" pos="NN">man</wf>
<punc>-</punc>
<wf cmd="tag" pos="JJ">prone</wf>
<wf cmd="ignore" pos="TO">to</wf>
<wf cmd="ignore" pos="DT">the</wf>
<wf cmd="tag" pos="NNS">stresses</wf>
<wf cmd="ignore" pos="IN">that</wf>
<wf cmd="tag" pos="JJ">earthly</wf>
<wf cmd="tag" pos="NN">humanity</wf>
<wf cmd="done" pos="VB" lemma="be" wnsn="2" lexsn="2:42:06::">is</wf>
<wf cmd="tag" pos="NN">heir</wf>
<wf cmd="ignore" pos="TO">to</wf>
<punc>.</punc>
</s>
<s snum="116">
<wf cmd="ignore" pos="PRP">We</wf>
<wf cmd="done" pos="VB" lemma="expect" wnsn="2" lexsn="2:32:00::">expect</wf>
<wf cmd="ignore" pos="PRP">him</wf>
<wf cmd="ignore" pos="TO">to</wf>
<wf cmd="done" pos="VB" lemma="be" wnsn="1" lexsn="2:42:03::">be</wf>
<wf cmd="tag" pos="JJ">noble</wf>
<punc>,</punc>
<wf cmd="ignore" pos="CC">and</wf>
<wf cmd="ignore" pos="TO">to</wf>
<wf cmd="done" pos="VB" lemma="make" wnsn="2" lexsn="2:30:00::">make</wf>
<wf cmd="ignore" pos="PRP">us</wf>
<wf cmd="tag" pos="RB">so</wf>
<punc>-</punc>
<wf cmd="tag" pos="RB">yet</wf>
<wf cmd="ignore" pos="PRP">he</wf>
<wf cmd="done" pos="VB" lemma="know" wnsn="3" lexsn="2:31:02::">knows</wf>
<punc>,</punc>
<wf cmd="ignore" pos="CC">and</wf>
<wf cmd="done" pos="VB" lemma="try" wnsn="1" lexsn="2:41:00::">tries</wf>
<wf cmd="ignore" pos="TO">to</wf>
<wf cmd="done" pos="VB" lemma="tell" wnsn="1" lexsn="2:32:04::">tell</wf>
<wf cmd="ignore" pos="PRP">us</wf>
<punc>,</punc>
<wf cmd="ignore" pos="WRB">how</wf>
<wf cmd="tag" pos="RB">very</wf>
<wf cmd="tag" pos="JJ">humble</wf>
<wf cmd="tag" pos="NN">man</wf>
<wf cmd="ignore" pos="MD">must</wf>
<wf cmd="done" pos="VB" lemma="be" wnsn="1" lexsn="2:42:03::">be</wf>
<punc>.</punc>
</s>
</p>
<p pnum="40">
<s snum="117">
<wf cmd="ignore" pos="PRP">We</wf>
<wf cmd="done" pos="VB" lemma="expect" wnsn="2" lexsn="2:32:00::">expect</wf>
<wf cmd="tag" pos="NN">bestowal</wf>
<wf cmd="ignore" pos="IN">of</wf>
<wf cmd="tag" pos="NNP">God</wf>
<wf cmd="ignore" pos="POS">'s</wf>
<wf cmd="tag" pos="NN">love</wf>
<wf cmd="ignore" pos="IN">through</wf>
<wf cmd="ignore" pos="PRP">him</wf>
<punc>.</punc>
</s>
<s snum="118">
<wf cmd="ignore" pos="CC">But</wf>
<wf cmd="ignore" pos="WRB">how</wf>
<wf cmd="tag" pos="JJ">little</wf>
<wf cmd="tag" pos="NN">love</wf>
<wf cmd="ignore" pos="PRP">we</wf>
<wf cmd="done" pos="VB" lemma="give" wnsn="1" lexsn="2:40:03::">give</wf>
<wf cmd="ignore" pos="PRP">him</wf>
<punc>.</punc>
</s>
<s snum="119">
<wf cmd="ignore" pos="DT">The</wf>
<wf cmd="tag" pos="NN">church</wf>
<wf cmd="tag" pos="RB">truly</wf>
<wf cmd="done" pos="VB" lemma="be" wnsn="2" lexsn="2:42:06::">is</wf>
<wf cmd="tag" pos="RB">not</wf>
<wf cmd="ignore" pos="DT">a</wf>
<wf cmd="tag" pos="NN">rest_home</wf>
<wf cmd="ignore" pos="IN">for</wf>
<wf cmd="tag" pos="NNS">saints</wf>
<punc>,</punc>
<wf cmd="ignore" pos="CC">but</wf>
<wf cmd="ignore" pos="DT">a</wf>
<wf cmd="tag" pos="NN">hospital</wf>
<wf cmd="ignore" pos="IN">for</wf>
<wf cmd="tag" pos="NNS">sinners</wf>
<punc>.</punc>
</s>
<s snum="120">
<wf cmd="tag" pos="RB">Yet</wf>
<wf cmd="ignore" pos="DT">every</wf>
<wf cmd="tag" pos="NNP">Sunday</wf>
<wf cmd="ignore" pos="PRP">we</wf>
<wf cmd="tag" pos="NNS">sinners</wf>
<wf cmd="done" pos="VB" lemma="go_to" wnsn="1" lexsn="2:42:00::">go_to</wf>
<wf cmd="ignore" pos="IN">that</wf>
<wf cmd="tag" pos="NN">emergency_room</wf>
<wf cmd="ignore" pos="TO">to</wf>
<wf cmd="done" pos="VB" lemma="receive" wnsn="2" lexsn="2:30:01::">receive</wf>
<wf cmd="tag" pos="NN">first_aid</wf>
<punc>,</punc>
<wf cmd="ignore" pos="CC">and</wf>
<wf cmd="ignore" pos="PRP">we</wf>
<wf cmd="done" pos="VB" lemma="leave" wnsn="1" lexsn="2:38:01::">leave</wf>
<wf cmd="tag" pos="JJ">unmindful</wf>
<wf cmd="ignore" pos="IN">that</wf>
<wf cmd="ignore" pos="DT">the</wf>
<wf cmd="tag" pos="NN">man</wf>
<wf cmd="ignore" pos="WP">who</wf>
<wf cmd="done" pos="VB" lemma="minister" wnsn="1" lexsn="2:41:12::">ministered</wf>
<wf cmd="done" pos="VB" ot="notag">to</wf>
<wf cmd="ignore" pos="PRP">us</wf>
<wf cmd="done" pos="VB" lemma="be" wnsn="2" lexsn="2:42:06::">is</wf>
<wf cmd="ignore" pos="DT">a</wf>
<wf cmd="tag" pos="NN">human_being</wf>
<wf cmd="ignore" pos="WP">who</wf>
<wf cmd="done" pos="VB" lemma="suffer" wnsn="3" lexsn="2:37:00::">suffers</wf>
<punc>,</punc>
<wf cmd="tag" pos="RB">too</wf>
<punc>.</punc>
</s>
</p>
</context>
</contextfile>
