<contextfile concordance="brown">
<context filename="br-b06" paras="yes">
<p pnum="1">
<s snum="1">
<wf cmd="tag" pos="DT">The</wf>
<wf cmd="tag" pos="NN">study</wf>
<wf cmd="ignore" pos="IN">of</wf>
<wf cmd="ignore" pos="DT">the</wf>
<wf cmd="tag" pos="NN">St._Louis</wf>
<wf cmd="tag" pos="NN">area</wf>
<wf cmd="ignore" pos="POS">'s</wf>
<wf cmd="tag" pos="JJ">economic</wf>
<wf cmd="tag" pos="NNS">prospects</wf>
<wf cmd="done" pos="VB" lemma="prepare" wnsn="2" lexsn="2:36:01::">prepared</wf>
<wf cmd="ignore" pos="IN">for</wf>
<wf cmd="ignore" pos="DT">the</wf>
<wf cmd="tag" pos="NN">Construction_Industry</wf>
<wf cmd="tag" pos="NNP">Joint_Conference</wf>
<wf cmd="done" pos="VB" lemma="confirm" wnsn="1" lexsn="2:31:00::">confirms</wf>
<wf cmd="ignore" pos="CC">and</wf>
<wf cmd="done" pos="VB" lemma="reinforce" wnsn="1" lexsn="2:30:00::">reinforces</wf>
<wf cmd="ignore" pos="PDT">both</wf>
<wf cmd="ignore" pos="DT">the</wf>
<wf cmd="tag" pos="NNS">findings</wf>
<wf cmd="ignore" pos="IN">of</wf>
<wf cmd="ignore" pos="DT">the</wf>
<wf cmd="tag" pos="NNP">Metropolitan</wf>
<wf cmd="tag" pos="NN">St._Louis</wf>
<wf cmd="tag" pos="NNP">Survey</wf>
<wf cmd="ignore" pos="IN">of</wf>
<wf cmd="tag" pos="CD">1957</wf>
<wf cmd="ignore" pos="CC">and</wf>
<wf cmd="ignore" pos="DT">the</wf>
<wf cmd="tag" pos="RB">easily</wf>
<wf cmd="tag" pos="JJ">observed</wf>
<wf cmd="tag" pos="NN">picture</wf>
<wf cmd="ignore" pos="IN">of</wf>
<wf cmd="ignore" pos="DT">the</wf>
<wf cmd="tag" pos="NNP">Missouri-Illinois</wf>
<wf cmd="tag" pos="NN">countryside</wf>
<punc>.</punc>
</s>
</p>
<p pnum="2">
<s snum="2">
<wf cmd="tag" pos="NN">St._Louis</wf>
<wf cmd="done" pos="VB" lemma="sit" wnsn="2" lexsn="2:42:00::">sits</wf>
<wf cmd="tag" pos="RB">in_the_center</wf>
<wf cmd="ignore" pos="IN">of</wf>
<wf cmd="ignore" pos="DT">a</wf>
<wf cmd="tag" pos="RB">relatively</wf>
<wf cmd="tag" pos="JJ">slow-growing</wf>
<wf cmd="ignore" pos="CC">and</wf>
<wf cmd="ignore" pos="IN">in</wf>
<wf cmd="ignore" pos="DT">some</wf>
<wf cmd="tag" pos="NNS">places</wf>
<wf cmd="tag" pos="JJ">stagnant</wf>
<wf cmd="tag" pos="JJ">mid-continent</wf>
<wf cmd="tag" pos="NN">region</wf>
<punc>.</punc>
</s>
<s snum="3">
<wf cmd="tag" pos="JJ">Slackened</wf>
<wf cmd="tag" pos="JJ">regional</wf>
<wf cmd="tag" pos="NN">demand</wf>
<wf cmd="ignore" pos="IN">for</wf>
<wf cmd="tag" pos="NN">St._Louis</wf>
<wf cmd="tag" pos="NNS">goods</wf>
<wf cmd="ignore" pos="CC">and</wf>
<wf cmd="tag" pos="NNS">services</wf>
<wf cmd="done" pos="VB" lemma="reflect" wnsn="1" lexsn="2:39:01::">reflects</wf>
<wf cmd="ignore" pos="DT">the</wf>
<wf cmd="tag" pos="NN">region</wf>
<wf cmd="ignore" pos="POS">'s</wf>
<wf cmd="tag" pos="JJ">relative</wf>
<wf cmd="tag" pos="NN">lack</wf>
<wf cmd="ignore" pos="IN">of</wf>
<wf cmd="tag" pos="NN">purchasing</wf>
<wf cmd="tag" pos="NN">power</wf>
<punc>.</punc>
</s>
<s snum="4">
<wf cmd="tag" pos="RB">Not</wf>
<wf cmd="ignore" pos="DT">all</wf>
<wf cmd="tag" pos="NN">St._Louis</wf>
<wf cmd="tag" pos="NNS">industries</wf>
<punc>,</punc>
<wf cmd="tag" pos="RB">of_course</wf>
<punc>,</punc>
<wf cmd="done" pos="VB" lemma="have" wnsn="2" lexsn="2:42:00::">have</wf>
<wf cmd="ignore" pos="DT">a</wf>
<wf cmd="tag" pos="NN">market</wf>
<wf cmd="tag" pos="NN">area</wf>
<wf cmd="tag" pos="JJ">confined</wf>
<wf cmd="ignore" pos="TO">to</wf>
<wf cmd="ignore" pos="DT">the</wf>
<wf cmd="tag" pos="JJ">immediate</wf>
<wf cmd="tag" pos="NN">neighborhood</wf>
<punc>.</punc>
</s>
<s snum="5">
<wf cmd="ignore" pos="CC">But</wf>
<wf cmd="ignore" pos="IN">for</wf>
<wf cmd="ignore" pos="DT">those</wf>
<wf cmd="ignore" pos="WDT">which</wf>
<wf cmd="done" pos="VBP" ot="notag">do</wf>
<punc>,</punc>
<wf cmd="ignore" pos="DT">the</wf>
<wf cmd="tag" pos="JJ">slow</wf>
<wf cmd="tag" pos="NN">growth</wf>
<wf cmd="ignore" pos="IN">of</wf>
<wf cmd="ignore" pos="DT">the</wf>
<wf cmd="tag" pos="NN">area</wf>
<wf cmd="done" pos="VB" lemma="have" wnsn="4" lexsn="2:40:04::">has</wf>
<wf cmd="ignore" pos="DT">a</wf>
<wf cmd="tag" pos="JJ">retarding</wf>
<wf cmd="tag" pos="NN">effect</wf>
<wf cmd="ignore" pos="IN">on</wf>
<wf cmd="ignore" pos="DT">the</wf>
<wf cmd="tag" pos="JJ">metropolitan</wf>
<wf cmd="tag" pos="NN">core</wf>
<punc>.</punc>
</s>
<s snum="6">
<wf cmd="ignore" pos="DT">The</wf>
<wf cmd="tag" pos="NN">city</wf>
<wf cmd="done" pos="VB" lemma="have" wnsn="1" lexsn="2:40:00::">has</wf>
<wf cmd="ignore" pos="DT">a</wf>
<wf cmd="tag" pos="NN">stake</wf>
<wf cmd="ignore" pos="IN">in</wf>
<wf cmd="done" pos="VB" lemma="stimulate" wnsn="5" lexsn="2:36:00::">stimulating</wf>
<wf cmd="tag" pos="NN">growth</wf>
<wf cmd="ignore" pos="CC">and</wf>
<wf cmd="tag" pos="NN">purchasing</wf>
<wf cmd="tag" pos="NN">power</wf>
<wf cmd="ignore" pos="IN">throughout</wf>
<wf cmd="tag" pos="JJ">outstate</wf>
<wf cmd="tag" pos="NNP">Missouri</wf>
<wf cmd="ignore" pos="CC">and</wf>
<wf cmd="tag" pos="NNP">Southern_Illinois</wf>
<punc>.</punc>
</s>
</p>
<p pnum="3">
<s snum="7">
<wf cmd="tag" pos="NNP">Gov._Dalton</wf>
<wf cmd="ignore" pos="POS">'s</wf>
<wf cmd="tag" pos="JJ">new</wf>
<wf cmd="tag" pos="NNP">Commerce</wf>
<wf cmd="ignore" pos="CC">and</wf>
<wf cmd="tag" pos="NN">Industry</wf>
<wf cmd="tag" pos="NNP">Commission</wf>
<wf cmd="done" pos="VBZ" ot="notag">is</wf>
<wf cmd="done" pos="VB" lemma="move" wnsn="8" lexsn="2:41:00::">moving</wf>
<wf cmd="ignore" pos="TO">to</wf>
<wf cmd="done" pos="VB" lemma="create" wnsn="1" lexsn="2:36:00::">create</wf>
<wf cmd="ignore" pos="DT">a</wf>
<wf cmd="tag" pos="JJ">nine-state</wf>
<wf cmd="tag" pos="JJ">regional</wf>
<wf cmd="tag" pos="NN">group</wf>
<wf cmd="ignore" pos="IN">in</wf>
<wf cmd="ignore" pos="DT">a</wf>
<wf cmd="tag" pos="JJ">collective</wf>
<wf cmd="tag" pos="NN">effort</wf>
<wf cmd="ignore" pos="TO">to</wf>
<wf cmd="done" pos="VB" lemma="attract" wnsn="1" lexsn="2:35:00::">attract</wf>
<wf cmd="tag" pos="JJ">new</wf>
<wf cmd="tag" pos="NN">industry</wf>
<punc>.</punc>
</s>
<s snum="8">
<wf cmd="tag" pos="RB">That</wf>
<wf cmd="done" pos="VB" lemma="be" wnsn="1" lexsn="2:42:03::">is</wf>
<wf cmd="tag" pos="CD">one</wf>
<wf cmd="tag" pos="NN">approach</wf>
<punc>.</punc>
</s>
<s snum="9">
<wf cmd="ignore" pos="DT">Another</wf>
<wf cmd="ignore" pos="MD">would</wf>
<wf cmd="done" pos="VB" lemma="be" wnsn="2" lexsn="2:42:06::">be</wf>
<wf cmd="ignore" pos="TO">to</wf>
<wf cmd="done" pos="VB" lemma="take" wnsn="11" lexsn="2:40:05::">take</wf>
<wf cmd="ignore" pos="DT">the</wf>
<wf cmd="tag" pos="NN">advice</wf>
<wf cmd="ignore" pos="IN">of</wf>
<wf cmd="tag" pos="NNP">Dr._Elmer_Ellis</wf>
<punc>,</punc>
<wf cmd="tag" pos="NN">president</wf>
<wf cmd="ignore" pos="IN">of</wf>
<wf cmd="ignore" pos="DT">the</wf>
<wf cmd="tag" pos="NNP">University</wf>
<wf cmd="ignore" pos="IN">of</wf>
<wf cmd="tag" pos="NNP">Missouri</wf>
<punc>,</punc>
<wf cmd="ignore" pos="CC">and</wf>
<wf cmd="done" pos="VB" lemma="provide_for" wnsn="0" lexsn="2:42:01::">provide_for</wf>
<wf cmd="ignore" pos="DT">an</wf>
<wf cmd="tag" pos="JJ">impartial</wf>
<wf cmd="tag" pos="JJ">professional</wf>
<wf cmd="tag" pos="NN">analysis</wf>
<wf cmd="ignore" pos="IN">of</wf>
<wf cmd="tag" pos="NNP">Missouri</wf>
<wf cmd="ignore" pos="POS">'s</wf>
<wf cmd="tag" pos="NN">economy</wf>
<punc>.</punc>
</s>
<s snum="10">
<wf cmd="ignore" pos="PRP">He</wf>
<wf cmd="done" pos="VB" lemma="say" wnsn="3" lexsn="2:32:03::">says</wf>
<wf cmd="ignore" pos="DT">the</wf>
<wf cmd="tag" pos="NN">state</wf>
<punc>,</punc>
<wf cmd="tag" pos="RB">in_order_to</wf>
<wf cmd="done" pos="VB" lemma="proceed" wnsn="3" lexsn="2:41:00::">proceed</wf>
<wf cmd="ignore" pos="IN">with</wf>
<wf cmd="tag" pos="JJ">economic</wf>
<wf cmd="tag" pos="NN">development</wf>
<punc>,</punc>
<wf cmd="ignore" pos="MD">must</wf>
<wf cmd="done" pos="VB" lemma="develop" wnsn="2" lexsn="2:36:00::">develop</wf>
<wf cmd="ignore" pos="DT">an</wf>
<wf cmd="tag" pos="NN">understanding</wf>
<wf cmd="ignore" pos="IN">of</wf>
<wf cmd="ignore" pos="WRB">how</wf>
<wf cmd="ignore" pos="DT">the</wf>
<wf cmd="tag" pos="JJ">various</wf>
<wf cmd="tag" pos="NNS">parts</wf>
<wf cmd="ignore" pos="IN">of</wf>
<wf cmd="ignore" pos="PRP$">its</wf>
<wf cmd="tag" pos="NN">economy</wf>
<wf cmd="done" pos="VB" lemma="fit" wnsn="7" lexsn="2:42:03::">fit</wf>
<wf cmd="tag" pos="RB">together</wf>
<wf cmd="ignore" pos="CC">and</wf>
<wf cmd="done" pos="VB" lemma="dovetail" wnsn="1" lexsn="2:42:00::">dovetail</wf>
<wf cmd="ignore" pos="IN">into</wf>
<wf cmd="ignore" pos="DT">the</wf>
<wf cmd="tag" pos="JJ">national</wf>
<wf cmd="tag" pos="NN">economy</wf>
<punc>.</punc>
</s>
</p>
<p pnum="4">
<s snum="11">
<wf cmd="ignore" pos="DT">The</wf>
<wf cmd="tag" pos="NN">research_center</wf>
<wf cmd="ignore" pos="IN">of</wf>
<wf cmd="ignore" pos="DT">the</wf>
<wf cmd="tag" pos="NNP">University</wf>
<wf cmd="ignore" pos="POS">'s</wf>
<wf cmd="tag" pos="NNP">School</wf>
<wf cmd="ignore" pos="IN">of</wf>
<wf cmd="tag" pos="NNP">Business</wf>
<wf cmd="ignore" pos="CC">and</wf>
<wf cmd="tag" pos="NNP">Public_Administration</wf>
<wf cmd="done" pos="VB" lemma="be" wnsn="1" lexsn="2:42:03::">is</wf>
<wf cmd="tag" pos="JJ">prepared</wf>
<wf cmd="ignore" pos="TO">to</wf>
<wf cmd="done" pos="VB" lemma="undertake" wnsn="1" lexsn="2:36:00::">undertake</wf>
<wf cmd="ignore" pos="DT">the</wf>
<wf cmd="tag" pos="NN">analysis</wf>
<wf cmd="tag" pos="NNP">Dr._Ellis</wf>
<wf cmd="done" pos="VBZ" ot="notag">has</wf>
<wf cmd="done" pos="VBN" ot="notag">been</wf>
<wf cmd="done" pos="VB" lemma="talk_about" wnsn="1" lexsn="2:32:00::">talking_about</wf>
<punc>.</punc>
</s>
<s snum="12">
<wf cmd="ignore" pos="PRP">He</wf>
<wf cmd="ignore" pos="CC">and</wf>
<wf cmd="tag" pos="NNP">Dean_John_W._Schwada</wf>
<wf cmd="ignore" pos="IN">of</wf>
<wf cmd="ignore" pos="DT">the</wf>
<wf cmd="tag" pos="NN">Business_School</wf>
<wf cmd="done" pos="VB" lemma="outline" wnsn="1" lexsn="2:32:00::">outlined</wf>
<wf cmd="ignore" pos="DT">the</wf>
<wf cmd="tag" pos="NN">project</wf>
<wf cmd="ignore" pos="IN">at</wf>
<wf cmd="ignore" pos="DT">a</wf>
<wf cmd="tag" pos="JJ">recent</wf>
<wf cmd="tag" pos="NN">conference</wf>
<punc>.</punc>
</s>
<s snum="13">
<wf cmd="ignore" pos="DT">The</wf>
<wf cmd="tag" pos="NNP">University</wf>
<wf cmd="ignore" pos="MD">can</wf>
<wf cmd="done" pos="VB" lemma="make" wnsn="1" lexsn="2:41:00::">make</wf>
<wf cmd="ignore" pos="DT">a</wf>
<wf cmd="tag" pos="JJ">valuable</wf>
<wf cmd="tag" pos="NN">contribution</wf>
<wf cmd="ignore" pos="TO">to</wf>
<wf cmd="ignore" pos="DT">the</wf>
<wf cmd="tag" pos="NN">state</wf>
<wf cmd="ignore" pos="POS">'s</wf>
<wf cmd="tag" pos="JJ">economic</wf>
<wf cmd="tag" pos="NN">development</wf>
<wf cmd="ignore" pos="IN">through</wf>
<wf cmd="tag" pos="JJ">such</wf>
<wf cmd="ignore" pos="DT">a</wf>
<wf cmd="tag" pos="NN">study</wf>
<punc>.</punc>
</s>
</p>
<p pnum="5">
<s snum="14">
<wf cmd="ignore" pos="IN">In</wf>
<wf cmd="tag" pos="NNP">Southern_Illinois</wf>
<punc>,</punc>
<wf cmd="ignore" pos="DT">the</wf>
<wf cmd="tag" pos="JJ">new</wf>
<wf cmd="tag" pos="JJ">federal</wf>
<wf cmd="tag" pos="NN">program</wf>
<wf cmd="ignore" pos="IN">of</wf>
<wf cmd="tag" pos="NN">help</wf>
<wf cmd="ignore" pos="TO">to</wf>
<wf cmd="tag" pos="RB">economically</wf>
<wf cmd="tag" pos="JJ">depressed</wf>
<wf cmd="tag" pos="NNS">areas</wf>
<wf cmd="done" pos="VB" ot="notag">ought</wf>
<wf cmd="done" pos="VB" ot="notag">to</wf>
<wf cmd="done" pos="VB" lemma="provide" wnsn="1" lexsn="2:40:00::">provide</wf>
<wf cmd="ignore" pos="DT">some</wf>
<wf cmd="tag" pos="NN">stimulus</wf>
<wf cmd="ignore" pos="TO">to</wf>
<wf cmd="tag" pos="NN">growth</wf>
<punc>.</punc>
</s>
<s snum="15">
<wf cmd="ignore" pos="DT">The</wf>
<wf cmd="tag" pos="NNP">Carbondale_Industrial_Development_Corp.</wf>
<wf cmd="done" pos="VBZ" ot="notag">has</wf>
<wf cmd="done" pos="VB" lemma="obtain" wnsn="1" lexsn="2:40:00::">obtained</wf>
<wf cmd="ignore" pos="DT">a</wf>
<punc>$</punc>
<wf cmd="tag" pos="CD">500000</wf>
<wf cmd="tag" pos="NN">loan</wf>
<wf cmd="ignore" pos="TO">to</wf>
<wf cmd="done" pos="VB" lemma="help" wnsn="1" lexsn="2:41:00::">help</wf>
<wf cmd="done" pos="VB" lemma="defray" wnsn="1" lexsn="2:40:00::">defray</wf>
<wf cmd="ignore" pos="DT">the</wf>
<wf cmd="tag" pos="NN">cost</wf>
<wf cmd="ignore" pos="IN">of</wf>
<wf cmd="done" pos="VB" lemma="remodel" wnsn="1" lexsn="2:30:00::">remodeling</wf>
<wf cmd="ignore" pos="DT">a</wf>
<wf cmd="tag" pos="JJ">city-owned</wf>
<wf cmd="tag" pos="NN">factory</wf>
<wf cmd="ignore" pos="TO">to</wf>
<wf cmd="done" pos="VB" lemma="accommodate" wnsn="2" lexsn="2:30:00::">accommodate</wf>
<wf cmd="tag" pos="NN">production</wf>
<wf cmd="ignore" pos="WDT">that</wf>
<wf cmd="ignore" pos="MD">will</wf>
<wf cmd="done" pos="VB" lemma="provide" wnsn="1" lexsn="2:40:00::">provide</wf>
<wf cmd="tag" pos="CD">500</wf>
<wf cmd="tag" pos="JJ">new</wf>
<wf cmd="tag" pos="NNS">jobs</wf>
<punc>.</punc>
</s>
<s snum="16">
<wf cmd="tag" pos="NNP">Carbondale</wf>
<wf cmd="done" pos="VB" lemma="be" wnsn="3" lexsn="2:42:05::">is</wf>
<wf cmd="ignore" pos="IN">in</wf>
<wf cmd="ignore" pos="DT">the</wf>
<wf cmd="tag" pos="NNP">Herrin-Murphysboro-West_Frankfort</wf>
<wf cmd="tag" pos="NN">labor_market</wf>
<punc>,</punc>
<wf cmd="ignore" pos="WRB">where</wf>
<wf cmd="tag" pos="NN">unemployment</wf>
<wf cmd="done" pos="VBZ" ot="notag">has</wf>
<wf cmd="done" pos="VB" lemma="be" wnsn="1" lexsn="2:42:03::">been</wf>
<wf cmd="tag" pos="RB">substantially</wf>
<wf cmd="tag" pos="JJR">higher</wf>
<wf cmd="ignore" pos="IN">than</wf>
<wf cmd="ignore" pos="DT">the</wf>
<wf cmd="tag" pos="JJ">national</wf>
<wf cmd="tag" pos="NN">average</wf>
<punc>.</punc>
</s>
<s snum="17">
<wf cmd="ignore" pos="DT">The</wf>
<wf cmd="tag" pos="NNP">Federal</wf>
<wf cmd="tag" pos="NN">program</wf>
<wf cmd="tag" pos="RB">eventually</wf>
<wf cmd="ignore" pos="MD">should</wf>
<wf cmd="done" pos="VB" lemma="have" wnsn="8" lexsn="2:36:00::">have</wf>
<wf cmd="ignore" pos="DT">a</wf>
<wf cmd="tag" pos="JJ">favorable</wf>
<wf cmd="tag" pos="NN">impact</wf>
<wf cmd="ignore" pos="IN">on</wf>
<wf cmd="tag" pos="NNP">Missouri</wf>
<wf cmd="ignore" pos="POS">'s</wf>
<wf cmd="tag" pos="JJ">depressed</wf>
<wf cmd="tag" pos="NNS">areas</wf>
<punc>,</punc>
<wf cmd="ignore" pos="CC">and</wf>
<wf cmd="tag" pos="RB">in_the_long_run</wf>
<wf cmd="ignore" pos="WDT">that</wf>
<wf cmd="ignore" pos="MD">will</wf>
<wf cmd="done" pos="VB" lemma="benefit" wnsn="2" lexsn="2:40:01::">benefit</wf>
<wf cmd="tag" pos="NN">St._Louis</wf>
<wf cmd="tag" pos="RB">as_well</wf>
<punc>.</punc>
</s>
</p>
<p pnum="6">
<s snum="18">
<wf cmd="tag" pos="JJ">Politics-ridden</wf>
<wf cmd="tag" pos="NNP">St._Clair</wf>
<wf cmd="tag" pos="NN">county</wf>
<wf cmd="ignore" pos="IN">in</wf>
<wf cmd="tag" pos="NNP">Illinois</wf>
<wf cmd="done" pos="VB" lemma="present" wnsn="5" lexsn="2:42:00::">presents</wf>
<wf cmd="ignore" pos="DT">another</wf>
<wf cmd="tag" pos="NN">piece</wf>
<wf cmd="ignore" pos="IN">of</wf>
<wf cmd="ignore" pos="DT">the</wf>
<wf cmd="tag" pos="NN">problem</wf>
<wf cmd="ignore" pos="IN">of</wf>
<wf cmd="tag" pos="JJ">metropolitan</wf>
<wf cmd="tag" pos="NN">development</wf>
<punc>.</punc>
</s>
<s snum="19">
<wf cmd="tag" pos="RBR">More</wf>
<wf cmd="tag" pos="JJ">industrial</wf>
<wf cmd="tag" pos="NN">acreage</wf>
<wf cmd="done" pos="VB" lemma="lie" wnsn="1" lexsn="2:42:00::">lies</wf>
<wf cmd="tag" pos="JJ">vacant</wf>
<wf cmd="ignore" pos="IN">in</wf>
<wf cmd="tag" pos="NNP">St._Clair</wf>
<wf cmd="tag" pos="NN">county</wf>
<wf cmd="ignore" pos="IN">than</wf>
<wf cmd="ignore" pos="IN">in</wf>
<wf cmd="ignore" pos="DT">any</wf>
<wf cmd="tag" pos="JJ">other</wf>
<wf cmd="tag" pos="NN">jurisdiction</wf>
<wf cmd="ignore" pos="IN">in</wf>
<wf cmd="ignore" pos="DT">the</wf>
<wf cmd="tag" pos="NN">St._Louis</wf>
<wf cmd="tag" pos="NN">area</wf>
<punc>.</punc>
</s>
<s snum="20">
<wf cmd="ignore" pos="DT">The</wf>
<wf cmd="tag" pos="JJ">unstable</wf>
<wf cmd="tag" pos="JJ">political</wf>
<wf cmd="tag" pos="NN">situation</wf>
<wf cmd="ignore" pos="EX">there</wf>
<wf cmd="done" pos="VB" lemma="represent" wnsn="6" lexsn="2:42:01::">represents</wf>
<wf cmd="tag" pos="CD">one</wf>
<wf cmd="tag" pos="NN">reason</wf>
<wf cmd="tag" pos="JJ">new</wf>
<wf cmd="tag" pos="NNS">plants</wf>
<wf cmd="done" pos="VB" lemma="shy_away_from" wnsn="1" lexsn="2:32:00::">shy_away_from</wf>
<wf cmd="ignore" pos="DT">the</wf>
<wf cmd="tag" pos="NN">East_Side</wf>
<punc>.</punc>
</s>
</p>
<p pnum="7">
<s snum="21">
<wf cmd="tag" pos="RB">And_then</wf>
<wf cmd="ignore" pos="EX">there</wf>
<wf cmd="done" pos="VB" ot="notag">is</wf>
<wf cmd="tag" pos="NN">St._Louis</wf>
<wf cmd="tag" pos="NN">county</wf>
<punc>,</punc>
<wf cmd="ignore" pos="WRB">where</wf>
<wf cmd="ignore" pos="DT">the</wf>
<wf cmd="tag" pos="JJ">Democratic</wf>
<wf cmd="tag" pos="NN">leadership</wf>
<wf cmd="done" pos="VBZ" ot="notag">has</wf>
<wf cmd="done" pos="VB" lemma="show" wnsn="0" lexsn="2:39:04::">shown</wf>
<wf cmd="tag" pos="JJ">little</wf>
<wf cmd="tag" pos="NN">appreciation</wf>
<wf cmd="ignore" pos="IN">of</wf>
<wf cmd="ignore" pos="DT">the</wf>
<wf cmd="tag" pos="NN">need</wf>
<wf cmd="ignore" pos="IN">for</wf>
<wf cmd="tag" pos="NN">sound</wf>
<wf cmd="tag" pos="NN">zoning</wf>
<punc>,</punc>
<wf cmd="ignore" pos="IN">of</wf>
<wf cmd="ignore" pos="DT">the</wf>
<wf cmd="tag" pos="JJ">important</wf>
<wf cmd="tag" pos="NN">relationship</wf>
<wf cmd="ignore" pos="IN">between</wf>
<wf cmd="tag" pos="JJ">proper</wf>
<wf cmd="tag" pos="NN">land</wf>
<wf cmd="tag" pos="NN">use</wf>
<wf cmd="ignore" pos="CC">and</wf>
<wf cmd="tag" pos="JJ">economic</wf>
<wf cmd="tag" pos="NN">growth</wf>
<punc>.</punc>
</s>
<s snum="22">
<wf cmd="tag" pos="NN">St._Louis</wf>
<wf cmd="tag" pos="NN">county</wf>
<wf cmd="ignore" pos="IN">under</wf>
<wf cmd="ignore" pos="PRP$">its</wf>
<wf cmd="tag" pos="JJ">present</wf>
<wf cmd="tag" pos="NN">leadership</wf>
<wf cmd="tag" pos="RB">also</wf>
<wf cmd="done" pos="VBZ" ot="notag">has</wf>
<wf cmd="tag" pos="RB">largely</wf>
<wf cmd="done" pos="VB" lemma="close" wnsn="1" lexsn="2:35:00::">closed</wf>
<wf cmd="ignore" pos="PRP$">its</wf>
<wf cmd="tag" pos="NNS">eyes</wf>
<wf cmd="ignore" pos="TO">to</wf>
<wf cmd="ignore" pos="DT">the</wf>
<wf cmd="tag" pos="NN">need</wf>
<wf cmd="ignore" pos="IN">for</wf>
<wf cmd="tag" pos="JJ">governmental</wf>
<wf cmd="tag" pos="NN">reform</wf>
<punc>,</punc>
<wf cmd="ignore" pos="CC">and</wf>
<wf cmd="done" pos="VB" lemma="permit" wnsn="1" lexsn="2:32:00::">permitted</wf>
<wf cmd="tag" pos="JJ">parochial</wf>
<wf cmd="tag" pos="NNS">interests</wf>
<wf cmd="ignore" pos="TO">to</wf>
<wf cmd="done" pos="VB" lemma="take" wnsn="5" lexsn="2:30:01::">take</wf>
<wf cmd="tag" pos="NN">priority</wf>
<wf cmd="ignore" pos="IN">over</wf>
<wf cmd="tag" pos="JJ">area-wide</wf>
<wf cmd="tag" pos="NNS">interests</wf>
<punc>.</punc>
</s>
<s snum="23">
<wf cmd="ignore" pos="DT">Some</wf>
<wf cmd="tag" pos="JJ">plant-location</wf>
<wf cmd="tag" pos="NNS">specialists</wf>
<wf cmd="done" pos="VB" lemma="take" wnsn="6" lexsn="2:31:07::">take</wf>
<wf cmd="ignore" pos="DT">these</wf>
<wf cmd="tag" pos="NNS">signs</wf>
<wf cmd="ignore" pos="TO">to</wf>
<wf cmd="done" pos="VB" lemma="mean" wnsn="2" lexsn="2:42:00::">mean</wf>
<wf cmd="tag" pos="NN">St._Louis</wf>
<wf cmd="tag" pos="NN">county</wf>
<wf cmd="done" pos="VBZ" ot="notag">does</wf>
<wf cmd="tag" pos="RB">n't</wf>
<wf cmd="done" pos="VB" lemma="want" wnsn="1" lexsn="2:37:00::">want</wf>
<wf cmd="tag" pos="NN">industry</wf>
<punc>,</punc>
<wf cmd="ignore" pos="CC">and</wf>
<wf cmd="tag" pos="RB">so</wf>
<wf cmd="ignore" pos="PRP">they</wf>
<wf cmd="done" pos="VB" lemma="avoid" wnsn="1" lexsn="2:32:00::">avoid</wf>
<wf cmd="ignore" pos="DT">the</wf>
<wf cmd="tag" pos="NN">area</wf>
<punc>,</punc>
<wf cmd="ignore" pos="CC">and</wf>
<wf cmd="tag" pos="JJR">more</wf>
<wf cmd="tag" pos="NNS">jobs</wf>
<wf cmd="done" pos="VBP" ot="notag">are</wf>
<wf cmd="done" pos="VB" lemma="lose" wnsn="1" lexsn="2:40:02::">lost</wf>
<punc>.</punc>
</s>
</p>
<p pnum="8">
<s snum="24">
<wf cmd="tag" pos="NNP">Metropolitan</wf>
<wf cmd="tag" pos="NN">St._Louis</wf>
<wf cmd="ignore" pos="POS">'s</wf>
<wf cmd="tag" pos="RB">relatively</wf>
<wf cmd="tag" pos="JJ">slow</wf>
<wf cmd="tag" pos="NN">rate_of_growth</wf>
<wf cmd="done" pos="VB" ot="notag">ought</wf>
<wf cmd="done" pos="VB" ot="notag">to</wf>
<wf cmd="done" pos="VB" lemma="be" wnsn="1" lexsn="2:42:03::">be</wf>
<wf cmd="ignore" pos="DT">a</wf>
<wf cmd="tag" pos="NN">priority</wf>
<wf cmd="tag" pos="NN">concern</wf>
<wf cmd="ignore" pos="IN">of</wf>
<wf cmd="ignore" pos="DT">the</wf>
<wf cmd="tag" pos="JJ">political</wf>
<punc>,</punc>
<wf cmd="tag" pos="NN">business</wf>
<punc>,</punc>
<wf cmd="tag" pos="JJ">civic</wf>
<wf cmd="ignore" pos="CC">and</wf>
<wf cmd="tag" pos="JJ">other</wf>
<wf cmd="tag" pos="NNS">leaders</wf>
<wf cmd="ignore" pos="IN">on</wf>
<wf cmd="ignore" pos="DT">both</wf>
<wf cmd="tag" pos="NNS">sides</wf>
<wf cmd="ignore" pos="IN">of</wf>
<wf cmd="ignore" pos="DT">the</wf>
<wf cmd="tag" pos="NNP">Mississippi</wf>
<punc>.</punc>
</s>
<s snum="25">
<wf cmd="ignore" pos="IN">Without</wf>
<wf cmd="ignore" pos="DT">a</wf>
<wf cmd="tag" pos="JJ">great</wf>
<wf cmd="tag" pos="NN">acceleration</wf>
<wf cmd="ignore" pos="IN">in</wf>
<wf cmd="ignore" pos="DT">the</wf>
<wf cmd="tag" pos="JJ">metropolitan</wf>
<wf cmd="tag" pos="NN">area</wf>
<wf cmd="ignore" pos="POS">'s</wf>
<wf cmd="tag" pos="NN">economy</wf>
<punc>,</punc>
<wf cmd="ignore" pos="EX">there</wf>
<wf cmd="ignore" pos="MD">will</wf>
<wf cmd="tag" pos="RB">not</wf>
<wf cmd="done" pos="VB" ot="notag">be</wf>
<wf cmd="tag" pos="JJ">sufficient</wf>
<wf cmd="tag" pos="NNS">jobs</wf>
<wf cmd="ignore" pos="IN">for</wf>
<wf cmd="ignore" pos="DT">the</wf>
<wf cmd="tag" pos="JJ">growing</wf>
<wf cmd="tag" pos="NNS">numbers</wf>
<wf cmd="ignore" pos="IN">of</wf>
<wf cmd="tag" pos="NNS">youngsters</wf>
<punc>,</punc>
<wf cmd="ignore" pos="CC">and</wf>
<wf cmd="tag" pos="NN">St._Louis</wf>
<wf cmd="ignore" pos="MD">will</wf>
<wf cmd="done" pos="VB" lemma="slip" wnsn="4" lexsn="2:30:00::">slip</wf>
<wf cmd="ignore" pos="IN">into</wf>
<wf cmd="tag" pos="JJ">second-class</wf>
<wf cmd="tag" pos="NN">status</wf>
<punc>.</punc>
</s>
</p>
<p pnum="9">
<s snum="26">
<wf cmd="tag" pos="JJ">Many_of</wf>
<wf cmd="ignore" pos="PRP$">our</wf>
<wf cmd="tag" pos="RB">very</wf>
<wf cmd="tag" pos="JJS">best</wf>
<wf cmd="tag" pos="NNS">friends</wf>
<wf cmd="done" pos="VB" lemma="be" wnsn="1" lexsn="2:42:03::">are</wf>
<wf cmd="tag" pos="NNS">reformers</wf>
<punc>.</punc>
</s>
<s snum="27">
<wf cmd="tag" pos="RB">Still</wf>
<wf cmd="ignore" pos="PRP">we</wf>
<wf cmd="ignore" pos="MD">must</wf>
<wf cmd="done" pos="VB" lemma="confess" wnsn="1" lexsn="2:32:00::">confess</wf>
<wf cmd="ignore" pos="IN">that</wf>
<wf cmd="tag" pos="RB">sometimes</wf>
<wf cmd="ignore" pos="DT">some</wf>
<wf cmd="ignore" pos="IN">of</wf>
<wf cmd="ignore" pos="PRP">them</wf>
<wf cmd="done" pos="VB" lemma="go" wnsn="2" lexsn="2:41:00::">go</wf>
<wf cmd="tag" pos="RB">too</wf>
<wf cmd="tag" pos="RB">far</wf>
<punc>.</punc>
</s>
<s snum="28">
<wf cmd="done" pos="VB" lemma="take" wnsn="13" lexsn="2:31:03::">Take</wf>
<punc>,</punc>
<wf cmd="tag" pos="RB">for_example</wf>
<punc>,</punc>
<wf cmd="ignore" pos="DT">the</wf>
<wf cmd="tag" pos="NNS">reformers</wf>
<wf cmd="ignore" pos="IN">among</wf>
<wf cmd="tag" pos="NN">New_York_City</wf>
<wf cmd="ignore" pos="POS">'s</wf>
<wf cmd="tag" pos="NNPS">Democrats</wf>
<punc>.</punc>
</s>
<s snum="29">
<wf cmd="done" pos="VBG" ot="notag">Having</wf>
<wf cmd="done" pos="VB" lemma="whip" wnsn="2" lexsn="2:33:00::">whipped</wf>
<wf cmd="tag" pos="NNP">Mr._De_Sapio</wf>
<wf cmd="ignore" pos="IN">in</wf>
<wf cmd="ignore" pos="DT">the</wf>
<wf cmd="tag" pos="NNS">primaries</wf>
<wf cmd="ignore" pos="CC">and</wf>
<wf cmd="tag" pos="RB">thus</wf>
<wf cmd="done" pos="VB" lemma="come_into" wnsn="1" lexsn="2:40:00::">come_into</wf>
<wf cmd="tag" pos="NN">control</wf>
<wf cmd="ignore" pos="IN">of</wf>
<wf cmd="tag" pos="NN">Tammany_Hall</wf>
<punc>,</punc>
<wf cmd="ignore" pos="PRP">they</wf>
<wf cmd="done" pos="VBP" ot="notag">have</wf>
<wf cmd="done" pos="VB" lemma="change" wnsn="1" lexsn="2:30:01::">changed</wf>
<wf cmd="ignore" pos="DT">the</wf>
<wf cmd="tag" pos="NN">name</wf>
<wf cmd="ignore" pos="TO">to</wf>
<wf cmd="tag" pos="NNP">Chatham_Hall</wf>
<punc>.</punc>
</s>
<s snum="30">
<wf cmd="tag" pos="RB">Even_though</wf>
<wf cmd="tag" pos="NN">headquarters</wf>
<wf cmd="tag" pos="RB">actually</wf>
<wf cmd="done" pos="VBP" ot="notag">have</wf>
<wf cmd="done" pos="VBN" ot="notag">been</wf>
<wf cmd="done" pos="VB" lemma="move_into" wnsn="1" lexsn="2:38:00::">moved_into</wf>
<wf cmd="ignore" pos="DT">the</wf>
<wf cmd="tag" pos="NNP">Chatham</wf>
<wf cmd="tag" pos="NN">building</wf>
<punc>,</punc>
<wf cmd="done" pos="VBP" ot="notag">do</wf>
<wf cmd="ignore" pos="PRP">they</wf>
<wf cmd="done" pos="VB" lemma="believe" wnsn="1" lexsn="2:31:00::">believe</wf>
<wf cmd="ignore" pos="IN">that</wf>
<wf cmd="ignore" pos="PRP">they</wf>
<wf cmd="ignore" pos="MD">can</wf>
<wf cmd="done" pos="VB" lemma="make" wnsn="4" lexsn="2:32:00::">make</wf>
<wf cmd="ignore" pos="DT">the</wf>
<wf cmd="tag" pos="JJ">new</wf>
<wf cmd="tag" pos="NN">name</wf>
<wf cmd="done" pos="VB" lemma="stick" wnsn="3" lexsn="2:35:00::">stick</wf>
<punc>?</punc>
</s>
</p>
<p pnum="10">
<s snum="31">
<wf cmd="tag" pos="RB">Granted</wf>
<wf cmd="ignore" pos="IN">that</wf>
<wf cmd="ignore" pos="DT">the</wf>
<wf cmd="tag" pos="NNP">Tammany</wf>
<wf cmd="tag" pos="NN">name</wf>
<wf cmd="ignore" pos="CC">and</wf>
<wf cmd="ignore" pos="DT">the</wf>
<wf cmd="tag" pos="NNP">Tammany</wf>
<wf cmd="tag" pos="NN">tiger</wf>
<wf cmd="tag" pos="RB">often</wf>
<wf cmd="done" pos="VBD" ot="notag">were</wf>
<wf cmd="done" pos="VB" lemma="regard_as" wnsn="1" lexsn="2:31:00::">regarded_as</wf>
<wf cmd="tag" pos="NNS">badges</wf>
<wf cmd="ignore" pos="IN">of</wf>
<wf cmd="tag" pos="JJ">political</wf>
<wf cmd="tag" pos="NN">shame</wf>
<punc>,</punc>
<wf cmd="ignore" pos="DT">the</wf>
<wf cmd="tag" pos="NNS">sachems</wf>
<wf cmd="ignore" pos="IN">of</wf>
<wf cmd="ignore" pos="DT">the</wf>
<wf cmd="tag" pos="NNP">Hall</wf>
<wf cmd="tag" pos="RB">also</wf>
<wf cmd="done" pos="VB" lemma="have" wnsn="1" lexsn="2:40:00::">have</wf>
<wf cmd="tag" pos="JJ">a_few</wf>
<wf cmd="tag" pos="JJ">good</wf>
<wf cmd="tag" pos="NNS">marks</wf>
<wf cmd="ignore" pos="TO">to</wf>
<wf cmd="ignore" pos="PRP$">their</wf>
<wf cmd="tag" pos="NN">credit</wf>
<punc>.</punc>
</s>
<s snum="32">
<wf cmd="ignore" pos="CC">But</wf>
<wf cmd="ignore" pos="PRP">it</wf>
<wf cmd="done" pos="VB" lemma="be" wnsn="2" lexsn="2:42:06::">is</wf>
<wf cmd="tag" pos="NN">tradition</wf>
<wf cmd="tag" pos="RB">rather_than</wf>
<wf cmd="ignore" pos="DT">the</wf>
<wf cmd="tag" pos="NN">record</wf>
<wf cmd="ignore" pos="WDT">which</wf>
<wf cmd="done" pos="VB" lemma="balk" wnsn="1" lexsn="2:41:00::">balks</wf>
<wf cmd="ignore" pos="IN">at</wf>
<wf cmd="ignore" pos="DT">the</wf>
<wf cmd="tag" pos="NN">expunging</wf>
<wf cmd="ignore" pos="IN">of</wf>
<wf cmd="ignore" pos="DT">the</wf>
<wf cmd="tag" pos="NNP">Tammany</wf>
<wf cmd="tag" pos="NN">name</wf>
<punc>.</punc>
</s>
<s snum="33">
<wf cmd="tag" pos="RB">After_all</wf>
<punc>,</punc>
<wf cmd="ignore" pos="PRP">it</wf>
<wf cmd="done" pos="VB" lemma="go_back" wnsn="1" lexsn="2:42:00::">goes_back</wf>
<wf cmd="done" pos="VB" ot="notag">to</wf>
<wf cmd="ignore" pos="DT">the</wf>
<wf cmd="tag" pos="NNS">days</wf>
<wf cmd="tag" pos="RB">in_which</wf>
<wf cmd="tag" pos="NN">sedition</wf>
<wf cmd="done" pos="VB" lemma="be" wnsn="1" lexsn="2:42:03::">was</wf>
<wf cmd="tag" pos="RB">not</wf>
<wf cmd="tag" pos="JJ">un-American</wf>
<punc>,</punc>
<wf cmd="ignore" pos="DT">the</wf>
<wf cmd="tag" pos="NNS">days</wf>
<wf cmd="tag" pos="RB">in_which</wf>
<wf cmd="ignore" pos="DT">the</wf>
<wf cmd="tag" pos="NNP">Sons</wf>
<wf cmd="ignore" pos="IN">of</wf>
<wf cmd="tag" pos="NNP">St._Tammany</wf>
<wf cmd="done" pos="VB" lemma="conspire" wnsn="2" lexsn="2:31:01::">conspired</wf>
<wf cmd="ignore" pos="TO">to</wf>
<wf cmd="done" pos="VB" lemma="overthrow" wnsn="1" lexsn="2:41:00::">overthrow</wf>
<wf cmd="ignore" pos="DT">the</wf>
<wf cmd="tag" pos="NN">government</wf>
<wf cmd="ignore" pos="IN">by</wf>
<wf cmd="tag" pos="NN">force</wf>
<wf cmd="ignore" pos="CC">and</wf>
<wf cmd="tag" pos="NN">violence</wf>
<punc>-</punc>
<wf cmd="tag" pos="NN">the_British</wf>
<wf cmd="tag" pos="NN">government</wf>
<wf cmd="tag" pos="RB">that_is</wf>
<punc>.</punc>
</s>
</p>
<p pnum="11">
<s snum="34">
<wf cmd="tag" pos="RB">Further</wf>
<punc>,</punc>
<wf cmd="done" pos="VBP" ot="notag">do</wf>
<wf cmd="ignore" pos="PRP$">our</wf>
<wf cmd="tag" pos="JJ">reforming</wf>
<wf cmd="tag" pos="NNS">friends</wf>
<wf cmd="tag" pos="RB">really</wf>
<wf cmd="done" pos="VB" lemma="believe" wnsn="1" lexsn="2:31:00::">believe</wf>
<wf cmd="ignore" pos="IN">that</wf>
<wf cmd="ignore" pos="DT">the</wf>
<wf cmd="tag" pos="NNS">cartoonists</wf>
<wf cmd="ignore" pos="MD">will</wf>
<wf cmd="done" pos="VB" lemma="consent" wnsn="1" lexsn="2:32:00::">consent</wf>
<wf cmd="done" pos="VB" ot="notag">to</wf>
<wf cmd="ignore" pos="DT">the</wf>
<wf cmd="tag" pos="NN">banishment</wf>
<wf cmd="ignore" pos="IN">of</wf>
<wf cmd="ignore" pos="DT">the</wf>
<wf cmd="tag" pos="NN">tiger</wf>
<wf cmd="ignore" pos="IN">from</wf>
<wf cmd="ignore" pos="PRP$">their</wf>
<wf cmd="tag" pos="NN">zoo</wf>
<punc>?</punc>
</s>
<s snum="35">
<wf cmd="ignore" pos="PRP">They</wf>
<wf cmd="ignore" pos="MD">will</wf>
<punc>-</punc>
<wf cmd="ignore" pos="WRB">when</wf>
<wf cmd="ignore" pos="PRP">they</wf>
<wf cmd="done" pos="VB" lemma="give_up" wnsn="2" lexsn="2:40:00::">give_up</wf>
<wf cmd="ignore" pos="DT">the</wf>
<wf cmd="tag" pos="NN">donkey</wf>
<wf cmd="ignore" pos="CC">and</wf>
<wf cmd="ignore" pos="DT">the</wf>
<wf cmd="tag" pos="NN">elephant</wf>
<punc>.</punc>
</s>
<s snum="36">
<wf cmd="tag" pos="RB">Instead</wf>
<wf cmd="ignore" pos="IN">of</wf>
<wf cmd="done" pos="VB" lemma="attempt" wnsn="2" lexsn="2:36:00::">attempting</wf>
<wf cmd="ignore" pos="DT">the</wf>
<wf cmd="tag" pos="JJ">impossible</wf>
<punc>,</punc>
<wf cmd="ignore" pos="WRB">why</wf>
<wf cmd="tag" pos="RB">not</wf>
<wf cmd="ignore" pos="DT">a</wf>
<wf cmd="tag" pos="NN">publicity</wf>
<wf cmd="tag" pos="NN">campaign</wf>
<wf cmd="ignore" pos="TO">to</wf>
<wf cmd="done" pos="VB" lemma="prove" wnsn="2" lexsn="2:31:00::">prove</wf>
<wf cmd="ignore" pos="IN">that</wf>
<wf cmd="ignore" pos="PDT">all</wf>
<wf cmd="ignore" pos="DT">the</wf>
<wf cmd="tag" pos="NN">tiger</wf>
<wf cmd="ignore" pos="POS">'s</wf>
<wf cmd="tag" pos="NNS">stripes</wf>
<wf cmd="done" pos="VB" lemma="be" wnsn="1" lexsn="2:42:03::">are</wf>
<wf cmd="tag" pos="RB">not</wf>
<wf cmd="tag" pos="JJ">black</wf>
<punc>?</punc>
</s>
<s snum="37">
<wf cmd="ignore" pos="DT">That</wf>
<wf cmd="ignore" pos="MD">might</wf>
<wf cmd="done" pos="VB" lemma="go_over" wnsn="2" lexsn="2:30:00::">go_over</wf>
<punc>.</punc>
</s>
</p>
<p pnum="12">
<s snum="38">
<wf cmd="ignore" pos="DT">The</wf>
<wf cmd="tag" pos="NN">White_House</wf>
<wf cmd="ignore" pos="PRP">itself</wf>
<wf cmd="done" pos="VBZ" ot="notag">has</wf>
<wf cmd="done" pos="VB" lemma="take" wnsn="1" lexsn="2:41:04::">taken</wf>
<wf cmd="tag" pos="NN">steps</wf>
<wf cmd="ignore" pos="TO">to</wf>
<wf cmd="done" pos="VB" lemma="remove" wnsn="2" lexsn="2:41:00::">remove</wf>
<wf cmd="ignore" pos="DT">a</wf>
<wf cmd="tag" pos="JJ">former</wf>
<wf cmd="tag" pos="NNP">Batista</wf>
<wf cmd="tag" pos="NN">official</wf>
<punc>,</punc>
<wf cmd="tag" pos="NNP">Col._Mariano_Faget</wf>
<punc>,</punc>
<wf cmd="ignore" pos="IN">from</wf>
<wf cmd="ignore" pos="PRP$">his</wf>
<wf cmd="tag" pos="JJ">preposterous</wf>
<wf cmd="tag" pos="NN">position</wf>
<wf cmd="ignore" pos="IN">as</wf>
<wf cmd="tag" pos="NN">interrogator</wf>
<wf cmd="ignore" pos="IN">of</wf>
<wf cmd="tag" pos="JJ">Cuban</wf>
<wf cmd="tag" pos="NNS">refugees</wf>
<wf cmd="ignore" pos="IN">for</wf>
<wf cmd="ignore" pos="DT">the</wf>
<wf cmd="tag" pos="NNP">Immigration_Service</wf>
<punc>.</punc>
</s>
</p>
<p pnum="13">
<s snum="39">
<wf cmd="ignore" pos="DT">The</wf>
<wf cmd="tag" pos="NNP">Faget</wf>
<wf cmd="tag" pos="NN">appointment</wf>
<wf cmd="done" pos="VB" lemma="be" wnsn="1" lexsn="2:42:03::">was</wf>
<wf cmd="tag" pos="JJ">preposterous</wf>
<wf cmd="ignore" pos="IN">on</wf>
<wf cmd="tag" pos="JJ">several</wf>
<wf cmd="tag" pos="NNS">grounds</wf>
<punc>.</punc>
</s>
<s snum="40">
<wf cmd="ignore" pos="DT">The</wf>
<wf cmd="tag" pos="NNP">Kennedy_Administration</wf>
<wf cmd="done" pos="VBD" ot="notag">had</wf>
<wf cmd="done" pos="VB" lemma="assure" wnsn="6" lexsn="2:32:02::">assured</wf>
<wf cmd="tag" pos="JJ">anti-Castro</wf>
<wf cmd="tag" pos="NNPS">Cubans</wf>
<wf cmd="ignore" pos="IN">that</wf>
<wf cmd="ignore" pos="PRP">it</wf>
<wf cmd="ignore" pos="MD">would</wf>
<wf cmd="done" pos="VB" lemma="have" wnsn="10" lexsn="2:42:12::">have</wf>
<wf cmd="tag" pos="NN">nothing</wf>
<wf cmd="ignore" pos="TO">to</wf>
<wf cmd="done" pos="VB" lemma="do" wnsn="4" lexsn="2:42:00::">do</wf>
<wf cmd="ignore" pos="IN">with</wf>
<wf cmd="tag" pos="NNS">associates</wf>
<wf cmd="ignore" pos="IN">of</wf>
<wf cmd="tag" pos="NNP">Dictator_Batista</wf>
<punc>.</punc>
</s>
<s snum="41">
<wf cmd="done" pos="VB" lemma="use" wnsn="1" lexsn="2:34:01::">Using</wf>
<wf cmd="ignore" pos="DT">a</wf>
<wf cmd="tag" pos="NNP">Batista</wf>
<wf cmd="tag" pos="NN">man</wf>
<wf cmd="ignore" pos="TO">to</wf>
<wf cmd="done" pos="VB" lemma="screen" wnsn="2" lexsn="2:31:00::">screen</wf>
<wf cmd="tag" pos="NNS">refugees</wf>
<wf cmd="done" pos="VB" lemma="represent" wnsn="2" lexsn="2:32:02::">represented</wf>
<wf cmd="ignore" pos="DT">a</wf>
<wf cmd="tag" pos="JJ">total</wf>
<wf cmd="tag" pos="NN">misunderstanding</wf>
<wf cmd="ignore" pos="IN">of</wf>
<wf cmd="ignore" pos="DT">the</wf>
<wf cmd="tag" pos="JJ">democratic</wf>
<wf cmd="tag" pos="NNS">forces</wf>
<wf cmd="ignore" pos="WDT">which</wf>
<wf cmd="tag" pos="RB">alone</wf>
<wf cmd="ignore" pos="MD">can</wf>
<wf cmd="tag" pos="RB">effectively</wf>
<wf cmd="done" pos="VB" lemma="oppose" wnsn="1" lexsn="2:32:01::">oppose</wf>
<wf cmd="tag" pos="NNP">Castro</wf>
<punc>.</punc>
</s>
</p>
<p pnum="14">
<s snum="42">
<wf cmd="tag" pos="RB">Moreover</wf>
<punc>,</punc>
<wf cmd="tag" pos="NNP">Col._Faget</wf>
<wf cmd="ignore" pos="POS">'s</wf>
<wf cmd="tag" pos="NN">information</wf>
<wf cmd="ignore" pos="IN">on</wf>
<wf cmd="tag" pos="NNP">Cuba</wf>
<wf cmd="done" pos="VB" lemma="be" wnsn="1" lexsn="2:42:03::">was</wf>
<wf cmd="tag" pos="RB">too</wf>
<wf cmd="tag" pos="JJ">outdated</wf>
<wf cmd="ignore" pos="TO">to</wf>
<wf cmd="done" pos="VB" lemma="be" wnsn="1" lexsn="2:42:03::">be</wf>
<wf cmd="tag" pos="JJ">useful</wf>
<wf cmd="ignore" pos="IN">in</wf>
<punc>``</punc>
<wf cmd="tag" pos="NN">screening</wf>
<punc>''</punc>
<wf cmd="tag" pos="NNP">Castro</wf>
<wf cmd="tag" pos="NNS">agents</wf>
<punc>;</punc>
<wf cmd="ignore" pos="DT">the</wf>
<wf cmd="tag" pos="NNP">Colonel</wf>
<wf cmd="done" pos="VB" lemma="flee" wnsn="1" lexsn="2:38:00::">fled</wf>
<wf cmd="ignore" pos="TO">to</wf>
<wf cmd="ignore" pos="DT">the</wf>
<wf cmd="tag" pos="JJ">friendly</wf>
<wf cmd="tag" pos="NN">haven</wf>
<wf cmd="ignore" pos="IN">of</wf>
<wf cmd="ignore" pos="DT">the</wf>
<wf cmd="tag" pos="NNP">Dominican</wf>
<wf cmd="tag" pos="NN">dictatorship</wf>
<wf cmd="tag" pos="RB">as</wf>
<wf cmd="tag" pos="RB">soon</wf>
<wf cmd="ignore" pos="IN">as</wf>
<wf cmd="tag" pos="NNP">Castro</wf>
<wf cmd="done" pos="VB" lemma="seize" wnsn="3" lexsn="2:40:01::">seized</wf>
<wf cmd="tag" pos="NN">power</wf>
<punc>.</punc>
</s>
<s snum="43">
<wf cmd="ignore" pos="CC">And</wf>
<wf cmd="ignore" pos="IN">while</wf>
<wf cmd="ignore" pos="PRP">he</wf>
<wf cmd="done" pos="VBD" ot="notag">had</wf>
<wf cmd="done" pos="VB" lemma="head" wnsn="2" lexsn="2:41:00::">headed</wf>
<wf cmd="tag" pos="NNP">Batista</wf>
<wf cmd="ignore" pos="POS">'s</wf>
<wf cmd="tag" pos="JJ">anti-Communist</wf>
<wf cmd="tag" pos="NN">section</wf>
<punc>,</punc>
<wf cmd="ignore" pos="DT">the</wf>
<wf cmd="tag" pos="NNP">Batista</wf>
<wf cmd="tag" pos="NN">regime</wf>
<wf cmd="done" pos="VBD" ot="notag">did</wf>
<wf cmd="tag" pos="RB">not</wf>
<wf cmd="done" pos="VB" lemma="disturb" wnsn="1" lexsn="2:37:00::">disturb</wf>
<wf cmd="ignore" pos="DT">the</wf>
<wf cmd="tag" pos="NNPS">Communists</wf>
<wf cmd="tag" pos="RB">so_much</wf>
<wf cmd="ignore" pos="IN">as</wf>
<wf cmd="tag" pos="RBR">more</wf>
<wf cmd="tag" pos="JJ">open</wf>
<wf cmd="tag" pos="NNS">opponents</wf>
<wf cmd="ignore" pos="WP">who</wf>
<wf cmd="done" pos="VBD" ot="notag">were</wf>
<wf cmd="done" pos="VB" lemma="allege" wnsn="1" lexsn="2:32:00::">alleged</wf>
<wf cmd="ignore" pos="TO">to</wf>
<wf cmd="done" pos="VB" lemma="be" wnsn="1" lexsn="2:42:03::">be</wf>
<wf cmd="tag" pos="NNPS">Communists</wf>
<punc>.</punc>
</s>
</p>
<p pnum="15">
<s snum="44">
<wf cmd="tag" pos="NNP">Responsibility</wf>
<wf cmd="ignore" pos="IN">for</wf>
<wf cmd="ignore" pos="DT">the</wf>
<wf cmd="tag" pos="NNP">Faget</wf>
<wf cmd="tag" pos="NN">appointment</wf>
<wf cmd="done" pos="VB" lemma="rest" wnsn="1" lexsn="2:35:00::">rests</wf>
<wf cmd="ignore" pos="IN">with</wf>
<wf cmd="tag" pos="NNP">Gen._J._M.</wf>
<wf cmd="tag" pos="NN">swing</wf>
<punc>,</punc>
<wf cmd="ignore" pos="DT">an</wf>
<wf cmd="tag" pos="NNP">Eisenhower</wf>
<wf cmd="tag" pos="NN">appointee</wf>
<wf cmd="ignore" pos="IN">as</wf>
<wf cmd="tag" pos="NN">head</wf>
<wf cmd="ignore" pos="IN">of</wf>
<wf cmd="ignore" pos="DT">the</wf>
<wf cmd="tag" pos="NNP">Immigration_Service</wf>
<punc>.</punc>
</s>
<s snum="45">
<wf cmd="tag" pos="NNP">Gen._Swing</wf>
<wf cmd="done" pos="VBZ" ot="notag">has</wf>
<wf cmd="done" pos="VB" lemma="receive" wnsn="2" lexsn="2:30:01::">received</wf>
<wf cmd="tag" pos="JJ">public</wf>
<wf cmd="tag" pos="NN">attention</wf>
<wf cmd="tag" pos="RB">before_this</wf>
<wf cmd="ignore" pos="IN">for</wf>
<wf cmd="tag" pos="NN">abuse</wf>
<wf cmd="ignore" pos="IN">of</wf>
<wf cmd="ignore" pos="DT">some</wf>
<wf cmd="ignore" pos="IN">of</wf>
<wf cmd="ignore" pos="DT">the</wf>
<wf cmd="tag" pos="NNS">prerogatives</wf>
<wf cmd="ignore" pos="IN">of</wf>
<wf cmd="ignore" pos="PRP$">his</wf>
<wf cmd="tag" pos="NN">office</wf>
<punc>.</punc>
</s>
<s snum="46">
<wf cmd="ignore" pos="PRP$">His</wf>
<wf cmd="tag" pos="NN">official</wf>
<wf cmd="tag" pos="NN">term</wf>
<wf cmd="done" pos="VB" lemma="expire" wnsn="1" lexsn="2:42:00::">expired</wf>
<wf cmd="tag" pos="JJ">last</wf>
<wf cmd="tag" pos="NN">summer</wf>
<punc>.</punc>
</s>
<s snum="47">
<wf cmd="ignore" pos="DT">Some</wf>
<wf cmd="tag" pos="NNS">reports</wf>
<wf cmd="done" pos="VB" lemma="say" wnsn="2" lexsn="2:32:01::">say</wf>
<wf cmd="ignore" pos="PRP">he</wf>
<wf cmd="done" pos="VBD" ot="notag">was</wf>
<wf cmd="done" pos="VB" lemma="rescue" wnsn="1" lexsn="2:41:00::">rescued</wf>
<wf cmd="ignore" pos="IN">from</wf>
<wf cmd="tag" pos="JJ">timely</wf>
<wf cmd="tag" pos="NN">retirement</wf>
<wf cmd="ignore" pos="IN">by</wf>
<wf cmd="ignore" pos="PRP$">his</wf>
<wf cmd="tag" pos="NN">friend</wf>
<punc>,</punc>
<wf cmd="tag" pos="NNP">Congressman_Walter</wf>
<wf cmd="ignore" pos="IN">of</wf>
<wf cmd="tag" pos="NNP">Pennsylvania</wf>
<punc>,</punc>
<wf cmd="ignore" pos="IN">at</wf>
<wf cmd="ignore" pos="DT">a</wf>
<wf cmd="tag" pos="NN">moment</wf>
<wf cmd="ignore" pos="WRB">when</wf>
<wf cmd="ignore" pos="DT">the</wf>
<wf cmd="tag" pos="NNP">Kennedy_Administration</wf>
<wf cmd="done" pos="VBD" ot="notag">was</wf>
<wf cmd="tag" pos="RB">diligently</wf>
<wf cmd="done" pos="VB" lemma="search" wnsn="1" lexsn="2:35:00::">searching</wf>
<wf cmd="ignore" pos="IN">for</wf>
<wf cmd="ignore" pos="DT">all</wf>
<wf cmd="ignore" pos="DT">the</wf>
<wf cmd="tag" pos="NNP">House</wf>
<wf cmd="tag" pos="NNS">votes</wf>
<wf cmd="ignore" pos="PRP">it</wf>
<wf cmd="ignore" pos="MD">could</wf>
<wf cmd="done" pos="VB" lemma="get" wnsn="1" lexsn="2:40:00::">get</wf>
<punc>.</punc>
</s>
</p>
<p pnum="16">
<s snum="48">
<wf cmd="tag" pos="NNP">Congressman_Walter</wf>
<wf cmd="done" pos="VBZ" ot="notag">has</wf>
<wf cmd="done" pos="VB" lemma="be" wnsn="1" lexsn="2:42:03::">been</wf>
<wf cmd="tag" pos="JJ">all-powerful</wf>
<wf cmd="ignore" pos="IN">in</wf>
<wf cmd="tag" pos="NN">immigration</wf>
<wf cmd="tag" pos="NNS">matters</wf>
<punc>,</punc>
<wf cmd="ignore" pos="CC">but</wf>
<wf cmd="ignore" pos="PRP">he</wf>
<wf cmd="done" pos="VBZ" ot="notag">has</wf>
<wf cmd="done" pos="VB" lemma="announce" wnsn="1" lexsn="2:32:00::">announced</wf>
<wf cmd="tag" pos="NNS">plans</wf>
<wf cmd="ignore" pos="TO">to</wf>
<wf cmd="done" pos="VB" lemma="retire" wnsn="1" lexsn="2:41:01::">retire</wf>
<wf cmd="ignore" pos="IN">in</wf>
<wf cmd="tag" pos="CD">1962</wf>
<punc>.</punc>
</s>
<s snum="49">
<wf cmd="ignore" pos="IN">At</wf>
<wf cmd="ignore" pos="IN">that</wf>
<wf cmd="tag" pos="NN">point</wf>
<wf cmd="ignore" pos="DT">the</wf>
<wf cmd="tag" pos="NNP">Administration</wf>
<wf cmd="ignore" pos="MD">will</wf>
<wf cmd="done" pos="VB" lemma="have" wnsn="1" lexsn="2:40:00::">have</wf>
<wf cmd="tag" pos="JJ">little</wf>
<wf cmd="tag" pos="NN">reason</wf>
<wf cmd="ignore" pos="TO">to</wf>
<wf cmd="done" pos="VB" lemma="hang_on" wnsn="2" lexsn="2:30:00::">hang_on</wf>
<wf cmd="ignore" pos="IN">to</wf>
<wf cmd="tag" pos="NNP">Gen._Swing</wf>
<punc>.</punc>
</s>
<s snum="50">
<wf cmd="ignore" pos="DT">The</wf>
<wf cmd="tag" pos="NNP">Faget</wf>
<wf cmd="tag" pos="NN">case</wf>
<wf cmd="done" pos="VB" lemma="be" wnsn="1" lexsn="2:42:03::">was</wf>
<wf cmd="ignore" pos="DT">the</wf>
<wf cmd="tag" pos="RB">kind_of</wf>
<wf cmd="tag" pos="NN">salvage</wf>
<wf cmd="tag" pos="NN">job</wf>
<wf cmd="ignore" pos="DT">the</wf>
<wf cmd="tag" pos="NNP">Administration</wf>
<wf cmd="ignore" pos="MD">should</wf>
<wf cmd="tag" pos="RB">not</wf>
<wf cmd="done" pos="VB" lemma="have" wnsn="0" lexsn="2:42:05::">have</wf>
<wf cmd="done" pos="VB" ot="notag">to</wf>
<wf cmd="done" pos="VB" lemma="repeat" wnsn="2" lexsn="2:36:00::">repeat</wf>
<punc>.</punc>
</s>
</p>
<p pnum="17">
<s snum="51">
<wf cmd="ignore" pos="IN">As</wf>
<wf cmd="tag" pos="NNP">President</wf>
<punc>,</punc>
<wf cmd="tag" pos="NNP">Dwight_D._Eisenhower</wf>
<wf cmd="tag" pos="RB">often</wf>
<wf cmd="done" pos="VB" lemma="assume" wnsn="2" lexsn="2:41:00::">assumed</wf>
<wf cmd="ignore" pos="DT">a</wf>
<wf cmd="tag" pos="NN">role</wf>
<wf cmd="tag" pos="JJ">aloof</wf>
<wf cmd="ignore" pos="IN">from</wf>
<wf cmd="ignore" pos="DT">the</wf>
<wf cmd="tag" pos="NN">strife</wf>
<wf cmd="ignore" pos="IN">of</wf>
<wf cmd="tag" pos="JJ">partisan</wf>
<wf cmd="tag" pos="NNS">politics</wf>
<punc>.</punc>
</s>
<s snum="52">
<wf cmd="ignore" pos="IN">As</wf>
<wf cmd="ignore" pos="DT">a</wf>
<wf cmd="tag" pos="JJ">former</wf>
<wf cmd="tag" pos="NNP">President</wf>
<punc>,</punc>
<wf cmd="tag" pos="RB">however</wf>
<punc>,</punc>
<wf cmd="tag" pos="NNP">Mr._Eisenhower</wf>
<wf cmd="done" pos="VB" lemma="abandon" wnsn="5" lexsn="2:31:00::">abandoned</wf>
<wf cmd="ignore" pos="DT">this</wf>
<wf cmd="tag" pos="NN">role</wf>
<wf cmd="ignore" pos="TO">to</wf>
<wf cmd="done" pos="VB" lemma="engage" wnsn="1" lexsn="2:41:06::">engage</wf>
<wf cmd="done" pos="VB" ot="notag">in</wf>
<wf cmd="tag" pos="JJ">partisan</wf>
<wf cmd="tag" pos="NN">sniping</wf>
<wf cmd="ignore" pos="IN">during</wf>
<wf cmd="ignore" pos="DT">a</wf>
<wf cmd="tag" pos="NN">New_York</wf>
<wf cmd="tag" pos="NNP">Republican</wf>
<wf cmd="tag" pos="NN">rally</wf>
<punc>,</punc>
<wf cmd="ignore" pos="CC">and</wf>
<wf cmd="tag" pos="RB">generally</wf>
<wf cmd="done" pos="VB" lemma="miss" wnsn="7" lexsn="2:35:00::">missed</wf>
<wf cmd="ignore" pos="PRP$">his</wf>
<wf cmd="tag" pos="NN">target</wf>
<punc>.</punc>
</s>
</p>
<p pnum="18">
<s snum="53">
<wf cmd="tag" pos="NNP">Mr._Eisenhower</wf>
<wf cmd="done" pos="VB" lemma="seize" wnsn="2" lexsn="2:35:01::">seized</wf>
<wf cmd="ignore" pos="IN">upon</wf>
<wf cmd="ignore" pos="DT">the</wf>
<wf cmd="tag" pos="NN">incident</wf>
<wf cmd="ignore" pos="IN">of</wf>
<wf cmd="ignore" pos="DT">the</wf>
<wf cmd="tag" pos="NN">postcard</wf>
<wf cmd="done" pos="VB" lemma="lose" wnsn="4" lexsn="2:35:00::">lost</wf>
<wf cmd="ignore" pos="IN">by</wf>
<wf cmd="ignore" pos="DT">a</wf>
<wf cmd="tag" pos="NN">Peace_Corps</wf>
<wf cmd="tag" pos="NN">girl</wf>
<wf cmd="ignore" pos="IN">in</wf>
<wf cmd="tag" pos="NNP">Nigeria</wf>
<wf cmd="ignore" pos="TO">to</wf>
<wf cmd="done" pos="VB" lemma="attack" wnsn="2" lexsn="2:32:00::">attack</wf>
<wf cmd="ignore" pos="DT">the</wf>
<wf cmd="tag" pos="JJ">entire</wf>
<wf cmd="tag" pos="NNP">Corps</wf>
<wf cmd="ignore" pos="IN">as</wf>
<wf cmd="ignore" pos="DT">a</wf>
<punc>``</punc>
<wf cmd="tag" pos="JJ">juvenile</wf>
<wf cmd="tag" pos="NN">experiment</wf>
<punc>''</punc>
<wf cmd="ignore" pos="CC">and</wf>
<wf cmd="ignore" pos="TO">to</wf>
<wf cmd="done" pos="VB" lemma="suggest" wnsn="1" lexsn="2:32:00::">suggest</wf>
<wf cmd="done" pos="VB" lemma="send" wnsn="1" lexsn="2:38:01::">sending</wf>
<wf cmd="ignore" pos="DT">a</wf>
<wf cmd="tag" pos="NNP">Corps</wf>
<wf cmd="tag" pos="NN">member</wf>
<wf cmd="ignore" pos="TO">to</wf>
<wf cmd="ignore" pos="DT">the</wf>
<wf cmd="tag" pos="NN">moon</wf>
<punc>.</punc>
</s>
<s snum="54">
<wf cmd="ignore" pos="DT">This</wf>
<wf cmd="done" pos="VB" lemma="be" wnsn="1" lexsn="2:42:03::">was</wf>
<wf cmd="tag" pos="JJ">juvenile</wf>
<wf cmd="tag" pos="NN">ridicule</wf>
<punc>.</punc>
</s>
<s snum="55">
<wf cmd="tag" pos="RB">Nowhere</wf>
<wf cmd="done" pos="VBD" ot="notag">did</wf>
<wf cmd="ignore" pos="DT">the</wf>
<wf cmd="tag" pos="NN">speaker</wf>
<wf cmd="done" pos="VB" lemma="recognize" wnsn="1" lexsn="2:31:02::">recognize</wf>
<wf cmd="ignore" pos="DT">the</wf>
<wf cmd="tag" pos="JJ">serious</wf>
<wf cmd="tag" pos="NN">purpose</wf>
<wf cmd="ignore" pos="IN">of</wf>
<wf cmd="ignore" pos="DT">the</wf>
<wf cmd="tag" pos="NNP">Corps</wf>
<wf cmd="ignore" pos="CC">or</wf>
<wf cmd="ignore" pos="PRP$">its</wf>
<wf cmd="tag" pos="JJ">welcome</wf>
<wf cmd="tag" pos="NN">reception</wf>
<wf cmd="tag" pos="RB">abroad</wf>
<punc>.</punc>
</s>
<s snum="56">
<wf cmd="ignore" pos="PRP$">His</wf>
<wf cmd="tag" pos="NNS">words</wf>
<wf cmd="done" pos="VB" lemma="be" wnsn="1" lexsn="2:42:03::">were</wf>
<wf cmd="ignore" pos="DT">the</wf>
<wf cmd="tag" pos="RBR">more</wf>
<wf cmd="tag" pos="JJ">ungracious</wf>
<wf cmd="ignore" pos="TO">to</wf>
<wf cmd="done" pos="VB" lemma="come" wnsn="5" lexsn="2:42:04::">come</wf>
<wf cmd="done" pos="VB" ot="notag">from</wf>
<wf cmd="ignore" pos="DT">a</wf>
<wf cmd="tag" pos="NN">man</wf>
<wf cmd="ignore" pos="WP">who</wf>
<wf cmd="done" pos="VB" lemma="lend" wnsn="1" lexsn="2:40:01::">lent</wf>
<wf cmd="ignore" pos="PRP$">his</wf>
<wf cmd="tag" pos="NN">name</wf>
<wf cmd="ignore" pos="TO">to</wf>
<wf cmd="ignore" pos="DT">the</wf>
<wf cmd="tag" pos="NNP">Eisenhower_Exchange</wf>
<wf cmd="tag" pos="NNS">Fellowships</wf>
<wf cmd="tag" pos="JJ">dedicated_to</wf>
<wf cmd="ignore" pos="DT">the</wf>
<wf cmd="tag" pos="JJ">same</wf>
<wf cmd="tag" pos="NN">goal</wf>
<wf cmd="ignore" pos="IN">of</wf>
<wf cmd="tag" pos="JJ">international</wf>
<wf cmd="tag" pos="NN">understanding</wf>
<punc>.</punc>
</s>
</p>
<p pnum="19">
<s snum="57">
<wf cmd="ignore" pos="DT">The</wf>
<wf cmd="tag" pos="JJ">former</wf>
<wf cmd="tag" pos="NNP">President</wf>
<wf cmd="tag" pos="RB">blithely</wf>
<wf cmd="done" pos="VB" lemma="ignore" wnsn="2" lexsn="2:32:00::">ignored</wf>
<wf cmd="tag" pos="JJ">recent</wf>
<wf cmd="tag" pos="NN">history</wf>
<wf cmd="ignore" pos="IN">in</wf>
<wf cmd="done" pos="VB" lemma="speak" wnsn="1" lexsn="2:32:00::">speaking</wf>
<wf cmd="ignore" pos="IN">of</wf>
<punc>``</punc>
<wf cmd="tag" pos="JJ">dollarette</wf>
<punc>''</punc>
<wf cmd="tag" pos="NNS">dollars</wf>
<wf cmd="ignore" pos="IN">under</wf>
<wf cmd="tag" pos="NNP">Kennedy_Administration</wf>
<wf cmd="tag" pos="JJ">fiscal</wf>
<wf cmd="tag" pos="NNS">policies</wf>
<punc>.</punc>
</s>
<s snum="58">
<wf cmd="ignore" pos="PRP">It</wf>
<wf cmd="done" pos="VB" lemma="be" wnsn="2" lexsn="2:42:06::">was</wf>
<wf cmd="ignore" pos="DT">the</wf>
<wf cmd="tag" pos="NNP">Eisenhower_Administration</wf>
<wf cmd="ignore" pos="WDT">which</wf>
<wf cmd="done" pos="VB" lemma="produce" wnsn="3" lexsn="2:36:03::">produced</wf>
<wf cmd="ignore" pos="DT">the</wf>
<wf cmd="tag" pos="JJS">largest</wf>
<wf cmd="tag" pos="NN">peacetime</wf>
<wf cmd="tag" pos="NN">deficit</wf>
<punc>.</punc>
</s>
</p>
<p pnum="20">
<s snum="59">
<wf cmd="tag" pos="RB">Finally</wf>
<punc>,</punc>
<wf cmd="tag" pos="NNP">Mr._Eisenhower</wf>
<wf cmd="done" pos="VB" lemma="find" wnsn="2" lexsn="2:39:02::">found</wf>
<wf cmd="tag" pos="NN">nothing</wf>
<wf cmd="ignore" pos="CC">but</wf>
<wf cmd="tag" pos="NN">confusion</wf>
<wf cmd="ignore" pos="IN">in</wf>
<wf cmd="tag" pos="NNP">Washington</wf>
<punc>.</punc>
</s>
<s snum="60">
<wf cmd="ignore" pos="DT">This</wf>
<wf cmd="tag" pos="NN">statement</wf>
<wf cmd="done" pos="VB" lemma="recall" wnsn="3" lexsn="2:42:00::">recalls</wf>
<wf cmd="ignore" pos="DT">the</wf>
<wf cmd="tag" pos="CD">1959</wf>
<wf cmd="tag" pos="NNP">Berlin</wf>
<wf cmd="tag" pos="NN">crisis</wf>
<punc>,</punc>
<wf cmd="ignore" pos="WRB">when</wf>
<wf cmd="tag" pos="NNP">President_Eisenhower</wf>
<wf cmd="tag" pos="JJ">first</wf>
<wf cmd="done" pos="VB" lemma="tell" wnsn="1" lexsn="2:32:04::">told</wf>
<wf cmd="tag" pos="NNS">reporters</wf>
<wf cmd="ignore" pos="IN">that</wf>
<wf cmd="tag" pos="NNP">Berlin</wf>
<wf cmd="ignore" pos="MD">could</wf>
<wf cmd="tag" pos="RB">not</wf>
<wf cmd="done" pos="VB" ot="notag">be</wf>
<wf cmd="done" pos="VB" lemma="defend" wnsn="3" lexsn="2:33:02::">defended</wf>
<wf cmd="ignore" pos="IN">with</wf>
<wf cmd="tag" pos="JJ">conventional</wf>
<wf cmd="tag" pos="NNS">weapons</wf>
<wf cmd="tag" pos="RB">and_then</wf>
<wf cmd="done" pos="VB" lemma="add" wnsn="2" lexsn="2:32:01::">added</wf>
<wf cmd="ignore" pos="IN">that</wf>
<wf cmd="ignore" pos="DT">a</wf>
<wf cmd="tag" pos="JJ">nuclear</wf>
<wf cmd="tag" pos="NN">defense</wf>
<wf cmd="done" pos="VB" lemma="be" wnsn="1" lexsn="2:42:03::">was</wf>
<wf cmd="ignore" pos="IN">out</wf>
<wf cmd="ignore" pos="IN">of</wf>
<wf cmd="ignore" pos="DT">the</wf>
<wf cmd="tag" pos="NN">picture</wf>
<wf cmd="tag" pos="RB">too</wf>
<punc>.</punc>
</s>
<s snum="61">
<wf cmd="ignore" pos="DT">The</wf>
<wf cmd="tag" pos="NN">crisis</wf>
<wf cmd="done" pos="VBZ" ot="notag">has</wf>
<wf cmd="done" pos="VBN" ot="notag">been</wf>
<wf cmd="done" pos="VB" lemma="renew" wnsn="1" lexsn="2:36:00::">renewed</wf>
<wf cmd="ignore" pos="IN">since</wf>
<wf cmd="tag" pos="RB">then</wf>
<wf cmd="ignore" pos="CC">but</wf>
<wf cmd="ignore" pos="DT">the</wf>
<wf cmd="tag" pos="NN">confusion</wf>
<wf cmd="done" pos="VBZ" ot="notag">has</wf>
<wf cmd="tag" pos="RB">hardly</wf>
<wf cmd="done" pos="VBN" ot="notag">been</wf>
<wf cmd="done" pos="VB" lemma="compound" wnsn="1" lexsn="2:30:01::">compounded</wf>
<punc>.</punc>
</s>
</p>
<p pnum="21">
<s snum="62">
<wf cmd="tag" pos="NNS">Ex-Presidents</wf>
<punc>,</punc>
<wf cmd="done" pos="VB" lemma="relieve" wnsn="3" lexsn="2:41:02::">relieved</wf>
<wf cmd="ignore" pos="IN">of</wf>
<wf cmd="tag" pos="NN">accountability</wf>
<wf cmd="ignore" pos="IN">for</wf>
<wf cmd="tag" pos="NN">policy</wf>
<punc>,</punc>
<wf cmd="tag" pos="RB">sometimes</wf>
<wf cmd="done" pos="VB" lemma="seem" wnsn="1" lexsn="2:39:00::">seem</wf>
<wf cmd="ignore" pos="TO">to</wf>
<wf cmd="done" pos="VB" lemma="feel" wnsn="1" lexsn="2:37:00::">feel</wf>
<wf cmd="tag" pos="JJ">free_of</wf>
<wf cmd="tag" pos="NN">accountability</wf>
<wf cmd="ignore" pos="IN">for</wf>
<wf cmd="ignore" pos="PRP$">their</wf>
<wf cmd="tag" pos="NNS">words</wf>
<punc>.</punc>
</s>
<s snum="63">
<wf cmd="ignore" pos="DT">Some</wf>
<wf cmd="ignore" pos="IN">of</wf>
<wf cmd="tag" pos="JJ">former</wf>
<wf cmd="tag" pos="NNP">President_Truman</wf>
<wf cmd="ignore" pos="POS">'s</wf>
<wf cmd="tag" pos="JJ">off-the-cuff</wf>
<wf cmd="tag" pos="NNS">discourses</wf>
<wf cmd="done" pos="VBP" ot="notag">have</wf>
<wf cmd="done" pos="VB" lemma="be" wnsn="1" lexsn="2:42:03::">been</wf>
<wf cmd="tag" pos="RB">in_that</wf>
<wf cmd="tag" pos="NN">vein</wf>
<punc>.</punc>
</s>
<s snum="64">
<wf cmd="tag" pos="NN">Nobody</wf>
<wf cmd="ignore" pos="MD">can</wf>
<wf cmd="done" pos="VB" lemma="deny" wnsn="1" lexsn="2:32:00::">deny</wf>
<wf cmd="ignore" pos="DT">the</wf>
<wf cmd="tag" pos="NN">right</wf>
<wf cmd="ignore" pos="IN">of</wf>
<wf cmd="tag" pos="JJ">former</wf>
<wf cmd="tag" pos="NN">Chief_Executives</wf>
<wf cmd="ignore" pos="TO">to</wf>
<wf cmd="done" pos="VB" lemma="take_part" wnsn="1" lexsn="2:41:00::">take_part</wf>
<wf cmd="ignore" pos="IN">in</wf>
<wf cmd="tag" pos="NNS">politics</wf>
<punc>,</punc>
<wf cmd="ignore" pos="CC">but</wf>
<wf cmd="ignore" pos="DT">the</wf>
<wf cmd="tag" pos="NNP">American</wf>
<wf cmd="tag" pos="NNS">people</wf>
<wf cmd="done" pos="VB" lemma="expect" wnsn="2" lexsn="2:32:00::">expect</wf>
<wf cmd="ignore" pos="PRP">them</wf>
<wf cmd="tag" pos="RB">always</wf>
<wf cmd="ignore" pos="TO">to</wf>
<wf cmd="done" pos="VB" lemma="remember" wnsn="2" lexsn="2:31:01::">remember</wf>
<wf cmd="ignore" pos="DT">the</wf>
<wf cmd="tag" pos="NNS">obligations</wf>
<wf cmd="ignore" pos="IN">of</wf>
<wf cmd="tag" pos="JJ">national</wf>
<wf cmd="tag" pos="NN">leadership</wf>
<wf cmd="ignore" pos="CC">and</wf>
<wf cmd="ignore" pos="TO">to</wf>
<wf cmd="done" pos="VB" lemma="treat" wnsn="4" lexsn="2:32:00::">treat</wf>
<wf cmd="tag" pos="NNS">issues</wf>
<wf cmd="ignore" pos="IN">with</wf>
<wf cmd="ignore" pos="DT">a</wf>
<wf cmd="tag" pos="NN">sense_of_responsibility</wf>
<punc>.</punc>
</s>
<s snum="65">
<wf cmd="ignore" pos="DT">This</wf>
<wf cmd="done" pos="VB" lemma="be" wnsn="2" lexsn="2:42:06::">is</wf>
<wf cmd="ignore" pos="DT">a</wf>
<wf cmd="tag" pos="NN">matter</wf>
<wf cmd="ignore" pos="IN">of</wf>
<wf cmd="tag" pos="NN">respect</wf>
<wf cmd="ignore" pos="IN">for</wf>
<wf cmd="ignore" pos="DT">the</wf>
<wf cmd="tag" pos="NNP">Presidency</wf>
<punc>.</punc>
</s>
<s snum="66">
<wf cmd="tag" pos="NNP">Mr._Eisenhower</wf>
<wf cmd="ignore" pos="POS">'s</wf>
<wf cmd="tag" pos="NN">New_York</wf>
<wf cmd="tag" pos="NN">speech</wf>
<wf cmd="done" pos="VBZ" ot="notag">does</wf>
<wf cmd="tag" pos="RB">not</wf>
<wf cmd="done" pos="VB" lemma="encourage" wnsn="1" lexsn="2:41:00::">encourage</wf>
<wf cmd="tag" pos="NN">respect</wf>
<wf cmd="ignore" pos="IN">for</wf>
<wf cmd="tag" pos="RB">that</wf>
<wf cmd="ignore" pos="CC">or</wf>
<wf cmd="ignore" pos="IN">for</wf>
<wf cmd="ignore" pos="PRP$">his</wf>
<wf cmd="tag" pos="JJR">elder</wf>
<wf cmd="tag" pos="NN">statesmanship</wf>
<punc>.</punc>
</s>
</p>
<p pnum="22">
<s snum="67">
<wf cmd="ignore" pos="DT">The</wf>
<wf cmd="tag" pos="NNP">Queen_Mary</wf>
<wf cmd="done" pos="VBZ" ot="notag">has</wf>
<wf cmd="tag" pos="JJ">long</wf>
<wf cmd="done" pos="VB" lemma="be" wnsn="6" lexsn="2:42:07::">been</wf>
<wf cmd="ignore" pos="DT">a</wf>
<wf cmd="tag" pos="NN">symbol</wf>
<wf cmd="ignore" pos="IN">of</wf>
<wf cmd="tag" pos="NN">speed</wf>
<punc>,</punc>
<wf cmd="tag" pos="NN">luxury</wf>
<punc>,</punc>
<wf cmd="ignore" pos="CC">and</wf>
<wf cmd="tag" pos="JJ">impeccable</wf>
<wf cmd="tag" pos="JJ">British</wf>
<wf cmd="tag" pos="NN">service</wf>
<wf cmd="ignore" pos="IN">on</wf>
<wf cmd="ignore" pos="DT">the</wf>
<wf cmd="tag" pos="JJ">high</wf>
<wf cmd="tag" pos="NNS">seas</wf>
<punc>.</punc>
</s>
<s snum="68">
<wf cmd="tag" pos="NNS">Reports</wf>
<wf cmd="ignore" pos="IN">that</wf>
<wf cmd="ignore" pos="DT">the</wf>
<wf cmd="tag" pos="JJ">venerable</wf>
<wf cmd="tag" pos="NN">liner</wf>
<punc>,</punc>
<wf cmd="ignore" pos="WDT">which</wf>
<wf cmd="done" pos="VBZ" ot="notag">has</wf>
<wf cmd="done" pos="VB" lemma="be" wnsn="1" lexsn="2:42:03::">been</wf>
<wf cmd="tag" pos="JJ">in_service</wf>
<wf cmd="ignore" pos="IN">since</wf>
<wf cmd="tag" pos="CD">1936</wf>
<punc>,</punc>
<wf cmd="done" pos="VB" lemma="be" wnsn="1" lexsn="2:42:03::">was</wf>
<wf cmd="ignore" pos="TO">to</wf>
<wf cmd="done" pos="VB" ot="notag">be</wf>
<wf cmd="done" pos="VB" lemma="retire" wnsn="7" lexsn="2:40:00::">retired</wf>
<wf cmd="done" pos="VB" lemma="strike" wnsn="10" lexsn="2:35:03::">struck</wf>
<wf cmd="ignore" pos="DT">a</wf>
<wf cmd="tag" pos="JJ">nostalgic</wf>
<wf cmd="tag" pos="NN">note</wf>
<wf cmd="ignore" pos="IN">in</wf>
<wf cmd="tag" pos="JJ">many_of</wf>
<wf cmd="ignore" pos="PRP">us</wf>
<punc>.</punc>
</s>
<s snum="69">
<wf cmd="ignore" pos="CC">But</wf>
<wf cmd="ignore" pos="DT">the</wf>
<wf cmd="tag" pos="NNP">Cunard</wf>
<wf cmd="tag" pos="NN">line</wf>
<punc>,</punc>
<wf cmd="done" pos="VB" lemma="influence" wnsn="1" lexsn="2:41:00::">influenced</wf>
<wf cmd="ignore" pos="IN">by</wf>
<wf cmd="tag" pos="JJ">unpleasant</wf>
<wf cmd="tag" pos="JJ">economic</wf>
<wf cmd="tag" pos="NNS">facts</wf>
<wf cmd="ignore" pos="CC">and</wf>
<wf cmd="tag" pos="RB">not</wf>
<wf cmd="tag" pos="NN">sentiment</wf>
<punc>,</punc>
<wf cmd="done" pos="VBZ" ot="notag">has</wf>
<wf cmd="done" pos="VB" lemma="decide" wnsn="1" lexsn="2:31:00::">decided</wf>
<wf cmd="ignore" pos="TO">to</wf>
<wf cmd="done" pos="VB" lemma="keep" wnsn="1" lexsn="2:42:00::">keep</wf>
<wf cmd="ignore" pos="DT">the</wf>
<wf cmd="tag" pos="NNP">Queen_Mary</wf>
<wf cmd="tag" pos="JJ">in_service</wf>
<wf cmd="ignore" pos="IN">until</wf>
<wf cmd="tag" pos="JJ">next</wf>
<wf cmd="tag" pos="NNP">Spring</wf>
<wf cmd="tag" pos="RB">at_least</wf>
<punc>.</punc>
</s>
</p>
<p pnum="23">
<s snum="70">
<wf cmd="ignore" pos="DT">A</wf>
<wf cmd="tag" pos="JJ">new</wf>
<wf cmd="tag" pos="NN">queen</wf>
<punc>,</punc>
<wf cmd="ignore" pos="IN">with</wf>
<wf cmd="ignore" pos="DT">the</wf>
<wf cmd="tag" pos="JJ">prosaic</wf>
<wf cmd="tag" pos="NN">title</wf>
<wf cmd="ignore" pos="IN">of</wf>
<wf cmd="tag" pos="CD">Q3</wf>
<punc>,</punc>
<wf cmd="done" pos="VBD" ot="notag">had</wf>
<wf cmd="done" pos="VBN" ot="notag">been</wf>
<wf cmd="done" pos="VB" lemma="plan" wnsn="1" lexsn="2:31:01::">planned</wf>
<wf cmd="ignore" pos="IN">for</wf>
<wf cmd="tag" pos="JJ">several</wf>
<wf cmd="tag" pos="NNS">years</wf>
<wf cmd="ignore" pos="TO">to</wf>
<wf cmd="done" pos="VB" lemma="replace" wnsn="1" lexsn="2:30:00::">replace</wf>
<wf cmd="ignore" pos="DT">the</wf>
<wf cmd="tag" pos="NNP">Queen_Mary</wf>
<punc>.</punc>
</s>
<s snum="71">
<wf cmd="tag" pos="NN">The_British</wf>
<wf cmd="tag" pos="NN">government</wf>
<punc>,</punc>
<wf cmd="done" pos="VB" lemma="concern" wnsn="2" lexsn="2:42:01::">concerned</wf>
<wf cmd="ignore" pos="IN">about</wf>
<wf cmd="ignore" pos="DT">the</wf>
<wf cmd="tag" pos="NN">threat</wf>
<wf cmd="ignore" pos="IN">of</wf>
<wf cmd="tag" pos="NN">unemployment</wf>
<wf cmd="ignore" pos="IN">in</wf>
<wf cmd="ignore" pos="DT">the</wf>
<wf cmd="tag" pos="NN">shipbuilding_industry</wf>
<punc>,</punc>
<wf cmd="done" pos="VBD" ot="notag">had</wf>
<wf cmd="done" pos="VB" lemma="put_through" wnsn="1" lexsn="2:30:00::">put_through</wf>
<wf cmd="ignore" pos="DT">a</wf>
<wf cmd="tag" pos="NN">bill</wf>
<wf cmd="ignore" pos="TO">to</wf>
<wf cmd="done" pos="VB" lemma="give" wnsn="8" lexsn="2:40:01::">give</wf>
<wf cmd="tag" pos="NNP">Cunard</wf>
<wf cmd="tag" pos="NNS">loans</wf>
<wf cmd="ignore" pos="CC">and</wf>
<wf cmd="tag" pos="NNS">grants</wf>
<wf cmd="done" pos="VB" lemma="total" wnsn="1" lexsn="2:42:00::">totaling</wf>
<punc>$</punc>
<wf cmd="tag" pos="CD">50400000</wf>
<wf cmd="ignore" pos="IN">toward</wf>
<wf cmd="ignore" pos="DT">the</wf>
<punc>$</punc>
<wf cmd="tag" pos="CD">84000000</wf>
<wf cmd="tag" pos="NN">cost</wf>
<wf cmd="ignore" pos="IN">of</wf>
<wf cmd="ignore" pos="DT">a</wf>
<wf cmd="tag" pos="JJ">new</wf>
<wf cmd="tag" pos="CD">75000</wf>
<punc>-</punc>
<wf cmd="tag" pos="NN">ton</wf>
<wf cmd="tag" pos="NN">passenger</wf>
<wf cmd="tag" pos="NN">liner</wf>
<punc>.</punc>
</s>
</p>
<p pnum="24">
<s snum="72">
<wf cmd="ignore" pos="IN">Since</wf>
<wf cmd="tag" pos="CD">1957</wf>
<punc>,</punc>
<wf cmd="tag" pos="RB">more_and_more</wf>
<wf cmd="tag" pos="JJ">trans-Atlantic</wf>
<wf cmd="tag" pos="NNS">passengers</wf>
<wf cmd="done" pos="VBP" ot="notag">have</wf>
<wf cmd="done" pos="VBN" ot="notag">been</wf>
<wf cmd="done" pos="VB" lemma="cross" wnsn="1" lexsn="2:38:00::">crossing</wf>
<wf cmd="ignore" pos="IN">by</wf>
<wf cmd="tag" pos="NN">air</wf>
<punc>.</punc>
</s>
<s snum="73">
<wf cmd="tag" pos="NNP">Economy</wf>
<wf cmd="tag" pos="NN">class</wf>
<wf cmd="tag" pos="NNS">fares</wf>
<wf cmd="ignore" pos="CC">and</wf>
<wf cmd="tag" pos="NN">charter</wf>
<wf cmd="tag" pos="NNS">flights</wf>
<wf cmd="done" pos="VBP" ot="notag">have</wf>
<wf cmd="done" pos="VB" lemma="attract" wnsn="2" lexsn="2:37:00::">attracted</wf>
<wf cmd="tag" pos="RB">almost</wf>
<wf cmd="ignore" pos="DT">all</wf>
<wf cmd="tag" pos="JJ">new</wf>
<wf cmd="tag" pos="NNS">passengers</wf>
<wf cmd="ignore" pos="TO">to</wf>
<wf cmd="ignore" pos="DT">the</wf>
<wf cmd="tag" pos="NNS">airlines</wf>
<punc>.</punc>
</s>
<s snum="74">
<wf cmd="tag" pos="NN">Competition</wf>
<wf cmd="ignore" pos="IN">from</wf>
<wf cmd="tag" pos="JJ">other</wf>
<wf cmd="tag" pos="NN">steamship_lines</wf>
<wf cmd="done" pos="VBZ" ot="notag">has</wf>
<wf cmd="done" pos="VB" lemma="cut" wnsn="2" lexsn="2:30:06::">cut</wf>
<wf cmd="tag" pos="NNP">Cunard</wf>
<wf cmd="ignore" pos="POS">'s</wf>
<wf cmd="tag" pos="NN">share</wf>
<wf cmd="ignore" pos="IN">of</wf>
<wf cmd="tag" pos="NN">sea</wf>
<wf cmd="tag" pos="NNS">passengers</wf>
<wf cmd="ignore" pos="IN">from</wf>
<wf cmd="tag" pos="NN">one-third</wf>
<wf cmd="ignore" pos="TO">to</wf>
<wf cmd="tag" pos="NN">one-fourth</wf>
<wf cmd="ignore" pos="CC">and</wf>
<wf cmd="ignore" pos="DT">this</wf>
<wf cmd="tag" pos="NN">year</wf>
<wf cmd="ignore" pos="DT">the</wf>
<wf cmd="tag" pos="NN">line</wf>
<wf cmd="done" pos="VB" lemma="show" wnsn="10" lexsn="2:32:03::">showed</wf>
<wf cmd="ignore" pos="DT">a</wf>
<wf cmd="tag" pos="JJ">marked</wf>
<wf cmd="tag" pos="NN">drop</wf>
<wf cmd="ignore" pos="IN">of</wf>
<wf cmd="tag" pos="NNS">profits</wf>
<wf cmd="ignore" pos="IN">on</wf>
<wf cmd="ignore" pos="DT">the</wf>
<wf cmd="tag" pos="NNP">Atlantic</wf>
<wf cmd="tag" pos="NN">run</wf>
<punc>.</punc>
</s>
</p>
<p pnum="25">
<s snum="75">
<wf cmd="ignore" pos="DT">The</wf>
<wf cmd="tag" pos="NNP">Cunard</wf>
<wf cmd="tag" pos="NN">line</wf>
<wf cmd="done" pos="VB" lemma="have" wnsn="1" lexsn="2:40:00::">has</wf>
<wf cmd="tag" pos="JJ">under_consideration</wf>
<wf cmd="done" pos="VB" lemma="replace" wnsn="1" lexsn="2:30:00::">replacing</wf>
<wf cmd="ignore" pos="DT">the</wf>
<wf cmd="tag" pos="NNP">Queen_Mary</wf>
<wf cmd="ignore" pos="IN">with</wf>
<wf cmd="ignore" pos="DT">a</wf>
<wf cmd="tag" pos="NN">ship</wf>
<wf cmd="tag" pos="JJR">smaller</wf>
<wf cmd="ignore" pos="IN">than</wf>
<wf cmd="tag" pos="CD">75000</wf>
<wf cmd="tag" pos="NNS">tons</wf>
<punc>.</punc>
</s>
<s snum="76">
<wf cmd="ignore" pos="DT">This</wf>
<wf cmd="ignore" pos="MD">would</wf>
<wf cmd="done" pos="VB" lemma="be" wnsn="1" lexsn="2:42:03::">be</wf>
<wf cmd="tag" pos="JJR">cheaper</wf>
<wf cmd="ignore" pos="TO">to</wf>
<wf cmd="done" pos="VB" lemma="operate" wnsn="3" lexsn="2:35:00::">operate</wf>
<wf cmd="ignore" pos="CC">and</wf>
<wf cmd="ignore" pos="MD">could</wf>
<wf cmd="done" pos="VB" ot="notag">be</wf>
<wf cmd="done" pos="VB" lemma="use" wnsn="1" lexsn="2:34:01::">used</wf>
<wf cmd="ignore" pos="IN">for</wf>
<wf cmd="tag" pos="NNS">cruises</wf>
<wf cmd="ignore" pos="IN">during</wf>
<wf cmd="ignore" pos="DT">the</wf>
<wf cmd="tag" pos="JJ">lean</wf>
<wf cmd="tag" pos="NN">winter</wf>
<wf cmd="tag" pos="NNS">months</wf>
<punc>.</punc>
</s>
<s snum="77">
<wf cmd="tag" pos="RB">Also</wf>
<wf cmd="tag" pos="JJ">under_consideration</wf>
<wf cmd="done" pos="VB" lemma="be" wnsn="1" lexsn="2:42:03::">is</wf>
<wf cmd="ignore" pos="DT">an</wf>
<wf cmd="tag" pos="JJ">increased</wf>
<wf cmd="tag" pos="NN">investment</wf>
<wf cmd="ignore" pos="IN">in</wf>
<wf cmd="tag" pos="NNP">Cunard_Eagle</wf>
<wf cmd="tag" pos="NNPS">Airways</wf>
<wf cmd="ignore" pos="WDT">which</wf>
<wf cmd="done" pos="VBZ" ot="notag">has</wf>
<wf cmd="done" pos="VB" lemma="apply" wnsn="3" lexsn="2:32:00::">applied</wf>
<wf cmd="done" pos="VB" ot="notag">to</wf>
<wf cmd="done" pos="VB" lemma="serve" wnsn="4" lexsn="2:41:00::">serve</wf>
<wf cmd="tag" pos="NN">New_York</wf>
<punc>.</punc>
</s>
</p>
<p pnum="26">
<s snum="78">
<wf cmd="ignore" pos="DT">The</wf>
<wf cmd="tag" pos="NN">decline</wf>
<wf cmd="ignore" pos="IN">of</wf>
<wf cmd="ignore" pos="DT">the</wf>
<wf cmd="tag" pos="NNP">Cunard</wf>
<wf cmd="tag" pos="NN">line</wf>
<wf cmd="ignore" pos="IN">from</wf>
<wf cmd="ignore" pos="PRP$">its</wf>
<wf cmd="tag" pos="NN">position</wf>
<wf cmd="ignore" pos="IN">of</wf>
<wf cmd="tag" pos="NN">dominance</wf>
<wf cmd="ignore" pos="IN">in</wf>
<wf cmd="tag" pos="NNP">Atlantic</wf>
<wf cmd="tag" pos="NN">travel</wf>
<wf cmd="done" pos="VB" lemma="be" wnsn="1" lexsn="2:42:03::">is</wf>
<wf cmd="ignore" pos="DT">a</wf>
<wf cmd="tag" pos="JJ">significant</wf>
<wf cmd="tag" pos="NN">development</wf>
<wf cmd="ignore" pos="IN">in</wf>
<wf cmd="ignore" pos="DT">the</wf>
<wf cmd="tag" pos="NN">history</wf>
<wf cmd="ignore" pos="IN">of</wf>
<wf cmd="tag" pos="NN">transportation</wf>
<punc>.</punc>
</s>
</p>
<p pnum="27">
<s snum="79">
<wf cmd="tag" pos="NNP">Gen._Maxwell_Taylor</wf>
<wf cmd="ignore" pos="POS">'s</wf>
<wf cmd="tag" pos="NN">statement</wf>
<wf cmd="ignore" pos="IN">in</wf>
<wf cmd="tag" pos="NNP">Saigon</wf>
<wf cmd="ignore" pos="IN">that</wf>
<wf cmd="ignore" pos="PRP">he</wf>
<wf cmd="done" pos="VB" lemma="be" wnsn="1" lexsn="2:42:03::">is</wf>
<punc>``</punc>
<wf cmd="tag" pos="RB">very_much</wf>
<wf cmd="tag" pos="JJ">encouraged</wf>
<punc>''</punc>
<wf cmd="ignore" pos="IN">about</wf>
<wf cmd="ignore" pos="DT">the</wf>
<wf cmd="tag" pos="NNS">chances</wf>
<wf cmd="ignore" pos="IN">of</wf>
<wf cmd="ignore" pos="DT">the</wf>
<wf cmd="tag" pos="JJ">pro-Western</wf>
<wf cmd="tag" pos="NN">government</wf>
<wf cmd="ignore" pos="IN">of</wf>
<wf cmd="tag" pos="NN">Viet_Nam</wf>
<wf cmd="done" pos="VB" lemma="turn_back" wnsn="3" lexsn="2:38:02::">turning_back</wf>
<wf cmd="tag" pos="NNP">Communist</wf>
<wf cmd="tag" pos="NN">guerrilla</wf>
<wf cmd="tag" pos="NNS">attacks</wf>
<wf cmd="done" pos="VB" lemma="come_close" wnsn="1" lexsn="2:41:00::">comes_close</wf>
<wf cmd="done" pos="VB" ot="notag">to</wf>
<wf cmd="ignore" pos="DT">an</wf>
<wf cmd="tag" pos="NN">announcement</wf>
<wf cmd="ignore" pos="IN">that</wf>
<wf cmd="ignore" pos="PRP">he</wf>
<wf cmd="ignore" pos="MD">will</wf>
<wf cmd="tag" pos="RB">not</wf>
<wf cmd="done" pos="VB" lemma="recommend" wnsn="1" lexsn="2:32:01::">recommend</wf>
<wf cmd="done" pos="VB" lemma="dispatch" wnsn="1" lexsn="2:38:00::">dispatching</wf>
<wf cmd="tag" pos="NN">United_States</wf>
<wf cmd="tag" pos="NNS">troops</wf>
<wf cmd="ignore" pos="TO">to</wf>
<wf cmd="done" pos="VB" lemma="bolster" wnsn="1" lexsn="2:30:01::">bolster</wf>
<wf cmd="ignore" pos="DT">the</wf>
<wf cmd="tag" pos="JJ">Vietnamese</wf>
<wf cmd="tag" pos="NNP">Army</wf>
<punc>.</punc>
</s>
<s snum="80">
<wf cmd="tag" pos="NNP">Gen._Taylor</wf>
<wf cmd="ignore" pos="MD">will</wf>
<wf cmd="done" pos="VB" lemma="report" wnsn="1" lexsn="2:32:00::">report</wf>
<wf cmd="ignore" pos="TO">to</wf>
<wf cmd="tag" pos="NNP">President_Kennedy</wf>
<wf cmd="ignore" pos="IN">in</wf>
<wf cmd="tag" pos="JJ">a_few</wf>
<wf cmd="tag" pos="NNS">days</wf>
<wf cmd="ignore" pos="IN">on</wf>
<wf cmd="ignore" pos="DT">the</wf>
<wf cmd="tag" pos="NNS">results</wf>
<wf cmd="ignore" pos="IN">of</wf>
<wf cmd="ignore" pos="PRP$">his</wf>
<wf cmd="tag" pos="NN">visit</wf>
<wf cmd="ignore" pos="TO">to</wf>
<wf cmd="tag" pos="NNP">South</wf>
<wf cmd="tag" pos="NN">Viet_Nam</wf>
<wf cmd="ignore" pos="CC">and</wf>
<punc>,</punc>
<wf cmd="done" pos="VB" lemma="judge" wnsn="3" lexsn="2:31:01::">judging</wf>
<wf cmd="ignore" pos="IN">from</wf>
<wf cmd="ignore" pos="DT">some</wf>
<wf cmd="ignore" pos="IN">of</wf>
<wf cmd="ignore" pos="PRP$">his</wf>
<wf cmd="tag" pos="NNS">remarks</wf>
<wf cmd="ignore" pos="TO">to</wf>
<wf cmd="tag" pos="NNS">reporters</wf>
<wf cmd="ignore" pos="IN">in</wf>
<wf cmd="ignore" pos="DT">the</wf>
<wf cmd="tag" pos="NNP">Far_East</wf>
<punc>,</punc>
<wf cmd="ignore" pos="PRP">he</wf>
<wf cmd="done" pos="VB" lemma="be" wnsn="1" lexsn="2:42:03::">is</wf>
<wf cmd="tag" pos="JJ">likely</wf>
<wf cmd="ignore" pos="TO">to</wf>
<wf cmd="done" pos="VB" lemma="urge" wnsn="2" lexsn="2:32:03::">urge</wf>
<wf cmd="ignore" pos="DT">a</wf>
<wf cmd="tag" pos="RBR">more</wf>
<wf cmd="tag" pos="JJ">efficient</wf>
<wf cmd="tag" pos="NN">mobilization</wf>
<wf cmd="ignore" pos="IN">of</wf>
<wf cmd="tag" pos="JJ">Vietnamese</wf>
<wf cmd="tag" pos="JJ">military</wf>
<punc>,</punc>
<wf cmd="tag" pos="JJ">economic</wf>
<punc>,</punc>
<wf cmd="tag" pos="JJ">political</wf>
<wf cmd="ignore" pos="CC">and</wf>
<wf cmd="tag" pos="JJ">other</wf>
<wf cmd="tag" pos="NNS">resources</wf>
<punc>.</punc>
</s>
</p>
<p pnum="28">
<s snum="81">
<wf cmd="ignore" pos="EX">There</wf>
<wf cmd="done" pos="VB" ot="notag">was</wf>
<wf cmd="tag" pos="JJ">good</wf>
<wf cmd="tag" pos="NN">reason</wf>
<wf cmd="ignore" pos="IN">for</wf>
<wf cmd="tag" pos="NNP">Gen._Taylor</wf>
<wf cmd="ignore" pos="TO">to</wf>
<wf cmd="done" pos="VB" lemma="make" wnsn="1" lexsn="2:41:00::">make</wf>
<wf cmd="ignore" pos="DT">an</wf>
<wf cmd="tag" pos="NN">inspection</wf>
<wf cmd="tag" pos="NN">trip</wf>
<wf cmd="ignore" pos="IN">at</wf>
<wf cmd="ignore" pos="DT">this</wf>
<wf cmd="tag" pos="NN">time</wf>
<punc>.</punc>
</s>
<s snum="82">
<wf cmd="tag" pos="NN">Communist</wf>
<wf cmd="tag" pos="NNS">guerrillas</wf>
<wf cmd="tag" pos="RB">recently</wf>
<wf cmd="done" pos="VBP" ot="notag">have</wf>
<wf cmd="done" pos="VBN" ot="notag">been</wf>
<wf cmd="done" pos="VB" lemma="report" wnsn="1" lexsn="2:32:00::">reported</wf>
<wf cmd="done" pos="VB" lemma="increase" wnsn="1" lexsn="2:30:00::">increasing</wf>
<wf cmd="ignore" pos="PRP$">their</wf>
<wf cmd="tag" pos="NNS">activities</wf>
<wf cmd="ignore" pos="CC">and</wf>
<wf cmd="ignore" pos="DT">the</wf>
<wf cmd="tag" pos="JJ">great</wf>
<wf cmd="tag" pos="NN">flood</wf>
<wf cmd="ignore" pos="IN">of</wf>
<wf cmd="ignore" pos="DT">the</wf>
<wf cmd="tag" pos="NN">Mekong_River</wf>
<wf cmd="done" pos="VBZ" ot="notag">has</wf>
<wf cmd="done" pos="VB" lemma="interpose" wnsn="3" lexsn="2:32:00::">interposed</wf>
<wf cmd="ignore" pos="DT">a</wf>
<wf cmd="tag" pos="JJ">new</wf>
<wf cmd="tag" pos="NN">crisis</wf>
<punc>.</punc>
</s>
<s snum="83">
<wf cmd="tag" pos="NNP">South</wf>
<wf cmd="tag" pos="NN">Viet_Nam</wf>
<wf cmd="ignore" pos="POS">'s</wf>
<wf cmd="tag" pos="NN">rice</wf>
<wf cmd="tag" pos="NN">surplus</wf>
<wf cmd="ignore" pos="IN">for</wf>
<wf cmd="tag" pos="JJ">next</wf>
<wf cmd="tag" pos="NN">year</wf>
<punc>-</punc>
<wf cmd="tag" pos="RB">more_than</wf>
<wf cmd="tag" pos="CD">300000</wf>
<wf cmd="tag" pos="NNS">tons</wf>
<punc>-</punc>
<wf cmd="ignore" pos="MD">may</wf>
<wf cmd="done" pos="VB" ot="notag">have</wf>
<wf cmd="done" pos="VBN" ot="notag">been</wf>
<wf cmd="done" pos="VB" lemma="destroy" wnsn="2" lexsn="2:35:00::">destroyed</wf>
<punc>.</punc>
</s>
<s snum="84">
<wf cmd="ignore" pos="DT">The</wf>
<wf cmd="tag" pos="NNP">Viet_Cong</wf>
<punc>,</punc>
<wf cmd="ignore" pos="DT">the</wf>
<wf cmd="tag" pos="NNP">Communist</wf>
<wf cmd="tag" pos="NNS">rebels</wf>
<punc>,</punc>
<wf cmd="ignore" pos="MD">may</wf>
<wf cmd="done" pos="VB" ot="notag">have</wf>
<wf cmd="done" pos="VB" lemma="lose" wnsn="1" lexsn="2:40:02::">lost</wf>
<wf cmd="ignore" pos="PRP$">their</wf>
<wf cmd="tag" pos="JJ">stored</wf>
<wf cmd="tag" pos="NN">grain</wf>
<wf cmd="ignore" pos="CC">and</wf>
<wf cmd="tag" pos="NNS">arms</wf>
<wf cmd="tag" pos="NNS">factories</wf>
<punc>.</punc>
</s>
<s snum="85">
<wf cmd="ignore" pos="DT">The</wf>
<wf cmd="tag" pos="NNS">rebels</wf>
<wf cmd="ignore" pos="MD">may</wf>
<wf cmd="done" pos="VB" lemma="try" wnsn="1" lexsn="2:41:00::">try</wf>
<wf cmd="ignore" pos="TO">to</wf>
<wf cmd="done" pos="VB" lemma="seize" wnsn="2" lexsn="2:35:01::">seize</wf>
<wf cmd="ignore" pos="WP">what</wf>
<wf cmd="done" pos="VB" lemma="be" wnsn="1" lexsn="2:42:03::">is</wf>
<wf cmd="tag" pos="JJ">left</wf>
<wf cmd="ignore" pos="IN">of</wf>
<wf cmd="ignore" pos="DT">the</wf>
<wf cmd="tag" pos="NNP">October</wf>
<wf cmd="tag" pos="NN">harvest</wf>
<wf cmd="ignore" pos="WRB">when</wf>
<wf cmd="ignore" pos="DT">the</wf>
<wf cmd="tag" pos="NNS">floods</wf>
<wf cmd="done" pos="VB" lemma="recede" wnsn="1" lexsn="2:38:01::">recede</wf>
<wf cmd="ignore" pos="CC">and</wf>
<wf cmd="ignore" pos="DT">the</wf>
<wf cmd="tag" pos="NN">monsoon</wf>
<wf cmd="done" pos="VB" lemma="end" wnsn="1" lexsn="2:42:00::">ends</wf>
<wf cmd="ignore" pos="IN">in</wf>
<wf cmd="tag" pos="NNP">November</wf>
<punc>.</punc>
</s>
</p>
<p pnum="29">
<s snum="86">
<wf cmd="tag" pos="NN">Nothing</wf>
<wf cmd="tag" pos="RB">that</wf>
<wf cmd="done" pos="VB" lemma="be" wnsn="1" lexsn="2:42:03::">is</wf>
<wf cmd="tag" pos="JJ">likely</wf>
<wf cmd="ignore" pos="TO">to</wf>
<wf cmd="done" pos="VB" lemma="happen" wnsn="1" lexsn="2:30:00::">happen</wf>
<punc>,</punc>
<wf cmd="tag" pos="RB">however</wf>
<punc>,</punc>
<wf cmd="ignore" pos="MD">should</wf>
<wf cmd="done" pos="VB" lemma="prompt" wnsn="1" lexsn="2:36:00::">prompt</wf>
<wf cmd="ignore" pos="DT">the</wf>
<wf cmd="tag" pos="NN">sending</wf>
<wf cmd="ignore" pos="IN">of</wf>
<wf cmd="tag" pos="NN">United_States</wf>
<wf cmd="tag" pos="NNS">soldiers</wf>
<wf cmd="ignore" pos="IN">for</wf>
<wf cmd="tag" pos="JJ">other_than</wf>
<wf cmd="tag" pos="JJ">instructional</wf>
<wf cmd="tag" pos="NNS">missions</wf>
<punc>.</punc>
</s>
<s snum="87">
<wf cmd="ignore" pos="DT">The</wf>
<wf cmd="tag" pos="NNP">Indochina</wf>
<wf cmd="tag" pos="NN">struggle</wf>
<wf cmd="done" pos="VB" lemma="be" wnsn="1" lexsn="2:42:03::">was</wf>
<wf cmd="ignore" pos="DT">a</wf>
<wf cmd="tag" pos="NN">war</wf>
<wf cmd="ignore" pos="TO">to</wf>
<wf cmd="done" pos="VB" lemma="stay" wnsn="4" lexsn="2:42:02::">stay</wf>
<wf cmd="ignore" pos="IN">out</wf>
<wf cmd="ignore" pos="IN">of</wf>
<wf cmd="ignore" pos="IN">in</wf>
<wf cmd="tag" pos="CD">1954</wf>
<punc>,</punc>
<wf cmd="ignore" pos="WRB">when</wf>
<wf cmd="tag" pos="NNP">Gen._Ridgway</wf>
<wf cmd="done" pos="VB" lemma="estimate" wnsn="2" lexsn="2:31:01::">estimated</wf>
<wf cmd="ignore" pos="PRP">it</wf>
<wf cmd="ignore" pos="MD">would</wf>
<wf cmd="done" pos="VB" lemma="take" wnsn="14" lexsn="2:42:00::">take</wf>
<wf cmd="ignore" pos="DT">a</wf>
<wf cmd="tag" pos="NN">minimum</wf>
<wf cmd="ignore" pos="IN">of</wf>
<wf cmd="tag" pos="CD">10</wf>
<wf cmd="ignore" pos="TO">to</wf>
<wf cmd="tag" pos="CD">15</wf>
<wf cmd="tag" pos="NNS">divisions</wf>
<wf cmd="ignore" pos="IN">at</wf>
<wf cmd="ignore" pos="DT">the</wf>
<wf cmd="tag" pos="NN">outset</wf>
<wf cmd="ignore" pos="TO">to</wf>
<wf cmd="done" pos="VB" lemma="win" wnsn="1" lexsn="2:33:00::">win</wf>
<wf cmd="ignore" pos="DT">a</wf>
<wf cmd="tag" pos="NN">war</wf>
<wf cmd="tag" pos="NN">the_French</wf>
<wf cmd="done" pos="VBD" ot="notag">were</wf>
<wf cmd="done" pos="VB" lemma="lose" wnsn="2" lexsn="2:33:00::">losing</wf>
<punc>.</punc>
</s>
<s snum="88">
<wf cmd="ignore" pos="PRP">It</wf>
<wf cmd="done" pos="VB" lemma="be" wnsn="1" lexsn="2:42:03::">is</wf>
<wf cmd="ignore" pos="DT">a</wf>
<wf cmd="tag" pos="NN">war</wf>
<wf cmd="ignore" pos="TO">to</wf>
<wf cmd="done" pos="VB" lemma="stay" wnsn="4" lexsn="2:42:02::">stay</wf>
<wf cmd="ignore" pos="IN">out</wf>
<wf cmd="ignore" pos="IN">of</wf>
<wf cmd="tag" pos="NN">today</wf>
<punc>,</punc>
<wf cmd="tag" pos="RB">especially</wf>
<wf cmd="tag" pos="JJ">in_view</wf>
<wf cmd="ignore" pos="IN">of</wf>
<wf cmd="ignore" pos="DT">the</wf>
<wf cmd="tag" pos="NN">fact</wf>
<wf cmd="ignore" pos="IN">that</wf>
<wf cmd="tag" pos="NNP">President_Ngo_Dinh_Diem</wf>
<wf cmd="tag" pos="RB">apparently</wf>
<wf cmd="done" pos="VBZ" ot="notag">does</wf>
<wf cmd="tag" pos="RB">not</wf>
<wf cmd="done" pos="VB" lemma="want" wnsn="1" lexsn="2:37:00::">want</wf>
<wf cmd="tag" pos="NN">United_States</wf>
<wf cmd="tag" pos="NNS">troops</wf>
<punc>.</punc>
</s>
<s snum="89">
<wf cmd="ignore" pos="PRP">He</wf>
<wf cmd="ignore" pos="MD">may</wf>
<wf cmd="done" pos="VB" lemma="want" wnsn="1" lexsn="2:37:00::">want</wf>
<wf cmd="tag" pos="JJ">additional</wf>
<wf cmd="tag" pos="JJ">technical</wf>
<wf cmd="tag" pos="NN">help</wf>
<punc>,</punc>
<wf cmd="ignore" pos="CC">and</wf>
<wf cmd="ignore" pos="DT">this</wf>
<wf cmd="ignore" pos="MD">should</wf>
<wf cmd="done" pos="VB" lemma="be" wnsn="1" lexsn="2:42:03::">be</wf>
<wf cmd="tag" pos="JJ">forthcoming</wf>
<punc>.</punc>
</s>
<s snum="90">
<wf cmd="tag" pos="NNP">South</wf>
<wf cmd="tag" pos="NN">Viet_Nam</wf>
<wf cmd="done" pos="VBZ" ot="notag">has</wf>
<wf cmd="done" pos="VB" lemma="receive" wnsn="1" lexsn="2:40:00::">received</wf>
<punc>$</punc>
<wf cmd="tag" pos="CD">1450000000</wf>
<wf cmd="ignore" pos="IN">in</wf>
<wf cmd="tag" pos="NN">United_States</wf>
<wf cmd="tag" pos="NN">aid</wf>
<wf cmd="ignore" pos="IN">since</wf>
<wf cmd="tag" pos="CD">1954</wf>
<wf cmd="ignore" pos="CC">and</wf>
<wf cmd="ignore" pos="DT">the</wf>
<wf cmd="tag" pos="NN">rate</wf>
<wf cmd="ignore" pos="IN">of</wf>
<wf cmd="tag" pos="NN">assistance</wf>
<wf cmd="done" pos="VBZ" ot="notag">has</wf>
<wf cmd="done" pos="VBN" ot="notag">been</wf>
<wf cmd="done" pos="VB" lemma="step_up" wnsn="1" lexsn="2:30:00::">stepped_up</wf>
<wf cmd="ignore" pos="IN">since</wf>
<wf cmd="tag" pos="NN">Vice_President</wf>
<wf cmd="tag" pos="NNP">Lyndon_B._Johnson</wf>
<wf cmd="ignore" pos="POS">'s</wf>
<wf cmd="tag" pos="NN">visit</wf>
<wf cmd="tag" pos="JJ">last</wf>
<wf cmd="tag" pos="NNP">May</wf>
<punc>.</punc>
</s>
</p>
<p pnum="30">
<s snum="91">
<wf cmd="tag" pos="NNP">Gen._Taylor</wf>
<punc>,</punc>
<wf cmd="ignore" pos="DT">the</wf>
<wf cmd="tag" pos="NNP">President</wf>
<wf cmd="ignore" pos="POS">'s</wf>
<wf cmd="tag" pos="JJ">special</wf>
<wf cmd="tag" pos="JJ">military</wf>
<wf cmd="tag" pos="NN">adviser</wf>
<punc>,</punc>
<wf cmd="done" pos="VB" lemma="be" wnsn="1" lexsn="2:42:03::">is</wf>
<wf cmd="ignore" pos="DT">a</wf>
<wf cmd="tag" pos="JJ">level-headed</wf>
<wf cmd="tag" pos="NN">officer</wf>
<wf cmd="ignore" pos="WP">who</wf>
<wf cmd="done" pos="VB" lemma="be" wnsn="1" lexsn="2:42:03::">is</wf>
<wf cmd="tag" pos="RB">not</wf>
<wf cmd="tag" pos="JJ">likely</wf>
<wf cmd="ignore" pos="TO">to</wf>
<wf cmd="done" pos="VB" lemma="succumb" wnsn="1" lexsn="2:32:00::">succumb</wf>
<wf cmd="ignore" pos="TO">to</wf>
<wf cmd="tag" pos="NN">propaganda</wf>
<wf cmd="ignore" pos="CC">or</wf>
<wf cmd="tag" pos="NN">pressure</wf>
<punc>.</punc>
</s>
<s snum="92">
<wf cmd="ignore" pos="PRP">It</wf>
<wf cmd="done" pos="VB" lemma="be" wnsn="1" lexsn="2:42:03::">is</wf>
<wf cmd="tag" pos="JJ">probable</wf>
<wf cmd="ignore" pos="IN">that</wf>
<wf cmd="ignore" pos="PRP$">his</wf>
<wf cmd="tag" pos="NNS">recommendations</wf>
<wf cmd="ignore" pos="MD">will</wf>
<wf cmd="done" pos="VB" lemma="be" wnsn="1" lexsn="2:42:03::">be</wf>
<wf cmd="tag" pos="JJ">informed</wf>
<wf cmd="ignore" pos="CC">and</wf>
<wf cmd="tag" pos="JJ">workable</wf>
<punc>,</punc>
<wf cmd="ignore" pos="CC">and</wf>
<wf cmd="ignore" pos="IN">that</wf>
<wf cmd="ignore" pos="PRP">they</wf>
<wf cmd="ignore" pos="MD">will</wf>
<wf cmd="tag" pos="RB">not</wf>
<wf cmd="done" pos="VB" lemma="lead" wnsn="2" lexsn="2:42:04::">lead</wf>
<wf cmd="done" pos="VB" ot="notag">to</wf>
<wf cmd="done" pos="VB" lemma="involve" wnsn="2" lexsn="2:42:04::">involving</wf>
<wf cmd="ignore" pos="DT">the</wf>
<wf cmd="tag" pos="NN">United_States</wf>
<wf cmd="ignore" pos="IN">in</wf>
<wf cmd="ignore" pos="DT">an</wf>
<wf cmd="tag" pos="JJ">Asian</wf>
<wf cmd="tag" pos="NN">morass</wf>
<punc>.</punc>
</s>
</p>
<p pnum="31">
<s snum="93">
<wf cmd="tag" pos="NNP">Gov._John_M._Dalton</wf>
<punc>,</punc>
<wf cmd="ignore" pos="PRP">himself</wf>
<wf cmd="ignore" pos="DT">a</wf>
<wf cmd="tag" pos="NN">lawyer</wf>
<wf cmd="ignore" pos="CC">and</wf>
<wf cmd="ignore" pos="DT">a</wf>
<wf cmd="tag" pos="NN">man</wf>
<wf cmd="ignore" pos="IN">of</wf>
<wf cmd="tag" pos="JJ">long</wf>
<wf cmd="tag" pos="NN">service</wf>
<wf cmd="ignore" pos="IN">in</wf>
<wf cmd="tag" pos="NN">government</wf>
<punc>,</punc>
<wf cmd="done" pos="VB" lemma="speak" wnsn="4" lexsn="2:32:03::">spoke</wf>
<wf cmd="ignore" pos="IN">with</wf>
<wf cmd="tag" pos="JJ">rich</wf>
<wf cmd="tag" pos="NN">background</wf>
<wf cmd="ignore" pos="CC">and</wf>
<wf cmd="tag" pos="NN">experience</wf>
<wf cmd="ignore" pos="WRB">when</wf>
<wf cmd="ignore" pos="PRP">he</wf>
<wf cmd="done" pos="VB" lemma="say" wnsn="1" lexsn="2:32:00::">said</wf>
<wf cmd="ignore" pos="IN">in</wf>
<wf cmd="ignore" pos="DT">an</wf>
<wf cmd="tag" pos="NN">address</wf>
<wf cmd="tag" pos="RB">here</wf>
<wf cmd="ignore" pos="IN">that</wf>
<wf cmd="tag" pos="NNS">lawyers</wf>
<wf cmd="done" pos="VB" ot="notag">ought</wf>
<wf cmd="done" pos="VB" ot="notag">to</wf>
<wf cmd="done" pos="VB" lemma="quit" wnsn="1" lexsn="2:42:04::">quit</wf>
<wf cmd="done" pos="VB" lemma="sit" wnsn="4" lexsn="2:38:01::">sitting</wf>
<wf cmd="ignore" pos="IN">in</wf>
<wf cmd="ignore" pos="DT">the</wf>
<wf cmd="tag" pos="NNP">Missouri</wf>
<wf cmd="tag" pos="NN">General_Assembly</wf>
<punc>,</punc>
<wf cmd="ignore" pos="CC">or</wf>
<wf cmd="done" pos="VB" lemma="quit" wnsn="1" lexsn="2:42:04::">quit</wf>
<wf cmd="done" pos="VB" lemma="accept" wnsn="2" lexsn="2:40:00::">accepting</wf>
<wf cmd="tag" pos="NNS">fees</wf>
<wf cmd="ignore" pos="IN">from</wf>
<wf cmd="tag" pos="NNS">individuals</wf>
<wf cmd="ignore" pos="CC">and</wf>
<wf cmd="tag" pos="NNS">corporations</wf>
<wf cmd="ignore" pos="WP">who</wf>
<wf cmd="done" pos="VB" lemma="have" wnsn="1" lexsn="2:40:00::">have</wf>
<wf cmd="tag" pos="NNS">controversies</wf>
<wf cmd="tag" pos="RB">with</wf>
<wf cmd="ignore" pos="CC">or</wf>
<wf cmd="tag" pos="NNS">axes_to_grind</wf>
<wf cmd="ignore" pos="IN">with</wf>
<wf cmd="ignore" pos="DT">the</wf>
<wf cmd="tag" pos="NN">government</wf>
<wf cmd="ignore" pos="CC">and</wf>
<wf cmd="ignore" pos="WP">who</wf>
<wf cmd="done" pos="VBP" ot="notag">are</wf>
<wf cmd="done" pos="VB" lemma="retain" wnsn="0" lexsn="2:41:00::">retained</wf>
<punc>,</punc>
<wf cmd="tag" pos="RB">not</wf>
<wf cmd="ignore" pos="IN">because</wf>
<wf cmd="ignore" pos="IN">of</wf>
<wf cmd="ignore" pos="PRP$">their</wf>
<wf cmd="tag" pos="JJ">legal</wf>
<wf cmd="tag" pos="NNS">talents</wf>
<punc>,</punc>
<wf cmd="ignore" pos="CC">but</wf>
<wf cmd="ignore" pos="IN">because</wf>
<wf cmd="ignore" pos="IN">of</wf>
<wf cmd="ignore" pos="PRP$">their</wf>
<wf cmd="tag" pos="NN">government</wf>
<wf cmd="tag" pos="NN">influence</wf>
<punc>.</punc>
</s>
</p>
</context>
</contextfile>
