<contextfile concordance="brown">
<context filename="br-b05" paras="yes">
<p pnum="1">
<s snum="1">
<wf cmd="ignore" pos="IN">If</wf>
<wf cmd="tag" pos="DT">THE</wf>
<wf cmd="tag" pos="NN">Dominican_Republic</wf>
<wf cmd="done" pos="VB" lemma="achieve" wnsn="1" lexsn="2:41:00::">achieves</wf>
<wf cmd="tag" pos="JJ">free</wf>
<punc>,</punc>
<wf cmd="tag" pos="JJ">democratic</wf>
<wf cmd="tag" pos="NN">government</wf>
<punc>,</punc>
<wf cmd="ignore" pos="PRP">it</wf>
<wf cmd="ignore" pos="MD">will</wf>
<wf cmd="done" pos="VB" lemma="be_due" wnsn="1" lexsn="2:42:00::">be_due</wf>
<wf cmd="ignore" pos="IN">in</wf>
<wf cmd="tag" pos="JJ">large</wf>
<wf cmd="tag" pos="NN">part</wf>
<wf cmd="ignore" pos="TO">to</wf>
<wf cmd="ignore" pos="DT">the</wf>
<wf cmd="tag" pos="NNP">U._S.</wf>
<wf cmd="tag" pos="NN">show</wf>
<wf cmd="ignore" pos="IN">of</wf>
<wf cmd="tag" pos="NN">force</wf>
<wf cmd="ignore" pos="WDT">that</wf>
<wf cmd="done" pos="VB" lemma="enable" wnsn="1" lexsn="2:30:00::">enabled</wf>
<wf cmd="tag" pos="NNP">President_Balaguer</wf>
<wf cmd="ignore" pos="TO">to</wf>
<wf cmd="done" pos="VB" lemma="prevent" wnsn="1" lexsn="2:41:01::">prevent</wf>
<wf cmd="ignore" pos="DT">a</wf>
<wf cmd="tag" pos="JJ">threatened</wf>
<wf cmd="tag" pos="NN">restoration</wf>
<wf cmd="ignore" pos="IN">of</wf>
<wf cmd="tag" pos="NNP">Trujillo</wf>
<wf cmd="tag" pos="NN">dictatorship</wf>
<punc>.</punc>
</s>
</p>
<p pnum="2">
<s snum="2">
<wf cmd="tag" pos="RB">Outwardly</wf>
<punc>,</punc>
<wf cmd="tag" pos="NNP">Ciudad_Trujillo</wf>
<wf cmd="done" pos="VB" lemma="be" wnsn="1" lexsn="2:42:03::">is</wf>
<wf cmd="tag" pos="JJ">calm</wf>
<punc>.</punc>
</s>
<s snum="3">
<wf cmd="tag" pos="NN">None</wf>
<wf cmd="ignore" pos="IN">of</wf>
<wf cmd="ignore" pos="DT">the</wf>
<wf cmd="tag" pos="NNP">Trujillo</wf>
<wf cmd="tag" pos="NN">family</wf>
<wf cmd="done" pos="VB" lemma="remain" wnsn="3" lexsn="2:42:05::">remains</wf>
<punc>.</punc>
</s>
<s snum="4">
<wf cmd="tag" pos="NNP">Mr._Balaguer</wf>
<wf cmd="done" pos="VB" lemma="be" wnsn="1" lexsn="2:42:03::">is</wf>
<wf cmd="done" pos="VB" ot="notag">in</wf>
<wf cmd="tag" pos="NN">control</wf>
<punc>,</punc>
<wf cmd="ignore" pos="CC">and</wf>
<wf cmd="tag" pos="NN">opposition</wf>
<wf cmd="tag" pos="NNS">leaders</wf>
<wf cmd="done" pos="VB" lemma="have" wnsn="4" lexsn="2:40:04::">have</wf>
<wf cmd="ignore" pos="DT">no</wf>
<wf cmd="tag" pos="JJ">further</wf>
<wf cmd="tag" pos="NN">excuse</wf>
<wf cmd="ignore" pos="TO">to</wf>
<wf cmd="done" pos="VB" lemma="suspect" wnsn="0" lexsn="2:32:01::">suspect</wf>
<wf cmd="ignore" pos="PRP$">his</wf>
<wf cmd="tag" pos="NN">offer</wf>
<wf cmd="ignore" pos="IN">of</wf>
<wf cmd="ignore" pos="DT">a</wf>
<wf cmd="tag" pos="NN">coalition</wf>
<wf cmd="tag" pos="NN">government</wf>
<wf cmd="tag" pos="JJ">preliminary</wf>
<wf cmd="ignore" pos="TO">to</wf>
<wf cmd="tag" pos="JJ">free</wf>
<wf cmd="tag" pos="NNS">elections</wf>
<wf cmd="ignore" pos="IN">in</wf>
<wf cmd="ignore" pos="DT">the</wf>
<wf cmd="tag" pos="NN">spring</wf>
<punc>.</punc>
</s>
</p>
<p pnum="3">
<s snum="5">
<wf cmd="done" pos="VBN" ot="notag">Had</wf>
<wf cmd="tag" pos="NNP">U._S.</wf>
<wf cmd="tag" pos="NNS">warships</wf>
<wf cmd="tag" pos="RB">not</wf>
<wf cmd="done" pos="VB" lemma="appear" wnsn="2" lexsn="2:30:00::">appeared</wf>
<wf cmd="ignore" pos="IN">off</wf>
<wf cmd="ignore" pos="DT">the</wf>
<wf cmd="tag" pos="NNP">Dominican</wf>
<wf cmd="tag" pos="NN">coast</wf>
<punc>,</punc>
<wf cmd="ignore" pos="EX">there</wf>
<wf cmd="done" pos="VB" ot="notag">is</wf>
<wf cmd="ignore" pos="DT">every</wf>
<wf cmd="tag" pos="NN">possibility</wf>
<wf cmd="ignore" pos="IN">that</wf>
<wf cmd="ignore" pos="DT">the</wf>
<wf cmd="tag" pos="NN">country</wf>
<wf cmd="ignore" pos="MD">would</wf>
<wf cmd="tag" pos="RB">now</wf>
<wf cmd="done" pos="VB" ot="notag">be</wf>
<wf cmd="done" pos="VB" lemma="wrack" wnsn="1" lexsn="2:35:00::">wracked</wf>
<wf cmd="ignore" pos="IN">by</wf>
<wf cmd="tag" pos="NN">civil_war</wf>
<punc>.</punc>
</s>
<s snum="6">
<wf cmd="tag" pos="RB">Ultimately</wf>
<wf cmd="ignore" pos="DT">either</wf>
<wf cmd="ignore" pos="DT">the</wf>
<wf cmd="tag" pos="NNPS">Trujillos</wf>
<wf cmd="ignore" pos="MD">would</wf>
<wf cmd="done" pos="VB" ot="notag">have</wf>
<wf cmd="done" pos="VBN" ot="notag">been</wf>
<wf cmd="done" pos="VB" lemma="return" wnsn="1" lexsn="2:38:00::">returned</wf>
<wf cmd="done" pos="VB" ot="notag">to</wf>
<wf cmd="tag" pos="NN">power</wf>
<wf cmd="ignore" pos="CC">or</wf>
<wf cmd="ignore" pos="DT">the</wf>
<wf cmd="tag" pos="NN">conflict</wf>
<wf cmd="ignore" pos="MD">would</wf>
<wf cmd="done" pos="VB" ot="notag">have</wf>
<wf cmd="done" pos="VB" lemma="produce" wnsn="3" lexsn="2:36:03::">produced</wf>
<wf cmd="tag" pos="NNS">conditions</wf>
<wf cmd="tag" pos="JJ">favorable</wf>
<wf cmd="ignore" pos="TO">to</wf>
<wf cmd="ignore" pos="DT">a</wf>
<wf cmd="tag" pos="NN">takeover</wf>
<wf cmd="ignore" pos="IN">by</wf>
<wf cmd="tag" pos="NNP">Dominican</wf>
<wf cmd="tag" pos="NNS">elements</wf>
<wf cmd="tag" pos="JJ">responsive</wf>
<wf cmd="ignore" pos="TO">to</wf>
<wf cmd="tag" pos="NNP">Castro</wf>
<wf cmd="ignore" pos="IN">in</wf>
<wf cmd="tag" pos="NNP">Cuba</wf>
<punc>.</punc>
</s>
</p>
<p pnum="4">
<s snum="7">
<wf cmd="ignore" pos="IN">Within</wf>
<wf cmd="ignore" pos="DT">the</wf>
<wf cmd="tag" pos="NN">Organization_of_American_States</wf>
<punc>,</punc>
<wf cmd="ignore" pos="EX">there</wf>
<wf cmd="ignore" pos="MD">may</wf>
<wf cmd="done" pos="VB" lemma="be" wnsn="5" lexsn="2:42:04::">be</wf>
<wf cmd="ignore" pos="DT">some</wf>
<wf cmd="tag" pos="NN">criticism</wf>
<wf cmd="tag" pos="RB">of_this</wf>
<wf cmd="tag" pos="JJ">unilateral</wf>
<wf cmd="tag" pos="NNP">American</wf>
<wf cmd="tag" pos="NN">intervention</wf>
<wf cmd="ignore" pos="WDT">which</wf>
<wf cmd="done" pos="VB" lemma="be" wnsn="1" lexsn="2:42:03::">was</wf>
<wf cmd="tag" pos="RB">not</wf>
<wf cmd="ignore" pos="IN">without</wf>
<wf cmd="tag" pos="NN">risk</wf>
<wf cmd="tag" pos="RB">obviously</wf>
<punc>.</punc>
</s>
<s snum="8">
<wf cmd="ignore" pos="CC">But</wf>
<wf cmd="ignore" pos="EX">there</wf>
<wf cmd="done" pos="VB" lemma="be" wnsn="1" lexsn="2:42:03::">was</wf>
<wf cmd="ignore" pos="DT">no</wf>
<wf cmd="tag" pos="NN">complaint</wf>
<wf cmd="ignore" pos="IN">from</wf>
<wf cmd="ignore" pos="DT">the</wf>
<wf cmd="tag" pos="NNP">Dominican</wf>
<wf cmd="tag" pos="NNS">crowds</wf>
<wf cmd="ignore" pos="WDT">which</wf>
<wf cmd="done" pos="VB" lemma="line" wnsn="1" lexsn="2:42:00::">lined</wf>
<wf cmd="tag" pos="NNP">Ciudad_Trujillo</wf>
<wf cmd="ignore" pos="POS">'s</wf>
<wf cmd="tag" pos="NN">waterfront</wf>
<wf cmd="done" pos="VB" lemma="shout" wnsn="2" lexsn="2:32:01::">shouting</wf>
<punc>,</punc>
<punc>``</punc>
<wf cmd="ignore" pos="FW">Vive</wf>
<wf cmd="tag" pos="NNP">Yankees</wf>
<punc>''</punc>
<punc>!</punc>
</s>
<s snum="9">
<wf cmd="tag" pos="RBR">More</wf>
<punc>,</punc>
<wf cmd="ignore" pos="DT">the</wf>
<wf cmd="tag" pos="NNP">U._S.</wf>
<wf cmd="tag" pos="NN">action</wf>
<wf cmd="done" pos="VBD" ot="notag">was</wf>
<wf cmd="done" pos="VB" lemma="hail" wnsn="1" lexsn="2:32:02::">hailed</wf>
<wf cmd="ignore" pos="IN">by</wf>
<wf cmd="ignore" pos="DT">a</wf>
<wf cmd="tag" pos="JJ">principal</wf>
<wf cmd="tag" pos="NN">opposition</wf>
<wf cmd="tag" pos="NN">leader</wf>
<punc>,</punc>
<wf cmd="tag" pos="NNP">Dr._Juan_Bosch</wf>
<punc>,</punc>
<wf cmd="ignore" pos="IN">as</wf>
<wf cmd="done" pos="VBG" ot="notag">having</wf>
<wf cmd="done" pos="VB" lemma="save" wnsn="1" lexsn="2:41:01::">saved</wf>
<punc>``</punc>
<wf cmd="tag" pos="JJ">many</wf>
<wf cmd="tag" pos="NNS">lives</wf>
<wf cmd="ignore" pos="CC">and</wf>
<wf cmd="tag" pos="JJ">many</wf>
<wf cmd="tag" pos="NNS">troubles</wf>
<wf cmd="ignore" pos="IN">in</wf>
<wf cmd="ignore" pos="DT">the</wf>
<wf cmd="tag" pos="JJ">near</wf>
<wf cmd="tag" pos="NN">future</wf>
<punc>''</punc>
<punc>.</punc>
</s>
</p>
<p pnum="5">
<s snum="10">
<wf cmd="tag" pos="NNP">Mr._Balaguer</wf>
<wf cmd="ignore" pos="POS">'s</wf>
<wf cmd="tag" pos="NNS">troubles</wf>
<wf cmd="done" pos="VB" lemma="be" wnsn="1" lexsn="2:42:03::">are</wf>
<wf cmd="tag" pos="RB">by_no_means</wf>
<wf cmd="tag" pos="RB">over</wf>
<punc>.</punc>
</s>
<s snum="11">
<wf cmd="ignore" pos="PRP">He</wf>
<wf cmd="ignore" pos="MD">will</wf>
<wf cmd="done" pos="VB" lemma="need" wnsn="1" lexsn="2:42:00::">need</wf>
<wf cmd="ignore" pos="DT">the</wf>
<wf cmd="tag" pos="NN">help</wf>
<wf cmd="ignore" pos="IN">of</wf>
<wf cmd="ignore" pos="DT">all</wf>
<wf cmd="tag" pos="NNP">OAS</wf>
<wf cmd="tag" pos="NNS">members</wf>
<wf cmd="ignore" pos="TO">to</wf>
<wf cmd="done" pos="VB" lemma="eradicate" wnsn="1" lexsn="2:30:00::">eradicate</wf>
<punc>,</punc>
<wf cmd="tag" pos="RB">finally</wf>
<punc>,</punc>
<wf cmd="ignore" pos="DT">the</wf>
<wf cmd="tag" pos="NNS">forces</wf>
<wf cmd="ignore" pos="IN">of</wf>
<wf cmd="tag" pos="NN">authoritarianism</wf>
<punc>,</punc>
<wf cmd="tag" pos="JJ">pro-Trujillo</wf>
<wf cmd="ignore" pos="CC">and</wf>
<wf cmd="tag" pos="JJ">pro-Castro</wf>
<wf cmd="tag" pos="RB">alike</wf>
<punc>.</punc>
</s>
<s snum="12">
<wf cmd="ignore" pos="IN">In</wf>
<wf cmd="done" pos="VB" lemma="cooperate" wnsn="1" lexsn="2:41:00::">cooperating</wf>
<wf cmd="ignore" pos="IN">toward</wf>
<wf cmd="ignore" pos="IN">that</wf>
<wf cmd="tag" pos="NN">objective</wf>
<punc>,</punc>
<wf cmd="tag" pos="NNP">OAS</wf>
<wf cmd="ignore" pos="MD">might</wf>
<wf cmd="done" pos="VB" lemma="move" wnsn="3" lexsn="2:38:00::">move</wf>
<wf cmd="ignore" pos="IN">with</wf>
<wf cmd="ignore" pos="DT">the</wf>
<wf cmd="tag" pos="NN">speed</wf>
<wf cmd="ignore" pos="CC">and</wf>
<wf cmd="tag" pos="NN">effectiveness</wf>
<wf cmd="done" pos="VB" lemma="demonstrate" wnsn="1" lexsn="2:39:01::">demonstrated</wf>
<wf cmd="ignore" pos="IN">by</wf>
<wf cmd="ignore" pos="DT">the</wf>
<wf cmd="tag" pos="NN">United_States</wf>
<punc>.</punc>
</s>
</p>
<p pnum="6">
<s snum="13">
<wf cmd="ignore" pos="DT">Those</wf>
<wf cmd="done" pos="VB" lemma="watch" wnsn="1" lexsn="2:39:00::">watching</wf>
<wf cmd="ignore" pos="DT">the</wf>
<wf cmd="tag" pos="JJ">growing</wf>
<wf cmd="tag" pos="NN">rivalry</wf>
<wf cmd="ignore" pos="IN">between</wf>
<wf cmd="tag" pos="NN">craft_unions</wf>
<wf cmd="ignore" pos="CC">and</wf>
<wf cmd="tag" pos="NN">industrial_unions</wf>
<wf cmd="ignore" pos="MD">may</wf>
<wf cmd="done" pos="VB" lemma="recognize" wnsn="2" lexsn="2:31:01::">recognize</wf>
<wf cmd="ignore" pos="PDT">all</wf>
<wf cmd="ignore" pos="DT">the</wf>
<wf cmd="tag" pos="NNS">pressures</wf>
<wf cmd="ignore" pos="IN">that</wf>
<wf cmd="done" pos="VB" lemma="lead" wnsn="3" lexsn="2:42:12::">led</wf>
<wf cmd="done" pos="VB" ot="notag">to</wf>
<wf cmd="ignore" pos="DT">the</wf>
<wf cmd="tag" pos="JJ">big</wf>
<wf cmd="tag" pos="NN">labor</wf>
<wf cmd="tag" pos="NN">split</wf>
<wf cmd="ignore" pos="IN">in</wf>
<wf cmd="tag" pos="CD">1935</wf>
<punc>.</punc>
</s>
</p>
<p pnum="7">
<s snum="14">
<wf cmd="tag" pos="RB">Now</wf>
<punc>,</punc>
<wf cmd="ignore" pos="IN">as</wf>
<wf cmd="tag" pos="RB">then</wf>
<punc>,</punc>
<wf cmd="ignore" pos="PRP">it</wf>
<wf cmd="done" pos="VB" lemma="be" wnsn="1" lexsn="2:42:03::">is</wf>
<wf cmd="ignore" pos="DT">a</wf>
<wf cmd="tag" pos="NN">matter</wf>
<wf cmd="ignore" pos="IN">of</wf>
<wf cmd="tag" pos="NNS">jobs</wf>
<punc>.</punc>
</s>
<s snum="15">
<wf cmd="tag" pos="NN">Craft_unions</wf>
<wf cmd="done" pos="VB" lemma="seek" wnsn="1" lexsn="2:40:00::">seek</wf>
<wf cmd="tag" pos="NN">work</wf>
<wf cmd="ignore" pos="IN">that</wf>
<wf cmd="tag" pos="NN">industrial_unions</wf>
<wf cmd="done" pos="VB" lemma="claim" wnsn="2" lexsn="2:40:00::">claim</wf>
<punc>,</punc>
<wf cmd="tag" pos="JJ">such_as</wf>
<wf cmd="tag" pos="NN">factory</wf>
<wf cmd="tag" pos="NN">maintenance</wf>
<punc>.</punc>
</s>
</p>
<p pnum="8">
<s snum="16">
<wf cmd="ignore" pos="DT">The</wf>
<wf cmd="tag" pos="NN">issue</wf>
<wf cmd="done" pos="VB" lemma="be" wnsn="1" lexsn="2:42:03::">was</wf>
<wf cmd="tag" pos="RB">sufficiently</wf>
<wf cmd="tag" pos="JJ">potent</wf>
<wf cmd="ignore" pos="IN">in</wf>
<wf cmd="tag" pos="CD">1935</wf>
<wf cmd="ignore" pos="TO">to</wf>
<wf cmd="done" pos="VB" lemma="spark" wnsn="1" lexsn="2:36:00::">spark</wf>
<wf cmd="tag" pos="NN">secession</wf>
<wf cmd="ignore" pos="IN">from</wf>
<wf cmd="ignore" pos="DT">the</wf>
<wf cmd="tag" pos="NNP">American_Federation</wf>
<wf cmd="ignore" pos="IN">of</wf>
<wf cmd="tag" pos="NNP">Labor</wf>
<wf cmd="ignore" pos="IN">of</wf>
<wf cmd="ignore" pos="PRP$">its</wf>
<wf cmd="tag" pos="NN">industrial_union</wf>
<wf cmd="tag" pos="NNS">members</wf>
<punc>.</punc>
</s>
<s snum="17">
<wf cmd="ignore" pos="DT">That</wf>
<wf cmd="tag" pos="NN">breach</wf>
<wf cmd="done" pos="VBD" ot="notag">was</wf>
<wf cmd="done" pos="VB" lemma="heal" wnsn="1" lexsn="2:30:00::">healed</wf>
<wf cmd="tag" pos="CD">20</wf>
<wf cmd="tag" pos="NNS">years</wf>
<wf cmd="tag" pos="RB">later</wf>
<wf cmd="ignore" pos="IN">by</wf>
<wf cmd="tag" pos="NN">merger</wf>
<wf cmd="ignore" pos="IN">of</wf>
<wf cmd="ignore" pos="DT">the</wf>
<wf cmd="tag" pos="NNP">American_Federation</wf>
<wf cmd="ignore" pos="IN">of</wf>
<wf cmd="tag" pos="NNP">Labor</wf>
<wf cmd="ignore" pos="CC">and</wf>
<wf cmd="ignore" pos="DT">the</wf>
<wf cmd="tag" pos="NNP">Congress</wf>
<wf cmd="ignore" pos="IN">of</wf>
<wf cmd="tag" pos="NNP">Industrial_Organizations</wf>
<punc>.</punc>
</s>
<s snum="18">
<wf cmd="ignore" pos="CC">Or</wf>
<wf cmd="ignore" pos="IN">that</wf>
<wf cmd="done" rdf="is" pos="VB" lemma="be" wnsn="1" lexsn="2:42:03::">'s</wf>
<wf cmd="ignore" pos="WP">what</wf>
<wf cmd="ignore" pos="PRP">it</wf>
<wf cmd="done" pos="VB" lemma="look_like" wnsn="1" lexsn="2:42:00::">looked_like</wf>
<wf cmd="tag" pos="RB">at_the_time</wf>
<punc>.</punc>
</s>
</p>
<p pnum="9">
<s snum="19">
<wf cmd="ignore" pos="CC">But</wf>
<wf cmd="tag" pos="NN">automation</wf>
<wf cmd="ignore" pos="CC">and</wf>
<wf cmd="ignore" pos="DT">the</wf>
<wf cmd="tag" pos="JJ">increasing</wf>
<wf cmd="tag" pos="NN">complexity</wf>
<wf cmd="ignore" pos="IN">of</wf>
<wf cmd="tag" pos="NNS">factories</wf>
<wf cmd="done" pos="VBZ" ot="notag">has</wf>
<wf cmd="done" pos="VB" lemma="renew" wnsn="1" lexsn="2:36:00::">renewed</wf>
<wf cmd="ignore" pos="DT">the</wf>
<wf cmd="tag" pos="NN">competition</wf>
<wf cmd="ignore" pos="IN">for</wf>
<wf cmd="tag" pos="NNS">jobs</wf>
<punc>.</punc>
</s>
<s snum="20">
<wf cmd="tag" pos="NNP">Walter_Reuther</wf>
<punc>,</punc>
<wf cmd="tag" pos="NN">leader</wf>
<wf cmd="ignore" pos="IN">of</wf>
<wf cmd="ignore" pos="DT">the</wf>
<wf cmd="tag" pos="NN">industrial_union</wf>
<wf cmd="tag" pos="NN">faction</wf>
<wf cmd="ignore" pos="IN">of</wf>
<wf cmd="ignore" pos="DT">the</wf>
<wf cmd="tag" pos="NN">AFL</wf>
<punc>-</punc>
<wf cmd="tag" pos="NNP">CIO</wf>
<punc>,</punc>
<wf cmd="done" pos="VB" lemma="say" wnsn="1" lexsn="2:32:00::">says</wf>
<wf cmd="ignore" pos="DT">another</wf>
<wf cmd="tag" pos="CD">two</wf>
<wf cmd="tag" pos="NNS">years</wf>
<wf cmd="tag" pos="RB">of_this</wf>
<wf cmd="tag" pos="NN">squabbling</wf>
<wf cmd="ignore" pos="MD">will</wf>
<wf cmd="done" pos="VB" lemma="be" wnsn="1" lexsn="2:42:03::">be</wf>
<wf cmd="tag" pos="JJ">disastrous</wf>
<wf cmd="ignore" pos="IN">for</wf>
<wf cmd="ignore" pos="DT">all</wf>
<wf cmd="tag" pos="NNP">American</wf>
<wf cmd="tag" pos="NN">labor</wf>
<punc>.</punc>
</s>
</p>
<p pnum="10">
<s snum="21">
<wf cmd="ignore" pos="IN">Whether</wf>
<wf cmd="ignore" pos="PRP">it</wf>
<wf cmd="ignore" pos="MD">could</wf>
<wf cmd="done" pos="VB" lemma="be" wnsn="1" lexsn="2:42:03::">be</wf>
<wf cmd="ignore" pos="IN">as</wf>
<wf cmd="tag" pos="JJ">disastrous</wf>
<wf cmd="ignore" pos="IN">for</wf>
<wf cmd="tag" pos="NNP">American</wf>
<wf cmd="tag" pos="NN">labor</wf>
<wf cmd="tag" pos="RB">as</wf>
<punc>,</punc>
<wf cmd="tag" pos="RB">say</wf>
<punc>,</punc>
<wf cmd="tag" pos="NNP">Jimmy_Hoffa</wf>
<wf cmd="ignore" pos="IN">of</wf>
<wf cmd="ignore" pos="DT">the</wf>
<wf cmd="tag" pos="NNPS">Teamsters</wf>
<punc>,</punc>
<wf cmd="done" pos="VB" lemma="be" wnsn="1" lexsn="2:42:03::">is</wf>
<wf cmd="ignore" pos="DT">a</wf>
<wf cmd="tag" pos="NN">matter</wf>
<wf cmd="ignore" pos="IN">of</wf>
<wf cmd="tag" pos="NN">conjecture</wf>
<punc>.</punc>
</s>
<s snum="22">
<wf cmd="ignore" pos="CC">But</wf>
<wf cmd="ignore" pos="DT">the</wf>
<wf cmd="tag" pos="JJ">jurisdictional</wf>
<wf cmd="tag" pos="NNS">disputes</wf>
<wf cmd="ignore" pos="IN">that</wf>
<wf cmd="done" pos="VB" lemma="result" wnsn="1" lexsn="2:42:00::">result</wf>
<wf cmd="ignore" pos="IN">from</wf>
<wf cmd="ignore" pos="DT">the</wf>
<wf cmd="tag" pos="JJ">craft-industrial</wf>
<wf cmd="tag" pos="NN">rivalry</wf>
<wf cmd="done" pos="VBP" ot="notag">do</wf>
<wf cmd="tag" pos="RB">not</wf>
<wf cmd="done" pos="VB" lemma="win" wnsn="2" lexsn="2:40:00::">win</wf>
<wf cmd="tag" pos="NNS">friends</wf>
<wf cmd="ignore" pos="IN">for</wf>
<wf cmd="tag" pos="NN">labor</wf>
<punc>.</punc>
</s>
</p>
<p pnum="11">
<s snum="23">
<wf cmd="done" pos="VB" lemma="engage" wnsn="2" lexsn="2:31:00::">Engaged</wf>
<wf cmd="tag" pos="RB">as_it_is</wf>
<wf cmd="ignore" pos="IN">in</wf>
<wf cmd="ignore" pos="DT">a</wf>
<wf cmd="tag" pos="NN">battle</wf>
<wf cmd="ignore" pos="IN">for</wf>
<wf cmd="tag" pos="NN">world</wf>
<wf cmd="tag" pos="NN">trade</wf>
<wf cmd="ignore" pos="IN">as</wf>
<wf cmd="ignore" pos="DT">a</wf>
<wf cmd="tag" pos="NN">condition</wf>
<wf cmd="ignore" pos="IN">of</wf>
<wf cmd="tag" pos="JJ">national</wf>
<wf cmd="tag" pos="NN">survival</wf>
<punc>,</punc>
<wf cmd="ignore" pos="DT">this</wf>
<wf cmd="tag" pos="NN">country</wf>
<wf cmd="ignore" pos="MD">can</wf>
<wf cmd="done" pos="VB" lemma="have" wnsn="4" lexsn="2:40:04::">have</wf>
<wf cmd="tag" pos="JJ">little</wf>
<wf cmd="tag" pos="NN">patience</wf>
<wf cmd="ignore" pos="IN">with</wf>
<wf cmd="tag" pos="NN">labor</wf>
<wf cmd="ignore" pos="POS">'s</wf>
<wf cmd="tag" pos="NN">family</wf>
<wf cmd="tag" pos="NNS">feuds</wf>
<punc>.</punc>
</s>
<s snum="24">
<wf cmd="ignore" pos="DT">The</wf>
<wf cmd="tag" pos="NN">concept</wf>
<wf cmd="tag" pos="RB">of</wf>
<wf cmd="tag" pos="NN">labor</wf>
<wf cmd="ignore" pos="IN">as</wf>
<wf cmd="ignore" pos="DT">a</wf>
<wf cmd="tag" pos="JJ">special</wf>
<wf cmd="tag" pos="NN">class</wf>
<wf cmd="done" pos="VB" lemma="be" wnsn="1" lexsn="2:42:03::">is</wf>
<wf cmd="tag" pos="JJ">outmoded</wf>
<punc>,</punc>
<wf cmd="ignore" pos="CC">and</wf>
<wf cmd="ignore" pos="IN">in</wf>
<wf cmd="ignore" pos="DT">the</wf>
<wf cmd="tag" pos="NN">task</wf>
<wf cmd="done" pos="VB" lemma="confront" wnsn="2" lexsn="2:32:00::">confronting</wf>
<wf cmd="tag" pos="NNP">America</wf>
<wf cmd="ignore" pos="IN">as</wf>
<wf cmd="tag" pos="NN">bastion</wf>
<wf cmd="ignore" pos="IN">of</wf>
<wf cmd="ignore" pos="DT">the</wf>
<wf cmd="tag" pos="NN">free_world</wf>
<punc>,</punc>
<wf cmd="tag" pos="NN">labor</wf>
<wf cmd="ignore" pos="MD">must</wf>
<wf cmd="done" pos="VB" lemma="learn" wnsn="1" lexsn="2:31:00::">learn</wf>
<wf cmd="ignore" pos="TO">to</wf>
<wf cmd="done" pos="VB" lemma="put" wnsn="1" lexsn="2:35:00::">put</wf>
<wf cmd="ignore" pos="DT">the</wf>
<wf cmd="tag" pos="JJ">national</wf>
<wf cmd="tag" pos="NN">interest</wf>
<wf cmd="tag" pos="JJ">first</wf>
<wf cmd="ignore" pos="IN">if</wf>
<wf cmd="ignore" pos="PRP">it</wf>
<wf cmd="done" pos="VB" ot="notag">is</wf>
<wf cmd="ignore" pos="PRP">itself</wf>
<wf cmd="ignore" pos="TO">to</wf>
<wf cmd="done" pos="VB" lemma="survive" wnsn="1" lexsn="2:42:01::">survive</wf>
<punc>.</punc>
</s>
</p>
<p pnum="12">
<s snum="25">
<wf cmd="ignore" pos="DT">The</wf>
<wf cmd="tag" pos="NNP">Army</wf>
<punc>,</punc>
<wf cmd="tag" pos="NNP">Navy</wf>
<wf cmd="ignore" pos="CC">and</wf>
<wf cmd="tag" pos="NN">Air_Force</wf>
<punc>,</punc>
<wf cmd="ignore" pos="IN">among</wf>
<wf cmd="tag" pos="NNS">others</wf>
<punc>,</punc>
<wf cmd="ignore" pos="MD">may</wf>
<wf cmd="done" pos="VB" lemma="question" wnsn="1" lexsn="2:32:01::">question</wf>
<wf cmd="tag" pos="NNP">Secretary_Freeman</wf>
<wf cmd="ignore" pos="POS">'s</wf>
<wf cmd="tag" pos="NN">claim</wf>
<wf cmd="ignore" pos="IN">that</wf>
<wf cmd="ignore" pos="DT">the</wf>
<wf cmd="tag" pos="JJ">high</wf>
<wf cmd="tag" pos="NN">estate</wf>
<wf cmd="ignore" pos="IN">of</wf>
<wf cmd="tag" pos="NN">United_States</wf>
<wf cmd="tag" pos="NN">agriculture</wf>
<wf cmd="done" pos="VB" lemma="be" wnsn="2" lexsn="2:42:06::">is</wf>
<wf cmd="ignore" pos="DT">the</wf>
<punc>``</punc>
<wf cmd="tag" pos="JJS">strongest</wf>
<wf cmd="tag" pos="NN">deterrent</wf>
<punc>''</punc>
<wf cmd="ignore" pos="TO">to</wf>
<wf cmd="ignore" pos="DT">the</wf>
<wf cmd="tag" pos="NN">spread</wf>
<wf cmd="ignore" pos="IN">of</wf>
<wf cmd="tag" pos="NN">communism</wf>
<punc>.</punc>
</s>
<s snum="26">
<wf cmd="ignore" pos="CC">But</wf>
<wf cmd="ignore" pos="DT">the</wf>
<wf cmd="tag" pos="NN">secretary</wf>
<wf cmd="done" pos="VB" lemma="insist" wnsn="1" lexsn="2:32:00::">insists</wf>
<wf cmd="ignore" pos="IN">that</wf>
<wf cmd="ignore" pos="DT">the</wf>
<wf cmd="tag" pos="NN">success</wf>
<wf cmd="ignore" pos="IN">of</wf>
<wf cmd="ignore" pos="DT">the</wf>
<wf cmd="tag" pos="NNP">American</wf>
<wf cmd="tag" pos="NN">farmer</wf>
<wf cmd="done" pos="VB" lemma="be" wnsn="1" lexsn="2:42:03::">is</wf>
<wf cmd="ignore" pos="DT">the</wf>
<punc>``</punc>
<wf cmd="tag" pos="JJS">greatest</wf>
<wf cmd="tag" pos="JJ">single</wf>
<wf cmd="tag" pos="NN">source</wf>
<wf cmd="ignore" pos="IN">of</wf>
<wf cmd="tag" pos="NN">strength</wf>
<punc>''</punc>
<wf cmd="ignore" pos="IN">in</wf>
<wf cmd="ignore" pos="DT">the</wf>
<wf cmd="tag" pos="NN">struggle</wf>
<wf cmd="ignore" pos="TO">to</wf>
<wf cmd="done" pos="VB" lemma="insure" wnsn="3" lexsn="2:32:00::">insure</wf>
<wf cmd="tag" pos="NN">freedom</wf>
<wf cmd="ignore" pos="IN">around</wf>
<wf cmd="ignore" pos="DT">the</wf>
<wf cmd="tag" pos="NN">world</wf>
<punc>.</punc>
</s>
</p>
<p pnum="13">
<s snum="27">
<wf cmd="tag" pos="NNP">Mr._Freeman</wf>
<wf cmd="done" pos="VB" lemma="say" wnsn="1" lexsn="2:32:00::">said</wf>
<wf cmd="ignore" pos="IN">that</wf>
<wf cmd="ignore" pos="IN">in</wf>
<wf cmd="tag" pos="JJ">many_of</wf>
<wf cmd="ignore" pos="DT">the</wf>
<wf cmd="tag" pos="NNS">countries</wf>
<wf cmd="ignore" pos="PRP">he</wf>
<wf cmd="done" pos="VB" lemma="visit" wnsn="2" lexsn="2:38:00::">visited</wf>
<wf cmd="ignore" pos="IN">on</wf>
<wf cmd="ignore" pos="DT">a</wf>
<wf cmd="tag" pos="JJ">recent</wf>
<wf cmd="tag" pos="NN">world</wf>
<wf cmd="tag" pos="NN">trade</wf>
<wf cmd="tag" pos="NN">trip</wf>
<wf cmd="tag" pos="NNS">people</wf>
<wf cmd="done" pos="VB" ot="notag">were</wf>
<wf cmd="tag" pos="RBR">more</wf>
<wf cmd="tag" pos="JJ">awed</wf>
<wf cmd="ignore" pos="IN">by</wf>
<wf cmd="tag" pos="NNP">America</wf>
<wf cmd="ignore" pos="POS">'s</wf>
<wf cmd="tag" pos="NN">capacity</wf>
<wf cmd="ignore" pos="TO">to</wf>
<wf cmd="done" pos="VB" lemma="produce" wnsn="5" lexsn="2:36:05::">produce</wf>
<wf cmd="tag" pos="NN">food</wf>
<wf cmd="tag" pos="NNS">surpluses</wf>
<wf cmd="ignore" pos="IN">than</wf>
<wf cmd="ignore" pos="IN">by</wf>
<wf cmd="ignore" pos="PRP$">our</wf>
<wf cmd="tag" pos="JJ">industrial</wf>
<wf cmd="tag" pos="NN">production</wf>
<punc>-</punc>
<wf cmd="ignore" pos="CC">or</wf>
<wf cmd="tag" pos="RB">even</wf>
<wf cmd="ignore" pos="IN">by</wf>
<wf cmd="ignore" pos="DT">the</wf>
<wf cmd="tag" pos="JJ">Soviet</wf>
<wf cmd="ignore" pos="POS">'s</wf>
<wf cmd="tag" pos="NNS">successes</wf>
<wf cmd="ignore" pos="IN">in</wf>
<wf cmd="tag" pos="NN">space</wf>
<punc>.</punc>
</s>
<s snum="28">
<wf cmd="ignore" pos="DT">This</wf>
<wf cmd="ignore" pos="MD">should</wf>
<wf cmd="tag" pos="RB">n't</wf>
<wf cmd="done" pos="VB" lemma="surprise" wnsn="1" lexsn="2:31:00::">surprise</wf>
<wf cmd="ignore" pos="DT">the</wf>
<wf cmd="tag" pos="NN">secretary</wf>
<punc>;</punc>
<wf cmd="tag" pos="NNP">American</wf>
<wf cmd="tag" pos="NNS">taxpayers</wf>
<wf cmd="done" pos="VBP" ot="notag">have</wf>
<wf cmd="done" pos="VBN" ot="notag">been</wf>
<wf cmd="done" pos="VB" lemma="impress" wnsn="2" lexsn="2:37:00::">impressed</wf>
<wf cmd="ignore" pos="IN">by</wf>
<wf cmd="ignore" pos="DT">the</wf>
<wf cmd="tag" pos="NNS">surpluses</wf>
<wf cmd="ignore" pos="IN">for</wf>
<wf cmd="ignore" pos="DT">a</wf>
<wf cmd="tag" pos="JJ">long</wf>
<punc>,</punc>
<wf cmd="tag" pos="NN">long_time</wf>
<punc>.</punc>
</s>
</p>
<p pnum="14">
<s snum="29">
<wf cmd="tag" pos="RB">In_fact</wf>
<punc>,</punc>
<wf cmd="ignore" pos="IN">over</wf>
<wf cmd="ignore" pos="DT">the</wf>
<wf cmd="tag" pos="NNS">years</wf>
<punc>,</punc>
<wf cmd="ignore" pos="DT">the</wf>
<wf cmd="tag" pos="NNP">American</wf>
<wf cmd="tag" pos="NN">farmer</wf>
<wf cmd="ignore" pos="POS">'s</wf>
<wf cmd="tag" pos="NN">capacity</wf>
<wf cmd="ignore" pos="TO">to</wf>
<wf cmd="done" pos="VB" lemma="overproduce" wnsn="1" lexsn="2:36:00::">over-produce</wf>
<wf cmd="done" pos="VBZ" ot="notag">has</wf>
<wf cmd="done" pos="VB" lemma="cost" wnsn="2" lexsn="2:42:01::">cost</wf>
<wf cmd="ignore" pos="DT">the</wf>
<wf cmd="tag" pos="NNS">taxpayers</wf>
<wf cmd="ignore" pos="DT">a</wf>
<wf cmd="tag" pos="JJ">large</wf>
<wf cmd="tag" pos="NN">dollar</wf>
<punc>.</punc>
</s>
<s snum="30">
<wf cmd="ignore" pos="CC">And</wf>
<wf cmd="tag" pos="RB">thus_far</wf>
<punc>,</punc>
<wf cmd="tag" pos="NNP">Mr._Freeman</wf>
<wf cmd="done" pos="VBZ" ot="notag">has</wf>
<wf cmd="done" pos="VB" lemma="offer" wnsn="3" lexsn="2:41:00::">offered</wf>
<wf cmd="tag" pos="RB">very</wf>
<wf cmd="tag" pos="JJ">little</wf>
<wf cmd="tag" pos="NN">relief</wf>
<punc>.</punc>
</s>
</p>
<p pnum="15">
<s snum="31">
<wf cmd="ignore" pos="DT">The</wf>
<wf cmd="tag" pos="CD">1961</wf>
<wf cmd="tag" pos="NN">feed_grain</wf>
<wf cmd="tag" pos="NN">program</wf>
<punc>,</punc>
<wf cmd="ignore" pos="WDT">which</wf>
<wf cmd="ignore" pos="DT">the</wf>
<wf cmd="tag" pos="NN">secretary</wf>
<wf cmd="done" pos="VB" lemma="sponsor" wnsn="2" lexsn="2:40:01::">sponsored</wf>
<punc>,</punc>
<wf cmd="done" pos="VBZ" ot="notag">has</wf>
<wf cmd="done" pos="VBN" ot="notag">been</wf>
<wf cmd="done" pos="VB" lemma="declare" wnsn="0" lexsn="2:32:02::">declared</wf>
<wf cmd="tag" pos="JJ">a_billion</wf>
<wf cmd="tag" pos="NN">dollar</wf>
<wf cmd="tag" pos="NN">fiasco</wf>
<punc>.</punc>
</s>
<s snum="32">
<wf cmd="ignore" pos="IN">In</wf>
<wf cmd="tag" pos="NN">exchange</wf>
<wf cmd="ignore" pos="IN">for</wf>
<wf cmd="tag" pos="JJR">higher</wf>
<wf cmd="tag" pos="NN">price_supports</wf>
<punc>,</punc>
<wf cmd="tag" pos="NNS">growers</wf>
<wf cmd="done" pos="VB" lemma="pledge" wnsn="1" lexsn="2:32:00::">pledged</wf>
<wf cmd="tag" pos="NN">reduction</wf>
<wf cmd="ignore" pos="IN">in</wf>
<wf cmd="tag" pos="JJ">planted</wf>
<wf cmd="tag" pos="NN">acreage</wf>
<punc>.</punc>
</s>
<s snum="33">
<wf cmd="ignore" pos="CC">But</wf>
<wf cmd="ignore" pos="DT">the</wf>
<wf cmd="tag" pos="NNS">farmers</wf>
<wf cmd="done" pos="VB" lemma="outsmart" wnsn="1" lexsn="2:33:00::">outsmarted</wf>
<wf cmd="tag" pos="NNP">Washington</wf>
<wf cmd="ignore" pos="IN">by</wf>
<wf cmd="done" pos="VB" lemma="shorten" wnsn="1" lexsn="2:30:01::">shortening</wf>
<wf cmd="ignore" pos="DT">the</wf>
<wf cmd="tag" pos="NN">distance</wf>
<wf cmd="ignore" pos="IN">between</wf>
<wf cmd="ignore" pos="DT">the</wf>
<wf cmd="tag" pos="NNS">rows</wf>
<wf cmd="ignore" pos="CC">and</wf>
<wf cmd="done" pos="VB" lemma="pour" wnsn="1" lexsn="2:38:03::">pouring</wf>
<wf cmd="ignore" pos="IN">on</wf>
<wf cmd="ignore" pos="DT">the</wf>
<wf cmd="tag" pos="NN">fertilizer</wf>
<punc>.</punc>
</s>
</p>
<p pnum="16">
<s snum="34">
<wf cmd="ignore" pos="DT">The</wf>
<wf cmd="tag" pos="NN">result</wf>
<punc>:</punc>
<punc>$</punc>
<wf cmd="tag" pos="CD">1.1</wf>
<wf cmd="tag" pos="CD">billion</wf>
<wf cmd="done" pos="VB" lemma="add" wnsn="1" lexsn="2:30:00::">added</wf>
<wf cmd="ignore" pos="TO">to</wf>
<wf cmd="ignore" pos="DT">the</wf>
<wf cmd="tag" pos="NN">deficit</wf>
<wf cmd="ignore" pos="IN">in</wf>
<wf cmd="ignore" pos="DT">the</wf>
<wf cmd="tag" pos="JJ">federal</wf>
<wf cmd="tag" pos="NN">budget</wf>
<punc>.</punc>
</s>
<s snum="35">
<wf cmd="tag" pos="RB">Perhaps</wf>
<punc>,</punc>
<wf cmd="ignore" pos="IN">as</wf>
<wf cmd="tag" pos="NNP">Mr._Freeman</wf>
<wf cmd="done" pos="VB" lemma="say" wnsn="2" lexsn="2:32:01::">says</wf>
<punc>,</punc>
<wf cmd="tag" pos="NNP">American</wf>
<wf cmd="tag" pos="NN">agriculture</wf>
<wf cmd="ignore" pos="MD">may</wf>
<wf cmd="done" pos="VB" lemma="stop" wnsn="3" lexsn="2:41:00::">stop</wf>
<wf cmd="ignore" pos="DT">the</wf>
<wf cmd="tag" pos="NNPS">Communists</wf>
<punc>,</punc>
<wf cmd="ignore" pos="CC">but</wf>
<wf cmd="ignore" pos="PRP">it</wf>
<wf cmd="done" pos="VBZ" ot="notag">is</wf>
<wf cmd="tag" pos="RB">also</wf>
<wf cmd="done" pos="VB" lemma="swindle" wnsn="1" lexsn="2:41:00::">swindling</wf>
<wf cmd="ignore" pos="DT">the</wf>
<wf cmd="tag" pos="NNP">American</wf>
<wf cmd="tag" pos="NN">taxpayer</wf>
<punc>.</punc>
</s>
</p>
<p pnum="17">
<s snum="36">
<wf cmd="ignore" pos="DT">A</wf>
<wf cmd="tag" pos="NNP">Senate</wf>
<wf cmd="tag" pos="NN">subcommittee</wf>
<wf cmd="done" pos="VB" lemma="head" wnsn="2" lexsn="2:41:00::">headed</wf>
<wf cmd="ignore" pos="IN">by</wf>
<wf cmd="tag" pos="NNP">Sen._Jackson</wf>
<wf cmd="ignore" pos="IN">of</wf>
<wf cmd="tag" pos="NNP">Washington</wf>
<wf cmd="done" pos="VBZ" ot="notag">has</wf>
<wf cmd="done" pos="VBN" ot="notag">been</wf>
<wf cmd="done" pos="VB" lemma="go_over" wnsn="1" lexsn="2:31:00::">going_over</wf>
<wf cmd="ignore" pos="DT">the</wf>
<wf cmd="tag" pos="NN">State_Department</wf>
<wf cmd="ignore" pos="CC">and</wf>
<wf cmd="done" pos="VBZ" ot="notag">has</wf>
<wf cmd="done" pos="VB" lemma="reach" wnsn="7" lexsn="2:38:06::">reached</wf>
<wf cmd="ignore" pos="DT">some</wf>
<wf cmd="tag" pos="JJ">predictable</wf>
<wf cmd="tag" pos="NNS">conclusions</wf>
<punc>.</punc>
</s>
<s snum="37">
<wf cmd="ignore" pos="DT">The</wf>
<wf cmd="tag" pos="NN">department</wf>
<wf cmd="done" pos="VB" lemma="need" wnsn="1" lexsn="2:42:00::">needs</wf>
<wf cmd="ignore" pos="DT">a</wf>
<wf cmd="tag" pos="JJR">clearer</wf>
<punc>``</punc>
<wf cmd="tag" pos="NN">sense_of_direction</wf>
<punc>''</punc>
<wf cmd="ignore" pos="IN">at</wf>
<wf cmd="ignore" pos="DT">the</wf>
<wf cmd="tag" pos="JJ">top</wf>
<wf cmd="ignore" pos="CC">and</wf>
<wf cmd="ignore" pos="PRP">it</wf>
<wf cmd="done" pos="VB" lemma="need" wnsn="1" lexsn="2:42:00::">needs</wf>
<wf cmd="tag" pos="JJR">fewer</wf>
<punc>,</punc>
<wf cmd="ignore" pos="CC">but</wf>
<wf cmd="tag" pos="JJR">better</wf>
<punc>,</punc>
<wf cmd="tag" pos="NNS">people</wf>
<punc>,</punc>
<wf cmd="tag" pos="NNP">Sen._Jackson</wf>
<wf cmd="done" pos="VB" lemma="say" wnsn="1" lexsn="2:32:00::">says</wf>
<punc>.</punc>
</s>
</p>
<p pnum="18">
<s snum="38">
<wf cmd="ignore" pos="DT">The</wf>
<wf cmd="tag" pos="NN">subcommittee</wf>
<wf cmd="done" pos="VB" lemma="be" wnsn="1" lexsn="2:42:03::">is</wf>
<wf cmd="tag" pos="RB">not</wf>
<wf cmd="tag" pos="RB">alone</wf>
<wf cmd="ignore" pos="IN">in</wf>
<wf cmd="done" pos="VB" lemma="question" wnsn="5" lexsn="2:32:02::">questioning</wf>
<wf cmd="ignore" pos="DT">the</wf>
<wf cmd="tag" pos="NN">effectiveness</wf>
<wf cmd="ignore" pos="IN">of</wf>
<wf cmd="ignore" pos="DT">the</wf>
<wf cmd="tag" pos="NN">department</wf>
<punc>.</punc>
</s>
<s snum="39">
<wf cmd="tag" pos="NNP">President_Kennedy</wf>
<wf cmd="done" pos="VBZ" ot="notag">has</wf>
<wf cmd="done" pos="VB" lemma="indicate" wnsn="2" lexsn="2:32:03::">indicated</wf>
<wf cmd="ignore" pos="PRP$">his</wf>
<wf cmd="tag" pos="NN">dissatisfaction</wf>
<wf cmd="ignore" pos="IN">with</wf>
<wf cmd="ignore" pos="PRP$">its</wf>
<wf cmd="tag" pos="NN">performance</wf>
<punc>.</punc>
</s>
</p>
<p pnum="19">
<s snum="40">
<wf cmd="ignore" pos="CC">But</wf>
<wf cmd="ignore" pos="DT">those</wf>
<wf cmd="ignore" pos="WP">who</wf>
<wf cmd="ignore" pos="MD">would</wf>
<wf cmd="done" pos="VB" lemma="revitalize" wnsn="1" lexsn="2:29:00::">revitalize</wf>
<wf cmd="tag" pos="RB">so</wf>
<wf cmd="tag" pos="JJ">complex</wf>
<wf cmd="ignore" pos="DT">an</wf>
<wf cmd="tag" pos="NN">organization</wf>
<wf cmd="ignore" pos="MD">must</wf>
<punc>,</punc>
<wf cmd="tag" pos="RB">first_of_all</wf>
<punc>,</punc>
<wf cmd="done" pos="VB" lemma="overcome" wnsn="3" lexsn="2:37:00::">overcome</wf>
<wf cmd="ignore" pos="DT">the</wf>
<wf cmd="tag" pos="NN">resistance</wf>
<wf cmd="ignore" pos="IN">of</wf>
<wf cmd="tag" pos="NNS">layers</wf>
<wf cmd="ignore" pos="IN">of</wf>
<wf cmd="tag" pos="NNS">officials</wf>
<wf cmd="tag" pos="JJ">wedded</wf>
<wf cmd="ignore" pos="TO">to</wf>
<wf cmd="tag" pos="JJ">traditional</wf>
<wf cmd="tag" pos="NNS">procedures</wf>
<punc>,</punc>
<wf cmd="tag" pos="JJ">suspicious</wf>
<wf cmd="ignore" pos="IN">of</wf>
<wf cmd="tag" pos="NN">innovation</wf>
<wf cmd="ignore" pos="CC">and</wf>
<wf cmd="tag" pos="JJ">fearful</wf>
<wf cmd="ignore" pos="IN">of</wf>
<wf cmd="tag" pos="NNS">mistakes</wf>
<punc>.</punc>
</s>
</p>
<p pnum="20">
<s snum="41">
<wf cmd="ignore" pos="CC">Nor</wf>
<wf cmd="done" pos="VBZ" ot="notag">does</wf>
<wf cmd="tag" pos="NNP">Sen._Jackson</wf>
<wf cmd="done" pos="VB" lemma="discuss" wnsn="2" lexsn="2:32:00::">discuss</wf>
<wf cmd="ignore" pos="DT">the</wf>
<wf cmd="tag" pos="JJ">delicate</wf>
<wf cmd="tag" pos="NN">situation</wf>
<wf cmd="done" pos="VB" lemma="create" wnsn="1" lexsn="2:36:00::">created</wf>
<wf cmd="ignore" pos="IN">by</wf>
<wf cmd="ignore" pos="DT">the</wf>
<wf cmd="tag" pos="NN">presence</wf>
<wf cmd="ignore" pos="IN">in</wf>
<wf cmd="ignore" pos="DT">the</wf>
<wf cmd="tag" pos="NN">White_House</wf>
<wf cmd="ignore" pos="IN">of</wf>
<wf cmd="ignore" pos="DT">a</wf>
<wf cmd="tag" pos="NN">corps</wf>
<wf cmd="ignore" pos="IN">of</wf>
<wf cmd="tag" pos="JJ">presidential</wf>
<wf cmd="tag" pos="NNS">assistants</wf>
<wf cmd="done" pos="VB" lemma="engage" wnsn="1" lexsn="2:41:06::">engaged</wf>
<wf cmd="done" pos="VB" ot="notag">in</wf>
<wf cmd="ignore" pos="DT">the</wf>
<wf cmd="tag" pos="NN">study</wf>
<wf cmd="ignore" pos="IN">of</wf>
<wf cmd="tag" pos="NN">foreign_policy</wf>
<punc>.</punc>
</s>
<s snum="42">
<wf cmd="ignore" pos="DT">This</wf>
<wf cmd="done" pos="VB" lemma="tend" wnsn="1" lexsn="2:42:01::">tends</wf>
<wf cmd="done" pos="VB" ot="notag">to</wf>
<wf cmd="done" pos="VB" lemma="create" wnsn="1" lexsn="2:36:00::">create</wf>
<wf cmd="tag" pos="NN">friction</wf>
<wf cmd="ignore" pos="CC">and</wf>
<wf cmd="tag" pos="NN">confusion</wf>
<wf cmd="ignore" pos="CC">and</wf>
<wf cmd="done" pos="VBZ" ot="notag">has</wf>
<wf cmd="tag" pos="RB">not</wf>
<wf cmd="done" pos="VB" lemma="make" wnsn="2" lexsn="2:30:00::">made</wf>
<wf cmd="done" pos="VB" ot="notag">it</wf>
<wf cmd="tag" pos="JJR">easier</wf>
<wf cmd="ignore" pos="IN">for</wf>
<wf cmd="tag" pos="NNP">Secretary_Rusk</wf>
<wf cmd="ignore" pos="TO">to</wf>
<wf cmd="done" pos="VB" lemma="restore" wnsn="2" lexsn="2:30:00::">restore</wf>
<wf cmd="tag" pos="NN">vigor</wf>
<wf cmd="ignore" pos="CC">and</wf>
<wf cmd="tag" pos="NN">initiative</wf>
<wf cmd="ignore" pos="IN">among</wf>
<wf cmd="ignore" pos="PRP$">his</wf>
<wf cmd="tag" pos="NNS">subordinates</wf>
<punc>.</punc>
</s>
</p>
<p pnum="21">
<s snum="43">
<wf cmd="ignore" pos="CC">But</wf>
<wf cmd="tag" pos="JJ">competent</wf>
<wf cmd="tag" pos="NNS">observers</wf>
<wf cmd="done" pos="VB" lemma="believe" wnsn="2" lexsn="2:31:04::">believe</wf>
<wf cmd="ignore" pos="PRP">he</wf>
<wf cmd="done" pos="VBZ" ot="notag">is</wf>
<wf cmd="done" pos="VB" lemma="make" wnsn="1" lexsn="2:41:00::">making</wf>
<wf cmd="tag" pos="NN">progress</wf>
<punc>,</punc>
<wf cmd="tag" pos="RB">particularly</wf>
<wf cmd="ignore" pos="IN">toward</wf>
<wf cmd="ignore" pos="WP">what</wf>
<wf cmd="tag" pos="NNP">Sen._Jackson</wf>
<wf cmd="done" pos="VB" lemma="list" wnsn="1" lexsn="2:32:00::">lists</wf>
<wf cmd="ignore" pos="IN">as</wf>
<wf cmd="ignore" pos="DT">the</wf>
<wf cmd="tag" pos="JJ">primary</wf>
<wf cmd="tag" pos="NN">need</wf>
<punc>-</punc>
<punc>``</punc>
<wf cmd="ignore" pos="DT">a</wf>
<wf cmd="tag" pos="JJR">clearer</wf>
<wf cmd="tag" pos="NN">understanding</wf>
<wf cmd="ignore" pos="IN">of</wf>
<wf cmd="ignore" pos="WRB">where</wf>
<wf cmd="ignore" pos="PRP$">our</wf>
<wf cmd="tag" pos="JJ">vital</wf>
<wf cmd="tag" pos="JJ">national</wf>
<wf cmd="tag" pos="NNS">interests</wf>
<wf cmd="done" pos="VB" lemma="lie" wnsn="3" lexsn="2:42:01::">lie</wf>
<wf cmd="ignore" pos="CC">and</wf>
<wf cmd="ignore" pos="WP">what</wf>
<wf cmd="ignore" pos="PRP">we</wf>
<wf cmd="ignore" pos="MD">must</wf>
<wf cmd="done" pos="VB" lemma="do" wnsn="1" lexsn="2:41:01::">do</wf>
<wf cmd="ignore" pos="TO">to</wf>
<wf cmd="done" pos="VB" lemma="promote" wnsn="1" lexsn="2:41:01::">promote</wf>
<wf cmd="ignore" pos="PRP">them</wf>
<punc>''</punc>
<punc>.</punc>
</s>
</p>
<p pnum="22">
<s snum="44">
<wf cmd="ignore" pos="DT">The</wf>
<wf cmd="tag" pos="NNP">Jackson</wf>
<wf cmd="tag" pos="NN">report</wf>
<wf cmd="ignore" pos="MD">will</wf>
<wf cmd="done" pos="VB" lemma="provide" wnsn="1" lexsn="2:40:00::">provide</wf>
<wf cmd="ignore" pos="DT">some</wf>
<wf cmd="ignore" pos="IN">of</wf>
<wf cmd="ignore" pos="DT">the</wf>
<wf cmd="tag" pos="JJ">political</wf>
<wf cmd="tag" pos="NN">support</wf>
<wf cmd="tag" pos="NNP">Mr._Rusk</wf>
<wf cmd="ignore" pos="MD">will</wf>
<wf cmd="done" pos="VB" lemma="need" wnsn="1" lexsn="2:42:00::">need</wf>
<wf cmd="ignore" pos="IN">if</wf>
<wf cmd="ignore" pos="PRP">he</wf>
<wf cmd="done" pos="VBZ" ot="notag">is</wf>
<wf cmd="ignore" pos="TO">to</wf>
<wf cmd="done" pos="VB" lemma="get_rid_of" wnsn="1" lexsn="2:40:01::">get_rid_of</wf>
<wf cmd="tag" pos="NN">department</wf>
<wf cmd="tag" pos="NNS">personnel</wf>
<wf cmd="done" pos="VB" lemma="engage" wnsn="4" lexsn="2:41:00::">engaged</wf>
<punc>,</punc>
<wf cmd="ignore" pos="IN">as</wf>
<wf cmd="tag" pos="NNP">Sen._Jackson</wf>
<wf cmd="done" pos="VB" lemma="put" wnsn="3" lexsn="2:32:00::">puts</wf>
<wf cmd="ignore" pos="PRP">it</wf>
<punc>,</punc>
<punc>``</punc>
<wf cmd="ignore" pos="IN">in</wf>
<wf cmd="tag" pos="NN">work</wf>
<wf cmd="ignore" pos="WDT">that</wf>
<wf cmd="done" pos="VBZ" ot="notag">does</wf>
<wf cmd="tag" pos="RB">not</wf>
<wf cmd="tag" pos="RB">really</wf>
<wf cmd="done" pos="VB" lemma="need" wnsn="1" lexsn="2:42:00::">need</wf>
<wf cmd="done" pos="VB" lemma="do" wnsn="2" lexsn="2:36:01::">doing</wf>
<punc>''</punc>
<punc>.</punc>
</s>
<s snum="45">
<wf cmd="tag" pos="NNP">Mr._Rusk</wf>
<wf cmd="ignore" pos="MD">should</wf>
<wf cmd="tag" pos="RB">also</wf>
<wf cmd="done" pos="VB" lemma="draw" wnsn="2" lexsn="2:40:00::">draw</wf>
<wf cmd="tag" pos="NN">comfort</wf>
<wf cmd="ignore" pos="IN">from</wf>
<wf cmd="tag" pos="NNP">Sen._Jackson</wf>
<wf cmd="ignore" pos="POS">'s</wf>
<wf cmd="tag" pos="NN">recommendation</wf>
<wf cmd="ignore" pos="IN">that</wf>
<wf cmd="tag" pos="JJ">congressional</wf>
<wf cmd="tag" pos="NNS">methods</wf>
<wf cmd="ignore" pos="IN">of</wf>
<wf cmd="done" pos="VB" lemma="deal" wnsn="8" lexsn="2:41:04::">dealing</wf>
<wf cmd="done" pos="VB" ot="notag">with</wf>
<wf cmd="tag" pos="JJ">national</wf>
<wf cmd="tag" pos="NN">security</wf>
<wf cmd="tag" pos="NNS">problems</wf>
<wf cmd="done" pos="VBP" ot="notag">be</wf>
<wf cmd="done" pos="VB" lemma="improve" wnsn="1" lexsn="2:30:01::">improved</wf>
<punc>.</punc>
</s>
<s snum="46">
<wf cmd="tag" pos="NN">Self-criticism</wf>
<wf cmd="done" pos="VB" lemma="be" wnsn="1" lexsn="2:42:03::">is</wf>
<wf cmd="ignore" pos="DT">a</wf>
<wf cmd="tag" pos="JJ">rare</wf>
<wf cmd="ignore" pos="CC">but</wf>
<wf cmd="tag" pos="JJ">needed</wf>
<wf cmd="tag" pos="NN">commodity</wf>
<wf cmd="ignore" pos="IN">in</wf>
<wf cmd="tag" pos="NNP">Congress</wf>
<punc>.</punc>
</s>
</p>
<p pnum="23">
<s snum="47">
<wf cmd="tag" pos="NN">Forecasting</wf>
<wf cmd="tag" pos="JJ">economic</wf>
<wf cmd="tag" pos="NN">activity</wf>
<wf cmd="done" pos="VB" lemma="be" wnsn="1" lexsn="2:42:03::">is</wf>
<wf cmd="ignore" pos="DT">a</wf>
<wf cmd="tag" pos="JJ">hazardous</wf>
<wf cmd="tag" pos="NN">undertaking</wf>
<wf cmd="tag" pos="RB">even</wf>
<wf cmd="ignore" pos="IN">for</wf>
<wf cmd="ignore" pos="DT">the</wf>
<wf cmd="tag" pos="NN">specialist</wf>
<punc>.</punc>
</s>
<s snum="48">
<wf cmd="ignore" pos="CC">But</wf>
<wf cmd="tag" pos="RB">now</wf>
<wf cmd="tag" pos="RB">apparently</wf>
<wf cmd="ignore" pos="DT">the</wf>
<wf cmd="tag" pos="NN">job</wf>
<wf cmd="ignore" pos="IN">of</wf>
<wf cmd="tag" pos="NNP">Secretary</wf>
<wf cmd="ignore" pos="IN">of</wf>
<wf cmd="tag" pos="NNP">Labor</wf>
<wf cmd="done" pos="VB" lemma="require" wnsn="1" lexsn="2:42:00::">requires</wf>
<wf cmd="ignore" pos="IN">that</wf>
<wf cmd="ignore" pos="PRP">he</wf>
<wf cmd="done" pos="VB" lemma="be" wnsn="1" lexsn="2:42:03::">be</wf>
<wf cmd="tag" pos="JJ">willing</wf>
<wf cmd="ignore" pos="TO">to</wf>
<wf cmd="done" pos="VB" lemma="risk" wnsn="1" lexsn="2:41:00::">risk</wf>
<wf cmd="ignore" pos="PRP$">his</wf>
<wf cmd="tag" pos="NN">reputation</wf>
<wf cmd="ignore" pos="IN">as</wf>
<wf cmd="ignore" pos="DT">a</wf>
<wf cmd="tag" pos="NN">prognosticator</wf>
<wf cmd="ignore" pos="IN">of</wf>
<wf cmd="tag" pos="NN">unemployment</wf>
<wf cmd="tag" pos="NNS">trends</wf>
<punc>.</punc>
</s>
</p>
<p pnum="24">
<s snum="49">
<wf cmd="tag" pos="NNP">James_P._Mitchell</wf>
<punc>,</punc>
<wf cmd="ignore" pos="WRB">when</wf>
<wf cmd="ignore" pos="PRP">he</wf>
<wf cmd="done" pos="VB" lemma="be" wnsn="9" lexsn="2:42:08::">was</wf>
<wf cmd="ignore" pos="DT">the</wf>
<wf cmd="tag" pos="NN">head</wf>
<wf cmd="ignore" pos="IN">of</wf>
<wf cmd="ignore" pos="DT">the</wf>
<wf cmd="tag" pos="NN">department</wf>
<punc>,</punc>
<wf cmd="done" pos="VB" lemma="promise" wnsn="1" lexsn="2:32:00::">promised</wf>
<wf cmd="ignore" pos="TO">to</wf>
<wf cmd="done" pos="VB" lemma="eat" wnsn="2" lexsn="2:34:01::">eat</wf>
<wf cmd="ignore" pos="PRP$">his</wf>
<wf cmd="tag" pos="NN">hat</wf>
<wf cmd="ignore" pos="IN">if</wf>
<wf cmd="tag" pos="NN">unemployment</wf>
<wf cmd="done" pos="VBD" ot="notag">did</wf>
<wf cmd="tag" pos="RB">n't</wf>
<wf cmd="done" pos="VB" lemma="drop" wnsn="3" lexsn="2:30:00::">drop</wf>
<wf cmd="ignore" pos="IN">below</wf>
<wf cmd="tag" pos="CD">three</wf>
<wf cmd="tag" pos="CD">million</wf>
<wf cmd="tag" pos="JJ">a_couple_of</wf>
<wf cmd="tag" pos="NNS">years</wf>
<wf cmd="tag" pos="RB">ago</wf>
<punc>.</punc>
</s>
<s snum="50">
<wf cmd="ignore" pos="PRP">He</wf>
<wf cmd="done" pos="VB" lemma="lose" wnsn="2" lexsn="2:33:00::">lost</wf>
<punc>,</punc>
<wf cmd="ignore" pos="CC">but</wf>
<wf cmd="done" pos="VB" lemma="settle" wnsn="5" lexsn="2:32:02::">settled</wf>
<wf cmd="ignore" pos="IN">for</wf>
<wf cmd="ignore" pos="DT">a</wf>
<wf cmd="tag" pos="NN">cake</wf>
<wf cmd="ignore" pos="IN">in</wf>
<wf cmd="ignore" pos="DT">the</wf>
<wf cmd="tag" pos="NN">shape</wf>
<wf cmd="ignore" pos="IN">of</wf>
<wf cmd="ignore" pos="DT">a</wf>
<wf cmd="tag" pos="NN">fedora</wf>
<punc>.</punc>
</s>
</p>
<p pnum="25">
<s snum="51">
<wf cmd="ignore" pos="PRP$">His</wf>
<wf cmd="tag" pos="NN">successor</wf>
<punc>,</punc>
<wf cmd="tag" pos="NNP">Secretary_Goldberg</wf>
<punc>,</punc>
<wf cmd="tag" pos="RB">also</wf>
<wf cmd="done" pos="VBZ" ot="notag">has</wf>
<wf cmd="done" pos="VBN" ot="notag">been</wf>
<wf cmd="done" pos="VB" lemma="guess" wnsn="2" lexsn="2:32:00::">guessing</wf>
<wf cmd="tag" pos="JJ">wrong</wf>
<wf cmd="ignore" pos="IN">on</wf>
<wf cmd="ignore" pos="DT">a</wf>
<wf cmd="tag" pos="NN">drop</wf>
<wf cmd="done" pos="VB" ot="notag">in</wf>
<wf cmd="ignore" pos="DT">the</wf>
<wf cmd="tag" pos="NN">unemployment</wf>
<wf cmd="tag" pos="NN">rate</wf>
<wf cmd="ignore" pos="WDT">which</wf>
<wf cmd="done" pos="VBZ" ot="notag">has</wf>
<wf cmd="done" pos="VBN" ot="notag">been</wf>
<wf cmd="done" pos="VB" lemma="hold" wnsn="1" lexsn="2:42:00::">holding</wf>
<wf cmd="tag" pos="RB">just</wf>
<wf cmd="ignore" pos="IN">under</wf>
<wf cmd="tag" pos="CD">7</wf>
<wf cmd="tag" pos="NN">per_cent</wf>
<wf cmd="ignore" pos="IN">for</wf>
<wf cmd="ignore" pos="DT">the</wf>
<wf cmd="tag" pos="JJ">last</wf>
<wf cmd="tag" pos="CD">11</wf>
<wf cmd="tag" pos="NNS">months</wf>
<punc>.</punc>
</s>
<s snum="52">
<wf cmd="ignore" pos="DT">No</wf>
<wf cmd="done" pos="JJ" ot="notag">betting</wf>
<wf cmd="tag" pos="NN">man</wf>
<punc>,</punc>
<wf cmd="tag" pos="NNP">Mr._Goldberg</wf>
<wf cmd="done" pos="VB" lemma="say" wnsn="1" lexsn="2:32:00::">says</wf>
<wf cmd="ignore" pos="PRP">he</wf>
<wf cmd="done" pos="VBZ" ot="notag">'s</wf>
<wf cmd="tag" pos="RB">merely</wf>
<punc>``</punc>
<wf cmd="done" pos="VB" lemma="put" wnsn="1" lexsn="2:35:00::">putting</wf>
<wf cmd="ignore" pos="PRP$">my</wf>
<wf cmd="tag" pos="NN">neck</wf>
<wf cmd="ignore" pos="IN">out</wf>
<wf cmd="tag" pos="RB">again</wf>
<punc>''</punc>
<wf cmd="ignore" pos="IN">by</wf>
<wf cmd="done" pos="VB" lemma="predict" wnsn="1" lexsn="2:32:00::">predicting</wf>
<wf cmd="ignore" pos="DT">the</wf>
<wf cmd="tag" pos="NN">rate</wf>
<wf cmd="ignore" pos="MD">will</wf>
<wf cmd="done" pos="VB" lemma="go_down" wnsn="3" lexsn="2:30:00::">go_down</wf>
<wf cmd="ignore" pos="DT">this</wf>
<wf cmd="tag" pos="NN">month</wf>
<punc>.</punc>
</s>
<s snum="53">
<wf cmd="ignore" pos="PRP">He</wf>
<wf cmd="done" pos="VBZ" ot="notag">is</wf>
<wf cmd="done" pos="VB" lemma="base" wnsn="1" lexsn="2:31:00::">basing</wf>
<wf cmd="ignore" pos="PRP$">his</wf>
<wf cmd="tag" pos="NN">guess</wf>
<wf cmd="ignore" pos="IN">on</wf>
<wf cmd="tag" pos="JJ">new</wf>
<wf cmd="tag" pos="NN">government</wf>
<wf cmd="tag" pos="NNS">statistics</wf>
<wf cmd="ignore" pos="IN">that</wf>
<wf cmd="done" pos="VB" lemma="show" wnsn="0" lexsn="2:39:03::">show</wf>
<wf cmd="tag" pos="NN">business</wf>
<wf cmd="done" pos="VBZ" ot="notag">has</wf>
<wf cmd="done" pos="VB" lemma="broaden" wnsn="4" lexsn="2:30:00::">broadened</wf>
<wf cmd="ignore" pos="PRP$">its</wf>
<wf cmd="tag" pos="NN">stride</wf>
<punc>-</punc>
<wf cmd="ignore" pos="DT">a</wf>
<wf cmd="tag" pos="JJ">new</wf>
<wf cmd="tag" pos="NN">record</wf>
<wf cmd="tag" pos="JJ">high</wf>
<wf cmd="ignore" pos="IN">in</wf>
<wf cmd="tag" pos="NN">personal_income</wf>
<punc>,</punc>
<wf cmd="ignore" pos="DT">an</wf>
<wf cmd="tag" pos="NN">increase</wf>
<wf cmd="ignore" pos="IN">in</wf>
<wf cmd="tag" pos="NN">housing</wf>
<wf cmd="tag" pos="NN">starts</wf>
<punc>,</punc>
<wf cmd="ignore" pos="DT">a</wf>
<wf cmd="tag" pos="NN">spurt</wf>
<wf cmd="ignore" pos="IN">in</wf>
<wf cmd="tag" pos="JJ">retail</wf>
<wf cmd="tag" pos="NNS">sales</wf>
<wf cmd="ignore" pos="CC">and</wf>
<wf cmd="ignore" pos="DT">a</wf>
<wf cmd="tag" pos="NN">gain</wf>
<wf cmd="ignore" pos="IN">in</wf>
<wf cmd="tag" pos="NNS">orders</wf>
<wf cmd="ignore" pos="IN">for</wf>
<wf cmd="tag" pos="NN">durable_goods</wf>
<punc>.</punc>
</s>
</p>
<p pnum="26">
<s snum="54">
<wf cmd="tag" pos="NNP">Mr._Mitchell</wf>
<wf cmd="done" pos="VB" lemma="have" wnsn="4" lexsn="2:40:04::">had</wf>
<wf cmd="ignore" pos="DT">an</wf>
<wf cmd="tag" pos="NN">excuse</wf>
<wf cmd="ignore" pos="IN">for</wf>
<wf cmd="done" pos="VB" lemma="lose" wnsn="2" lexsn="2:33:00::">losing</wf>
<punc>-</punc>
<wf cmd="ignore" pos="DT">the</wf>
<wf cmd="tag" pos="NN">steel</wf>
<wf cmd="tag" pos="NN">strike</wf>
<wf cmd="done" pos="VB" lemma="last" wnsn="1" lexsn="2:42:00::">lasted</wf>
<wf cmd="tag" pos="JJ">much</wf>
<wf cmd="tag" pos="RB">longer</wf>
<wf cmd="ignore" pos="IN">than</wf>
<wf cmd="ignore" pos="PRP">he</wf>
<wf cmd="done" pos="VB" lemma="anticipate" wnsn="3" lexsn="2:31:01::">anticipated</wf>
<punc>.</punc>
</s>
<s snum="55">
<wf cmd="tag" pos="NNP">Mr._Goldberg</wf>
<wf cmd="done" pos="VB" lemma="have" wnsn="4" lexsn="2:40:04::">has</wf>
<wf cmd="tag" pos="JJR">less</wf>
<wf cmd="tag" pos="NN">reason</wf>
<wf cmd="ignore" pos="IN">for</wf>
<wf cmd="done" pos="VB" lemma="miss" wnsn="0" lexsn="2:33:00::">missing</wf>
<punc>.</punc>
</s>
<s snum="56">
<wf cmd="ignore" pos="DT">The</wf>
<wf cmd="tag" pos="NN">economy</wf>
<wf cmd="done" pos="VB" lemma="seem" wnsn="1" lexsn="2:39:00::">seems</wf>
<wf cmd="ignore" pos="TO">to</wf>
<wf cmd="done" pos="VB" ot="notag">be</wf>
<wf cmd="done" pos="VB" lemma="sail" wnsn="2" lexsn="2:38:01::">sailing</wf>
<wf cmd="tag" pos="RB">along</wf>
<wf cmd="ignore" pos="IN">on</wf>
<wf cmd="ignore" pos="DT">an</wf>
<wf cmd="tag" pos="JJ">even</wf>
<wf cmd="tag" pos="NN">keel</wf>
<wf cmd="ignore" pos="CC">and</wf>
<wf cmd="ignore" pos="DT">the</wf>
<wf cmd="tag" pos="CD">1961</wf>
<wf cmd="tag" pos="NN">hurricane</wf>
<wf cmd="tag" pos="NN">season</wf>
<wf cmd="ignore" pos="CC">and</wf>
<wf cmd="tag" pos="NN">auto</wf>
<wf cmd="tag" pos="NNS">strikes</wf>
<wf cmd="done" pos="VB" lemma="be" wnsn="1" lexsn="2:42:03::">are</wf>
<wf cmd="ignore" pos="IN">at</wf>
<wf cmd="ignore" pos="DT">an</wf>
<wf cmd="tag" pos="NN">end</wf>
<wf cmd="tag" pos="RB">so</wf>
<wf cmd="ignore" pos="PRP">they</wf>
<wf cmd="ignore" pos="MD">can</wf>
<wf cmd="tag" pos="RB">n't</wf>
<wf cmd="done" pos="VB" ot="notag">be</wf>
<wf cmd="done" pos="VB" lemma="blame" wnsn="3" lexsn="2:31:00::">blamed</wf>
<wf cmd="ignore" pos="IN">in</wf>
<wf cmd="tag" pos="NNP">November</wf>
<punc>.</punc>
</s>
<s snum="57">
<wf cmd="ignore" pos="DT">The</wf>
<wf cmd="tag" pos="NNS">odds</wf>
<wf cmd="tag" pos="RB">thus</wf>
<wf cmd="done" pos="VB" lemma="appear" wnsn="1" lexsn="2:39:00::">appear</wf>
<wf cmd="tag" pos="JJ">favorable</wf>
<wf cmd="ignore" pos="IN">that</wf>
<wf cmd="ignore" pos="DT">the</wf>
<wf cmd="tag" pos="NN">secretary</wf>
<wf cmd="ignore" pos="POS">'s</wf>
<wf cmd="tag" pos="NN">neck</wf>
<wf cmd="ignore" pos="MD">may</wf>
<wf cmd="done" pos="VB" ot="notag">be</wf>
<wf cmd="done" pos="VB" lemma="spare" wnsn="1" lexsn="2:41:00::">spared</wf>
<punc>.</punc>
</s>
</p>
<p pnum="27">
<s snum="58">
<wf cmd="tag" pos="NNP">Cambodia</wf>
<wf cmd="ignore" pos="POS">'s</wf>
<wf cmd="tag" pos="NN">chief_of_state</wf>
<punc>,</punc>
<wf cmd="ignore" pos="WP">who</wf>
<wf cmd="done" pos="VBZ" ot="notag">has</wf>
<wf cmd="done" pos="VBN" ot="notag">been</wf>
<wf cmd="done" pos="VB" lemma="accuse" wnsn="1" lexsn="2:32:00::">accused</wf>
<wf cmd="ignore" pos="IN">of</wf>
<wf cmd="done" pos="VB" lemma="harbor" wnsn="2" lexsn="2:42:00::">harboring</wf>
<wf cmd="tag" pos="NNP">Communist</wf>
<wf cmd="tag" pos="NNS">marauders</wf>
<wf cmd="ignore" pos="CC">and</wf>
<wf cmd="tag" pos="RB">otherwise</wf>
<wf cmd="done" pos="VB" lemma="make" wnsn="3" lexsn="2:36:00::">making</wf>
<wf cmd="tag" pos="NN">life</wf>
<wf cmd="tag" pos="JJ">miserable</wf>
<wf cmd="ignore" pos="IN">for</wf>
<wf cmd="tag" pos="JJ">neighboring</wf>
<wf cmd="tag" pos="NNP">South</wf>
<wf cmd="tag" pos="NN">Viet_Nam</wf>
<wf cmd="ignore" pos="CC">and</wf>
<wf cmd="tag" pos="NNP">Thailand</wf>
<punc>,</punc>
<wf cmd="done" pos="VB" lemma="insist" wnsn="1" lexsn="2:32:00::">insists</wf>
<wf cmd="ignore" pos="PRP">he</wf>
<wf cmd="ignore" pos="MD">would</wf>
<wf cmd="done" pos="VB" lemma="be" wnsn="1" lexsn="2:42:03::">be</wf>
<wf cmd="tag" pos="RB">very</wf>
<wf cmd="tag" pos="JJ">unhappy</wf>
<wf cmd="ignore" pos="IN">if</wf>
<wf cmd="tag" pos="NN">communism</wf>
<wf cmd="done" pos="VB" lemma="establish" wnsn="4" lexsn="2:31:02::">established</wf>
<wf cmd="ignore" pos="PRP$">its</wf>
<wf cmd="tag" pos="NN">power</wf>
<wf cmd="ignore" pos="IN">in</wf>
<wf cmd="tag" pos="NNP">Southeast_Asia</wf>
<punc>.</punc>
</s>
</p>
<p pnum="28">
<s snum="59">
<wf cmd="ignore" pos="CC">But</wf>
<wf cmd="tag" pos="RB">so</wf>
<wf cmd="tag" pos="JJ">convinced</wf>
<wf cmd="ignore" pos="IN">of</wf>
<wf cmd="tag" pos="NN">communism</wf>
<wf cmd="ignore" pos="POS">'s</wf>
<wf cmd="tag" pos="JJ">inevitable</wf>
<wf cmd="tag" pos="NN">triumph</wf>
<wf cmd="done" pos="VB" lemma="be" wnsn="1" lexsn="2:42:03::">is</wf>
<wf cmd="tag" pos="NNP">Prince_Sihanouk</wf>
<wf cmd="ignore" pos="IN">that</wf>
<wf cmd="ignore" pos="PRP">he</wf>
<wf cmd="done" pos="VB" lemma="be" wnsn="1" lexsn="2:42:03::">is</wf>
<wf cmd="tag" pos="JJ">ready</wf>
<wf cmd="ignore" pos="TO">to</wf>
<wf cmd="done" pos="VB" lemma="throw_in_the_towel" wnsn="1" lexsn="2:33:00::">throw_in_the_towel</wf>
<punc>.</punc>
</s>
<s snum="60">
<punc>``</punc>
<wf cmd="ignore" pos="PRP">I</wf>
<wf cmd="done" pos="VB" lemma="have" wnsn="0" lexsn="2:42:05::">have</wf>
<wf cmd="done" pos="VB" ot="notag">to</wf>
<wf cmd="done" pos="VB" lemma="see" wnsn="6" lexsn="2:31:02::">see</wf>
<wf cmd="ignore" pos="DT">the</wf>
<wf cmd="tag" pos="NNS">facts</wf>
<punc>''</punc>
<punc>,</punc>
<wf cmd="done" pos="VB" lemma="be" wnsn="2" lexsn="2:42:06::">is</wf>
<wf cmd="ignore" pos="DT">the</wf>
<wf cmd="tag" pos="NN">way</wf>
<wf cmd="ignore" pos="DT">the</wf>
<wf cmd="tag" pos="NN">prince</wf>
<wf cmd="done" pos="VB" lemma="put" wnsn="3" lexsn="2:32:00::">puts</wf>
<wf cmd="ignore" pos="PRP">it</wf>
<punc>.</punc>
</s>
<s snum="61">
<wf cmd="ignore" pos="CC">And</wf>
<wf cmd="tag" pos="RB">from_that</wf>
<wf cmd="tag" pos="NN">point</wf>
<wf cmd="ignore" pos="IN">of</wf>
<wf cmd="tag" pos="NN">vantage</wf>
<wf cmd="ignore" pos="PRP">he</wf>
<wf cmd="done" pos="VB" lemma="concede" wnsn="3" lexsn="2:40:00::">concedes</wf>
<wf cmd="ignore" pos="DT">another</wf>
<wf cmd="tag" pos="CD">two</wf>
<wf cmd="tag" pos="NN">years_of_grace</wf>
<wf cmd="ignore" pos="TO">to</wf>
<wf cmd="tag" pos="NNS">nations</wf>
<wf cmd="done" pos="VB" lemma="maintain" wnsn="1" lexsn="2:42:00::">maintaining</wf>
<wf cmd="ignore" pos="DT">a</wf>
<wf cmd="tag" pos="JJ">pro-Western</wf>
<wf cmd="tag" pos="NN">posture</wf>
<punc>.</punc>
</s>
</p>
<p pnum="29">
<s snum="62">
<wf cmd="tag" pos="NNP">Prince_Sihanouk</wf>
<wf cmd="ignore" pos="POS">'s</wf>
<wf cmd="tag" pos="NNS">powers</wf>
<wf cmd="ignore" pos="IN">of</wf>
<wf cmd="tag" pos="NN">prognostication</wf>
<wf cmd="tag" pos="RB">some_day</wf>
<wf cmd="ignore" pos="MD">may</wf>
<wf cmd="done" pos="VB" ot="notag">be</wf>
<wf cmd="done" pos="VB" lemma="confirm" wnsn="1" lexsn="2:31:00::">confirmed</wf>
<wf cmd="ignore" pos="CC">but</wf>
<wf cmd="tag" pos="NN">history</wf>
<wf cmd="done" pos="VB" lemma="be" wnsn="1" lexsn="2:42:03::">is</wf>
<wf cmd="tag" pos="RB">not</wf>
<wf cmd="tag" pos="JJ">likely</wf>
<wf cmd="ignore" pos="TO">to</wf>
<wf cmd="done" pos="VB" lemma="praise" wnsn="1" lexsn="2:32:00::">praise</wf>
<wf cmd="ignore" pos="DT">the</wf>
<wf cmd="tag" pos="NN">courage</wf>
<wf cmd="ignore" pos="IN">of</wf>
<wf cmd="ignore" pos="PRP$">his</wf>
<wf cmd="tag" pos="NNS">convictions</wf>
<punc>.</punc>
</s>
</p>
<p pnum="30">
<s snum="63">
<wf cmd="tag" pos="NNP">Commerce_Secretary_Hodges</wf>
<wf cmd="done" pos="VB" lemma="seem" wnsn="1" lexsn="2:39:00::">seems</wf>
<wf cmd="ignore" pos="TO">to</wf>
<wf cmd="done" pos="VB" ot="notag">have</wf>
<wf cmd="done" pos="VBN" ot="notag">been</wf>
<wf cmd="done" pos="VB" lemma="cast" wnsn="3" lexsn="2:36:01::">cast</wf>
<wf cmd="ignore" pos="IN">in</wf>
<wf cmd="ignore" pos="DT">the</wf>
<wf cmd="tag" pos="NN">role</wf>
<wf cmd="ignore" pos="IN">of</wf>
<wf cmd="tag" pos="NN">pacemaker</wf>
<wf cmd="ignore" pos="IN">for</wf>
<wf cmd="tag" pos="NN">official</wf>
<wf cmd="tag" pos="NNP">Washington</wf>
<wf cmd="ignore" pos="POS">'s</wf>
<wf cmd="tag" pos="JJ">economic</wf>
<wf cmd="tag" pos="NNS">forecasters</wf>
<punc>.</punc>
</s>
<s snum="64">
<wf cmd="tag" pos="NNP">Weeks</wf>
<wf cmd="tag" pos="RB">ago</wf>
<wf cmd="ignore" pos="PRP">he</wf>
<wf cmd="done" pos="VB" lemma="see" wnsn="1" lexsn="2:39:00::">saw</wf>
<wf cmd="ignore" pos="DT">a</wf>
<wf cmd="tag" pos="NN">business</wf>
<wf cmd="tag" pos="NN">upturn</wf>
<wf cmd="ignore" pos="IN">in</wf>
<wf cmd="ignore" pos="DT">the</wf>
<wf cmd="tag" pos="JJ">second</wf>
<wf cmd="tag" pos="NN">quarter</wf>
<wf cmd="tag" pos="RB">of_this</wf>
<wf cmd="tag" pos="NN">year</wf>
<wf cmd="ignore" pos="IN">while</wf>
<wf cmd="ignore" pos="PRP$">his</wf>
<wf cmd="tag" pos="NNS">colleagues</wf>
<wf cmd="ignore" pos="IN">in</wf>
<wf cmd="ignore" pos="DT">the</wf>
<wf cmd="tag" pos="NNP">Cabinet</wf>
<wf cmd="done" pos="VBD" ot="notag">were</wf>
<wf cmd="done" pos="VB" lemma="shake" wnsn="1" lexsn="2:38:00::">shaking</wf>
<wf cmd="ignore" pos="PRP$">their</wf>
<wf cmd="tag" pos="NNS">heads</wf>
<wf cmd="tag" pos="JJ">in_disagreement</wf>
<punc>.</punc>
</s>
<s snum="65">
<wf cmd="tag" pos="RB">Recently</wf>
<wf cmd="tag" pos="NNP">Treasury_Secretary_Dillon</wf>
<wf cmd="ignore" pos="CC">and</wf>
<wf cmd="tag" pos="NNP">Labor_Secretary_Goldberg</wf>
<wf cmd="done" pos="VB" lemma="fall" wnsn="3" lexsn="2:30:08::">fell</wf>
<wf cmd="done" pos="VB" ot="notag">into</wf>
<wf cmd="tag" pos="NN">line</wf>
<wf cmd="ignore" pos="IN">with</wf>
<wf cmd="tag" pos="NNP">Mr._Hodges</wf>
<punc>'</punc>
<wf cmd="tag" pos="NN">appraisal</wf>
<punc>,</punc>
<wf cmd="ignore" pos="IN">though</wf>
<wf cmd="ignore" pos="EX">there</wf>
<wf cmd="done" pos="VBZ" ot="notag">has</wf>
<wf cmd="done" pos="VB" lemma="be" wnsn="5" lexsn="2:42:04::">been</wf>
<wf cmd="ignore" pos="DT">some</wf>
<wf cmd="tag" pos="NN">reluctance</wf>
<wf cmd="ignore" pos="TO">to</wf>
<wf cmd="done" pos="VB" lemma="do" wnsn="1" lexsn="2:41:01::">do</wf>
<wf cmd="tag" pos="RB">so</wf>
<wf cmd="ignore" pos="IN">at</wf>
<wf cmd="ignore" pos="DT">the</wf>
<wf cmd="tag" pos="NN">White_House</wf>
<punc>.</punc>
</s>
</p>
<p pnum="31">
<s snum="66">
<wf cmd="ignore" pos="CC">And</wf>
<wf cmd="tag" pos="RB">now</wf>
<wf cmd="tag" pos="NNP">Mr._Hodges</wf>
<wf cmd="done" pos="VBZ" ot="notag">has</wf>
<wf cmd="done" pos="VB" lemma="pioneer" wnsn="1" lexsn="2:36:00::">pioneered</wf>
<wf cmd="tag" pos="JJ">further</wf>
<wf cmd="ignore" pos="IN">into</wf>
<wf cmd="ignore" pos="DT">the</wf>
<wf cmd="tag" pos="JJ">economic</wf>
<wf cmd="tag" pos="NN">unknown</wf>
<wf cmd="ignore" pos="IN">with</wf>
<wf cmd="ignore" pos="DT">the</wf>
<wf cmd="tag" pos="NN">announcement</wf>
<wf cmd="ignore" pos="IN">that</wf>
<wf cmd="ignore" pos="PRP">he</wf>
<wf cmd="done" pos="VB" lemma="think" wnsn="1" lexsn="2:31:01::">thinks</wf>
<wf cmd="tag" pos="NN">business</wf>
<wf cmd="done" pos="VBZ" ot="notag">has</wf>
<wf cmd="done" pos="VB" lemma="stop" wnsn="2" lexsn="2:42:00::">stopped</wf>
<wf cmd="done" pos="VB" lemma="slide" wnsn="2" lexsn="2:38:00::">sliding</wf>
<wf cmd="ignore" pos="CC">and</wf>
<wf cmd="ignore" pos="IN">that</wf>
<wf cmd="ignore" pos="PRP">it</wf>
<wf cmd="ignore" pos="MD">should</wf>
<wf cmd="done" pos="VB" lemma="start" wnsn="4" lexsn="2:42:00::">start</wf>
<wf cmd="done" pos="VB" lemma="go" wnsn="8" lexsn="2:30:01::">going</wf>
<wf cmd="tag" pos="RB">upward</wf>
<wf cmd="ignore" pos="IN">from</wf>
<wf cmd="ignore" pos="DT">this</wf>
<wf cmd="tag" pos="NN">point</wf>
<punc>.</punc>
</s>
<s snum="67">
<wf cmd="ignore" pos="PRP">He</wf>
<wf cmd="done" pos="VB" lemma="be" wnsn="1" lexsn="2:42:03::">is</wf>
<wf cmd="done" pos="VB" ot="notag">the</wf>
<wf cmd="tag" pos="JJ">first</wf>
<wf cmd="tag" pos="JJ">top</wf>
<wf cmd="tag" pos="NN">administration</wf>
<wf cmd="tag" pos="NN">officer</wf>
<wf cmd="ignore" pos="TO">to</wf>
<wf cmd="done" pos="VB" lemma="see" wnsn="1" lexsn="2:39:00::">see</wf>
<wf cmd="ignore" pos="DT">the</wf>
<wf cmd="tag" pos="NN">bottom</wf>
<wf cmd="ignore" pos="IN">of</wf>
<wf cmd="ignore" pos="DT">the</wf>
<wf cmd="tag" pos="NN">slump</wf>
<punc>.</punc>
</s>
</p>
<p pnum="32">
<s snum="68">
<wf cmd="ignore" pos="DT">The</wf>
<wf cmd="tag" pos="NN">secretary</wf>
<wf cmd="done" pos="VB" lemma="base" wnsn="1" lexsn="2:31:00::">based</wf>
<wf cmd="ignore" pos="PRP$">his</wf>
<wf cmd="tag" pos="NN">assessment</wf>
<wf cmd="ignore" pos="IN">on</wf>
<wf cmd="ignore" pos="DT">the</wf>
<wf cmd="tag" pos="NN">upturn</wf>
<wf cmd="ignore" pos="IN">in</wf>
<wf cmd="tag" pos="JJ">retail</wf>
<wf cmd="tag" pos="NNS">sales</wf>
<punc>.</punc>
</s>
<s snum="69">
<wf cmd="tag" pos="NNP">February</wf>
<wf cmd="ignore" pos="POS">'s</wf>
<wf cmd="tag" pos="NN">volume</wf>
<wf cmd="done" pos="VB" lemma="be" wnsn="6" lexsn="2:42:07::">was</wf>
<wf cmd="tag" pos="CD">1</wf>
<wf cmd="tag" pos="NN">per_cent</wf>
<wf cmd="ignore" pos="IN">above</wf>
<wf cmd="tag" pos="NNP">January</wf>
<wf cmd="ignore" pos="POS">'s</wf>
<wf cmd="ignore" pos="IN">for</wf>
<wf cmd="ignore" pos="DT">the</wf>
<wf cmd="tag" pos="JJ">first</wf>
<wf cmd="tag" pos="NN">pickup</wf>
<wf cmd="ignore" pos="IN">since</wf>
<wf cmd="tag" pos="JJ">last</wf>
<wf cmd="tag" pos="NNP">October</wf>
<punc>,</punc>
<wf cmd="ignore" pos="IN">although</wf>
<wf cmd="ignore" pos="PRP">it</wf>
<wf cmd="done" pos="VB" lemma="be" wnsn="1" lexsn="2:42:03::">is</wf>
<wf cmd="tag" pos="RB">still</wf>
<wf cmd="tag" pos="CD">1.5</wf>
<wf cmd="tag" pos="NN">per_cent</wf>
<wf cmd="tag" pos="RB">off</wf>
<wf cmd="ignore" pos="IN">from</wf>
<wf cmd="tag" pos="NNP">February</wf>
<wf cmd="tag" pos="CD">1960</wf>
<punc>.</punc>
</s>
</p>
<p pnum="33">
<s snum="70">
<wf cmd="done" pos="VB" lemma="corroborate" wnsn="2" lexsn="2:32:00::">Corroborating</wf>
<wf cmd="tag" pos="NNP">Mr._Hodges</wf>
<punc>'</punc>
<wf cmd="tag" pos="NNS">figures</wf>
<wf cmd="done" pos="VBD" ot="notag">was</wf>
<wf cmd="ignore" pos="DT">the</wf>
<wf cmd="tag" pos="NN">Federal_Reserve_Board</wf>
<wf cmd="ignore" pos="POS">'s</wf>
<wf cmd="tag" pos="NN">report</wf>
<wf cmd="ignore" pos="IN">of</wf>
<wf cmd="ignore" pos="DT">the</wf>
<wf cmd="tag" pos="JJ">large</wf>
<wf cmd="tag" pos="NNS">sales</wf>
<wf cmd="tag" pos="NN">increase</wf>
<wf cmd="ignore" pos="IN">in</wf>
<wf cmd="ignore" pos="DT">the</wf>
<wf cmd="tag" pos="NN">nation</wf>
<wf cmd="ignore" pos="POS">'s</wf>
<wf cmd="tag" pos="NN">department_stores</wf>
<wf cmd="ignore" pos="IN">for</wf>
<wf cmd="ignore" pos="DT">the</wf>
<wf cmd="tag" pos="NN">week</wf>
<wf cmd="done" pos="VB" lemma="end" wnsn="1" lexsn="2:42:00::">ending</wf>
<wf cmd="tag" pos="NNP">March</wf>
<wf cmd="tag" pos="CD">4</wf>
<punc>.</punc>
</s>
<s snum="71">
<wf cmd="ignore" pos="IN">In</wf>
<wf cmd="tag" pos="NNP">Newark</wf>
<punc>,</punc>
<wf cmd="tag" pos="RB">for_example</wf>
<punc>,</punc>
<wf cmd="ignore" pos="DT">this</wf>
<wf cmd="tag" pos="NN">gain</wf>
<wf cmd="done" pos="VBD" ot="notag">was</wf>
<wf cmd="done" pos="VB" lemma="put" wnsn="6" lexsn="2:31:13::">put</wf>
<wf cmd="done" pos="VB" ot="notag">at</wf>
<wf cmd="tag" pos="CD">26</wf>
<wf cmd="tag" pos="NN">per_cent</wf>
<wf cmd="ignore" pos="IN">above</wf>
<wf cmd="ignore" pos="DT">the</wf>
<wf cmd="tag" pos="JJ">year-earlier</wf>
<wf cmd="tag" pos="NN">level</wf>
<punc>.</punc>
</s>
<s snum="72">
<wf cmd="tag" pos="RB">Of_course</wf>
<punc>,</punc>
<wf cmd="ignore" pos="DT">some</wf>
<wf cmd="ignore" pos="IN">of</wf>
<wf cmd="ignore" pos="DT">the</wf>
<wf cmd="tag" pos="NN">credit</wf>
<wf cmd="ignore" pos="IN">for</wf>
<wf cmd="ignore" pos="DT">the</wf>
<wf cmd="tag" pos="NN">sale</wf>
<wf cmd="tag" pos="NN">boost</wf>
<wf cmd="ignore" pos="MD">must</wf>
<wf cmd="done" pos="VB" ot="notag">be</wf>
<wf cmd="done" pos="VB" lemma="give" wnsn="5" lexsn="2:32:01::">given</wf>
<wf cmd="ignore" pos="TO">to</wf>
<wf cmd="tag" pos="NN">improvement</wf>
<wf cmd="ignore" pos="IN">in</wf>
<wf cmd="ignore" pos="DT">the</wf>
<wf cmd="tag" pos="NN">weather</wf>
<wf cmd="ignore" pos="CC">and</wf>
<wf cmd="ignore" pos="TO">to</wf>
<wf cmd="ignore" pos="DT">the</wf>
<wf cmd="tag" pos="NN">fact</wf>
<wf cmd="ignore" pos="IN">that</wf>
<wf cmd="tag" pos="NNP">Easter</wf>
<wf cmd="done" pos="VB" lemma="come" wnsn="3" lexsn="2:30:01::">comes</wf>
<wf cmd="tag" pos="RB">more_than</wf>
<wf cmd="tag" pos="NN">two_weeks</wf>
<wf cmd="tag" pos="RBR">earlier</wf>
<wf cmd="ignore" pos="IN">than</wf>
<wf cmd="ignore" pos="IN">in</wf>
<wf cmd="tag" pos="CD">1960</wf>
<punc>.</punc>
</s>
</p>
<p pnum="34">
<s snum="73">
<wf cmd="ignore" pos="DT">Another</wf>
<wf cmd="tag" pos="JJ">optimistic</wf>
<wf cmd="tag" pos="NN">sign</wf>
<punc>,</punc>
<wf cmd="ignore" pos="DT">this</wf>
<wf cmd="tag" pos="CD">one</wf>
<wf cmd="ignore" pos="IN">from</wf>
<wf cmd="ignore" pos="DT">the</wf>
<wf cmd="tag" pos="NN">Labor_Department</wf>
<punc>,</punc>
<wf cmd="done" pos="VB" lemma="be" wnsn="2" lexsn="2:42:06::">was</wf>
<wf cmd="ignore" pos="DT">the</wf>
<wf cmd="tag" pos="NN">report</wf>
<wf cmd="ignore" pos="IN">that</wf>
<wf cmd="ignore" pos="DT">the</wf>
<wf cmd="tag" pos="JJ">long</wf>
<wf cmd="tag" pos="NN">rise</wf>
<wf cmd="ignore" pos="IN">in</wf>
<wf cmd="tag" pos="NN">unemployment_compensation</wf>
<wf cmd="tag" pos="NNS">payments</wf>
<punc>``</punc>
<wf cmd="done" pos="VBD" ot="notag">was</wf>
<wf cmd="done" pos="VB" lemma="interrupt" wnsn="1" lexsn="2:32:00::">interrupted</wf>
<wf cmd="tag" pos="RB">for_the_first_time</wf>
<wf cmd="ignore" pos="IN">in</wf>
<wf cmd="ignore" pos="DT">the</wf>
<wf cmd="tag" pos="NN">week</wf>
<wf cmd="done" pos="VB" lemma="end" wnsn="1" lexsn="2:42:00::">ending</wf>
<wf cmd="tag" pos="NNP">Feb.</wf>
<wf cmd="tag" pos="CD">25</wf>
<punc>''</punc>
<punc>.</punc>
</s>
<s snum="74">
<wf cmd="tag" pos="JJ">Initial</wf>
<wf cmd="tag" pos="NNS">claims</wf>
<wf cmd="ignore" pos="IN">for</wf>
<wf cmd="tag" pos="JJ">jobless</wf>
<wf cmd="tag" pos="NNS">benefits</wf>
<wf cmd="done" pos="VBD" ot="notag">were</wf>
<wf cmd="done" pos="VB" lemma="say" wnsn="2" lexsn="2:32:01::">said</wf>
<wf cmd="ignore" pos="TO">to</wf>
<wf cmd="done" pos="VB" ot="notag">have</wf>
<wf cmd="done" pos="VB" lemma="drop" wnsn="3" lexsn="2:30:00::">dropped</wf>
<wf cmd="done" pos="VB" ot="notag">by</wf>
<wf cmd="tag" pos="CD">8100</wf>
<wf cmd="ignore" pos="IN">in</wf>
<wf cmd="ignore" pos="DT">the</wf>
<wf cmd="tag" pos="NN">week</wf>
<wf cmd="done" pos="VB" lemma="end" wnsn="1" lexsn="2:42:00::">ending</wf>
<wf cmd="tag" pos="NNP">March</wf>
<wf cmd="tag" pos="CD">4</wf>
<punc>.</punc>
</s>
</p>
<p pnum="35">
<s snum="75">
<wf cmd="tag" pos="NNP">Mr._Hodges</wf>
<wf cmd="done" pos="VB" lemma="be" wnsn="1" lexsn="2:42:03::">is</wf>
<wf cmd="tag" pos="RB">so</wf>
<wf cmd="tag" pos="JJ">hopeful</wf>
<wf cmd="ignore" pos="IN">over</wf>
<wf cmd="ignore" pos="DT">the</wf>
<wf cmd="tag" pos="NN">outlook</wf>
<wf cmd="ignore" pos="IN">that</wf>
<wf cmd="ignore" pos="PRP">he</wf>
<wf cmd="done" pos="VBZ" ot="notag">does</wf>
<wf cmd="tag" pos="RB">n't</wf>
<wf cmd="done" pos="VB" lemma="think" wnsn="2" lexsn="2:31:03::">think</wf>
<wf cmd="ignore" pos="EX">there</wf>
<wf cmd="ignore" pos="MD">will</wf>
<wf cmd="done" pos="VB" ot="notag">be</wf>
<wf cmd="ignore" pos="DT">any</wf>
<wf cmd="tag" pos="NN">need</wf>
<wf cmd="ignore" pos="IN">of</wf>
<wf cmd="ignore" pos="DT">a</wf>
<wf cmd="tag" pos="NN">cut</wf>
<wf cmd="ignore" pos="IN">in</wf>
<wf cmd="tag" pos="NN">income_taxes</wf>
<punc>.</punc>
</s>
<s snum="76">
<wf cmd="ignore" pos="UH">Well</wf>
<punc>,</punc>
<wf cmd="ignore" pos="PRP">we</wf>
<wf cmd="ignore" pos="MD">can</wf>
<wf cmd="tag" pos="RB">n't</wf>
<wf cmd="done" pos="VB" lemma="have" wnsn="4" lexsn="2:40:04::">have</wf>
<wf cmd="tag" pos="NN">everything</wf>
<punc>.</punc>
</s>
<s snum="77">
<wf cmd="tag" pos="NN">Prosperity</wf>
<wf cmd="ignore" pos="IN">for</wf>
<wf cmd="ignore" pos="DT">the</wf>
<wf cmd="tag" pos="JJ">whole</wf>
<wf cmd="tag" pos="NN">nation</wf>
<wf cmd="done" pos="VB" lemma="be" wnsn="1" lexsn="2:42:03::">is</wf>
<wf cmd="tag" pos="RB">certainly</wf>
<wf cmd="tag" pos="JJ">preferred</wf>
<wf cmd="ignore" pos="TO">to</wf>
<wf cmd="ignore" pos="DT">a</wf>
<wf cmd="tag" pos="NN">tax</wf>
<wf cmd="tag" pos="NN">cut</wf>
<punc>.</punc>
</s>
</p>
<p pnum="36">
<s snum="78">
<wf cmd="tag" pos="NN">New_Jersey</wf>
<wf cmd="tag" pos="NN">folk</wf>
<wf cmd="done" pos="VB" lemma="need" wnsn="1" lexsn="2:42:00::">need</wf>
<wf cmd="tag" pos="RB">not</wf>
<wf cmd="done" pos="VB" ot="notag">be</wf>
<wf cmd="done" pos="VB" lemma="tell" wnsn="2" lexsn="2:32:00::">told</wf>
<wf cmd="ignore" pos="IN">of</wf>
<wf cmd="ignore" pos="DT">the</wf>
<wf cmd="tag" pos="NN">builder</wf>
<wf cmd="ignore" pos="POS">'s</wf>
<wf cmd="tag" pos="NN">march</wf>
<wf cmd="ignore" pos="TO">to</wf>
<wf cmd="ignore" pos="DT">the</wf>
<wf cmd="tag" pos="NN">sea</wf>
<punc>,</punc>
<wf cmd="ignore" pos="IN">for</wf>
<wf cmd="ignore" pos="IN">in</wf>
<wf cmd="ignore" pos="DT">a</wf>
<wf cmd="tag" pos="JJ">single</wf>
<wf cmd="tag" pos="NN">generation</wf>
<wf cmd="ignore" pos="PRP">he</wf>
<wf cmd="done" pos="VBZ" ot="notag">has</wf>
<wf cmd="done" pos="VB" lemma="parcel" wnsn="1" lexsn="2:41:00::">parceled</wf>
<wf cmd="ignore" pos="CC">and</wf>
<wf cmd="done" pos="VB" lemma="populate" wnsn="1" lexsn="2:42:00::">populated</wf>
<wf cmd="tag" pos="NNS">miles</wf>
<wf cmd="ignore" pos="IN">of</wf>
<wf cmd="ignore" pos="PRP$">our</wf>
<wf cmd="tag" pos="NN">shoreline</wf>
<wf cmd="ignore" pos="CC">and</wf>
<wf cmd="done" pos="VB" lemma="press_on" wnsn="1" lexsn="2:38:00::">presses_on</wf>
<wf cmd="ignore" pos="TO">to</wf>
<wf cmd="done" pos="VB" lemma="develop" wnsn="6" lexsn="2:30:04::">develop</wf>
<wf cmd="ignore" pos="DT">the</wf>
<wf cmd="tag" pos="JJ">few</wf>
<wf cmd="tag" pos="JJ">open</wf>
<wf cmd="tag" pos="NNS">spaces</wf>
<wf cmd="ignore" pos="WDT">that</wf>
<wf cmd="done" pos="VB" lemma="remain" wnsn="1" lexsn="2:30:00::">remain</wf>
<punc>.</punc>
</s>
<s snum="79">
<wf cmd="tag" pos="RB">Now</wf>
<wf cmd="ignore" pos="DT">the</wf>
<wf cmd="tag" pos="NNP">Stone_Harbor</wf>
<wf cmd="tag" pos="NN">bird_sanctuary</wf>
<punc>,</punc>
<wf cmd="tag" pos="CD">31</wf>
<wf cmd="tag" pos="NNS">acres</wf>
<wf cmd="ignore" pos="IN">of</wf>
<wf cmd="tag" pos="NN">magic</wf>
<wf cmd="tag" pos="NN">attraction</wf>
<wf cmd="ignore" pos="IN">for</wf>
<wf cmd="tag" pos="JJ">exotic</wf>
<wf cmd="tag" pos="NNS">herons</wf>
<punc>,</punc>
<wf cmd="done" pos="VB" lemma="be" wnsn="1" lexsn="2:42:03::">is</wf>
<wf cmd="tag" pos="JJ">threatened</wf>
<punc>,</punc>
<wf cmd="ignore" pos="CC">but</wf>
<wf cmd="ignore" pos="DT">the</wf>
<wf cmd="tag" pos="NN">battlefront</wf>
<wf cmd="done" pos="VB" lemma="extend" wnsn="2" lexsn="2:42:03::">extends</wf>
<wf cmd="tag" pos="RB">far</wf>
<wf cmd="ignore" pos="IN">beyond</wf>
<wf cmd="ignore" pos="PRP$">our</wf>
<wf cmd="tag" pos="NN">state</wf>
<punc>.</punc>
</s>
</p>
<p pnum="37">
<s snum="80">
<wf cmd="ignore" pos="IN">Against</wf>
<wf cmd="ignore" pos="DT">the</wf>
<wf cmd="tag" pos="JJ">dramatic</wf>
<wf cmd="tag" pos="NN">fight</wf>
<wf cmd="done" pos="VBG" ot="notag">being</wf>
<wf cmd="done" pos="VB" lemma="wage" wnsn="1" lexsn="2:41:00::">waged</wf>
<wf cmd="ignore" pos="IN">for</wf>
<wf cmd="tag" pos="NN">preservation</wf>
<wf cmd="ignore" pos="IN">of</wf>
<wf cmd="tag" pos="CD">30</wf>
<wf cmd="tag" pos="NNS">miles</wf>
<wf cmd="ignore" pos="IN">of</wf>
<wf cmd="tag" pos="NNP">Cape_Cod</wf>
<wf cmd="tag" pos="NN">shoreline</wf>
<punc>,</punc>
<wf cmd="ignore" pos="DT">the</wf>
<wf cmd="tag" pos="JJ">tiny</wf>
<wf cmd="tag" pos="NN">tract</wf>
<wf cmd="ignore" pos="IN">at</wf>
<wf cmd="tag" pos="NNP">Stone_Harbor</wf>
<wf cmd="ignore" pos="MD">may</wf>
<wf cmd="done" pos="VB" lemma="seem" wnsn="1" lexsn="2:39:00::">seem</wf>
<wf cmd="tag" pos="JJ">unimportant</wf>
<punc>.</punc>
</s>
<s snum="81">
<wf cmd="ignore" pos="CC">But</wf>
<wf cmd="tag" pos="NNP">Interior_Secretary_Udall</wf>
<wf cmd="done" pos="VB" lemma="warn" wnsn="1" lexsn="2:32:00::">warns</wf>
<wf cmd="ignore" pos="IN">that</wf>
<wf cmd="ignore" pos="EX">there</wf>
<wf cmd="done" pos="VB" ot="notag">is</wf>
<wf cmd="ignore" pos="DT">a</wf>
<wf cmd="tag" pos="NN">race</wf>
<wf cmd="ignore" pos="IN">on</wf>
<wf cmd="ignore" pos="IN">between</wf>
<wf cmd="ignore" pos="DT">those</wf>
<wf cmd="ignore" pos="WP">who</wf>
<wf cmd="ignore" pos="MD">would</wf>
<wf cmd="done" pos="VB" lemma="develop" wnsn="6" lexsn="2:30:04::">develop</wf>
<wf cmd="ignore" pos="PRP$">our</wf>
<wf cmd="tag" pos="JJ">few</wf>
<wf cmd="tag" pos="JJ">surviving</wf>
<wf cmd="tag" pos="JJ">open</wf>
<wf cmd="tag" pos="NNS">shorelines</wf>
<wf cmd="ignore" pos="CC">and</wf>
<wf cmd="ignore" pos="DT">those</wf>
<wf cmd="ignore" pos="WP">who</wf>
<wf cmd="ignore" pos="MD">would</wf>
<wf cmd="done" pos="VB" lemma="save" wnsn="8" lexsn="2:41:05::">save</wf>
<wf cmd="ignore" pos="PRP">them</wf>
<wf cmd="ignore" pos="IN">for</wf>
<wf cmd="ignore" pos="DT">the</wf>
<wf cmd="tag" pos="NN">enjoyment</wf>
<wf cmd="tag" pos="RB">of</wf>
<wf cmd="ignore" pos="DT">all</wf>
<wf cmd="ignore" pos="IN">as</wf>
<wf cmd="tag" pos="JJ">public</wf>
<wf cmd="tag" pos="NN">preserves</wf>
<punc>.</punc>
</s>
</p>
<p pnum="38">
<s snum="82">
<wf cmd="ignore" pos="DT">The</wf>
<wf cmd="tag" pos="NN">move</wf>
<wf cmd="ignore" pos="IN">for</wf>
<wf cmd="tag" pos="NN">establishment</wf>
<wf cmd="ignore" pos="IN">of</wf>
<wf cmd="ignore" pos="DT">a</wf>
<wf cmd="tag" pos="JJ">national</wf>
<wf cmd="tag" pos="NN">seashore</wf>
<wf cmd="tag" pos="NN">park</wf>
<wf cmd="ignore" pos="IN">on</wf>
<wf cmd="tag" pos="CD">30000</wf>
<wf cmd="tag" pos="NNS">acres</wf>
<wf cmd="ignore" pos="IN">of</wf>
<wf cmd="tag" pos="NNP">Cape_Cod</wf>
<punc>,</punc>
<wf cmd="ignore" pos="IN">from</wf>
<wf cmd="tag" pos="NNP">Provincetown</wf>
<wf cmd="ignore" pos="TO">to</wf>
<wf cmd="tag" pos="NNP">Chatham</wf>
<punc>,</punc>
<wf cmd="done" pos="VBZ" ot="notag">is</wf>
<wf cmd="done" pos="VB" lemma="strengthen" wnsn="1" lexsn="2:30:01::">strengthened</wf>
<wf cmd="ignore" pos="IN">by</wf>
<wf cmd="tag" pos="NNP">President_Kennedy</wf>
<wf cmd="ignore" pos="POS">'s</wf>
<wf cmd="tag" pos="NN">interest</wf>
<wf cmd="tag" pos="RB">in_that</wf>
<wf cmd="tag" pos="NN">area</wf>
<punc>.</punc>
</s>
<s snum="83">
<wf cmd="ignore" pos="CC">But</wf>
<wf cmd="tag" pos="NN">preservation</wf>
<wf cmd="ignore" pos="IN">of</wf>
<wf cmd="ignore" pos="DT">the</wf>
<wf cmd="tag" pos="JJ">natural</wf>
<wf cmd="tag" pos="NN">beauty</wf>
<wf cmd="ignore" pos="IN">of</wf>
<wf cmd="ignore" pos="DT">the</wf>
<wf cmd="tag" pos="NNP">Cape</wf>
<wf cmd="done" pos="VB" lemma="be" wnsn="1" lexsn="2:42:03::">is</wf>
<wf cmd="ignore" pos="IN">of</wf>
<wf cmd="tag" pos="RB">more_than</wf>
<wf cmd="tag" pos="JJ">regional</wf>
<wf cmd="tag" pos="NN">concern</wf>
<punc>,</punc>
<wf cmd="ignore" pos="IN">for</wf>
<wf cmd="ignore" pos="DT">the</wf>
<wf cmd="tag" pos="NN">automobile</wf>
<wf cmd="tag" pos="NN">age</wf>
<wf cmd="done" pos="VBZ" ot="notag">has</wf>
<wf cmd="done" pos="VB" lemma="make" wnsn="2" lexsn="2:30:00::">made</wf>
<wf cmd="done" pos="VB" ot="notag">it</wf>
<wf cmd="ignore" pos="DT">the</wf>
<wf cmd="tag" pos="NN">recreation</wf>
<wf cmd="tag" pos="NN">spot</wf>
<wf cmd="ignore" pos="IN">of</wf>
<wf cmd="tag" pos="NNS">people</wf>
<wf cmd="ignore" pos="IN">from</wf>
<wf cmd="tag" pos="RB">all_over</wf>
<wf cmd="ignore" pos="DT">the</wf>
<wf cmd="tag" pos="NN">country</wf>
<punc>.</punc>
</s>
</p>
<p pnum="39">
<s snum="84">
<wf cmd="ignore" pos="IN">By</wf>
<wf cmd="tag" pos="NN">comparison</wf>
<punc>,</punc>
<wf cmd="tag" pos="NNP">Stone_Harbor</wf>
<wf cmd="tag" pos="NN">bird_sanctuary</wf>
<wf cmd="ignore" pos="POS">'s</wf>
<wf cmd="tag" pos="NNS">allies</wf>
<wf cmd="done" pos="VB" lemma="seem" wnsn="1" lexsn="2:39:00::">seem</wf>
<wf cmd="tag" pos="RBR">less</wf>
<wf cmd="tag" pos="JJ">formidable</wf>
<punc>,</punc>
<wf cmd="ignore" pos="IN">for</wf>
<wf cmd="tag" pos="RB">aside</wf>
<wf cmd="ignore" pos="IN">from</wf>
<wf cmd="ignore" pos="DT">the</wf>
<wf cmd="tag" pos="NNP">Audubon_Society</wf>
<punc>,</punc>
<wf cmd="ignore" pos="PRP">they</wf>
<wf cmd="done" pos="VB" lemma="be" wnsn="2" lexsn="2:42:06::">are</wf>
<wf cmd="tag" pos="RB">mostly</wf>
<wf cmd="ignore" pos="DT">the</wf>
<wf cmd="tag" pos="JJ">snowy</wf>
<punc>,</punc>
<wf cmd="tag" pos="JJ">common</wf>
<wf cmd="ignore" pos="CC">and</wf>
<wf cmd="tag" pos="NN">cattle_egrets</wf>
<wf cmd="ignore" pos="CC">and</wf>
<wf cmd="ignore" pos="DT">the</wf>
<wf cmd="tag" pos="NNP">Louisiana</wf>
<punc>,</punc>
<wf cmd="tag" pos="JJ">green</wf>
<punc>,</punc>
<wf cmd="tag" pos="JJ">little</wf>
<wf cmd="tag" pos="JJ">blue</wf>
<wf cmd="ignore" pos="CC">and</wf>
<wf cmd="tag" pos="JJ">black-crowned</wf>
<wf cmd="tag" pos="NNS">herons</wf>
<wf cmd="ignore" pos="WP">who</wf>
<wf cmd="done" pos="VB" lemma="nest" wnsn="1" lexsn="2:42:00::">nest</wf>
<wf cmd="ignore" pos="CC">and</wf>
<wf cmd="done" pos="VB" lemma="feed" wnsn="6" lexsn="2:34:00::">feed</wf>
<wf cmd="ignore" pos="EX">there</wf>
<punc>.</punc>
</s>
<s snum="85">
<wf cmd="ignore" pos="CC">But</wf>
<wf cmd="ignore" pos="EX">there</wf>
<wf cmd="done" pos="VB" ot="notag">is</wf>
<wf cmd="tag" pos="NN">hope</wf>
<punc>,</punc>
<wf cmd="ignore" pos="IN">for</wf>
<wf cmd="tag" pos="NNP">Conservation_Commissioner_Bontempo</wf>
<wf cmd="done" pos="VBZ" ot="notag">has</wf>
<wf cmd="done" pos="VB" lemma="tag" wnsn="1" lexsn="2:35:00::">tagged</wf>
<wf cmd="ignore" pos="DT">the</wf>
<wf cmd="tag" pos="NN">sanctuary</wf>
<wf cmd="ignore" pos="IN">as</wf>
<wf cmd="ignore" pos="DT">the</wf>
<wf cmd="tag" pos="RB">kind_of</wf>
<wf cmd="tag" pos="NN">place</wf>
<wf cmd="ignore" pos="DT">the</wf>
<wf cmd="tag" pos="NN">state</wf>
<wf cmd="done" pos="VB" lemma="hope" wnsn="3" lexsn="2:31:00::">hopes</wf>
<wf cmd="ignore" pos="TO">to</wf>
<wf cmd="done" pos="VB" lemma="include" wnsn="2" lexsn="2:31:00::">include</wf>
<wf cmd="ignore" pos="IN">in</wf>
<wf cmd="ignore" pos="PRP$">its</wf>
<wf cmd="tag" pos="NN">program</wf>
<wf cmd="ignore" pos="TO">to</wf>
<wf cmd="done" pos="VB" lemma="double" wnsn="1" lexsn="2:30:00::">double</wf>
<wf cmd="ignore" pos="PRP$">its</wf>
<wf cmd="tag" pos="NN">park</wf>
<wf cmd="tag" pos="NN">space</wf>
<punc>.</punc>
</s>
</p>
<p pnum="40">
<s snum="86">
<wf cmd="ignore" pos="DT">The</wf>
<wf cmd="tag" pos="NN">desirability</wf>
<wf cmd="ignore" pos="IN">of</wf>
<wf cmd="done" pos="VB" lemma="preserve" wnsn="2" lexsn="2:40:00::">preserving</wf>
<wf cmd="tag" pos="JJ">such</wf>
<wf cmd="tag" pos="NNS">places</wf>
<wf cmd="ignore" pos="IN">as</wf>
<wf cmd="ignore" pos="DT">the</wf>
<wf cmd="tag" pos="NNP">Cape</wf>
<wf cmd="tag" pos="NNS">dunes</wf>
<wf cmd="ignore" pos="CC">and</wf>
<wf cmd="tag" pos="NNP">Stone_Harbor</wf>
<wf cmd="tag" pos="NN">sanctuary</wf>
<wf cmd="done" pos="VB" lemma="become" wnsn="1" lexsn="2:30:00::">becomes</wf>
<wf cmd="tag" pos="RBR">more</wf>
<wf cmd="tag" pos="JJ">apparent</wf>
<wf cmd="tag" pos="RB">every_year</wf>
<punc>.</punc>
</s>
<s snum="87">
<wf cmd="tag" pos="NNP">Public</wf>
<wf cmd="tag" pos="NN">sentiment</wf>
<wf cmd="ignore" pos="IN">for</wf>
<wf cmd="done" pos="VB" lemma="conserve" wnsn="0" lexsn="2:40:01::">conserving</wf>
<wf cmd="ignore" pos="PRP$">our</wf>
<wf cmd="tag" pos="JJ">rich</wf>
<wf cmd="tag" pos="JJ">natural</wf>
<wf cmd="tag" pos="NN">heritage</wf>
<wf cmd="done" pos="VBZ" ot="notag">is</wf>
<wf cmd="done" pos="VB" lemma="grow" wnsn="4" lexsn="2:30:01::">growing</wf>
<punc>.</punc>
</s>
<s snum="88">
<wf cmd="ignore" pos="CC">But</wf>
<wf cmd="ignore" pos="IN">that</wf>
<wf cmd="tag" pos="NN">heritage</wf>
<wf cmd="done" pos="VBZ" ot="notag">is</wf>
<wf cmd="done" pos="VB" lemma="shrink" wnsn="3" lexsn="2:30:01::">shrinking</wf>
<wf cmd="tag" pos="RB">even</wf>
<wf cmd="tag" pos="RBR">faster</wf>
<punc>.</punc>
</s>
</p>
<p pnum="41">
<s snum="89">
<wf cmd="tag" pos="RB">Much</wf>
<wf cmd="ignore" pos="IN">of</wf>
<wf cmd="ignore" pos="DT">the</wf>
<wf cmd="tag" pos="NN">glamor</wf>
<wf cmd="tag" pos="NNP">President_Kennedy</wf>
<wf cmd="ignore" pos="POS">'s</wf>
<wf cmd="tag" pos="NN">Peace_Corps</wf>
<wf cmd="ignore" pos="MD">may</wf>
<wf cmd="done" pos="VB" ot="notag">have</wf>
<wf cmd="done" pos="VB" lemma="hold" wnsn="4" lexsn="2:40:00::">held</wf>
<wf cmd="ignore" pos="IN">for</wf>
<wf cmd="ignore" pos="DT">some</wf>
<wf cmd="tag" pos="JJ">prospective</wf>
<wf cmd="tag" pos="NNS">applicants</wf>
<wf cmd="done" pos="VBZ" ot="notag">has</wf>
<wf cmd="done" pos="VBN" ot="notag">been</wf>
<wf cmd="done" pos="VB" lemma="remove" wnsn="1" lexsn="2:30:00::">removed</wf>
<wf cmd="ignore" pos="IN">by</wf>
<wf cmd="tag" pos="NNP">Sargent_Shriver</wf>
<punc>,</punc>
<wf cmd="ignore" pos="DT">the</wf>
<wf cmd="tag" pos="NN">head</wf>
<wf cmd="tag" pos="NN">corpsman</wf>
<punc>.</punc>
</s>
<s snum="90">
<wf cmd="tag" pos="NN">Anybody</wf>
<wf cmd="ignore" pos="WP">who</wf>
<wf cmd="done" pos="VBZ" ot="notag">is</wf>
<wf cmd="done" pos="VB" lemma="expect" wnsn="1" lexsn="2:31:00::">expecting</wf>
<wf cmd="ignore" pos="DT">a</wf>
<wf cmd="tag" pos="NN">joyride</wf>
<wf cmd="ignore" pos="MD">should</wf>
<punc>,</punc>
<wf cmd="tag" pos="RB">according</wf>
<wf cmd="ignore" pos="TO">to</wf>
<wf cmd="tag" pos="NNP">Mr._Shriver</wf>
<punc>,</punc>
<wf cmd="done" pos="VB" lemma="get_off" wnsn="1" lexsn="2:38:02::">get_off</wf>
<wf cmd="ignore" pos="DT">the</wf>
<wf cmd="tag" pos="NN">train</wf>
<wf cmd="tag" pos="RB">right_now</wf>
<punc>.</punc>
</s>
</p>
<p pnum="42">
<s snum="91">
<wf cmd="tag" pos="RB">First_of_all</wf>
<punc>,</punc>
<wf cmd="ignore" pos="DT">the</wf>
<wf cmd="tag" pos="NNS">recruits</wf>
<wf cmd="ignore" pos="MD">will</wf>
<wf cmd="done" pos="VB" lemma="have" wnsn="0" lexsn="2:42:05::">have</wf>
<wf cmd="done" pos="VB" ot="notag">to</wf>
<wf cmd="done" pos="VB" lemma="undergo" wnsn="0" lexsn="2:39:02::">undergo</wf>
<wf cmd="tag" pos="JJ">arduous</wf>
<wf cmd="tag" pos="NN">schooling</wf>
<punc>.</punc>
</s>
<s snum="92">
<wf cmd="ignore" pos="PRP">It</wf>
<wf cmd="ignore" pos="MD">will</wf>
<wf cmd="done" pos="VB" lemma="be" wnsn="2" lexsn="2:42:06::">be</wf>
<wf cmd="ignore" pos="DT">a</wf>
<wf cmd="tag" pos="CD">16</wf>
<punc>-</punc>
<wf cmd="tag" pos="NN">hour</wf>
<wf cmd="tag" pos="NN">training</wf>
<wf cmd="tag" pos="NN">day</wf>
<punc>.</punc>
</s>
<s snum="93">
<wf cmd="tag" pos="RB">Then</wf>
<wf cmd="tag" pos="RB">off</wf>
<wf cmd="ignore" pos="TO">to</wf>
<wf cmd="ignore" pos="DT">a</wf>
<wf cmd="tag" pos="JJ">remote</wf>
<wf cmd="tag" pos="NN">place</wf>
<wf cmd="ignore" pos="IN">in</wf>
<wf cmd="ignore" pos="DT">an</wf>
<wf cmd="tag" pos="JJ">underdeveloped</wf>
<wf cmd="tag" pos="NN">country</wf>
<wf cmd="ignore" pos="WRB">where</wf>
<wf cmd="ignore" pos="DT">the</wf>
<wf cmd="tag" pos="NN">diet</wf>
<punc>,</punc>
<wf cmd="tag" pos="NN">culture</wf>
<punc>,</punc>
<wf cmd="tag" pos="NN">language</wf>
<wf cmd="ignore" pos="CC">and</wf>
<wf cmd="tag" pos="JJ">living</wf>
<wf cmd="tag" pos="NNS">conditions</wf>
<wf cmd="ignore" pos="MD">will</wf>
<wf cmd="done" pos="VB" lemma="be" wnsn="1" lexsn="2:42:03::">be</wf>
<wf cmd="tag" pos="JJ">different</wf>
<punc>.</punc>
</s>
<s snum="94">
<wf cmd="ignore" pos="CC">And</wf>
<wf cmd="ignore" pos="DT">the</wf>
<wf cmd="tag" pos="NN">pay</wf>
<punc>,</punc>
<wf cmd="tag" pos="RB">of_course</wf>
<punc>,</punc>
<wf cmd="ignore" pos="MD">will</wf>
<wf cmd="done" pos="VB" lemma="be" wnsn="6" lexsn="2:42:07::">be</wf>
<wf cmd="tag" pos="JJ">nil</wf>
<punc>.</punc>
</s>
</p>
<p pnum="43">
<s snum="95">
<wf cmd="ignore" pos="IN">Despite</wf>
<wf cmd="ignore" pos="DT">all</wf>
<wf cmd="ignore" pos="DT">this</wf>
<punc>,</punc>
<wf cmd="ignore" pos="DT">the</wf>
<wf cmd="tag" pos="NN">idea</wf>
<wf cmd="tag" pos="RB">apparently</wf>
<wf cmd="done" pos="VBZ" ot="notag">has</wf>
<wf cmd="done" pos="VB" lemma="capture" wnsn="2" lexsn="2:37:00::">captured</wf>
<wf cmd="ignore" pos="DT">the</wf>
<wf cmd="tag" pos="NN">imagination</wf>
<wf cmd="ignore" pos="IN">of</wf>
<wf cmd="tag" pos="JJ">countless</wf>
<wf cmd="tag" pos="NNS">youths</wf>
<wf cmd="ignore" pos="WP$">whose</wf>
<wf cmd="tag" pos="NNS">parents</wf>
<wf cmd="done" pos="VB" lemma="be" wnsn="1" lexsn="2:42:03::">are</wf>
<wf cmd="tag" pos="RB">probably</wf>
<wf cmd="tag" pos="RBR">more</wf>
<wf cmd="tag" pos="JJ">surprised</wf>
<wf cmd="ignore" pos="IN">by</wf>
<wf cmd="ignore" pos="DT">the</wf>
<wf cmd="tag" pos="NN">response</wf>
<wf cmd="ignore" pos="IN">than</wf>
<wf cmd="tag" pos="NN">anybody</wf>
<wf cmd="tag" pos="RB">else</wf>
<punc>.</punc>
</s>
</p>
</context>
</contextfile>
