<contextfile concordance="brown">
<context filename="br-b09" paras="yes">
<p pnum="1">
<s snum="1">
<wf cmd="tag" pos="NNP">Mr._Podger</wf>
<wf cmd="tag" pos="RB">always</wf>
<wf cmd="tag" pos="RB">particularly</wf>
<wf cmd="done" pos="VB" lemma="enjoy" wnsn="3" lexsn="2:37:01::">enjoyed</wf>
<wf cmd="ignore" pos="DT">the</wf>
<wf cmd="tag" pos="JJ">last</wf>
<wf cmd="tag" pos="NN">night</wf>
<wf cmd="ignore" pos="IN">of</wf>
<wf cmd="ignore" pos="DT">each</wf>
<wf cmd="tag" pos="NN">summer</wf>
<wf cmd="ignore" pos="IN">at</wf>
<wf cmd="tag" pos="NNP">Loon_Lake</wf>
<punc>.</punc>
</s>
<s snum="2">
<wf cmd="ignore" pos="DT">The</wf>
<wf cmd="tag" pos="JJ">narrow</wf>
<wf cmd="tag" pos="NN">fringe</wf>
<wf cmd="ignore" pos="IN">of</wf>
<wf cmd="tag" pos="NN">sadness</wf>
<wf cmd="ignore" pos="IN">that</wf>
<wf cmd="done" pos="VB" lemma="run" wnsn="3" lexsn="2:42:00::">ran</wf>
<wf cmd="tag" pos="RB">around</wf>
<wf cmd="ignore" pos="PRP">it</wf>
<wf cmd="tag" pos="RB">only</wf>
<wf cmd="done" pos="VB" lemma="emphasize" wnsn="0" lexsn="2:30:00::">emphasized</wf>
<wf cmd="ignore" pos="DT">the</wf>
<wf cmd="tag" pos="NN">pleasure</wf>
<punc>.</punc>
</s>
</p>
<p pnum="2">
<s snum="3">
<wf cmd="ignore" pos="DT">The</wf>
<wf cmd="tag" pos="NN">evening</wf>
<wf cmd="done" pos="VBD" ot="notag">was</wf>
<wf cmd="tag" pos="RB">not</wf>
<wf cmd="tag" pos="RB">always</wf>
<wf cmd="done" pos="VB" lemma="spend" wnsn="1" lexsn="2:42:00::">spent</wf>
<wf cmd="ignore" pos="IN">in</wf>
<wf cmd="ignore" pos="DT">the</wf>
<wf cmd="tag" pos="JJ">same</wf>
<wf cmd="tag" pos="NN">way</wf>
<punc>.</punc>
</s>
<s snum="4">
<wf cmd="ignore" pos="DT">This</wf>
<wf cmd="tag" pos="NN">year</wf>
<punc>,</punc>
<wf cmd="ignore" pos="IN">on</wf>
<wf cmd="ignore" pos="DT">a</wf>
<wf cmd="tag" pos="NN">night</wf>
<wf cmd="tag" pos="JJ">cool</wf>
<wf cmd="ignore" pos="IN">with</wf>
<wf cmd="ignore" pos="DT">the</wf>
<wf cmd="tag" pos="NN">front</wf>
<wf cmd="ignore" pos="IN">of</wf>
<wf cmd="tag" pos="NNP">September</wf>
<wf cmd="done" pos="VB" lemma="move_in" wnsn="1" lexsn="2:38:02::">moving_in</wf>
<punc>,</punc>
<wf cmd="ignore" pos="CC">but</wf>
<wf cmd="ignore" pos="IN">with</wf>
<wf cmd="tag" pos="NN">plenty</wf>
<wf cmd="ignore" pos="IN">of</wf>
<wf cmd="tag" pos="NN">summer</wf>
<wf cmd="tag" pos="RB">still</wf>
<wf cmd="tag" pos="RB">about</wf>
<punc>,</punc>
<wf cmd="ignore" pos="DT">the</wf>
<wf cmd="tag" pos="NNS">Podgers</wf>
<wf cmd="done" pos="VBD" ot="notag">were</wf>
<wf cmd="done" pos="VB" lemma="hold" wnsn="3" lexsn="2:36:00::">holding</wf>
<wf cmd="ignore" pos="DT">a</wf>
<wf cmd="tag" pos="NN">neighborhood</wf>
<wf cmd="tag" pos="NN">gathering</wf>
<wf cmd="done" pos="VB" ot="notag">in</wf>
<wf cmd="ignore" pos="DT">the</wf>
<wf cmd="tag" pos="NNP">Pod</wf>
<punc>.</punc>
</s>
<s snum="5">
<wf cmd="ignore" pos="DT">The</wf>
<wf cmd="tag" pos="JJ">little</wf>
<wf cmd="tag" pos="NN">cottage</wf>
<wf cmd="done" pos="VBD" ot="notag">was</wf>
<wf cmd="done" pos="VB" lemma="burst" wnsn="5" lexsn="2:42:00::">bursting</wf>
<wf cmd="done" pos="VB" ot="notag">with</wf>
<wf cmd="tag" pos="NNS">people</wf>
<wf cmd="ignore" pos="IN">of</wf>
<wf cmd="ignore" pos="DT">all</wf>
<wf cmd="tag" pos="NNS">ages</wf>
<punc>.</punc>
</s>
</p>
<p pnum="3">
<s snum="6">
<wf cmd="tag" pos="RB">In_the_midst</wf>
<wf cmd="tag" pos="RB">of_it</wf>
<wf cmd="ignore" pos="DT">all</wf>
<punc>,</punc>
<wf cmd="tag" pos="NNP">Mr._Podger</wf>
<wf cmd="done" pos="VB" lemma="come_out" wnsn="1" lexsn="2:30:00::">came_out</wf>
<wf cmd="ignore" pos="IN">on</wf>
<wf cmd="ignore" pos="DT">the</wf>
<wf cmd="tag" pos="NNP">Pod</wf>
<wf cmd="tag" pos="NN">porch</wf>
<punc>,</punc>
<wf cmd="tag" pos="RB">alone</wf>
<punc>.</punc>
</s>
<s snum="7">
<wf cmd="ignore" pos="PRP">He</wf>
<wf cmd="done" pos="VBD" ot="notag">had</wf>
<wf cmd="ignore" pos="IN">that</wf>
<wf cmd="tag" pos="NN">day</wf>
<wf cmd="done" pos="VB" lemma="attend" wnsn="1" lexsn="2:42:00::">attended</wf>
<wf cmd="ignore" pos="DT">a</wf>
<wf cmd="tag" pos="NN">country</wf>
<wf cmd="tag" pos="NN">auction</wf>
<punc>,</punc>
<wf cmd="ignore" pos="CC">and</wf>
<wf cmd="ignore" pos="PRP">he</wf>
<wf cmd="done" pos="VBD" ot="notag">had</wf>
<wf cmd="done" pos="VB" lemma="come_back" wnsn="0" lexsn="2:38:00::">come_back</wf>
<wf cmd="ignore" pos="IN">with</wf>
<wf cmd="ignore" pos="DT">a</wf>
<wf cmd="tag" pos="NN">prize</wf>
<punc>.</punc>
</s>
</p>
<p pnum="4">
<s snum="8">
<wf cmd="ignore" pos="DT">The</wf>
<wf cmd="tag" pos="NN">prize</wf>
<wf cmd="done" pos="VB" lemma="be" wnsn="2" lexsn="2:42:06::">was</wf>
<wf cmd="ignore" pos="DT">an</wf>
<wf cmd="tag" pos="JJ">old-fashioned</wf>
<punc>,</punc>
<wf cmd="tag" pos="JJ">woven</wf>
<wf cmd="tag" pos="NN">cloth</wf>
<wf cmd="tag" pos="NN">hammock</wf>
<punc>,</punc>
<wf cmd="tag" pos="JJ">complete</wf>
<wf cmd="ignore" pos="IN">with</wf>
<wf cmd="tag" pos="JJ">cross-top</wf>
<wf cmd="tag" pos="NN">pillow</wf>
<punc>,</punc>
<wf cmd="tag" pos="JJ">fringed</wf>
<wf cmd="tag" pos="NN">side</wf>
<wf cmd="tag" pos="NNS">pieces</wf>
<punc>,</punc>
<wf cmd="ignore" pos="CC">and</wf>
<wf cmd="tag" pos="NNS">hooks</wf>
<wf cmd="ignore" pos="IN">for</wf>
<wf cmd="tag" pos="NN">hanging</wf>
<punc>.</punc>
</s>
<s snum="9">
<wf cmd="tag" pos="NNP">Mrs._Podger</wf>
<wf cmd="done" pos="VBD" ot="notag">had</wf>
<wf cmd="tag" pos="RB">obligingly</wf>
<wf cmd="done" pos="VB" lemma="push" wnsn="1" lexsn="2:38:00::">pushed</wf>
<wf cmd="tag" pos="NNS">things</wf>
<wf cmd="tag" pos="RB">around</wf>
<wf cmd="ignore" pos="IN">on</wf>
<wf cmd="ignore" pos="DT">the</wf>
<wf cmd="tag" pos="NN">porch</wf>
<wf cmd="ignore" pos="TO">to</wf>
<wf cmd="done" pos="VB" lemma="make" wnsn="3" lexsn="2:36:00::">make</wf>
<wf cmd="tag" pos="NN">room</wf>
<wf cmd="ignore" pos="IN">for</wf>
<wf cmd="ignore" pos="PRP">it</wf>
<punc>,</punc>
<wf cmd="ignore" pos="CC">and</wf>
<wf cmd="ignore" pos="EX">there</wf>
<wf cmd="ignore" pos="PRP">it</wf>
<wf cmd="done" pos="VB" lemma="be" wnsn="1" lexsn="2:42:03::">was</wf>
<punc>,</punc>
<wf cmd="done" pos="VB" lemma="sling" wnsn="1" lexsn="2:35:00::">slung</wf>
<wf cmd="ignore" pos="IN">in</wf>
<wf cmd="ignore" pos="DT">a</wf>
<wf cmd="tag" pos="JJ">vine-shaded</wf>
<wf cmd="tag" pos="NN">corner</wf>
<punc>,</punc>
<wf cmd="ignore" pos="DT">the</wf>
<wf cmd="tag" pos="NN">night</wf>
<wf cmd="tag" pos="NN">breeze</wf>
<wf cmd="done" pos="VB" lemma="ripple" wnsn="1" lexsn="2:38:00::">rippling</wf>
<wf cmd="ignore" pos="PRP$">its</wf>
<wf cmd="tag" pos="NN">fringe</wf>
<wf cmd="ignore" pos="IN">with</wf>
<wf cmd="ignore" pos="DT">a</wf>
<wf cmd="tag" pos="JJ">slow</wf>
<punc>,</punc>
<wf cmd="tag" pos="JJ">caressing</wf>
<wf cmd="tag" pos="NN">movement</wf>
<punc>.</punc>
</s>
</p>
<p pnum="5">
<s snum="10">
<wf cmd="tag" pos="NNP">Mr._Podger</wf>
<wf cmd="done" pos="VB" lemma="sit_down" wnsn="1" lexsn="2:38:00::">sat_down</wf>
<wf cmd="ignore" pos="IN">in</wf>
<wf cmd="ignore" pos="PRP">it</wf>
<punc>,</punc>
<wf cmd="done" pos="VB" lemma="push" wnsn="1" lexsn="2:38:00::">pushed</wf>
<wf cmd="ignore" pos="PRP">himself</wf>
<wf cmd="tag" pos="RB">back_and_forth</wf>
<wf cmd="ignore" pos="IN">in</wf>
<wf cmd="tag" pos="CD">one</wf>
<wf cmd="ignore" pos="CC">or</wf>
<wf cmd="tag" pos="CD">two</wf>
<wf cmd="tag" pos="JJ">slow</wf>
<punc>,</punc>
<wf cmd="tag" pos="JJ">rhythmic</wf>
<wf cmd="tag" pos="NNS">motions</wf>
<punc>,</punc>
<wf cmd="tag" pos="RB">and_then</wf>
<wf cmd="done" pos="VB" lemma="swing" wnsn="1" lexsn="2:38:02::">swung</wf>
<wf cmd="ignore" pos="PRP$">his</wf>
<wf cmd="tag" pos="NNS">feet</wf>
<wf cmd="ignore" pos="IN">up</wf>
<wf cmd="ignore" pos="IN">into</wf>
<wf cmd="ignore" pos="PRP">it</wf>
<punc>.</punc>
</s>
<s snum="11">
<wf cmd="ignore" pos="PRP">He</wf>
<wf cmd="done" pos="VB" lemma="close" wnsn="1" lexsn="2:35:00::">closed</wf>
<wf cmd="ignore" pos="PRP$">his</wf>
<wf cmd="tag" pos="NNS">eyes</wf>
<wf cmd="ignore" pos="CC">and</wf>
<wf cmd="done" pos="VB" lemma="let" wnsn="1" lexsn="2:41:00::">let</wf>
<wf cmd="ignore" pos="DT">the</wf>
<wf cmd="tag" pos="JJ">unintelligible</wf>
<wf cmd="tag" pos="NN">drift</wf>
<wf cmd="ignore" pos="IN">of</wf>
<wf cmd="tag" pos="NNS">voices</wf>
<wf cmd="done" pos="VB" lemma="sweep" wnsn="2" lexsn="2:38:00::">sweep</wf>
<wf cmd="tag" pos="RB">pleasantly</wf>
<wf cmd="ignore" pos="IN">over</wf>
<wf cmd="ignore" pos="PRP">him</wf>
<punc>.</punc>
</s>
<s snum="12">
<wf cmd="tag" pos="RB">Suddenly</wf>
<wf cmd="tag" pos="CD">one</wf>
<wf cmd="tag" pos="JJ">young</wf>
<wf cmd="tag" pos="NN">voice</wf>
<wf cmd="done" pos="VB" lemma="rise" wnsn="7" lexsn="2:38:06::">rose</wf>
<wf cmd="ignore" pos="IN">above</wf>
<wf cmd="ignore" pos="DT">the</wf>
<wf cmd="tag" pos="NNS">others</wf>
<punc>.</punc>
</s>
<s snum="13">
<punc>``</punc>
<wf cmd="ignore" pos="CC">But</wf>
<punc>''</punc>
<punc>,</punc>
<wf cmd="ignore" pos="PRP">it</wf>
<wf cmd="done" pos="VB" lemma="say" wnsn="1" lexsn="2:32:00::">said</wf>
<punc>,</punc>
<punc>``</punc>
<wf cmd="done" pos="VBP" ot="notag">do</wf>
<wf cmd="ignore" pos="PRP">you</wf>
<wf cmd="tag" pos="RB">always</wf>
<wf cmd="done" pos="VB" lemma="know" wnsn="3" lexsn="2:31:02::">know</wf>
<wf cmd="ignore" pos="WRB">when</wf>
<wf cmd="ignore" pos="PRP">you</wf>
<wf cmd="done" rdf="are" pos="VB" lemma="be" wnsn="1" lexsn="2:42:03::">'re</wf>
<wf cmd="tag" pos="JJ">happy</wf>
<punc>''</punc>
<punc>?</punc>
</s>
</p>
<p pnum="6">
<s snum="14">
<wf cmd="ignore" pos="DT">The</wf>
<wf cmd="tag" pos="NN">voice</wf>
<wf cmd="done" pos="VB" lemma="sink" wnsn="7" lexsn="2:30:00::">sank</wf>
<wf cmd="tag" pos="RB">back</wf>
<wf cmd="ignore" pos="IN">into</wf>
<wf cmd="ignore" pos="DT">the</wf>
<wf cmd="tag" pos="JJ">general</wf>
<wf cmd="tag" pos="NN">tangle</wf>
<wf cmd="ignore" pos="IN">of</wf>
<wf cmd="tag" pos="NN">sound</wf>
<punc>,</punc>
<wf cmd="ignore" pos="CC">but</wf>
<wf cmd="ignore" pos="DT">the</wf>
<wf cmd="tag" pos="NN">question</wf>
<wf cmd="done" pos="VB" lemma="stay" wnsn="4" lexsn="2:42:02::">stayed</wf>
<wf cmd="ignore" pos="IN">in</wf>
<wf cmd="tag" pos="NNP">Mr._Podger</wf>
<wf cmd="ignore" pos="POS">'s</wf>
<wf cmd="tag" pos="NN">mind</wf>
<punc>.</punc>
</s>
<s snum="15">
<wf cmd="tag" pos="RB">Here</wf>
<punc>,</punc>
<wf cmd="ignore" pos="IN">in</wf>
<wf cmd="ignore" pos="DT">the</wf>
<wf cmd="tag" pos="JJ">cool</wf>
<punc>,</punc>
<wf cmd="tag" pos="JJ">autumn-touched</wf>
<wf cmd="tag" pos="NN">evening</wf>
<punc>,</punc>
<wf cmd="tag" pos="NNP">Mr._Podger</wf>
<wf cmd="tag" pos="RB">mentally</wf>
<wf cmd="done" pos="VB" lemma="retrace" wnsn="1" lexsn="2:38:00::">retraced</wf>
<wf cmd="ignore" pos="DT">a</wf>
<wf cmd="tag" pos="NN">day</wf>
<wf cmd="ignore" pos="IN">that</wf>
<wf cmd="done" pos="VB" ot="notag">had</wf>
<wf cmd="done" pos="VB" lemma="leave" wnsn="3" lexsn="2:42:02::">left</wf>
<wf cmd="ignore" pos="PRP">him</wf>
<wf cmd="tag" pos="RB">greatly</wf>
<wf cmd="tag" pos="JJ">contented</wf>
<wf cmd="ignore" pos="CC">and</wf>
<wf cmd="tag" pos="JJ">at_peace</wf>
<punc>.</punc>
</s>
</p>
<p pnum="7">
<s snum="16">
<wf cmd="ignore" pos="PRP">It</wf>
<wf cmd="done" pos="VBD" ot="notag">had</wf>
<wf cmd="done" pos="VB" lemma="begin" wnsn="2" lexsn="2:42:00::">begun</wf>
<wf cmd="ignore" pos="IN">with</wf>
<wf cmd="tag" pos="NN">the_blue</wf>
<wf cmd="tag" pos="NN">jay</wf>
<wf cmd="tag" pos="NN">feather</wf>
<punc>.</punc>
</s>
<s snum="17">
<wf cmd="done" pos="VB" lemma="walk" wnsn="1" lexsn="2:38:00::">Walking</wf>
<wf cmd="ignore" pos="IN">along</wf>
<wf cmd="ignore" pos="DT">the</wf>
<wf cmd="tag" pos="NN">lake</wf>
<wf cmd="ignore" pos="IN">before</wf>
<wf cmd="tag" pos="NN">breakfast</wf>
<punc>,</punc>
<wf cmd="tag" pos="NNP">Mr._Podger</wf>
<wf cmd="done" pos="VBD" ot="notag">had</wf>
<wf cmd="done" pos="VB" lemma="see" wnsn="1" lexsn="2:39:00::">seen</wf>
<wf cmd="ignore" pos="DT">the</wf>
<wf cmd="tag" pos="NN">feather</wf>
<punc>,</punc>
<wf cmd="ignore" pos="CC">and</wf>
<wf cmd="tag" pos="NN">the_bird</wf>
<wf cmd="ignore" pos="WDT">that</wf>
<wf cmd="done" pos="VBD" ot="notag">had</wf>
<wf cmd="done" pos="VB" lemma="lose" wnsn="1" lexsn="2:40:02::">lost</wf>
<wf cmd="done" pos="VB" ot="notag">it</wf>
<wf cmd="ignore" pos="IN">in</wf>
<wf cmd="tag" pos="NN">flight</wf>
<punc>.</punc>
</s>
<s snum="18">
<wf cmd="ignore" pos="DT">The</wf>
<wf cmd="tag" pos="JJ">winging</wf>
<wf cmd="tag" pos="NN">spread</wf>
<wf cmd="ignore" pos="IN">of</wf>
<wf cmd="tag" pos="JJ">blue</wf>
<wf cmd="done" pos="VBD" ot="notag">had</wf>
<wf cmd="done" pos="VB" lemma="go_on" wnsn="1" lexsn="2:42:00::">gone_on</wf>
<punc>,</punc>
<wf cmd="done" pos="VB" lemma="call" wnsn="4" lexsn="2:32:09::">calling</wf>
<wf cmd="tag" pos="RB">harshly</wf>
<punc>,</punc>
<wf cmd="ignore" pos="IN">into</wf>
<wf cmd="ignore" pos="DT">the</wf>
<wf cmd="tag" pos="NN">wood</wf>
<punc>.</punc>
</s>
<s snum="19">
<wf cmd="ignore" pos="DT">The</wf>
<wf cmd="tag" pos="JJ">small</wf>
<wf cmd="tag" pos="NN">shaft</wf>
<wf cmd="ignore" pos="IN">of</wf>
<wf cmd="tag" pos="JJ">blue</wf>
<wf cmd="done" pos="VBD" ot="notag">had</wf>
<wf cmd="done" pos="VB" lemma="drift" wnsn="0" lexsn="2:38:00::">drifted</wf>
<wf cmd="tag" pos="RB">down</wf>
<wf cmd="ignore" pos="CC">and</wf>
<wf cmd="done" pos="VB" lemma="come" wnsn="4" lexsn="2:30:03::">come</wf>
<wf cmd="done" pos="VB" ot="notag">to</wf>
<wf cmd="done" pos="VB" lemma="rest" wnsn="1" lexsn="2:35:00::">rest</wf>
<wf cmd="ignore" pos="IN">at</wf>
<wf cmd="ignore" pos="PRP$">his</wf>
<wf cmd="tag" pos="NNS">feet</wf>
<punc>.</punc>
</s>
<s snum="20">
<wf cmd="tag" pos="RB">All_day_long</wf>
<wf cmd="tag" pos="NNP">Mr._Podger</wf>
<punc>,</punc>
<wf cmd="ignore" pos="WP">who</wf>
<wf cmd="done" pos="VB" lemma="be" wnsn="2" lexsn="2:42:06::">was</wf>
<wf cmd="ignore" pos="DT">a</wf>
<wf cmd="tag" pos="JJ">straw-hat</wf>
<wf cmd="tag" pos="NN">man</wf>
<wf cmd="ignore" pos="IN">in</wf>
<wf cmd="ignore" pos="DT">the</wf>
<wf cmd="tag" pos="NN">summer</wf>
<punc>,</punc>
<wf cmd="done" pos="VBD" ot="notag">had</wf>
<wf cmd="done" pos="VB" lemma="wear" wnsn="1" lexsn="2:29:00::">worn</wf>
<wf cmd="ignore" pos="DT">the</wf>
<wf cmd="tag" pos="NN">feather</wf>
<wf cmd="ignore" pos="IN">in</wf>
<wf cmd="ignore" pos="DT">the</wf>
<wf cmd="tag" pos="NN">band</wf>
<wf cmd="ignore" pos="IN">of</wf>
<wf cmd="ignore" pos="PRP$">his</wf>
<wf cmd="tag" pos="JJ">broad-brimmed</wf>
<wf cmd="tag" pos="NN">sunshield</wf>
<punc>.</punc>
</s>
<s snum="21">
<wf cmd="ignore" pos="MD">Would</wf>
<wf cmd="ignore" pos="DT">a</wf>
<wf cmd="tag" pos="JJ">blue</wf>
<wf cmd="tag" pos="NN">feather</wf>
<wf cmd="ignore" pos="IN">in</wf>
<wf cmd="ignore" pos="DT">a</wf>
<wf cmd="tag" pos="NN">man</wf>
<wf cmd="ignore" pos="POS">'s</wf>
<wf cmd="tag" pos="NN">hat</wf>
<wf cmd="done" pos="VB" lemma="make" wnsn="2" lexsn="2:30:00::">make</wf>
<wf cmd="ignore" pos="PRP">him</wf>
<wf cmd="tag" pos="JJ">happy</wf>
<wf cmd="ignore" pos="DT">all</wf>
<wf cmd="tag" pos="NN">day</wf>
<punc>?</punc>
</s>
<s snum="22">
<wf cmd="tag" pos="RB">Hardly</wf>
<punc>.</punc>
</s>
<s snum="23">
<wf cmd="ignore" pos="CC">But</wf>
<wf cmd="ignore" pos="PRP">it</wf>
<wf cmd="done" pos="VB" lemma="be" wnsn="1" lexsn="2:42:03::">was</wf>
<wf cmd="tag" pos="NN">something</wf>
<wf cmd="ignore" pos="TO">to</wf>
<wf cmd="done" pos="VB" ot="notag">have</wf>
<wf cmd="done" pos="VB" lemma="see" wnsn="1" lexsn="2:39:00::">seen</wf>
<wf cmd="ignore" pos="PRP">it</wf>
<wf cmd="done" pos="VB" lemma="float" wnsn="1" lexsn="2:38:00::">floating</wf>
<wf cmd="tag" pos="RB">down</wf>
<wf cmd="ignore" pos="IN">through</wf>
<wf cmd="ignore" pos="DT">the</wf>
<wf cmd="tag" pos="JJ">early</wf>
<wf cmd="tag" pos="NN">morning</wf>
<wf cmd="tag" pos="NN">sunshine</wf>
<punc>,</punc>
<wf cmd="done" pos="VB" lemma="link" wnsn="3" lexsn="2:42:01::">linking</wf>
<wf cmd="tag" pos="NN">the_blue</wf>
<wf cmd="ignore" pos="IN">of</wf>
<wf cmd="ignore" pos="DT">the</wf>
<wf cmd="tag" pos="NN">sky</wf>
<wf cmd="ignore" pos="IN">with</wf>
<wf cmd="tag" pos="NN">the_blue</wf>
<wf cmd="ignore" pos="IN">of</wf>
<wf cmd="ignore" pos="DT">the</wf>
<wf cmd="tag" pos="NNS">asters</wf>
<wf cmd="ignore" pos="IN">by</wf>
<wf cmd="ignore" pos="DT">the</wf>
<wf cmd="tag" pos="NN">lake</wf>
<punc>.</punc>
</s>
</p>
<p pnum="8">
<s snum="24">
<wf cmd="tag" pos="RB">Then</wf>
<punc>,</punc>
<wf cmd="ignore" pos="IN">since</wf>
<wf cmd="ignore" pos="DT">the</wf>
<wf cmd="tag" pos="NN">auction</wf>
<wf cmd="done" pos="VBD" ot="notag">was</wf>
<wf cmd="done" pos="VBG" ot="notag">being</wf>
<wf cmd="done" pos="VB" lemma="hold" wnsn="3" lexsn="2:36:00::">held</wf>
<wf cmd="tag" pos="JJ">nearby</wf>
<punc>,</punc>
<wf cmd="ignore" pos="PRP">he</wf>
<wf cmd="done" pos="VBD" ot="notag">had</wf>
<wf cmd="done" pos="VB" lemma="walk" wnsn="1" lexsn="2:38:00::">walked</wf>
<wf cmd="tag" pos="RB">to_it</wf>
<punc>.</punc>
</s>
<s snum="25">
<wf cmd="ignore" pos="CC">And</wf>
<wf cmd="ignore" pos="EX">there</wf>
<punc>,</punc>
<wf cmd="tag" pos="RB">on_the_way</wf>
<punc>,</punc>
<wf cmd="done" pos="VBD" ot="notag">had</wf>
<wf cmd="done" pos="VB" lemma="be" wnsn="1" lexsn="2:42:03::">been</wf>
<wf cmd="ignore" pos="DT">the</wf>
<wf cmd="tag" pos="NN">box_turtle</wf>
<punc>,</punc>
<wf cmd="ignore" pos="IN">that</wf>
<wf cmd="tag" pos="JJ">slow</wf>
<punc>,</punc>
<wf cmd="tag" pos="JJ">self-contained</wf>
<punc>,</punc>
<wf cmd="tag" pos="JJ">world-ignoring</wf>
<wf cmd="tag" pos="NN">relic</wf>
<wf cmd="ignore" pos="IN">of</wf>
<wf cmd="tag" pos="JJ">pre-history</wf>
<punc>,</punc>
<wf cmd="tag" pos="JJ">bent</wf>
<punc>,</punc>
<wf cmd="ignore" pos="IN">for</wf>
<wf cmd="tag" pos="NNS">reasons</wf>
<wf cmd="tag" pos="JJS">best</wf>
<wf cmd="done" pos="VB" lemma="know" wnsn="1" lexsn="2:31:01::">known</wf>
<wf cmd="ignore" pos="TO">to</wf>
<wf cmd="ignore" pos="PRP">itself</wf>
<punc>,</punc>
<wf cmd="ignore" pos="IN">on</wf>
<wf cmd="done" pos="VB" lemma="cross" wnsn="1" lexsn="2:38:00::">crossing</wf>
<wf cmd="ignore" pos="DT">the</wf>
<wf cmd="tag" pos="NN">road</wf>
<punc>.</punc>
</s>
<s snum="26">
<wf cmd="ignore" pos="PRP">It</wf>
<wf cmd="done" pos="VBD" ot="notag">was</wf>
<wf cmd="done" pos="VB" lemma="do" wnsn="4" lexsn="2:42:00::">doing</wf>
<wf cmd="tag" pos="RB">very_well</wf>
<punc>,</punc>
<wf cmd="tag" pos="RB">too</wf>
<punc>,</punc>
<wf cmd="done" pos="VBG" ot="notag">having</wf>
<wf cmd="done" pos="VB" lemma="reach" wnsn="7" lexsn="2:38:06::">reached</wf>
<wf cmd="ignore" pos="DT">the</wf>
<wf cmd="tag" pos="NN">center</wf>
<punc>,</punc>
<wf cmd="ignore" pos="CC">and</wf>
<wf cmd="done" pos="VBD" ot="notag">was</wf>
<wf cmd="done" pos="VB" lemma="pursue" wnsn="4" lexsn="2:41:01::">pursuing</wf>
<wf cmd="ignore" pos="PRP$">its</wf>
<wf cmd="tag" pos="NN">way</wf>
<wf cmd="ignore" pos="IN">with</wf>
<wf cmd="tag" pos="JJ">commendable</wf>
<wf cmd="tag" pos="NN">singleness</wf>
<wf cmd="ignore" pos="IN">of</wf>
<wf cmd="tag" pos="NN">purpose</wf>
<wf cmd="ignore" pos="WRB">when</wf>
<wf cmd="tag" pos="NNP">Mr._Podger</wf>
<wf cmd="done" pos="VB" lemma="see" wnsn="4" lexsn="2:36:00::">saw</wf>
<wf cmd="tag" pos="NN">hazard</wf>
<wf cmd="done" pos="VB" lemma="approach" wnsn="1" lexsn="2:38:00::">approaching</wf>
<wf cmd="ignore" pos="IN">in</wf>
<wf cmd="ignore" pos="DT">the</wf>
<wf cmd="tag" pos="NN">shape</wf>
<wf cmd="ignore" pos="IN">of</wf>
<wf cmd="ignore" pos="DT">a</wf>
<wf cmd="tag" pos="JJ">flashy</wf>
<wf cmd="tag" pos="JJ">little</wf>
<wf cmd="tag" pos="NN">sports_car</wf>
<punc>.</punc>
</s>
<s snum="27">
<wf cmd="ignore" pos="MD">Would</wf>
<wf cmd="ignore" pos="DT">the</wf>
<wf cmd="tag" pos="NN">driver</wf>
<wf cmd="done" pos="VB" lemma="see" wnsn="1" lexsn="2:39:00::">see</wf>
<wf cmd="ignore" pos="DT">the</wf>
<wf cmd="tag" pos="NN">turtle</wf>
<punc>?</punc>
</s>
<s snum="28">
<wf cmd="ignore" pos="MD">Would</wf>
<wf cmd="ignore" pos="PRP">he</wf>
<wf cmd="done" pos="VB" lemma="take_pains" wnsn="1" lexsn="2:41:00::">take_pains</wf>
<wf cmd="ignore" pos="TO">to</wf>
<wf cmd="done" pos="VB" lemma="avoid" wnsn="1" lexsn="2:32:00::">avoid</wf>
<wf cmd="ignore" pos="PRP">it</wf>
<punc>?</punc>
</s>
</p>
<p pnum="9">
<s snum="29">
<wf cmd="tag" pos="NNP">Mr._Podger</wf>
<wf cmd="done" rdf="take_a_chance" pos="VB" lemma="take_a_chance" wnsn="1" lexsn="2:41:00::">took_no_chances</wf>
<punc>.</punc>
</s>
<s snum="30">
<wf cmd="done" pos="VB" lemma="take_off" wnsn="0" lexsn="2:35:01::">Taking_off</wf>
<wf cmd="ignore" pos="PRP$">his</wf>
<wf cmd="tag" pos="NN">hat</wf>
<wf cmd="ignore" pos="CC">and</wf>
<wf cmd="done" pos="VB" lemma="signal" wnsn="1" lexsn="2:32:00::">signaling</wf>
<wf cmd="ignore" pos="DT">the</wf>
<wf cmd="tag" pos="NN">driver</wf>
<wf cmd="tag" pos="RB">with_it</wf>
<punc>,</punc>
<wf cmd="tag" pos="NNP">Mr._Podger</wf>
<wf cmd="done" pos="VB" lemma="step" wnsn="1" lexsn="2:38:00::">stepped</wf>
<wf cmd="done" pos="VB" ot="notag">into</wf>
<wf cmd="ignore" pos="DT">the</wf>
<wf cmd="tag" pos="NN">road</wf>
<punc>,</punc>
<wf cmd="done" pos="VB" lemma="lift" wnsn="1" lexsn="2:38:00::">lifted</wf>
<wf cmd="ignore" pos="DT">the</wf>
<wf cmd="tag" pos="JJ">surprised</wf>
<wf cmd="tag" pos="NN">turtle</wf>
<wf cmd="ignore" pos="CC">and</wf>
<wf cmd="done" pos="VB" lemma="consummate" wnsn="2" lexsn="2:36:00::">consummated</wf>
<wf cmd="ignore" pos="PRP$">its</wf>
<wf cmd="tag" pos="NN">road-crossing</wf>
<wf cmd="ignore" pos="IN">with</wf>
<wf cmd="ignore" pos="WP">what</wf>
<wf cmd="ignore" pos="MD">must</wf>
<wf cmd="done" pos="VB" ot="notag">have</wf>
<wf cmd="done" pos="VB" lemma="be" wnsn="1" lexsn="2:42:03::">been</wf>
<wf cmd="ignore" pos="DT">a</wf>
<wf cmd="tag" pos="JJ">breath-taking</wf>
<wf cmd="tag" pos="NN">suddenness</wf>
<punc>.</punc>
</s>
</p>
<p pnum="10">
<s snum="31">
<wf cmd="ignore" pos="DT">The</wf>
<wf cmd="tag" pos="NN">turtle</wf>
<wf cmd="tag" pos="RB">immediately</wf>
<wf cmd="done" pos="VB" lemma="withdraw" wnsn="6" lexsn="2:30:00::">withdrew</wf>
<wf cmd="ignore" pos="IN">into</wf>
<wf cmd="ignore" pos="PRP$">its</wf>
<wf cmd="tag" pos="JJ">private</wf>
<wf cmd="tag" pos="NN">council</wf>
<wf cmd="tag" pos="NN">room</wf>
<wf cmd="ignore" pos="TO">to</wf>
<wf cmd="done" pos="VB" lemma="study" wnsn="6" lexsn="2:31:04::">study</wf>
<wf cmd="ignore" pos="DT">the</wf>
<wf cmd="tag" pos="NN">phenomenon</wf>
<punc>.</punc>
</s>
<s snum="32">
<wf cmd="ignore" pos="CC">But</wf>
<wf cmd="tag" pos="NNP">Mr._Podger</wf>
<wf cmd="ignore" pos="CC">and</wf>
<wf cmd="ignore" pos="DT">the</wf>
<wf cmd="tag" pos="NN">driver</wf>
<wf cmd="ignore" pos="IN">of</wf>
<wf cmd="ignore" pos="DT">the</wf>
<wf cmd="tag" pos="NN">sports_car</wf>
<wf cmd="done" pos="VB" lemma="wave" wnsn="1" lexsn="2:32:00::">waved</wf>
<wf cmd="ignore" pos="IN">at</wf>
<wf cmd="ignore" pos="DT">each</wf>
<wf cmd="tag" pos="NN">other</wf>
<punc>.</punc>
</s>
<s snum="33">
<wf cmd="tag" pos="RB">Here</wf>
<wf cmd="ignore" pos="IN">in</wf>
<wf cmd="ignore" pos="DT">the</wf>
<wf cmd="tag" pos="JJ">cool</wf>
<wf cmd="tag" pos="NN">darkness</wf>
<wf cmd="tag" pos="NNP">Mr._Podger</wf>
<wf cmd="ignore" pos="MD">could</wf>
<wf cmd="tag" pos="RB">still</wf>
<wf cmd="done" pos="VB" lemma="feel" wnsn="3" lexsn="2:39:00::">feel</wf>
<wf cmd="ignore" pos="DT">the</wf>
<wf cmd="tag" pos="NN">warmth</wf>
<wf cmd="ignore" pos="IN">of</wf>
<wf cmd="tag" pos="NN">midday</wf>
<punc>,</punc>
<wf cmd="ignore" pos="MD">could</wf>
<wf cmd="tag" pos="RB">still</wf>
<wf cmd="done" pos="VB" lemma="see" wnsn="1" lexsn="2:39:00::">see</wf>
<wf cmd="ignore" pos="DT">the</wf>
<wf cmd="tag" pos="JJ">yellow</wf>
<wf cmd="tag" pos="NNS">butterflies</wf>
<wf cmd="done" pos="VB" lemma="dance" wnsn="1" lexsn="2:38:01::">dancing</wf>
<wf cmd="ignore" pos="IN">over</wf>
<wf cmd="ignore" pos="DT">the</wf>
<wf cmd="tag" pos="NN">road</wf>
<punc>,</punc>
<wf cmd="ignore" pos="MD">could</wf>
<wf cmd="tag" pos="RB">still</wf>
<wf cmd="done" pos="VB" lemma="see" wnsn="1" lexsn="2:39:00::">see</wf>
<wf cmd="ignore" pos="DT">the</wf>
<wf cmd="tag" pos="JJ">friendly</wf>
<wf cmd="tag" pos="NN">grin</wf>
<wf cmd="ignore" pos="IN">on</wf>
<wf cmd="ignore" pos="DT">the</wf>
<wf cmd="tag" pos="JJ">young</wf>
<punc>,</punc>
<wf cmd="tag" pos="JJ">sun-browned</wf>
<wf cmd="tag" pos="NN">face</wf>
<wf cmd="ignore" pos="IN">as</wf>
<wf cmd="ignore" pos="DT">the</wf>
<wf cmd="tag" pos="NN">driver</wf>
<wf cmd="done" pos="VB" lemma="look_back" wnsn="1" lexsn="2:39:00::">looked_back</wf>
<wf cmd="ignore" pos="IN">over</wf>
<wf cmd="ignore" pos="PRP$">his</wf>
<wf cmd="tag" pos="NN">shoulder</wf>
<wf cmd="ignore" pos="IN">for</wf>
<wf cmd="ignore" pos="DT">a</wf>
<wf cmd="tag" pos="NN">moment</wf>
<wf cmd="ignore" pos="IN">before</wf>
<wf cmd="ignore" pos="DT">the</wf>
<wf cmd="tag" pos="NN">car</wf>
<wf cmd="done" pos="VB" lemma="streak" wnsn="1" lexsn="2:38:00::">streaked</wf>
<wf cmd="tag" pos="RB">out_of_sight</wf>
<punc>.</punc>
</s>
</p>
<p pnum="11">
<s snum="34">
<wf cmd="ignore" pos="WRB">Where</wf>
<wf cmd="done" pos="VB" lemma="be" wnsn="3" lexsn="2:42:05::">was</wf>
<wf cmd="ignore" pos="DT">the</wf>
<wf cmd="tag" pos="NN">driver</wf>
<wf cmd="tag" pos="RB">now</wf>
<punc>?</punc>
</s>
<s snum="35">
<wf cmd="ignore" pos="WP">What</wf>
<wf cmd="done" pos="VBD" ot="notag">was</wf>
<wf cmd="ignore" pos="PRP">he</wf>
<wf cmd="done" pos="VB" lemma="do" wnsn="3" lexsn="2:41:04::">doing</wf>
<punc>?</punc>
</s>
<s snum="36">
<wf cmd="ignore" pos="CC">And</wf>
<wf cmd="ignore" pos="DT">the</wf>
<wf cmd="tag" pos="NN">turtle</wf>
<punc>?</punc>
</s>
<s snum="37">
<wf cmd="tag" pos="NNP">Mr._Podger</wf>
<wf cmd="done" pos="VB" lemma="smile" wnsn="1" lexsn="2:29:00::">smiled</wf>
<punc>.</punc>
</s>
<s snum="38">
<wf cmd="ignore" pos="IN">For</wf>
<wf cmd="tag" pos="JJ">a_few</wf>
<wf cmd="tag" pos="JJ">brief</wf>
<wf cmd="tag" pos="NNS">minutes</wf>
<wf cmd="ignore" pos="PRP">they</wf>
<wf cmd="done" pos="VBD" ot="notag">had</wf>
<wf cmd="ignore" pos="DT">all</wf>
<wf cmd="done" pos="VB" lemma="be" wnsn="1" lexsn="2:42:03::">been</wf>
<wf cmd="tag" pos="NN">part</wf>
<wf cmd="done" pos="VB" ot="notag">of</wf>
<wf cmd="tag" pos="CD">one</wf>
<wf cmd="tag" pos="JJ">little</wf>
<wf cmd="tag" pos="NN">drama</wf>
<punc>.</punc>
</s>
<s snum="39">
<wf cmd="ignore" pos="DT">The</wf>
<wf cmd="tag" pos="CD">three</wf>
<wf cmd="ignore" pos="MD">would</wf>
<wf cmd="tag" pos="RB">never</wf>
<wf cmd="done" pos="VB" lemma="meet" wnsn="1" lexsn="2:38:01::">meet</wf>
<wf cmd="tag" pos="RB">again</wf>
<punc>,</punc>
<wf cmd="ignore" pos="CC">but</wf>
<wf cmd="tag" pos="RB">for_some_reason</wf>
<wf cmd="ignore" pos="CC">or</wf>
<wf cmd="tag" pos="JJ">other</wf>
<wf cmd="tag" pos="NNP">Mr._Podger</wf>
<wf cmd="done" pos="VB" lemma="be" wnsn="1" lexsn="2:42:03::">was</wf>
<wf cmd="tag" pos="JJ">sure</wf>
<wf cmd="ignore" pos="PRP">he</wf>
<wf cmd="ignore" pos="MD">would</wf>
<wf cmd="tag" pos="RB">always</wf>
<wf cmd="done" pos="VB" lemma="remember" wnsn="3" lexsn="2:31:02::">remember</wf>
<wf cmd="ignore" pos="DT">the</wf>
<wf cmd="tag" pos="NN">incident</wf>
<punc>.</punc>
</s>
</p>
<p pnum="12">
<s snum="40">
<wf cmd="tag" pos="RB">Then</wf>
<wf cmd="ignore" pos="EX">there</wf>
<wf cmd="done" pos="VBD" ot="notag">had</wf>
<wf cmd="done" pos="VB" lemma="be" wnsn="5" lexsn="2:42:04::">been</wf>
<wf cmd="ignore" pos="DT">the</wf>
<wf cmd="tag" pos="NN">auction</wf>
<wf cmd="ignore" pos="PRP">itself</wf>
<punc>.</punc>
</s>
<s snum="41">
<wf cmd="tag" pos="NNP">Mr._Podger</wf>
<wf cmd="done" pos="VB" lemma="hear" wnsn="1" lexsn="2:39:00::">heard</wf>
<wf cmd="tag" pos="RB">again</wf>
<punc>,</punc>
<wf cmd="tag" pos="RB">at_will</wf>
<punc>,</punc>
<wf cmd="ignore" pos="DT">the</wf>
<wf cmd="tag" pos="NN">voice</wf>
<wf cmd="ignore" pos="IN">of</wf>
<wf cmd="ignore" pos="DT">the</wf>
<wf cmd="tag" pos="NN">auctioneer</wf>
<punc>,</punc>
<wf cmd="ignore" pos="DT">the</wf>
<wf cmd="tag" pos="NNS">voices</wf>
<wf cmd="ignore" pos="IN">of</wf>
<wf cmd="ignore" pos="DT">the</wf>
<wf cmd="tag" pos="NNS">bidders</wf>
<punc>,</punc>
<wf cmd="ignore" pos="CC">and</wf>
<wf cmd="tag" pos="RB">finally</wf>
<wf cmd="ignore" pos="DT">the</wf>
<wf cmd="tag" pos="JJ">small</wf>
<wf cmd="tag" pos="NN">boy</wf>
<wf cmd="ignore" pos="WP">who</wf>
<wf cmd="done" pos="VBD" ot="notag">had</wf>
<wf cmd="done" pos="VB" lemma="be" wnsn="1" lexsn="2:42:03::">been</wf>
<wf cmd="tag" pos="RB">so</wf>
<wf cmd="tag" pos="JJ">interested</wf>
<wf cmd="ignore" pos="IN">in</wf>
<wf cmd="tag" pos="NNP">Mr._Podger</wf>
<wf cmd="ignore" pos="POS">'s</wf>
<wf cmd="tag" pos="NN">hammock</wf>
<wf cmd="tag" pos="NN">purchase</wf>
<punc>.</punc>
</s>
</p>
<p pnum="13">
<s snum="42">
<punc>``</punc>
<wf cmd="ignore" pos="PRP">I</wf>
<wf cmd="done" pos="VB" lemma="like" wnsn="2" lexsn="2:37:05::">like</wf>
<wf cmd="ignore" pos="PRP">them</wf>
<wf cmd="tag" pos="NNS">things</wf>
<punc>,</punc>
<wf cmd="tag" pos="RB">too</wf>
<punc>''</punc>
<punc>,</punc>
<wf cmd="ignore" pos="PRP">he</wf>
<wf cmd="done" pos="VBD" ot="notag">had</wf>
<wf cmd="done" pos="VB" lemma="say" wnsn="1" lexsn="2:32:00::">said</wf>
<punc>.</punc>
</s>
<s snum="43">
<punc>``</punc>
<wf cmd="ignore" pos="PRP">We</wf>
<wf cmd="done" pos="VBD" ot="notag">got</wf>
<wf cmd="tag" pos="CD">one</wf>
<wf cmd="tag" pos="RB">at_home</wf>
<punc>.</punc>
</s>
<s snum="44">
<wf cmd="ignore" pos="PRP">You</wf>
<wf cmd="done" pos="VB" lemma="know" wnsn="1" lexsn="2:31:01::">know</wf>
<wf cmd="ignore" pos="WP">what</wf>
<punc>?</punc>
</s>
<s snum="45">
<wf cmd="ignore" pos="IN">If</wf>
<wf cmd="ignore" pos="PRP">you</wf>
<wf cmd="done" rdf="are" pos="VBP" ot="notag">'re</wf>
<wf cmd="done" rdf="lying" pos="VB" lemma="lie" wnsn="2" lexsn="2:35:00::">lyin</wf>
<punc>'</punc>
<wf cmd="ignore" pos="IN">out</wf>
<wf cmd="ignore" pos="IN">in</wf>
<wf cmd="ignore" pos="DT">the</wf>
<wf cmd="tag" pos="NN">hammock</wf>
<wf cmd="ignore" pos="IN">at</wf>
<wf cmd="tag" pos="NN">night</wf>
<punc>,</punc>
<wf cmd="ignore" pos="CC">and</wf>
<wf cmd="ignore" pos="PRP">it</wf>
<wf cmd="done" pos="VB" lemma="get" wnsn="2" lexsn="2:30:00::">gets</wf>
<wf cmd="tag" pos="RB">kinda</wf>
<wf cmd="tag" pos="JJ">cool</wf>
<punc>-</punc>
<wf cmd="done" pos="VB" ot="notag">you_know</wf>
<punc>-</punc>
<wf cmd="ignore" pos="PRP">you</wf>
<wf cmd="tag" pos="RB">just</wf>
<wf cmd="done" pos="VB" lemma="take" wnsn="4" lexsn="2:35:00::">take</wf>
<wf cmd="ignore" pos="DT">these</wf>
<wf cmd="tag" pos="NN">sides</wf>
<wf cmd="done" pos="VB" ot="notag">with</wf>
<wf cmd="ignore" pos="DT">the</wf>
<wf cmd="tag" pos="NN">fringe</wf>
<wf cmd="ignore" pos="IN">on</wf>
<punc>-</punc>
<wf cmd="done" pos="VB" ot="notag">see</wf>
<punc>-</punc>
<wf cmd="ignore" pos="CC">and</wf>
<wf cmd="done" pos="VB" lemma="wrap" wnsn="2" lexsn="2:35:02::">wrap</wf>
<punc>'</punc>
<wf cmd="ignore" pos="PRP">em</wf>
<wf cmd="tag" pos="NN">right</wf>
<wf cmd="ignore" pos="IN">over</wf>
<wf cmd="ignore" pos="PRP">you</wf>
<punc>.</punc>
</s>
<s snum="46">
<wf cmd="ignore" pos="PRP">I</wf>
<wf cmd="done" pos="VB" lemma="do" wnsn="1" lexsn="2:41:01::">do</wf>
<wf cmd="done" pos="VB" ot="notag">it</wf>
<punc>,</punc>
<wf cmd="tag" pos="NNS">lots</wf>
<wf cmd="ignore" pos="IN">o</wf>
<punc>'</punc>
<wf cmd="tag" pos="NNS">times</wf>
<punc>-</punc>
<wf cmd="ignore" pos="PRP">I</wf>
<wf cmd="done" pos="VB" lemma="like" wnsn="2" lexsn="2:37:05::">like</wf>
<wf cmd="ignore" pos="TO">to</wf>
<wf cmd="done" pos="VB" lemma="lie" wnsn="2" lexsn="2:35:00::">lie</wf>
<wf cmd="done" pos="VB" ot="notag">in</wf>
<wf cmd="ignore" pos="DT">a</wf>
<wf cmd="tag" pos="NN">hammock</wf>
<wf cmd="ignore" pos="IN">at</wf>
<wf cmd="tag" pos="NN">night</wf>
<punc>,</punc>
<wf cmd="ignore" pos="IN">by</wf>
<wf cmd="ignore" pos="PRP">myself</wf>
<punc>,</punc>
<wf cmd="ignore" pos="WRB">when</wf>
<wf cmd="ignore" pos="PRP">it</wf>
<wf cmd="done" rdf="is" pos="VB" lemma="be" wnsn="1" lexsn="2:42:03::">'s</wf>
<wf cmd="ignore" pos="DT">all</wf>
<wf cmd="tag" pos="NN">quiet</wf>
<punc>.</punc>
</s>
<s snum="47">
<wf cmd="ignore" pos="DT">The</wf>
<wf cmd="tag" pos="NN">wind</wf>
<wf cmd="done" pos="VB" lemma="move" wnsn="2" lexsn="2:38:01::">moves</wf>
<wf cmd="ignore" pos="PRP">it</wf>
<wf cmd="tag" pos="RB">a_little</wf>
<wf cmd="tag" pos="NN">bit</wf>
<punc>-</punc>
<wf cmd="ignore" pos="PRP">you</wf>
<wf cmd="done" pos="VBP" ot="notag">know</wf>
<punc>''</punc>
<punc>.</punc>
</s>
</p>
<p pnum="14">
<s snum="48">
<wf cmd="tag" pos="NNP">Mr._Podger</wf>
<wf cmd="done" pos="VBD" ot="notag">had</wf>
<wf cmd="done" pos="VB" lemma="thank" wnsn="1" lexsn="2:32:00::">thanked</wf>
<wf cmd="ignore" pos="PRP">him</wf>
<wf cmd="tag" pos="RB">gravely</wf>
<punc>,</punc>
<wf cmd="ignore" pos="CC">and</wf>
<wf cmd="tag" pos="RB">now</wf>
<wf cmd="ignore" pos="PRP">he</wf>
<wf cmd="done" pos="VB" lemma="make" wnsn="1" lexsn="2:41:00::">made</wf>
<wf cmd="tag" pos="NN">use</wf>
<wf cmd="done" pos="VB" ot="notag">of</wf>
<wf cmd="ignore" pos="DT">the</wf>
<wf cmd="tag" pos="NN">advice</wf>
<punc>.</punc>
</s>
<s snum="49">
<wf cmd="ignore" pos="IN">As</wf>
<wf cmd="ignore" pos="PRP">he</wf>
<wf cmd="done" pos="VB" lemma="pull" wnsn="1" lexsn="2:35:00::">pulled</wf>
<wf cmd="ignore" pos="DT">the</wf>
<wf cmd="tag" pos="JJ">fringed</wf>
<wf cmd="tag" pos="NNS">sides</wf>
<wf cmd="tag" pos="RB">up</wf>
<wf cmd="ignore" pos="CC">and</wf>
<wf cmd="done" pos="VB" lemma="make" wnsn="11" lexsn="2:36:05::">made</wf>
<wf cmd="ignore" pos="PRP">himself</wf>
<wf cmd="ignore" pos="IN">into</wf>
<wf cmd="ignore" pos="DT">a</wf>
<wf cmd="tag" pos="NN">cocoon</wf>
<punc>,</punc>
<wf cmd="tag" pos="NNP">Mr._Podger</wf>
<wf cmd="done" pos="VB" lemma="see" wnsn="4" lexsn="2:36:00::">saw</wf>
<wf cmd="ignore" pos="IN">that</wf>
<wf cmd="tag" pos="JJ">thin</wf>
<punc>,</punc>
<wf cmd="tag" pos="JJ">attractive</wf>
<punc>,</punc>
<wf cmd="tag" pos="JJ">freckled</wf>
<wf cmd="tag" pos="JJ">little</wf>
<wf cmd="tag" pos="NN">face</wf>
<wf cmd="tag" pos="RB">again</wf>
<punc>,</punc>
<wf cmd="ignore" pos="CC">and</wf>
<wf cmd="done" pos="VB" lemma="hope" wnsn="2" lexsn="2:37:00::">hoped</wf>
<wf cmd="ignore" pos="IN">that</wf>
<wf cmd="ignore" pos="DT">the</wf>
<wf cmd="tag" pos="NN">boy</wf>
<punc>,</punc>
<wf cmd="tag" pos="RB">too</wf>
<punc>,</punc>
<wf cmd="done" pos="VB" ot="notag">was</wf>
<wf cmd="done" pos="VB" lemma="lie" wnsn="2" lexsn="2:35:00::">lying</wf>
<wf cmd="ignore" pos="IN">in</wf>
<wf cmd="ignore" pos="DT">a</wf>
<wf cmd="tag" pos="JJ">cool</wf>
<punc>,</punc>
<wf cmd="tag" pos="JJ">fringed-wrapped</wf>
<wf cmd="tag" pos="NN">quiet</wf>
<punc>.</punc>
</s>
</p>
<p pnum="15">
<s snum="50">
<wf cmd="tag" pos="NNP">Alacrity</wf>
<punc>,</punc>
<wf cmd="ignore" pos="DT">the</wf>
<wf cmd="tag" pos="NNP">Podger</wf>
<wf cmd="tag" pos="NN">cat</wf>
<punc>,</punc>
<wf cmd="done" pos="VB" lemma="come" wnsn="1" lexsn="2:38:00::">came</wf>
<wf cmd="done" pos="VB" ot="notag">by</wf>
<wf cmd="ignore" pos="DT">the</wf>
<wf cmd="tag" pos="NN">hammock</wf>
<punc>,</punc>
<wf cmd="done" pos="VB" lemma="rub" wnsn="1" lexsn="2:35:00::">rubbed</wf>
<wf cmd="ignore" pos="PRP$">her</wf>
<wf cmd="tag" pos="RB">back</wf>
<wf cmd="tag" pos="NN">briefly</wf>
<wf cmd="ignore" pos="IN">against</wf>
<wf cmd="ignore" pos="PRP">it</wf>
<punc>,</punc>
<wf cmd="tag" pos="RB">and_then</wf>
<punc>,</punc>
<wf cmd="tag" pos="JJ">sure</wf>
<wf cmd="ignore" pos="IN">of</wf>
<wf cmd="ignore" pos="DT">a</wf>
<wf cmd="tag" pos="JJ">welcome</wf>
<punc>,</punc>
<wf cmd="done" pos="VB" lemma="hop" wnsn="2" lexsn="2:38:04::">hopped</wf>
<wf cmd="tag" pos="RB">up</wf>
<punc>.</punc>
</s>
<s snum="51">
<wf cmd="ignore" pos="PRP">She</wf>
<wf cmd="done" pos="VB" lemma="remark" wnsn="1" lexsn="2:32:00::">remarked</wf>
<wf cmd="ignore" pos="IN">that</wf>
<wf cmd="ignore" pos="PRP">she</wf>
<wf cmd="done" pos="VB" lemma="find" wnsn="5" lexsn="2:31:10::">found</wf>
<wf cmd="ignore" pos="DT">the</wf>
<wf cmd="tag" pos="NN">night</wf>
<wf cmd="tag" pos="NN">wind</wf>
<wf cmd="tag" pos="RB">a_little</wf>
<wf cmd="tag" pos="JJ">chilly</wf>
<punc>,</punc>
<wf cmd="ignore" pos="CC">and</wf>
<wf cmd="tag" pos="NNP">Mr._Podger</wf>
<wf cmd="done" pos="VB" lemma="take" wnsn="3" lexsn="2:38:09::">took</wf>
<wf cmd="ignore" pos="PRP">her</wf>
<wf cmd="ignore" pos="IN">inside</wf>
<wf cmd="ignore" pos="DT">the</wf>
<wf cmd="tag" pos="NN">fringe</wf>
<punc>.</punc>
</s>
<s snum="52">
<wf cmd="tag" pos="RB">Soon</wf>
<wf cmd="ignore" pos="PRP$">her</wf>
<wf cmd="tag" pos="NN">purring</wf>
<wf cmd="done" pos="VB" lemma="rival" wnsn="1" lexsn="2:42:00::">rivaled</wf>
<wf cmd="ignore" pos="DT">the</wf>
<wf cmd="tag" pos="NN">chirping</wf>
<wf cmd="ignore" pos="IN">of</wf>
<wf cmd="ignore" pos="DT">the</wf>
<wf cmd="tag" pos="NN">tree_crickets</wf>
<punc>,</punc>
<wf cmd="done" pos="VB" lemma="rival" wnsn="1" lexsn="2:42:00::">rivaled</wf>
<wf cmd="ignore" pos="DT">the</wf>
<wf cmd="tag" pos="NN">hum</wf>
<wf cmd="ignore" pos="IN">of</wf>
<wf cmd="tag" pos="NNS">voices</wf>
<wf cmd="ignore" pos="IN">from</wf>
<wf cmd="ignore" pos="IN">inside</wf>
<wf cmd="ignore" pos="DT">the</wf>
<wf cmd="tag" pos="NNP">Pod</wf>
<punc>.</punc>
</s>
</p>
<p pnum="16">
<s snum="53">
<wf cmd="tag" pos="NNP">Mr._Podger</wf>
<wf cmd="done" pos="VBD" ot="notag">was</wf>
<wf cmd="tag" pos="RB">just</wf>
<wf cmd="done" pos="VB" lemma="add" wnsn="1" lexsn="2:30:00::">adding</wf>
<wf cmd="ignore" pos="DT">this</wf>
<wf cmd="ignore" pos="TO">to</wf>
<wf cmd="ignore" pos="PRP$">his</wf>
<wf cmd="tag" pos="NNS">pictures</wf>
<wf cmd="ignore" pos="IN">of</wf>
<wf cmd="ignore" pos="DT">the</wf>
<wf cmd="tag" pos="NN">day</wf>
<wf cmd="ignore" pos="WRB">when</wf>
<wf cmd="ignore" pos="DT">the</wf>
<wf cmd="tag" pos="NN">screen_door</wf>
<wf cmd="done" pos="VB" lemma="open" wnsn="3" lexsn="2:35:06::">opened</wf>
<wf cmd="ignore" pos="CC">and</wf>
<wf cmd="tag" pos="NNP">Pam</wf>
<wf cmd="done" pos="VB" lemma="burst_out" wnsn="2" lexsn="2:30:01::">burst_out</wf>
<punc>.</punc>
</s>
<s snum="54">
<punc>``</punc>
<wf cmd="tag" pos="NN">Dad</wf>
<punc>''</punc>
<punc>!</punc>
<wf cmd="ignore" pos="PRP">she</wf>
<wf cmd="done" pos="VB" lemma="say" wnsn="1" lexsn="2:32:00::">said</wf>
<punc>.</punc>
</s>
<s snum="55">
<punc>``</punc>
<wf cmd="ignore" pos="PRP">It</wf>
<wf cmd="done" pos="VB" ot="notag">'s</wf>
<wf cmd="done" pos="VB" lemma="get" wnsn="2" lexsn="2:30:00::">getting</wf>
<wf cmd="tag" pos="RB">so</wf>
<wf cmd="tag" pos="JJ">chilly</wf>
<wf cmd="ignore" pos="PRP">we</wf>
<wf cmd="done" rdf="have" pos="VBP" ot="notag">'ve</wf>
<wf cmd="done" pos="VB" lemma="light" wnsn="2" lexsn="2:34:00::">lighted</wf>
<wf cmd="ignore" pos="DT">a</wf>
<wf cmd="tag" pos="NN">fire</wf>
<punc>,</punc>
<wf cmd="ignore" pos="CC">and</wf>
<wf cmd="ignore" pos="PRP">we</wf>
<wf cmd="done" rdf="are" pos="VBP" ot="notag">'re</wf>
<wf cmd="done" pos="VB" ot="notag">going_to</wf>
<wf cmd="done" pos="VB" lemma="tell" wnsn="3" lexsn="2:32:01::">tell</wf>
<wf cmd="ignore" pos="DT">a</wf>
<wf cmd="tag" pos="NN">round_robin</wf>
<wf cmd="tag" pos="NN">story</wf>
<punc>-</punc>
<wf cmd="ignore" pos="DT">a</wf>
<wf cmd="tag" pos="JJ">nice</wf>
<punc>,</punc>
<wf cmd="tag" pos="JJ">scary</wf>
<wf cmd="tag" pos="CD">one</wf>
<punc>.</punc>
</s>
<s snum="56">
<wf cmd="ignore" pos="PRP">We</wf>
<wf cmd="done" pos="VB" lemma="need" wnsn="1" lexsn="2:42:00::">need</wf>
<wf cmd="ignore" pos="PRP">you</wf>
<wf cmd="ignore" pos="TO">to</wf>
<wf cmd="done" pos="VB" lemma="start" wnsn="2" lexsn="2:30:01::">start</wf>
<wf cmd="ignore" pos="PRP">it</wf>
<punc>.</punc>
</s>
<s snum="57">
<wf cmd="ignore" pos="WRB">Why</wf>
<wf cmd="done" pos="VB" lemma="be" wnsn="1" lexsn="2:42:03::">are</wf>
<wf cmd="ignore" pos="PRP">you</wf>
<wf cmd="ignore" pos="IN">out</wf>
<wf cmd="tag" pos="RB">here</wf>
<wf cmd="ignore" pos="DT">all</wf>
<wf cmd="ignore" pos="IN">by</wf>
<wf cmd="ignore" pos="PRP">yourself</wf>
<punc>?</punc>
</s>
<s snum="58">
<wf cmd="done" pos="VB" lemma="be" wnsn="1" lexsn="2:42:03::">Are</wf>
<wf cmd="tag" pos="RB">n't</wf>
<wf cmd="ignore" pos="PRP">you</wf>
<wf cmd="tag" pos="JJ">happy</wf>
<punc>''</punc>
<punc>?</punc>
</s>
</p>
<p pnum="17">
<s snum="59">
<wf cmd="tag" pos="NNP">Mr._Podger</wf>
<wf cmd="done" pos="VB" lemma="open" wnsn="1" lexsn="2:35:00::">opened</wf>
<wf cmd="ignore" pos="PRP$">his</wf>
<wf cmd="tag" pos="NN">cocoon</wf>
<wf cmd="ignore" pos="CC">and</wf>
<wf cmd="done" pos="VB" lemma="emerge" wnsn="1" lexsn="2:30:00::">emerged</wf>
<punc>,</punc>
<wf cmd="done" pos="VB" lemma="tuck" wnsn="1" lexsn="2:35:00::">tucking</wf>
<wf cmd="tag" pos="NNP">Alacrity</wf>
<wf cmd="ignore" pos="IN">under</wf>
<wf cmd="ignore" pos="PRP$">his</wf>
<wf cmd="tag" pos="NN">arm</wf>
<wf cmd="ignore" pos="TO">to</wf>
<wf cmd="done" pos="VB" lemma="bring" wnsn="1" lexsn="2:38:00::">bring</wf>
<wf cmd="ignore" pos="PRP">her</wf>
<wf cmd="ignore" pos="IN">in</wf>
<wf cmd="ignore" pos="IN">by</wf>
<wf cmd="ignore" pos="DT">the</wf>
<wf cmd="tag" pos="NN">fire</wf>
<punc>.</punc>
</s>
<s snum="60">
<punc>``</punc>
<wf cmd="tag" pos="RB">Of_course</wf>
<wf cmd="ignore" pos="PRP">I</wf>
<wf cmd="done" pos="VB" lemma="be" wnsn="1" lexsn="2:42:03::">am</wf>
<punc>''</punc>
<punc>,</punc>
<wf cmd="ignore" pos="PRP">he</wf>
<wf cmd="done" pos="VB" lemma="say" wnsn="1" lexsn="2:32:00::">said</wf>
<punc>.</punc>
</s>
<s snum="61">
<punc>``</punc>
<wf cmd="tag" pos="RB">Never</wf>
<wf cmd="tag" pos="JJR">happier</wf>
<wf cmd="ignore" pos="IN">in</wf>
<wf cmd="ignore" pos="PRP$">my</wf>
<wf cmd="tag" pos="NN">life</wf>
<punc>.</punc>
</s>
<s snum="62">
<wf cmd="ignore" pos="PRP">I</wf>
<wf cmd="tag" pos="RB">just</wf>
<wf cmd="done" pos="VB" lemma="come" wnsn="1" lexsn="2:38:00::">came</wf>
<wf cmd="tag" pos="RB">out</wf>
<wf cmd="tag" pos="RB">here</wf>
<wf cmd="ignore" pos="TO">to</wf>
<wf cmd="done" pos="VB" lemma="know" wnsn="3" lexsn="2:31:02::">know</wf>
<wf cmd="ignore" pos="PRP">it</wf>
<punc>''</punc>
<punc>.</punc>
</s>
</p>
<p pnum="18">
<s snum="63">
<wf cmd="ignore" pos="IN">As</wf>
<wf cmd="ignore" pos="DT">the</wf>
<wf cmd="tag" pos="NNP">South</wf>
<wf cmd="done" pos="VB" lemma="begin" wnsn="0" lexsn="2:36:00::">begins</wf>
<wf cmd="ignore" pos="DT">another</wf>
<wf cmd="tag" pos="NN">school_year</wf>
<punc>,</punc>
<wf cmd="tag" pos="JJ">national</wf>
<wf cmd="ignore" pos="CC">and</wf>
<wf cmd="tag" pos="RB">even</wf>
<wf cmd="tag" pos="NN">world</wf>
<wf cmd="tag" pos="NN">attention</wf>
<wf cmd="done" pos="VBZ" ot="notag">is</wf>
<wf cmd="done" pos="VB" lemma="direct" wnsn="2" lexsn="2:33:01::">directed</wf>
<wf cmd="ignore" pos="IN">at</wf>
<wf cmd="ignore" pos="DT">the</wf>
<wf cmd="tag" pos="NN">region</wf>
<wf cmd="ignore" pos="POS">'s</wf>
<wf cmd="tag" pos="JJ">slow</wf>
<wf cmd="tag" pos="NN">progress</wf>
<wf cmd="ignore" pos="IN">toward</wf>
<wf cmd="tag" pos="JJ">racial</wf>
<wf cmd="tag" pos="NN">equality</wf>
<wf cmd="ignore" pos="IN">in</wf>
<wf cmd="ignore" pos="DT">the</wf>
<wf cmd="tag" pos="NN">public_schools</wf>
<punc>.</punc>
</s>
</p>
<p pnum="19">
<s snum="64">
<wf cmd="tag" pos="NN">Desegregation</wf>
<wf cmd="done" pos="VBZ" ot="notag">is</wf>
<wf cmd="done" pos="VB" lemma="begin" wnsn="2" lexsn="2:42:00::">beginning</wf>
<wf cmd="ignore" pos="IN">in</wf>
<wf cmd="tag" pos="CD">two</wf>
<wf cmd="tag" pos="JJR">more</wf>
<wf cmd="tag" pos="JJ">important</wf>
<wf cmd="tag" pos="NNP">Southern</wf>
<wf cmd="tag" pos="NNS">cities</wf>
<punc>-</punc>
<wf cmd="tag" pos="NNP">Dallas</wf>
<wf cmd="ignore" pos="CC">and</wf>
<wf cmd="tag" pos="NNP">Atlanta</wf>
<punc>.</punc>
</s>
<s snum="65">
<wf cmd="ignore" pos="IN">In</wf>
<wf cmd="ignore" pos="DT">each</wf>
<wf cmd="tag" pos="NN">city</wf>
<wf cmd="tag" pos="JJ">civic</wf>
<wf cmd="ignore" pos="CC">and</wf>
<wf cmd="tag" pos="NN">education</wf>
<wf cmd="tag" pos="NNS">leaders</wf>
<wf cmd="done" pos="VBP" ot="notag">have</wf>
<wf cmd="done" pos="VBN" ot="notag">been</wf>
<wf cmd="done" pos="VB" lemma="work" wnsn="1" lexsn="2:41:02::">working</wf>
<wf cmd="tag" pos="JJ">hard</wf>
<wf cmd="ignore" pos="TO">to</wf>
<wf cmd="done" pos="VB" lemma="get" wnsn="3" lexsn="2:30:02::">get</wf>
<wf cmd="tag" pos="NN">public_opinion</wf>
<wf cmd="tag" pos="JJ">prepared</wf>
<wf cmd="ignore" pos="TO">to</wf>
<wf cmd="done" pos="VB" lemma="accept" wnsn="4" lexsn="2:31:01::">accept</wf>
<wf cmd="ignore" pos="DT">the</wf>
<wf cmd="tag" pos="NN">inevitability</wf>
<wf cmd="ignore" pos="IN">of</wf>
<wf cmd="tag" pos="JJ">equal</wf>
<wf cmd="tag" pos="NN">treatment</wf>
<punc>.</punc>
</s>
</p>
<p pnum="20">
<s snum="66">
<wf cmd="ignore" pos="DT">These</wf>
<wf cmd="tag" pos="NNS">programs</wf>
<wf cmd="done" pos="VB" lemma="emphasize" wnsn="0" lexsn="2:30:00::">emphasize</wf>
<wf cmd="ignore" pos="DT">the</wf>
<wf cmd="tag" pos="NN">acceptance</wf>
<wf cmd="ignore" pos="IN">of</wf>
<wf cmd="tag" pos="JJ">biracial</wf>
<wf cmd="tag" pos="NNS">classrooms</wf>
<wf cmd="tag" pos="RB">peacefully</wf>
<punc>.</punc>
</s>
<s snum="67">
<wf cmd="ignore" pos="DT">The</wf>
<wf cmd="tag" pos="NNS">programs</wf>
<wf cmd="done" pos="VBP" ot="notag">do</wf>
<wf cmd="tag" pos="RB">not</wf>
<wf cmd="done" pos="VB" lemma="take" wnsn="10" lexsn="2:31:01::">take</wf>
<wf cmd="tag" pos="NN">sides</wf>
<wf cmd="ignore" pos="IN">on</wf>
<wf cmd="ignore" pos="DT">the</wf>
<wf cmd="tag" pos="NN">issue</wf>
<wf cmd="ignore" pos="PRP">itself</wf>
<punc>.</punc>
</s>
<s snum="68">
<wf cmd="ignore" pos="PRP">They</wf>
<wf cmd="done" pos="VB" lemma="point_out" wnsn="2" lexsn="2:32:03::">point_out</wf>
<wf cmd="tag" pos="RB">simply</wf>
<wf cmd="ignore" pos="IN">that</wf>
<punc>``</punc>
<wf cmd="ignore" pos="PRP">it</wf>
<wf cmd="done" pos="VB" lemma="be" wnsn="2" lexsn="2:42:06::">is</wf>
<wf cmd="ignore" pos="DT">the</wf>
<wf cmd="tag" pos="NN">law</wf>
<wf cmd="ignore" pos="IN">of</wf>
<wf cmd="ignore" pos="DT">the</wf>
<wf cmd="tag" pos="NN">land</wf>
<punc>''</punc>
<punc>.</punc>
</s>
</p>
<p pnum="21">
<s snum="69">
<wf cmd="ignore" pos="DT">The</wf>
<wf cmd="tag" pos="CD">two</wf>
<wf cmd="tag" pos="NNS">cities</wf>
<wf cmd="done" pos="VB" lemma="have" wnsn="1" lexsn="2:40:00::">have</wf>
<wf cmd="ignore" pos="DT">the</wf>
<wf cmd="tag" pos="NNS">examples</wf>
<wf cmd="ignore" pos="IN">of</wf>
<wf cmd="tag" pos="NN">Little_Rock</wf>
<wf cmd="ignore" pos="CC">and</wf>
<wf cmd="tag" pos="NN">New_Orleans</wf>
<wf cmd="ignore" pos="TO">to</wf>
<wf cmd="done" pos="VB" lemma="hold_up" wnsn="2" lexsn="2:39:00::">hold_up</wf>
<wf cmd="ignore" pos="IN">as</wf>
<wf cmd="tag" pos="NNS">warnings</wf>
<wf cmd="ignore" pos="IN">against</wf>
<wf cmd="done" pos="VB" lemma="resort" wnsn="1" lexsn="2:41:11::">resorting</wf>
<wf cmd="done" pos="VB" ot="notag">to</wf>
<wf cmd="tag" pos="NN">violence</wf>
<wf cmd="ignore" pos="TO">to</wf>
<wf cmd="done" pos="VB" lemma="try" wnsn="1" lexsn="2:41:00::">try</wf>
<wf cmd="ignore" pos="TO">to</wf>
<wf cmd="done" pos="VB" lemma="stop" wnsn="2" lexsn="2:42:00::">stop</wf>
<wf cmd="ignore" pos="DT">the</wf>
<wf cmd="tag" pos="NNS">processes</wf>
<wf cmd="ignore" pos="IN">of</wf>
<wf cmd="tag" pos="NN">desegregation</wf>
<punc>.</punc>
</s>
<s snum="70">
<wf cmd="tag" pos="RB">Even</wf>
<wf cmd="tag" pos="JJR">better</wf>
<punc>,</punc>
<wf cmd="ignore" pos="PRP">they</wf>
<wf cmd="done" pos="VB" lemma="have" wnsn="1" lexsn="2:40:00::">have</wf>
<wf cmd="ignore" pos="DT">the</wf>
<wf cmd="tag" pos="NNS">examples</wf>
<wf cmd="ignore" pos="IN">of</wf>
<wf cmd="tag" pos="NNP">Nashville</wf>
<wf cmd="ignore" pos="CC">and</wf>
<wf cmd="tag" pos="NNP">Houston</wf>
<wf cmd="ignore" pos="TO">to</wf>
<wf cmd="done" pos="VB" lemma="hold_up" wnsn="2" lexsn="2:39:00::">hold_up</wf>
<wf cmd="ignore" pos="IN">as</wf>
<wf cmd="tag" pos="JJ">peaceful</wf>
<wf cmd="ignore" pos="CC">and</wf>
<wf cmd="tag" pos="JJ">progressive</wf>
<wf cmd="tag" pos="NNS">programs</wf>
<punc>.</punc>
</s>
</p>
<p pnum="22">
<s snum="71">
<wf cmd="ignore" pos="IN">In</wf>
<wf cmd="ignore" pos="DT">each</wf>
<wf cmd="tag" pos="NN">case</wf>
<wf cmd="ignore" pos="EX">there</wf>
<wf cmd="done" pos="VB" lemma="be" wnsn="5" lexsn="2:42:04::">was</wf>
<wf cmd="ignore" pos="DT">an</wf>
<wf cmd="tag" pos="JJ">initial</wf>
<wf cmd="tag" pos="NN">act</wf>
<wf cmd="ignore" pos="IN">of</wf>
<wf cmd="tag" pos="NN">violence</wf>
<punc>.</punc>
</s>
<s snum="72">
<wf cmd="ignore" pos="IN">In</wf>
<wf cmd="tag" pos="NNP">Nashville</wf>
<punc>,</punc>
<wf cmd="ignore" pos="DT">a</wf>
<wf cmd="tag" pos="NN">school</wf>
<wf cmd="done" pos="VBD" ot="notag">was</wf>
<wf cmd="done" pos="VB" lemma="dynamite" wnsn="1" lexsn="2:30:00::">dynamited</wf>
<punc>.</punc>
</s>
<s snum="73">
<wf cmd="ignore" pos="IN">In</wf>
<wf cmd="tag" pos="NNP">Houston</wf>
<punc>,</punc>
<wf cmd="ignore" pos="EX">there</wf>
<wf cmd="done" pos="VB" lemma="be" wnsn="5" lexsn="2:42:04::">were</wf>
<wf cmd="tag" pos="JJ">a_few</wf>
<wf cmd="tag" pos="NNS">incidents</wf>
<wf cmd="ignore" pos="IN">of</wf>
<wf cmd="tag" pos="NN">friction</wf>
<wf cmd="ignore" pos="IN">between</wf>
<wf cmd="tag" pos="NNS">whites</wf>
<wf cmd="ignore" pos="CC">and</wf>
<wf cmd="tag" pos="NNPS">Negroes</wf>
<punc>,</punc>
<wf cmd="tag" pos="NN">none</wf>
<wf cmd="tag" pos="RB">of_which</wf>
<wf cmd="done" pos="VB" lemma="be" wnsn="1" lexsn="2:42:03::">were</wf>
<wf cmd="tag" pos="JJ">serious</wf>
<punc>.</punc>
</s>
</p>
<p pnum="23">
<s snum="74">
<wf cmd="ignore" pos="IN">In</wf>
<wf cmd="ignore" pos="DT">each</wf>
<wf cmd="tag" pos="NN">city</wf>
<wf cmd="tag" pos="JJ">quick</wf>
<wf cmd="tag" pos="JJ">public</wf>
<wf cmd="tag" pos="NN">reaction</wf>
<wf cmd="ignore" pos="CC">and</wf>
<wf cmd="tag" pos="RB">fast</wf>
<wf cmd="tag" pos="NN">action</wf>
<wf cmd="ignore" pos="IN">by</wf>
<wf cmd="ignore" pos="DT">the</wf>
<wf cmd="tag" pos="NN">city</wf>
<wf cmd="tag" pos="NN">government</wf>
<wf cmd="done" pos="VB" lemma="halt" wnsn="3" lexsn="2:41:00::">halted</wf>
<wf cmd="ignore" pos="DT">the</wf>
<wf cmd="tag" pos="NNS">threats</wf>
<wf cmd="ignore" pos="IN">of</wf>
<wf cmd="tag" pos="RBR">more</wf>
<wf cmd="tag" pos="JJ">serious</wf>
<wf cmd="tag" pos="NNS">incidents</wf>
<punc>.</punc>
</s>
</p>
<p pnum="24">
<s snum="75">
<wf cmd="ignore" pos="DT">The</wf>
<wf cmd="tag" pos="NNP">Nashville</wf>
<wf cmd="tag" pos="NN">plan</wf>
<punc>,</punc>
<wf cmd="tag" pos="RB">incidentally</wf>
<punc>,</punc>
<wf cmd="done" pos="VBZ" ot="notag">has</wf>
<wf cmd="done" pos="VB" lemma="become" wnsn="1" lexsn="2:30:00::">become</wf>
<wf cmd="tag" pos="JJ">recognized</wf>
<wf cmd="ignore" pos="IN">as</wf>
<wf cmd="tag" pos="RB">perhaps</wf>
<wf cmd="tag" pos="RB">the_most</wf>
<wf cmd="tag" pos="JJ">acceptable</wf>
<wf cmd="ignore" pos="CC">and</wf>
<wf cmd="tag" pos="RB">thus</wf>
<wf cmd="tag" pos="RB">the_most</wf>
<wf cmd="tag" pos="JJ">practical</wf>
<wf cmd="ignore" pos="TO">to</wf>
<wf cmd="done" pos="VB" lemma="put" wnsn="2" lexsn="2:35:05::">put</wf>
<wf cmd="done" pos="VB" ot="notag">into</wf>
<wf cmd="tag" pos="NN">effect</wf>
<wf cmd="ignore" pos="IN">in</wf>
<wf cmd="ignore" pos="DT">the</wf>
<wf cmd="tag" pos="JJ">troubled</wf>
<wf cmd="tag" pos="NNP">South</wf>
<punc>.</punc>
</s>
<s snum="76">
<wf cmd="ignore" pos="PRP">It</wf>
<wf cmd="done" pos="VB" lemma="be" wnsn="2" lexsn="2:42:06::">is</wf>
<wf cmd="ignore" pos="DT">a</wf>
<punc>``</punc>
<wf cmd="tag" pos="JJ">stair-step</wf>
<punc>''</punc>
<wf cmd="tag" pos="NN">plan</wf>
<punc>,</punc>
<wf cmd="tag" pos="RB">in_which</wf>
<wf cmd="tag" pos="NN">desegregation</wf>
<wf cmd="done" pos="VB" lemma="begin" wnsn="2" lexsn="2:42:00::">begins</wf>
<wf cmd="ignore" pos="IN">in</wf>
<wf cmd="ignore" pos="DT">the</wf>
<wf cmd="tag" pos="NN">first_grade</wf>
<punc>.</punc>
</s>
<s snum="77">
<wf cmd="tag" pos="RB">Each_year</wf>
<wf cmd="ignore" pos="DT">another</wf>
<wf cmd="tag" pos="NN">grade</wf>
<wf cmd="done" pos="VB" ot="notag">is</wf>
<wf cmd="done" pos="VB" lemma="add" wnsn="1" lexsn="2:30:00::">added</wf>
<wf cmd="ignore" pos="TO">to</wf>
<wf cmd="ignore" pos="DT">the</wf>
<wf cmd="tag" pos="NN">process</wf>
<punc>,</punc>
<wf cmd="ignore" pos="IN">until</wf>
<wf cmd="tag" pos="RB">finally</wf>
<wf cmd="ignore" pos="DT">all</wf>
<wf cmd="tag" pos="CD">12</wf>
<wf cmd="tag" pos="NNS">grades</wf>
<wf cmd="done" pos="VB" lemma="be" wnsn="1" lexsn="2:42:03::">are</wf>
<wf cmd="tag" pos="JJ">integrated</wf>
<punc>.</punc>
</s>
<s snum="78">
<wf cmd="ignore" pos="DT">The</wf>
<wf cmd="tag" pos="NNS">schedules</wf>
<wf cmd="done" pos="VB" lemma="be" wnsn="1" lexsn="2:42:03::">are</wf>
<wf cmd="tag" pos="JJ">flexible</wf>
<wf cmd="tag" pos="RB">so_that</wf>
<wf cmd="ignore" pos="DT">the</wf>
<wf cmd="tag" pos="NN">program</wf>
<wf cmd="ignore" pos="MD">can</wf>
<wf cmd="done" pos="VB" ot="notag">be</wf>
<wf cmd="done" pos="VB" lemma="accelerate" wnsn="1" lexsn="2:30:00::">accelerated</wf>
<wf cmd="ignore" pos="IN">as</wf>
<wf cmd="ignore" pos="DT">the</wf>
<wf cmd="tag" pos="JJ">public</wf>
<wf cmd="done" pos="VB" lemma="become" wnsn="1" lexsn="2:30:00::">becomes</wf>
<wf cmd="tag" pos="RBR">more</wf>
<wf cmd="tag" pos="JJ">tolerant</wf>
<wf cmd="ignore" pos="CC">or</wf>
<wf cmd="done" pos="VB" lemma="realize" wnsn="2" lexsn="2:31:00::">realizes</wf>
<wf cmd="ignore" pos="IN">that</wf>
<wf cmd="ignore" pos="PRP">it</wf>
<wf cmd="done" pos="VB" lemma="be" wnsn="2" lexsn="2:42:06::">is</wf>
<wf cmd="tag" pos="NN">something</wf>
<wf cmd="ignore" pos="IN">that</wf>
<wf cmd="done" pos="VB" lemma="have" wnsn="0" lexsn="2:42:05::">has</wf>
<wf cmd="done" pos="VB" ot="notag">to</wf>
<wf cmd="done" pos="VB" ot="notag">be</wf>
<wf cmd="done" pos="VB" lemma="do" wnsn="1" lexsn="2:41:01::">done</wf>
<punc>,</punc>
<punc>``</punc>
<wf cmd="tag" pos="RB">so</wf>
<wf cmd="ignore" pos="WRB">why</wf>
<wf cmd="tag" pos="RB">not</wf>
<wf cmd="tag" pos="RB">now</wf>
<punc>''</punc>
<punc>.</punc>
</s>
</p>
<p pnum="25">
<s snum="79">
<wf cmd="ignore" pos="DT">The</wf>
<wf cmd="tag" pos="NN">program</wf>
<wf cmd="done" pos="VBZ" ot="notag">has</wf>
<wf cmd="done" pos="VB" lemma="work" wnsn="3" lexsn="2:41:03::">worked</wf>
<wf cmd="tag" pos="RB">well</wf>
<wf cmd="ignore" pos="IN">in</wf>
<wf cmd="ignore" pos="DT">both</wf>
<wf cmd="tag" pos="NNP">Nashville</wf>
<wf cmd="ignore" pos="CC">and</wf>
<wf cmd="tag" pos="NNP">Houston</wf>
<punc>.</punc>
</s>
<s snum="80">
<wf cmd="ignore" pos="PRP">It</wf>
<wf cmd="done" pos="VB" lemma="meet" wnsn="1" lexsn="2:38:01::">met</wf>
<wf cmd="ignore" pos="DT">a</wf>
<wf cmd="tag" pos="JJ">serious</wf>
<wf cmd="tag" pos="NN">rebuff</wf>
<wf cmd="ignore" pos="IN">in</wf>
<wf cmd="tag" pos="NN">New_Orleans</wf>
<punc>,</punc>
<wf cmd="ignore" pos="WRB">where</wf>
<wf cmd="ignore" pos="DT">the</wf>
<wf cmd="tag" pos="CD">two</wf>
<wf cmd="tag" pos="NNS">schools</wf>
<wf cmd="done" pos="VB" lemma="select" wnsn="1" lexsn="2:31:00::">selected</wf>
<wf cmd="ignore" pos="IN">for</wf>
<wf cmd="ignore" pos="DT">the</wf>
<wf cmd="tag" pos="JJ">first</wf>
<wf cmd="tag" pos="NNS">moves</wf>
<wf cmd="ignore" pos="IN">toward</wf>
<wf cmd="tag" pos="NN">integration</wf>
<wf cmd="done" pos="VBD" ot="notag">were</wf>
<wf cmd="done" pos="VB" lemma="boycott" wnsn="1" lexsn="2:41:00::">boycotted</wf>
<wf cmd="ignore" pos="IN">by</wf>
<wf cmd="tag" pos="JJ">white</wf>
<wf cmd="tag" pos="NNS">parents</wf>
<punc>.</punc>
</s>
<s snum="81">
<wf cmd="ignore" pos="DT">Another</wf>
<wf cmd="tag" pos="NN">attempt</wf>
<wf cmd="ignore" pos="MD">will</wf>
<wf cmd="done" pos="VB" ot="notag">be</wf>
<wf cmd="done" pos="VB" lemma="make" wnsn="5" lexsn="2:36:08::">made</wf>
<wf cmd="ignore" pos="DT">this</wf>
<wf cmd="tag" pos="NN">year</wf>
<wf cmd="ignore" pos="IN">in</wf>
<wf cmd="tag" pos="NN">New_Orleans</wf>
<wf cmd="ignore" pos="TO">to</wf>
<wf cmd="done" pos="VB" lemma="resume" wnsn="2" lexsn="2:30:01::">resume</wf>
<wf cmd="ignore" pos="DT">the</wf>
<wf cmd="tag" pos="NN">program</wf>
<punc>.</punc>
</s>
</p>
<p pnum="26">
<s snum="82">
<wf cmd="tag" pos="RB">Generally</wf>
<punc>,</punc>
<wf cmd="ignore" pos="IN">throughout</wf>
<wf cmd="ignore" pos="DT">the</wf>
<wf cmd="tag" pos="NNP">South</wf>
<punc>,</punc>
<wf cmd="ignore" pos="EX">there</wf>
<wf cmd="done" pos="VB" lemma="be" wnsn="5" lexsn="2:42:04::">is</wf>
<wf cmd="ignore" pos="DT">a</wf>
<wf cmd="tag" pos="JJ">growing</wf>
<wf cmd="tag" pos="NN">impatience</wf>
<wf cmd="ignore" pos="IN">with</wf>
<wf cmd="ignore" pos="DT">the</wf>
<wf cmd="tag" pos="NN">pattern</wf>
<wf cmd="ignore" pos="IN">of</wf>
<wf cmd="tag" pos="NN">violence</wf>
<wf cmd="ignore" pos="IN">with</wf>
<wf cmd="ignore" pos="WDT">which</wf>
<wf cmd="ignore" pos="DT">every</wf>
<wf cmd="tag" pos="NN">step</wf>
<wf cmd="ignore" pos="IN">of</wf>
<wf cmd="tag" pos="NN">desegregation</wf>
<wf cmd="done" pos="VBZ" ot="notag">is</wf>
<wf cmd="done" pos="VB" lemma="meet" wnsn="10" lexsn="2:33:00::">met</wf>
<punc>.</punc>
</s>
</p>
<p pnum="27">
<s snum="83">
<wf cmd="tag" pos="RB">Perhaps</wf>
<wf cmd="tag" pos="RB">the_most</wf>
<wf cmd="tag" pos="JJ">eloquent</wf>
<wf cmd="tag" pos="NN">move</wf>
<wf cmd="ignore" pos="IN">toward</wf>
<wf cmd="tag" pos="NN">removal</wf>
<wf cmd="ignore" pos="IN">of</wf>
<wf cmd="tag" pos="JJ">racial</wf>
<wf cmd="tag" pos="NNS">barriers</wf>
<wf cmd="done" pos="VBZ" ot="notag">has</wf>
<wf cmd="done" pos="VB" lemma="be" wnsn="5" lexsn="2:42:04::">been</wf>
<wf cmd="ignore" pos="IN">in</wf>
<wf cmd="tag" pos="NNP">Dallas</wf>
<punc>.</punc>
</s>
<s snum="84">
<wf cmd="ignore" pos="IN">During</wf>
<wf cmd="ignore" pos="DT">the</wf>
<wf cmd="tag" pos="NN">summer</wf>
<punc>,</punc>
<wf cmd="tag" pos="NNPS">Negroes</wf>
<wf cmd="done" pos="VB" lemma="begin" wnsn="1" lexsn="2:30:00::">began</wf>
<wf cmd="tag" pos="RB">quietly</wf>
<wf cmd="done" pos="VB" lemma="patronize" wnsn="2" lexsn="2:41:00::">patronizing</wf>
<wf cmd="tag" pos="RB">previously</wf>
<wf cmd="tag" pos="JJ">segregated</wf>
<wf cmd="tag" pos="NNS">restaurants</wf>
<wf cmd="ignore" pos="CC">and</wf>
<wf cmd="tag" pos="NN">lunch</wf>
<wf cmd="tag" pos="NNS">counters</wf>
<wf cmd="ignore" pos="IN">in</wf>
<wf cmd="tag" pos="NN">downtown</wf>
<wf cmd="tag" pos="JJ">retail</wf>
<wf cmd="tag" pos="NNS">establishments</wf>
<punc>.</punc>
</s>
<s snum="85">
<wf cmd="ignore" pos="PRP">It</wf>
<wf cmd="done" pos="VB" lemma="be" wnsn="1" lexsn="2:42:03::">was</wf>
<wf cmd="tag" pos="NN">part</wf>
<wf cmd="done" pos="VB" ot="notag">of</wf>
<wf cmd="ignore" pos="DT">a</wf>
<wf cmd="tag" pos="JJ">citywide</wf>
<wf cmd="tag" pos="NN">move</wf>
<wf cmd="ignore" pos="IN">toward</wf>
<wf cmd="tag" pos="JJ">full</wf>
<wf cmd="tag" pos="NN">integration</wf>
<punc>.</punc>
</s>
</p>
<p pnum="28">
<s snum="86">
<wf cmd="tag" pos="RB">So</wf>
<wf cmd="tag" pos="JJ">successful</wf>
<wf cmd="done" pos="VBZ" ot="notag">has</wf>
<wf cmd="done" pos="VB" lemma="be" wnsn="1" lexsn="2:42:03::">been</wf>
<wf cmd="ignore" pos="DT">this</wf>
<wf cmd="tag" pos="NN">program</wf>
<punc>,</punc>
<wf cmd="done" pos="VB" lemma="work_out" wnsn="1" lexsn="2:30:00::">worked_out</wf>
<wf cmd="ignore" pos="IN">by</wf>
<wf cmd="tag" pos="JJ">white</wf>
<wf cmd="ignore" pos="CC">and</wf>
<wf cmd="tag" pos="NNP">Negro</wf>
<wf cmd="tag" pos="NN">civic_leaders</wf>
<punc>,</punc>
<wf cmd="ignore" pos="IN">that</wf>
<wf cmd="tag" pos="JJ">further</wf>
<wf cmd="tag" pos="NNS">extensions</wf>
<wf cmd="done" pos="VBP" ot="notag">are</wf>
<wf cmd="done" pos="VB" lemma="expect" wnsn="1" lexsn="2:31:00::">expected</wf>
<wf cmd="ignore" pos="IN">in</wf>
<wf cmd="ignore" pos="DT">the</wf>
<wf cmd="tag" pos="JJ">next</wf>
<wf cmd="tag" pos="JJ">few</wf>
<wf cmd="tag" pos="NNS">months</wf>
<punc>.</punc>
</s>
<s snum="87">
<wf cmd="tag" pos="NNPS">Hotels</wf>
<punc>,</punc>
<wf cmd="tag" pos="RB">for_example</wf>
<punc>,</punc>
<wf cmd="done" pos="VB" lemma="be" wnsn="1" lexsn="2:42:03::">are</wf>
<wf cmd="tag" pos="JJ">ready</wf>
<wf cmd="ignore" pos="TO">to</wf>
<wf cmd="done" pos="VB" lemma="let_down" wnsn="1" lexsn="2:38:00::">let_down</wf>
<wf cmd="ignore" pos="DT">the</wf>
<wf cmd="tag" pos="NNS">bars</wf>
<punc>.</punc>
</s>
<s snum="88">
<wf cmd="tag" pos="RB">Already</wf>
<punc>,</punc>
<wf cmd="tag" pos="RB">at_least</wf>
<wf cmd="tag" pos="CD">one</wf>
<wf cmd="tag" pos="NN">hotel</wf>
<wf cmd="done" pos="VBZ" ot="notag">has</wf>
<wf cmd="done" pos="VBN" ot="notag">been</wf>
<wf cmd="tag" pos="RB">quietly</wf>
<wf cmd="done" pos="VBG" ot="notag">taking</wf>
<wf cmd="tag" pos="NNS">reservations</wf>
<wf cmd="ignore" pos="IN">on</wf>
<wf cmd="ignore" pos="DT">a</wf>
<wf cmd="tag" pos="JJ">nonracial</wf>
<wf cmd="tag" pos="NN">basis</wf>
<punc>.</punc>
</s>
<s snum="89">
<wf cmd="tag" pos="JJ">Several</wf>
<wf cmd="tag" pos="NNS">conventions</wf>
<wf cmd="done" pos="VBP" ot="notag">have</wf>
<wf cmd="done" pos="VBN" ot="notag">been</wf>
<wf cmd="done" pos="VB" lemma="hold" wnsn="3" lexsn="2:36:00::">held</wf>
<wf cmd="done" pos="VB" ot="notag">in</wf>
<wf cmd="tag" pos="JJ">recent</wf>
<wf cmd="tag" pos="NNS">months</wf>
<wf cmd="ignore" pos="IN">in</wf>
<wf cmd="tag" pos="NNS">hotels</wf>
<wf cmd="ignore" pos="IN">on</wf>
<wf cmd="ignore" pos="DT">a</wf>
<wf cmd="tag" pos="JJ">nonsegregated</wf>
<wf cmd="tag" pos="NN">basis</wf>
<punc>.</punc>
</s>
</p>
<p pnum="29">
<s snum="90">
<wf cmd="ignore" pos="DT">This</wf>
<wf cmd="done" pos="VB" lemma="be" wnsn="2" lexsn="2:42:06::">is</wf>
<wf cmd="ignore" pos="DT">a</wf>
<wf cmd="tag" pos="JJ">radical</wf>
<wf cmd="tag" pos="NN">change</wf>
<wf cmd="ignore" pos="IN">in</wf>
<wf cmd="tag" pos="NN">attitude</wf>
<wf cmd="ignore" pos="IN">from</wf>
<wf cmd="ignore" pos="DT">the</wf>
<wf cmd="tag" pos="NNS">conditions</wf>
<wf cmd="ignore" pos="WDT">which</wf>
<wf cmd="done" pos="VB" lemma="prevail" wnsn="1" lexsn="2:42:02::">prevailed</wf>
<wf cmd="tag" pos="JJ">several</wf>
<wf cmd="tag" pos="NNS">years</wf>
<wf cmd="tag" pos="RB">ago</wf>
<punc>,</punc>
<wf cmd="ignore" pos="WRB">when</wf>
<wf cmd="ignore" pos="DT">a</wf>
<wf cmd="tag" pos="NN">series</wf>
<wf cmd="ignore" pos="IN">of</wf>
<wf cmd="tag" pos="NNS">bombings</wf>
<wf cmd="done" pos="VBD" ot="notag">was</wf>
<wf cmd="done" pos="VB" lemma="direct" wnsn="2" lexsn="2:33:01::">directed</wf>
<wf cmd="ignore" pos="IN">against</wf>
<wf cmd="tag" pos="NNPS">Negroes</wf>
<wf cmd="ignore" pos="WP">who</wf>
<wf cmd="done" pos="VBD" ot="notag">were</wf>
<wf cmd="done" pos="VB" lemma="move_into" wnsn="1" lexsn="2:38:00::">moving_into</wf>
<wf cmd="tag" pos="RB">previously</wf>
<wf cmd="tag" pos="JJ">all-white</wf>
<wf cmd="tag" pos="NNS">neighborhoods</wf>
<wf cmd="ignore" pos="IN">of</wf>
<wf cmd="tag" pos="NNP">Dallas</wf>
<punc>.</punc>
</s>
</p>
<p pnum="30">
<s snum="91">
<wf cmd="ignore" pos="PRP">It</wf>
<wf cmd="done" pos="VB" lemma="be" wnsn="1" lexsn="2:42:03::">is</wf>
<wf cmd="tag" pos="RB">also</wf>
<wf cmd="tag" pos="JJ">symptomatic_of</wf>
<wf cmd="ignore" pos="DT">a</wf>
<wf cmd="tag" pos="NN">change</wf>
<wf cmd="ignore" pos="IN">in</wf>
<wf cmd="tag" pos="NN">attitude</wf>
<wf cmd="ignore" pos="WDT">which</wf>
<wf cmd="done" pos="VB" lemma="appear" wnsn="1" lexsn="2:39:00::">appears</wf>
<wf cmd="ignore" pos="TO">to</wf>
<wf cmd="done" pos="VB" ot="notag">be</wf>
<wf cmd="done" pos="VB" lemma="spread" wnsn="2" lexsn="2:35:07::">spreading</wf>
<wf cmd="ignore" pos="DT">all</wf>
<wf cmd="ignore" pos="IN">across</wf>
<wf cmd="ignore" pos="DT">the</wf>
<wf cmd="tag" pos="NNP">South</wf>
<punc>.</punc>
</s>
<s snum="92">
<wf cmd="tag" pos="NN">Southern</wf>
<wf cmd="tag" pos="NNS">whites</wf>
<wf cmd="ignore" pos="PRP">themselves</wf>
<wf cmd="done" pos="VBP" ot="notag">are</wf>
<wf cmd="done" pos="VB" lemma="realize" wnsn="2" lexsn="2:31:00::">realizing</wf>
<wf cmd="ignore" pos="IN">that</wf>
<wf cmd="ignore" pos="PRP">they</wf>
<wf cmd="done" pos="VBD" ot="notag">had</wf>
<wf cmd="done" pos="VB" lemma="be" wnsn="1" lexsn="2:42:03::">been</wf>
<wf cmd="tag" pos="JJ">wrong</wf>
<wf cmd="ignore" pos="IN">in</wf>
<wf cmd="done" pos="VB" lemma="use" wnsn="2" lexsn="2:34:02::">using</wf>
<wf cmd="tag" pos="NN">violence</wf>
<wf cmd="ignore" pos="TO">to</wf>
<wf cmd="done" pos="VB" lemma="try" wnsn="1" lexsn="2:41:00::">try</wf>
<wf cmd="ignore" pos="TO">to</wf>
<wf cmd="done" pos="VB" lemma="stop" wnsn="3" lexsn="2:41:00::">stop</wf>
<wf cmd="tag" pos="NNPS">Negroes</wf>
<wf cmd="ignore" pos="IN">from</wf>
<wf cmd="done" pos="VB" lemma="claim" wnsn="2" lexsn="2:40:00::">claiming</wf>
<wf cmd="tag" pos="JJ">equal</wf>
<wf cmd="tag" pos="NNS">rights</wf>
<punc>.</punc>
</s>
<s snum="93">
<wf cmd="ignore" pos="PRP">They</wf>
<wf cmd="done" pos="VB" lemma="insist" wnsn="1" lexsn="2:32:00::">insist</wf>
<wf cmd="ignore" pos="PRP">they</wf>
<wf cmd="done" pos="VB" lemma="be" wnsn="1" lexsn="2:42:03::">are</wf>
<wf cmd="tag" pos="JJ">ashamed</wf>
<wf cmd="ignore" pos="IN">of</wf>
<wf cmd="tag" pos="JJ">such</wf>
<wf cmd="tag" pos="NN">violence</wf>
<wf cmd="ignore" pos="CC">and</wf>
<wf cmd="tag" pos="NN">intimidation</wf>
<wf cmd="ignore" pos="IN">as</wf>
<wf cmd="done" pos="VB" lemma="occur" wnsn="1" lexsn="2:30:00::">occurred</wf>
<wf cmd="ignore" pos="IN">in</wf>
<wf cmd="tag" pos="NNP">Alabama</wf>
<wf cmd="ignore" pos="WRB">when</wf>
<wf cmd="ignore" pos="DT">the</wf>
<wf cmd="tag" pos="NNP">Freedom</wf>
<wf cmd="tag" pos="NNPS">Riders</wf>
<wf cmd="done" pos="VB" lemma="seek" wnsn="3" lexsn="2:41:00::">sought</wf>
<wf cmd="ignore" pos="TO">to</wf>
<wf cmd="done" pos="VB" lemma="break_down" wnsn="1" lexsn="2:33:00::">break_down</wf>
<wf cmd="tag" pos="JJ">racial</wf>
<wf cmd="tag" pos="NN">discrimination</wf>
<wf cmd="ignore" pos="IN">in</wf>
<wf cmd="tag" pos="JJ">local</wf>
<wf cmd="tag" pos="NN">bus_depots</wf>
<punc>.</punc>
</s>
</p>
<p pnum="31">
<s snum="94">
<wf cmd="ignore" pos="DT">All</wf>
<wf cmd="ignore" pos="IN">across</wf>
<wf cmd="ignore" pos="DT">the</wf>
<wf cmd="tag" pos="NNP">South</wf>
<wf cmd="ignore" pos="EX">there</wf>
<wf cmd="done" pos="VB" lemma="be" wnsn="5" lexsn="2:42:04::">are</wf>
<wf cmd="tag" pos="NNS">signs</wf>
<wf cmd="ignore" pos="IN">that</wf>
<wf cmd="tag" pos="JJ">racial</wf>
<wf cmd="tag" pos="NN">violence</wf>
<wf cmd="done" pos="VBZ" ot="notag">is</wf>
<wf cmd="done" pos="VB" lemma="find" wnsn="1" lexsn="2:40:02::">finding</wf>
<wf cmd="tag" pos="JJR">less</wf>
<wf cmd="tag" pos="NN">approval</wf>
<wf cmd="ignore" pos="IN">among</wf>
<wf cmd="tag" pos="NNS">whites</wf>
<wf cmd="ignore" pos="WP">who</wf>
<wf cmd="ignore" pos="PRP">themselves</wf>
<wf cmd="ignore" pos="MD">would</wf>
<wf cmd="tag" pos="RB">never</wf>
<wf cmd="done" rdf="take_part" pos="VB" lemma="take_part" wnsn="1" lexsn="2:41:00::">take</wf>
<wf cmd="tag" pos="JJ">active</wf>
<wf cmd="tag" pos="NN">part</wf>
<wf cmd="ignore" pos="CC">but</wf>
<wf cmd="ignore" pos="MD">might</wf>
<wf cmd="tag" pos="RB">once</wf>
<wf cmd="done" pos="VB" ot="notag">have</wf>
<wf cmd="done" pos="VB" lemma="show" wnsn="0" lexsn="2:39:04::">shown</wf>
<wf cmd="ignore" pos="DT">a</wf>
<wf cmd="tag" pos="JJ">tolerant</wf>
<wf cmd="tag" pos="NN">attitude</wf>
<wf cmd="ignore" pos="IN">toward</wf>
<wf cmd="ignore" pos="PRP">it</wf>
<punc>.</punc>
</s>
</p>
<p pnum="32">
<s snum="95">
<wf cmd="ignore" pos="EX">There</wf>
<wf cmd="done" pos="VB" lemma="be" wnsn="1" lexsn="2:42:03::">are</wf>
<wf cmd="tag" pos="JJ">many</wf>
<wf cmd="tag" pos="NNS">causes</wf>
<wf cmd="ignore" pos="IN">for</wf>
<wf cmd="ignore" pos="DT">this</wf>
<wf cmd="tag" pos="NN">change</wf>
<punc>.</punc>
</s>
<s snum="96">
<wf cmd="tag" pos="CD">One</wf>
<wf cmd="ignore" pos="IN">of</wf>
<wf cmd="tag" pos="RB">the_most</wf>
<wf cmd="tag" pos="JJ">important</wf>
<wf cmd="done" pos="VB" lemma="be" wnsn="1" lexsn="2:42:03::">is</wf>
<wf cmd="tag" pos="JJ">economic</wf>
<punc>.</punc>
</s>
<s snum="97">
<wf cmd="tag" pos="NN">Business_leaders</wf>
<wf cmd="done" pos="VB" lemma="be" wnsn="1" lexsn="2:42:03::">are</wf>
<wf cmd="tag" pos="JJ">aware</wf>
<wf cmd="tag" pos="RB">now</wf>
<wf cmd="ignore" pos="IN">that</wf>
<wf cmd="ignore" pos="PRP">they</wf>
<wf cmd="done" pos="VB" lemma="suffer" wnsn="5" lexsn="2:30:00::">suffer</wf>
<wf cmd="tag" pos="RB">greatly</wf>
<wf cmd="ignore" pos="IN">from</wf>
<wf cmd="ignore" pos="DT">any</wf>
<wf cmd="tag" pos="NN">outbreak</wf>
<wf cmd="ignore" pos="IN">of</wf>
<wf cmd="tag" pos="NN">violence</wf>
<punc>.</punc>
</s>
<s snum="98">
<wf cmd="ignore" pos="PRP">They</wf>
<wf cmd="done" pos="VBP" ot="notag">are</wf>
<wf cmd="done" pos="VB" lemma="put" wnsn="2" lexsn="2:35:05::">putting</wf>
<wf cmd="tag" pos="JJ">strong</wf>
<wf cmd="tag" pos="NN">pressure</wf>
<wf cmd="ignore" pos="IN">on</wf>
<wf cmd="ignore" pos="PRP$">their</wf>
<wf cmd="tag" pos="NN">police_departments</wf>
<wf cmd="ignore" pos="TO">to</wf>
<wf cmd="done" pos="VB" lemma="keep" wnsn="1" lexsn="2:42:00::">keep</wf>
<wf cmd="tag" pos="NN">order</wf>
<punc>.</punc>
</s>
<s snum="99">
<wf cmd="tag" pos="RB">In_the_past</wf>
<wf cmd="ignore" pos="DT">these</wf>
<wf cmd="tag" pos="JJ">same</wf>
<wf cmd="tag" pos="NNPS">Southerners</wf>
<wf cmd="done" pos="VB" ot="notag">were</wf>
<wf cmd="done" pos="VB" lemma="incline" wnsn="1" lexsn="2:42:01::">inclined</wf>
<wf cmd="ignore" pos="TO">to</wf>
<wf cmd="done" pos="VB" ot="idiom">look_the_other_way</wf>
<punc>.</punc>
</s>
</p>
<p pnum="33">
<s snum="100">
<wf cmd="ignore" pos="CC">And</wf>
<wf cmd="ignore" pos="IN">as</wf>
<wf cmd="ignore" pos="DT">the</wf>
<wf cmd="tag" pos="NNS">businessmen</wf>
<wf cmd="done" pos="VBP" ot="notag">have</wf>
<wf cmd="done" pos="VB" lemma="begin" wnsn="1" lexsn="2:30:00::">begun</wf>
<wf cmd="ignore" pos="TO">to</wf>
<wf cmd="done" pos="VB" lemma="act" wnsn="1" lexsn="2:41:00::">act</wf>
<punc>,</punc>
<wf cmd="ignore" pos="DT">a</wf>
<wf cmd="tag" pos="JJ">real</wf>
<wf cmd="tag" pos="NN">sense</wf>
<wf cmd="ignore" pos="IN">of</wf>
<wf cmd="tag" pos="NN">co-operation</wf>
<wf cmd="done" pos="VBZ" ot="notag">has</wf>
<wf cmd="done" pos="VB" lemma="spring_up" wnsn="1" lexsn="2:42:00::">sprung_up</wf>
<punc>.</punc>
</s>
<s snum="101">
<wf cmd="ignore" pos="DT">This</wf>
<wf cmd="tag" pos="NN">co-operation</wf>
<wf cmd="done" pos="VBZ" ot="notag">has</wf>
<wf cmd="done" pos="VB" lemma="embolden" wnsn="1" lexsn="2:37:00::">emboldened</wf>
<wf cmd="tag" pos="JJ">other</wf>
<wf cmd="tag" pos="NNP">Southern</wf>
<wf cmd="tag" pos="NNS">whites</wf>
<wf cmd="ignore" pos="TO">to</wf>
<wf cmd="done" pos="VB" lemma="add" wnsn="1" lexsn="2:30:00::">add</wf>
<wf cmd="ignore" pos="PRP$">their</wf>
<wf cmd="tag" pos="NNS">voices</wf>
<wf cmd="ignore" pos="TO">to</wf>
<wf cmd="tag" pos="NNS">demands</wf>
<wf cmd="ignore" pos="IN">for</wf>
<wf cmd="tag" pos="JJ">peaceable</wf>
<wf cmd="tag" pos="NN">accommodation</wf>
<punc>.</punc>
</s>
<s snum="102">
<wf cmd="ignore" pos="PRP">They</wf>
<wf cmd="done" pos="VB" lemma="realize" wnsn="1" lexsn="2:31:01::">realize</wf>
<wf cmd="ignore" pos="IN">that</wf>
<wf cmd="ignore" pos="IN">by</wf>
<wf cmd="done" pos="VB" lemma="act" wnsn="1" lexsn="2:41:00::">acting</wf>
<wf cmd="tag" pos="RB">in_concert</wf>
<punc>,</punc>
<wf cmd="tag" pos="RB">rather_than</wf>
<wf cmd="tag" pos="RB">individually</wf>
<punc>,</punc>
<wf cmd="ignore" pos="PRP">they</wf>
<wf cmd="ignore" pos="MD">will</wf>
<wf cmd="tag" pos="RB">not</wf>
<wf cmd="done" pos="VB" ot="notag">be</wf>
<wf cmd="done" pos="VB" lemma="pick_out" wnsn="1" lexsn="2:31:00::">picked_out</wf>
<wf cmd="ignore" pos="IN">as</wf>
<wf cmd="tag" pos="NNS">objects</wf>
<wf cmd="ignore" pos="IN">of</wf>
<wf cmd="tag" pos="NN">retaliation</wf>
<punc>-</punc>
<wf cmd="tag" pos="JJ">economic</wf>
<wf cmd="ignore" pos="CC">and</wf>
<wf cmd="tag" pos="RB">otherwise</wf>
<punc>.</punc>
</s>
</p>
<p pnum="34">
<s snum="103">
<wf cmd="ignore" pos="IN">Since</wf>
<wf cmd="done" pos="VB" lemma="move" wnsn="4" lexsn="2:38:02::">moving</wf>
<wf cmd="ignore" pos="IN">from</wf>
<wf cmd="ignore" pos="DT">a</wf>
<wf cmd="tag" pos="NNP">Chicago</wf>
<wf cmd="tag" pos="NN">suburb</wf>
<wf cmd="ignore" pos="TO">to</wf>
<wf cmd="tag" pos="NNP">Southern_California</wf>
<wf cmd="tag" pos="JJ">a_few</wf>
<wf cmd="tag" pos="NNS">months</wf>
<wf cmd="tag" pos="RB">ago</wf>
<punc>,</punc>
<wf cmd="ignore" pos="PRP">I</wf>
<wf cmd="done" rdf="have" pos="VBP" ot="notag">'ve</wf>
<wf cmd="done" pos="VBN" ot="notag">been</wf>
<wf cmd="done" pos="VB" lemma="introduce" wnsn="1" lexsn="2:32:00::">introduced</wf>
<wf cmd="ignore" pos="TO">to</wf>
<wf cmd="ignore" pos="DT">a</wf>
<wf cmd="tag" pos="JJ">new</wf>
<wf cmd="tag" pos="NN">game</wf>
<wf cmd="tag" pos="JJ">called</wf>
<wf cmd="tag" pos="NN">Lanesmanship</wf>
<punc>.</punc>
</s>
<s snum="104">
<wf cmd="done" pos="VB" lemma="play" wnsn="1" lexsn="2:33:00::">Played</wf>
<wf cmd="tag" pos="RB">mostly</wf>
<wf cmd="ignore" pos="IN">on</wf>
<wf cmd="ignore" pos="DT">the</wf>
<wf cmd="tag" pos="NNS">freeways</wf>
<wf cmd="ignore" pos="IN">around</wf>
<wf cmd="tag" pos="NN">Los_Angeles</wf>
<punc>,</punc>
<wf cmd="ignore" pos="PRP">it</wf>
<wf cmd="done" pos="VB" lemma="go" wnsn="6" lexsn="2:42:02::">goes</wf>
<wf cmd="ignore" pos="IN">like</wf>
<wf cmd="ignore" pos="DT">this</wf>
<punc>:</punc>
</s>
</p>
<p pnum="35">
<s snum="105">
<wf cmd="ignore" pos="DT">A</wf>
<wf cmd="tag" pos="NN">driver</wf>
<wf cmd="done" pos="VB" lemma="cruise" wnsn="2" lexsn="2:38:02::">cruising</wf>
<wf cmd="tag" pos="RB">easily</wf>
<wf cmd="ignore" pos="IN">at</wf>
<wf cmd="tag" pos="CD">70</wf>
<wf cmd="tag" pos="NNP">m.</wf>
<wf cmd="tag" pos="NN">p.</wf>
<wf cmd="tag" pos="NNP">h.</wf>
<wf cmd="ignore" pos="IN">in</wf>
<wf cmd="tag" pos="NNP">Lane</wf>
<wf cmd="ignore" pos="DT">A</wf>
<wf cmd="ignore" pos="IN">of</wf>
<wf cmd="ignore" pos="DT">a</wf>
<wf cmd="tag" pos="JJ">four-lane</wf>
<wf cmd="tag" pos="NN">freeway</wf>
<wf cmd="done" pos="VB" lemma="spy" wnsn="1" lexsn="2:39:00::">spies</wf>
<wf cmd="ignore" pos="DT">an</wf>
<wf cmd="tag" pos="JJ">incipient</wf>
<wf cmd="tag" pos="NN">traffic_jam</wf>
<wf cmd="tag" pos="RB">ahead</wf>
<punc>.</punc>
</s>
<s snum="106">
<wf cmd="tag" pos="NN">Traffic</wf>
<wf cmd="done" pos="VB" ot="notag">in</wf>
<wf cmd="ignore" pos="DT">the</wf>
<wf cmd="tag" pos="JJ">next</wf>
<wf cmd="tag" pos="NN">lane</wf>
<wf cmd="done" pos="VB" lemma="appear" wnsn="1" lexsn="2:39:00::">appears</wf>
<wf cmd="ignore" pos="TO">to</wf>
<wf cmd="done" pos="VB" ot="notag">be</wf>
<wf cmd="done" pos="VB" lemma="move" wnsn="1" lexsn="2:38:03::">moving</wf>
<wf cmd="tag" pos="RBR">more</wf>
<wf cmd="tag" pos="RB">smoothly</wf>
<wf cmd="tag" pos="RB">so</wf>
<wf cmd="ignore" pos="PRP">he</wf>
<wf cmd="done" pos="VB" lemma="poke" wnsn="2" lexsn="2:39:00::">pokes</wf>
<wf cmd="ignore" pos="DT">a</wf>
<wf cmd="tag" pos="JJ">tentative</wf>
<wf cmd="tag" pos="NN">fender</wf>
<wf cmd="ignore" pos="IN">into</wf>
<wf cmd="tag" pos="NNP">Lane_B</wf>
<punc>,</punc>
<wf cmd="ignore" pos="WDT">which</wf>
<wf cmd="done" pos="VB" lemma="be" wnsn="1" lexsn="2:42:03::">is</wf>
<wf cmd="tag" pos="RB">heavily</wf>
<wf cmd="tag" pos="JJ">populated</wf>
<wf cmd="ignore" pos="IN">by</wf>
<wf cmd="tag" pos="NNS">cars</wf>
<wf cmd="tag" pos="RB">also</wf>
<wf cmd="done" pos="VB" lemma="move" wnsn="1" lexsn="2:38:03::">moving</wf>
<wf cmd="ignore" pos="IN">at</wf>
<wf cmd="tag" pos="CD">70</wf>
<wf cmd="tag" pos="NNP">m.</wf>
<wf cmd="tag" pos="NN">p.</wf>
<wf cmd="tag" pos="NNP">h.</wf>
<punc>.</punc>
</s>
</p>
<p pnum="36">
<s snum="107">
<wf cmd="ignore" pos="DT">The</wf>
<wf cmd="tag" pos="JJ">adjacent</wf>
<wf cmd="tag" pos="NN">driver</wf>
<wf cmd="ignore" pos="IN">in</wf>
<wf cmd="tag" pos="NNP">Lane_B</wf>
<wf cmd="done" pos="VB" lemma="have" wnsn="1" lexsn="2:40:00::">has</wf>
<wf cmd="tag" pos="CD">three</wf>
<wf cmd="tag" pos="NNS">choices</wf>
<wf cmd="tag" pos="JJ">open_to</wf>
<wf cmd="ignore" pos="PRP">him</wf>
<punc>.</punc>
</s>
<s snum="108">
<wf cmd="ignore" pos="PRP">He</wf>
<wf cmd="ignore" pos="MD">can</wf>
<punc>(</punc>
<wf cmd="tag" pos="CD">1</wf>
<punc>)</punc>
<wf cmd="done" pos="VB" lemma="point" wnsn="4" lexsn="2:38:05::">point</wf>
<wf cmd="ignore" pos="PRP$">his</wf>
<wf cmd="tag" pos="NN">car</wf>
<wf cmd="tag" pos="RB">resolutely</wf>
<wf cmd="ignore" pos="IN">at</wf>
<wf cmd="ignore" pos="DT">the</wf>
<wf cmd="tag" pos="JJ">invading</wf>
<wf cmd="tag" pos="NN">fender</wf>
<wf cmd="ignore" pos="CC">and</wf>
<wf cmd="done" pos="VB" lemma="force" wnsn="1" lexsn="2:41:00::">force</wf>
<wf cmd="ignore" pos="DT">the</wf>
<wf cmd="tag" pos="JJ">other</wf>
<wf cmd="tag" pos="NN">driver</wf>
<wf cmd="tag" pos="RB">back</wf>
<wf cmd="ignore" pos="IN">into</wf>
<wf cmd="tag" pos="NNP">Lane</wf>
<wf cmd="ignore" pos="DT">A</wf>
<punc>;</punc>
<punc>(</punc>
<wf cmd="tag" pos="CD">2</wf>
<punc>)</punc>
<wf cmd="done" pos="VB" lemma="slow_down" wnsn="1" lexsn="2:30:00::">slow_down</wf>
<wf cmd="ignore" pos="CC">and</wf>
<wf cmd="done" pos="VB" lemma="permit" wnsn="2" lexsn="2:41:00::">permit</wf>
<wf cmd="ignore" pos="DT">the</wf>
<wf cmd="tag" pos="JJ">ambivalent</wf>
<wf cmd="tag" pos="NN">driver</wf>
<wf cmd="ignore" pos="TO">to</wf>
<wf cmd="done" pos="VB" lemma="change" wnsn="4" lexsn="2:30:05::">change</wf>
<wf cmd="tag" pos="NNS">lanes</wf>
<punc>;</punc>
<wf cmd="ignore" pos="CC">or</wf>
<punc>(</punc>
<wf cmd="tag" pos="CD">3</wf>
<punc>)</punc>
<wf cmd="tag" pos="RB">alternately</wf>
<wf cmd="done" pos="VB" lemma="accelerate" wnsn="1" lexsn="2:30:00::">accelerate</wf>
<wf cmd="ignore" pos="CC">and</wf>
<wf cmd="done" pos="VB" lemma="decelerate" wnsn="1" lexsn="2:30:00::">decelerate</wf>
<punc>,</punc>
<wf cmd="tag" pos="RB">thus</wf>
<wf cmd="done" pos="VB" lemma="keep" wnsn="1" lexsn="2:42:00::">keeping</wf>
<wf cmd="ignore" pos="DT">the</wf>
<wf cmd="tag" pos="JJ">first</wf>
<wf cmd="tag" pos="NN">driver</wf>
<wf cmd="done" pos="VB" lemma="guess" wnsn="2" lexsn="2:32:00::">guessing</wf>
<wf cmd="tag" pos="RB">as</wf>
<wf cmd="ignore" pos="TO">to</wf>
<wf cmd="ignore" pos="PRP$">his</wf>
<wf cmd="tag" pos="NNS">intentions</wf>
<punc>,</punc>
<wf cmd="tag" pos="RB">thereby</wf>
<wf cmd="done" pos="VB" lemma="make" wnsn="3" lexsn="2:36:00::">making</wf>
<wf cmd="ignore" pos="DT">a</wf>
<wf cmd="tag" pos="JJ">fascinating</wf>
<wf cmd="tag" pos="NN">sport</wf>
<wf cmd="ignore" pos="IN">of</wf>
<wf cmd="ignore" pos="DT">the</wf>
<wf cmd="tag" pos="JJ">whole</wf>
<wf cmd="tag" pos="NN">affair</wf>
<punc>.</punc>
</s>
</p>
<p pnum="37">
<s snum="109">
<wf cmd="ignore" pos="DT">The</wf>
<wf cmd="tag" pos="RB">really</wf>
<wf cmd="tag" pos="JJ">remarkable</wf>
<wf cmd="tag" pos="NN">thing</wf>
<wf cmd="ignore" pos="TO">to</wf>
<wf cmd="ignore" pos="PRP">me</wf>
<wf cmd="done" pos="VB" lemma="be" wnsn="1" lexsn="2:42:03::">is</wf>
<wf cmd="ignore" pos="IN">that</wf>
<wf cmd="tag" pos="RBS">most</wf>
<wf cmd="tag" pos="NNP">California</wf>
<wf cmd="tag" pos="NNS">natives</wf>
<wf cmd="tag" pos="RB">unhesitatingly</wf>
<wf cmd="done" pos="VB" lemma="elect" wnsn="2" lexsn="2:31:00::">elect</wf>
<wf cmd="ignore" pos="TO">to</wf>
<wf cmd="done" pos="VB" lemma="slow_down" wnsn="1" lexsn="2:30:00::">slow_down</wf>
<wf cmd="ignore" pos="CC">and</wf>
<wf cmd="done" pos="VB" lemma="permit" wnsn="1" lexsn="2:32:00::">permit</wf>
<wf cmd="ignore" pos="DT">the</wf>
<wf cmd="tag" pos="JJ">invading</wf>
<wf cmd="tag" pos="NN">car</wf>
<wf cmd="tag" pos="JJ">free</wf>
<wf cmd="tag" pos="NN">access</wf>
<punc>.</punc>
</s>
<s snum="110">
<wf cmd="ignore" pos="IN">Whether</wf>
<wf cmd="ignore" pos="CC">or</wf>
<wf cmd="tag" pos="RB">not</wf>
<wf cmd="ignore" pos="DT">this</wf>
<wf cmd="done" pos="VBZ" ot="notag">is</wf>
<wf cmd="done" pos="VB" lemma="do" wnsn="1" lexsn="2:41:01::">done</wf>
<wf cmd="ignore" pos="IN">out</wf>
<wf cmd="ignore" pos="IN">of</wf>
<wf cmd="tag" pos="JJ">enlightened</wf>
<wf cmd="tag" pos="NN">self-preservation</wf>
<punc>,</punc>
<wf cmd="ignore" pos="PRP">I</wf>
<wf cmd="done" pos="VBP" ot="notag">do</wf>
<wf cmd="tag" pos="RB">n't</wf>
<wf cmd="done" pos="VB" lemma="know" wnsn="3" lexsn="2:31:02::">know</wf>
<punc>.</punc>
</s>
<s snum="111">
<wf cmd="ignore" pos="CC">But</wf>
<wf cmd="ignore" pos="PRP">it</wf>
<wf cmd="done" pos="VBZ" ot="notag">is</wf>
<wf cmd="done" pos="VB" lemma="do" wnsn="1" lexsn="2:41:01::">done</wf>
<punc>,</punc>
<wf cmd="tag" pos="RB">consistently</wf>
<wf cmd="ignore" pos="CC">and</wf>
<wf cmd="ignore" pos="PRP">I</wf>
<wf cmd="done" rdf="am" pos="VB" lemma="be" wnsn="1" lexsn="2:42:03::">'m</wf>
<wf cmd="ignore" pos="DT">both</wf>
<wf cmd="tag" pos="JJ">surprised</wf>
<wf cmd="ignore" pos="CC">and</wf>
<wf cmd="tag" pos="JJ">impressed</wf>
<punc>.</punc>
</s>
</p>
<p pnum="38">
<s snum="112">
<wf cmd="ignore" pos="DT">This</wf>
<wf cmd="ignore" pos="MD">could</wf>
<wf cmd="tag" pos="RB">never</wf>
<wf cmd="done" pos="VB" lemma="happen" wnsn="4" lexsn="2:30:01::">happen</wf>
<wf cmd="ignore" pos="IN">in</wf>
<wf cmd="ignore" pos="PRP$">my</wf>
<wf cmd="tag" pos="JJ">native</wf>
<wf cmd="tag" pos="NNP">Chicago</wf>
<punc>.</punc>
</s>
<s snum="113">
<wf cmd="ignore" pos="EX">There</wf>
<wf cmd="tag" pos="JJ">such</wf>
<wf cmd="tag" pos="JJ">soggy</wf>
<wf cmd="tag" pos="NN">acquiesence</wf>
<wf cmd="ignore" pos="MD">would</wf>
<wf cmd="done" pos="VB" ot="notag">be</wf>
<wf cmd="done" pos="VB" lemma="look_upon" wnsn="1" lexsn="2:31:00::">looked_upon</wf>
<wf cmd="ignore" pos="IN">as</wf>
<wf cmd="ignore" pos="DT">a</wf>
<wf cmd="tag" pos="JJ">sure</wf>
<wf cmd="tag" pos="NN">sign</wf>
<wf cmd="ignore" pos="IN">of</wf>
<wf cmd="tag" pos="JJ">deteriorating</wf>
<wf cmd="tag" pos="NN">manhood</wf>
<punc>.</punc>
</s>
<s snum="114">
<wf cmd="ignore" pos="IN">In</wf>
<wf cmd="tag" pos="NNP">Chicago</wf>
<punc>,</punc>
<wf cmd="ignore" pos="DT">the</wf>
<wf cmd="tag" pos="NN">driver</wf>
<wf cmd="done" pos="VB" lemma="cut_out" wnsn="3" lexsn="2:35:03::">cut_out</wf>
<wf cmd="ignore" pos="MD">would</wf>
<wf cmd="tag" pos="JJ">likely</wf>
<wf cmd="done" pos="VB" lemma="jam" wnsn="2" lexsn="2:38:01::">jam</wf>
<wf cmd="ignore" pos="PRP$">his</wf>
<wf cmd="tag" pos="NN">gas</wf>
<wf cmd="tag" pos="NN">pedal</wf>
<wf cmd="ignore" pos="TO">to</wf>
<wf cmd="ignore" pos="DT">the</wf>
<wf cmd="tag" pos="NN">floor</wf>
<wf cmd="ignore" pos="IN">in</wf>
<wf cmd="ignore" pos="DT">an</wf>
<wf cmd="tag" pos="NN">effort</wf>
<wf cmd="ignore" pos="TO">to</wf>
<wf cmd="done" pos="VB" lemma="force" wnsn="1" lexsn="2:41:00::">force</wf>
<wf cmd="ignore" pos="DT">the</wf>
<wf cmd="tag" pos="JJ">other</wf>
<wf cmd="tag" pos="NN">car</wf>
<wf cmd="tag" pos="RB">back</wf>
<punc>.</punc>
</s>
<s snum="115">
<wf cmd="done" pos="VB" lemma="fail" wnsn="2" lexsn="2:41:00::">Failing</wf>
<wf cmd="ignore" pos="DT">this</wf>
<punc>,</punc>
<wf cmd="ignore" pos="PRP">he</wf>
<wf cmd="ignore" pos="MD">would</wf>
<wf cmd="done" pos="VB" lemma="pull" wnsn="3" lexsn="2:38:01::">pull</wf>
<wf cmd="tag" pos="RB">alongside</wf>
<wf cmd="ignore" pos="IN">at</wf>
<wf cmd="ignore" pos="DT">the</wf>
<wf cmd="tag" pos="JJ">first</wf>
<wf cmd="tag" pos="NN">opportunity</wf>
<wf cmd="ignore" pos="CC">and</wf>
<wf cmd="done" pos="VB" lemma="shake" wnsn="1" lexsn="2:38:00::">shake</wf>
<wf cmd="ignore" pos="PRP$">his</wf>
<wf cmd="tag" pos="NN">fist</wf>
<wf cmd="tag" pos="RB">threateningly</wf>
<punc>.</punc>
</s>
</p>
<p pnum="39">
<s snum="116">
<wf cmd="ignore" pos="DT">This</wf>
<wf cmd="tag" pos="JJ">negative</wf>
<wf cmd="tag" pos="NN">explanation</wf>
<wf cmd="ignore" pos="IN">of</wf>
<wf cmd="tag" pos="NN">courtesy</wf>
<wf cmd="ignore" pos="IN">on</wf>
<wf cmd="ignore" pos="DT">the</wf>
<wf cmd="tag" pos="NNS">freeways</wf>
<punc>,</punc>
<wf cmd="tag" pos="RB">however</wf>
<punc>,</punc>
<wf cmd="done" pos="VB" lemma="do" wnsn="1" lexsn="2:41:01::">does</wf>
<wf cmd="ignore" pos="DT">an</wf>
<wf cmd="tag" pos="NN">injustice</wf>
<wf cmd="ignore" pos="TO">to</wf>
<wf cmd="tag" pos="NNP">Southern_California</wf>
<wf cmd="tag" pos="NNS">drivers</wf>
<punc>.</punc>
</s>
<s snum="117">
<wf cmd="ignore" pos="IN">At</wf>
<wf cmd="ignore" pos="DT">the</wf>
<wf cmd="tag" pos="NN">risk</wf>
<wf cmd="ignore" pos="IN">of</wf>
<wf cmd="done" pos="VB" lemma="lose" wnsn="1" lexsn="2:40:02::">losing</wf>
<wf cmd="ignore" pos="PRP$">my</wf>
<wf cmd="tag" pos="NN">charge-a-plate</wf>
<wf cmd="ignore" pos="IN">at</wf>
<wf cmd="tag" pos="NNP">Marshall_Field</wf>
<wf cmd="ignore" pos="CC">and</wf>
<wf cmd="tag" pos="NNP">Company</wf>
<punc>,</punc>
<wf cmd="ignore" pos="PRP">I</wf>
<wf cmd="done" pos="VB" ot="notag">would</wf>
<wf cmd="done" pos="VB" lemma="like" wnsn="1" lexsn="2:37:01::">like</wf>
<wf cmd="ignore" pos="TO">to</wf>
<wf cmd="done" pos="VB" lemma="challenge" wnsn="1" lexsn="2:32:01::">challenge</wf>
<wf cmd="ignore" pos="DT">an</wf>
<wf cmd="tag" pos="JJ">old</wf>
<wf cmd="ignore" pos="CC">and</wf>
<wf cmd="tag" pos="JJ">hallowed</wf>
<wf cmd="tag" pos="NN">stereotype</wf>
<punc>.</punc>
</s>
<s snum="118">
<wf cmd="ignore" pos="IN">After</wf>
<wf cmd="tag" pos="CD">three</wf>
<wf cmd="tag" pos="NNS">months</wf>
<wf cmd="ignore" pos="IN">of</wf>
<wf cmd="tag" pos="NN">research</wf>
<punc>,</punc>
<wf cmd="ignore" pos="PRP">I</wf>
<wf cmd="ignore" pos="MD">can</wf>
<wf cmd="done" pos="VB" lemma="state" wnsn="1" lexsn="2:32:00::">state</wf>
<wf cmd="tag" pos="RB">unequivocally</wf>
<wf cmd="ignore" pos="IN">that</wf>
<wf cmd="tag" pos="NN">Los_Angeles</wf>
<wf cmd="tag" pos="NNS">drivers</wf>
<wf cmd="done" pos="VB" lemma="be" wnsn="1" lexsn="2:42:03::">are</wf>
<wf cmd="tag" pos="RB">considerably</wf>
<wf cmd="tag" pos="RBR">more</wf>
<wf cmd="tag" pos="JJ">courteous</wf>
<wf cmd="ignore" pos="CC">and</wf>
<wf cmd="tag" pos="JJ">competent</wf>
<wf cmd="ignore" pos="IN">than</wf>
<wf cmd="ignore" pos="DT">any</wf>
<wf cmd="tag" pos="JJ">other</wf>
<wf cmd="tag" pos="NNS">drivers</wf>
<wf cmd="ignore" pos="PRP">I</wf>
<wf cmd="done" pos="VBP" ot="notag">'ve</wf>
<wf cmd="tag" pos="RB">ever</wf>
<wf cmd="done" pos="VB" lemma="encounter" wnsn="1" lexsn="2:38:00::">encountered</wf>
<punc>.</punc>
</s>
</p>
<p pnum="40">
<s snum="119">
<wf cmd="ignore" pos="IN">During</wf>
<wf cmd="tag" pos="CD">one</wf>
<wf cmd="tag" pos="JJ">recent</wf>
<wf cmd="tag" pos="NN">day</wf>
<wf cmd="ignore" pos="IN">of</wf>
<wf cmd="tag" pos="NN">driving</wf>
<wf cmd="ignore" pos="IN">about</wf>
<wf cmd="tag" pos="NN">Los_Angeles</wf>
<wf cmd="ignore" pos="EX">there</wf>
<wf cmd="done" pos="VB" lemma="be" wnsn="5" lexsn="2:42:04::">were</wf>
<wf cmd="tag" pos="RB">actually</wf>
<wf cmd="ignore" pos="DT">a</wf>
<wf cmd="tag" pos="NN">dozen</wf>
<wf cmd="tag" pos="NNS">occasions</wf>
<wf cmd="ignore" pos="WRB">when</wf>
<wf cmd="tag" pos="JJ">oncoming</wf>
<wf cmd="tag" pos="NNS">drivers</wf>
<wf cmd="done" pos="VB" lemma="stop" wnsn="5" lexsn="2:38:01::">stopped</wf>
<wf cmd="ignore" pos="DT">an</wf>
<wf cmd="tag" pos="JJ">entire</wf>
<wf cmd="tag" pos="NN">lane</wf>
<wf cmd="ignore" pos="IN">of</wf>
<wf cmd="tag" pos="NN">traffic</wf>
<wf cmd="ignore" pos="TO">to</wf>
<wf cmd="done" pos="VB" lemma="permit" wnsn="2" lexsn="2:41:00::">permit</wf>
<wf cmd="ignore" pos="PRP">me</wf>
<wf cmd="ignore" pos="TO">to</wf>
<wf cmd="done" pos="VB" lemma="pull_out" wnsn="1" lexsn="2:38:00::">pull_out</wf>
<wf cmd="ignore" pos="IN">of</wf>
<wf cmd="ignore" pos="DT">an</wf>
<wf cmd="tag" pos="JJ">impossible</wf>
<wf cmd="tag" pos="NN">side</wf>
<wf cmd="tag" pos="NN">street</wf>
<punc>.</punc>
</s>
</p>
</context>
</contextfile>
