<contextfile concordance="brown">
<context filename="br-b19" paras="yes">
<p pnum="1">
<s snum="1">
<wf cmd="ignore" pos="PRP">I</wf>
<wf cmd="tag" pos="RB">just</wf>
<wf cmd="done" pos="VB" lemma="wish" wnsn="0" lexsn="2:31:00::">wish</wf>
<wf cmd="done" pos="VB" ot="notag">to</wf>
<wf cmd="done" pos="VB" lemma="congratulate" wnsn="2" lexsn="2:32:01::">congratulate</wf>
<wf cmd="tag" pos="NNP">Inspector_Trimmer</wf>
<wf cmd="ignore" pos="CC">and</wf>
<wf cmd="ignore" pos="PRP$">his</wf>
<wf cmd="tag" pos="JJ">efficient</wf>
<wf cmd="tag" pos="NN">police</wf>
<wf cmd="tag" pos="NNS">troops</wf>
<wf cmd="ignore" pos="IN">in</wf>
<wf cmd="done" pos="VB" lemma="clean" wnsn="2" lexsn="2:30:01::">cleaning</wf>
<wf cmd="ignore" pos="DT">the</wf>
<wf cmd="tag" pos="NN">city</wf>
<wf cmd="ignore" pos="IN">of</wf>
<wf cmd="ignore" pos="DT">those</wf>
<wf cmd="tag" pos="JJ">horrible</wf>
<wf cmd="tag" pos="NNS">automobiles</wf>
<punc>.</punc>
</s>
<s snum="2">
<wf cmd="ignore" pos="PRP">We</wf>
<wf cmd="done" pos="VB" lemma="have" wnsn="1" lexsn="2:40:00::">have</wf>
<wf cmd="tag" pos="RB">now</wf>
<wf cmd="ignore" pos="DT">a</wf>
<wf cmd="tag" pos="JJ">quiet</wf>
<wf cmd="tag" pos="NN">city</wf>
<punc>,</punc>
<wf cmd="tag" pos="JJR">fewer</wf>
<wf cmd="tag" pos="NNS">automobiles</wf>
<punc>,</punc>
<wf cmd="tag" pos="JJR">less</wf>
<wf cmd="tag" pos="NN">congestion</wf>
<punc>,</punc>
<wf cmd="ignore" pos="CC">and</wf>
<wf cmd="tag" pos="RBR">fewer</wf>
<wf cmd="tag" pos="JJ">retail</wf>
<wf cmd="tag" pos="NNS">customers</wf>
<wf cmd="done" pos="VB" lemma="shop" wnsn="1" lexsn="2:40:00::">shopping</wf>
<wf cmd="ignore" pos="IN">in</wf>
<wf cmd="tag" pos="NN">center</wf>
<wf cmd="tag" pos="NN">city</wf>
<punc>.</punc>
</s>
<s snum="3">
<wf cmd="tag" pos="JJ">Good</wf>
<wf cmd="ignore" pos="IN">for</wf>
<wf cmd="tag" pos="NNP">Mr._Trimmer</wf>
<punc>.</punc>
</s>
<s snum="4">
<wf cmd="tag" pos="RB">Maybe</wf>
<wf cmd="ignore" pos="PRP">he</wf>
<wf cmd="ignore" pos="MD">will</wf>
<wf cmd="done" pos="VB" lemma="help" wnsn="1" lexsn="2:41:00::">help</wf>
<wf cmd="ignore" pos="TO">to</wf>
<wf cmd="done" rdf="turn_into" pos="VB" lemma="turn_into" wnsn="0" lexsn="2:42:00::">turn</wf>
<wf cmd="ignore" pos="PRP$">our</wf>
<wf cmd="tag" pos="JJ">fair</wf>
<wf cmd="tag" pos="NN">city</wf>
<wf cmd="ignore" pos="IN">into</wf>
<wf cmd="ignore" pos="DT">a</wf>
<punc>``</punc>
<wf cmd="tag" pos="NN">ghost</wf>
<punc>''</punc>
<wf cmd="tag" pos="NN">town</wf>
<punc>.</punc>
</s>
</p>
<p pnum="2">
<s snum="5">
<wf cmd="ignore" pos="PRP">I</wf>
<wf cmd="done" pos="VB" lemma="work_on" wnsn="1" lexsn="2:41:00::">worked_on</wf>
<wf cmd="ignore" pos="DT">the</wf>
<wf cmd="tag" pos="NNP">Schuylkill_Expressway</wf>
<wf cmd="ignore" pos="CC">and</wf>
<wf cmd="ignore" pos="IN">if</wf>
<wf cmd="ignore" pos="PRP">it</wf>
<wf cmd="done" pos="VBD" ot="notag">had</wf>
<wf cmd="tag" pos="RB">not</wf>
<wf cmd="done" pos="VBN" ot="notag">been</wf>
<wf cmd="ignore" pos="IN">for</wf>
<wf cmd="ignore" pos="DT">the</wf>
<wf cmd="tag" pos="JJ">big</wf>
<wf cmd="tag" pos="NNS">trucks</wf>
<wf cmd="done" pos="VB" lemma="carry" wnsn="1" lexsn="2:35:02::">carrying</wf>
<wf cmd="tag" pos="NN">rock</wf>
<wf cmd="ignore" pos="CC">and</wf>
<wf cmd="tag" pos="JJ">concrete</wf>
<wf cmd="ignore" pos="EX">there</wf>
<wf cmd="ignore" pos="MD">would</wf>
<wf cmd="tag" pos="RB">n't</wf>
<wf cmd="done" pos="VB" lemma="be" wnsn="5" lexsn="2:42:04::">be</wf>
<wf cmd="ignore" pos="DT">an</wf>
<wf cmd="tag" pos="NNP">Expressway</wf>
<punc>.</punc>
</s>
<s snum="6">
<wf cmd="ignore" pos="IN">Without</wf>
<wf cmd="ignore" pos="DT">these</wf>
<wf cmd="tag" pos="JJ">massive</wf>
<wf cmd="tag" pos="NNS">trucks</wf>
<wf cmd="tag" pos="NNS">highways</wf>
<wf cmd="ignore" pos="MD">would</wf>
<wf cmd="tag" pos="RB">still</wf>
<wf cmd="done" pos="VB" lemma="be" wnsn="1" lexsn="2:42:03::">be</wf>
<wf cmd="tag" pos="RB">just</wf>
<wf cmd="ignore" pos="DT">an</wf>
<wf cmd="tag" pos="NN">idea</wf>
<wf cmd="ignore" pos="IN">of</wf>
<wf cmd="ignore" pos="DT">the</wf>
<wf cmd="tag" pos="NN">future</wf>
<punc>.</punc>
</s>
</p>
<p pnum="3">
<s snum="7">
<wf cmd="tag" pos="NNP">Mr._George_Hough</wf>
<punc>(</punc>
<wf cmd="tag" pos="NNP">Oct.</wf>
<wf cmd="tag" pos="CD">30</wf>
<punc>)</punc>
<wf cmd="done" pos="VB" lemma="sound" wnsn="1" lexsn="2:39:06::">sounds</wf>
<wf cmd="ignore" pos="IN">like</wf>
<wf cmd="ignore" pos="DT">a</wf>
<wf cmd="tag" pos="NN">business</wf>
<wf cmd="tag" pos="NN">man</wf>
<wf cmd="ignore" pos="WP">who</wf>
<wf cmd="done" pos="VB" lemma="wait" wnsn="2" lexsn="2:42:01::">waits</wf>
<wf cmd="ignore" pos="IN">until</wf>
<wf cmd="ignore" pos="DT">the</wf>
<wf cmd="tag" pos="JJ">last</wf>
<wf cmd="tag" pos="NN">minute</wf>
<wf cmd="ignore" pos="TO">to</wf>
<wf cmd="done" pos="VB" lemma="leave" wnsn="1" lexsn="2:38:01::">leave</wf>
<wf cmd="ignore" pos="PRP$">his</wf>
<wf cmd="tag" pos="NN">home</wf>
<wf cmd="ignore" pos="CC">or</wf>
<wf cmd="tag" pos="NN">shop</wf>
<punc>.</punc>
</s>
<s snum="8">
<wf cmd="ignore" pos="DT">The</wf>
<wf cmd="tag" pos="NNS">trucks</wf>
<wf cmd="tag" pos="NN">today</wf>
<wf cmd="done" pos="VB" lemma="help" wnsn="1" lexsn="2:41:00::">help</wf>
<wf cmd="done" pos="VB" lemma="pay" wnsn="1" lexsn="2:40:00::">pay</wf>
<wf cmd="done" pos="VB" ot="notag">for</wf>
<wf cmd="ignore" pos="DT">this</wf>
<wf cmd="tag" pos="NN">highway</wf>
<punc>.</punc>
</s>
<s snum="9">
<wf cmd="ignore" pos="PRP">They</wf>
<wf cmd="done" pos="VB" lemma="try" wnsn="1" lexsn="2:41:00::">try</wf>
<wf cmd="ignore" pos="TO">to</wf>
<wf cmd="done" pos="VB" lemma="keep" wnsn="1" lexsn="2:42:00::">keep</wf>
<wf cmd="ignore" pos="IN">within</wf>
<wf cmd="ignore" pos="DT">the</wf>
<wf cmd="tag" pos="NN">speed_limits</wf>
<punc>.</punc>
</s>
<s snum="10">
<wf cmd="ignore" pos="IN">Although</wf>
<wf cmd="tag" pos="NN">today</wf>
<wf cmd="ignore" pos="POS">'s</wf>
<wf cmd="tag" pos="NNS">trucks</wf>
<wf cmd="done" pos="VB" lemma="be" wnsn="1" lexsn="2:42:03::">are</wf>
<wf cmd="tag" pos="RB">as</wf>
<wf cmd="tag" pos="RB">fast</wf>
<wf cmd="ignore" pos="IN">as</wf>
<wf cmd="tag" pos="NN">passenger_cars</wf>
<punc>,</punc>
<wf cmd="ignore" pos="DT">a</wf>
<wf cmd="tag" pos="NN">truck_driver</wf>
<wf cmd="done" pos="VB" ot="notag">has</wf>
<wf cmd="done" pos="VB" ot="notag">to</wf>
<wf cmd="done" pos="VB" lemma="be" wnsn="2" lexsn="2:42:06::">be</wf>
<wf cmd="ignore" pos="DT">a</wf>
<wf cmd="tag" pos="JJ">sensible</wf>
<wf cmd="tag" pos="NN">person</wf>
<wf cmd="ignore" pos="CC">and</wf>
<wf cmd="done" pos="VB" lemma="guard" wnsn="1" lexsn="2:41:00::">guard</wf>
<wf cmd="done" pos="VB" ot="notag">against</wf>
<wf cmd="done" pos="VB" lemma="hog" wnsn="1" lexsn="2:40:00::">hogging</wf>
<wf cmd="ignore" pos="DT">the</wf>
<wf cmd="tag" pos="NN">road</wf>
<punc>.</punc>
</s>
</p>
<p pnum="4">
<s snum="11">
<wf cmd="ignore" pos="DT">The</wf>
<wf cmd="tag" pos="NN">letter_writer</wf>
<wf cmd="ignore" pos="WP">who</wf>
<wf cmd="done" pos="VB" lemma="suggest" wnsn="1" lexsn="2:32:00::">suggested</wf>
<wf cmd="done" pos="VB" lemma="save" wnsn="5" lexsn="2:40:01::">saving</wf>
<wf cmd="tag" pos="NN">money</wf>
<wf cmd="ignore" pos="IN">by</wf>
<wf cmd="done" rdf="taking_out" pos="VB" lemma="take_out" wnsn="1" lexsn="2:41:01::">taking</wf>
<wf cmd="tag" pos="NNS">kids</wf>
<wf cmd="ignore" pos="IN">out</wf>
<wf cmd="ignore" pos="IN">of</wf>
<wf cmd="tag" pos="NN">school</wf>
<wf cmd="ignore" pos="IN">at</wf>
<wf cmd="tag" pos="CD">14</wf>
<wf cmd="ignore" pos="MD">should</wf>
<wf cmd="done" pos="VB" ot="notag">have</wf>
<wf cmd="done" pos="VB" lemma="sign" wnsn="1" lexsn="2:32:02::">signed</wf>
<wf cmd="ignore" pos="PRP$">his</wf>
<wf cmd="tag" pos="NN">letter</wf>
<punc>``</punc>
<wf cmd="tag" pos="NNP">Simpleton</wf>
<punc>''</punc>
<wf cmd="tag" pos="RB">instead</wf>
<wf cmd="ignore" pos="IN">of</wf>
<punc>``</punc>
<wf cmd="tag" pos="NNP">Simplicitude</wf>
<punc>''</punc>
<punc>.</punc>
</s>
<s snum="12">
<wf cmd="tag" pos="JJ">Such</wf>
<wf cmd="tag" pos="NNS">kids</wf>
<wf cmd="tag" pos="RB">only</wf>
<wf cmd="done" pos="VB" lemma="wind_up" wnsn="0" lexsn="2:30:01::">wind_up</wf>
<wf cmd="ignore" pos="IN">among</wf>
<wf cmd="ignore" pos="DT">the</wf>
<wf cmd="tag" pos="JJ">unemployed</wf>
<wf cmd="ignore" pos="IN">on</wf>
<wf cmd="tag" pos="NN">relief</wf>
<wf cmd="ignore" pos="CC">or</wf>
<wf cmd="ignore" pos="IN">in</wf>
<wf cmd="tag" pos="NN">jail</wf>
<wf cmd="ignore" pos="WRB">where</wf>
<wf cmd="ignore" pos="PRP">they</wf>
<wf cmd="done" pos="VB" lemma="become" wnsn="1" lexsn="2:30:00::">become</wf>
<wf cmd="ignore" pos="DT">a</wf>
<wf cmd="tag" pos="RB">much</wf>
<wf cmd="tag" pos="JJR">bigger</wf>
<wf cmd="tag" pos="NN">burden</wf>
<punc>.</punc>
</s>
<s snum="13">
<wf cmd="ignore" pos="EX">There</wf>
<wf cmd="done" pos="VB" lemma="be" wnsn="5" lexsn="2:42:04::">are</wf>
<wf cmd="tag" pos="JJ">lots_of</wf>
<wf cmd="tag" pos="NNS">jobs</wf>
<wf cmd="tag" pos="JJ">available</wf>
<wf cmd="ignore" pos="IN">for</wf>
<wf cmd="tag" pos="JJ">trained</wf>
<wf cmd="tag" pos="NN">high_school</wf>
<wf cmd="tag" pos="NNS">graduates</wf>
<punc>,</punc>
<wf cmd="ignore" pos="CC">but</wf>
<wf cmd="tag" pos="RB">not</wf>
<wf cmd="ignore" pos="IN">for</wf>
<wf cmd="ignore" pos="DT">the</wf>
<wf cmd="tag" pos="NNS">dropouts</wf>
<punc>.</punc>
</s>
<s snum="14">
<wf cmd="ignore" pos="WP">What</wf>
<wf cmd="ignore" pos="PRP">we</wf>
<wf cmd="done" pos="VB" lemma="need" wnsn="2" lexsn="2:34:00::">need</wf>
<wf cmd="done" pos="VB" lemma="be" wnsn="2" lexsn="2:42:06::">is</wf>
<wf cmd="tag" pos="RBR">more</wf>
<wf cmd="tag" pos="JJ">vocational</wf>
<wf cmd="tag" pos="NN">training</wf>
<wf cmd="ignore" pos="IN">in</wf>
<wf cmd="tag" pos="NN">high_schools</wf>
<punc>,</punc>
<wf cmd="tag" pos="RB">not</wf>
<wf cmd="tag" pos="JJR">more</wf>
<wf cmd="tag" pos="NNS">dropouts</wf>
<punc>.</punc>
</s>
</p>
<p pnum="5">
<s snum="15">
<wf cmd="ignore" pos="PRP">I</wf>
<wf cmd="done" pos="VB" lemma="suppose" wnsn="2" lexsn="2:31:00::">suppose</wf>
<wf cmd="ignore" pos="PRP">I</wf>
<wf cmd="done" pos="VBP" ot="notag">am</wf>
<wf cmd="done" pos="VB" lemma="miss" wnsn="1" lexsn="2:39:00::">missing</wf>
<wf cmd="ignore" pos="DT">some</wf>
<wf cmd="tag" pos="JJ">elementary</wf>
<wf cmd="tag" pos="NN">point</wf>
<wf cmd="ignore" pos="CC">but</wf>
<wf cmd="ignore" pos="PRP">I</wf>
<wf cmd="tag" pos="RB">honestly</wf>
<wf cmd="ignore" pos="MD">cannot</wf>
<wf cmd="done" pos="VB" lemma="see" wnsn="2" lexsn="2:31:01::">see</wf>
<wf cmd="ignore" pos="WRB">how</wf>
<wf cmd="tag" pos="CD">two</wf>
<wf cmd="tag" pos="NNS">wrongs</wf>
<wf cmd="ignore" pos="MD">can</wf>
<wf cmd="done" pos="VB" lemma="make" wnsn="3" lexsn="2:36:00::">make</wf>
<wf cmd="ignore" pos="DT">a</wf>
<wf cmd="tag" pos="NN">right</wf>
<punc>!</punc>
</s>
<s snum="16">
<wf cmd="ignore" pos="PRP">I</wf>
<wf cmd="done" pos="VBP" ot="notag">am</wf>
<wf cmd="done" pos="VB" lemma="refer" wnsn="1" lexsn="2:32:01::">referring</wf>
<wf cmd="done" pos="VB" ot="notag">to</wf>
<wf cmd="ignore" pos="DT">this</wf>
<wf cmd="tag" pos="NN">country</wf>
<wf cmd="done" pos="VB" lemma="conduct" wnsn="1" lexsn="2:41:00::">conducting</wf>
<wf cmd="tag" pos="NN">atmosphere</wf>
<wf cmd="tag" pos="NNS">tests</wf>
<wf cmd="ignore" pos="IN">of</wf>
<wf cmd="tag" pos="JJ">nuclear</wf>
<wf cmd="tag" pos="NNS">bombs</wf>
<wf cmd="tag" pos="RB">just</wf>
<wf cmd="ignore" pos="IN">because</wf>
<wf cmd="tag" pos="NNP">Russia</wf>
<wf cmd="done" pos="VBZ" ot="notag">is</wf>
<punc>.</punc>
</s>
<s snum="17">
<wf cmd="ignore" pos="MD">Will</wf>
<wf cmd="ignore" pos="PRP$">our</wf>
<wf cmd="tag" pos="NNS">bombs</wf>
<wf cmd="done" pos="VB" lemma="be" wnsn="1" lexsn="2:42:03::">be</wf>
<wf cmd="tag" pos="JJR">cleaner</wf>
<wf cmd="ignore" pos="CC">or</wf>
<wf cmd="ignore" pos="MD">will</wf>
<wf cmd="ignore" pos="PRP$">their</wf>
<wf cmd="tag" pos="NN">fallout</wf>
<wf cmd="done" pos="VB" lemma="be" wnsn="1" lexsn="2:42:03::">be</wf>
<wf cmd="tag" pos="RBR">less</wf>
<wf cmd="tag" pos="JJ">harmful</wf>
<wf cmd="ignore" pos="TO">to</wf>
<wf cmd="tag" pos="NN">future</wf>
<wf cmd="tag" pos="NNS">generations</wf>
<wf cmd="ignore" pos="IN">of</wf>
<wf cmd="tag" pos="NNS">children</wf>
<punc>?</punc>
</s>
<s snum="18">
<wf cmd="ignore" pos="IN">If</wf>
<wf cmd="ignore" pos="DT">an</wf>
<wf cmd="tag" pos="NN">atom_bomb</wf>
<wf cmd="ignore" pos="IN">in</wf>
<wf cmd="tag" pos="CD">1945</wf>
<wf cmd="ignore" pos="MD">could</wf>
<wf cmd="done" pos="VB" lemma="destroy" wnsn="1" lexsn="2:36:00::">destroy</wf>
<wf cmd="ignore" pos="DT">an</wf>
<wf cmd="tag" pos="JJ">entire</wf>
<wf cmd="tag" pos="NN">city</wf>
<wf cmd="tag" pos="RB">surely</wf>
<wf cmd="ignore" pos="DT">the</wf>
<wf cmd="tag" pos="JJ">atomic</wf>
<wf cmd="tag" pos="NN">arsenal</wf>
<wf cmd="ignore" pos="PRP">we</wf>
<wf cmd="tag" pos="RB">now</wf>
<wf cmd="done" pos="VB" lemma="have" wnsn="1" lexsn="2:40:00::">have</wf>
<wf cmd="done" pos="VB" lemma="be" wnsn="1" lexsn="2:42:03::">is</wf>
<wf cmd="tag" pos="RB">more_than</wf>
<wf cmd="tag" pos="JJ">adequate_to</wf>
<wf cmd="done" pos="VB" lemma="fulfill" wnsn="1" lexsn="2:36:00::">fulfill</wf>
<wf cmd="ignore" pos="DT">any</wf>
<wf cmd="tag" pos="JJ">military</wf>
<wf cmd="tag" pos="NN">objective</wf>
<wf cmd="done" pos="VB" lemma="require" wnsn="1" lexsn="2:42:00::">required</wf>
<wf cmd="tag" pos="RB">of_it</wf>
<punc>.</punc>
</s>
</p>
<p pnum="6">
<s snum="19">
<wf cmd="ignore" pos="IN">As</wf>
<wf cmd="ignore" pos="PRP">I</wf>
<wf cmd="done" pos="VB" lemma="see" wnsn="2" lexsn="2:31:01::">see</wf>
<wf cmd="ignore" pos="PRP">it</wf>
<punc>,</punc>
<wf cmd="ignore" pos="IN">if</wf>
<wf cmd="tag" pos="NN">war</wf>
<wf cmd="done" pos="VB" lemma="start" wnsn="1" lexsn="2:30:00::">starts</wf>
<wf cmd="ignore" pos="CC">and</wf>
<wf cmd="ignore" pos="PRP">we</wf>
<wf cmd="done" pos="VB" lemma="survive" wnsn="1" lexsn="2:42:01::">survive</wf>
<wf cmd="ignore" pos="DT">the</wf>
<wf cmd="tag" pos="JJ">initial</wf>
<wf cmd="tag" pos="NN">attack</wf>
<wf cmd="tag" pos="RB">enough</wf>
<wf cmd="ignore" pos="TO">to</wf>
<wf cmd="done" pos="VB" lemma="be" wnsn="1" lexsn="2:42:03::">be</wf>
<wf cmd="tag" pos="JJ">able</wf>
<wf cmd="done" pos="VB" ot="notag">to</wf>
<wf cmd="done" pos="VB" lemma="fight_back" wnsn="1" lexsn="2:33:01::">fight_back</wf>
<punc>,</punc>
<wf cmd="ignore" pos="DT">the</wf>
<wf cmd="tag" pos="NN">nuclear_weapons</wf>
<wf cmd="ignore" pos="PRP">we</wf>
<wf cmd="tag" pos="RB">now</wf>
<wf cmd="done" pos="VB" lemma="have" wnsn="1" lexsn="2:40:00::">have</wf>
<punc>-</punc>
<wf cmd="tag" pos="RB">at_least</wf>
<wf cmd="ignore" pos="DT">the</wf>
<wf cmd="tag" pos="NNS">bombs</wf>
<punc>-</punc>
<wf cmd="ignore" pos="MD">can</wf>
<wf cmd="done" pos="VB" lemma="inflict" wnsn="1" lexsn="2:32:00::">inflict</wf>
<wf cmd="ignore" pos="PDT">all</wf>
<wf cmd="ignore" pos="DT">the</wf>
<wf cmd="tag" pos="NN">demage</wf>
<wf cmd="tag" pos="RB">that</wf>
<wf cmd="done" pos="VB" lemma="be" wnsn="1" lexsn="2:42:03::">is</wf>
<wf cmd="tag" pos="JJ">necessary</wf>
<punc>.</punc>
</s>
<s snum="20">
<wf cmd="ignore" pos="WRB">Why</wf>
<wf cmd="done" pos="VBP" ot="notag">do</wf>
<wf cmd="ignore" pos="PRP">we</wf>
<wf cmd="done" pos="VB" lemma="need" wnsn="2" lexsn="2:34:00::">need</wf>
<wf cmd="tag" pos="JJR">bigger</wf>
<wf cmd="ignore" pos="CC">and</wf>
<wf cmd="tag" pos="JJR">better</wf>
<wf cmd="tag" pos="NNS">bombs</wf>
<punc>?</punc>
</s>
<s snum="21">
<wf cmd="ignore" pos="PRP">I</wf>
<wf cmd="done" pos="VB" lemma="repeat" wnsn="1" lexsn="2:32:00::">repeat</wf>
<punc>,</punc>
<wf cmd="tag" pos="CD">two</wf>
<wf cmd="tag" pos="NNS">wrongs</wf>
<wf cmd="done" pos="VBP" ot="notag">do</wf>
<wf cmd="tag" pos="RB">not</wf>
<wf cmd="done" pos="VB" lemma="make" wnsn="3" lexsn="2:36:00::">make</wf>
<wf cmd="ignore" pos="DT">a</wf>
<wf cmd="tag" pos="NN">right</wf>
<punc>.</punc>
</s>
</p>
<p pnum="7">
<s snum="22">
<wf cmd="tag" pos="NN">Everyone</wf>
<wf cmd="ignore" pos="MD">should</wf>
<wf cmd="done" pos="VB" lemma="take" wnsn="2" lexsn="2:40:06::">take</wf>
<wf cmd="tag" pos="NN">time</wf>
<wf cmd="ignore" pos="TO">to</wf>
<wf cmd="done" pos="VB" lemma="read" wnsn="1" lexsn="2:31:00::">read</wf>
<wf cmd="tag" pos="NN">Martin_Luther</wf>
<wf cmd="ignore" pos="POS">'s</wf>
<wf cmd="tag" pos="NN">Hymn</wf>
<punc>``</punc>
<wf cmd="ignore" pos="DT">A</wf>
<wf cmd="tag" pos="NNP">Mighty_Fortress</wf>
<wf cmd="done" pos="VB" lemma="be" wnsn="2" lexsn="2:42:06::">Is</wf>
<wf cmd="ignore" pos="PRP$">Our</wf>
<wf cmd="tag" pos="NNP">God</wf>
<punc>''</punc>
<punc>.</punc>
</s>
</p>
<p pnum="8">
<s snum="23">
<wf cmd="tag" pos="RB">Especially</wf>
<wf cmd="ignore" pos="DT">the</wf>
<wf cmd="tag" pos="NN">first_half</wf>
<wf cmd="ignore" pos="IN">of</wf>
<wf cmd="ignore" pos="DT">the</wf>
<wf cmd="tag" pos="JJ">third</wf>
<wf cmd="tag" pos="NN">verse</wf>
<punc>.</punc>
</s>
</p>
<p pnum="9">
<s snum="24">
<wf cmd="ignore" pos="TO">To</wf>
<wf cmd="ignore" pos="PRP$">our</wf>
<wf cmd="tag" pos="JJ">everlasting</wf>
<wf cmd="tag" pos="NN">shame</wf>
<punc>,</punc>
<wf cmd="ignore" pos="PRP">we</wf>
<wf cmd="done" pos="VB" lemma="lead" wnsn="8" lexsn="2:42:01::">led</wf>
<wf cmd="ignore" pos="DT">the</wf>
<wf cmd="tag" pos="NN">world</wf>
<wf cmd="tag" pos="RB">in_this</wf>
<wf cmd="tag" pos="JJ">nuclear</wf>
<wf cmd="tag" pos="NN">arms_race</wf>
<wf cmd="tag" pos="CD">sixteen</wf>
<wf cmd="tag" pos="NNS">years</wf>
<wf cmd="tag" pos="RB">ago</wf>
<wf cmd="ignore" pos="WRB">when</wf>
<wf cmd="ignore" pos="PRP">we</wf>
<wf cmd="done" pos="VB" lemma="drop" wnsn="1" lexsn="2:38:01::">dropped</wf>
<wf cmd="ignore" pos="DT">the</wf>
<wf cmd="tag" pos="JJ">first</wf>
<wf cmd="tag" pos="NNS">bombs</wf>
<wf cmd="ignore" pos="IN">on</wf>
<wf cmd="tag" pos="NNP">Hiroshima</wf>
<wf cmd="ignore" pos="CC">and</wf>
<wf cmd="tag" pos="NNP">Nagasaki</wf>
<punc>.</punc>
</s>
</p>
<p pnum="10">
<s snum="25">
<wf cmd="done" pos="VBG" ot="notag">Having</wf>
<wf cmd="done" pos="VB" lemma="lead" wnsn="8" lexsn="2:42:01::">led</wf>
<wf cmd="ignore" pos="DT">the</wf>
<wf cmd="tag" pos="NN">world</wf>
<wf cmd="tag" pos="RB">in_this</wf>
<wf cmd="tag" pos="JJ">mad</wf>
<wf cmd="tag" pos="NN">race</wf>
<wf cmd="ignore" pos="PRP">I</wf>
<wf cmd="done" pos="VB" lemma="pray" wnsn="1" lexsn="2:32:00::">pray</wf>
<wf cmd="ignore" pos="IN">that</wf>
<wf cmd="ignore" pos="PRP">we</wf>
<wf cmd="ignore" pos="MD">may</wf>
<wf cmd="done" pos="VB" lemma="have" wnsn="1" lexsn="2:40:00::">have</wf>
<wf cmd="ignore" pos="DT">the</wf>
<wf cmd="tag" pos="NN">wisdom</wf>
<wf cmd="ignore" pos="CC">and</wf>
<wf cmd="tag" pos="NN">courage</wf>
<wf cmd="ignore" pos="TO">to</wf>
<wf cmd="done" pos="VB" lemma="lead" wnsn="1" lexsn="2:38:01::">lead</wf>
<wf cmd="ignore" pos="PRP">it</wf>
<wf cmd="ignore" pos="IN">out</wf>
<wf cmd="ignore" pos="IN">of</wf>
<wf cmd="ignore" pos="DT">the</wf>
<wf cmd="tag" pos="NN">race</wf>
<punc>.</punc>
</s>
</p>
<p pnum="11">
<s snum="26">
<wf cmd="done" pos="VB" ot="notag">Are</wf>
<wf cmd="ignore" pos="PRP">we</wf>
<wf cmd="ignore" pos="TO">to</wf>
<wf cmd="done" pos="VB" lemma="be" wnsn="2" lexsn="2:42:06::">be</wf>
<wf cmd="ignore" pos="DT">the</wf>
<wf cmd="tag" pos="NN">master</wf>
<wf cmd="ignore" pos="IN">of</wf>
<wf cmd="ignore" pos="DT">the</wf>
<wf cmd="tag" pos="NN">atom</wf>
<punc>,</punc>
<wf cmd="ignore" pos="CC">or</wf>
<wf cmd="ignore" pos="MD">will</wf>
<wf cmd="ignore" pos="DT">the</wf>
<wf cmd="tag" pos="NN">atom</wf>
<wf cmd="done" pos="VB" lemma="be" wnsn="2" lexsn="2:42:06::">be</wf>
<wf cmd="ignore" pos="PRP$">our</wf>
<wf cmd="tag" pos="NN">master</wf>
<punc>-</punc>
<wf cmd="ignore" pos="CC">and</wf>
<wf cmd="done" pos="VB" lemma="destroy" wnsn="1" lexsn="2:36:00::">destroy</wf>
<wf cmd="ignore" pos="PRP">us</wf>
<punc>!</punc>
</s>
</p>
<p pnum="12">
<s snum="27">
<wf cmd="tag" pos="RB">Just</wf>
<wf cmd="ignore" pos="IN">because</wf>
<wf cmd="tag" pos="NNP">Cheddi_Jagan</wf>
<punc>,</punc>
<wf cmd="tag" pos="JJ">new</wf>
<wf cmd="tag" pos="NN">boss</wf>
<wf cmd="ignore" pos="IN">of</wf>
<wf cmd="tag" pos="NN">British_Guiana</wf>
<punc>,</punc>
<wf cmd="done" pos="VBD" ot="notag">was</wf>
<wf cmd="done" pos="VB" lemma="educate" wnsn="1" lexsn="2:41:00::">educated</wf>
<wf cmd="ignore" pos="IN">in</wf>
<wf cmd="ignore" pos="DT">the</wf>
<wf cmd="tag" pos="NN">United_States</wf>
<wf cmd="done" pos="VB" lemma="be" wnsn="1" lexsn="2:42:03::">is</wf>
<wf cmd="ignore" pos="DT">no</wf>
<wf cmd="tag" pos="NN">reason</wf>
<wf cmd="ignore" pos="TO">to</wf>
<wf cmd="done" pos="VB" lemma="think" wnsn="2" lexsn="2:31:03::">think</wf>
<wf cmd="ignore" pos="PRP">he</wf>
<wf cmd="done" pos="VB" lemma="be" wnsn="1" lexsn="2:42:03::">is</wf>
<wf cmd="tag" pos="RB">n't</wf>
<wf cmd="ignore" pos="DT">a</wf>
<wf cmd="tag" pos="NNP">Red</wf>
<punc>.</punc>
</s>
<s snum="28">
<wf cmd="ignore" pos="PRP">We</wf>
<wf cmd="done" pos="VB" lemma="have" wnsn="1" lexsn="2:40:00::">have</wf>
<wf cmd="tag" pos="JJ">quite_a_few</wf>
<wf cmd="tag" pos="JJ">home-grown</wf>
<wf cmd="tag" pos="NNS">specimens</wf>
<wf cmd="ignore" pos="IN">of</wf>
<wf cmd="ignore" pos="PRP$">our</wf>
<wf cmd="tag" pos="JJ">own</wf>
<punc>.</punc>
</s>
<s snum="29">
<wf cmd="ignore" pos="IN">If</wf>
<wf cmd="ignore" pos="PRP">we</wf>
<wf cmd="done" pos="VB" ot="idiom">go_all_gooey</wf>
<wf cmd="ignore" pos="IN">over</wf>
<wf cmd="ignore" pos="DT">this</wf>
<wf cmd="tag" pos="JJS">newest</wf>
<wf cmd="tag" pos="NNP">Castro</wf>
<punc>(</punc>
<wf cmd="ignore" pos="IN">until</wf>
<wf cmd="ignore" pos="PRP">he</wf>
<wf cmd="done" pos="VB" lemma="prove" wnsn="2" lexsn="2:31:00::">proves</wf>
<wf cmd="ignore" pos="PRP">he</wf>
<wf cmd="done" pos="VB" lemma="be" wnsn="1" lexsn="2:42:03::">is</wf>
<wf cmd="tag" pos="RB">n't</wf>
<punc>)</punc>
<wf cmd="ignore" pos="PRP">we</wf>
<wf cmd="done" pos="VBP" ot="notag">'ve</wf>
<wf cmd="done" rdf="have_got" pos="VB" lemma="get" wnsn="1" lexsn="2:40:00::">got</wf>
<wf cmd="tag" pos="NNS">rocks</wf>
<wf cmd="ignore" pos="IN">in</wf>
<wf cmd="ignore" pos="PRP$">our</wf>
<wf cmd="tag" pos="NNS">heads</wf>
<punc>.</punc>
</s>
<s snum="30">
<wf cmd="ignore" pos="WRB">How</wf>
<wf cmd="tag" pos="RB">many_times</wf>
<wf cmd="ignore" pos="MD">must</wf>
<wf cmd="ignore" pos="PRP">we</wf>
<wf cmd="done" pos="VB" lemma="get" wnsn="2" lexsn="2:30:00::">get</wf>
<wf cmd="tag" pos="JJ">burned</wf>
<wf cmd="ignore" pos="IN">before</wf>
<wf cmd="ignore" pos="PRP">we</wf>
<wf cmd="done" pos="VB" lemma="learn" wnsn="1" lexsn="2:31:00::">learn</wf>
<punc>?</punc>
</s>
</p>
<p pnum="13">
<s snum="31">
<wf cmd="tag" pos="RB">Just</wf>
<wf cmd="ignore" pos="TO">to</wf>
<wf cmd="done" pos="VB" lemma="remind" wnsn="1" lexsn="2:31:00::">remind</wf>
<wf cmd="ignore" pos="DT">the</wf>
<wf cmd="tag" pos="NNPS">Communists</wf>
<wf cmd="ignore" pos="IN">that</wf>
<wf cmd="ignore" pos="DT">the</wf>
<wf cmd="tag" pos="NNS">bombs</wf>
<wf cmd="done" pos="VB" lemma="drop" wnsn="1" lexsn="2:38:01::">dropped</wf>
<wf cmd="ignore" pos="IN">on</wf>
<wf cmd="tag" pos="NNP">Japan</wf>
<wf cmd="done" pos="VB" lemma="be" wnsn="1" lexsn="2:42:03::">were</wf>
<wf cmd="ignore" pos="TO">to</wf>
<wf cmd="done" pos="VB" lemma="end" wnsn="2" lexsn="2:30:01::">end</wf>
<wf cmd="ignore" pos="DT">a</wf>
<wf cmd="tag" pos="NN">war</wf>
<wf cmd="tag" pos="RB">not</wf>
<wf cmd="done" pos="VB" lemma="start" wnsn="2" lexsn="2:30:01::">start</wf>
<wf cmd="tag" pos="CD">one</wf>
<punc>.</punc>
</s>
<s snum="32">
<wf cmd="ignore" pos="DT">The</wf>
<wf cmd="tag" pos="NN">war</wf>
<wf cmd="ignore" pos="MD">could</wf>
<wf cmd="done" pos="VB" ot="notag">have</wf>
<wf cmd="done" pos="VB" lemma="continue" wnsn="1" lexsn="2:42:01::">continued</wf>
<wf cmd="tag" pos="JJ">many</wf>
<wf cmd="tag" pos="NNS">years</wf>
<wf cmd="ignore" pos="IN">with</wf>
<wf cmd="tag" pos="JJ">many</wf>
<wf cmd="tag" pos="NNS">thousands</wf>
<wf cmd="done" pos="VB" lemma="kill" wnsn="1" lexsn="2:35:00::">killed</wf>
<wf cmd="ignore" pos="IN">on</wf>
<wf cmd="ignore" pos="DT">both</wf>
<wf cmd="tag" pos="NNS">sides</wf>
<punc>.</punc>
</s>
<s snum="33">
<wf cmd="tag" pos="NNP">Intelligent</wf>
<wf cmd="tag" pos="NNS">people</wf>
<wf cmd="ignore" pos="MD">will</wf>
<wf cmd="done" pos="VB" lemma="admit" wnsn="1" lexsn="2:32:00::">admit</wf>
<wf cmd="ignore" pos="IN">that</wf>
<wf cmd="tag" pos="NNS">bombs</wf>
<wf cmd="ignore" pos="CC">and</wf>
<wf cmd="tag" pos="NNS">rockets</wf>
<wf cmd="ignore" pos="IN">of</wf>
<wf cmd="tag" pos="NN">destruction</wf>
<wf cmd="done" pos="VB" lemma="be" wnsn="1" lexsn="2:42:03::">are</wf>
<wf cmd="tag" pos="JJ">frightening</wf>
<wf cmd="ignore" pos="IN">whether</wf>
<wf cmd="ignore" pos="PRP">they</wf>
<wf cmd="done" pos="VB" lemma="fall" wnsn="1" lexsn="2:38:03::">fall</wf>
<wf cmd="done" pos="VB" ot="notag">on</wf>
<wf cmd="tag" pos="NNP">Japan</wf>
<punc>,</punc>
<wf cmd="tag" pos="NNP">London</wf>
<wf cmd="ignore" pos="CC">or</wf>
<wf cmd="tag" pos="NN">Pearl_Harbor</wf>
<punc>.</punc>
</s>
<s snum="34">
<wf cmd="tag" pos="RB">That</wf>
<wf cmd="done" pos="VB" lemma="be" wnsn="1" lexsn="2:42:03::">is</wf>
<wf cmd="ignore" pos="WRB">why</wf>
<wf cmd="ignore" pos="DT">the</wf>
<wf cmd="tag" pos="NN">United_Nations</wf>
<wf cmd="done" pos="VBD" ot="notag">was</wf>
<wf cmd="done" pos="VB" lemma="form" wnsn="1" lexsn="2:41:00::">formed</wf>
<wf cmd="tag" pos="RB">so_that</wf>
<wf cmd="tag" pos="JJ">intelligent</wf>
<wf cmd="tag" pos="NNS">men</wf>
<wf cmd="ignore" pos="IN">with</wf>
<wf cmd="tag" pos="JJ">good</wf>
<wf cmd="tag" pos="NNS">intentions</wf>
<wf cmd="ignore" pos="IN">from</wf>
<wf cmd="ignore" pos="DT">all</wf>
<wf cmd="tag" pos="NNS">countries</wf>
<wf cmd="ignore" pos="MD">could</wf>
<wf cmd="done" pos="VB" lemma="meet" wnsn="7" lexsn="2:41:00::">meet</wf>
<wf cmd="ignore" pos="CC">and</wf>
<wf cmd="done" pos="VB" lemma="solve" wnsn="1" lexsn="2:31:00::">solve</wf>
<wf cmd="tag" pos="NNS">problems</wf>
<wf cmd="ignore" pos="IN">without</wf>
<wf cmd="done" pos="VB" lemma="resort" wnsn="1" lexsn="2:41:11::">resorting</wf>
<wf cmd="done" pos="VB" ot="notag">to</wf>
<wf cmd="tag" pos="NN">war</wf>
<punc>.</punc>
</s>
</p>
<p pnum="14">
<s snum="35">
<wf cmd="tag" pos="NNP">Russia</wf>
<wf cmd="done" pos="VBZ" ot="notag">has</wf>
<wf cmd="done" pos="VB" lemma="show" wnsn="3" lexsn="2:32:00::">showed</wf>
<wf cmd="ignore" pos="PRP$">its</wf>
<wf cmd="tag" pos="NNS">intentions</wf>
<wf cmd="ignore" pos="IN">by</wf>
<wf cmd="done" pos="VB" lemma="explode" wnsn="1" lexsn="2:30:01::">exploding</wf>
<wf cmd="tag" pos="NNS">bombs</wf>
<wf cmd="ignore" pos="IN">in</wf>
<wf cmd="tag" pos="NN">peace</wf>
<wf cmd="tag" pos="NN">time</wf>
<wf cmd="ignore" pos="TO">to</wf>
<wf cmd="done" pos="VB" lemma="try" wnsn="1" lexsn="2:41:00::">try</wf>
<wf cmd="ignore" pos="TO">to</wf>
<wf cmd="done" pos="VB" lemma="frighten" wnsn="1" lexsn="2:37:00::">frighten</wf>
<wf cmd="ignore" pos="DT">the</wf>
<wf cmd="tag" pos="NN">world</wf>
<punc>.</punc>
</s>
<s snum="36">
<wf cmd="ignore" pos="WRB">Why</wf>
<wf cmd="done" pos="VBP" ot="notag">are</wf>
<wf cmd="tag" pos="RB">n't</wf>
<wf cmd="ignore" pos="DT">the</wf>
<wf cmd="tag" pos="NNPS">Soviets</wf>
<wf cmd="done" pos="VB" lemma="expel" wnsn="1" lexsn="2:41:00::">expelled</wf>
<wf cmd="ignore" pos="IN">from</wf>
<wf cmd="ignore" pos="DT">the</wf>
<wf cmd="tag" pos="NNP">U._N.</wf>
<punc>?</punc>
</s>
</p>
<p pnum="15">
<s snum="37">
<wf cmd="ignore" pos="IN">While</wf>
<punc>``</punc>
<wf cmd="tag" pos="RBR">better</wf>
<wf cmd="tag" pos="JJ">late</wf>
<wf cmd="ignore" pos="IN">than</wf>
<wf cmd="tag" pos="RB">never</wf>
<punc>''</punc>
<wf cmd="ignore" pos="MD">may</wf>
<wf cmd="done" pos="VB" lemma="have" wnsn="2" lexsn="2:42:00::">have</wf>
<wf cmd="tag" pos="JJ">certain</wf>
<wf cmd="tag" pos="NNS">merits</wf>
<punc>,</punc>
<wf cmd="ignore" pos="DT">the</wf>
<wf cmd="tag" pos="JJ">posthumous</wf>
<wf cmd="tag" pos="NN">award</wf>
<wf cmd="ignore" pos="IN">of</wf>
<wf cmd="ignore" pos="DT">the</wf>
<wf cmd="tag" pos="NN">Nobel_Prize</wf>
<wf cmd="ignore" pos="IN">for</wf>
<wf cmd="tag" pos="NNP">Peace</wf>
<wf cmd="ignore" pos="TO">to</wf>
<wf cmd="ignore" pos="DT">the</wf>
<wf cmd="tag" pos="JJ">late</wf>
<wf cmd="tag" pos="NNP">Dag_Hammarskjold</wf>
<wf cmd="done" pos="VB" lemma="strike" wnsn="2" lexsn="2:37:00::">strikes</wf>
<wf cmd="ignore" pos="PRP">me</wf>
<wf cmd="ignore" pos="IN">as</wf>
<wf cmd="tag" pos="RB">less_than</wf>
<wf cmd="ignore" pos="DT">a</wf>
<wf cmd="tag" pos="JJ">satisfactory</wf>
<wf cmd="tag" pos="NN">expression</wf>
<wf cmd="ignore" pos="IN">of</wf>
<wf cmd="tag" pos="NN">appreciation</wf>
<punc>.</punc>
</s>
<s snum="38">
<wf cmd="done" pos="VBN" ot="notag">Had</wf>
<wf cmd="ignore" pos="PRP">it</wf>
<wf cmd="done" pos="VBN" ot="notag">been</wf>
<wf cmd="done" pos="VB" lemma="bestow" wnsn="1" lexsn="2:40:00::">bestowed</wf>
<wf cmd="ignore" pos="IN">while</wf>
<wf cmd="ignore" pos="DT">the</wf>
<wf cmd="tag" pos="NN">Secretary_General</wf>
<wf cmd="ignore" pos="IN">of</wf>
<wf cmd="ignore" pos="DT">the</wf>
<wf cmd="tag" pos="NN">United_Nations</wf>
<wf cmd="done" pos="VB" lemma="be" wnsn="1" lexsn="2:42:03::">was</wf>
<wf cmd="tag" pos="JJ">living</wf>
<punc>,</punc>
<wf cmd="tag" pos="RB">unquestionably</wf>
<wf cmd="ignore" pos="PRP">he</wf>
<wf cmd="ignore" pos="MD">would</wf>
<wf cmd="done" pos="VB" ot="notag">have</wf>
<wf cmd="done" pos="VB" lemma="be" wnsn="1" lexsn="2:42:03::">been</wf>
<wf cmd="tag" pos="RB">greatly</wf>
<wf cmd="tag" pos="JJ">encouraged</wf>
<wf cmd="ignore" pos="IN">in</wf>
<wf cmd="done" pos="VB" lemma="pursue" wnsn="1" lexsn="2:41:00::">pursuing</wf>
<wf cmd="ignore" pos="DT">a</wf>
<wf cmd="tag" pos="JJ">difficult</wf>
<wf cmd="ignore" pos="CC">and</wf>
<punc>,</punc>
<wf cmd="ignore" pos="IN">in</wf>
<wf cmd="tag" pos="JJ">many</wf>
<wf cmd="tag" pos="NNS">ways</wf>
<punc>,</punc>
<wf cmd="tag" pos="JJ">thankless</wf>
<wf cmd="tag" pos="NN">task</wf>
<punc>.</punc>
</s>
</p>
<p pnum="16">
<s snum="39">
<wf cmd="tag" pos="JJ">According</wf>
<wf cmd="done" pos="VB" ot="notag">to</wf>
<wf cmd="tag" pos="CD">one</wf>
<wf cmd="tag" pos="NN">report</wf>
<punc>,</punc>
<wf cmd="tag" pos="RB">however</wf>
<punc>,</punc>
<wf cmd="tag" pos="NNP">Mr._Hammarskjold</wf>
<wf cmd="done" pos="VBD" ot="notag">was</wf>
<wf cmd="done" pos="VB" lemma="consider" wnsn="1" lexsn="2:31:00::">considered</wf>
<punc>``</punc>
<wf cmd="tag" pos="RB">too</wf>
<wf cmd="tag" pos="JJ">controversial</wf>
<punc>''</punc>
<wf cmd="ignore" pos="DT">a</wf>
<wf cmd="tag" pos="NN">figure</wf>
<wf cmd="ignore" pos="TO">to</wf>
<wf cmd="done" pos="VB" lemma="warrant" wnsn="1" lexsn="2:32:00::">warrant</wf>
<wf cmd="tag" pos="NN">bestowal</wf>
<wf cmd="ignore" pos="IN">of</wf>
<wf cmd="ignore" pos="DT">the</wf>
<wf cmd="tag" pos="JJ">coveted</wf>
<wf cmd="tag" pos="NN">honor</wf>
<wf cmd="tag" pos="JJ">last</wf>
<wf cmd="tag" pos="NN">spring</wf>
<punc>.</punc>
</s>
<s snum="40">
<wf cmd="tag" pos="RB">Actually</wf>
<punc>,</punc>
<wf cmd="tag" pos="RB">of_course</wf>
<punc>,</punc>
<wf cmd="ignore" pos="IN">that</wf>
<wf cmd="tag" pos="NN">label</wf>
<punc>``</punc>
<wf cmd="tag" pos="JJ">controversial</wf>
<punc>''</punc>
<wf cmd="done" pos="VB" lemma="apply" wnsn="2" lexsn="2:42:00::">applied</wf>
<wf cmd="tag" pos="RB">only</wf>
<wf cmd="ignore" pos="IN">because</wf>
<wf cmd="ignore" pos="PRP">he</wf>
<wf cmd="done" pos="VBD" ot="notag">was</wf>
<wf cmd="done" pos="VB" lemma="carry_out" wnsn="1" lexsn="2:36:00::">carrying_out</wf>
<wf cmd="ignore" pos="DT">the</wf>
<wf cmd="tag" pos="NN">mandate</wf>
<wf cmd="done" pos="VB" lemma="give" wnsn="1" lexsn="2:40:03::">given</wf>
<wf cmd="ignore" pos="PRP">him</wf>
<wf cmd="ignore" pos="IN">by</wf>
<wf cmd="ignore" pos="DT">the</wf>
<wf cmd="tag" pos="NN">world_organization</wf>
<wf cmd="ignore" pos="PRP">he</wf>
<wf cmd="done" pos="VB" lemma="head" wnsn="2" lexsn="2:41:00::">headed</wf>
<wf cmd="tag" pos="RB">rather_than</wf>
<wf cmd="done" pos="VB" lemma="follow" wnsn="5" lexsn="2:41:00::">following</wf>
<wf cmd="ignore" pos="DT">the</wf>
<wf cmd="tag" pos="NNS">dictates</wf>
<wf cmd="ignore" pos="IN">of</wf>
<wf cmd="ignore" pos="DT">the</wf>
<wf cmd="tag" pos="NN">Soviet_Union</wf>
<punc>.</punc>
</s>
</p>
<p pnum="17">
<s snum="41">
<wf cmd="ignore" pos="IN">At</wf>
<wf cmd="tag" pos="NNP">Khrushchev</wf>
<wf cmd="ignore" pos="POS">'s</wf>
<wf cmd="tag" pos="NN">door</wf>
<punc>,</punc>
<wf cmd="tag" pos="RB">therefore</wf>
<punc>,</punc>
<wf cmd="ignore" pos="MD">can</wf>
<wf cmd="done" pos="VB" ot="notag">be</wf>
<wf cmd="done" pos="VB" lemma="place" wnsn="1" lexsn="2:35:00::">placed</wf>
<wf cmd="ignore" pos="DT">the</wf>
<wf cmd="tag" pos="JJ">primary</wf>
<wf cmd="tag" pos="NN">blame</wf>
<wf cmd="ignore" pos="CC">but</wf>
<wf cmd="tag" pos="RB">also</wf>
<wf cmd="tag" pos="JJ">at_fault</wf>
<wf cmd="done" pos="VB" lemma="be" wnsn="1" lexsn="2:42:03::">are</wf>
<wf cmd="ignore" pos="DT">those</wf>
<wf cmd="ignore" pos="WP">who</wf>
<wf cmd="done" pos="VB" lemma="permit" wnsn="1" lexsn="2:32:00::">permitted</wf>
<wf cmd="ignore" pos="PRP">themselves</wf>
<wf cmd="ignore" pos="TO">to</wf>
<wf cmd="done" pos="VB" ot="notag">be</wf>
<wf cmd="done" pos="VB" lemma="intimidate" wnsn="1" lexsn="2:37:00::">intimidated</wf>
<punc>.</punc>
</s>
<s snum="42">
<wf cmd="ignore" pos="PRP">It</wf>
<wf cmd="done" pos="VB" lemma="be" wnsn="1" lexsn="2:42:03::">is</wf>
<wf cmd="tag" pos="JJ">well</wf>
<wf cmd="ignore" pos="IN">for</wf>
<wf cmd="ignore" pos="PRP">us</wf>
<wf cmd="ignore" pos="TO">to</wf>
<wf cmd="done" pos="VB" lemma="remember" wnsn="2" lexsn="2:31:01::">remember</wf>
<wf cmd="ignore" pos="IN">that</wf>
<wf cmd="ignore" pos="DT">a</wf>
<wf cmd="tag" pos="NN">wreath</wf>
<wf cmd="ignore" pos="IN">on</wf>
<wf cmd="ignore" pos="DT">a</wf>
<wf cmd="tag" pos="NN">coffin</wf>
<wf cmd="tag" pos="RB">never</wf>
<wf cmd="ignore" pos="MD">can</wf>
<wf cmd="done" pos="VB" lemma="atone" wnsn="1" lexsn="2:41:12::">atone</wf>
<wf cmd="done" pos="VB" ot="notag">for</wf>
<wf cmd="tag" pos="NNS">flowers</wf>
<wf cmd="done" pos="VB" lemma="withhold" wnsn="1" lexsn="2:40:00::">withheld</wf>
<wf cmd="ignore" pos="IN">while</wf>
<wf cmd="ignore" pos="PRP">they</wf>
<wf cmd="tag" pos="RB">still</wf>
<wf cmd="ignore" pos="MD">can</wf>
<wf cmd="done" pos="VB" ot="notag">be</wf>
<wf cmd="done" pos="VB" lemma="enjoy" wnsn="1" lexsn="2:37:00::">enjoyed</wf>
<punc>.</punc>
</s>
<s snum="43">
<wf cmd="ignore" pos="IN">As</wf>
<wf cmd="done" pos="VBZ" ot="notag">has</wf>
<wf cmd="done" pos="VB" lemma="happen" wnsn="1" lexsn="2:30:00::">happened</wf>
<wf cmd="tag" pos="RB">so</wf>
<wf cmd="tag" pos="RB">often</wf>
<wf cmd="tag" pos="RB">in_the_past</wf>
<punc>,</punc>
<wf cmd="ignore" pos="DT">the</wf>
<wf cmd="tag" pos="NN">ability</wf>
<wf cmd="ignore" pos="TO">to</wf>
<wf cmd="done" pos="VB" lemma="recognize" wnsn="3" lexsn="2:39:01::">recognize</wf>
<wf cmd="tag" pos="JJ">true</wf>
<wf cmd="tag" pos="NN">greatness</wf>
<wf cmd="done" pos="VBZ" ot="notag">has</wf>
<wf cmd="done" pos="VB" lemma="be" wnsn="1" lexsn="2:42:03::">been</wf>
<wf cmd="tag" pos="JJ">inadequate</wf>
<wf cmd="ignore" pos="CC">and</wf>
<wf cmd="tag" pos="JJ">tardy</wf>
<punc>.</punc>
</s>
</p>
<p pnum="18">
<s snum="44">
<wf cmd="tag" pos="RB">Just</wf>
<wf cmd="ignore" pos="DT">a</wf>
<wf cmd="tag" pos="JJ">brief</wf>
<wf cmd="tag" pos="NN">note</wf>
<wf cmd="ignore" pos="IN">of</wf>
<wf cmd="tag" pos="NN">appreciation</wf>
<wf cmd="ignore" pos="TO">to</wf>
<wf cmd="tag" pos="NN">Vice_President</wf>
<wf cmd="tag" pos="NNP">Johnson</wf>
<wf cmd="ignore" pos="CC">and</wf>
<wf cmd="tag" pos="JJ">Pakistani</wf>
<wf cmd="tag" pos="NN">camel</wf>
<wf cmd="tag" pos="NN">driver</wf>
<wf cmd="tag" pos="NNP">Bashir_Ahmad</wf>
<wf cmd="ignore" pos="IN">for</wf>
<wf cmd="done" pos="VB" lemma="provide" wnsn="1" lexsn="2:40:00::">providing</wf>
<wf cmd="ignore" pos="DT">a</wf>
<wf cmd="tag" pos="JJ">first-class</wf>
<wf cmd="tag" pos="NN">example</wf>
<wf cmd="ignore" pos="IN">of</wf>
<punc>``</punc>
<wf cmd="tag" pos="NNS">people</wf>
<wf cmd="ignore" pos="TO">to</wf>
<wf cmd="tag" pos="NNS">people</wf>
<punc>''</punc>
<wf cmd="tag" pos="NN">good_will</wf>
<punc>.</punc>
</s>
<s snum="45">
<wf cmd="ignore" pos="IN">If</wf>
<wf cmd="tag" pos="RB">only</wf>
<wf cmd="ignore" pos="DT">this</wf>
<wf cmd="ignore" pos="MD">could</wf>
<wf cmd="done" pos="VB" ot="notag">be</wf>
<wf cmd="done" pos="VB" lemma="do" wnsn="1" lexsn="2:41:01::">done</wf>
<wf cmd="tag" pos="RB">more_often</wf>
<punc>-</punc>
<wf cmd="ignore" pos="IN">with</wf>
<wf cmd="tag" pos="JJ">such</wf>
<wf cmd="tag" pos="JJ">heartening</wf>
<wf cmd="tag" pos="NNS">results</wf>
<punc>-</punc>
<wf cmd="tag" pos="JJ">many_of</wf>
<wf cmd="ignore" pos="DT">the</wf>
<wf cmd="tag" pos="NN">earth</wf>
<wf cmd="ignore" pos="POS">'s</wf>
<punc>``</punc>
<wf cmd="tag" pos="JJ">big</wf>
<wf cmd="tag" pos="NNS">problems</wf>
<punc>''</punc>
<wf cmd="ignore" pos="MD">would</wf>
<wf cmd="done" pos="VB" lemma="shrink" wnsn="1" lexsn="2:30:02::">shrink</wf>
<wf cmd="ignore" pos="TO">to</wf>
<wf cmd="ignore" pos="DT">the</wf>
<wf cmd="tag" pos="NNS">insignificances</wf>
<wf cmd="ignore" pos="PRP">they</wf>
<wf cmd="tag" pos="RB">really</wf>
<wf cmd="done" pos="VB" lemma="be" wnsn="1" lexsn="2:42:03::">are</wf>
<punc>.</punc>
</s>
</p>
<p pnum="19">
<s snum="46">
<wf cmd="tag" pos="NNP">P._S.</wf>
<punc>.</punc>
</s>
<s snum="47">
<wf cmd="tag" pos="NNS">Thanks</wf>
<wf cmd="ignore" pos="IN">for</wf>
<wf cmd="ignore" pos="PRP$">your</wf>
<wf cmd="tag" pos="JJ">good</wf>
<wf cmd="tag" pos="NN">coverage</wf>
<wf cmd="ignore" pos="IN">of</wf>
<wf cmd="tag" pos="NNP">Ahmad</wf>
<wf cmd="ignore" pos="POS">'s</wf>
<wf cmd="tag" pos="NN">visit</wf>
<punc>,</punc>
<wf cmd="tag" pos="RB">too</wf>
<punc>!</punc>
</s>
</p>
<p pnum="20">
<s snum="48">
<wf cmd="ignore" pos="PRP$">Your</wf>
<wf cmd="tag" pos="JJ">continuing</wf>
<wf cmd="tag" pos="NNS">editorials</wf>
<wf cmd="tag" pos="JJ">concerning</wf>
<wf cmd="ignore" pos="DT">the</wf>
<wf cmd="tag" pos="NNP">Schuylkill_Expressway</wf>
<wf cmd="done" pos="VB" lemma="be" wnsn="1" lexsn="2:42:03::">are</wf>
<wf cmd="tag" pos="JJ">valuable</wf>
<punc>;</punc>
<wf cmd="tag" pos="RB">however</wf>
<punc>,</punc>
<wf cmd="tag" pos="JJ">several</wf>
<wf cmd="tag" pos="JJ">pertinent</wf>
<wf cmd="tag" pos="NNS">considerations</wf>
<wf cmd="done" pos="VB" lemma="deserve" wnsn="1" lexsn="2:42:00::">deserve</wf>
<wf cmd="tag" pos="NN">recognition</wf>
<punc>.</punc>
</s>
</p>
<p pnum="21">
<s snum="49">
<wf cmd="tag" pos="CD">One</wf>
<wf cmd="ignore" pos="IN">of</wf>
<wf cmd="ignore" pos="DT">the</wf>
<wf cmd="tag" pos="NNS">problems</wf>
<wf cmd="tag" pos="JJ">associated</wf>
<wf cmd="done" pos="VB" ot="notag">with</wf>
<wf cmd="ignore" pos="DT">the</wf>
<wf cmd="tag" pos="NN">expressway</wf>
<wf cmd="done" pos="VB" lemma="stem" wnsn="1" lexsn="2:42:00::">stems</wf>
<wf cmd="done" pos="VB" ot="notag">from</wf>
<wf cmd="ignore" pos="DT">the</wf>
<wf cmd="tag" pos="JJ">basic</wf>
<wf cmd="tag" pos="NN">idea</wf>
<punc>.</punc>
</s>
<s snum="50">
<wf cmd="ignore" pos="PRP">We</wf>
<wf cmd="done" pos="VB" lemma="shuffle" wnsn="2" lexsn="2:38:01::">shuffle</wf>
<wf cmd="ignore" pos="DT">a</wf>
<wf cmd="tag" pos="JJ">large</wf>
<wf cmd="tag" pos="NN">percentage</wf>
<wf cmd="ignore" pos="IN">of</wf>
<wf cmd="ignore" pos="DT">the</wf>
<wf cmd="tag" pos="NNS">cars</wf>
<wf cmd="ignore" pos="IN">across</wf>
<wf cmd="ignore" pos="DT">the</wf>
<wf cmd="tag" pos="NN">river</wf>
<wf cmd="tag" pos="RB">twice</wf>
<punc>.</punc>
</s>
<s snum="51">
<wf cmd="ignore" pos="PRP">They</wf>
<wf cmd="done" pos="VB" lemma="start" wnsn="3" lexsn="2:38:02::">start</wf>
<wf cmd="ignore" pos="IN">on</wf>
<wf cmd="ignore" pos="DT">the</wf>
<wf cmd="tag" pos="NN">East_side</wf>
<wf cmd="ignore" pos="IN">of</wf>
<wf cmd="ignore" pos="DT">the</wf>
<wf cmd="tag" pos="NNP">Schuylkill</wf>
<punc>,</punc>
<wf cmd="done" pos="VB" lemma="have" wnsn="0" lexsn="2:42:05::">have</wf>
<wf cmd="done" pos="VB" ot="notag">to</wf>
<wf cmd="done" pos="VB" lemma="cross" wnsn="1" lexsn="2:38:00::">cross</wf>
<wf cmd="tag" pos="RB">over</wf>
<wf cmd="ignore" pos="TO">to</wf>
<wf cmd="ignore" pos="DT">the</wf>
<wf cmd="tag" pos="NNP">West</wf>
<wf cmd="ignore" pos="TO">to</wf>
<wf cmd="done" pos="VB" lemma="use" wnsn="1" lexsn="2:34:01::">use</wf>
<wf cmd="ignore" pos="DT">the</wf>
<wf cmd="tag" pos="NN">expressway</wf>
<wf cmd="ignore" pos="CC">and</wf>
<wf cmd="done" pos="VB" lemma="cross" wnsn="1" lexsn="2:38:00::">cross</wf>
<wf cmd="tag" pos="RB">over_again</wf>
<wf cmd="ignore" pos="TO">to</wf>
<wf cmd="ignore" pos="DT">the</wf>
<wf cmd="tag" pos="NNP">East</wf>
<wf cmd="ignore" pos="IN">at</wf>
<wf cmd="ignore" pos="PRP$">their</wf>
<wf cmd="tag" pos="NN">destination</wf>
<punc>.</punc>
</s>
<s snum="52">
<wf cmd="tag" pos="NNP">Bridges</wf>
<punc>,</punc>
<wf cmd="tag" pos="NNS">tunnels</wf>
<wf cmd="ignore" pos="CC">and</wf>
<wf cmd="tag" pos="NNS">ferries</wf>
<wf cmd="done" pos="VB" lemma="be" wnsn="2" lexsn="2:42:06::">are</wf>
<wf cmd="tag" pos="RB">the_most</wf>
<wf cmd="tag" pos="JJ">common</wf>
<wf cmd="tag" pos="NNS">methods</wf>
<wf cmd="ignore" pos="IN">of</wf>
<wf cmd="tag" pos="NN">river</wf>
<wf cmd="tag" pos="NNS">crossings</wf>
<punc>.</punc>
</s>
<s snum="53">
<wf cmd="ignore" pos="DT">Each</wf>
<wf cmd="tag" pos="CD">one</wf>
<wf cmd="ignore" pos="IN">of</wf>
<wf cmd="ignore" pos="DT">these</wf>
<wf cmd="done" pos="VB" lemma="be" wnsn="1" lexsn="2:42:03::">is</wf>
<punc>,</punc>
<wf cmd="ignore" pos="IN">by</wf>
<wf cmd="ignore" pos="PRP$">its</wf>
<wf cmd="tag" pos="NN">nature</wf>
<punc>,</punc>
<wf cmd="ignore" pos="DT">a</wf>
<wf cmd="tag" pos="NN">focal_point</wf>
<wf cmd="ignore" pos="CC">or</wf>
<wf cmd="ignore" pos="DT">a</wf>
<wf cmd="tag" pos="NN">point</wf>
<wf cmd="ignore" pos="IN">of</wf>
<wf cmd="tag" pos="JJ">natural</wf>
<wf cmd="tag" pos="NN">congestion</wf>
<punc>.</punc>
</s>
<s snum="54">
<wf cmd="ignore" pos="PRP">We</wf>
<wf cmd="ignore" pos="MD">should</wf>
<wf cmd="done" pos="VB" lemma="avoid" wnsn="1" lexsn="2:32:00::">avoid</wf>
<wf cmd="ignore" pos="DT">these</wf>
<wf cmd="tag" pos="NN">congestion</wf>
<wf cmd="tag" pos="NNS">points</wf>
<wf cmd="ignore" pos="CC">or</wf>
<punc>,</punc>
<wf cmd="done" pos="VB" lemma="put" wnsn="3" lexsn="2:32:00::">putting</wf>
<wf cmd="ignore" pos="PRP">it</wf>
<wf cmd="ignore" pos="DT">another</wf>
<wf cmd="tag" pos="NN">way</wf>
<punc>,</punc>
<wf cmd="done" pos="VB" lemma="keep" wnsn="1" lexsn="2:42:00::">keep</wf>
<wf cmd="tag" pos="NNS">ars</wf>
<wf cmd="done" pos="VB" lemma="start" wnsn="3" lexsn="2:38:02::">starting</wf>
<wf cmd="ignore" pos="CC">and</wf>
<wf cmd="done" pos="VB" lemma="end" wnsn="1" lexsn="2:42:00::">ending</wf>
<wf cmd="ignore" pos="IN">on</wf>
<wf cmd="ignore" pos="DT">the</wf>
<wf cmd="tag" pos="NN">East_side</wf>
<wf cmd="ignore" pos="IN">of</wf>
<wf cmd="ignore" pos="DT">the</wf>
<wf cmd="tag" pos="NN">river</wf>
<punc>-</punc>
<wf cmd="ignore" pos="IN">on</wf>
<wf cmd="ignore" pos="DT">the</wf>
<wf cmd="tag" pos="NN">East_side</wf>
<punc>.</punc>
</s>
</p>
<p pnum="22">
<s snum="55">
<wf cmd="ignore" pos="DT">This</wf>
<wf cmd="ignore" pos="MD">can</wf>
<wf cmd="done" pos="VB" ot="notag">be</wf>
<wf cmd="done" pos="VB" lemma="accomplish" wnsn="1" lexsn="2:36:00::">accomplished</wf>
<wf cmd="ignore" pos="IN">by</wf>
<wf cmd="tag" pos="JJ">several</wf>
<wf cmd="tag" pos="JJ">logical</wf>
<wf cmd="tag" pos="NNS">steps</wf>
<punc>:</punc>
</s>
</p>
<p pnum="23">
<s snum="56">
<wf cmd="done" pos="VB" lemma="widen" wnsn="1" lexsn="2:30:00::">Widen</wf>
<wf cmd="ignore" pos="DT">the</wf>
<wf cmd="tag" pos="NNP">East_River</wf>
<wf cmd="tag" pos="NN">Drive</wf>
<wf cmd="done" pos="VB" ot="notag">at</wf>
<wf cmd="tag" pos="JJS">least</wf>
<wf cmd="tag" pos="CD">one</wf>
<wf cmd="tag" pos="NN">lane</wf>
<punc>.</punc>
</s>
</p>
<p pnum="24">
<s snum="57">
<wf cmd="tag" pos="RB">So</wf>
<wf cmd="done" pos="VB" lemma="widen" wnsn="1" lexsn="2:30:00::">widen</wf>
<wf cmd="ignore" pos="PRP">it</wf>
<wf cmd="tag" pos="RB">as</wf>
<wf cmd="ignore" pos="TO">to</wf>
<wf cmd="done" pos="VB" lemma="minimize" wnsn="1" lexsn="2:30:00::">minimize</wf>
<wf cmd="ignore" pos="DT">the</wf>
<wf cmd="tag" pos="JJ">present</wf>
<wf cmd="tag" pos="NNS">curves</wf>
<wf cmd="ignore" pos="CC">and</wf>
<wf cmd="done" pos="VB" lemma="eliminate" wnsn="1" lexsn="2:30:01::">eliminate</wf>
<wf cmd="tag" pos="NN">drainage</wf>
<wf cmd="tag" pos="NNS">problems</wf>
<punc>.</punc>
</s>
</p>
<p pnum="25">
<s snum="58">
<wf cmd="done" pos="VB" lemma="paint" wnsn="2" lexsn="2:35:00::">Paint</wf>
<wf cmd="tag" pos="JJ">continuous</wf>
<wf cmd="tag" pos="NN">lane</wf>
<wf cmd="tag" pos="NNS">stripes</wf>
<wf cmd="ignore" pos="CC">and</wf>
<wf cmd="done" pos="VB" lemma="install" wnsn="1" lexsn="2:35:00::">install</wf>
<wf cmd="tag" pos="JJ">overhead</wf>
<wf cmd="tag" pos="JJ">directional</wf>
<wf cmd="tag" pos="NNS">lights</wf>
<wf cmd="tag" pos="RB">as</wf>
<wf cmd="ignore" pos="IN">on</wf>
<wf cmd="ignore" pos="PRP$">our</wf>
<wf cmd="tag" pos="NNS">bridges</wf>
<punc>.</punc>
</s>
<s snum="59">
<wf cmd="tag" pos="CD">One</wf>
<wf cmd="tag" pos="JJ">additional</wf>
<wf cmd="tag" pos="NN">lane</wf>
<wf cmd="ignore" pos="MD">would</wf>
<wf cmd="tag" pos="RB">then</wf>
<wf cmd="done" pos="VB" lemma="be" wnsn="1" lexsn="2:42:03::">be</wf>
<wf cmd="tag" pos="JJ">directional</wf>
<wf cmd="ignore" pos="IN">with</wf>
<wf cmd="ignore" pos="DT">the</wf>
<wf cmd="tag" pos="NN">traffic</wf>
<wf cmd="tag" pos="NN">burden</wf>
<wf cmd="ignore" pos="CC">and</wf>
<wf cmd="tag" pos="RB">effectively</wf>
<wf cmd="done" pos="VB" lemma="increase" wnsn="2" lexsn="2:30:02::">increase</wf>
<wf cmd="ignore" pos="DT">the</wf>
<wf cmd="tag" pos="NN">traffic</wf>
<wf cmd="tag" pos="NN">carrying_capability</wf>
<wf cmd="ignore" pos="IN">of</wf>
<wf cmd="ignore" pos="DT">the</wf>
<wf cmd="tag" pos="NNP">East_River_Drive</wf>
<wf cmd="ignore" pos="IN">by</wf>
<wf cmd="tag" pos="NN">fifty_percent</wf>
<punc>.</punc>
</s>
</p>
<p pnum="26">
<s snum="60">
<wf cmd="ignore" pos="DT">This</wf>
<wf cmd="ignore" pos="MD">could</wf>
<wf cmd="done" pos="VB" ot="notag">be</wf>
<wf cmd="done" pos="VB" lemma="accomplish" wnsn="1" lexsn="2:36:00::">accomplished</wf>
<wf cmd="ignore" pos="IN">without</wf>
<wf cmd="ignore" pos="DT">the</wf>
<wf cmd="tag" pos="JJ">tremendous</wf>
<wf cmd="tag" pos="NNS">expenditures</wf>
<wf cmd="done" pos="VB" lemma="necessitate" wnsn="1" lexsn="2:42:00::">necessitated</wf>
<wf cmd="ignore" pos="IN">by</wf>
<wf cmd="ignore" pos="DT">the</wf>
<wf cmd="tag" pos="NNP">Schuylkill_Expressway</wf>
<wf cmd="ignore" pos="CC">and</wf>
<wf cmd="ignore" pos="IN">without</wf>
<wf cmd="done" pos="VB" lemma="destroy" wnsn="1" lexsn="2:36:00::">destroying</wf>
<wf cmd="ignore" pos="DT">the</wf>
<wf cmd="tag" pos="JJ">natural</wf>
<wf cmd="tag" pos="NN">beauty</wf>
<wf cmd="ignore" pos="IN">of</wf>
<wf cmd="ignore" pos="DT">the</wf>
<wf cmd="tag" pos="NNP">East_River_Drive</wf>
<punc>.</punc>
</s>
</p>
<p pnum="27">
<s snum="61">
<wf cmd="ignore" pos="PRP">I</wf>
<wf cmd="done" pos="VB" lemma="wish" wnsn="0" lexsn="2:31:00::">wish</wf>
<wf cmd="done" pos="VB" ot="notag">to</wf>
<wf cmd="done" pos="VB" lemma="advocate" wnsn="1" lexsn="2:32:00::">advocate</wf>
<wf cmd="tag" pos="CD">two</wf>
<wf cmd="tag" pos="JJ">drastic</wf>
<wf cmd="tag" pos="NNS">changes</wf>
<wf cmd="ignore" pos="IN">in</wf>
<wf cmd="tag" pos="NNP">Washington_Square</wf>
<punc>:</punc>
</s>
</p>
<p pnum="28">
<s snum="62">
<wf cmd="done" pos="VB" lemma="take_away" wnsn="2" lexsn="2:30:01::">Take_away</wf>
<wf cmd="tag" pos="NN">George_Washington</wf>
<wf cmd="ignore" pos="POS">'s</wf>
<wf cmd="tag" pos="NN">statue</wf>
<punc>.</punc>
</s>
</p>
<p pnum="29">
<s snum="63">
<wf cmd="done" pos="VB" lemma="replace" wnsn="1" lexsn="2:30:00::">Replace</wf>
<wf cmd="ignore" pos="PRP">it</wf>
<wf cmd="ignore" pos="IN">with</wf>
<wf cmd="ignore" pos="DT">the</wf>
<wf cmd="tag" pos="NN">statue</wf>
<wf cmd="ignore" pos="IN">of</wf>
<wf cmd="tag" pos="CD">one</wf>
<wf cmd="ignore" pos="CC">or</wf>
<wf cmd="ignore" pos="DT">another</wf>
<wf cmd="ignore" pos="IN">of</wf>
<wf cmd="ignore" pos="DT">the</wf>
<wf cmd="tag" pos="NN">world</wf>
<wf cmd="ignore" pos="POS">'s</wf>
<wf cmd="tag" pos="JJ">famous</wf>
<wf cmd="tag" pos="NNS">dictators</wf>
<punc>.</punc>
</s>
</p>
<p pnum="30">
<s snum="64">
<wf cmd="ignore" pos="EX">There</wf>
<wf cmd="done" pos="VBZ" ot="notag">'s</wf>
<wf cmd="ignore" pos="DT">no</wf>
<wf cmd="tag" pos="NN">sense</wf>
<wf cmd="ignore" pos="IN">in</wf>
<wf cmd="done" pos="VBG" ot="notag">being</wf>
<wf cmd="done" pos="VB" lemma="remind" wnsn="1" lexsn="2:31:00::">reminded</wf>
<wf cmd="ignore" pos="IN">of</wf>
<wf cmd="tag" pos="NNS">times</wf>
<wf cmd="ignore" pos="WDT">that</wf>
<wf cmd="done" pos="VB" ot="notag">were</wf>
<punc>.</punc>
</s>
<s snum="65">
<wf cmd="tag" pos="NNP">Washington_Square</wf>
<wf cmd="done" pos="VB" lemma="seem" wnsn="1" lexsn="2:39:00::">seems</wf>
<wf cmd="tag" pos="RB">not</wf>
<wf cmd="tag" pos="NN">part</wf>
<wf cmd="ignore" pos="IN">of</wf>
<wf cmd="ignore" pos="DT">a</wf>
<wf cmd="tag" pos="JJ">free</wf>
<wf cmd="tag" pos="NN">land</wf>
<punc>.</punc>
</s>
<s snum="66">
<wf cmd="ignore" pos="PRP">It</wf>
<wf cmd="ignore" pos="MD">may</wf>
<wf cmd="done" pos="VB" lemma="remind" wnsn="1" lexsn="2:31:00::">remind</wf>
<wf cmd="tag" pos="CD">one</wf>
<wf cmd="ignore" pos="IN">of</wf>
<wf cmd="tag" pos="NNP">Russia</wf>
<punc>,</punc>
<wf cmd="tag" pos="NNP">China</wf>
<wf cmd="ignore" pos="CC">or</wf>
<wf cmd="tag" pos="NNP">East_Berlin</wf>
<punc>;</punc>
<wf cmd="ignore" pos="CC">but</wf>
<wf cmd="ignore" pos="PRP">it</wf>
<wf cmd="ignore" pos="MD">can</wf>
<wf cmd="tag" pos="RB">n't</wf>
<wf cmd="done" pos="VB" lemma="remind" wnsn="1" lexsn="2:31:00::">remind</wf>
<wf cmd="tag" pos="CD">one</wf>
<wf cmd="ignore" pos="IN">of</wf>
<wf cmd="ignore" pos="DT">the</wf>
<wf cmd="tag" pos="NN">freedom</wf>
<wf cmd="ignore" pos="IN">that</wf>
<wf cmd="tag" pos="NNP">Washington</wf>
<wf cmd="ignore" pos="CC">and</wf>
<wf cmd="ignore" pos="DT">the</wf>
<wf cmd="tag" pos="NNP">Continental</wf>
<wf cmd="tag" pos="NNS">soldiers</wf>
<wf cmd="done" pos="VB" lemma="fight" wnsn="1" lexsn="2:33:00::">fought</wf>
<wf cmd="done" pos="VB" ot="notag">for</wf>
<punc>.</punc>
</s>
</p>
<p pnum="31">
<s snum="67">
<wf cmd="ignore" pos="DT">The</wf>
<wf cmd="tag" pos="NNP">Fairmount_Park_Commission</wf>
<wf cmd="ignore" pos="MD">will</wf>
<wf cmd="tag" pos="RB">no_doubt</wf>
<wf cmd="done" pos="VB" lemma="approve" wnsn="1" lexsn="2:32:00::">approve</wf>
<wf cmd="ignore" pos="PRP$">my</wf>
<wf cmd="tag" pos="CD">two</wf>
<wf cmd="tag" pos="NNS">proposals</wf>
<punc>,</punc>
<wf cmd="ignore" pos="IN">because</wf>
<wf cmd="ignore" pos="PRP">it</wf>
<wf cmd="done" pos="VB" lemma="be" wnsn="1" lexsn="2:42:03::">is</wf>
<wf cmd="tag" pos="JJ">responsible_for</wf>
<wf cmd="ignore" pos="DT">the</wf>
<wf cmd="tag" pos="NN">change</wf>
<wf cmd="ignore" pos="IN">of</wf>
<wf cmd="tag" pos="JJ">ideological</wf>
<wf cmd="tag" pos="NN">atmosphere</wf>
<wf cmd="ignore" pos="IN">in</wf>
<wf cmd="ignore" pos="DT">the</wf>
<wf cmd="tag" pos="NNP">Square</wf>
<punc>.</punc>
</s>
<s snum="68">
<wf cmd="tag" pos="JJ">The_matter</wf>
<wf cmd="ignore" pos="MD">may</wf>
<wf cmd="done" pos="VB" lemma="seem" wnsn="1" lexsn="2:39:00::">seem</wf>
<wf cmd="ignore" pos="DT">a</wf>
<wf cmd="tag" pos="JJ">small</wf>
<wf cmd="tag" pos="NN">thing</wf>
<wf cmd="ignore" pos="TO">to</wf>
<wf cmd="ignore" pos="DT">some</wf>
<wf cmd="tag" pos="NNS">people</wf>
<punc>,</punc>
<wf cmd="ignore" pos="PRP">I</wf>
<wf cmd="done" pos="VB" lemma="know" wnsn="1" lexsn="2:31:01::">know</wf>
<punc>,</punc>
<wf cmd="ignore" pos="CC">but</wf>
<wf cmd="ignore" pos="PRP">it</wf>
<wf cmd="done" rdf="is" pos="VB" lemma="be" wnsn="1" lexsn="2:42:03::">'s</wf>
<wf cmd="ignore" pos="DT">a</wf>
<wf cmd="tag" pos="RB">very</wf>
<wf cmd="tag" pos="JJ">good</wf>
<wf cmd="tag" pos="NN">start</wf>
<wf cmd="tag" pos="NN">on_the_road</wf>
<wf cmd="ignore" pos="TO">to</wf>
<wf cmd="tag" pos="NNP">Totalitarianism</wf>
<punc>.</punc>
</s>
<s snum="69">
<wf cmd="ignore" pos="DT">The</wf>
<wf cmd="tag" pos="NNP">Commission</wf>
<wf cmd="done" pos="VBZ" ot="notag">has</wf>
<wf cmd="done" pos="VB" lemma="post" wnsn="1" lexsn="2:35:02::">posted</wf>
<wf cmd="tag" pos="NN">signs</wf>
<wf cmd="done" pos="VB" ot="notag">in</wf>
<wf cmd="tag" pos="NNP">Washington_Square</wf>
<wf cmd="done" pos="VB" lemma="say" wnsn="1" lexsn="2:32:00::">saying</wf>
<punc>:</punc>
</s>
</p>
<p pnum="32">
<s snum="70">
<wf cmd="ignore" pos="DT">The</wf>
<wf cmd="tag" pos="NNP">Feeding</wf>
<wf cmd="ignore" pos="IN">of</wf>
<wf cmd="tag" pos="NNP">Birds</wf>
<wf cmd="done" pos="VB" lemma="be" wnsn="1" lexsn="2:42:03::">is</wf>
<wf cmd="tag" pos="JJ">Prohibited</wf>
<wf cmd="tag" pos="RB">in_This</wf>
<wf cmd="tag" pos="NNP">Square</wf>
<punc>.</punc>
</s>
</p>
<p pnum="34">
<s snum="71">
<wf cmd="tag" pos="NNP">Fairmount_Park_Commission</wf>
<wf cmd="done" pos="VBZ" ot="notag">Does</wf>
<wf cmd="ignore" pos="DT">each</wf>
<wf cmd="tag" pos="NN">tentacle</wf>
<wf cmd="ignore" pos="IN">of</wf>
<wf cmd="ignore" pos="DT">the</wf>
<wf cmd="tag" pos="NN">octopus</wf>
<wf cmd="ignore" pos="IN">of</wf>
<wf cmd="tag" pos="NNP">City_Government</wf>
<wf cmd="done" pos="VB" lemma="reach_out" wnsn="1" lexsn="2:35:00::">reach_out</wf>
<wf cmd="ignore" pos="CC">and</wf>
<wf cmd="done" pos="VB" lemma="lash" wnsn="1" lexsn="2:35:01::">lash</wf>
<wf cmd="ignore" pos="IN">at</wf>
<wf cmd="ignore" pos="WDT">whatever</wf>
<wf cmd="ignore" pos="PRP">it</wf>
<wf cmd="done" pos="VB" lemma="dislike" wnsn="1" lexsn="2:37:00::">dislikes</wf>
<wf cmd="ignore" pos="CC">or</wf>
<wf cmd="done" pos="VB" lemma="consider" wnsn="1" lexsn="2:31:00::">considers</wf>
<wf cmd="ignore" pos="DT">an</wf>
<wf cmd="tag" pos="NN">annoyance</wf>
<punc>?</punc>
</s>
<s snum="72">
<wf cmd="ignore" pos="IN">If</wf>
<wf cmd="tag" pos="NNS">birds</wf>
<wf cmd="done" pos="VBP" ot="notag">do</wf>
<wf cmd="tag" pos="RB">n't</wf>
<wf cmd="done" pos="VB" lemma="belong" wnsn="0" lexsn="2:42:00::">belong</wf>
<wf cmd="ignore" pos="IN">in</wf>
<wf cmd="ignore" pos="DT">a</wf>
<wf cmd="tag" pos="NNP">Square</wf>
<wf cmd="ignore" pos="CC">or</wf>
<wf cmd="tag" pos="NNP">Park</wf>
<punc>,</punc>
<wf cmd="ignore" pos="WP">what</wf>
<wf cmd="done" pos="VBZ" ot="notag">does</wf>
<punc>?</punc>
</s>
<s snum="73">
<wf cmd="ignore" pos="PRP">They</wf>
<wf cmd="done" pos="VB" lemma="be" wnsn="1" lexsn="2:42:03::">are</wf>
<wf cmd="tag" pos="RB">the_most</wf>
<wf cmd="tag" pos="JJ">beautiful</wf>
<wf cmd="tag" pos="NN">part</wf>
<wf cmd="tag" pos="RB">of_that</wf>
<wf cmd="tag" pos="JJ">little</wf>
<wf cmd="tag" pos="NN">piece</wf>
<wf cmd="ignore" pos="IN">of</wf>
<wf cmd="tag" pos="NNP">Nature</wf>
<punc>.</punc>
</s>
<s snum="74">
<wf cmd="ignore" pos="DT">The</wf>
<wf cmd="tag" pos="NNS">trees</wf>
<wf cmd="done" pos="VB" lemma="be" wnsn="2" lexsn="2:42:06::">are</wf>
<wf cmd="ignore" pos="PRP$">their</wf>
<wf cmd="tag" pos="NNS">homes</wf>
<punc>;</punc>
<wf cmd="ignore" pos="CC">but</wf>
<wf cmd="ignore" pos="DT">the</wf>
<wf cmd="tag" pos="NNP">Commission</wf>
<wf cmd="done" pos="VBZ" ot="notag">does</wf>
<wf cmd="tag" pos="RB">not</wf>
<wf cmd="done" pos="VB" lemma="share" wnsn="1" lexsn="2:42:00::">share</wf>
<wf cmd="tag" pos="JJ">such</wf>
<wf cmd="tag" pos="NNS">sentiments</wf>
<punc>.</punc>
</s>
</p>
<p pnum="35">
<s snum="75">
<wf cmd="ignore" pos="DT">The</wf>
<wf cmd="tag" pos="JJ">whole</wf>
<wf cmd="tag" pos="NN">official</wf>
<wf cmd="tag" pos="NNP">City</wf>
<wf cmd="tag" pos="RB">apparently</wf>
<wf cmd="done" pos="VB" lemma="have" wnsn="1" lexsn="2:40:00::">has</wf>
<wf cmd="ignore" pos="DT">an</wf>
<wf cmd="tag" pos="JJ">intense</wf>
<wf cmd="tag" pos="NN">hatred</wf>
<wf cmd="ignore" pos="IN">toward</wf>
<wf cmd="tag" pos="NNS">birds</wf>
<punc>.</punc>
</s>
<s snum="76">
<wf cmd="tag" pos="NNS">Starlings</wf>
<wf cmd="ignore" pos="CC">and</wf>
<wf cmd="tag" pos="NNS">blackbirds</wf>
<wf cmd="done" pos="VBP" ot="notag">are</wf>
<wf cmd="done" pos="VB" lemma="scare_off" wnsn="1" lexsn="2:37:00::">scared_off</wf>
<wf cmd="ignore" pos="IN">by</wf>
<wf cmd="tag" pos="NN">cannon</wf>
<punc>,</punc>
<wf cmd="ignore" pos="IN">from</wf>
<wf cmd="tag" pos="NN">City_Hall</wf>
<punc>.</punc>
</s>
<s snum="77">
<wf cmd="tag" pos="RB">Just</wf>
<wf cmd="ignore" pos="DT">a</wf>
<wf cmd="tag" pos="JJ">preliminary</wf>
<wf cmd="tag" pos="NN">measure</wf>
<punc>.</punc>
</s>
<s snum="78">
<wf cmd="ignore" pos="IN">If</wf>
<wf cmd="ignore" pos="DT">any</wf>
<wf cmd="done" pos="VB" lemma="be" wnsn="1" lexsn="2:42:03::">are</wf>
<wf cmd="tag" pos="JJ">left</wf>
<punc>,</punc>
<wf cmd="tag" pos="RB">presently</wf>
<punc>,</punc>
<wf cmd="ignore" pos="PRP">we</wf>
<wf cmd="ignore" pos="MD">may</wf>
<wf cmd="done" pos="VB" lemma="expect" wnsn="1" lexsn="2:31:00::">expect</wf>
<wf cmd="ignore" pos="TO">to</wf>
<wf cmd="done" pos="VB" lemma="see" wnsn="1" lexsn="2:39:00::">see</wf>
<wf cmd="tag" pos="NNS">signs</wf>
<wf cmd="tag" pos="RB">specifically</wf>
<wf cmd="done" pos="VB" lemma="prohibit" wnsn="1" lexsn="2:32:00::">prohibiting</wf>
<wf cmd="ignore" pos="DT">the</wf>
<wf cmd="tag" pos="NN">feeding</wf>
<wf cmd="ignore" pos="IN">of</wf>
<wf cmd="ignore" pos="PRP">them</wf>
<wf cmd="tag" pos="RB">too</wf>
<punc>.</punc>
</s>
</p>
<p pnum="36">
<s snum="79">
<wf cmd="ignore" pos="DT">The</wf>
<wf cmd="tag" pos="NNP">City_Government</wf>
<wf cmd="done" pos="VB" lemma="be" wnsn="1" lexsn="2:42:03::">is</wf>
<wf cmd="tag" pos="RB">not</wf>
<wf cmd="tag" pos="JJ">united</wf>
<wf cmd="ignore" pos="IN">in</wf>
<wf cmd="ignore" pos="DT">an</wf>
<wf cmd="tag" pos="JJ">all-out</wf>
<punc>,</punc>
<wf cmd="tag" pos="NN">to-the-death</wf>
<wf cmd="tag" pos="NN">drive</wf>
<wf cmd="done" pos="VB" ot="notag">to</wf>
<wf cmd="done" pos="VB" lemma="stamp_out" wnsn="1" lexsn="2:30:00::">stamp_out</wf>
<wf cmd="tag" pos="NNS">gangs</wf>
<punc>,</punc>
<wf cmd="tag" pos="NNS">delinquents</wf>
<punc>,</punc>
<wf cmd="tag" pos="NNS">thugs</wf>
<punc>,</punc>
<wf cmd="tag" pos="NNS">murderers</wf>
<punc>,</punc>
<wf cmd="tag" pos="NNS">rapists</wf>
<punc>,</punc>
<wf cmd="tag" pos="NNS">subversives</wf>
<punc>.</punc>
</s>
<s snum="80">
<wf cmd="tag" pos="RB">Indeed</wf>
<wf cmd="ignore" pos="DT">no</wf>
<punc>.</punc>
</s>
<s snum="81">
<wf cmd="done" pos="VB" ot="notag">Let</wf>
<wf cmd="ignore" pos="DT">every</wf>
<wf cmd="tag" pos="NN">policeman</wf>
<wf cmd="ignore" pos="CC">and</wf>
<wf cmd="tag" pos="NN">park</wf>
<wf cmd="tag" pos="NN">guard</wf>
<wf cmd="done" pos="VB" lemma="keep" wnsn="1" lexsn="2:42:00::">keep</wf>
<wf cmd="ignore" pos="PRP$">his</wf>
<wf cmd="tag" pos="NN">eye</wf>
<wf cmd="ignore" pos="IN">on</wf>
<wf cmd="tag" pos="NNP">John</wf>
<wf cmd="ignore" pos="CC">and</wf>
<wf cmd="tag" pos="NNP">Jane_Doe</wf>
<punc>,</punc>
<wf cmd="ignore" pos="IN">lest</wf>
<wf cmd="tag" pos="CD">one</wf>
<wf cmd="tag" pos="NN">piece</wf>
<wf cmd="ignore" pos="IN">of</wf>
<wf cmd="tag" pos="NN">bread</wf>
<wf cmd="done" pos="VB" ot="notag">be</wf>
<wf cmd="done" pos="VB" lemma="place" wnsn="1" lexsn="2:35:00::">placed</wf>
<wf cmd="tag" pos="JJ">undetected</wf>
<wf cmd="ignore" pos="CC">and</wf>
<wf cmd="tag" pos="CD">one</wf>
<wf cmd="tag" pos="NN">bird</wf>
<wf cmd="done" pos="VB" lemma="survive" wnsn="1" lexsn="2:42:01::">survive</wf>
<punc>.</punc>
</s>
</p>
<p pnum="37">
<s snum="82">
<wf cmd="tag" pos="RB">Of_course</wf>
<punc>,</punc>
<wf cmd="tag" pos="RB">in_this</wf>
<wf cmd="tag" pos="JJ">small</wf>
<wf cmd="tag" pos="NN">way</wf>
<wf cmd="ignore" pos="IN">of</wf>
<wf cmd="done" pos="VB" lemma="force" wnsn="1" lexsn="2:41:00::">forcing</wf>
<wf cmd="ignore" pos="DT">the</wf>
<wf cmd="tag" pos="NNS">people</wf>
<wf cmd="ignore" pos="TO">to</wf>
<wf cmd="done" pos="VB" lemma="watch" wnsn="4" lexsn="2:39:02::">watch</wf>
<wf cmd="ignore" pos="IN">as</wf>
<wf cmd="tag" pos="JJ">tiny</wf>
<wf cmd="ignore" pos="CC">and</wf>
<wf cmd="tag" pos="JJ">innocent</wf>
<wf cmd="ignore" pos="CC">and</wf>
<wf cmd="tag" pos="JJ">dependent</wf>
<wf cmd="tag" pos="NNS">creatures</wf>
<wf cmd="done" pos="VB" lemma="die" wnsn="1" lexsn="2:30:00::">die</wf>
<wf cmd="ignore" pos="IN">because</wf>
<wf cmd="ignore" pos="PRP">we</wf>
<wf cmd="done" rdf="are" pos="VB" lemma="be" wnsn="1" lexsn="2:42:03::">'re</wf>
<wf cmd="tag" pos="JJ">afraid</wf>
<wf cmd="ignore" pos="TO">to</wf>
<wf cmd="done" pos="VB" lemma="feed" wnsn="2" lexsn="2:34:01::">feed</wf>
<wf cmd="ignore" pos="PRP">them</wf>
<wf cmd="ignore" pos="CC">and</wf>
<wf cmd="tag" pos="JJ">afraid</wf>
<wf cmd="ignore" pos="TO">to</wf>
<wf cmd="done" pos="VB" lemma="protest" wnsn="1" lexsn="2:32:00::">protest</wf>
<wf cmd="ignore" pos="CC">and</wf>
<wf cmd="done" pos="VB" lemma="say" wnsn="1" lexsn="2:32:00::">say</wf>
<punc>``</punc>
<wf cmd="tag" pos="RB">How_come</wf>
<punc>?</punc>
</s>
<s snum="83">
<wf cmd="ignore" pos="WP">What</wf>
<wf cmd="ignore" pos="POS">'s</wf>
<wf cmd="ignore" pos="PRP$">your</wf>
<wf cmd="tag" pos="NN">motive</wf>
<punc>?</punc>
</s>
<s snum="84">
<wf cmd="ignore" pos="WP">Who</wf>
<wf cmd="done" pos="VB" lemma="want" wnsn="1" lexsn="2:37:00::">wants</wf>
<wf cmd="ignore" pos="DT">this</wf>
<wf cmd="tag" pos="NN">deed</wf>
<wf cmd="done" pos="VB" lemma="do" wnsn="1" lexsn="2:41:01::">done</wf>
<punc>''</punc>
<punc>?</punc>
</s>
<s snum="85">
<punc>-</punc>
<wf cmd="tag" pos="RB">in_this</wf>
<wf cmd="tag" pos="JJ">small</wf>
<wf cmd="tag" pos="NN">way</wf>
<wf cmd="done" pos="VBP" ot="notag">do</wf>
<wf cmd="ignore" pos="DT">the</wf>
<wf cmd="tag" pos="NNS">leaders</wf>
<wf cmd="ignore" pos="IN">of</wf>
<wf cmd="ignore" pos="DT">a</wf>
<wf cmd="tag" pos="NN">city</wf>
<punc>,</punc>
<wf cmd="ignore" pos="CC">or</wf>
<wf cmd="ignore" pos="IN">of</wf>
<wf cmd="ignore" pos="DT">a</wf>
<wf cmd="tag" pos="NN">nation</wf>
<punc>,</punc>
<wf cmd="done" pos="VB" lemma="inure" wnsn="1" lexsn="2:30:00::">inure</wf>
<wf cmd="ignore" pos="DT">the</wf>
<wf cmd="tag" pos="NNS">masses</wf>
<wf cmd="ignore" pos="TO">to</wf>
<wf cmd="done" pos="VB" lemma="watch" wnsn="4" lexsn="2:39:02::">watching</wf>
<punc>,</punc>
<wf cmd="ignore" pos="CC">or</wf>
<wf cmd="tag" pos="RB">even</wf>
<wf cmd="done" pos="VB" lemma="inflict" wnsn="1" lexsn="2:32:00::">inflicting</wf>
<punc>,</punc>
<wf cmd="tag" pos="NN">torture</wf>
<wf cmd="ignore" pos="CC">and</wf>
<wf cmd="tag" pos="NN">death</wf>
<punc>,</punc>
<wf cmd="ignore" pos="IN">upon</wf>
<wf cmd="tag" pos="RB">even</wf>
<wf cmd="ignore" pos="PRP$">their</wf>
<wf cmd="tag" pos="NN">fellow</wf>
<wf cmd="tag" pos="NNS">men</wf>
<punc>.</punc>
</s>
</p>
<p pnum="38">
<s snum="86">
<wf cmd="tag" pos="CD">One</wf>
<wf cmd="tag" pos="NN">means</wf>
<wf cmd="ignore" pos="TO">to</wf>
<wf cmd="done" pos="VB" lemma="help" wnsn="1" lexsn="2:41:00::">help</wf>
<wf cmd="tag" pos="NN">the_birds</wf>
<wf cmd="done" pos="VB" lemma="occur" wnsn="2" lexsn="2:31:00::">occurs</wf>
<wf cmd="ignore" pos="TO">to</wf>
<wf cmd="ignore" pos="PRP">me</wf>
<punc>:</punc>
<wf cmd="done" pos="VB" ot="notag">Let</wf>
<wf cmd="ignore" pos="DT">the</wf>
<wf cmd="tag" pos="NN">chimes</wf>
<wf cmd="ignore" pos="IN">that</wf>
<wf cmd="done" pos="VB" lemma="ring" wnsn="1" lexsn="2:39:00::">ring</wf>
<wf cmd="ignore" pos="IN">over</wf>
<wf cmd="tag" pos="NNP">Washington_Square</wf>
<wf cmd="tag" pos="RB">twice</wf>
<wf cmd="tag" pos="JJ">daily</wf>
<punc>,</punc>
<wf cmd="done" pos="VB" lemma="discontinue" wnsn="1" lexsn="2:42:00::">discontinue</wf>
<wf cmd="ignore" pos="DT">any</wf>
<wf cmd="tag" pos="NN">piece_of_music</wf>
<wf cmd="ignore" pos="CC">but</wf>
<wf cmd="tag" pos="CD">one</wf>
<punc>.</punc>
</s>
<s snum="87">
<wf cmd="done" pos="VB" ot="notag">Let</wf>
<wf cmd="ignore" pos="PRP">them</wf>
<wf cmd="done" pos="VB" lemma="offer" wnsn="2" lexsn="2:40:00::">offer</wf>
<wf cmd="ignore" pos="IN">on</wf>
<wf cmd="tag" pos="NN">behalf</wf>
<wf cmd="ignore" pos="IN">of</wf>
<wf cmd="ignore" pos="DT">those</wf>
<wf cmd="tag" pos="NNS">creatures</wf>
<wf cmd="ignore" pos="WP$">whose</wf>
<wf cmd="tag" pos="NN">melody</wf>
<wf cmd="done" pos="VBZ" ot="notag">has</wf>
<wf cmd="done" pos="VB" lemma="be" wnsn="2" lexsn="2:42:06::">been</wf>
<wf cmd="ignore" pos="DT">the</wf>
<wf cmd="tag" pos="NN">joy</wf>
<wf cmd="ignore" pos="IN">of</wf>
<wf cmd="tag" pos="NN">mankind</wf>
<wf cmd="ignore" pos="IN">since</wf>
<wf cmd="tag" pos="NN">time</wf>
<wf cmd="done" pos="VB" lemma="begin" wnsn="2" lexsn="2:42:00::">began</wf>
<punc>,</punc>
<wf cmd="ignore" pos="DT">the</wf>
<wf cmd="tag" pos="NN">hymn</wf>
<punc>``</punc>
<wf cmd="done" pos="VB" ot="notag">Abide</wf>
<wf cmd="ignore" pos="IN">With</wf>
<wf cmd="ignore" pos="PRP">Me</wf>
<punc>''</punc>
<punc>.</punc>
</s>
<s snum="88">
<wf cmd="ignore" pos="PRP">We</wf>
<wf cmd="ignore" pos="MD">will</wf>
<wf cmd="done" pos="VB" lemma="know" wnsn="1" lexsn="2:31:01::">know</wf>
<punc>,</punc>
<wf cmd="ignore" pos="CC">and</wf>
<wf cmd="ignore" pos="PRP">He</wf>
<wf cmd="ignore" pos="MD">will</wf>
<wf cmd="done" pos="VB" lemma="know" wnsn="1" lexsn="2:31:01::">know</wf>
<punc>,</punc>
<wf cmd="ignore" pos="TO">to</wf>
<wf cmd="ignore" pos="WP">whom</wf>
<wf cmd="ignore" pos="PRP">it</wf>
<wf cmd="done" pos="VBZ" ot="notag">is</wf>
<wf cmd="done" pos="VB" lemma="render" wnsn="2" lexsn="2:40:02::">rendered</wf>
<punc>,</punc>
<wf cmd="ignore" pos="WP">what</wf>
<wf cmd="tag" pos="NN">the_birds</wf>
<wf cmd="ignore" pos="MD">would</wf>
<wf cmd="done" pos="VB" lemma="ask" wnsn="2" lexsn="2:32:01::">ask</wf>
<punc>.</punc>
</s>
</p>
<p pnum="39">
<s snum="89">
<wf cmd="ignore" pos="EX">There</wf>
<wf cmd="done" pos="VB" lemma="be" wnsn="5" lexsn="2:42:04::">is</wf>
<wf cmd="ignore" pos="DT">a</wf>
<wf cmd="tag" pos="NN">trend</wf>
<wf cmd="tag" pos="NN">today</wf>
<wf cmd="ignore" pos="TO">to</wf>
<wf cmd="done" pos="VB" lemma="bemoan" wnsn="1" lexsn="2:32:00::">bemoan</wf>
<wf cmd="ignore" pos="DT">the</wf>
<wf cmd="tag" pos="NN">fact</wf>
<wf cmd="ignore" pos="IN">that</wf>
<wf cmd="tag" pos="NNPS">Americans</wf>
<wf cmd="done" pos="VB" lemma="be" wnsn="1" lexsn="2:42:03::">are</wf>
<wf cmd="tag" pos="RB">too</wf>
<punc>``</punc>
<wf cmd="tag" pos="JJ">soft</wf>
<punc>''</punc>
<punc>.</punc>
</s>
<s snum="90">
<wf cmd="tag" pos="RB">Unfortunately</wf>
<punc>,</punc>
<wf cmd="ignore" pos="DT">those</wf>
<wf cmd="ignore" pos="WP">who</wf>
<wf cmd="ignore" pos="MD">would</wf>
<wf cmd="done" pos="VB" lemma="remedy" wnsn="1" lexsn="2:30:00::">remedy</wf>
<wf cmd="ignore" pos="PRP$">our</wf>
<punc>``</punc>
<wf cmd="tag" pos="NN">softness</wf>
<punc>''</punc>
<wf cmd="done" pos="VB" lemma="seek" wnsn="3" lexsn="2:41:00::">seek</wf>
<wf cmd="ignore" pos="TO">to</wf>
<wf cmd="done" pos="VB" lemma="do" wnsn="1" lexsn="2:41:01::">do</wf>
<wf cmd="tag" pos="RB">so</wf>
<wf cmd="ignore" pos="IN">with</wf>
<wf cmd="tag" pos="NNS">calisthenics</wf>
<punc>.</punc>
</s>
<s snum="91">
<wf cmd="ignore" pos="PRP">They</wf>
<wf cmd="done" pos="VBP" ot="notag">are</wf>
<wf cmd="done" pos="VB" lemma="work_on" wnsn="1" lexsn="2:41:00::">working_on</wf>
<wf cmd="ignore" pos="DT">the</wf>
<wf cmd="tag" pos="JJ">wrong</wf>
<wf cmd="tag" pos="NN">part</wf>
<wf cmd="ignore" pos="IN">of</wf>
<wf cmd="ignore" pos="PRP$">our</wf>
<wf cmd="tag" pos="NN">anatomy</wf>
<punc>.</punc>
</s>
<s snum="92">
<wf cmd="ignore" pos="PRP">It</wf>
<wf cmd="done" pos="VB" lemma="be" wnsn="2" lexsn="2:42:06::">is</wf>
<wf cmd="tag" pos="RB">not</wf>
<wf cmd="ignore" pos="PRP$">our</wf>
<wf cmd="tag" pos="NNS">bodies</wf>
<wf cmd="ignore" pos="CC">but</wf>
<wf cmd="ignore" pos="PRP$">our</wf>
<wf cmd="tag" pos="NNS">hearts</wf>
<wf cmd="ignore" pos="CC">and</wf>
<wf cmd="tag" pos="NNS">heads</wf>
<wf cmd="ignore" pos="WDT">that</wf>
<wf cmd="done" pos="VBP" ot="notag">have</wf>
<wf cmd="done" pos="VB" lemma="grow" wnsn="1" lexsn="2:30:03::">grown</wf>
<wf cmd="tag" pos="RB">too</wf>
<wf cmd="tag" pos="JJ">soft</wf>
<punc>.</punc>
</s>
<s snum="93">
<wf cmd="tag" pos="JJ">Ashamed</wf>
<wf cmd="ignore" pos="IN">of</wf>
<wf cmd="ignore" pos="PRP$">our</wf>
<wf cmd="tag" pos="NN">wealth</wf>
<wf cmd="ignore" pos="CC">and</wf>
<wf cmd="tag" pos="NN">power</wf>
<punc>,</punc>
<wf cmd="tag" pos="JJ">afraid_of</wf>
<wf cmd="tag" pos="JJ">so-called</wf>
<wf cmd="tag" pos="NN">world</wf>
<wf cmd="tag" pos="NN">opinion</wf>
<wf cmd="ignore" pos="CC">and</wf>
<wf cmd="tag" pos="JJ">addicted</wf>
<wf cmd="ignore" pos="TO">to</wf>
<wf cmd="tag" pos="NN">peace</wf>
<punc>,</punc>
<wf cmd="ignore" pos="PRP">we</wf>
<wf cmd="done" pos="VBP" ot="notag">have</wf>
<wf cmd="done" pos="VB" lemma="allow" wnsn="1" lexsn="2:41:00::">allowed</wf>
<wf cmd="ignore" pos="PRP$">our</wf>
<wf cmd="tag" pos="NN">soft-heartedness</wf>
<wf cmd="ignore" pos="TO">to</wf>
<wf cmd="done" pos="VB" lemma="lead" wnsn="3" lexsn="2:42:12::">lead</wf>
<wf cmd="done" pos="VB" ot="notag">to</wf>
<wf cmd="tag" pos="JJ">soft-headed</wf>
<wf cmd="tag" pos="NNS">policies</wf>
<punc>.</punc>
</s>
</p>
<p pnum="40">
<s snum="94">
<wf cmd="ignore" pos="WRB">When</wf>
<wf cmd="ignore" pos="PRP">we</wf>
<wf cmd="done" pos="VB" lemma="become" wnsn="1" lexsn="2:30:00::">become</wf>
<wf cmd="tag" pos="NN">firm</wf>
<wf cmd="tag" pos="RB">enough</wf>
<wf cmd="ignore" pos="TO">to</wf>
<wf cmd="done" pos="VB" lemma="stand" wnsn="6" lexsn="2:31:01::">stand</wf>
<wf cmd="done" pos="VB" ot="notag">for</wf>
<wf cmd="ignore" pos="DT">those</wf>
<wf cmd="tag" pos="NNS">ideals</wf>
<wf cmd="ignore" pos="WDT">which</wf>
<wf cmd="ignore" pos="PRP">we</wf>
<wf cmd="done" pos="VB" lemma="know" wnsn="3" lexsn="2:31:02::">know</wf>
<wf cmd="ignore" pos="TO">to</wf>
<wf cmd="done" pos="VB" lemma="be" wnsn="1" lexsn="2:42:03::">be</wf>
<wf cmd="tag" pos="NN">right</wf>
<punc>,</punc>
<wf cmd="ignore" pos="WRB">when</wf>
<wf cmd="ignore" pos="PRP">we</wf>
<wf cmd="done" pos="VB" lemma="become" wnsn="1" lexsn="2:30:00::">become</wf>
<wf cmd="tag" pos="JJ">hard</wf>
<wf cmd="tag" pos="RB">enough</wf>
<wf cmd="ignore" pos="TO">to</wf>
<wf cmd="done" pos="VB" lemma="refuse" wnsn="1" lexsn="2:32:00::">refuse</wf>
<wf cmd="ignore" pos="TO">to</wf>
<wf cmd="done" pos="VB" lemma="aid" wnsn="1" lexsn="2:41:00::">aid</wf>
<wf cmd="tag" pos="NNS">nations</wf>
<wf cmd="ignore" pos="WDT">which</wf>
<wf cmd="done" pos="VBP" ot="notag">do</wf>
<wf cmd="tag" pos="RB">not</wf>
<wf cmd="done" pos="VB" lemma="permit" wnsn="1" lexsn="2:32:00::">permit</wf>
<wf cmd="tag" pos="NN">self-determination</wf>
<punc>,</punc>
<wf cmd="ignore" pos="WRB">when</wf>
<wf cmd="ignore" pos="PRP">we</wf>
<wf cmd="done" pos="VB" lemma="become" wnsn="1" lexsn="2:30:00::">become</wf>
<wf cmd="tag" pos="JJ">strong</wf>
<wf cmd="tag" pos="RB">enough</wf>
<wf cmd="ignore" pos="TO">to</wf>
<wf cmd="done" pos="VB" lemma="resist" wnsn="2" lexsn="2:33:00::">resist</wf>
<wf cmd="tag" pos="RB">any_more</wf>
<wf cmd="tag" pos="NN">drifts</wf>
<wf cmd="ignore" pos="IN">towards</wf>
<wf cmd="tag" pos="NN">socialism</wf>
<wf cmd="ignore" pos="IN">in</wf>
<wf cmd="ignore" pos="PRP$">our</wf>
<wf cmd="tag" pos="JJ">own</wf>
<wf cmd="tag" pos="NN">Nation</wf>
<punc>,</punc>
<wf cmd="ignore" pos="WRB">when</wf>
<wf cmd="ignore" pos="PRP">we</wf>
<wf cmd="done" pos="VB" lemma="recognize" wnsn="2" lexsn="2:31:01::">recognize</wf>
<wf cmd="ignore" pos="IN">that</wf>
<wf cmd="ignore" pos="PRP$">our</wf>
<wf cmd="tag" pos="NN">enemy</wf>
<wf cmd="done" pos="VB" lemma="be" wnsn="2" lexsn="2:42:06::">is</wf>
<wf cmd="tag" pos="NNP">Communism</wf>
<wf cmd="tag" pos="RB">not</wf>
<wf cmd="tag" pos="NN">war</wf>
<punc>,</punc>
<wf cmd="ignore" pos="CC">and</wf>
<wf cmd="ignore" pos="WRB">when</wf>
<wf cmd="ignore" pos="PRP">we</wf>
<wf cmd="done" pos="VB" lemma="realize" wnsn="1" lexsn="2:31:01::">realize</wf>
<wf cmd="ignore" pos="IN">that</wf>
<wf cmd="tag" pos="NNS">concessions</wf>
<wf cmd="ignore" pos="TO">to</wf>
<wf cmd="tag" pos="NNPS">Communists</wf>
<wf cmd="done" pos="VB" ot="notag">do</wf>
<wf cmd="tag" pos="RB">not</wf>
<wf cmd="done" pos="VB" lemma="insure" wnsn="1" lexsn="2:31:00::">insure</wf>
<wf cmd="tag" pos="NN">peace</wf>
<wf cmd="ignore" pos="CC">or</wf>
<wf cmd="tag" pos="NN">freedom</wf>
<punc>,</punc>
<wf cmd="tag" pos="RB">then</wf>
<punc>,</punc>
<wf cmd="ignore" pos="CC">and</wf>
<wf cmd="tag" pos="RB">only</wf>
<wf cmd="tag" pos="RB">then</wf>
<wf cmd="ignore" pos="MD">will</wf>
<wf cmd="ignore" pos="PRP">we</wf>
<wf cmd="tag" pos="RB">no_longer</wf>
<wf cmd="done" pos="VB" lemma="be" wnsn="1" lexsn="2:42:03::">be</wf>
<punc>``</punc>
<wf cmd="tag" pos="JJ">soft</wf>
<punc>''</punc>
<punc>.</punc>
</s>
<s snum="95">
<wf cmd="tag" pos="NNP">America</wf>
<wf cmd="done" pos="VBZ" ot="notag">does</wf>
<wf cmd="tag" pos="RB">n't</wf>
<wf cmd="done" pos="VB" lemma="need" wnsn="0" lexsn="2:42:01::">need</wf>
<wf cmd="done" pos="VB" ot="notag">to</wf>
<punc>``</punc>
<wf cmd="tag" pos="NN">push-up</wf>
<punc>''</punc>
<punc>,</punc>
<wf cmd="ignore" pos="PRP">she</wf>
<wf cmd="done" pos="VB" lemma="need" wnsn="0" lexsn="2:42:01::">needs</wf>
<wf cmd="done" pos="VB" ot="notag">to</wf>
<wf cmd="done" pos="VB" lemma="stand_up" wnsn="1" lexsn="2:38:00::">stand_up</wf>
<punc>!</punc>
</s>
</p>
<p pnum="41">
<s snum="96">
<wf cmd="ignore" pos="DT">The</wf>
<wf cmd="tag" pos="JJ">new</wf>
<wf cmd="tag" pos="NN">column</wf>
<wf cmd="ignore" pos="IN">by</wf>
<wf cmd="tag" pos="NNP">Maurice_Stans</wf>
<wf cmd="tag" pos="JJ">regarding</wf>
<wf cmd="tag" pos="NN">business</wf>
<wf cmd="tag" pos="NNS">scandals</wf>
<punc>,</punc>
<wf cmd="done" pos="VB" lemma="be" wnsn="1" lexsn="2:42:03::">is</wf>
<wf cmd="tag" pos="JJ">fair</wf>
<wf cmd="ignore" pos="CC">and</wf>
<wf cmd="tag" pos="JJ">accurate</wf>
<wf cmd="ignore" pos="IN">in</wf>
<wf cmd="tag" pos="RBS">most</wf>
<wf cmd="tag" pos="NNS">respects</wf>
<wf cmd="ignore" pos="CC">and</wf>
<wf cmd="ignore" pos="PRP$">his</wf>
<wf cmd="tag" pos="NN">solution</wf>
<wf cmd="ignore" pos="TO">to</wf>
<wf cmd="ignore" pos="DT">the</wf>
<wf cmd="tag" pos="NN">problem</wf>
<wf cmd="done" pos="VB" lemma="have" wnsn="1" lexsn="2:40:00::">has</wf>
<wf cmd="ignore" pos="DT">some</wf>
<wf cmd="tag" pos="NN">merit</wf>
<punc>.</punc>
</s>
<s snum="97">
<wf cmd="tag" pos="RB">However</wf>
<punc>,</punc>
<wf cmd="ignore" pos="PRP">he</wf>
<wf cmd="done" pos="VB" lemma="state" wnsn="1" lexsn="2:32:00::">states</wf>
<wf cmd="tag" pos="RB">unequivocally</wf>
<punc>``</punc>
<wf cmd="ignore" pos="DT">the</wf>
<wf cmd="tag" pos="NNS">scandals</wf>
<wf cmd="ignore" pos="IN">in</wf>
<wf cmd="tag" pos="NN">business</wf>
<wf cmd="done" pos="VB" lemma="be" wnsn="1" lexsn="2:42:03::">are</wf>
<wf cmd="tag" pos="RB">far</wf>
<wf cmd="tag" pos="RBR">less</wf>
<wf cmd="tag" pos="JJ">significant</wf>
<wf cmd="ignore" pos="IN">than</wf>
<wf cmd="ignore" pos="DT">the</wf>
<wf cmd="tag" pos="NNS">scandals</wf>
<wf cmd="tag" pos="JJ">in_labor</wf>
<punc>''</punc>
<punc>.</punc>
</s>
<s snum="98">
<wf cmd="ignore" pos="PRP">I</wf>
<wf cmd="ignore" pos="MD">must</wf>
<punc>,</punc>
<wf cmd="ignore" pos="IN">in</wf>
<wf cmd="tag" pos="NN">fairness</wf>
<punc>,</punc>
<wf cmd="done" pos="VB" lemma="take_issue" wnsn="1" lexsn="2:32:00::">take_issue</wf>
<wf cmd="ignore" pos="IN">with</wf>
<wf cmd="ignore" pos="PRP$">his</wf>
<wf cmd="tag" pos="NN">premise</wf>
<punc>,</punc>
<wf cmd="tag" pos="RB">primarily</wf>
<wf cmd="ignore" pos="IN">because</wf>
<wf cmd="ignore" pos="DT">the</wf>
<wf cmd="tag" pos="JJ">so-called</wf>
<wf cmd="tag" pos="NNS">scandals</wf>
<wf cmd="tag" pos="JJ">in_labor</wf>
<wf cmd="tag" pos="NNS">unions</wf>
<wf cmd="done" pos="VB" lemma="be" wnsn="1" lexsn="2:42:03::">were</wf>
<wf cmd="tag" pos="RB">very_much</wf>
<wf cmd="tag" pos="JJ">connected</wf>
<wf cmd="ignore" pos="IN">with</wf>
<wf cmd="tag" pos="NN">business</wf>
<wf cmd="tag" pos="NNS">scandals</wf>
<punc>.</punc>
</s>
</p>
<p pnum="42">
<s snum="99">
<wf cmd="ignore" pos="DT">The</wf>
<wf cmd="tag" pos="NN">area</wf>
<wf cmd="tag" pos="JJS">most</wf>
<wf cmd="tag" pos="RB">prominently</wf>
<wf cmd="done" pos="VB" lemma="comment" wnsn="1" lexsn="2:32:00::">commented</wf>
<wf cmd="done" pos="VB" ot="notag">on</wf>
<wf cmd="ignore" pos="IN">during</wf>
<wf cmd="ignore" pos="DT">the</wf>
<wf cmd="tag" pos="NNP">McClellan</wf>
<wf cmd="tag" pos="NNS">hearings</wf>
<wf cmd="done" pos="VB" lemma="have" wnsn="10" lexsn="2:42:12::">had</wf>
<wf cmd="done" pos="VB" ot="notag">to</wf>
<wf cmd="done" pos="VB" lemma="do" wnsn="4" lexsn="2:42:00::">do</wf>
<wf cmd="done" pos="VB" ot="notag">with</wf>
<punc>``</punc>
<wf cmd="tag" pos="NN">sweetheart</wf>
<wf cmd="tag" pos="NNS">contracts</wf>
<punc>''</punc>
<punc>.</punc>
</s>
<s snum="100">
<wf cmd="ignore" pos="DT">These</wf>
<wf cmd="tag" pos="NNS">arrangements</wf>
<wf cmd="ignore" pos="MD">would</wf>
<wf cmd="done" pos="VB" ot="notag">have</wf>
<wf cmd="done" pos="VB" lemma="be" wnsn="1" lexsn="2:42:03::">been</wf>
<wf cmd="tag" pos="JJ">impossible</wf>
<wf cmd="ignore" pos="IN">if</wf>
<wf cmd="ignore" pos="DT">the</wf>
<wf cmd="tag" pos="NN">business_community</wf>
<wf cmd="done" pos="VB" lemma="be" wnsn="1" lexsn="2:42:03::">was</wf>
<wf cmd="tag" pos="RB">truly</wf>
<wf cmd="tag" pos="JJ">interested</wf>
<wf cmd="ignore" pos="IN">in</wf>
<wf cmd="ignore" pos="DT">the</wf>
<wf cmd="tag" pos="NN">welfare</wf>
<wf cmd="ignore" pos="IN">of</wf>
<wf cmd="ignore" pos="PRP$">its</wf>
<wf cmd="tag" pos="NNS">employes</wf>
<punc>.</punc>
</s>
<s snum="101">
<wf cmd="ignore" pos="DT">A</wf>
<wf cmd="tag" pos="NN">sweetheart</wf>
<wf cmd="tag" pos="NN">arrangement</wf>
<wf cmd="ignore" pos="MD">can</wf>
<wf cmd="done" pos="VB" lemma="come_about" wnsn="1" lexsn="2:30:00::">come_about</wf>
<wf cmd="ignore" pos="IN">as</wf>
<wf cmd="tag" pos="RB">often</wf>
<wf cmd="ignore" pos="IN">by</wf>
<wf cmd="tag" pos="NNS">employers</wf>
<wf cmd="done" pos="VB" lemma="do" wnsn="1" lexsn="2:41:01::">doing</wf>
<wf cmd="ignore" pos="DT">the</wf>
<wf cmd="tag" pos="NN">corrupting</wf>
<wf cmd="ignore" pos="IN">as</wf>
<wf cmd="ignore" pos="IN">by</wf>
<wf cmd="tag" pos="JJ">unscrupulous</wf>
<wf cmd="tag" pos="NN">labor_leaders</wf>
<wf cmd="done" pos="VB" lemma="demand" wnsn="1" lexsn="2:32:00::">demanding</wf>
<wf cmd="tag" pos="NN">tribute</wf>
<punc>.</punc>
</s>
<s snum="102">
<wf cmd="tag" pos="NN">Anyone</wf>
<wf cmd="tag" pos="JJ">familiar_with</wf>
<wf cmd="ignore" pos="DT">the</wf>
<wf cmd="tag" pos="NNS">details</wf>
<wf cmd="ignore" pos="IN">of</wf>
<wf cmd="ignore" pos="DT">the</wf>
<wf cmd="tag" pos="NNP">McClellan</wf>
<wf cmd="tag" pos="NNS">hearings</wf>
<wf cmd="ignore" pos="MD">must</wf>
<wf cmd="tag" pos="RB">at_once</wf>
<wf cmd="done" pos="VB" lemma="realize" wnsn="2" lexsn="2:31:00::">realize</wf>
<wf cmd="ignore" pos="IN">that</wf>
<wf cmd="ignore" pos="DT">the</wf>
<wf cmd="tag" pos="NN">sweetheart</wf>
<wf cmd="tag" pos="NNS">arrangements</wf>
<wf cmd="done" pos="VB" lemma="augment" wnsn="1" lexsn="2:30:01::">augmented</wf>
<wf cmd="tag" pos="NN">employer</wf>
<wf cmd="tag" pos="NNS">profits</wf>
<wf cmd="tag" pos="RB">far</wf>
<wf cmd="tag" pos="RB">more_than</wf>
<wf cmd="ignore" pos="PRP">they</wf>
<wf cmd="done" pos="VB" lemma="augment" wnsn="1" lexsn="2:30:01::">augmented</wf>
<wf cmd="ignore" pos="DT">the</wf>
<wf cmd="tag" pos="NNS">earnings</wf>
<wf cmd="ignore" pos="IN">of</wf>
<wf cmd="ignore" pos="DT">the</wf>
<wf cmd="tag" pos="JJ">corruptible</wf>
<wf cmd="tag" pos="NN">labor_leaders</wf>
<punc>.</punc>
</s>
</p>
<p pnum="43">
<s snum="103">
<wf cmd="tag" pos="RB">Further</wf>
<punc>,</punc>
<wf cmd="ignore" pos="PRP">it</wf>
<wf cmd="ignore" pos="MD">should</wf>
<wf cmd="done" pos="VB" ot="notag">be</wf>
<wf cmd="done" pos="VB" lemma="recall" wnsn="1" lexsn="2:31:00::">recalled</wf>
<wf cmd="ignore" pos="IN">that</wf>
<wf cmd="ignore" pos="DT">some</wf>
<wf cmd="tag" pos="RB">very</wf>
<wf cmd="tag" pos="JJ">definite</wf>
<wf cmd="tag" pos="NNS">steps</wf>
<wf cmd="done" pos="VBD" ot="notag">were</wf>
<wf cmd="done" pos="VB" lemma="take" wnsn="1" lexsn="2:41:04::">taken</wf>
<wf cmd="ignore" pos="IN">by</wf>
<wf cmd="tag" pos="NNP">Congress</wf>
<wf cmd="ignore" pos="TO">to</wf>
<wf cmd="done" pos="VB" lemma="combat" wnsn="1" lexsn="2:33:00::">combat</wf>
<wf cmd="tag" pos="NN">corruption</wf>
<wf cmd="ignore" pos="IN">in</wf>
<wf cmd="ignore" pos="DT">the</wf>
<wf cmd="tag" pos="NN">labor_movement</wf>
<wf cmd="ignore" pos="IN">by</wf>
<wf cmd="ignore" pos="PRP$">its</wf>
<wf cmd="tag" pos="NN">passage</wf>
<wf cmd="ignore" pos="IN">of</wf>
<wf cmd="ignore" pos="DT">the</wf>
<wf cmd="tag" pos="NNP">Landrum-Griffin_Act</wf>
<punc>.</punc>
</s>
</p>
</context>
</contextfile>
