<contextfile concordance="brown">
<context filename="br-b18" paras="yes">
<p pnum="1">
<s snum="1">
<wf cmd="tag" pos="RB">For_the_first_time</wf>
<wf cmd="ignore" pos="IN">in</wf>
<wf cmd="tag" pos="NN">history</wf>
<wf cmd="ignore" pos="DT">the</wf>
<wf cmd="tag" pos="JJ">entire</wf>
<wf cmd="tag" pos="NN">world</wf>
<wf cmd="done" pos="VB" lemma="be" wnsn="1" lexsn="2:42:03::">is</wf>
<wf cmd="tag" pos="JJ">dominated_by</wf>
<wf cmd="tag" pos="CD">two</wf>
<wf cmd="tag" pos="JJ">large</wf>
<punc>,</punc>
<wf cmd="tag" pos="JJ">powerful</wf>
<wf cmd="tag" pos="NNS">nations</wf>
<wf cmd="tag" pos="JJ">armed</wf>
<wf cmd="ignore" pos="IN">with</wf>
<wf cmd="tag" pos="JJ">murderous</wf>
<wf cmd="tag" pos="NN">nuclear_weapons</wf>
<wf cmd="ignore" pos="WDT">that</wf>
<wf cmd="done" pos="VB" lemma="make" wnsn="2" lexsn="2:30:00::">make</wf>
<wf cmd="tag" pos="JJ">conventional</wf>
<wf cmd="tag" pos="NN">warfare</wf>
<wf cmd="ignore" pos="IN">of</wf>
<wf cmd="ignore" pos="DT">the</wf>
<wf cmd="tag" pos="JJ">past</wf>
<wf cmd="ignore" pos="DT">a</wf>
<wf cmd="tag" pos="NN">nullity</wf>
<punc>.</punc>
</s>
<s snum="2">
<wf cmd="ignore" pos="DT">The</wf>
<wf cmd="tag" pos="NN">United_States</wf>
<wf cmd="ignore" pos="CC">and</wf>
<wf cmd="tag" pos="NN">Soviet_Russia</wf>
<wf cmd="done" pos="VB" lemma="have" wnsn="1" lexsn="2:40:00::">have</wf>
<wf cmd="tag" pos="RB">enough</wf>
<wf cmd="tag" pos="NN">nuclear_weapons</wf>
<wf cmd="ignore" pos="TO">to</wf>
<wf cmd="done" pos="VB" lemma="destroy" wnsn="2" lexsn="2:35:00::">destroy</wf>
<wf cmd="ignore" pos="DT">all</wf>
<wf cmd="tag" pos="NNS">nations</wf>
<punc>.</punc>
</s>
<s snum="3">
<wf cmd="tag" pos="JJ">Recent</wf>
<wf cmd="tag" pos="NNS">statements</wf>
<wf cmd="ignore" pos="IN">by</wf>
<wf cmd="tag" pos="JJ">well-known</wf>
<wf cmd="tag" pos="NNS">scientists</wf>
<wf cmd="tag" pos="JJ">regarding</wf>
<wf cmd="ignore" pos="DT">the</wf>
<wf cmd="tag" pos="JJ">destructive</wf>
<wf cmd="tag" pos="NN">power</wf>
<wf cmd="ignore" pos="IN">of</wf>
<wf cmd="ignore" pos="DT">the</wf>
<wf cmd="tag" pos="JJS">newest</wf>
<wf cmd="tag" pos="JJ">nuclear</wf>
<wf cmd="tag" pos="NNS">bombs</wf>
<wf cmd="ignore" pos="CC">and</wf>
<wf cmd="ignore" pos="DT">the</wf>
<wf cmd="tag" pos="JJ">deadly</wf>
<wf cmd="tag" pos="NNS">fall-outs</wf>
<wf cmd="ignore" pos="MD">should</wf>
<wf cmd="done" pos="VB" lemma="be" wnsn="1" lexsn="2:42:03::">be</wf>
<wf cmd="tag" pos="JJ">sufficient</wf>
<wf cmd="ignore" pos="TO">to</wf>
<wf cmd="done" pos="VB" lemma="still" wnsn="2" lexsn="2:30:00::">still</wf>
<wf cmd="ignore" pos="DT">the</wf>
<wf cmd="tag" pos="NNS">voices</wf>
<wf cmd="ignore" pos="IN">of</wf>
<wf cmd="ignore" pos="DT">those</wf>
<wf cmd="ignore" pos="WP">who</wf>
<wf cmd="done" pos="VB" lemma="advocate" wnsn="1" lexsn="2:32:00::">advocate</wf>
<wf cmd="tag" pos="JJ">nuclear</wf>
<wf cmd="tag" pos="NN">warfare</wf>
<wf cmd="tag" pos="RB">instead</wf>
<wf cmd="ignore" pos="IN">of</wf>
<wf cmd="tag" pos="NNS">negotiations</wf>
<punc>.</punc>
</s>
</p>
<p pnum="2">
<s snum="4">
<wf cmd="tag" pos="NNP">President_Kennedy</wf>
<wf cmd="done" pos="VB" lemma="be" wnsn="1" lexsn="2:42:03::">was</wf>
<wf cmd="tag" pos="NN">right</wf>
<wf cmd="ignore" pos="WRB">when</wf>
<wf cmd="ignore" pos="PRP">he</wf>
<wf cmd="done" pos="VB" lemma="say" wnsn="1" lexsn="2:32:00::">said</wf>
<punc>,</punc>
<punc>``</punc>
<wf cmd="ignore" pos="PRP">We</wf>
<wf cmd="ignore" pos="MD">shall</wf>
<wf cmd="tag" pos="RB">never</wf>
<wf cmd="done" pos="VB" lemma="negotiate" wnsn="1" lexsn="2:32:00::">negotiate</wf>
<wf cmd="ignore" pos="IN">out</wf>
<wf cmd="ignore" pos="IN">of</wf>
<wf cmd="tag" pos="NN">fear</wf>
<wf cmd="ignore" pos="CC">and</wf>
<wf cmd="ignore" pos="PRP">we</wf>
<wf cmd="tag" pos="RB">never</wf>
<wf cmd="ignore" pos="MD">shall</wf>
<wf cmd="done" pos="VB" lemma="fear" wnsn="1" lexsn="2:37:03::">fear</wf>
<wf cmd="ignore" pos="TO">to</wf>
<wf cmd="done" pos="VB" lemma="negotiate" wnsn="1" lexsn="2:32:00::">negotiate</wf>
<punc>''</punc>
<punc>.</punc>
</s>
<s snum="5">
<wf cmd="ignore" pos="PRP">I</wf>
<wf cmd="done" pos="VBP" ot="notag">have</wf>
<wf cmd="tag" pos="RB">just</wf>
<wf cmd="done" pos="VB" lemma="return" wnsn="1" lexsn="2:38:00::">returned</wf>
<wf cmd="ignore" pos="IN">from</wf>
<wf cmd="ignore" pos="DT">a</wf>
<wf cmd="tag" pos="JJ">seven-week</wf>
<wf cmd="tag" pos="NN">trip</wf>
<wf cmd="ignore" pos="TO">to</wf>
<wf cmd="tag" pos="NNP">Europe</wf>
<wf cmd="ignore" pos="CC">and</wf>
<wf cmd="ignore" pos="DT">the</wf>
<wf cmd="tag" pos="NNP">Far_East</wf>
<punc>.</punc>
</s>
<s snum="6">
<wf cmd="ignore" pos="PRP">It</wf>
<wf cmd="done" pos="VB" lemma="be" wnsn="1" lexsn="2:42:03::">is</wf>
<wf cmd="tag" pos="RB">quite</wf>
<wf cmd="tag" pos="JJ">evident</wf>
<wf cmd="ignore" pos="IN">that</wf>
<wf cmd="ignore" pos="DT">the</wf>
<wf cmd="tag" pos="NNS">people</wf>
<wf cmd="ignore" pos="IN">of</wf>
<wf cmd="tag" pos="JJ">Western</wf>
<wf cmd="tag" pos="NNP">Europe</wf>
<wf cmd="done" pos="VB" lemma="be" wnsn="1" lexsn="2:42:03::">are</wf>
<wf cmd="tag" pos="RB">overwhelmingly</wf>
<wf cmd="tag" pos="JJ">opposed</wf>
<wf cmd="ignore" pos="TO">to</wf>
<wf cmd="tag" pos="NN">participation</wf>
<wf cmd="ignore" pos="IN">in</wf>
<wf cmd="ignore" pos="DT">a</wf>
<wf cmd="tag" pos="JJ">nuclear</wf>
<wf cmd="tag" pos="NN">war</wf>
<punc>.</punc>
</s>
<s snum="7">
<wf cmd="ignore" pos="DT">The</wf>
<wf cmd="tag" pos="NN">fact</wf>
<wf cmd="done" pos="VB" lemma="be" wnsn="1" lexsn="2:42:03::">is</wf>
<wf cmd="ignore" pos="IN">that</wf>
<wf cmd="ignore" pos="DT">the</wf>
<wf cmd="tag" pos="NNPS">Italians</wf>
<punc>,</punc>
<wf cmd="tag" pos="JJ">French</wf>
<wf cmd="ignore" pos="CC">and</wf>
<wf cmd="tag" pos="JJ">British</wf>
<wf cmd="done" pos="VB" lemma="know" wnsn="1" lexsn="2:31:01::">know</wf>
<wf cmd="ignore" pos="IN">that</wf>
<wf cmd="ignore" pos="PRP">they</wf>
<wf cmd="done" pos="VB" lemma="have" wnsn="1" lexsn="2:40:00::">have</wf>
<wf cmd="ignore" pos="DT">no</wf>
<wf cmd="tag" pos="NN">defense</wf>
<wf cmd="ignore" pos="IN">against</wf>
<wf cmd="tag" pos="JJ">nuclear</wf>
<wf cmd="tag" pos="NNS">bombs</wf>
<punc>.</punc>
</s>
<s snum="8">
<wf cmd="ignore" pos="PRP">We</wf>
<wf cmd="done" pos="VB" lemma="have" wnsn="1" lexsn="2:40:00::">have</wf>
<wf cmd="ignore" pos="DT">no</wf>
<wf cmd="tag" pos="NN">right</wf>
<wf cmd="ignore" pos="TO">to</wf>
<wf cmd="done" pos="VB" lemma="criticize" wnsn="1" lexsn="2:32:00::">criticize</wf>
<wf cmd="ignore" pos="PRP">them</wf>
<punc>,</punc>
<wf cmd="ignore" pos="IN">as</wf>
<wf cmd="ignore" pos="PRP">they</wf>
<wf cmd="done" pos="VB" lemma="realize" wnsn="1" lexsn="2:31:01::">realize</wf>
<wf cmd="ignore" pos="PRP">they</wf>
<wf cmd="ignore" pos="MD">would</wf>
<wf cmd="done" pos="VB" lemma="be" wnsn="1" lexsn="2:42:03::">be</wf>
<wf cmd="tag" pos="NN">sitting_ducks</wf>
<wf cmd="ignore" pos="IN">in</wf>
<wf cmd="ignore" pos="DT">a</wf>
<wf cmd="tag" pos="JJ">nuclear</wf>
<wf cmd="tag" pos="NN">war</wf>
<punc>.</punc>
</s>
</p>
<p pnum="3">
<s snum="9">
<wf cmd="ignore" pos="PRP">We</wf>
<wf cmd="ignore" pos="MD">should</wf>
<wf cmd="done" pos="VB" lemma="stand" wnsn="4" lexsn="2:42:00::">stand</wf>
<wf cmd="tag" pos="RB">firmly</wf>
<wf cmd="ignore" pos="CC">and</wf>
<wf cmd="tag" pos="RB">courageously</wf>
<wf cmd="ignore" pos="IN">for</wf>
<wf cmd="ignore" pos="PRP$">our</wf>
<wf cmd="tag" pos="NN">right</wf>
<wf cmd="ignore" pos="TO">to</wf>
<wf cmd="tag" pos="JJ">free</wf>
<wf cmd="tag" pos="NN">access</wf>
<wf cmd="ignore" pos="IN">into</wf>
<wf cmd="tag" pos="NNP">Berlin</wf>
<punc>.</punc>
</s>
<s snum="10">
<wf cmd="ignore" pos="PRP">It</wf>
<wf cmd="ignore" pos="MD">would</wf>
<wf cmd="done" pos="VB" lemma="be" wnsn="1" lexsn="2:42:03::">be</wf>
<wf cmd="tag" pos="JJ">criminal</wf>
<wf cmd="tag" pos="NN">folly</wf>
<wf cmd="ignore" pos="IN">if</wf>
<wf cmd="ignore" pos="DT">the</wf>
<wf cmd="tag" pos="NNPS">Communists</wf>
<wf cmd="done" pos="VB" lemma="try" wnsn="1" lexsn="2:41:00::">tried</wf>
<wf cmd="ignore" pos="TO">to</wf>
<wf cmd="done" pos="VB" lemma="prevent" wnsn="2" lexsn="2:41:00::">prevent</wf>
<wf cmd="ignore" pos="PRP">us</wf>
<punc>.</punc>
</s>
<s snum="11">
<wf cmd="ignore" pos="CC">But</wf>
<wf cmd="ignore" pos="EX">there</wf>
<wf cmd="done" pos="VB" lemma="be" wnsn="1" lexsn="2:42:03::">is</wf>
<wf cmd="tag" pos="NN">nothing</wf>
<wf cmd="ignore" pos="PRP">we</wf>
<wf cmd="ignore" pos="MD">can</wf>
<wf cmd="done" pos="VB" lemma="do" wnsn="1" lexsn="2:41:01::">do</wf>
<wf cmd="ignore" pos="TO">to</wf>
<wf cmd="done" pos="VB" lemma="stop" wnsn="3" lexsn="2:41:00::">stop</wf>
<wf cmd="tag" pos="NN">Soviet_Russia</wf>
<wf cmd="ignore" pos="IN">from</wf>
<wf cmd="done" pos="VB" lemma="grant" wnsn="3" lexsn="2:32:00::">granting</wf>
<wf cmd="tag" pos="RB">de_facto</wf>
<wf cmd="tag" pos="NN">recognition</wf>
<wf cmd="ignore" pos="TO">to</wf>
<wf cmd="tag" pos="NN">East_Germany</wf>
<punc>.</punc>
</s>
<s snum="12">
<wf cmd="tag" pos="NN">Soviet_Russia</wf>
<wf cmd="done" pos="VBZ" ot="notag">has</wf>
<wf cmd="done" pos="VBN" ot="notag">been</wf>
<wf cmd="done" pos="VB" lemma="invade" wnsn="1" lexsn="2:33:00::">invaded</wf>
<wf cmd="tag" pos="RB">twice</wf>
<wf cmd="ignore" pos="IN">by</wf>
<wf cmd="tag" pos="JJ">German</wf>
<wf cmd="tag" pos="NNS">troops</wf>
<wf cmd="ignore" pos="IN">in</wf>
<wf cmd="ignore" pos="DT">a</wf>
<wf cmd="tag" pos="NN">generation</wf>
<punc>.</punc>
</s>
<s snum="13">
<wf cmd="ignore" pos="IN">In</wf>
<wf cmd="ignore" pos="DT">the</wf>
<wf cmd="tag" pos="JJ">last</wf>
<wf cmd="tag" pos="NN">war</wf>
<wf cmd="tag" pos="NNP">Russia</wf>
<wf cmd="done" pos="VB" lemma="lose" wnsn="1" lexsn="2:40:02::">lost</wf>
<wf cmd="tag" pos="RB">more_than</wf>
<wf cmd="tag" pos="CD">ten</wf>
<wf cmd="tag" pos="CD">million</wf>
<wf cmd="done" pos="VB" lemma="kill" wnsn="1" lexsn="2:35:00::">killed</wf>
<wf cmd="ignore" pos="CC">and</wf>
<wf cmd="ignore" pos="PRP$">its</wf>
<wf cmd="tag" pos="NNS">lands</wf>
<wf cmd="ignore" pos="CC">and</wf>
<wf cmd="tag" pos="NNS">factories</wf>
<wf cmd="done" pos="VBD" ot="notag">were</wf>
<wf cmd="done" pos="VB" lemma="devastate" wnsn="1" lexsn="2:30:00::">devastated</wf>
<punc>.</punc>
</s>
</p>
<p pnum="4">
<s snum="14">
<wf cmd="ignore" pos="DT">The</wf>
<wf cmd="tag" pos="NN">truth</wf>
<wf cmd="done" pos="VB" lemma="be" wnsn="2" lexsn="2:42:06::">is</wf>
<wf cmd="ignore" pos="IN">that</wf>
<wf cmd="tag" pos="NNP">Communist_Russia</wf>
<wf cmd="done" pos="VB" lemma="fear" wnsn="1" lexsn="2:37:03::">fears</wf>
<wf cmd="ignore" pos="DT">the</wf>
<wf cmd="tag" pos="NN">resurgence</wf>
<wf cmd="ignore" pos="IN">of</wf>
<wf cmd="tag" pos="JJ">German</wf>
<wf cmd="tag" pos="NN">militarism</wf>
<punc>.</punc>
</s>
<s snum="15">
<wf cmd="tag" pos="NNP">Berlin</wf>
<wf cmd="done" pos="VBZ" ot="notag">is</wf>
<wf cmd="tag" pos="RB">merely</wf>
<wf cmd="done" pos="VB" ot="notag">being</wf>
<wf cmd="done" pos="VB" lemma="use" wnsn="1" lexsn="2:34:01::">used</wf>
<wf cmd="done" pos="VB" ot="notag">by</wf>
<wf cmd="tag" pos="NNP">Moscow</wf>
<wf cmd="ignore" pos="IN">as</wf>
<wf cmd="ignore" pos="DT">a</wf>
<wf cmd="tag" pos="NN">stalking_horse</wf>
<punc>.</punc>
</s>
<s snum="16">
<wf cmd="tag" pos="RB">Actually</wf>
<punc>,</punc>
<wf cmd="ignore" pos="DT">the</wf>
<wf cmd="tag" pos="NNPS">Communists</wf>
<punc>,</punc>
<wf cmd="ignore" pos="IN">out</wf>
<wf cmd="ignore" pos="IN">of</wf>
<wf cmd="tag" pos="NN">fear</wf>
<wf cmd="ignore" pos="IN">of</wf>
<wf cmd="ignore" pos="DT">a</wf>
<wf cmd="tag" pos="JJ">united</wf>
<wf cmd="ignore" pos="CC">and</wf>
<wf cmd="tag" pos="JJ">armed</wf>
<wf cmd="tag" pos="NNP">Germany</wf>
<punc>,</punc>
<wf cmd="ignore" pos="MD">would</wf>
<wf cmd="tag" pos="RB">probably</wf>
<wf cmd="done" pos="VB" lemma="be" wnsn="1" lexsn="2:42:03::">be</wf>
<wf cmd="tag" pos="JJ">willing</wf>
<wf cmd="ignore" pos="TO">to</wf>
<wf cmd="done" pos="VB" lemma="agree" wnsn="2" lexsn="2:32:01::">agree</wf>
<wf cmd="ignore" pos="TO">to</wf>
<wf cmd="ignore" pos="DT">a</wf>
<wf cmd="tag" pos="JJ">disarmed</wf>
<wf cmd="tag" pos="NNP">Germany</wf>
<wf cmd="ignore" pos="WDT">that</wf>
<wf cmd="ignore" pos="MD">would</wf>
<wf cmd="done" pos="VB" lemma="be" wnsn="1" lexsn="2:42:03::">be</wf>
<wf cmd="tag" pos="JJ">united</wf>
<wf cmd="ignore" pos="CC">and</wf>
<wf cmd="tag" pos="JJ">neutral</wf>
<wf cmd="ignore" pos="CC">and</wf>
<wf cmd="done" pos="VB" lemma="have" wnsn="1" lexsn="2:40:00::">have</wf>
<wf cmd="ignore" pos="PRP$">its</wf>
<wf cmd="tag" pos="NN">independence</wf>
<wf cmd="done" pos="VB" lemma="guarantee" wnsn="3" lexsn="2:32:01::">guaranteed</wf>
<wf cmd="ignore" pos="IN">by</wf>
<wf cmd="ignore" pos="DT">the</wf>
<wf cmd="tag" pos="NNP">U._N.</wf>
<punc>.</punc>
</s>
</p>
<p pnum="5">
<s snum="17">
<wf cmd="ignore" pos="IN">If</wf>
<wf cmd="ignore" pos="DT">the</wf>
<wf cmd="tag" pos="NNPS">Communists</wf>
<wf cmd="done" pos="VB" lemma="be" wnsn="1" lexsn="2:42:03::">are</wf>
<wf cmd="tag" pos="JJ">sincere</wf>
<wf cmd="ignore" pos="IN">in</wf>
<wf cmd="done" pos="VB" lemma="want" wnsn="1" lexsn="2:37:00::">wanting</wf>
<wf cmd="ignore" pos="DT">a</wf>
<wf cmd="tag" pos="JJ">united</wf>
<punc>,</punc>
<wf cmd="tag" pos="JJ">neutral</wf>
<wf cmd="ignore" pos="CC">and</wf>
<wf cmd="tag" pos="JJ">disarmed</wf>
<wf cmd="tag" pos="NNP">Germany</wf>
<punc>,</punc>
<wf cmd="ignore" pos="PRP">it</wf>
<wf cmd="ignore" pos="MD">might</wf>
<wf cmd="tag" pos="RB">well</wf>
<wf cmd="done" pos="VB" lemma="be" wnsn="1" lexsn="2:42:03::">be</wf>
<wf cmd="tag" pos="JJ">advantageous</wf>
<wf cmd="ignore" pos="IN">for</wf>
<wf cmd="ignore" pos="DT">the</wf>
<wf cmd="tag" pos="JJ">German</wf>
<wf cmd="tag" pos="NNS">people</wf>
<wf cmd="tag" pos="RB">in_this</wf>
<wf cmd="tag" pos="JJ">nuclear</wf>
<wf cmd="tag" pos="NN">age</wf>
<punc>.</punc>
</s>
<s snum="18">
<wf cmd="ignore" pos="PRP">It</wf>
<wf cmd="ignore" pos="MD">could</wf>
<wf cmd="done" pos="VB" lemma="provide" wnsn="1" lexsn="2:40:00::">provide</wf>
<wf cmd="tag" pos="NN">security</wf>
<wf cmd="ignore" pos="IN">without</wf>
<wf cmd="tag" pos="NN">cost</wf>
<wf cmd="ignore" pos="IN">of</wf>
<wf cmd="tag" pos="NNS">armaments</wf>
<wf cmd="ignore" pos="CC">and</wf>
<wf cmd="done" pos="VB" lemma="increase" wnsn="2" lexsn="2:30:02::">increase</wf>
<wf cmd="tag" pos="JJ">German</wf>
<wf cmd="tag" pos="NN">prosperity</wf>
<wf cmd="ignore" pos="CC">and</wf>
<wf cmd="done" pos="VB" lemma="lessen" wnsn="1" lexsn="2:30:00::">lessen</wf>
<wf cmd="tag" pos="NN">taxation</wf>
<punc>.</punc>
</s>
<s snum="19">
<wf cmd="tag" pos="NNP">France</wf>
<wf cmd="ignore" pos="CC">and</wf>
<wf cmd="tag" pos="JJ">other</wf>
<wf cmd="tag" pos="JJ">Western</wf>
<wf cmd="tag" pos="NN">European_nations</wf>
<wf cmd="tag" pos="RB">likewise</wf>
<wf cmd="done" pos="VB" lemma="fear" wnsn="1" lexsn="2:37:03::">fear</wf>
<wf cmd="ignore" pos="DT">a</wf>
<wf cmd="tag" pos="JJ">rearmed</wf>
<wf cmd="tag" pos="NNP">Germany</wf>
<punc>.</punc>
</s>
<s snum="20">
<wf cmd="ignore" pos="IN">If</wf>
<wf cmd="ignore" pos="DT">the</wf>
<wf cmd="tag" pos="JJ">German</wf>
<wf cmd="tag" pos="NNS">people</wf>
<wf cmd="done" pos="VB" lemma="favor" wnsn="1" lexsn="2:41:00::">favor</wf>
<wf cmd="tag" pos="JJ">such</wf>
<wf cmd="ignore" pos="DT">a</wf>
<wf cmd="tag" pos="NN">settlement</wf>
<wf cmd="ignore" pos="PRP">we</wf>
<wf cmd="ignore" pos="MD">should</wf>
<wf cmd="tag" pos="RB">not</wf>
<wf cmd="done" pos="VB" lemma="oppose" wnsn="1" lexsn="2:32:01::">oppose</wf>
<wf cmd="tag" pos="NNP">Germany</wf>
<wf cmd="done" pos="VB" lemma="follow" wnsn="11" lexsn="2:36:00::">following</wf>
<wf cmd="ignore" pos="DT">the</wf>
<wf cmd="tag" pos="NN">example</wf>
<wf cmd="ignore" pos="IN">of</wf>
<wf cmd="tag" pos="NNP">Austria</wf>
<punc>.</punc>
</s>
</p>
<p pnum="6">
<s snum="21">
<wf cmd="tag" pos="NNP">President_Kennedy</wf>
<wf cmd="done" pos="VBZ" ot="notag">has</wf>
<wf cmd="done" pos="VB" lemma="urge" wnsn="2" lexsn="2:32:03::">urged</wf>
<wf cmd="ignore" pos="DT">a</wf>
<wf cmd="tag" pos="NN">peace</wf>
<wf cmd="tag" pos="NN">race</wf>
<wf cmd="ignore" pos="IN">on</wf>
<wf cmd="tag" pos="NN">disarmament</wf>
<wf cmd="ignore" pos="WDT">that</wf>
<wf cmd="ignore" pos="MD">might</wf>
<wf cmd="done" pos="VB" lemma="be" wnsn="1" lexsn="2:42:03::">be</wf>
<wf cmd="tag" pos="JJ">called</wf>
<punc>``</punc>
<wf cmd="tag" pos="NNP">Operation_Survival</wf>
<punc>''</punc>
<wf cmd="ignore" pos="WDT">which</wf>
<wf cmd="done" pos="VB" lemma="have" wnsn="2" lexsn="2:42:00::">has</wf>
<wf cmd="tag" pos="JJ">many</wf>
<wf cmd="tag" pos="NNS">facets</wf>
<punc>.</punc>
</s>
<s snum="22">
<wf cmd="ignore" pos="WRB">Why</wf>
<wf cmd="tag" pos="RB">not</wf>
<wf cmd="done" pos="VB" lemma="make" wnsn="3" lexsn="2:36:00::">make</wf>
<wf cmd="ignore" pos="DT">a</wf>
<wf cmd="tag" pos="NN">beginning</wf>
<wf cmd="ignore" pos="IN">with</wf>
<wf cmd="ignore" pos="DT">a</wf>
<wf cmd="tag" pos="JJ">united</wf>
<wf cmd="ignore" pos="CC">and</wf>
<wf cmd="tag" pos="JJ">disarmed</wf>
<wf cmd="tag" pos="NNP">Germany</wf>
<wf cmd="ignore" pos="WP$">whose</wf>
<wf cmd="tag" pos="NN">neutrality</wf>
<wf cmd="ignore" pos="CC">and</wf>
<wf cmd="tag" pos="NN">immunity</wf>
<wf cmd="ignore" pos="IN">from</wf>
<wf cmd="tag" pos="JJ">nuclear</wf>
<wf cmd="tag" pos="NN">bombing</wf>
<wf cmd="ignore" pos="MD">would</wf>
<wf cmd="done" pos="VB" ot="notag">be</wf>
<wf cmd="done" pos="VB" lemma="guarantee" wnsn="1" lexsn="2:32:00::">guaranteed</wf>
<wf cmd="ignore" pos="IN">by</wf>
<wf cmd="ignore" pos="DT">the</wf>
<wf cmd="tag" pos="NNP">Big</wf>
<wf cmd="tag" pos="CD">Four</wf>
<wf cmd="tag" pos="NNS">powers</wf>
<wf cmd="ignore" pos="CC">and</wf>
<wf cmd="ignore" pos="DT">the</wf>
<wf cmd="tag" pos="NN">United_States</wf>
<punc>?</punc>
</s>
<s snum="23">
<wf cmd="ignore" pos="DT">A</wf>
<wf cmd="tag" pos="JJ">united</wf>
<wf cmd="tag" pos="NNP">Germany</wf>
<punc>,</punc>
<wf cmd="tag" pos="JJ">freed</wf>
<wf cmd="ignore" pos="IN">of</wf>
<wf cmd="tag" pos="NN">militarism</wf>
<punc>,</punc>
<wf cmd="ignore" pos="MD">might</wf>
<wf cmd="done" pos="VB" lemma="be" wnsn="1" lexsn="2:42:03::">be</wf>
<wf cmd="done" pos="VB" ot="notag">the</wf>
<wf cmd="tag" pos="JJ">first</wf>
<wf cmd="tag" pos="NN">step</wf>
<wf cmd="ignore" pos="IN">toward</wf>
<wf cmd="tag" pos="NN">disarmament</wf>
<wf cmd="ignore" pos="CC">and</wf>
<wf cmd="tag" pos="NN">peace</wf>
<wf cmd="ignore" pos="IN">in</wf>
<wf cmd="ignore" pos="DT">a</wf>
<wf cmd="tag" pos="JJ">terrorized</wf>
<wf cmd="ignore" pos="CC">and</wf>
<wf cmd="tag" pos="JJ">tortured</wf>
<wf cmd="tag" pos="NN">world</wf>
<punc>.</punc>
</s>
</p>
<p pnum="7">
<s snum="24">
<wf cmd="ignore" pos="IN">In</wf>
<wf cmd="ignore" pos="PRP$">your</wf>
<wf cmd="tag" pos="NN">editorial</wf>
<wf cmd="ignore" pos="IN">of</wf>
<wf cmd="tag" pos="NNP">Sept.</wf>
<wf cmd="tag" pos="CD">30</wf>
<punc>``</punc>
<wf cmd="ignore" pos="DT">The</wf>
<wf cmd="tag" pos="JJ">Smoldering</wf>
<wf cmd="tag" pos="NNP">Congo</wf>
<punc>''</punc>
<wf cmd="ignore" pos="PRP">you</wf>
<wf cmd="done" pos="VBP" ot="notag">make</wf>
<wf cmd="ignore" pos="DT">the</wf>
<wf cmd="tag" pos="JJ">following</wf>
<wf cmd="tag" pos="NN">comment</wf>
<punc>:</punc>
<punc>``</punc>
<wf cmd="tag" pos="NNP">Far</wf>
<wf cmd="tag" pos="RB">too</wf>
<wf cmd="tag" pos="JJ">many</wf>
<wf cmd="tag" pos="NNS">states</wf>
<wf cmd="done" pos="VBP" ot="notag">are</wf>
<wf cmd="done" pos="VB" lemma="follow" wnsn="11" lexsn="2:36:00::">following</wf>
<wf cmd="ignore" pos="DT">the</wf>
<wf cmd="tag" pos="NNP">Russian</wf>
<wf cmd="tag" pos="NN">example</wf>
<wf cmd="ignore" pos="IN">in</wf>
<wf cmd="done" pos="VB" lemma="refuse" wnsn="3" lexsn="2:42:00::">refusing</wf>
<wf cmd="ignore" pos="TO">to</wf>
<wf cmd="done" pos="VB" lemma="pay" wnsn="3" lexsn="2:40:04::">pay</wf>
<wf cmd="ignore" pos="PRP$">their</wf>
<wf cmd="tag" pos="NNS">assessments</wf>
<punc>.</punc>
</s>
<s snum="25">
<wf cmd="ignore" pos="PRP">It</wf>
<wf cmd="done" pos="VB" lemma="be" wnsn="1" lexsn="2:42:03::">is</wf>
<wf cmd="tag" pos="JJ">up_to</wf>
<wf cmd="ignore" pos="DT">the</wf>
<wf cmd="tag" pos="NNP">Assembly</wf>
<wf cmd="ignore" pos="TO">to</wf>
<wf cmd="done" pos="VB" lemma="take" wnsn="1" lexsn="2:41:04::">take</wf>
<wf cmd="tag" pos="NN">action</wf>
<wf cmd="ignore" pos="IN">against</wf>
<wf cmd="ignore" pos="PRP">them</wf>
<punc>.</punc>
</s>
<s snum="26">
<wf cmd="ignore" pos="PRP">They</wf>
<wf cmd="done" pos="VBP" ot="notag">are</wf>
<wf cmd="done" pos="VB" lemma="violate" wnsn="1" lexsn="2:42:00::">violating</wf>
<wf cmd="ignore" pos="PRP$">their</wf>
<wf cmd="tag" pos="NNP">Charter</wf>
<wf cmd="tag" pos="NN">obligation</wf>
<punc>,</punc>
<wf cmd="ignore" pos="DT">the</wf>
<wf cmd="tag" pos="JJ">prescribed</wf>
<wf cmd="tag" pos="NN">penalty</wf>
<wf cmd="ignore" pos="IN">for</wf>
<wf cmd="ignore" pos="WDT">which</wf>
<wf cmd="done" pos="VB" lemma="be" wnsn="1" lexsn="2:42:03::">is</wf>
<wf cmd="tag" pos="NN">suspension</wf>
<wf cmd="ignore" pos="IN">of</wf>
<wf cmd="tag" pos="NN">membership</wf>
<wf cmd="ignore" pos="CC">or</wf>
<wf cmd="tag" pos="NN">expulsion</wf>
<punc>''</punc>
<punc>.</punc>
</s>
</p>
<p pnum="8">
<s snum="27">
<wf cmd="ignore" pos="PRP">I</wf>
<wf cmd="done" pos="VB" ot="notag">would</wf>
<wf cmd="done" pos="VB" lemma="like" wnsn="1" lexsn="2:37:01::">like</wf>
<wf cmd="ignore" pos="TO">to</wf>
<wf cmd="done" pos="VB" lemma="quote" wnsn="1" lexsn="2:32:00::">quote</wf>
<wf cmd="ignore" pos="IN">from</wf>
<wf cmd="ignore" pos="DT">the</wf>
<wf cmd="tag" pos="NNP">Charter</wf>
<wf cmd="ignore" pos="IN">of</wf>
<wf cmd="ignore" pos="DT">the</wf>
<wf cmd="tag" pos="NN">United_Nations</wf>
<punc>:</punc>
</s>
</p>
<p pnum="9">
<s snum="28">
<punc>``</punc>
<wf cmd="tag" pos="NN">Article</wf>
<wf cmd="tag" pos="CD">17</wf>
<punc>,</punc>
<wf cmd="tag" pos="NN">Section</wf>
<wf cmd="tag" pos="CD">1</wf>
<punc>:</punc>
<wf cmd="ignore" pos="DT">The</wf>
<wf cmd="tag" pos="NN">General_Assembly</wf>
<wf cmd="ignore" pos="MD">shall</wf>
<wf cmd="done" pos="VB" lemma="consider" wnsn="4" lexsn="2:32:00::">consider</wf>
<wf cmd="ignore" pos="CC">and</wf>
<wf cmd="done" pos="VB" lemma="approve" wnsn="1" lexsn="2:32:00::">approve</wf>
<wf cmd="ignore" pos="DT">the</wf>
<wf cmd="tag" pos="NN">budget</wf>
<wf cmd="ignore" pos="IN">of</wf>
<wf cmd="ignore" pos="DT">the</wf>
<wf cmd="tag" pos="NNP">Organization</wf>
<punc>.</punc>
</s>
</p>
<p pnum="10">
<s snum="29">
<punc>``</punc>
<wf cmd="tag" pos="NN">Section</wf>
<wf cmd="tag" pos="CD">2</wf>
<punc>:</punc>
<wf cmd="ignore" pos="DT">The</wf>
<wf cmd="tag" pos="NNS">expenses</wf>
<wf cmd="ignore" pos="IN">of</wf>
<wf cmd="ignore" pos="DT">the</wf>
<wf cmd="tag" pos="NNP">Organization</wf>
<wf cmd="ignore" pos="MD">shall</wf>
<wf cmd="done" pos="VB" ot="notag">be</wf>
<wf cmd="done" pos="VB" lemma="bear" wnsn="6" lexsn="2:40:02::">borne</wf>
<wf cmd="ignore" pos="IN">by</wf>
<wf cmd="ignore" pos="DT">the</wf>
<wf cmd="tag" pos="NNS">Members</wf>
<wf cmd="ignore" pos="IN">as</wf>
<wf cmd="done" pos="VB" lemma="apportion" wnsn="1" lexsn="2:40:01::">apportioned</wf>
<wf cmd="ignore" pos="IN">by</wf>
<wf cmd="ignore" pos="DT">the</wf>
<wf cmd="tag" pos="NN">General_Assembly</wf>
<punc>.</punc>
</s>
</p>
<p pnum="11">
<s snum="30">
<punc>``</punc>
<wf cmd="tag" pos="NN">Article</wf>
<wf cmd="tag" pos="CD">19</wf>
<punc>:</punc>
<wf cmd="ignore" pos="DT">A</wf>
<wf cmd="tag" pos="NN">Member</wf>
<wf cmd="ignore" pos="IN">of</wf>
<wf cmd="ignore" pos="DT">the</wf>
<wf cmd="tag" pos="NN">United_Nations</wf>
<wf cmd="ignore" pos="WDT">which</wf>
<wf cmd="done" pos="VB" lemma="be" wnsn="1" lexsn="2:42:03::">is</wf>
<wf cmd="tag" pos="RB">in_arrears</wf>
<wf cmd="ignore" pos="IN">in</wf>
<wf cmd="ignore" pos="DT">the</wf>
<wf cmd="tag" pos="NN">payment</wf>
<wf cmd="ignore" pos="IN">of</wf>
<wf cmd="ignore" pos="PRP$">its</wf>
<wf cmd="tag" pos="JJ">financial</wf>
<wf cmd="tag" pos="NNS">contributions</wf>
<wf cmd="ignore" pos="TO">to</wf>
<wf cmd="ignore" pos="DT">the</wf>
<wf cmd="tag" pos="NNP">Organization</wf>
<wf cmd="ignore" pos="MD">shall</wf>
<wf cmd="done" pos="VB" lemma="have" wnsn="1" lexsn="2:40:00::">have</wf>
<wf cmd="ignore" pos="DT">no</wf>
<wf cmd="tag" pos="NN">vote</wf>
<wf cmd="done" pos="VB" ot="notag">in</wf>
<wf cmd="ignore" pos="DT">the</wf>
<wf cmd="tag" pos="NN">General_Assembly</wf>
<wf cmd="ignore" pos="IN">if</wf>
<wf cmd="ignore" pos="DT">the</wf>
<wf cmd="tag" pos="NN">amount</wf>
<wf cmd="ignore" pos="IN">of</wf>
<wf cmd="ignore" pos="PRP$">its</wf>
<wf cmd="tag" pos="NNS">arrears</wf>
<wf cmd="done" pos="VB" lemma="equal" wnsn="1" lexsn="2:42:00::">equals</wf>
<wf cmd="ignore" pos="CC">or</wf>
<wf cmd="done" pos="VB" lemma="exceed" wnsn="1" lexsn="2:42:01::">exceeds</wf>
<wf cmd="ignore" pos="DT">the</wf>
<wf cmd="tag" pos="NN">amount</wf>
<wf cmd="ignore" pos="IN">of</wf>
<wf cmd="ignore" pos="DT">the</wf>
<wf cmd="tag" pos="NNS">contributions</wf>
<wf cmd="tag" pos="JJ">due</wf>
<wf cmd="tag" pos="RB">from_it</wf>
<wf cmd="ignore" pos="IN">for</wf>
<wf cmd="ignore" pos="DT">the</wf>
<wf cmd="tag" pos="JJ">preceding</wf>
<wf cmd="tag" pos="CD">two</wf>
<wf cmd="tag" pos="JJ">full</wf>
<wf cmd="tag" pos="NNS">years</wf>
<punc>''</punc>
<punc>.</punc>
</s>
</p>
<p pnum="12">
<s snum="31">
<wf cmd="ignore" pos="DT">The</wf>
<wf cmd="tag" pos="NNP">U._S._S._R.</wf>
<wf cmd="ignore" pos="CC">and</wf>
<wf cmd="ignore" pos="PRP$">her</wf>
<wf cmd="tag" pos="NNS">followers</wf>
<wf cmd="done" pos="VB" lemma="be" wnsn="1" lexsn="2:42:03::">are</wf>
<wf cmd="tag" pos="JJ">careful</wf>
<wf cmd="ignore" pos="IN">in</wf>
<wf cmd="done" pos="VB" lemma="pay" wnsn="3" lexsn="2:40:04::">paying</wf>
<wf cmd="ignore" pos="PRP$">their</wf>
<wf cmd="tag" pos="NNS">obligations</wf>
<wf cmd="ignore" pos="TO">to</wf>
<wf cmd="ignore" pos="DT">the</wf>
<wf cmd="tag" pos="JJ">regular</wf>
<wf cmd="tag" pos="NN">budget</wf>
<punc>.</punc>
</s>
<s snum="32">
<wf cmd="ignore" pos="CC">But</wf>
<wf cmd="ignore" pos="PRP">they</wf>
<wf cmd="done" pos="VB" lemma="refuse" wnsn="1" lexsn="2:32:00::">refuse</wf>
<punc>,</punc>
<wf cmd="ignore" pos="IN">as</wf>
<wf cmd="done" pos="VB" ot="notag">do</wf>
<wf cmd="ignore" pos="DT">the</wf>
<wf cmd="tag" pos="NNP">Arab</wf>
<wf cmd="tag" pos="NNS">states</wf>
<punc>,</punc>
<wf cmd="ignore" pos="TO">to</wf>
<wf cmd="done" pos="VB" lemma="support" wnsn="2" lexsn="2:40:00::">support</wf>
<wf cmd="ignore" pos="DT">the</wf>
<wf cmd="tag" pos="NN">United_Nations</wf>
<punc>'</punc>
<wf cmd="tag" pos="NNS">expenses</wf>
<wf cmd="ignore" pos="IN">of</wf>
<wf cmd="done" pos="VB" lemma="maintain" wnsn="1" lexsn="2:42:00::">maintaining</wf>
<wf cmd="ignore" pos="DT">the</wf>
<wf cmd="tag" pos="NN">United_Nations</wf>
<wf cmd="tag" pos="NNP">Emergency_Force</wf>
<wf cmd="tag" pos="RB">in_the_Middle</wf>
<wf cmd="tag" pos="NNP">East</wf>
<wf cmd="ignore" pos="IN">as</wf>
<wf cmd="ignore" pos="DT">a</wf>
<wf cmd="tag" pos="NN">buffer</wf>
<wf cmd="ignore" pos="IN">between</wf>
<wf cmd="tag" pos="NNP">Egypt</wf>
<wf cmd="ignore" pos="CC">and</wf>
<wf cmd="tag" pos="NNP">Israel</wf>
<punc>,</punc>
<wf cmd="ignore" pos="CC">and</wf>
<wf cmd="ignore" pos="DT">the</wf>
<wf cmd="tag" pos="NNP">U._N.</wf>
<wf cmd="tag" pos="NNS">troops</wf>
<wf cmd="ignore" pos="IN">in</wf>
<wf cmd="ignore" pos="DT">the</wf>
<wf cmd="tag" pos="NNP">Congo</wf>
<punc>,</punc>
<wf cmd="ignore" pos="WDT">which</wf>
<wf cmd="tag" pos="NNS">expenses</wf>
<wf cmd="done" pos="VBP" ot="notag">are</wf>
<wf cmd="tag" pos="RB">not</wf>
<wf cmd="done" pos="VB" lemma="cover" wnsn="4" lexsn="2:42:00::">covered</wf>
<wf cmd="ignore" pos="IN">by</wf>
<wf cmd="ignore" pos="DT">the</wf>
<wf cmd="tag" pos="JJ">regular</wf>
<wf cmd="tag" pos="NN">budget</wf>
<wf cmd="ignore" pos="IN">of</wf>
<wf cmd="ignore" pos="DT">the</wf>
<wf cmd="tag" pos="NN">United_Nations</wf>
<punc>,</punc>
<wf cmd="ignore" pos="CC">but</wf>
<wf cmd="ignore" pos="IN">by</wf>
<wf cmd="ignore" pos="DT">a</wf>
<wf cmd="tag" pos="JJ">special</wf>
<wf cmd="tag" pos="NN">budget</wf>
<punc>.</punc>
</s>
</p>
<p pnum="13">
<s snum="33">
<wf cmd="tag" pos="JJ">According</wf>
<wf cmd="ignore" pos="TO">to</wf>
<wf cmd="ignore" pos="DT">the</wf>
<wf cmd="tag" pos="NN">official</wf>
<wf cmd="tag" pos="NN">interpretation</wf>
<wf cmd="ignore" pos="IN">of</wf>
<wf cmd="ignore" pos="DT">the</wf>
<wf cmd="tag" pos="NNP">Charter</wf>
<punc>,</punc>
<wf cmd="ignore" pos="DT">a</wf>
<wf cmd="tag" pos="NN">member</wf>
<wf cmd="ignore" pos="MD">cannot</wf>
<wf cmd="done" pos="VB" ot="notag">be</wf>
<wf cmd="done" pos="VB" lemma="penalize" wnsn="1" lexsn="2:41:00::">penalized</wf>
<wf cmd="ignore" pos="IN">by</wf>
<wf cmd="tag" pos="RB">not</wf>
<wf cmd="done" pos="VB" lemma="have" wnsn="1" lexsn="2:40:00::">having</wf>
<wf cmd="ignore" pos="DT">the</wf>
<wf cmd="tag" pos="NN">right_to_vote</wf>
<wf cmd="ignore" pos="IN">in</wf>
<wf cmd="ignore" pos="DT">the</wf>
<wf cmd="tag" pos="NN">General_Assembly</wf>
<wf cmd="ignore" pos="IN">for</wf>
<wf cmd="tag" pos="NN">nonpayment</wf>
<wf cmd="ignore" pos="IN">of</wf>
<wf cmd="tag" pos="NN">financial_obligations</wf>
<wf cmd="ignore" pos="TO">to</wf>
<wf cmd="ignore" pos="DT">the</wf>
<punc>``</punc>
<wf cmd="tag" pos="JJ">special</wf>
<punc>''</punc>
<wf cmd="tag" pos="NN">United_Nations</wf>
<punc>'</punc>
<wf cmd="tag" pos="NNS">budgets</wf>
<punc>,</punc>
<wf cmd="ignore" pos="CC">and</wf>
<wf cmd="tag" pos="RB">of_course</wf>
<wf cmd="ignore" pos="MD">cannot</wf>
<wf cmd="done" pos="VB" ot="notag">be</wf>
<wf cmd="done" pos="VB" lemma="expel" wnsn="1" lexsn="2:41:00::">expelled</wf>
<wf cmd="ignore" pos="IN">from</wf>
<wf cmd="ignore" pos="DT">the</wf>
<wf cmd="tag" pos="NNP">Organization</wf>
<punc>(</punc>
<wf cmd="ignore" pos="WDT">which</wf>
<wf cmd="ignore" pos="PRP">you</wf>
<wf cmd="done" pos="VB" lemma="suggest" wnsn="4" lexsn="2:32:03::">suggested</wf>
<wf cmd="ignore" pos="IN">in</wf>
<wf cmd="ignore" pos="PRP$">your</wf>
<wf cmd="tag" pos="NN">editorial</wf>
<punc>)</punc>
<punc>,</punc>
<wf cmd="tag" pos="JJ">due_to</wf>
<wf cmd="ignore" pos="DT">the</wf>
<wf cmd="tag" pos="NN">fact</wf>
<wf cmd="ignore" pos="IN">that</wf>
<wf cmd="ignore" pos="EX">there</wf>
<wf cmd="done" pos="VB" lemma="be" wnsn="1" lexsn="2:42:03::">is</wf>
<wf cmd="ignore" pos="DT">no</wf>
<wf cmd="tag" pos="NN">provision</wf>
<wf cmd="ignore" pos="IN">in</wf>
<wf cmd="ignore" pos="DT">the</wf>
<wf cmd="tag" pos="NNP">Charter</wf>
<wf cmd="ignore" pos="IN">for</wf>
<wf cmd="tag" pos="NN">expulsion</wf>
<punc>.</punc>
</s>
</p>
<p pnum="14">
<s snum="34">
<wf cmd="ignore" pos="IN">In</wf>
<wf cmd="ignore" pos="PRP$">your</wf>
<wf cmd="tag" pos="NNP">Sept.</wf>
<wf cmd="tag" pos="CD">27</wf>
<wf cmd="tag" pos="NN">editorial</wf>
<wf cmd="tag" pos="NN">appraisal</wf>
<wf cmd="ignore" pos="IN">of</wf>
<wf cmd="ignore" pos="DT">the</wf>
<wf cmd="tag" pos="NN">work</wf>
<wf cmd="ignore" pos="IN">of</wf>
<wf cmd="ignore" pos="DT">the</wf>
<wf cmd="tag" pos="NNP">First</wf>
<wf cmd="tag" pos="NN">Session</wf>
<wf cmd="ignore" pos="IN">of</wf>
<wf cmd="ignore" pos="DT">the</wf>
<wf cmd="tag" pos="NNP">Eighty-seventh_Congress</wf>
<wf cmd="ignore" pos="PRP">you</wf>
<wf cmd="done" pos="VB" lemma="refer" wnsn="1" lexsn="2:32:01::">referred</wf>
<wf cmd="done" pos="VB" ot="notag">to</wf>
<wf cmd="ignore" pos="DT">the</wf>
<wf cmd="tag" pos="NN">lack</wf>
<wf cmd="ignore" pos="IN">of</wf>
<punc>``</punc>
<wf cmd="tag" pos="NN">consciousness</wf>
<wf cmd="ignore" pos="IN">of</wf>
<wf cmd="tag" pos="NN">destiny</wf>
<wf cmd="ignore" pos="IN">in</wf>
<wf cmd="ignore" pos="DT">a</wf>
<wf cmd="tag" pos="NN">time</wf>
<wf cmd="ignore" pos="IN">of</wf>
<wf cmd="tag" pos="JJ">acute</wf>
<wf cmd="tag" pos="JJ">national</wf>
<wf cmd="ignore" pos="CC">and</wf>
<wf cmd="tag" pos="NN">world</wf>
<wf cmd="tag" pos="NN">peril</wf>
<punc>''</punc>
<punc>.</punc>
</s>
<s snum="35">
<wf cmd="tag" pos="RB">Yet</wf>
<wf cmd="ignore" pos="PRP$">your</wf>
<wf cmd="tag" pos="NN">list</wf>
<wf cmd="ignore" pos="IN">of</wf>
<wf cmd="tag" pos="NNS">things</wf>
<wf cmd="done" pos="VB" lemma="leave" wnsn="3" lexsn="2:42:02::">left</wf>
<wf cmd="tag" pos="JJ">undone</wf>
<wf cmd="done" pos="VB" ot="notag">did</wf>
<wf cmd="tag" pos="RB">not</wf>
<wf cmd="done" pos="VB" lemma="include" wnsn="1" lexsn="2:42:00::">include</wf>
<wf cmd="tag" pos="NN">repeal</wf>
<wf cmd="ignore" pos="IN">of</wf>
<wf cmd="ignore" pos="DT">the</wf>
<wf cmd="tag" pos="NNP">Connally</wf>
<wf cmd="tag" pos="NN">amendment</wf>
<wf cmd="ignore" pos="TO">to</wf>
<wf cmd="ignore" pos="DT">this</wf>
<wf cmd="tag" pos="NN">country</wf>
<wf cmd="ignore" pos="POS">'s</wf>
<wf cmd="tag" pos="JJ">domestic</wf>
<wf cmd="tag" pos="NN">jurisdiction</wf>
<wf cmd="tag" pos="NN">reservation</wf>
<wf cmd="ignore" pos="TO">to</wf>
<wf cmd="ignore" pos="PRP$">its</wf>
<wf cmd="tag" pos="NN">Adherence</wf>
<wf cmd="ignore" pos="TO">to</wf>
<wf cmd="ignore" pos="DT">the</wf>
<wf cmd="tag" pos="NN">Statute</wf>
<wf cmd="ignore" pos="IN">of</wf>
<wf cmd="ignore" pos="DT">the</wf>
<wf cmd="tag" pos="NN">International_Court_of_Justice</wf>
<punc>.</punc>
</s>
</p>
<p pnum="15">
<s snum="36">
<wf cmd="ignore" pos="DT">The</wf>
<wf cmd="tag" pos="NNP">Connally</wf>
<wf cmd="tag" pos="NN">amendment</wf>
<wf cmd="done" pos="VB" lemma="say" wnsn="2" lexsn="2:32:01::">says</wf>
<wf cmd="ignore" pos="IN">that</wf>
<wf cmd="ignore" pos="DT">the</wf>
<wf cmd="tag" pos="NN">United_States</wf>
<punc>,</punc>
<wf cmd="tag" pos="RB">rather_than</wf>
<wf cmd="ignore" pos="DT">the</wf>
<wf cmd="tag" pos="NN">court</wf>
<punc>,</punc>
<wf cmd="ignore" pos="MD">shall</wf>
<wf cmd="done" pos="VB" lemma="determine" wnsn="3" lexsn="2:31:01::">determine</wf>
<wf cmd="ignore" pos="IN">whether</wf>
<wf cmd="ignore" pos="DT">a</wf>
<wf cmd="tag" pos="NN">matter</wf>
<wf cmd="done" pos="VB" lemma="be" wnsn="1" lexsn="2:42:03::">is</wf>
<wf cmd="tag" pos="RB">essentially</wf>
<wf cmd="ignore" pos="IN">within</wf>
<wf cmd="ignore" pos="DT">the</wf>
<wf cmd="tag" pos="JJ">domestic</wf>
<wf cmd="tag" pos="NN">jurisdiction</wf>
<wf cmd="ignore" pos="IN">of</wf>
<wf cmd="ignore" pos="DT">the</wf>
<wf cmd="tag" pos="NN">United_States</wf>
<wf cmd="ignore" pos="IN">in</wf>
<wf cmd="ignore" pos="DT">a</wf>
<wf cmd="tag" pos="NN">case</wf>
<wf cmd="ignore" pos="IN">before</wf>
<wf cmd="ignore" pos="DT">the</wf>
<wf cmd="tag" pos="NN">World_Court</wf>
<wf cmd="tag" pos="RB">to_which</wf>
<wf cmd="ignore" pos="DT">the</wf>
<wf cmd="tag" pos="NN">United_States</wf>
<wf cmd="done" pos="VB" lemma="be" wnsn="1" lexsn="2:42:03::">is</wf>
<wf cmd="ignore" pos="DT">a</wf>
<wf cmd="tag" pos="NN">party</wf>
<punc>.</punc>
</s>
<s snum="37">
<wf cmd="ignore" pos="IN">If</wf>
<wf cmd="ignore" pos="DT">the</wf>
<wf cmd="tag" pos="NN">case</wf>
<wf cmd="done" pos="VBZ" ot="notag">is</wf>
<wf cmd="tag" pos="RB">thus</wf>
<wf cmd="done" pos="VB" lemma="determine" wnsn="3" lexsn="2:31:01::">determined</wf>
<wf cmd="ignore" pos="IN">by</wf>
<wf cmd="ignore" pos="PRP">us</wf>
<wf cmd="ignore" pos="TO">to</wf>
<wf cmd="done" pos="VB" lemma="be" wnsn="1" lexsn="2:42:03::">be</wf>
<wf cmd="tag" pos="JJ">domestic</wf>
<punc>,</punc>
<wf cmd="ignore" pos="DT">the</wf>
<wf cmd="tag" pos="NN">court</wf>
<wf cmd="done" pos="VB" lemma="have" wnsn="1" lexsn="2:40:00::">has</wf>
<wf cmd="ignore" pos="DT">no</wf>
<wf cmd="tag" pos="NN">jurisdiction</wf>
<punc>.</punc>
</s>
</p>
<p pnum="16">
<s snum="38">
<wf cmd="ignore" pos="IN">Since</wf>
<wf cmd="ignore" pos="DT">the</wf>
<wf cmd="tag" pos="NNP">Connally</wf>
<wf cmd="tag" pos="NN">amendment</wf>
<wf cmd="done" pos="VB" lemma="have" wnsn="1" lexsn="2:40:00::">has</wf>
<wf cmd="ignore" pos="DT">the</wf>
<wf cmd="tag" pos="NN">effect</wf>
<wf cmd="ignore" pos="IN">of</wf>
<wf cmd="done" pos="VB" lemma="give" wnsn="3" lexsn="2:40:00::">giving</wf>
<wf cmd="ignore" pos="DT">the</wf>
<wf cmd="tag" pos="JJ">same</wf>
<wf cmd="tag" pos="NN">right</wf>
<wf cmd="ignore" pos="TO">to</wf>
<wf cmd="ignore" pos="DT">the</wf>
<wf cmd="tag" pos="JJ">other</wf>
<wf cmd="tag" pos="NN">party</wf>
<wf cmd="ignore" pos="TO">to</wf>
<wf cmd="ignore" pos="DT">a</wf>
<wf cmd="tag" pos="NN">dispute</wf>
<wf cmd="ignore" pos="IN">with</wf>
<wf cmd="ignore" pos="DT">the</wf>
<wf cmd="tag" pos="NN">United_States</wf>
<punc>,</punc>
<wf cmd="ignore" pos="PRP">it</wf>
<wf cmd="tag" pos="RB">also</wf>
<wf cmd="done" pos="VB" lemma="prevent" wnsn="2" lexsn="2:41:00::">prevents</wf>
<wf cmd="ignore" pos="PRP">us</wf>
<wf cmd="ignore" pos="IN">from</wf>
<wf cmd="done" pos="VB" lemma="use" wnsn="1" lexsn="2:34:01::">using</wf>
<wf cmd="ignore" pos="DT">the</wf>
<wf cmd="tag" pos="NN">court</wf>
<wf cmd="tag" pos="RB">effectively</wf>
<punc>.</punc>
</s>
<s snum="39">
<wf cmd="tag" pos="RB">Yet</wf>
<wf cmd="ignore" pos="IN">although</wf>
<wf cmd="ignore" pos="DT">the</wf>
<wf cmd="tag" pos="NNP">Kennedy_Administration</wf>
<punc>,</punc>
<wf cmd="ignore" pos="CC">and</wf>
<wf cmd="ignore" pos="DT">the</wf>
<wf cmd="tag" pos="NNP">Eisenhower_Administration</wf>
<wf cmd="ignore" pos="IN">before</wf>
<wf cmd="ignore" pos="PRP">it</wf>
<punc>,</punc>
<wf cmd="done" pos="VBP" ot="notag">have</wf>
<wf cmd="ignore" pos="DT">both</wf>
<wf cmd="done" pos="VB" lemma="declare" wnsn="1" lexsn="2:32:00::">declared</wf>
<wf cmd="ignore" pos="PRP">themselves</wf>
<wf cmd="tag" pos="RB">solidly</wf>
<wf cmd="ignore" pos="IN">for</wf>
<wf cmd="tag" pos="NN">repeal</wf>
<wf cmd="ignore" pos="IN">of</wf>
<wf cmd="ignore" pos="DT">the</wf>
<wf cmd="tag" pos="NNP">Connally</wf>
<wf cmd="tag" pos="NN">amendment</wf>
<punc>,</punc>
<wf cmd="ignore" pos="IN">as</wf>
<wf cmd="tag" pos="JJ">contrary</wf>
<wf cmd="ignore" pos="TO">to</wf>
<wf cmd="ignore" pos="PRP$">our</wf>
<wf cmd="tag" pos="JJS">best</wf>
<wf cmd="tag" pos="NNS">interests</wf>
<punc>,</punc>
<wf cmd="ignore" pos="DT">no</wf>
<wf cmd="tag" pos="NN">action</wf>
<wf cmd="done" pos="VBZ" ot="notag">has</wf>
<wf cmd="tag" pos="RB">yet</wf>
<wf cmd="done" pos="VBN" ot="notag">been</wf>
<wf cmd="done" pos="VB" lemma="take" wnsn="1" lexsn="2:41:04::">taken</wf>
<punc>.</punc>
</s>
</p>
<p pnum="17">
<s snum="40">
<wf cmd="ignore" pos="PRP$">Our</wf>
<punc>``</punc>
<wf cmd="tag" pos="NN">destiny</wf>
<punc>''</punc>
<wf cmd="ignore" pos="IN">in</wf>
<wf cmd="ignore" pos="DT">these</wf>
<wf cmd="tag" pos="JJ">perilous</wf>
<wf cmd="tag" pos="NNS">times</wf>
<wf cmd="ignore" pos="MD">should</wf>
<wf cmd="done" pos="VB" lemma="be" wnsn="1" lexsn="2:42:03::">be</wf>
<wf cmd="ignore" pos="TO">to</wf>
<wf cmd="done" pos="VB" lemma="lead" wnsn="4" lexsn="2:38:00::">lead</wf>
<wf cmd="tag" pos="RB">strongly</wf>
<wf cmd="ignore" pos="IN">in</wf>
<wf cmd="ignore" pos="DT">the</wf>
<wf cmd="tag" pos="NN">pursuit</wf>
<wf cmd="ignore" pos="IN">of</wf>
<wf cmd="tag" pos="NN">peace</wf>
<punc>,</punc>
<wf cmd="ignore" pos="IN">with</wf>
<wf cmd="tag" pos="NN">justice</wf>
<punc>,</punc>
<wf cmd="ignore" pos="IN">under</wf>
<wf cmd="tag" pos="NN">law</wf>
<punc>.</punc>
</s>
<s snum="41">
<wf cmd="ignore" pos="TO">To</wf>
<wf cmd="done" pos="VB" lemma="achieve" wnsn="1" lexsn="2:41:00::">achieve</wf>
<wf cmd="ignore" pos="DT">this</wf>
<wf cmd="tag" pos="NN">destiny</wf>
<punc>,</punc>
<wf cmd="tag" pos="NN">acts</wf>
<wf cmd="done" pos="VB" ot="notag">as</wf>
<wf cmd="tag" pos="RB">well</wf>
<wf cmd="ignore" pos="IN">as</wf>
<wf cmd="tag" pos="NNS">words</wf>
<wf cmd="done" pos="VBP" ot="notag">are</wf>
<wf cmd="done" pos="VB" lemma="need" wnsn="2" lexsn="2:34:00::">needed</wf>
<punc>-</punc>
<wf cmd="tag" pos="RB">not_only</wf>
<wf cmd="tag" pos="NNS">acts</wf>
<wf cmd="ignore" pos="IN">that</wf>
<wf cmd="done" pos="VB" lemma="lead" wnsn="3;9" lexsn="2:42:12::;2:41:12::">lead</wf>
<wf cmd="done" pos="VB" ot="notag">to</wf>
<wf cmd="tag" pos="JJ">physical</wf>
<wf cmd="tag" pos="NN">strength</wf>
<wf cmd="ignore" pos="CC">but</wf>
<wf cmd="tag" pos="RB">also</wf>
<wf cmd="tag" pos="NNS">acts</wf>
<wf cmd="ignore" pos="IN">that</wf>
<wf cmd="done" pos="VB" lemma="lead" wnsn="3" lexsn="2:42:12::">lead</wf>
<wf cmd="done" pos="VB" ot="notag">to</wf>
<wf cmd="tag" pos="NN">strength</wf>
<wf cmd="done" pos="VB" lemma="base" wnsn="1" lexsn="2:31:00::">based</wf>
<wf cmd="ignore" pos="IN">on</wf>
<wf cmd="tag" pos="NN">right</wf>
<wf cmd="tag" pos="NN">doing</wf>
<wf cmd="ignore" pos="CC">and</wf>
<wf cmd="tag" pos="NN">respect</wf>
<punc>.</punc>
</s>
</p>
<p pnum="18">
<s snum="42">
<wf cmd="ignore" pos="WP">What</wf>
<wf cmd="tag" pos="RBR">better</wf>
<wf cmd="tag" pos="JJ">affirmative</wf>
<wf cmd="tag" pos="NN">step</wf>
<wf cmd="ignore" pos="MD">could</wf>
<wf cmd="done" pos="VB" ot="notag">be</wf>
<wf cmd="done" pos="VB" lemma="take" wnsn="1" lexsn="2:41:04::">taken</wf>
<wf cmd="done" pos="VB" ot="notag">to</wf>
<wf cmd="ignore" pos="DT">this</wf>
<wf cmd="tag" pos="NN">end</wf>
<wf cmd="ignore" pos="IN">than</wf>
<wf cmd="tag" pos="NN">repeal</wf>
<wf cmd="ignore" pos="IN">of</wf>
<wf cmd="ignore" pos="DT">the</wf>
<wf cmd="tag" pos="NNP">Connally</wf>
<wf cmd="tag" pos="NN">amendment</wf>
<punc>-</punc>
<wf cmd="ignore" pos="DT">an</wf>
<wf cmd="tag" pos="NN">act</wf>
<wf cmd="ignore" pos="WDT">which</wf>
<wf cmd="ignore" pos="MD">could</wf>
<wf cmd="done" pos="VB" lemma="expose" wnsn="4" lexsn="2:35:00::">expose</wf>
<wf cmd="ignore" pos="DT">the</wf>
<wf cmd="tag" pos="NN">United_States</wf>
<wf cmd="ignore" pos="TO">to</wf>
<wf cmd="ignore" pos="DT">no</wf>
<wf cmd="tag" pos="JJ">practical</wf>
<wf cmd="tag" pos="NN">risk</wf>
<wf cmd="tag" pos="RB">yet</wf>
<wf cmd="ignore" pos="MD">would</wf>
<wf cmd="done" pos="VB" lemma="put" wnsn="2" lexsn="2:35:05::">put</wf>
<wf cmd="done" pos="VB" ot="notag">an</wf>
<wf cmd="tag" pos="NN">end</wf>
<wf cmd="done" pos="VB" ot="notag">to</wf>
<wf cmd="ignore" pos="PRP$">our</wf>
<wf cmd="tag" pos="JJ">self-judging</wf>
<wf cmd="tag" pos="NN">attitude</wf>
<wf cmd="ignore" pos="IN">toward</wf>
<wf cmd="ignore" pos="DT">the</wf>
<wf cmd="tag" pos="NN">court</wf>
<punc>,</punc>
<wf cmd="done" pos="VB" lemma="enable" wnsn="1" lexsn="2:30:00::">enable</wf>
<wf cmd="ignore" pos="PRP">us</wf>
<wf cmd="ignore" pos="TO">to</wf>
<wf cmd="done" pos="VB" lemma="utilize" wnsn="1" lexsn="2:34:00::">utilize</wf>
<wf cmd="ignore" pos="PRP">it</wf>
<punc>,</punc>
<wf cmd="ignore" pos="CC">and</wf>
<wf cmd="done" pos="VB" lemma="advance" wnsn="3" lexsn="2:30:08::">advance</wf>
<wf cmd="ignore" pos="IN">in</wf>
<wf cmd="ignore" pos="DT">a</wf>
<wf cmd="tag" pos="JJ">tangible</wf>
<wf cmd="tag" pos="NN">way</wf>
<wf cmd="ignore" pos="DT">the</wf>
<wf cmd="tag" pos="NN">cause</wf>
<wf cmd="ignore" pos="IN">of</wf>
<wf cmd="tag" pos="NN">international_law</wf>
<wf cmd="ignore" pos="CC">and</wf>
<wf cmd="tag" pos="NN">order</wf>
<punc>?</punc>
</s>
</p>
<p pnum="19">
<s snum="43">
<wf cmd="ignore" pos="PRP">We</wf>
<wf cmd="done" pos="VB" lemma="believe" wnsn="2" lexsn="2:31:04::">believe</wf>
<wf cmd="ignore" pos="IN">that</wf>
<wf cmd="ignore" pos="DT">the</wf>
<wf cmd="tag" pos="NN">list</wf>
<wf cmd="ignore" pos="IN">of</wf>
<wf cmd="tag" pos="JJ">vital</wf>
<wf cmd="tag" pos="NNS">things</wf>
<wf cmd="done" pos="VB" lemma="leave" wnsn="3" lexsn="2:42:02::">left</wf>
<wf cmd="tag" pos="JJ">undone</wf>
<wf cmd="tag" pos="RB">to_date</wf>
<wf cmd="ignore" pos="IN">by</wf>
<wf cmd="ignore" pos="DT">the</wf>
<wf cmd="tag" pos="NNP">Eighty-seventh_Congress</wf>
<wf cmd="ignore" pos="MD">should</wf>
<wf cmd="done" pos="VB" ot="notag">have</wf>
<wf cmd="done" pos="VB" lemma="include" wnsn="1" lexsn="2:42:00::">included</wf>
<wf cmd="tag" pos="NN">repeal</wf>
<wf cmd="ignore" pos="IN">by</wf>
<wf cmd="ignore" pos="DT">the</wf>
<wf cmd="tag" pos="NNP">Senate</wf>
<wf cmd="ignore" pos="IN">of</wf>
<wf cmd="ignore" pos="DT">the</wf>
<wf cmd="tag" pos="NNP">Connally</wf>
<wf cmd="tag" pos="NN">amendment</wf>
<punc>.</punc>
</s>
</p>
<p pnum="20">
<s snum="44">
<wf cmd="tag" pos="JJ">Many</wf>
<wf cmd="tag" pos="JJ">home-bound</wf>
<wf cmd="tag" pos="NN">subway</wf>
<wf cmd="tag" pos="NNS">riders</wf>
<wf cmd="done" pos="VB" lemma="utilize" wnsn="1" lexsn="2:34:00::">utilizing</wf>
<wf cmd="ignore" pos="DT">the</wf>
<wf cmd="tag" pos="NNP">Flushing-Main_Street</wf>
<wf cmd="tag" pos="NN">express</wf>
<wf cmd="done" pos="VBP" ot="notag">are</wf>
<wf cmd="tag" pos="JJ">daily</wf>
<wf cmd="done" pos="VB" lemma="confront" wnsn="1" lexsn="2:33:00::">confronted</wf>
<wf cmd="ignore" pos="IN">with</wf>
<wf cmd="ignore" pos="DT">the</wf>
<wf cmd="tag" pos="NN">sight</wf>
<wf cmd="ignore" pos="IN">of</wf>
<wf cmd="ignore" pos="DT">the</wf>
<wf cmd="tag" pos="JJ">local</wf>
<wf cmd="done" pos="VB" lemma="depart" wnsn="3" lexsn="2:38:01::">departing</wf>
<wf cmd="ignore" pos="IN">from</wf>
<wf cmd="ignore" pos="DT">the</wf>
<wf cmd="tag" pos="NNP">Woodside</wf>
<wf cmd="tag" pos="NN">station</wf>
<wf cmd="ignore" pos="IN">as</wf>
<wf cmd="ignore" pos="PRP$">their</wf>
<wf cmd="tag" pos="NN">express</wf>
<wf cmd="done" pos="VB" ot="notag">comes_to</wf>
<wf cmd="ignore" pos="DT">a</wf>
<wf cmd="tag" pos="NN">stop</wf>
<punc>,</punc>
<wf cmd="done" pos="VB" lemma="leave" wnsn="7" lexsn="2:42:00::">leaving</wf>
<wf cmd="ignore" pos="PRP">them</wf>
<wf cmd="tag" pos="JJ">stranded</wf>
<wf cmd="ignore" pos="CC">and</wf>
<wf cmd="tag" pos="JJ">strained</wf>
<punc>.</punc>
</s>
<s snum="45">
<wf cmd="ignore" pos="TO">To</wf>
<wf cmd="ignore" pos="DT">the</wf>
<wf cmd="tag" pos="NNS">tens</wf>
<wf cmd="ignore" pos="IN">of</wf>
<wf cmd="tag" pos="NNS">thousands</wf>
<wf cmd="ignore" pos="WP">who</wf>
<wf cmd="ignore" pos="MD">must</wf>
<wf cmd="done" pos="VB" lemma="transfer" wnsn="6" lexsn="2:38:02::">transfer</wf>
<wf cmd="ignore" pos="TO">to</wf>
<wf cmd="done" pos="VB" lemma="ride" wnsn="2" lexsn="2:38:00::">ride</wf>
<wf cmd="ignore" pos="TO">to</wf>
<wf cmd="tag" pos="NNP">Seventy-fourth_Street</wf>
<wf cmd="ignore" pos="CC">and</wf>
<wf cmd="done" pos="VB" lemma="change" wnsn="8" lexsn="2:38:00::">change</wf>
<wf cmd="ignore" pos="IN">for</wf>
<wf cmd="ignore" pos="DT">the</wf>
<wf cmd="tag" pos="NNP">IND</wf>
<punc>,</punc>
<wf cmd="ignore" pos="DT">this</wf>
<wf cmd="done" pos="VBZ" ot="notag">takes</wf>
<wf cmd="ignore" pos="DT">a</wf>
<wf cmd="tag" pos="JJ">daily</wf>
<wf cmd="tag" pos="NN">toll</wf>
<wf cmd="ignore" pos="IN">of</wf>
<wf cmd="tag" pos="NN">time</wf>
<wf cmd="ignore" pos="CC">and</wf>
<wf cmd="tag" pos="NN">temper</wf>
<punc>.</punc>
</s>
</p>
<p pnum="21">
<s snum="46">
<wf cmd="ignore" pos="DT">The</wf>
<wf cmd="tag" pos="NNP">Transit_Authority</wf>
<wf cmd="done" pos="VBZ" ot="notag">has</wf>
<wf cmd="tag" pos="RB">recently</wf>
<wf cmd="done" pos="VBN" ot="notag">placed</wf>
<wf cmd="tag" pos="JJ">in_operation</wf>
<punc>``</punc>
<wf cmd="tag" pos="NN">hold</wf>
<punc>''</punc>
<wf cmd="tag" pos="NNS">lights</wf>
<wf cmd="ignore" pos="IN">at</wf>
<wf cmd="tag" pos="NNP">BMT_Thirty-ninth</wf>
<wf cmd="ignore" pos="CC">and</wf>
<wf cmd="tag" pos="NNP">Fifty-ninth_Street</wf>
<wf cmd="tag" pos="NNS">stations</wf>
<wf cmd="ignore" pos="IN">in</wf>
<wf cmd="tag" pos="NNP">Brooklyn</wf>
<punc>.</punc>
</s>
<s snum="47">
<wf cmd="ignore" pos="DT">This</wf>
<punc>``</punc>
<wf cmd="done" pos="VB" lemma="hold" wnsn="7" lexsn="2:35:03::">holds</wf>
<punc>''</punc>
<wf cmd="ignore" pos="DT">the</wf>
<wf cmd="tag" pos="NN">local</wf>
<wf cmd="ignore" pos="IN">until</wf>
<wf cmd="ignore" pos="DT">the</wf>
<wf cmd="tag" pos="NN">express</wf>
<wf cmd="tag" pos="NNS">passengers</wf>
<wf cmd="done" pos="VB" lemma="change" wnsn="8" lexsn="2:38:00::">change</wf>
<wf cmd="tag" pos="NNS">trains</wf>
<punc>.</punc>
</s>
<s snum="48">
<wf cmd="ignore" pos="IN">Without</wf>
<wf cmd="tag" pos="NN">question</wf>
<punc>,</punc>
<wf cmd="ignore" pos="DT">this</wf>
<wf cmd="tag" pos="NN">time</wf>
<wf cmd="ignore" pos="CC">and</wf>
<wf cmd="tag" pos="NN">temper</wf>
<wf cmd="tag" pos="NN">saver</wf>
<wf cmd="ignore" pos="MD">should</wf>
<wf cmd="done" pos="VB" ot="notag">be</wf>
<wf cmd="tag" pos="RB">immediately</wf>
<wf cmd="done" pos="VB" lemma="install" wnsn="1" lexsn="2:35:00::">installed</wf>
<wf cmd="ignore" pos="IN">at</wf>
<wf cmd="ignore" pos="DT">the</wf>
<wf cmd="tag" pos="NNP">Woodside</wf>
<wf cmd="tag" pos="NN">station</wf>
<punc>.</punc>
</s>
</p>
<p pnum="22">
<s snum="49">
<wf cmd="ignore" pos="IN">As</wf>
<wf cmd="ignore" pos="DT">a</wf>
<wf cmd="tag" pos="NN">business</wf>
<wf cmd="tag" pos="NN">man</wf>
<wf cmd="ignore" pos="PRP">I</wf>
<wf cmd="done" pos="VB" lemma="have" wnsn="0" lexsn="2:42:05::">have</wf>
<wf cmd="done" pos="VB" ot="notag">to</wf>
<wf cmd="done" pos="VB" lemma="use" wnsn="1" lexsn="2:34:01::">use</wf>
<wf cmd="ignore" pos="DT">the</wf>
<wf cmd="tag" pos="NN">telephone</wf>
<wf cmd="tag" pos="RB">constantly</wf>
<punc>,</punc>
<wf cmd="ignore" pos="IN">from</wf>
<wf cmd="tag" pos="CD">three</wf>
<wf cmd="ignore" pos="TO">to</wf>
<wf cmd="tag" pos="CD">four</wf>
<wf cmd="tag" pos="NNS">hours</wf>
<wf cmd="ignore" pos="DT">a</wf>
<wf cmd="tag" pos="NN">day</wf>
<punc>.</punc>
</s>
</p>
<p pnum="23">
<s snum="50">
<wf cmd="ignore" pos="IN">In</wf>
<wf cmd="ignore" pos="DT">the</wf>
<wf cmd="tag" pos="JJ">last</wf>
<wf cmd="tag" pos="JJ">few</wf>
<wf cmd="tag" pos="NNS">years</wf>
<wf cmd="ignore" pos="DT">the</wf>
<wf cmd="tag" pos="NN">telephone_company</wf>
<wf cmd="done" pos="VBZ" ot="notag">has</wf>
<wf cmd="done" pos="VB" lemma="manage" wnsn="1" lexsn="2:41:09::">managed</wf>
<wf cmd="ignore" pos="TO">to</wf>
<wf cmd="done" pos="VB" lemma="automate" wnsn="1" lexsn="2:30:00::">automate</wf>
<wf cmd="tag" pos="JJ">many</wf>
<wf cmd="tag" pos="NNS">areas</wf>
<wf cmd="ignore" pos="IN">of</wf>
<wf cmd="ignore" pos="PRP$">their</wf>
<wf cmd="tag" pos="NN">service</wf>
<punc>.</punc>
</s>
<s snum="51">
<wf cmd="ignore" pos="PRP">It</wf>
<wf cmd="done" pos="VBZ" ot="notag">has</wf>
<wf cmd="tag" pos="RB">not</wf>
<wf cmd="done" pos="VB" lemma="be" wnsn="2" lexsn="2:42:06::">been</wf>
<wf cmd="ignore" pos="DT">any</wf>
<wf cmd="tag" pos="JJ">great</wf>
<wf cmd="tag" pos="JJ">mental</wf>
<wf cmd="tag" pos="NN">effort</wf>
<wf cmd="ignore" pos="IN">on</wf>
<wf cmd="ignore" pos="PRP$">my</wf>
<wf cmd="tag" pos="NN">part</wf>
<wf cmd="ignore" pos="TO">to</wf>
<wf cmd="done" pos="VB" lemma="keep_up" wnsn="4" lexsn="2:30:00::">keep_up</wf>
<wf cmd="done" pos="VB" ot="notag">with</wf>
<wf cmd="ignore" pos="DT">this</wf>
<wf cmd="tag" pos="NN">mechanization</wf>
<wf cmd="ignore" pos="WDT">which</wf>
<wf cmd="done" pos="VBZ" ot="notag">has</wf>
<wf cmd="done" pos="VB" lemma="bring_about" wnsn="0" lexsn="2:36:02::">brought_about</wf>
<wf cmd="tag" pos="JJ">new</wf>
<wf cmd="tag" pos="NNS">ways</wf>
<wf cmd="ignore" pos="IN">of</wf>
<wf cmd="tag" pos="NN">dialing</wf>
<punc>.</punc>
</s>
</p>
<p pnum="24">
<s snum="52">
<wf cmd="tag" pos="RB">However</wf>
<punc>,</punc>
<wf cmd="ignore" pos="EX">there</wf>
<wf cmd="done" pos="VB" lemma="be" wnsn="1" lexsn="2:42:03::">are</wf>
<wf cmd="tag" pos="RB">still</wf>
<wf cmd="tag" pos="JJ">several</wf>
<wf cmd="tag" pos="NNS">types</wf>
<wf cmd="ignore" pos="IN">of</wf>
<wf cmd="tag" pos="NN">calls</wf>
<wf cmd="ignore" pos="WDT">that</wf>
<wf cmd="done" pos="VB" lemma="necessitate" wnsn="1" lexsn="2:42:00::">necessitate</wf>
<wf cmd="ignore" pos="DT">the</wf>
<wf cmd="tag" pos="NN">use</wf>
<wf cmd="ignore" pos="IN">of</wf>
<wf cmd="tag" pos="NN">telephone_operators</wf>
<punc>.</punc>
</s>
<s snum="53">
<wf cmd="ignore" pos="PRP">I</wf>
<wf cmd="done" pos="VBP" ot="notag">have</wf>
<wf cmd="done" pos="VBN" ot="notag">been</wf>
<wf cmd="tag" pos="RB">absolutely</wf>
<wf cmd="done" pos="VB" lemma="shock" wnsn="1" lexsn="2:37:01::">shocked</wf>
<wf cmd="ignore" pos="IN">at</wf>
<wf cmd="ignore" pos="DT">the</wf>
<wf cmd="tag" pos="NN">ineptness</wf>
<wf cmd="ignore" pos="IN">of</wf>
<wf cmd="ignore" pos="DT">the</wf>
<wf cmd="tag" pos="NN">young_ladies</wf>
<wf cmd="ignore" pos="WP">who</wf>
<wf cmd="done" pos="VBP" ot="notag">are</wf>
<wf cmd="done" pos="VB" lemma="service" wnsn="2" lexsn="2:30:00::">servicing</wf>
<wf cmd="tag" pos="JJ">person-to-person</wf>
<wf cmd="tag" pos="NN">calls</wf>
<punc>,</punc>
<wf cmd="tag" pos="JJ">special</wf>
<wf cmd="tag" pos="NN">long-distance_calls</wf>
<punc>,</punc>
<wf cmd="ignore" pos="FW">etc.</wf>
<punc>.</punc>
</s>
<s snum="54">
<wf cmd="ignore" pos="CC">Either</wf>
<wf cmd="ignore" pos="PRP">it</wf>
<wf cmd="done" pos="VB" lemma="be" wnsn="1" lexsn="2:42:03::">is</wf>
<wf cmd="tag" pos="NN">lack</wf>
<wf cmd="ignore" pos="IN">of</wf>
<wf cmd="tag" pos="NN">training</wf>
<punc>,</punc>
<wf cmd="tag" pos="NN">lack</wf>
<wf cmd="ignore" pos="IN">of</wf>
<wf cmd="tag" pos="JJ">proper</wf>
<wf cmd="tag" pos="NN">screening</wf>
<wf cmd="ignore" pos="WRB">when</wf>
<wf cmd="done" pos="VB" lemma="hire" wnsn="1" lexsn="2:41:00::">hiring</wf>
<punc>,</punc>
<wf cmd="tag" pos="NN">lack</wf>
<wf cmd="ignore" pos="IN">of</wf>
<wf cmd="tag" pos="NN">management</wf>
<wf cmd="ignore" pos="CC">or</wf>
<wf cmd="tag" pos="RB">possibly</wf>
<wf cmd="tag" pos="NN">lack</wf>
<wf cmd="ignore" pos="IN">of</wf>
<wf cmd="tag" pos="NN">interest</wf>
<wf cmd="ignore" pos="IN">on</wf>
<wf cmd="ignore" pos="DT">the</wf>
<wf cmd="tag" pos="NN">part</wf>
<wf cmd="ignore" pos="IN">of</wf>
<wf cmd="ignore" pos="DT">the</wf>
<wf cmd="tag" pos="NN">telephone_company</wf>
<punc>,</punc>
<wf cmd="ignore" pos="WDT">which</wf>
<wf cmd="done" pos="VBZ" ot="notag">does</wf>
<wf cmd="done" pos="VB" lemma="have" wnsn="1" lexsn="2:40:00::">have</wf>
<wf cmd="ignore" pos="DT">a</wf>
<wf cmd="tag" pos="JJ">Government-blessed</wf>
<wf cmd="tag" pos="NN">monopoly</wf>
<punc>.</punc>
</s>
</p>
<p pnum="25">
<s snum="55">
<wf cmd="ignore" pos="PRP">I</wf>
<wf cmd="done" pos="VB" lemma="disagree" wnsn="1" lexsn="2:32:00::">disagree</wf>
<wf cmd="done" pos="VB" ot="notag">with</wf>
<wf cmd="ignore" pos="DT">the</wf>
<wf cmd="tag" pos="NN">writer</wf>
<wf cmd="ignore" pos="WP">who</wf>
<wf cmd="done" pos="VB" lemma="say" wnsn="1" lexsn="2:32:00::">says</wf>
<wf cmd="tag" pos="NN">funeral</wf>
<wf cmd="tag" pos="NNS">services</wf>
<wf cmd="ignore" pos="MD">should</wf>
<wf cmd="done" pos="VB" lemma="be" wnsn="1" lexsn="2:42:03::">be</wf>
<wf cmd="tag" pos="JJ">government-controlled</wf>
<punc>.</punc>
</s>
<s snum="56">
<wf cmd="ignore" pos="DT">The</wf>
<wf cmd="tag" pos="NN">funeral</wf>
<wf cmd="ignore" pos="IN">for</wf>
<wf cmd="ignore" pos="PRP$">my</wf>
<wf cmd="tag" pos="NN">husband</wf>
<wf cmd="done" pos="VB" lemma="be" wnsn="2" lexsn="2:42:06::">was</wf>
<wf cmd="tag" pos="RB">just</wf>
<wf cmd="ignore" pos="WP">what</wf>
<wf cmd="ignore" pos="PRP">I</wf>
<wf cmd="done" pos="VB" lemma="want" wnsn="1" lexsn="2:37:00::">wanted</wf>
<wf cmd="ignore" pos="CC">and</wf>
<wf cmd="ignore" pos="PRP">I</wf>
<wf cmd="done" pos="VB" lemma="pay" wnsn="1" lexsn="2:40:00::">paid</wf>
<wf cmd="ignore" pos="DT">a</wf>
<wf cmd="tag" pos="JJ">fair</wf>
<wf cmd="tag" pos="NN">price</wf>
<punc>,</punc>
<wf cmd="tag" pos="RB">far</wf>
<wf cmd="tag" pos="RB">less_than</wf>
<wf cmd="ignore" pos="PRP">I</wf>
<wf cmd="done" pos="VBD" ot="notag">had</wf>
<wf cmd="done" pos="VB" lemma="expect" wnsn="1" lexsn="2:31:00::">expected</wf>
<wf cmd="ignore" pos="TO">to</wf>
<wf cmd="done" pos="VB" lemma="pay" wnsn="1" lexsn="2:40:00::">pay</wf>
<punc>.</punc>
</s>
<s snum="57">
<wf cmd="ignore" pos="CC">But</wf>
<wf cmd="ignore" pos="DT">the</wf>
<wf cmd="tag" pos="NNS">hospitals</wf>
<wf cmd="ignore" pos="CC">and</wf>
<wf cmd="tag" pos="NNS">doctors</wf>
<wf cmd="ignore" pos="MD">should</wf>
<wf cmd="done" pos="VB" lemma="be" wnsn="1" lexsn="2:42:03::">be</wf>
<punc>.</punc>
</s>
</p>
<p pnum="26">
<s snum="58">
<wf cmd="tag" pos="RB">Recently</wf>
<wf cmd="ignore" pos="PRP">I</wf>
<wf cmd="done" pos="VB" lemma="visit" wnsn="2" lexsn="2:38:00::">visited</wf>
<wf cmd="ignore" pos="DT">the</wf>
<wf cmd="tag" pos="RB">very</wf>
<wf cmd="tag" pos="JJ">remarkable</wf>
<wf cmd="tag" pos="NNP">Pilgrim_School</wf>
<wf cmd="ignore" pos="IN">for</wf>
<wf cmd="tag" pos="JJ">retarded</wf>
<wf cmd="tag" pos="NNS">children</wf>
<punc>.</punc>
</s>
</p>
<p pnum="27">
<s snum="59">
<wf cmd="tag" pos="NNP">Hazel_Park</wf>
<wf cmd="done" pos="VB" lemma="donate" wnsn="1" lexsn="2:40:00::">donates</wf>
<wf cmd="ignore" pos="PRP$">its</wf>
<wf cmd="tag" pos="NN">recreation</wf>
<wf cmd="tag" pos="NN">center</wf>
<punc>,</punc>
<wf cmd="tag" pos="CD">five</wf>
<wf cmd="tag" pos="NNS">days</wf>
<wf cmd="ignore" pos="DT">a</wf>
<wf cmd="tag" pos="NN">week</wf>
<punc>,</punc>
<wf cmd="ignore" pos="TO">to</wf>
<wf cmd="ignore" pos="DT">the</wf>
<wf cmd="tag" pos="NN">school</wf>
<punc>.</punc>
</s>
<s snum="60">
<wf cmd="ignore" pos="EX">There</wf>
<wf cmd="done" pos="VB" lemma="be" wnsn="1" lexsn="2:42:03::">is</wf>
<wf cmd="ignore" pos="DT">no</wf>
<wf cmd="tag" pos="NN">charge</wf>
<wf cmd="ignore" pos="CC">and</wf>
<wf cmd="ignore" pos="DT">no</wf>
<wf cmd="tag" pos="NN">state</wf>
<wf cmd="tag" pos="NN">aid</wf>
<punc>.</punc>
</s>
<s snum="61">
<wf cmd="tag" pos="NNP">Kiwanis</wf>
<punc>,</punc>
<wf cmd="tag" pos="NN">American_Legion</wf>
<wf cmd="ignore" pos="CC">and</wf>
<wf cmd="tag" pos="JJ">other</wf>
<wf cmd="tag" pos="NNS">groups</wf>
<wf cmd="done" pos="VB" lemma="donate" wnsn="1" lexsn="2:40:00::">donate</wf>
<wf cmd="tag" pos="JJ">small</wf>
<wf cmd="tag" pos="NNS">sums</wf>
<wf cmd="ignore" pos="CC">and</wf>
<wf cmd="ignore" pos="DT">the</wf>
<wf cmd="tag" pos="NNS">mothers</wf>
<wf cmd="done" pos="VB" lemma="do" wnsn="2" lexsn="2:36:01::">do</wf>
<wf cmd="ignore" pos="WP">what</wf>
<wf cmd="ignore" pos="PRP">they</wf>
<wf cmd="ignore" pos="MD">can</wf>
<wf cmd="ignore" pos="TO">to</wf>
<wf cmd="done" pos="VB" lemma="bring_in" wnsn="2" lexsn="2:40:01::">bring_in</wf>
<wf cmd="tag" pos="NNS">dollars</wf>
<wf cmd="ignore" pos="IN">for</wf>
<wf cmd="ignore" pos="PRP$">its</wf>
<wf cmd="tag" pos="NN">support</wf>
<punc>.</punc>
</s>
</p>
<p pnum="28">
<s snum="62">
<wf cmd="ignore" pos="EX">There</wf>
<wf cmd="done" pos="VB" lemma="be" wnsn="1" lexsn="2:42:03::">are</wf>
<wf cmd="tag" pos="CD">70</wf>
<wf cmd="tag" pos="NNS">children</wf>
<wf cmd="ignore" pos="EX">there</wf>
<wf cmd="ignore" pos="CC">and</wf>
<wf cmd="ignore" pos="DT">the</wf>
<wf cmd="tag" pos="NNS">mothers</wf>
<wf cmd="done" pos="VB" lemma="donate" wnsn="1" lexsn="2:40:00::">donate</wf>
<wf cmd="tag" pos="RB">one_day</wf>
<wf cmd="ignore" pos="DT">a</wf>
<wf cmd="tag" pos="NN">week</wf>
<wf cmd="ignore" pos="TO">to</wf>
<wf cmd="ignore" pos="DT">the</wf>
<wf cmd="tag" pos="NN">school</wf>
<punc>.</punc>
</s>
<s snum="63">
<wf cmd="tag" pos="NNP">Reading</wf>
<punc>,</punc>
<wf cmd="tag" pos="NN">writing</wf>
<wf cmd="ignore" pos="CC">and</wf>
<wf cmd="tag" pos="JJ">simple</wf>
<wf cmd="tag" pos="NN">arithmetic</wf>
<wf cmd="done" pos="VBP" ot="notag">are</wf>
<wf cmd="done" pos="VB" lemma="teach" wnsn="1" lexsn="2:32:00::">taught</wf>
<wf cmd="ignore" pos="IN">along</wf>
<wf cmd="ignore" pos="IN">with</wf>
<wf cmd="tag" pos="JJ">such</wf>
<wf cmd="tag" pos="NNS">crafts</wf>
<wf cmd="ignore" pos="IN">as</wf>
<wf cmd="done" pos="VB" lemma="work" wnsn="5" lexsn="2:36:00::">working</wf>
<wf cmd="ignore" pos="IN">in</wf>
<wf cmd="tag" pos="NN">brass</wf>
<punc>.</punc>
</s>
<s snum="64">
<wf cmd="ignore" pos="PRP">They</wf>
<wf cmd="done" pos="VB" lemma="make" wnsn="9" lexsn="2:36:09::">make</wf>
<wf cmd="tag" pos="JJ">beautiful</wf>
<wf cmd="tag" pos="NNS">objects</wf>
<punc>.</punc>
</s>
</p>
<p pnum="29">
<s snum="65">
<wf cmd="tag" pos="JJ">Enough</wf>
<wf cmd="tag" pos="NN">trading_stamps</wf>
<wf cmd="done" pos="VBD" ot="notag">were</wf>
<wf cmd="done" pos="VB" lemma="collect" wnsn="4" lexsn="2:35:01::">collected</wf>
<wf cmd="ignore" pos="TO">to</wf>
<wf cmd="done" pos="VB" lemma="buy" wnsn="1" lexsn="2:40:00::">buy</wf>
<wf cmd="ignore" pos="DT">a</wf>
<wf cmd="tag" pos="CD">12</wf>
<punc>-</punc>
<wf cmd="tag" pos="NN">passenger</wf>
<wf cmd="tag" pos="NN">station_wagon</wf>
<punc>.</punc>
</s>
<s snum="66">
<wf cmd="tag" pos="NNP">Southfield</wf>
<wf cmd="tag" pos="NNS">schools</wf>
<wf cmd="done" pos="VB" lemma="furnish" wnsn="1" lexsn="2:40:00::">furnish</wf>
<wf cmd="ignore" pos="DT">an</wf>
<wf cmd="tag" pos="JJ">old</wf>
<wf cmd="tag" pos="CD">45</wf>
<punc>-</punc>
<wf cmd="tag" pos="NN">passenger</wf>
<wf cmd="tag" pos="NN">bus</wf>
<punc>(</punc>
<wf cmd="ignore" pos="DT">the</wf>
<wf cmd="tag" pos="NN">heater</wf>
<wf cmd="tag" pos="RB">in_which</wf>
<wf cmd="done" pos="VB" lemma="need" wnsn="2" lexsn="2:34:00::">needs</wf>
<wf cmd="tag" pos="NN">repair</wf>
<wf cmd="ignore" pos="IN">since</wf>
<wf cmd="ignore" pos="DT">some</wf>
<wf cmd="ignore" pos="IN">of</wf>
<wf cmd="ignore" pos="DT">the</wf>
<wf cmd="tag" pos="NNS">children</wf>
<wf cmd="done" pos="VB" lemma="ride" wnsn="2" lexsn="2:38:00::">ride</wf>
<wf cmd="ignore" pos="DT">a</wf>
<wf cmd="tag" pos="JJ">long</wf>
<wf cmd="tag" pos="NN">distance</wf>
<wf cmd="ignore" pos="CC">and</wf>
<wf cmd="done" pos="VB" lemma="need" wnsn="2" lexsn="2:34:00::">need</wf>
<wf cmd="ignore" pos="DT">the</wf>
<wf cmd="tag" pos="NN">heat</wf>
<punc>)</punc>
<punc>.</punc>
</s>
</p>
<p pnum="30">
<s snum="67">
<wf cmd="ignore" pos="DT">The</wf>
<wf cmd="tag" pos="NN">school</wf>
<wf cmd="done" pos="VB" lemma="be" wnsn="3" lexsn="2:42:05::">is</wf>
<wf cmd="tag" pos="JJ">located</wf>
<wf cmd="ignore" pos="IN">at</wf>
<wf cmd="tag" pos="CD">9</wf>
<punc>-</punc>
<wf cmd="tag" pos="CD">1</wf>
<wf cmd="tag" pos="CD">2</wf>
<wf cmd="tag" pos="NNP">Mile</wf>
<wf cmd="tag" pos="NN">road</wf>
<punc>,</punc>
<wf cmd="tag" pos="NNP">Woodward_Heights</wf>
<punc>.</punc>
</s>
<s snum="68">
<wf cmd="tag" pos="NNS">Visitors</wf>
<wf cmd="done" pos="VB" lemma="be" wnsn="1" lexsn="2:42:03::">are</wf>
<wf cmd="tag" pos="JJ">welcome</wf>
<wf cmd="ignore" pos="TO">to</wf>
<wf cmd="done" pos="VB" lemma="come" wnsn="1" lexsn="2:38:00::">come</wf>
<wf cmd="done" pos="VB" lemma="see" wnsn="1" lexsn="2:39:00::">see</wf>
<wf cmd="ignore" pos="WP">what</wf>
<wf cmd="ignore" pos="DT">these</wf>
<wf cmd="tag" pos="JJ">dedicated</wf>
<wf cmd="tag" pos="NNS">mothers</wf>
<wf cmd="ignore" pos="MD">can</wf>
<wf cmd="done" pos="VB" lemma="do" wnsn="2" lexsn="2:36:01::">do</wf>
<punc>.</punc>
</s>
</p>
<p pnum="31">
<s snum="69">
<wf cmd="ignore" pos="PRP">I</wf>
<wf cmd="done" pos="VB" lemma="be" wnsn="1" lexsn="2:42:03::">was</wf>
<wf cmd="tag" pos="JJ">surprised</wf>
<wf cmd="ignore" pos="IN">at</wf>
<wf cmd="tag" pos="NNP">Mayor_Miriani</wf>
<wf cmd="ignore" pos="POS">'s</wf>
<wf cmd="tag" pos="NN">defeat</wf>
<punc>,</punc>
<wf cmd="ignore" pos="CC">but</wf>
<wf cmd="tag" pos="RB">perhaps</wf>
<wf cmd="tag" pos="NNP">Mayor-elect_Cavanagh</wf>
<wf cmd="ignore" pos="MD">can</wf>
<wf cmd="done" pos="VB" lemma="accomplish" wnsn="1" lexsn="2:36:00::">accomplish</wf>
<wf cmd="ignore" pos="DT">some</wf>
<wf cmd="tag" pos="NNS">things</wf>
<wf cmd="ignore" pos="WDT">that</wf>
<wf cmd="ignore" pos="MD">should</wf>
<wf cmd="done" pos="VB" ot="notag">have</wf>
<wf cmd="done" pos="VBN" ot="notag">been</wf>
<wf cmd="done" pos="VB" lemma="do" wnsn="1" lexsn="2:41:01::">done</wf>
<wf cmd="tag" pos="NNS">years</wf>
<wf cmd="tag" pos="RB">ago</wf>
<punc>.</punc>
</s>
<s snum="70">
<wf cmd="tag" pos="RB">Maybe</wf>
<wf cmd="ignore" pos="PRP">he</wf>
<wf cmd="ignore" pos="MD">can</wf>
<wf cmd="done" pos="VB" lemma="clean_out" wnsn="1" lexsn="2:30:00::">clean_out</wf>
<wf cmd="ignore" pos="DT">the</wf>
<wf cmd="tag" pos="NN">white_elephants</wf>
<wf cmd="ignore" pos="IN">in</wf>
<wf cmd="ignore" pos="DT">some</wf>
<wf cmd="ignore" pos="IN">of</wf>
<wf cmd="ignore" pos="DT">the</wf>
<wf cmd="tag" pos="NN">city</wf>
<wf cmd="tag" pos="NNS">departments</wf>
<wf cmd="tag" pos="JJ">such_as</wf>
<wf cmd="tag" pos="NN">welfare</wf>
<punc>,</punc>
<wf cmd="tag" pos="NNP">DPW</wf>
<wf cmd="ignore" pos="CC">and</wf>
<wf cmd="tag" pos="NN">sanitation</wf>
<punc>.</punc>
</s>
<s snum="71">
<wf cmd="tag" pos="NN">Negligence</wf>
<wf cmd="ignore" pos="IN">in</wf>
<wf cmd="tag" pos="NN">garbage</wf>
<wf cmd="ignore" pos="CC">and</wf>
<wf cmd="tag" pos="NN">rubbish</wf>
<wf cmd="tag" pos="NNS">collections</wf>
<wf cmd="ignore" pos="CC">and</wf>
<wf cmd="tag" pos="NN">alley</wf>
<wf cmd="tag" pos="NN">cleaning</wf>
<wf cmd="done" pos="VB" lemma="be" wnsn="1" lexsn="2:42:03::">is</wf>
<wf cmd="tag" pos="JJ">great</wf>
<punc>.</punc>
</s>
</p>
<p pnum="32">
<s snum="72">
<wf cmd="ignore" pos="PRP">He</wf>
<wf cmd="ignore" pos="MD">should</wf>
<wf cmd="done" pos="VB" lemma="put" wnsn="1" lexsn="2:35:00::">put</wf>
<wf cmd="ignore" pos="DT">the</wf>
<wf cmd="tag" pos="NN">police</wf>
<wf cmd="tag" pos="RB">back</wf>
<wf cmd="ignore" pos="TO">to</wf>
<wf cmd="tag" pos="NN">patrolling</wf>
<wf cmd="ignore" pos="CC">and</wf>
<wf cmd="tag" pos="NN">walking</wf>
<wf cmd="ignore" pos="DT">the</wf>
<wf cmd="tag" pos="NNS">streets</wf>
<wf cmd="ignore" pos="IN">at</wf>
<wf cmd="tag" pos="NN">night</wf>
<punc>.</punc>
</s>
<s snum="73">
<wf cmd="ignore" pos="EX">There</wf>
<wf cmd="ignore" pos="MD">should</wf>
<wf cmd="done" pos="VB" lemma="be" wnsn="1" lexsn="2:42:03::">be</wf>
<wf cmd="tag" pos="JJR">better</wf>
<wf cmd="tag" pos="NN">bus_service</wf>
<wf cmd="ignore" pos="CC">and</wf>
<wf cmd="tag" pos="JJ">all_of</wf>
<wf cmd="ignore" pos="PRP$">our</wf>
<wf cmd="tag" pos="NN">city</wf>
<wf cmd="tag" pos="NNS">departments</wf>
<wf cmd="ignore" pos="CC">and</wf>
<wf cmd="ignore" pos="PRP$">their</wf>
<wf cmd="tag" pos="JJ">various</wf>
<wf cmd="tag" pos="NNS">branches</wf>
<wf cmd="done" pos="VB" lemma="need" wnsn="2" lexsn="2:34:00::">need</wf>
<wf cmd="ignore" pos="DT">a</wf>
<wf cmd="tag" pos="JJ">general</wf>
<wf cmd="ignore" pos="CC">and</wf>
<wf cmd="tag" pos="JJ">complete</wf>
<wf cmd="tag" pos="NN">overhauling</wf>
<punc>.</punc>
</s>
</p>
<p pnum="33">
<s snum="74">
<wf cmd="ignore" pos="PRP$">Our</wf>
<wf cmd="tag" pos="NN">litterbug</wf>
<wf cmd="tag" pos="NNS">ordinances</wf>
<wf cmd="done" pos="VBP" ot="notag">are</wf>
<wf cmd="tag" pos="RB">not</wf>
<wf cmd="done" pos="VB" lemma="enforce" wnsn="2" lexsn="2:41:01::">enforced</wf>
<wf cmd="ignore" pos="CC">and</wf>
<wf cmd="ignore" pos="PRP">I</wf>
<wf cmd="done" pos="VBP" ot="notag">have</wf>
<wf cmd="tag" pos="RB">yet</wf>
<wf cmd="ignore" pos="TO">to</wf>
<wf cmd="done" pos="VB" lemma="read" wnsn="1" lexsn="2:31:00::">read</wf>
<wf cmd="ignore" pos="IN">of</wf>
<wf cmd="ignore" pos="DT">a</wf>
<wf cmd="tag" pos="NN">conviction</wf>
<wf cmd="ignore" pos="IN">in</wf>
<wf cmd="ignore" pos="DT">a</wf>
<wf cmd="tag" pos="NN">littering</wf>
<wf cmd="tag" pos="NN">case</wf>
<punc>.</punc>
</s>
</p>
<p pnum="34">
<s snum="75">
<wf cmd="tag" pos="JJ">Drunken</wf>
<wf cmd="tag" pos="NN">truck_drivers</wf>
<wf cmd="ignore" pos="IN">in</wf>
<wf cmd="ignore" pos="DT">the</wf>
<wf cmd="tag" pos="NN">city</wf>
<wf cmd="tag" pos="NNS">departments</wf>
<wf cmd="ignore" pos="MD">should</wf>
<wf cmd="done" pos="VB" ot="notag">be</wf>
<wf cmd="done" pos="VB" lemma="weed_out" wnsn="1" lexsn="2:40:00::">weeded_out</wf>
<punc>.</punc>
</s>
<s snum="76">
<wf cmd="done" pos="VB" lemma="educate" wnsn="2" lexsn="2:31:00::">Educate</wf>
<wf cmd="ignore" pos="DT">the</wf>
<wf cmd="tag" pos="NN">city</wf>
<wf cmd="tag" pos="NNS">employes</wf>
<wf cmd="ignore" pos="TO">to</wf>
<wf cmd="done" pos="VB" lemma="give" wnsn="11" lexsn="2:36:00::">give</wf>
<wf cmd="tag" pos="JJ">real</wf>
<wf cmd="tag" pos="NN">service</wf>
<wf cmd="ignore" pos="TO">to</wf>
<wf cmd="ignore" pos="DT">the</wf>
<wf cmd="tag" pos="NN">public</wf>
<punc>.</punc>
</s>
<s snum="77">
<wf cmd="tag" pos="RB">After_all</wf>
<punc>,</punc>
<wf cmd="ignore" pos="PRP">they</wf>
<wf cmd="done" pos="VBP" ot="notag">are</wf>
<wf cmd="done" pos="VB" lemma="pay" wnsn="1" lexsn="2:40:00::">paid</wf>
<wf cmd="ignore" pos="IN">by</wf>
<wf cmd="ignore" pos="DT">the</wf>
<wf cmd="tag" pos="JJ">public</wf>
<punc>,</punc>
<wf cmd="ignore" pos="PRP">they</wf>
<wf cmd="ignore" pos="MD">should</wf>
<wf cmd="done" pos="VB" lemma="be" wnsn="1" lexsn="2:42:03::">be</wf>
<wf cmd="tag" pos="NNS">examples</wf>
<punc>.</punc>
</s>
</p>
<p pnum="35">
<s snum="78">
<wf cmd="ignore" pos="IN">At</wf>
<wf cmd="ignore" pos="DT">a</wf>
<wf cmd="tag" pos="JJ">recent</wf>
<wf cmd="tag" pos="NN">meeting</wf>
<wf cmd="ignore" pos="IN">of</wf>
<wf cmd="ignore" pos="DT">the</wf>
<wf cmd="tag" pos="NNP">Women</wf>
<wf cmd="ignore" pos="POS">'s</wf>
<wf cmd="tag" pos="NNP">Association</wf>
<wf cmd="ignore" pos="IN">of</wf>
<wf cmd="ignore" pos="DT">the</wf>
<wf cmd="tag" pos="NNP">Trumbull_Ave._United</wf>
<wf cmd="tag" pos="NN">Presbyterian_Church</wf>
<punc>,</punc>
<wf cmd="tag" pos="JJ">considerable</wf>
<wf cmd="tag" pos="NN">use</wf>
<wf cmd="done" pos="VBD" ot="notag">was</wf>
<wf cmd="done" pos="VB" lemma="make" wnsn="1" lexsn="2:41:00::">made</wf>
<wf cmd="ignore" pos="IN">of</wf>
<wf cmd="tag" pos="NN">material</wf>
<wf cmd="ignore" pos="IN">from</wf>
<wf cmd="ignore" pos="DT">The</wf>
<wf cmd="tag" pos="NNP">Detroit_News</wf>
<wf cmd="ignore" pos="IN">on</wf>
<wf cmd="ignore" pos="DT">the</wf>
<wf cmd="tag" pos="NN">King_James_version</wf>
<wf cmd="ignore" pos="IN">of</wf>
<wf cmd="ignore" pos="DT">the</wf>
<wf cmd="tag" pos="NN">New_Testament</wf>
<wf cmd="ignore" pos="IN">versus</wf>
<wf cmd="ignore" pos="DT">the</wf>
<wf cmd="tag" pos="NN">New_English_Bible</wf>
<punc>.</punc>
</s>
</p>
<p pnum="36">
<s snum="79">
<wf cmd="ignore" pos="DT">Some</wf>
<wf cmd="tag" pos="NNS">members</wf>
<wf cmd="ignore" pos="IN">of</wf>
<wf cmd="ignore" pos="DT">the</wf>
<wf cmd="tag" pos="NN">organization</wf>
<wf cmd="done" rdf="call_attention_to" pos="VB" ot="idiom">called</wf>
<wf cmd="tag" pos="NN">attention</wf>
<wf cmd="tag" pos="RB">also</wf>
<wf cmd="ignore" pos="TO">to</wf>
<wf cmd="ignore" pos="DT">the</wf>
<wf cmd="tag" pos="NN">article</wf>
<wf cmd="ignore" pos="IN">on</wf>
<wf cmd="tag" pos="NNS">hymns</wf>
<wf cmd="ignore" pos="IN">of</wf>
<wf cmd="tag" pos="NN">inspiration</wf>
<punc>,</punc>
<wf cmd="ignore" pos="DT">the</wf>
<wf cmd="tag" pos="NNP">Daily_Prayer</wf>
<wf cmd="ignore" pos="CC">and</wf>
<wf cmd="tag" pos="CD">Three</wf>
<wf cmd="tag" pos="NNPS">Minutes</wf>
<wf cmd="ignore" pos="DT">a</wf>
<wf cmd="tag" pos="NNP">Day</wf>
<punc>,</punc>
<wf cmd="ignore" pos="IN">as</wf>
<wf cmd="done" pos="VB" lemma="be" wnsn="1" lexsn="2:42:03::">being</wf>
<wf cmd="tag" pos="RB">very</wf>
<wf cmd="tag" pos="JJ">helpful</wf>
<punc>.</punc>
</s>
</p>
<p pnum="37">
<s snum="80">
<wf cmd="ignore" pos="PRP">We</wf>
<wf cmd="done" pos="VB" lemma="feel" wnsn="2" lexsn="2:31:00::">feel</wf>
<wf cmd="ignore" pos="IN">that</wf>
<wf cmd="ignore" pos="DT">The</wf>
<wf cmd="tag" pos="NNP">Detroit_News</wf>
<wf cmd="done" pos="VB" lemma="be" wnsn="1" lexsn="2:42:03::">is</wf>
<wf cmd="ignore" pos="TO">to</wf>
<wf cmd="done" pos="VB" ot="notag">be</wf>
<wf cmd="done" pos="VB" lemma="compliment" wnsn="2" lexsn="2:32:01::">complimented</wf>
<wf cmd="ignore" pos="IN">upon</wf>
<wf cmd="done" pos="VB" lemma="arrange" wnsn="3" lexsn="2:36:03::">arranging</wf>
<wf cmd="ignore" pos="IN">for</wf>
<wf cmd="tag" pos="NNS">articles</wf>
<wf cmd="ignore" pos="IN">on</wf>
<wf cmd="ignore" pos="DT">these</wf>
<wf cmd="tag" pos="NNS">subjects</wf>
<wf cmd="ignore" pos="CC">and</wf>
<wf cmd="ignore" pos="PRP">we</wf>
<wf cmd="done" pos="VB" lemma="hope" wnsn="3" lexsn="2:31:00::">hope</wf>
<wf cmd="ignore" pos="IN">that</wf>
<wf cmd="ignore" pos="PRP">it</wf>
<wf cmd="ignore" pos="MD">will</wf>
<wf cmd="done" pos="VB" lemma="continue" wnsn="1" lexsn="2:42:01::">continue</wf>
<wf cmd="ignore" pos="TO">to</wf>
<wf cmd="done" pos="VB" lemma="provide" wnsn="1" lexsn="2:40:00::">provide</wf>
<wf cmd="tag" pos="NN">material</wf>
<wf cmd="ignore" pos="IN">along</wf>
<wf cmd="tag" pos="JJ">wholesome</wf>
<wf cmd="tag" pos="NNS">lines</wf>
<punc>.</punc>
</s>
</p>
<p pnum="38">
<s snum="81">
<wf cmd="tag" pos="NN">Thank_you</wf>
<wf cmd="ignore" pos="IN">for</wf>
<wf cmd="ignore" pos="DT">the</wf>
<wf cmd="tag" pos="NN">article</wf>
<wf cmd="ignore" pos="IN">by</wf>
<wf cmd="tag" pos="NNP">George_Sokolsky</wf>
<wf cmd="ignore" pos="IN">on</wf>
<wf cmd="ignore" pos="DT">the</wf>
<wf cmd="tag" pos="JJ">public</wf>
<wf cmd="tag" pos="NN">apathy</wf>
<wf cmd="ignore" pos="TO">to</wf>
<wf cmd="tag" pos="NN">impudence</wf>
<punc>.</punc>
</s>
</p>
<p pnum="39">
<s snum="82">
<wf cmd="ignore" pos="WRB">How</wf>
<wf cmd="tag" pos="JJ">old</wf>
<wf cmd="done" pos="VBP" ot="notag">do</wf>
<wf cmd="ignore" pos="PRP">you</wf>
<wf cmd="done" pos="VB" lemma="have" wnsn="0" lexsn="2:42:05::">have</wf>
<wf cmd="done" pos="VB" ot="notag">to</wf>
<wf cmd="done" pos="VB" lemma="be" wnsn="1" lexsn="2:42:03::">be</wf>
<wf cmd="ignore" pos="TO">to</wf>
<wf cmd="done" pos="VB" lemma="remember" wnsn="3" lexsn="2:31:02::">remember</wf>
<wf cmd="ignore" pos="WRB">when</wf>
<wf cmd="tag" pos="NNPS">Americans</wf>
<punc>,</punc>
<wf cmd="tag" pos="RB">especially</wf>
<wf cmd="tag" pos="NNS">children</wf>
<punc>,</punc>
<wf cmd="done" pos="VBD" ot="notag">were</wf>
<wf cmd="done" pos="VB" lemma="encourage" wnsn="2" lexsn="2:37:00::">encouraged</wf>
<wf cmd="ignore" pos="TO">to</wf>
<wf cmd="done" pos="VB" lemma="be" wnsn="1" lexsn="2:42:03::">be</wf>
<wf cmd="tag" pos="JJ">polite</wf>
<punc>?</punc>
</s>
<s snum="83">
<wf cmd="ignore" pos="WRB">Why</wf>
<wf cmd="done" pos="VBZ" ot="notag">has</wf>
<wf cmd="ignore" pos="DT">this</wf>
<wf cmd="tag" pos="NN">form</wf>
<wf cmd="ignore" pos="IN">of</wf>
<wf cmd="tag" pos="NN">gentility</wf>
<wf cmd="done" pos="VB" lemma="go_out" wnsn="4" lexsn="2:30:00::">gone_out</wf>
<wf cmd="ignore" pos="IN">of</wf>
<wf cmd="tag" pos="NNP">American</wf>
<wf cmd="tag" pos="NN">life</wf>
<punc>?</punc>
</s>
</p>
<p pnum="40">
<s snum="84">
<wf cmd="ignore" pos="WRB">How</wf>
<wf cmd="ignore" pos="MD">can</wf>
<wf cmd="ignore" pos="PRP">we</wf>
<wf cmd="tag" pos="JJ">old-fashioned</wf>
<wf cmd="tag" pos="NNS">parents</wf>
<punc>,</punc>
<wf cmd="ignore" pos="WP">who</wf>
<wf cmd="tag" pos="RB">still</wf>
<wf cmd="done" pos="VB" lemma="feel" wnsn="2" lexsn="2:31:00::">feel</wf>
<wf cmd="ignore" pos="IN">that</wf>
<wf cmd="tag" pos="NNS">adults</wf>
<wf cmd="done" pos="VB" lemma="be" wnsn="1" lexsn="2:42:03::">are</wf>
<wf cmd="tag" pos="JJ">due</wf>
<wf cmd="ignore" pos="DT">some</wf>
<wf cmd="tag" pos="NN">respect</wf>
<wf cmd="ignore" pos="IN">from</wf>
<wf cmd="tag" pos="NNS">children</wf>
<punc>,</punc>
<wf cmd="done" pos="VB" lemma="battle" wnsn="1" lexsn="2:33:00::">battle</wf>
<wf cmd="ignore" pos="DT">the</wf>
<wf cmd="tag" pos="JJ">new</wf>
<wf cmd="tag" pos="NN">type</wf>
<wf cmd="ignore" pos="IN">of</wf>
<wf cmd="tag" pos="NN">advertising</wf>
<wf cmd="ignore" pos="WDT">that</wf>
<wf cmd="done" pos="VB" lemma="appear" wnsn="2" lexsn="2:30:00::">appears</wf>
<wf cmd="ignore" pos="IN">on</wf>
<wf cmd="tag" pos="NN">TV</wf>
<wf cmd="ignore" pos="IN">without</wf>
<wf cmd="done" pos="VB" lemma="deny" wnsn="3" lexsn="2:40:01::">denying</wf>
<wf cmd="ignore" pos="DT">the</wf>
<wf cmd="tag" pos="NNS">children</wf>
<wf cmd="ignore" pos="DT">the</wf>
<wf cmd="tag" pos="NN">use</wf>
<wf cmd="ignore" pos="IN">of</wf>
<wf cmd="tag" pos="NN">television</wf>
<wf cmd="tag" pos="RB">entirely</wf>
<punc>?</punc>
</s>
<s snum="85">
<wf cmd="tag" pos="NNP">Writers</wf>
<wf cmd="ignore" pos="IN">of</wf>
<wf cmd="tag" pos="NNS">ads</wf>
<wf cmd="ignore" pos="MD">must</wf>
<wf cmd="done" pos="VB" lemma="get" wnsn="1" lexsn="2:40:00::">get</wf>
<wf cmd="ignore" pos="PRP$">their</wf>
<wf cmd="tag" pos="NN">inspiration</wf>
<wf cmd="ignore" pos="IN">from</wf>
<wf cmd="ignore" pos="DT">the</wf>
<wf cmd="tag" pos="NN">attitude</wf>
<wf cmd="ignore" pos="IN">of</wf>
<punc>``</punc>
<wf cmd="tag" pos="JJ">modern</wf>
<punc>''</punc>
<wf cmd="tag" pos="NNS">parents</wf>
<wf cmd="ignore" pos="PRP">they</wf>
<wf cmd="done" pos="VBP" ot="notag">have</wf>
<wf cmd="done" pos="VB" lemma="observe" wnsn="1" lexsn="2:39:02::">observed</wf>
<punc>.</punc>
</s>
<s snum="86">
<wf cmd="ignore" pos="IN">From</wf>
<wf cmd="tag" pos="NN">necessity</wf>
<punc>,</punc>
<wf cmd="ignore" pos="PRP">they</wf>
<wf cmd="done" pos="VBP" ot="notag">are</wf>
<wf cmd="tag" pos="RB">also</wf>
<wf cmd="done" pos="VB" lemma="inspire" wnsn="1" lexsn="2:37:00::">inspired</wf>
<wf cmd="ignore" pos="IN">by</wf>
<wf cmd="ignore" pos="DT">the</wf>
<punc>``</punc>
<wf cmd="tag" pos="JJ">hard-sell</wf>
<punc>''</punc>
<wf cmd="tag" pos="NN">attitude</wf>
<wf cmd="ignore" pos="IN">of</wf>
<wf cmd="ignore" pos="DT">the</wf>
<wf cmd="tag" pos="NN">sponsor</wf>
<punc>,</punc>
<wf cmd="tag" pos="RB">so</wf>
<punc>,</punc>
<wf cmd="tag" pos="RB">finally</wf>
<punc>,</punc>
<wf cmd="ignore" pos="PRP">it</wf>
<wf cmd="done" pos="VB" lemma="be" wnsn="1" lexsn="2:42:03::">is</wf>
<wf cmd="ignore" pos="DT">the</wf>
<wf cmd="tag" pos="NN">sponsor</wf>
<wf cmd="ignore" pos="WP">who</wf>
<wf cmd="ignore" pos="MD">must</wf>
<wf cmd="done" pos="VB" ot="notag">take</wf>
<wf cmd="ignore" pos="DT">the</wf>
<wf cmd="tag" pos="NN">responsibility</wf>
<wf cmd="ignore" pos="IN">for</wf>
<wf cmd="ignore" pos="DT">the</wf>
<wf cmd="tag" pos="JJ">good</wf>
<wf cmd="ignore" pos="CC">or</wf>
<wf cmd="tag" pos="JJ">bad</wf>
<wf cmd="tag" pos="NN">taste</wf>
<wf cmd="done" pos="VB" ot="notag">of</wf>
<wf cmd="ignore" pos="PRP$">his</wf>
<wf cmd="tag" pos="NN">advertising</wf>
<punc>.</punc>
</s>
</p>
<p pnum="41">
<s snum="87">
<wf cmd="ignore" pos="PRP">I</wf>
<wf cmd="done" pos="VB" lemma="commend" wnsn="1" lexsn="2:32:00::">commend</wf>
<wf cmd="tag" pos="NNP">Senator_Hart</wf>
<wf cmd="ignore" pos="IN">for</wf>
<wf cmd="ignore" pos="PRP$">his</wf>
<wf cmd="tag" pos="JJ">brave</wf>
<wf cmd="tag" pos="NN">fight</wf>
<wf cmd="ignore" pos="TO">to</wf>
<wf cmd="done" pos="VB" lemma="establish" wnsn="1" lexsn="2:41:00::">establish</wf>
<wf cmd="ignore" pos="DT">a</wf>
<wf cmd="tag" pos="NN">national_park</wf>
<wf cmd="ignore" pos="IN">in</wf>
<wf cmd="ignore" pos="DT">the</wf>
<wf cmd="tag" pos="NNS">dunes</wf>
<wf cmd="tag" pos="NN">area</wf>
<punc>.</punc>
</s>
</p>
</context>
</contextfile>
