<contextfile concordance="brown">
<context filename="br-c08" paras="yes">
<p pnum="1">
<s snum="1">
<wf cmd="done" pos="VB" lemma="have" wnsn="1" lexsn="2:40:00::">Had</wf>
<wf cmd="ignore" pos="DT">a</wf>
<wf cmd="tag" pos="JJ">funny</wf>
<wf cmd="tag" pos="NN">experience</wf>
<wf cmd="ignore" pos="IN">at</wf>
<wf cmd="tag" pos="NNP">Newport</wf>
<wf cmd="tag" pos="NN">yesterday</wf>
<wf cmd="tag" pos="NN">afternoon</wf>
<punc>.</punc>
</s>
<s snum="2">
<wf cmd="done" pos="VB" lemma="sit" wnsn="1" lexsn="2:35:00::">Sat</wf>
<wf cmd="tag" pos="RB">there</wf>
<wf cmd="ignore" pos="CC">and</wf>
<wf cmd="ignore" pos="IN">as</wf>
<wf cmd="ignore" pos="DT">a</wf>
<wf cmd="tag" pos="NN">woman</wf>
<wf cmd="done" pos="VB" lemma="sing" wnsn="2" lexsn="2:36:00::">sang</wf>
<punc>,</punc>
<wf cmd="ignore" pos="PRP">she</wf>
<wf cmd="done" pos="VB" lemma="keep" wnsn="2" lexsn="2:42:07::">kept</wf>
<wf cmd="done" pos="VB" lemma="get" wnsn="2" lexsn="2:30:00::">getting</wf>
<wf cmd="tag" pos="JJR">thinner</wf>
<wf cmd="ignore" pos="CC">and</wf>
<wf cmd="tag" pos="JJR">thinner</wf>
<punc>,</punc>
<wf cmd="tag" pos="NN">right</wf>
<wf cmd="ignore" pos="IN">before</wf>
<wf cmd="ignore" pos="PRP$">my</wf>
<wf cmd="tag" pos="NNS">eyes</wf>
<punc>,</punc>
<wf cmd="ignore" pos="CC">and</wf>
<wf cmd="ignore" pos="DT">the</wf>
<wf cmd="tag" pos="NNS">eyes</wf>
<wf cmd="ignore" pos="IN">of</wf>
<wf cmd="ignore" pos="DT">some</wf>
<wf cmd="tag" pos="CD">5500</wf>
<wf cmd="tag" pos="JJ">other</wf>
<wf cmd="tag" pos="NNS">people</wf>
<punc>.</punc>
</s>
</p>
<p pnum="2">
<s snum="3">
<wf cmd="ignore" pos="PRP">I</wf>
<wf cmd="done" pos="VB" lemma="make" wnsn="3" lexsn="2:36:00::">make</wf>
<wf cmd="ignore" pos="DT">this</wf>
<wf cmd="tag" pos="NN">observation</wf>
<wf cmd="ignore" pos="IN">about</wf>
<wf cmd="ignore" pos="DT">the</wf>
<wf cmd="tag" pos="NN">lady</wf>
<punc>,</punc>
<wf cmd="tag" pos="NNP">Miss_Judy_Garland</wf>
<punc>,</punc>
<wf cmd="ignore" pos="IN">because</wf>
<wf cmd="ignore" pos="PRP">she</wf>
<wf cmd="done" pos="VB" lemma="bring_up" wnsn="1" lexsn="2:36:00::">brought_up</wf>
<wf cmd="ignore" pos="DT">the</wf>
<wf cmd="tag" pos="NN">subject</wf>
<wf cmd="ignore" pos="PRP">herself</wf>
<wf cmd="ignore" pos="IN">in</wf>
<wf cmd="done" pos="VB" lemma="tell" wnsn="1" lexsn="2:32:04::">telling</wf>
<wf cmd="ignore" pos="DT">a</wf>
<wf cmd="tag" pos="NN">story</wf>
<wf cmd="ignore" pos="IN">about</wf>
<wf cmd="ignore" pos="DT">a</wf>
<wf cmd="tag" pos="JJ">British</wf>
<wf cmd="tag" pos="JJ">female</wf>
<wf cmd="tag" pos="NN">reporter</wf>
<wf cmd="ignore" pos="WP">who</wf>
<wf cmd="done" pos="VB" lemma="flatter" wnsn="1" lexsn="2:32:00::">flattered</wf>
<wf cmd="ignore" pos="PRP$">her</wf>
<wf cmd="tag" pos="RB">terribly</wf>
<wf cmd="ignore" pos="IN">in</wf>
<wf cmd="tag" pos="NNP">London</wf>
<wf cmd="tag" pos="RB">recently</wf>
<wf cmd="tag" pos="RB">and_then</wf>
<wf cmd="done" pos="VB" lemma="write" wnsn="1" lexsn="2:36:00::">wrote</wf>
<wf cmd="ignore" pos="IN">in</wf>
<wf cmd="ignore" pos="DT">the</wf>
<wf cmd="tag" pos="NN">paper</wf>
<wf cmd="ignore" pos="DT">the</wf>
<wf cmd="tag" pos="JJ">next</wf>
<wf cmd="tag" pos="NN">day</wf>
<punc>:</punc>
</s>
</p>
<p pnum="3">
<s snum="4">
<punc>``</punc>
<wf cmd="tag" pos="NNP">Judy_Garland</wf>
<wf cmd="done" pos="VBZ" ot="notag">has</wf>
<wf cmd="done" pos="VB" lemma="arrive" wnsn="1" lexsn="2:38:00::">arrived</wf>
<wf cmd="ignore" pos="IN">in</wf>
<wf cmd="tag" pos="NNP">London</wf>
<punc>.</punc>
</s>
<s snum="5">
<wf cmd="ignore" pos="PRP">She</wf>
<wf cmd="done" rdf="is" pos="VB" lemma="be" wnsn="1" lexsn="2:42:03::">'s</wf>
<wf cmd="tag" pos="RB">not</wf>
<wf cmd="tag" pos="JJ">chubby</wf>
<punc>.</punc>
</s>
<s snum="6">
<wf cmd="ignore" pos="PRP">She</wf>
<wf cmd="done" rdf="is" pos="VB" lemma="be" wnsn="1" lexsn="2:42:03::">'s</wf>
<wf cmd="tag" pos="RB">not</wf>
<wf cmd="tag" pos="JJ">plump</wf>
<punc>.</punc>
</s>
<s snum="7">
<wf cmd="ignore" pos="PRP">She</wf>
<wf cmd="done" rdf="is" pos="VB" lemma="be" wnsn="1" lexsn="2:42:03::">'s</wf>
<wf cmd="tag" pos="JJ">fat</wf>
<punc>''</punc>
<punc>.</punc>
</s>
</p>
<p pnum="4">
<s snum="8">
<wf cmd="ignore" pos="CC">But</wf>
<wf cmd="ignore" pos="WP">who</wf>
<wf cmd="done" pos="VB" lemma="care" wnsn="1" lexsn="2:37:02::">cares</wf>
<punc>,</punc>
<wf cmd="ignore" pos="WRB">when</wf>
<wf cmd="ignore" pos="DT">the</wf>
<wf cmd="tag" pos="NN">lady</wf>
<wf cmd="done" pos="VB" lemma="sing" wnsn="2" lexsn="2:36:00::">sings</wf>
<punc>?</punc>
</s>
<s snum="9">
<wf cmd="tag" pos="RB">Certainly</wf>
<wf cmd="tag" pos="RB">not</wf>
<wf cmd="ignore" pos="DT">the</wf>
<wf cmd="tag" pos="JJS">largest</wf>
<wf cmd="tag" pos="NN">afternoon</wf>
<wf cmd="tag" pos="NN">audience</wf>
<wf cmd="tag" pos="NNP">Newport</wf>
<wf cmd="done" pos="VBZ" ot="notag">has</wf>
<wf cmd="tag" pos="RB">ever</wf>
<wf cmd="done" pos="VB" lemma="have" wnsn="1" lexsn="2:40:00::">had</wf>
<wf cmd="ignore" pos="IN">at</wf>
<wf cmd="ignore" pos="DT">a</wf>
<wf cmd="tag" pos="NN">jazz</wf>
<wf cmd="tag" pos="NN">concert</wf>
<wf cmd="ignore" pos="CC">and</wf>
<wf cmd="tag" pos="RB">the_most</wf>
<wf cmd="tag" pos="JJ">attentive</wf>
<wf cmd="ignore" pos="CC">and</wf>
<wf cmd="tag" pos="JJ">quiet</wf>
<punc>.</punc>
</s>
<s snum="10">
<wf cmd="ignore" pos="PRP">They</wf>
<wf cmd="done" pos="VB" lemma="applaud" wnsn="1" lexsn="2:32:01::">applauded</wf>
<wf cmd="ignore" pos="DT">every</wf>
<wf cmd="tag" pos="NN">number</wf>
<punc>,</punc>
<wf cmd="tag" pos="RB">not_only</wf>
<wf cmd="ignore" pos="IN">at</wf>
<wf cmd="ignore" pos="PRP$">its</wf>
<wf cmd="tag" pos="NN">conclusion</wf>
<wf cmd="ignore" pos="CC">but</wf>
<wf cmd="tag" pos="RB">also</wf>
<wf cmd="ignore" pos="IN">at</wf>
<wf cmd="ignore" pos="DT">the</wf>
<wf cmd="tag" pos="JJ">first</wf>
<wf cmd="tag" pos="NN">statement</wf>
<wf cmd="ignore" pos="IN">of</wf>
<wf cmd="ignore" pos="DT">the</wf>
<wf cmd="tag" pos="NN">theme</wf>
<punc>-</punc>
<wf cmd="tag" pos="RB">sometimes</wf>
<wf cmd="ignore" pos="IN">at</wf>
<wf cmd="ignore" pos="DT">the</wf>
<wf cmd="tag" pos="JJ">first</wf>
<wf cmd="tag" pos="NN">chord</wf>
<punc>.</punc>
</s>
</p>
<p pnum="5">
<s snum="11">
<wf cmd="ignore" pos="CC">And</wf>
<wf cmd="tag" pos="NNP">Judy</wf>
<wf cmd="done" pos="VB" lemma="sing" wnsn="1" lexsn="2:36:01::">sang</wf>
<wf cmd="ignore" pos="DT">the</wf>
<wf cmd="tag" pos="JJ">lovely</wf>
<wf cmd="tag" pos="JJ">old</wf>
<wf cmd="tag" pos="JJ">familiar</wf>
<wf cmd="tag" pos="NNS">things</wf>
<wf cmd="ignore" pos="WDT">which</wf>
<wf cmd="done" pos="VB" lemma="seem" wnsn="2" lexsn="2:39:01::">seemed</wf>
<punc>,</punc>
<wf cmd="tag" pos="RB">at_times</wf>
<punc>,</punc>
<wf cmd="ignore" pos="DT">a</wf>
<wf cmd="tag" pos="JJ">blessed</wf>
<wf cmd="tag" pos="NN">relief</wf>
<wf cmd="ignore" pos="IN">from</wf>
<wf cmd="ignore" pos="DT">the</wf>
<wf cmd="tag" pos="JJ">way-out</wf>
<wf cmd="tag" pos="NNS">compositions</wf>
<wf cmd="ignore" pos="IN">of</wf>
<wf cmd="ignore" pos="DT">the</wf>
<wf cmd="tag" pos="JJ">progressive</wf>
<wf cmd="tag" pos="NNS">jazzmen</wf>
<wf cmd="ignore" pos="WP">who</wf>
<wf cmd="done" pos="VBP" ot="notag">have</wf>
<wf cmd="done" pos="VB" lemma="dominate" wnsn="1" lexsn="2:42:00::">dominated</wf>
<wf cmd="ignore" pos="DT">these</wf>
<wf cmd="tag" pos="NNS">proceedings</wf>
<punc>.</punc>
</s>
<s snum="12">
<wf cmd="tag" pos="NNS">Things</wf>
<wf cmd="ignore" pos="IN">like</wf>
<punc>``</punc>
<wf cmd="done" pos="VB" pn="other" ot="notag">When_You're_Smiling</wf>
<punc>''</punc>
<punc>,</punc>
<punc>``</punc>
<wf cmd="tag" pos="JJ">Almost_Like_Being_In_Love</wf>
<punc>''</punc>
<punc>,</punc>
<punc>``</punc>
<wf cmd="tag" pos="RB">Do_It_Again</wf>
<punc>''</punc>
<punc>,</punc>
<punc>``</punc>
<wf cmd="tag" pos="NN">Born_to_Wander</wf>
<punc>''</punc>
<punc>,</punc>
<punc>``</punc>
<wf cmd="tag" pos="RB">Alone</wf>
<wf cmd="tag" pos="RB">Together</wf>
<punc>''</punc>
<punc>,</punc>
<punc>``</punc>
<wf cmd="done" pos="VB" pn="other" ot="notag">Who_Cares</wf>
<punc>?</punc>
<punc>''</punc>
</s>
<s snum="13">
<punc>,</punc>
<punc>``</punc>
<wf cmd="tag" pos="NNP">Puttin</wf>
<punc>'</punc>
<wf cmd="ignore" pos="IN">on</wf>
<wf cmd="ignore" pos="DT">the</wf>
<wf cmd="tag" pos="NNP">Ritz</wf>
<punc>''</punc>
<punc>,</punc>
<punc>``</punc>
<wf cmd="done" pos="VB" pn="other" ot="notag">How_Long_Has_This_Been_Going_On</wf>
<punc>?</punc>
<punc>''</punc>
<wf cmd="ignore" pos="CC">and</wf>
<wf cmd="ignore" pos="PRP$">her</wf>
<wf cmd="tag" pos="JJ">own</wf>
<wf cmd="tag" pos="JJ">personal</wf>
<wf cmd="tag" pos="NNS">songs</wf>
<wf cmd="ignore" pos="IN">like</wf>
<punc>``</punc>
<wf cmd="done" pos="VB" pn="other" ot="notag">The_Man_That_Got_Away</wf>
<punc>''</punc>
<punc>,</punc>
<wf cmd="ignore" pos="CC">and</wf>
<wf cmd="ignore" pos="DT">the</wf>
<wf cmd="tag" pos="JJ">inevitable</wf>
<punc>``</punc>
<wf cmd="ignore" pos="IN">Over</wf>
<wf cmd="ignore" pos="DT">the</wf>
<wf cmd="tag" pos="NNP">Rainbow</wf>
<punc>''</punc>
<punc>.</punc>
</s>
</p>
<p pnum="6">
<s snum="14">
<wf cmd="tag" pos="NNP">Miss_Garland</wf>
<wf cmd="done" pos="VB" lemma="be" wnsn="1" lexsn="2:42:03::">is</wf>
<wf cmd="tag" pos="RB">not_only</wf>
<wf cmd="tag" pos="CD">one</wf>
<wf cmd="ignore" pos="IN">of</wf>
<wf cmd="ignore" pos="DT">the</wf>
<wf cmd="tag" pos="JJ">great</wf>
<wf cmd="tag" pos="NNS">singers</wf>
<wf cmd="ignore" pos="IN">of</wf>
<wf cmd="ignore" pos="PRP$">our</wf>
<wf cmd="tag" pos="NN">time</wf>
<wf cmd="ignore" pos="CC">but</wf>
<wf cmd="ignore" pos="PRP">she</wf>
<wf cmd="done" pos="VB" lemma="be" wnsn="1" lexsn="2:42:03::">is</wf>
<wf cmd="tag" pos="CD">one</wf>
<wf cmd="ignore" pos="IN">of</wf>
<wf cmd="ignore" pos="DT">the</wf>
<wf cmd="tag" pos="JJ">superb</wf>
<wf cmd="tag" pos="NNS">showmen</wf>
<punc>.</punc>
</s>
<s snum="15">
<wf cmd="tag" pos="RB">At_the_start</wf>
<wf cmd="ignore" pos="IN">of</wf>
<wf cmd="ignore" pos="PRP$">her</wf>
<wf cmd="tag" pos="NN">program</wf>
<wf cmd="ignore" pos="EX">there</wf>
<wf cmd="done" pos="VB" lemma="be" wnsn="4" lexsn="2:42:00::">were</wf>
<wf cmd="tag" pos="NNS">evidences</wf>
<wf cmd="ignore" pos="IN">of</wf>
<wf cmd="tag" pos="JJ">pique</wf>
<punc>.</punc>
</s>
<s snum="16">
<wf cmd="ignore" pos="PRP">She</wf>
<wf cmd="done" pos="VBD" ot="notag">had</wf>
<wf cmd="done" pos="VB" lemma="hold" wnsn="21" lexsn="2:32:13::">held</wf>
<wf cmd="done" pos="VB" ot="notag">to</wf>
<wf cmd="ignore" pos="DT">the</wf>
<wf cmd="tag" pos="NN">letter</wf>
<wf cmd="ignore" pos="IN">of</wf>
<wf cmd="ignore" pos="PRP$">her</wf>
<wf cmd="tag" pos="NN">contract</wf>
<wf cmd="ignore" pos="CC">and</wf>
<wf cmd="done" pos="VBD" ot="notag">did</wf>
<wf cmd="tag" pos="RB">n't</wf>
<wf cmd="done" pos="VB" lemma="come" wnsn="6" lexsn="2:30:02::">come</wf>
<wf cmd="ignore" pos="IN">onto</wf>
<wf cmd="ignore" pos="DT">the</wf>
<wf cmd="tag" pos="NN">stage</wf>
<wf cmd="ignore" pos="IN">until</wf>
<wf cmd="tag" pos="RB">well</wf>
<wf cmd="ignore" pos="IN">after</wf>
<wf cmd="tag" pos="CD">4</wf>
<wf cmd="tag" pos="NN">p.</wf>
<wf cmd="tag" pos="NNP">m.</wf>
<punc>,</punc>
<wf cmd="ignore" pos="DT">the</wf>
<wf cmd="tag" pos="JJ">appointed</wf>
<wf cmd="tag" pos="NN">hour</wf>
<punc>,</punc>
<wf cmd="ignore" pos="IN">although</wf>
<wf cmd="ignore" pos="DT">the</wf>
<wf cmd="tag" pos="NNP">Music</wf>
<wf cmd="ignore" pos="IN">at</wf>
<wf cmd="tag" pos="NNP">Newport</wf>
<wf cmd="tag" pos="NNS">people</wf>
<wf cmd="done" pos="VBD" ot="notag">had</wf>
<wf cmd="done" pos="VB" lemma="try" wnsn="1" lexsn="2:41:00::">tried</wf>
<wf cmd="ignore" pos="TO">to</wf>
<wf cmd="done" pos="VB" lemma="get" wnsn="3" lexsn="2:30:02::">get</wf>
<wf cmd="ignore" pos="DT">the</wf>
<wf cmd="tag" pos="NN">program</wf>
<wf cmd="tag" pos="RB">underway</wf>
<wf cmd="ignore" pos="IN">at</wf>
<wf cmd="tag" pos="CD">3</wf>
<punc>.</punc>
</s>
<s snum="17">
<wf cmd="tag" pos="RB">Then</wf>
<wf cmd="ignore" pos="EX">there</wf>
<wf cmd="done" pos="VB" lemma="be" wnsn="4" lexsn="2:42:00::">was</wf>
<wf cmd="ignore" pos="DT">a</wf>
<wf cmd="tag" pos="JJ">bad</wf>
<wf cmd="tag" pos="NN">delay</wf>
<wf cmd="ignore" pos="IN">in</wf>
<wf cmd="done" pos="VB" lemma="get" wnsn="3" lexsn="2:30:02::">getting</wf>
<wf cmd="tag" pos="NNP">Mort_Lindsey</wf>
<wf cmd="ignore" pos="POS">'s</wf>
<wf cmd="tag" pos="CD">30</wf>
<punc>-</punc>
<wf cmd="tag" pos="NN">piece</wf>
<wf cmd="tag" pos="NN">orchestra</wf>
<wf cmd="done" pos="VB" lemma="wedge" wnsn="1" lexsn="2:35:01::">wedged</wf>
<wf cmd="ignore" pos="IN">into</wf>
<wf cmd="ignore" pos="PRP$">its</wf>
<wf cmd="tag" pos="NNS">chairs</wf>
<punc>.</punc>
</s>
</p>
<p pnum="7">
<s snum="18">
<wf cmd="ignore" pos="IN">Along</wf>
<wf cmd="ignore" pos="IN">about</wf>
<wf cmd="tag" pos="CD">4</wf>
<punc>:</punc>
<wf cmd="tag" pos="CD">30</wf>
<punc>,</punc>
<wf cmd="tag" pos="RB">just</wf>
<wf cmd="ignore" pos="WRB">when</wf>
<wf cmd="ignore" pos="PRP">it</wf>
<wf cmd="done" pos="VBD" ot="notag">was</wf>
<wf cmd="done" pos="VB" lemma="get_to" wnsn="2" lexsn="2:30:00::">getting_to</wf>
<wf cmd="done" pos="VB" ot="notag">be</wf>
<wf cmd="tag" pos="RB">about</wf>
<wf cmd="tag" pos="NN">time</wf>
<wf cmd="ignore" pos="TO">to</wf>
<wf cmd="done" pos="VB" ot="metaphor">turn</wf>
<wf cmd="ignore" pos="DT">the</wf>
<wf cmd="tag" pos="NN">audience</wf>
<wf cmd="tag" pos="RB">over</wf>
<wf cmd="ignore" pos="CC">and</wf>
<wf cmd="tag" pos="NN">toast</wf>
<wf cmd="ignore" pos="PRP">them</wf>
<wf cmd="ignore" pos="IN">on</wf>
<wf cmd="ignore" pos="DT">the</wf>
<wf cmd="tag" pos="JJ">other</wf>
<wf cmd="tag" pos="NN">side</wf>
<punc>,</punc>
<wf cmd="tag" pos="NNP">Judy</wf>
<wf cmd="done" pos="VB" lemma="come_on" wnsn="1" lexsn="2:30:01::">came_on</wf>
<wf cmd="done" pos="VB" lemma="sing" wnsn="2" lexsn="2:36:00::">singing</wf>
<punc>,</punc>
<wf cmd="ignore" pos="IN">in</wf>
<wf cmd="ignore" pos="DT">a</wf>
<wf cmd="tag" pos="JJ">short-skirted</wf>
<wf cmd="tag" pos="JJ">blue</wf>
<wf cmd="tag" pos="NN">dress</wf>
<wf cmd="ignore" pos="IN">with</wf>
<wf cmd="ignore" pos="DT">a</wf>
<wf cmd="tag" pos="JJ">blue</wf>
<wf cmd="ignore" pos="CC">and</wf>
<wf cmd="tag" pos="JJ">white</wf>
<wf cmd="tag" pos="NN">jacket</wf>
<wf cmd="ignore" pos="WDT">that</wf>
<wf cmd="done" pos="VB" lemma="flap" wnsn="1" lexsn="2:38:01::">flapped</wf>
<wf cmd="ignore" pos="IN">in</wf>
<wf cmd="ignore" pos="DT">the</wf>
<wf cmd="tag" pos="NN">wind</wf>
<punc>.</punc>
</s>
<s snum="19">
<wf cmd="ignore" pos="PRP$">Her</wf>
<wf cmd="tag" pos="JJ">bouffant</wf>
<wf cmd="tag" pos="NN">coiffure</wf>
<wf cmd="done" pos="VBD" ot="notag">was</wf>
<wf cmd="tag" pos="RB">fortunately</wf>
<wf cmd="tag" pos="JJ">combed</wf>
<wf cmd="tag" pos="RB">on_the_left</wf>
<wf cmd="ignore" pos="WDT">which</wf>
<wf cmd="done" pos="VB" lemma="happen" wnsn="3" lexsn="2:41:00::">happened</wf>
<wf cmd="done" pos="VB" ot="notag">to</wf>
<wf cmd="done" pos="VB" lemma="be" wnsn="1" lexsn="2:42:03::">be</wf>
<wf cmd="ignore" pos="DT">the</wf>
<wf cmd="tag" pos="NN">direction</wf>
<wf cmd="ignore" pos="IN">from</wf>
<wf cmd="ignore" pos="WDT">which</wf>
<wf cmd="ignore" pos="DT">a</wf>
<wf cmd="tag" pos="JJ">brisk</wf>
<wf cmd="tag" pos="NN">breeze</wf>
<wf cmd="done" pos="VB" ot="notag">was</wf>
<wf cmd="done" pos="VB" lemma="blow" wnsn="2" lexsn="2:43:00::">blowing</wf>
<punc>.</punc>
</s>
</p>
<p pnum="8">
<s snum="20">
<wf cmd="ignore" pos="IN">In</wf>
<wf cmd="ignore" pos="PRP$">her</wf>
<wf cmd="tag" pos="JJ">first</wf>
<wf cmd="tag" pos="NN">song</wf>
<wf cmd="ignore" pos="PRP">she</wf>
<wf cmd="done" pos="VB" lemma="wave" wnsn="1" lexsn="2:32:00::">waved</wf>
<wf cmd="tag" pos="RB">away</wf>
<wf cmd="tag" pos="CD">one</wf>
<wf cmd="tag" pos="JJ">encroaching</wf>
<wf cmd="tag" pos="NN">photographer</wf>
<wf cmd="ignore" pos="WP">who</wf>
<wf cmd="done" pos="VB" lemma="dare" wnsn="1" lexsn="2:41:00::">dared</wf>
<wf cmd="done" pos="VB" lemma="approach" wnsn="1" lexsn="2:38:00::">approach</wf>
<wf cmd="ignore" pos="DT">the</wf>
<wf cmd="tag" pos="NN">throne</wf>
<wf cmd="tag" pos="JJ">unbidden</wf>
<wf cmd="ignore" pos="CC">and</wf>
<wf cmd="tag" pos="RB">thereafter</wf>
<wf cmd="ignore" pos="DT">the</wf>
<wf cmd="tag" pos="NNS">boys</wf>
<wf cmd="ignore" pos="IN">with</wf>
<wf cmd="ignore" pos="DT">the</wf>
<wf cmd="tag" pos="NNS">cameras</wf>
<wf cmd="done" pos="VB" ot="notag">had_to</wf>
<wf cmd="done" pos="VB" lemma="unsheathe" wnsn="1" lexsn="2:35:00::">unsheathe</wf>
<wf cmd="ignore" pos="PRP$">their</wf>
<wf cmd="tag" pos="CD">300</wf>
<wf cmd="tag" pos="NN">mm.</wf>
<wf cmd="tag" pos="NNS">lenses</wf>
<wf cmd="ignore" pos="CC">and</wf>
<wf cmd="done" pos="VB" lemma="shoot" wnsn="9" lexsn="2:32:00::">shoot</wf>
<wf cmd="ignore" pos="IN">at</wf>
<wf cmd="tag" pos="JJ">extreme</wf>
<wf cmd="tag" pos="NN">range</wf>
<punc>.</punc>
</s>
</p>
<p pnum="9">
<s snum="21">
<wf cmd="ignore" pos="EX">There</wf>
<wf cmd="tag" pos="RB">also</wf>
<wf cmd="done" pos="VB" lemma="come" wnsn="3" lexsn="2:30:01::">came</wf>
<wf cmd="ignore" pos="DT">a</wf>
<wf cmd="tag" pos="JJ">brief</wf>
<wf cmd="tag" pos="NN">contretemps</wf>
<wf cmd="ignore" pos="IN">with</wf>
<wf cmd="ignore" pos="DT">the</wf>
<wf cmd="tag" pos="NN">sound</wf>
<wf cmd="tag" pos="NNS">mixers</wf>
<wf cmd="ignore" pos="WP">who</wf>
<wf cmd="done" pos="VB" lemma="make" wnsn="1" lexsn="2:41:00::">made</wf>
<wf cmd="ignore" pos="DT">the</wf>
<wf cmd="tag" pos="NN">mistake</wf>
<wf cmd="ignore" pos="IN">of</wf>
<wf cmd="done" pos="VBG" ot="notag">being</wf>
<wf cmd="done" pos="VB" lemma="overhear" wnsn="1" lexsn="2:39:00::">overheard</wf>
<wf cmd="ignore" pos="IN">during</wf>
<wf cmd="ignore" pos="DT">a</wf>
<wf cmd="tag" pos="JJ">quiet</wf>
<wf cmd="tag" pos="NN">moment</wf>
<wf cmd="ignore" pos="IN">near</wf>
<wf cmd="ignore" pos="DT">the</wf>
<wf cmd="tag" pos="NN">conclusion</wf>
<wf cmd="ignore" pos="IN">of</wf>
<punc>``</punc>
<wf cmd="tag" pos="RB">Do_It_Again</wf>
<punc>''</punc>
<punc>,</punc>
<wf cmd="ignore" pos="CC">and</wf>
<wf cmd="ignore" pos="PRP">she</wf>
<wf cmd="done" pos="VB" lemma="make" wnsn="1" lexsn="2:41:00::">made</wf>
<wf cmd="ignore" pos="DT">the</wf>
<wf cmd="tag" pos="JJ">tart</wf>
<wf cmd="tag" pos="NN">observation</wf>
<wf cmd="ignore" pos="IN">that</wf>
<punc>``</punc>
<wf cmd="ignore" pos="PRP">I</wf>
<wf cmd="tag" pos="RB">never</wf>
<wf cmd="done" pos="VB" lemma="see" wnsn="3" lexsn="2:39:02::">saw</wf>
<wf cmd="tag" pos="RB">so_much</wf>
<wf cmd="done" pos="VB" lemma="move" wnsn="3" lexsn="2:38:00::">moving</wf>
<wf cmd="ignore" pos="IN">about</wf>
<wf cmd="ignore" pos="IN">in</wf>
<wf cmd="ignore" pos="DT">an</wf>
<wf cmd="tag" pos="NN">audience</wf>
<punc>''</punc>
<punc>.</punc>
</s>
</p>
<p pnum="10">
<s snum="22">
<wf cmd="ignore" pos="CC">But</wf>
<wf cmd="ignore" pos="PRP">it</wf>
<wf cmd="done" pos="VBD" ot="notag">did</wf>
<wf cmd="tag" pos="RB">n't</wf>
<wf cmd="done" pos="VB" lemma="take" wnsn="2" lexsn="2:40:06::">take</wf>
<wf cmd="tag" pos="NNP">Judy_Garland</wf>
<punc>,</punc>
<wf cmd="tag" pos="NN">showman</wf>
<punc>,</punc>
<wf cmd="tag" pos="JJ">long</wf>
<wf cmd="ignore" pos="TO">to</wf>
<wf cmd="done" pos="VB" lemma="realize" wnsn="1" lexsn="2:31:01::">realize</wf>
<wf cmd="ignore" pos="IN">that</wf>
<wf cmd="ignore" pos="DT">this</wf>
<wf cmd="tag" pos="RB">sort_of</wf>
<wf cmd="tag" pos="NN">thing</wf>
<wf cmd="done" pos="VB" lemma="be" wnsn="1" lexsn="2:42:03::">was</wf>
<wf cmd="tag" pos="NN">par</wf>
<wf cmd="ignore" pos="IN">for</wf>
<wf cmd="ignore" pos="DT">the</wf>
<wf cmd="tag" pos="NN">course</wf>
<wf cmd="ignore" pos="IN">at</wf>
<wf cmd="tag" pos="NNP">Newport</wf>
<wf cmd="ignore" pos="CC">and</wf>
<wf cmd="ignore" pos="IN">that</wf>
<wf cmd="ignore" pos="PRP">you</wf>
<wf cmd="done" pos="VB" ot="notag">have_to</wf>
<wf cmd="done" pos="VB" lemma="learn" wnsn="1" lexsn="2:31:00::">learn</wf>
<wf cmd="ignore" pos="TO">to</wf>
<wf cmd="done" pos="VB" lemma="live" wnsn="3" lexsn="2:42:04::">live</wf>
<wf cmd="tag" pos="RB">with_it</wf>
<punc>.</punc>
</s>
<s snum="23">
<wf cmd="ignore" pos="IN">Before</wf>
<wf cmd="ignore" pos="PRP$">her</wf>
<wf cmd="tag" pos="NN">chore</wf>
<wf cmd="done" pos="VBD" ot="notag">was</wf>
<wf cmd="done" pos="VB" lemma="finish" wnsn="1" lexsn="2:30:02::">finished</wf>
<wf cmd="ignore" pos="PRP">she</wf>
<wf cmd="done" pos="VBD" ot="notag">was</wf>
<wf cmd="done" pos="VB" lemma="rescue" wnsn="1" lexsn="2:41:00::">rescuing</wf>
<wf cmd="tag" pos="JJ">wind-blown</wf>
<wf cmd="tag" pos="NNS">sheets</wf>
<wf cmd="ignore" pos="IN">of</wf>
<wf cmd="tag" pos="NN">music</wf>
<punc>,</punc>
<wf cmd="done" pos="VB" lemma="trundle" wnsn="1" lexsn="2:38:00::">trundling</wf>
<wf cmd="tag" pos="NNS">microphones</wf>
<wf cmd="ignore" pos="IN">about</wf>
<wf cmd="ignore" pos="DT">the</wf>
<wf cmd="tag" pos="NN">stage</wf>
<punc>,</punc>
<wf cmd="done" pos="VB" lemma="help" wnsn="1" lexsn="2:41:00::">helping</wf>
<wf cmd="ignore" pos="TO">to</wf>
<wf cmd="done" pos="VB" lemma="move" wnsn="2" lexsn="2:38:01::">move</wf>
<wf cmd="ignore" pos="DT">the</wf>
<wf cmd="tag" pos="NN">piano</wf>
<wf cmd="ignore" pos="CC">and</wf>
<wf cmd="tag" pos="RB">otherwise</wf>
<wf cmd="done" pos="VB" lemma="join" wnsn="1" lexsn="2:41:00::">joining</wf>
<wf cmd="ignore" pos="IN">in</wf>
<wf cmd="ignore" pos="DT">the</wf>
<wf cmd="tag" pos="JJ">informal</wf>
<wf cmd="tag" pos="NN">atmosphere</wf>
<punc>.</punc>
</s>
</p>
<p pnum="11">
<s snum="24">
<wf cmd="ignore" pos="CC">And</wf>
<wf cmd="tag" pos="NN">time</wf>
<wf cmd="ignore" pos="IN">after</wf>
<wf cmd="tag" pos="NN">time</wf>
<wf cmd="ignore" pos="PRP">she</wf>
<wf cmd="tag" pos="RB">really</wf>
<wf cmd="done" pos="VB" lemma="belt_out" wnsn="1" lexsn="2:36:00::">belted_out</wf>
<wf cmd="ignore" pos="PRP$">her</wf>
<wf cmd="tag" pos="NNS">songs</wf>
<punc>.</punc>
</s>
<s snum="25">
<wf cmd="tag" pos="RB">Sometimes</wf>
<wf cmd="ignore" pos="PRP">they</wf>
<wf cmd="done" pos="VB" lemma="strike" wnsn="2" lexsn="2:37:00::">struck</wf>
<wf cmd="ignore" pos="PRP">me</wf>
<wf cmd="ignore" pos="IN">as</wf>
<wf cmd="tag" pos="RB">horribly</wf>
<wf cmd="tag" pos="JJ">over-arranged</wf>
<punc>-</punc>
<wf cmd="ignore" pos="WDT">which</wf>
<wf cmd="done" pos="VB" lemma="be" wnsn="1" lexsn="2:42:03::">was</wf>
<wf cmd="ignore" pos="DT">the</wf>
<wf cmd="tag" pos="NN">way</wf>
<wf cmd="ignore" pos="PRP">I</wf>
<wf cmd="done" pos="VB" lemma="feel" wnsn="1" lexsn="2:37:00::">felt</wf>
<wf cmd="ignore" pos="IN">about</wf>
<wf cmd="ignore" pos="PRP$">her</wf>
<punc>``</punc>
<wf cmd="tag" pos="NNP">Come_Rain_or_Come_Shine</wf>
<punc>''</punc>
<punc>-</punc>
<wf cmd="ignore" pos="CC">and</wf>
<wf cmd="tag" pos="RB">sometimes</wf>
<wf cmd="ignore" pos="PRP">they</wf>
<wf cmd="done" pos="VB" lemma="be" wnsn="1" lexsn="2:42:03::">were</wf>
<wf cmd="tag" pos="RB">just</wf>
<wf cmd="tag" pos="JJ">plain</wf>
<wf cmd="tag" pos="JJ">magnificent</wf>
<punc>,</punc>
<wf cmd="ignore" pos="IN">like</wf>
<wf cmd="ignore" pos="PRP$">her</wf>
<wf cmd="tag" pos="RB">shatteringly</wf>
<wf cmd="tag" pos="JJ">beautiful</wf>
<punc>``</punc>
<wf cmd="tag" pos="JJ">Beautiful</wf>
<wf cmd="tag" pos="NNP">Weather</wf>
<punc>''</punc>
<punc>.</punc>
</s>
</p>
<p pnum="12">
<s snum="26">
<wf cmd="ignore" pos="TO">To</wf>
<wf cmd="ignore" pos="PRP$">her</wf>
<wf cmd="tag" pos="JJ">partisan</wf>
<wf cmd="tag" pos="NN">audience</wf>
<punc>,</punc>
<wf cmd="tag" pos="JJ">such</wf>
<wf cmd="tag" pos="JJ">picayune</wf>
<wf cmd="tag" pos="NN">haggling</wf>
<wf cmd="ignore" pos="MD">would</wf>
<wf cmd="done" pos="VB" ot="notag">have</wf>
<wf cmd="done" pos="VB" lemma="seem" wnsn="1" lexsn="2:39:00::">seemed</wf>
<wf cmd="tag" pos="NN">nothing</wf>
<wf cmd="tag" pos="RB">more_than</wf>
<wf cmd="ignore" pos="DT">a</wf>
<wf cmd="tag" pos="NN">critic</wf>
<wf cmd="done" pos="VB" lemma="strive" wnsn="1" lexsn="2:41:00::">striving</wf>
<wf cmd="ignore" pos="TO">to</wf>
<wf cmd="done" pos="VB" lemma="hold" wnsn="1" lexsn="2:42:00::">hold</wf>
<wf cmd="ignore" pos="PRP$">his</wf>
<wf cmd="tag" pos="NN">franchise</wf>
<punc>;</punc>
<wf cmd="ignore" pos="PRP">they</wf>
<wf cmd="tag" pos="RB">just</wf>
<wf cmd="done" pos="VB" lemma="sit_back" wnsn="1" lexsn="2:29:00::">sat_back</wf>
<wf cmd="ignore" pos="IN">on</wf>
<wf cmd="ignore" pos="PRP$">their</wf>
<wf cmd="tag" pos="NNS">haunches</wf>
<wf cmd="ignore" pos="CC">and</wf>
<wf cmd="done" pos="VB" lemma="cry" wnsn="1" lexsn="2:32:01::">cried</wf>
<wf cmd="done" pos="VB" ot="notag">for</wf>
<wf cmd="tag" pos="JJR">more</wf>
<punc>,</punc>
<wf cmd="ignore" pos="IN">as</wf>
<wf cmd="ignore" pos="IN">though</wf>
<wf cmd="ignore" pos="PRP">they</wf>
<wf cmd="ignore" pos="MD">could</wf>
<wf cmd="tag" pos="RB">never</wf>
<wf cmd="done" pos="VB" lemma="get" wnsn="1" lexsn="2:40:00::">get</wf>
<wf cmd="tag" pos="RB">enough</wf>
<punc>.</punc>
</s>
</p>
<p pnum="13">
<s snum="27">
<wf cmd="ignore" pos="PRP">They</wf>
<wf cmd="done" pos="VBD" ot="notag">were</wf>
<wf cmd="done" pos="VB" lemma="reward" wnsn="1" lexsn="2:41:01::">rewarded</wf>
<wf cmd="ignore" pos="IN">with</wf>
<wf cmd="tag" pos="JJ">splendid</wf>
<punc>,</punc>
<wf cmd="tag" pos="JJ">exciting</wf>
<punc>,</punc>
<wf cmd="tag" pos="NN">singing</wf>
<punc>.</punc>
</s>
<s snum="28">
<wf cmd="ignore" pos="PRP$">Her</wf>
<punc>``</punc>
<wf cmd="tag" pos="NNP">Rockabye</wf>
<wf cmd="ignore" pos="PRP$">Your</wf>
<wf cmd="tag" pos="NNP">Baby</wf>
<punc>''</punc>
<wf cmd="done" pos="VB" lemma="be" wnsn="1" lexsn="2:42:03::">was</wf>
<wf cmd="tag" pos="JJ">as_good_as</wf>
<wf cmd="ignore" pos="PRP">it</wf>
<wf cmd="ignore" pos="MD">can</wf>
<wf cmd="done" pos="VB" ot="notag">be</wf>
<wf cmd="done" pos="VB" lemma="do" wnsn="2" lexsn="2:36:01::">done</wf>
<punc>,</punc>
<wf cmd="ignore" pos="CC">and</wf>
<wf cmd="ignore" pos="PRP$">her</wf>
<wf cmd="tag" pos="RB">really</wf>
<wf cmd="tag" pos="JJ">personal</wf>
<wf cmd="tag" pos="NNS">songs</wf>
<punc>,</punc>
<wf cmd="ignore" pos="IN">like</wf>
<punc>``</punc>
<wf cmd="done" pos="VB" pn="other" ot="notag">The_Man_That_Got_Away</wf>
<punc>''</punc>
<wf cmd="done" pos="VB" lemma="be" wnsn="1" lexsn="2:42:03::">were</wf>
<wf cmd="tag" pos="RB">deeply</wf>
<wf cmd="tag" pos="JJ">moving</wf>
<punc>.</punc>
</s>
</p>
<p pnum="14">
<s snum="29">
<wf cmd="ignore" pos="DT">The</wf>
<wf cmd="tag" pos="NN">audience</wf>
<wf cmd="ignore" pos="MD">would</wf>
<wf cmd="tag" pos="RB">n't</wf>
<wf cmd="done" pos="VB" lemma="let" wnsn="1" lexsn="2:41:00::">let</wf>
<wf cmd="ignore" pos="PRP$">her</wf>
<wf cmd="done" pos="VB" lemma="leave" wnsn="1" lexsn="2:38:01::">leave</wf>
<wf cmd="ignore" pos="IN">until</wf>
<wf cmd="ignore" pos="PRP">it</wf>
<wf cmd="done" pos="VBD" ot="notag">had</wf>
<wf cmd="done" pos="VB" lemma="hear" wnsn="1" lexsn="2:39:00::">heard</wf>
<punc>``</punc>
<wf cmd="ignore" pos="IN">Over</wf>
<wf cmd="ignore" pos="DT">The</wf>
<wf cmd="tag" pos="NNP">Rainbow</wf>
<punc>''</punc>
<punc>-</punc>
<wf cmd="ignore" pos="IN">although</wf>
<wf cmd="ignore" pos="DT">the</wf>
<wf cmd="tag" pos="NN">fellow</wf>
<wf cmd="ignore" pos="WDT">that</wf>
<wf cmd="done" pos="VB" lemma="keep" wnsn="2" lexsn="2:42:07::">kept</wf>
<wf cmd="done" pos="VB" lemma="cry" wnsn="1" lexsn="2:32:01::">crying</wf>
<wf cmd="done" pos="VB" ot="notag">for</wf>
<punc>``</punc>
<wf cmd="done" pos="NNP" pn="other" ot="notag">Get_Happy</wf>
<punc>''</punc>
<wf cmd="done" pos="VB" ot="notag">had_to</wf>
<wf cmd="done" pos="VB" lemma="go_home" wnsn="1" lexsn="2:38:00::">go_home</wf>
<wf cmd="tag" pos="JJ">unhappy</wf>
<punc>,</punc>
<wf cmd="ignore" pos="IN">about</wf>
<wf cmd="ignore" pos="IN">that</wf>
<wf cmd="tag" pos="NN">item</wf>
<wf cmd="tag" pos="RB">anyway</wf>
<punc>.</punc>
</s>
<s snum="30">
<wf cmd="ignore" pos="PRP">She</wf>
<wf cmd="done" pos="VB" lemma="be" wnsn="1" lexsn="2:42:03::">was</wf>
<wf cmd="tag" pos="JJ">generous</wf>
<wf cmd="ignore" pos="IN">with</wf>
<wf cmd="ignore" pos="PRP$">her</wf>
<wf cmd="tag" pos="NNS">encores</wf>
<wf cmd="ignore" pos="CC">and</wf>
<wf cmd="ignore" pos="DT">the</wf>
<wf cmd="tag" pos="NN">audience</wf>
<wf cmd="done" pos="VB" lemma="be" wnsn="1" lexsn="2:42:03::">was</wf>
<wf cmd="tag" pos="RB">equally</wf>
<wf cmd="tag" pos="RB">so</wf>
<wf cmd="ignore" pos="IN">with</wf>
<wf cmd="ignore" pos="PRP$">its</wf>
<wf cmd="tag" pos="NNS">cheers</wf>
<wf cmd="ignore" pos="CC">and</wf>
<wf cmd="tag" pos="NN">applause</wf>
<wf cmd="ignore" pos="CC">and</wf>
<wf cmd="tag" pos="NNS">flowers</wf>
<punc>.</punc>
</s>
</p>
<p pnum="15">
<s snum="31">
<wf cmd="ignore" pos="DT">All</wf>
<wf cmd="done" pos="VB" lemma="go_home" wnsn="1" lexsn="2:38:00::">went_home</wf>
<wf cmd="tag" pos="JJ">happy</wf>
<wf cmd="ignore" pos="IN">except</wf>
<wf cmd="ignore" pos="DT">the</wf>
<wf cmd="tag" pos="NNP">Newport</wf>
<wf cmd="tag" pos="NN">police</wf>
<punc>,</punc>
<wf cmd="ignore" pos="WP">who</wf>
<wf cmd="done" pos="VB" lemma="fear" wnsn="1" lexsn="2:37:03::">feared</wf>
<wf cmd="ignore" pos="IN">that</wf>
<wf cmd="ignore" pos="DT">the</wf>
<wf cmd="tag" pos="NN">throng</wf>
<wf cmd="done" pos="VB" lemma="depart" wnsn="1" lexsn="2:38:04::">departing</wf>
<wf cmd="ignore" pos="IN">at</wf>
<wf cmd="tag" pos="CD">6</wf>
<punc>:</punc>
<wf cmd="tag" pos="CD">35</wf>
<wf cmd="ignore" pos="MD">might</wf>
<wf cmd="done" pos="VB" lemma="meet" wnsn="1" lexsn="2:38:01::">meet</wf>
<wf cmd="tag" pos="RB">head-on</wf>
<wf cmd="ignore" pos="DT">the</wf>
<wf cmd="tag" pos="NN">night</wf>
<wf cmd="tag" pos="NN">crowd</wf>
<wf cmd="done" pos="VB" lemma="draw" wnsn="12" lexsn="2:38:02::">drawing</wf>
<wf cmd="tag" pos="RB">nigh</wf>
<punc>,</punc>
<wf cmd="ignore" pos="CC">and</wf>
<wf cmd="ignore" pos="DT">those</wf>
<wf cmd="tag" pos="JJ">deprived_of</wf>
<wf cmd="ignore" pos="PRP$">their</wf>
<wf cmd="tag" pos="NN">happy_hour</wf>
<wf cmd="ignore" pos="IN">at</wf>
<wf cmd="ignore" pos="DT">the</wf>
<wf cmd="tag" pos="NN">cocktail</wf>
<wf cmd="tag" pos="NN">bar</wf>
<punc>.</punc>
</s>
</p>
<p pnum="16">
<s snum="32">
<wf cmd="ignore" pos="IN">In</wf>
<wf cmd="tag" pos="NNP">Newport</wf>
<wf cmd="tag" pos="JJ">last</wf>
<wf cmd="tag" pos="NN">night</wf>
<wf cmd="ignore" pos="EX">there</wf>
<wf cmd="done" pos="VB" lemma="be" wnsn="4" lexsn="2:42:00::">were</wf>
<wf cmd="tag" pos="NNS">flashes</wf>
<wf cmd="ignore" pos="IN">of</wf>
<wf cmd="tag" pos="JJ">distant</wf>
<wf cmd="tag" pos="NN">lightning</wf>
<wf cmd="ignore" pos="IN">in</wf>
<wf cmd="ignore" pos="DT">the</wf>
<wf cmd="tag" pos="JJ">northern</wf>
<wf cmd="tag" pos="NNS">skies</wf>
<punc>.</punc>
</s>
<s snum="33">
<wf cmd="ignore" pos="DT">This</wf>
<wf cmd="done" pos="VB" lemma="be" wnsn="1" lexsn="2:42:03::">was</wf>
<wf cmd="tag" pos="RB">perhaps</wf>
<wf cmd="tag" pos="JJ">symbolic</wf>
<wf cmd="ignore" pos="IN">of</wf>
<wf cmd="ignore" pos="DT">the</wf>
<wf cmd="tag" pos="NN">jazz</wf>
<wf cmd="ignore" pos="IN">of</wf>
<wf cmd="ignore" pos="DT">the</wf>
<wf cmd="tag" pos="NN">evening</wf>
<punc>-</punc>
<wf cmd="tag" pos="NNS">flashes</wf>
<wf cmd="ignore" pos="IN">in</wf>
<wf cmd="ignore" pos="DT">the</wf>
<wf cmd="tag" pos="NN">distance</wf>
<punc>,</punc>
<wf cmd="ignore" pos="CC">but</wf>
<wf cmd="ignore" pos="DT">no</wf>
<wf cmd="tag" pos="NN">storm</wf>
<punc>.</punc>
</s>
</p>
<p pnum="17">
<s snum="34">
<wf cmd="tag" pos="RB">Several_times</wf>
<wf cmd="ignore" pos="PRP">it</wf>
<wf cmd="done" pos="VB" ot="notag">came_near</wf>
<wf cmd="done" pos="VB" lemma="break" wnsn="17" lexsn="2:30:05::">breaking</wf>
<punc>,</punc>
<wf cmd="ignore" pos="CC">and</wf>
<wf cmd="ignore" pos="EX">there</wf>
<wf cmd="done" pos="VB" lemma="be" wnsn="4" lexsn="2:42:00::">were</wf>
<wf cmd="tag" pos="RB">in_fact</wf>
<wf cmd="ignore" pos="DT">some</wf>
<wf cmd="tag" pos="JJ">lovely</wf>
<wf cmd="tag" pos="NNS">peals</wf>
<wf cmd="ignore" pos="IN">of</wf>
<wf cmd="tag" pos="NN">thunder</wf>
<wf cmd="ignore" pos="IN">from</wf>
<wf cmd="tag" pos="NNP">Jerry_Mulligan</wf>
<wf cmd="ignore" pos="POS">'s</wf>
<wf cmd="tag" pos="NN">big_band</wf>
<punc>,</punc>
<wf cmd="ignore" pos="WDT">which</wf>
<wf cmd="done" pos="VB" lemma="be" wnsn="1" lexsn="2:42:03::">is</wf>
<wf cmd="done" pos="VB" ot="notag">about</wf>
<wf cmd="ignore" pos="IN">as</wf>
<wf cmd="tag" pos="JJ">fine</wf>
<wf cmd="ignore" pos="DT">an</wf>
<wf cmd="tag" pos="NN">aggregation</wf>
<wf cmd="ignore" pos="IN">as</wf>
<wf cmd="done" pos="VBZ" ot="notag">has</wf>
<wf cmd="done" pos="VB" lemma="come_along" wnsn="1" lexsn="2:30:00::">come_along</wf>
<wf cmd="ignore" pos="IN">in</wf>
<wf cmd="ignore" pos="DT">the</wf>
<wf cmd="tag" pos="NN">jazz</wf>
<wf cmd="tag" pos="NN">business</wf>
<wf cmd="ignore" pos="IN">since</wf>
<wf cmd="tag" pos="NNP">John_Hammond</wf>
<wf cmd="done" pos="VB" lemma="find" wnsn="1" lexsn="2:40:02::">found</wf>
<wf cmd="tag" pos="NNP">Count_Basie</wf>
<wf cmd="done" pos="VB" lemma="work" wnsn="2" lexsn="2:41:00::">working</wf>
<wf cmd="ignore" pos="IN">in</wf>
<wf cmd="ignore" pos="DT">a</wf>
<wf cmd="tag" pos="NN">Kansas_City</wf>
<wf cmd="tag" pos="NN">trap</wf>
<punc>.</punc>
</s>
</p>
<p pnum="18">
<s snum="35">
<wf cmd="tag" pos="NNP">Mulligan</wf>
<wf cmd="ignore" pos="POS">'s</wf>
<wf cmd="tag" pos="NN">band</wf>
<wf cmd="done" pos="VBZ" ot="notag">has</wf>
<wf cmd="done" pos="VBN" ot="notag">been</wf>
<wf cmd="done" pos="VB" lemma="infect" wnsn="0" lexsn="2:31:00::">infected</wf>
<wf cmd="ignore" pos="IN">with</wf>
<wf cmd="ignore" pos="PRP$">his</wf>
<wf cmd="tag" pos="JJ">solid</wf>
<wf cmd="tag" pos="NN">sense</wf>
<wf cmd="ignore" pos="IN">of</wf>
<wf cmd="tag" pos="NN">swing</wf>
<punc>,</punc>
<wf cmd="ignore" pos="CC">and</wf>
<wf cmd="ignore" pos="WP">what</wf>
<wf cmd="ignore" pos="PRP">it</wf>
<wf cmd="done" pos="VB" lemma="do" wnsn="2" lexsn="2:36:01::">does</wf>
<wf cmd="done" pos="VB" lemma="seem" wnsn="2" lexsn="2:39:01::">seems</wf>
<wf cmd="tag" pos="RB">far</wf>
<wf cmd="tag" pos="RBR">more</wf>
<wf cmd="tag" pos="JJ">meaningful</wf>
<wf cmd="ignore" pos="IN">than</wf>
<wf cmd="tag" pos="JJ">most_of</wf>
<wf cmd="ignore" pos="DT">the</wf>
<wf cmd="tag" pos="NN">noise</wf>
<wf cmd="done" pos="VB" lemma="generate" wnsn="1" lexsn="2:36:00::">generated</wf>
<wf cmd="ignore" pos="IN">by</wf>
<wf cmd="ignore" pos="DT">the</wf>
<wf cmd="tag" pos="JJ">big</wf>
<wf cmd="tag" pos="NN">concert</wf>
<wf cmd="tag" pos="NNS">aggregations</wf>
<punc>.</punc>
</s>
</p>
<p pnum="19">
<s snum="36">
<wf cmd="ignore" pos="CC">But</wf>
<wf cmd="ignore" pos="WP">what</wf>
<wf cmd="done" pos="VB" lemma="be" wnsn="1" lexsn="2:42:03::">is</wf>
<wf cmd="tag" pos="RB">equally</wf>
<wf cmd="tag" pos="JJ">impressive</wf>
<wf cmd="done" pos="VB" lemma="be" wnsn="1" lexsn="2:42:03::">is</wf>
<wf cmd="ignore" pos="DT">the</wf>
<wf cmd="tag" pos="NN">delicacy</wf>
<wf cmd="ignore" pos="CC">and</wf>
<wf cmd="tag" pos="JJ">wonderful</wf>
<wf cmd="tag" pos="JJ">lyric</wf>
<wf cmd="tag" pos="NN">quality</wf>
<wf cmd="ignore" pos="IN">of</wf>
<wf cmd="ignore" pos="PDT">both</wf>
<wf cmd="ignore" pos="DT">the</wf>
<wf cmd="tag" pos="NN">band</wf>
<wf cmd="ignore" pos="CC">and</wf>
<wf cmd="tag" pos="NNP">Mulligan</wf>
<wf cmd="ignore" pos="POS">'s</wf>
<wf cmd="tag" pos="NN">baritone</wf>
<wf cmd="tag" pos="NN">sax</wf>
<wf cmd="ignore" pos="IN">in</wf>
<wf cmd="ignore" pos="DT">a</wf>
<wf cmd="tag" pos="JJ">fragile</wf>
<wf cmd="tag" pos="NN">ballad</wf>
<wf cmd="ignore" pos="IN">like</wf>
<wf cmd="tag" pos="NNP">Bob_Brookmeyer</wf>
<wf cmd="ignore" pos="POS">'s</wf>
<wf cmd="tag" pos="NN">arrangement</wf>
<wf cmd="ignore" pos="IN">of</wf>
<punc>``</punc>
<wf cmd="tag" pos="NNP">Django</wf>
<wf cmd="ignore" pos="POS">'s</wf>
<wf cmd="tag" pos="NNP">Castle</wf>
<punc>''</punc>
<punc>.</punc>
</s>
</p>
<p pnum="20">
<s snum="37">
<wf cmd="ignore" pos="IN">For</wf>
<wf cmd="tag" pos="JJ">subtle</wf>
<wf cmd="tag" pos="JJ">swinging</wf>
<wf cmd="tag" pos="NNS">rhythms</wf>
<punc>,</punc>
<wf cmd="ignore" pos="PRP">I</wf>
<wf cmd="ignore" pos="MD">could</wf>
<wf cmd="done" pos="VB" lemma="admire" wnsn="1" lexsn="2:37:00::">admire</wf>
<wf cmd="tag" pos="RB">intensely</wf>
<wf cmd="tag" pos="NNP">Mulligan</wf>
<wf cmd="ignore" pos="POS">'s</wf>
<wf cmd="tag" pos="NN">version</wf>
<wf cmd="ignore" pos="IN">of</wf>
<punc>``</punc>
<wf cmd="done" pos="VB" pn="other" ot="notag">Weep</wf>
<punc>''</punc>
<punc>,</punc>
<wf cmd="ignore" pos="CC">and</wf>
<wf cmd="ignore" pos="DT">the</wf>
<wf cmd="tag" pos="NNS">fireworks</wf>
<wf cmd="done" pos="VB" lemma="go" wnsn="2" lexsn="2:41:00::">went</wf>
<wf cmd="tag" pos="RB">on</wf>
<wf cmd="tag" pos="NN">display</wf>
<wf cmd="ignore" pos="IN">in</wf>
<punc>``</punc>
<wf cmd="tag" pos="CD">18</wf>
<wf cmd="tag" pos="NNPS">Carrots</wf>
<wf cmd="ignore" pos="IN">for</wf>
<wf cmd="tag" pos="NNP">Robert</wf>
<punc>''</punc>
<punc>,</punc>
<wf cmd="ignore" pos="DT">a</wf>
<wf cmd="tag" pos="NN">sax</wf>
<wf cmd="tag" pos="NN">tribute</wf>
<wf cmd="ignore" pos="TO">to</wf>
<wf cmd="tag" pos="NNP">Johnny_Hodges</wf>
<punc>.</punc>
</s>
</p>
<p pnum="21">
<s snum="38">
<wf cmd="ignore" pos="EX">There</wf>
<wf cmd="done" pos="VB" lemma="be" wnsn="4" lexsn="2:42:00::">was</wf>
<wf cmd="tag" pos="JJ">considerable</wf>
<wf cmd="tag" pos="NN">contrast</wf>
<wf cmd="ignore" pos="IN">between</wf>
<wf cmd="ignore" pos="DT">this</wf>
<wf cmd="tag" pos="NNP">Mulligan</wf>
<wf cmd="tag" pos="NN">performance</wf>
<wf cmd="ignore" pos="CC">and</wf>
<wf cmd="ignore" pos="IN">that</wf>
<wf cmd="ignore" pos="IN">of</wf>
<wf cmd="tag" pos="NNP">Art_Blakey</wf>
<wf cmd="ignore" pos="CC">and</wf>
<wf cmd="ignore" pos="DT">The</wf>
<wf cmd="tag" pos="NNP">Jazz</wf>
<wf cmd="tag" pos="NNPS">Messengers</wf>
<punc>,</punc>
<wf cmd="ignore" pos="WP">who</wf>
<wf cmd="done" pos="VB" lemma="be" wnsn="1" lexsn="2:42:03::">are</wf>
<wf cmd="tag" pos="JJ">able_to</wf>
<wf cmd="done" pos="VB" lemma="generate" wnsn="1" lexsn="2:36:00::">generate</wf>
<wf cmd="ignore" pos="DT">a</wf>
<wf cmd="tag" pos="JJ">tremendous</wf>
<wf cmd="tag" pos="NN">sound</wf>
<wf cmd="ignore" pos="IN">for</wf>
<wf cmd="tag" pos="JJ">such</wf>
<wf cmd="ignore" pos="DT">a</wf>
<wf cmd="tag" pos="JJ">small</wf>
<wf cmd="tag" pos="NN">group</wf>
<punc>.</punc>
</s>
<s snum="39">
<wf cmd="tag" pos="RB">Unfortunately</wf>
<punc>,</punc>
<wf cmd="tag" pos="NNP">Blakey</wf>
<wf cmd="done" pos="VBZ" ot="notag">does</wf>
<wf cmd="tag" pos="RB">n't</wf>
<wf cmd="done" pos="VB" lemma="choose" wnsn="2" lexsn="2:31:02::">choose</wf>
<wf cmd="ignore" pos="TO">to</wf>
<wf cmd="done" pos="VB" lemma="work" wnsn="2" lexsn="2:41:00::">work</wf>
<wf cmd="tag" pos="JJ">much</wf>
<wf cmd="ignore" pos="IN">of</wf>
<wf cmd="ignore" pos="DT">the</wf>
<wf cmd="tag" pos="NN">time</wf>
<wf cmd="tag" pos="RB">in_this</wf>
<wf cmd="tag" pos="NN">vein</wf>
<punc>.</punc>
</s>
<s snum="40">
<wf cmd="ignore" pos="PRP">He</wf>
<wf cmd="done" pos="VB" lemma="prefer" wnsn="1" lexsn="2:37:00::">prefers</wf>
<wf cmd="ignore" pos="TO">to</wf>
<wf cmd="done" pos="VB" lemma="have" wnsn="2" lexsn="2:42:00::">have</wf>
<wf cmd="ignore" pos="PRP$">his</wf>
<wf cmd="tag" pos="NN">soloist</wf>
<wf cmd="tag" pos="NN">performing</wf>
<wf cmd="ignore" pos="CC">and</wf>
<wf cmd="tag" pos="RB">thus</wf>
<wf cmd="ignore" pos="PRP">we</wf>
<wf cmd="done" pos="VB" lemma="get" wnsn="4" lexsn="2:30:03::">get</wf>
<wf cmd="tag" pos="RB">only</wf>
<wf cmd="tag" pos="JJ">brief</wf>
<wf cmd="tag" pos="NNS">glimpses</wf>
<wf cmd="tag" pos="RB">of_what</wf>
<wf cmd="ignore" pos="PRP$">his</wf>
<wf cmd="tag" pos="NN">ensemble</wf>
<wf cmd="tag" pos="NN">work</wf>
<wf cmd="done" pos="VB" lemma="be" wnsn="1" lexsn="2:42:03::">is</wf>
<wf cmd="ignore" pos="IN">like</wf>
<punc>.</punc>
</s>
</p>
<p pnum="22">
<s snum="41">
<wf cmd="ignore" pos="WP">What</wf>
<wf cmd="ignore" pos="PRP">we</wf>
<wf cmd="done" pos="VBD" ot="notag">did</wf>
<wf cmd="done" pos="VB" lemma="get" wnsn="1" lexsn="2:40:00::">get</wf>
<punc>,</punc>
<wf cmd="tag" pos="RB">however</wf>
<punc>,</punc>
<wf cmd="done" pos="VB" lemma="be" wnsn="1" lexsn="2:42:03::">was</wf>
<wf cmd="tag" pos="JJ">impressive</wf>
<punc>.</punc>
</s>
</p>
<p pnum="23">
<s snum="42">
<wf cmd="tag" pos="JJ">A_few</wf>
<wf cmd="tag" pos="NN">drops</wf>
<wf cmd="ignore" pos="IN">of</wf>
<wf cmd="tag" pos="NN">rain</wf>
<wf cmd="tag" pos="RB">just</wf>
<wf cmd="ignore" pos="IN">before</wf>
<wf cmd="tag" pos="NN">midnight</wf>
<punc>,</punc>
<wf cmd="ignore" pos="WRB">when</wf>
<wf cmd="tag" pos="NNP">Sarah_Vaughan</wf>
<wf cmd="done" pos="VB" lemma="be" wnsn="1" lexsn="2:42:03::">was</wf>
<wf cmd="tag" pos="RB">in_the_midst</wf>
<wf cmd="ignore" pos="IN">of</wf>
<wf cmd="ignore" pos="PRP$">her</wf>
<wf cmd="tag" pos="JJ">first</wf>
<wf cmd="tag" pos="NN">number</wf>
<punc>,</punc>
<wf cmd="done" pos="VB" lemma="scatter" wnsn="1" lexsn="2:38:01::">scattered</wf>
<wf cmd="ignore" pos="DT">the</wf>
<wf cmd="tag" pos="RBR">more</wf>
<wf cmd="tag" pos="JJ">timid</wf>
<wf cmd="tag" pos="NNS">members</wf>
<wf cmd="ignore" pos="IN">of</wf>
<wf cmd="ignore" pos="DT">the</wf>
<wf cmd="tag" pos="NN">audience</wf>
<wf cmd="tag" pos="NN">briefly</wf>
<punc>,</punc>
<wf cmd="ignore" pos="CC">but</wf>
<wf cmd="ignore" pos="IN">at</wf>
<wf cmd="ignore" pos="DT">this</wf>
<wf cmd="tag" pos="NN">hour</wf>
<wf cmd="ignore" pos="CC">and</wf>
<wf cmd="ignore" pos="IN">with</wf>
<wf cmd="tag" pos="NNP">Sarah</wf>
<wf cmd="ignore" pos="IN">on</wf>
<wf cmd="ignore" pos="DT">the</wf>
<wf cmd="tag" pos="NN">stand</wf>
<punc>,</punc>
<wf cmd="tag" pos="JJ">most_of</wf>
<wf cmd="ignore" pos="DT">the</wf>
<wf cmd="tag" pos="NNS">listeners</wf>
<wf cmd="done" pos="VBD" ot="notag">did</wf>
<wf cmd="tag" pos="RB">n't</wf>
<wf cmd="done" pos="VB" lemma="care" wnsn="1" lexsn="2:37:02::">care</wf>
<wf cmd="ignore" pos="IN">whether</wf>
<wf cmd="ignore" pos="PRP">they</wf>
<wf cmd="done" pos="VB" lemma="get" wnsn="2" lexsn="2:30:00::">got</wf>
<wf cmd="tag" pos="JJ">wet</wf>
<punc>.</punc>
</s>
</p>
<p pnum="24">
<s snum="43">
<wf cmd="tag" pos="NNP">Miss_Vaughan</wf>
<wf cmd="done" pos="VB" lemma="be" wnsn="1" lexsn="2:42:03::">was</wf>
<wf cmd="tag" pos="RB">back</wf>
<wf cmd="ignore" pos="IN">in</wf>
<wf cmd="tag" pos="JJ">top</wf>
<wf cmd="tag" pos="NN">form</wf>
<punc>,</punc>
<wf cmd="tag" pos="RB">somehow</wf>
<wf cmd="tag" pos="JJ">mellowed</wf>
<wf cmd="ignore" pos="CC">and</wf>
<wf cmd="tag" pos="JJ">improved</wf>
<wf cmd="ignore" pos="IN">with</wf>
<wf cmd="ignore" pos="DT">the</wf>
<wf cmd="tag" pos="NN">passage</wf>
<wf cmd="ignore" pos="IN">of</wf>
<wf cmd="tag" pos="NN">time</wf>
<punc>-</punc>
<wf cmd="ignore" pos="IN">like</wf>
<wf cmd="ignore" pos="DT">a</wf>
<wf cmd="tag" pos="JJ">fine</wf>
<wf cmd="tag" pos="NN">wine</wf>
<punc>.</punc>
</s>
<s snum="44">
<wf cmd="ignore" pos="IN">After</wf>
<wf cmd="ignore" pos="DT">the</wf>
<wf cmd="tag" pos="NN">spate</wf>
<wf cmd="ignore" pos="IN">of</wf>
<wf cmd="tag" pos="JJ">female</wf>
<wf cmd="tag" pos="NNS">vocalists</wf>
<wf cmd="ignore" pos="PRP">we</wf>
<wf cmd="done" pos="VBP" ot="notag">have</wf>
<wf cmd="done" pos="VBN" ot="notag">been</wf>
<wf cmd="done" pos="VB" lemma="have" wnsn="3" lexsn="2:39:06::">having</wf>
<punc>,</punc>
<wf cmd="tag" pos="JJ">all_of</wf>
<wf cmd="ignore" pos="WP">whom</wf>
<wf cmd="done" pos="VB" lemma="take" wnsn="13" lexsn="2:31:03::">took</wf>
<wf cmd="tag" pos="NNP">Sarah</wf>
<wf cmd="ignore" pos="IN">as</wf>
<wf cmd="ignore" pos="DT">a</wf>
<wf cmd="tag" pos="NN">point</wf>
<wf cmd="ignore" pos="IN">of</wf>
<wf cmd="tag" pos="NN">departure</wf>
<wf cmd="tag" pos="RB">and_then</wf>
<wf cmd="done" pos="VB" lemma="try" wnsn="1" lexsn="2:41:00::">tried</wf>
<wf cmd="ignore" pos="TO">to</wf>
<wf cmd="done" pos="VB" lemma="see" wnsn="9" lexsn="2:32:00::">see</wf>
<wf cmd="ignore" pos="WP">what</wf>
<wf cmd="ignore" pos="PRP">they</wf>
<wf cmd="ignore" pos="MD">could</wf>
<wf cmd="done" pos="VB" lemma="do" wnsn="2" lexsn="2:36:01::">do</wf>
<wf cmd="ignore" pos="WDT">that</wf>
<wf cmd="ignore" pos="MD">might</wf>
<wf cmd="done" pos="VB" ot="notag">make</wf>
<wf cmd="ignore" pos="PRP$">her</wf>
<wf cmd="done" pos="VB" lemma="seem" wnsn="1" lexsn="2:39:00::">seem</wf>
<wf cmd="tag" pos="JJ">old</wf>
<wf cmd="tag" pos="NN">hat</wf>
<punc>,</punc>
<wf cmd="ignore" pos="PRP">it</wf>
<wf cmd="done" pos="VB" lemma="seem" wnsn="1" lexsn="2:39:00::">seemed</wf>
<wf cmd="ignore" pos="IN">that</wf>
<wf cmd="ignore" pos="DT">all</wf>
<wf cmd="ignore" pos="IN">that</wf>
<wf cmd="done" pos="VBZ" ot="notag">has</wf>
<wf cmd="done" pos="VB" lemma="happen" wnsn="1" lexsn="2:30:00::">happened</wf>
<wf cmd="done" pos="VB" lemma="be" wnsn="1" lexsn="2:42:03::">is</wf>
<wf cmd="ignore" pos="TO">to</wf>
<wf cmd="done" pos="VB" lemma="make" wnsn="2" lexsn="2:30:00::">make</wf>
<wf cmd="ignore" pos="DT">the</wf>
<wf cmd="tag" pos="NN">real_thing</wf>
<wf cmd="done" pos="VB" lemma="seem" wnsn="2" lexsn="2:39:01::">seem</wf>
<wf cmd="tag" pos="RBR">better</wf>
<wf cmd="ignore" pos="IN">than</wf>
<wf cmd="tag" pos="RB">ever</wf>
<punc>.</punc>
</s>
</p>
<p pnum="25">
<s snum="45">
<wf cmd="ignore" pos="DT">The</wf>
<wf cmd="tag" pos="NN">evening</wf>
<wf cmd="tag" pos="NN">program</wf>
<wf cmd="done" pos="VBD" ot="notag">was</wf>
<wf cmd="done" pos="VB" lemma="open" wnsn="2" lexsn="2:41:00::">opened</wf>
<wf cmd="ignore" pos="IN">by</wf>
<wf cmd="ignore" pos="DT">the</wf>
<wf cmd="tag" pos="NNP">Jazz</wf>
<wf cmd="tag" pos="CD">Three</wf>
<punc>,</punc>
<wf cmd="ignore" pos="DT">a</wf>
<wf cmd="tag" pos="NNP">Newport</wf>
<wf cmd="tag" pos="NN">group</wf>
<wf cmd="done" pos="VB" lemma="consist_of" wnsn="0" lexsn="2:42:00::">consisting_of</wf>
<wf cmd="tag" pos="NNP">Steve_Budieshein</wf>
<wf cmd="ignore" pos="IN">on</wf>
<wf cmd="tag" pos="NN">bass</wf>
<punc>,</punc>
<wf cmd="tag" pos="NNP">Jack_Warner</wf>
<punc>,</punc>
<wf cmd="tag" pos="NNS">drums</wf>
<punc>,</punc>
<wf cmd="ignore" pos="CC">and</wf>
<wf cmd="tag" pos="NNP">Don_Cook</wf>
<punc>,</punc>
<wf cmd="tag" pos="NN">piano</wf>
<punc>.</punc>
</s>
<s snum="46">
<wf cmd="ignore" pos="DT">This</wf>
<wf cmd="done" pos="VB" lemma="be" wnsn="1" lexsn="2:42:03::">was</wf>
<wf cmd="ignore" pos="DT">a</wf>
<wf cmd="tag" pos="NN">continuation</wf>
<wf cmd="ignore" pos="IN">of</wf>
<wf cmd="ignore" pos="DT">a</wf>
<wf cmd="tag" pos="JJ">good</wf>
<wf cmd="tag" pos="NN">idea</wf>
<wf cmd="ignore" pos="WDT">which</wf>
<wf cmd="done" pos="VB" lemma="be" wnsn="1" lexsn="2:42:03::">was</wf>
<wf cmd="tag" pos="JJ">first</wf>
<wf cmd="done" pos="VB" lemma="try_out" wnsn="1" lexsn="2:41:00::">tried_out</wf>
<wf cmd="tag" pos="NNP">Saturday</wf>
<wf cmd="tag" pos="NN">night</wf>
<wf cmd="ignore" pos="WRB">when</wf>
<wf cmd="ignore" pos="DT">the</wf>
<wf cmd="tag" pos="NNP">Eddie_Stack</wf>
<wf cmd="tag" pos="NN">group</wf>
<punc>,</punc>
<wf cmd="tag" pos="RB">also</wf>
<wf cmd="tag" pos="JJ">local</wf>
<wf cmd="tag" pos="NN">talent</wf>
<punc>,</punc>
<wf cmd="done" pos="VB" lemma="go" wnsn="2" lexsn="2:41:00::">went</wf>
<wf cmd="tag" pos="RB">on</wf>
<wf cmd="tag" pos="JJ">first</wf>
<punc>.</punc>
</s>
</p>
<p pnum="26">
<s snum="47">
<wf cmd="done" pos="VB" lemma="put_on" wnsn="4" lexsn="2:36:01::">Putting_on</wf>
<wf cmd="tag" pos="JJ">local</wf>
<wf cmd="tag" pos="NNS">musicians</wf>
<wf cmd="tag" pos="RB">at_this_place</wf>
<wf cmd="ignore" pos="IN">in</wf>
<wf cmd="ignore" pos="DT">the</wf>
<wf cmd="tag" pos="NN">program</wf>
<wf cmd="done" pos="VB" lemma="serve" wnsn="1" lexsn="2:42:03::">serves</wf>
<wf cmd="ignore" pos="DT">a</wf>
<wf cmd="tag" pos="JJ">triple</wf>
<wf cmd="tag" pos="NN">purpose</wf>
<punc>:</punc>
<wf cmd="ignore" pos="PRP">it</wf>
<wf cmd="done" pos="VB" lemma="save" wnsn="1" lexsn="2:41:01::">saves</wf>
<wf cmd="ignore" pos="DT">the</wf>
<wf cmd="tag" pos="JJ">top</wf>
<wf cmd="tag" pos="NN">flight</wf>
<wf cmd="tag" pos="NN">jazz</wf>
<wf cmd="tag" pos="NNS">men</wf>
<wf cmd="ignore" pos="IN">from</wf>
<wf cmd="done" pos="VBG" ot="notag">being</wf>
<wf cmd="done" pos="VB" lemma="waste" wnsn="1" lexsn="2:40:00::">wasted</wf>
<wf cmd="tag" pos="RB">in_this</wf>
<wf cmd="tag" pos="JJ">unenviable</wf>
<wf cmd="tag" pos="NN">spot</wf>
<punc>,</punc>
<wf cmd="ignore" pos="WRB">when</wf>
<wf cmd="ignore" pos="DT">the</wf>
<wf cmd="tag" pos="NN">audience</wf>
<wf cmd="done" pos="VB" lemma="be" wnsn="1" lexsn="2:42:03::">is</wf>
<wf cmd="tag" pos="JJ">cold</wf>
<punc>,</punc>
<wf cmd="tag" pos="JJ">restless</wf>
<punc>,</punc>
<wf cmd="ignore" pos="CC">and</wf>
<wf cmd="ignore" pos="IN">in</wf>
<wf cmd="tag" pos="NN">flux</wf>
<punc>;</punc>
<wf cmd="ignore" pos="PRP">it</wf>
<wf cmd="done" pos="VB" lemma="prevent" wnsn="2" lexsn="2:41:00::">prevents</wf>
<wf cmd="tag" pos="NNS">late-comers</wf>
<wf cmd="ignore" pos="IN">from</wf>
<wf cmd="done" pos="VB" lemma="miss" wnsn="3" lexsn="2:42:01::">missing</wf>
<wf cmd="ignore" pos="DT">some</wf>
<wf cmd="ignore" pos="IN">of</wf>
<wf cmd="ignore" pos="DT">the</wf>
<wf cmd="tag" pos="NNS">people</wf>
<wf cmd="ignore" pos="PRP">they</wf>
<wf cmd="done" pos="VBP" ot="notag">have</wf>
<wf cmd="done" pos="VB" lemma="come" wnsn="2" lexsn="2:38:04::">come</wf>
<wf cmd="ignore" pos="DT">a</wf>
<wf cmd="tag" pos="JJ">long</wf>
<wf cmd="tag" pos="NN">way</wf>
<wf cmd="ignore" pos="TO">to</wf>
<wf cmd="done" pos="VB" lemma="hear" wnsn="1" lexsn="2:39:00::">hear</wf>
<punc>,</punc>
<wf cmd="ignore" pos="CC">and</wf>
<wf cmd="ignore" pos="PRP">it</wf>
<wf cmd="done" pos="VB" lemma="give" wnsn="2" lexsn="2:40:05::">gives</wf>
<wf cmd="ignore" pos="DT">the</wf>
<wf cmd="tag" pos="NN">resident</wf>
<wf cmd="tag" pos="NNS">musicians</wf>
<wf cmd="ignore" pos="DT">a</wf>
<wf cmd="tag" pos="NN">chance</wf>
<wf cmd="ignore" pos="TO">to</wf>
<wf cmd="done" pos="VB" lemma="perform" wnsn="3" lexsn="2:36:01::">perform</wf>
<wf cmd="ignore" pos="IN">before</wf>
<wf cmd="ignore" pos="DT">the</wf>
<wf cmd="tag" pos="JJ">famous</wf>
<wf cmd="tag" pos="NNP">Newport</wf>
<wf cmd="tag" pos="NN">audience</wf>
<punc>.</punc>
</s>
</p>
<p pnum="27">
<s snum="48">
<wf cmd="ignore" pos="DT">The</wf>
<wf cmd="tag" pos="NNP">Jazz</wf>
<wf cmd="tag" pos="CD">Three</wf>
<wf cmd="done" pos="VB" lemma="display" wnsn="1" lexsn="2:39:00::">displayed</wf>
<wf cmd="ignore" pos="PRP$">their</wf>
<wf cmd="tag" pos="NN">sound</wf>
<wf cmd="tag" pos="NN">musicianship</wf>
<punc>,</punc>
<wf cmd="tag" pos="RB">not_only</wf>
<wf cmd="ignore" pos="IN">in</wf>
<wf cmd="ignore" pos="PRP$">their</wf>
<wf cmd="tag" pos="JJ">own</wf>
<wf cmd="tag" pos="JJ">chosen</wf>
<wf cmd="tag" pos="NN">set</wf>
<punc>,</punc>
<wf cmd="ignore" pos="CC">but</wf>
<wf cmd="ignore" pos="IN">as</wf>
<wf cmd="ignore" pos="DT">the</wf>
<wf cmd="tag" pos="NN">emergency</wf>
<wf cmd="tag" pos="NNS">accompanists</wf>
<wf cmd="ignore" pos="IN">for</wf>
<wf cmd="tag" pos="NNP">Al_Minns</wf>
<punc>+</punc>
<wf cmd="tag" pos="NNP">Leon_James</wf>
<punc>,</punc>
<wf cmd="ignore" pos="DT">the</wf>
<wf cmd="tag" pos="JJ">superb</wf>
<wf cmd="tag" pos="NN">jazz</wf>
<wf cmd="tag" pos="NNS">dancers</wf>
<wf cmd="ignore" pos="WP">who</wf>
<wf cmd="done" pos="VBP" ot="notag">have</wf>
<wf cmd="tag" pos="RB">now</wf>
<wf cmd="done" pos="VB" lemma="be" wnsn="1" lexsn="2:42:03::">been</wf>
<wf cmd="tag" pos="NNP">Newport</wf>
<wf cmd="tag" pos="NNS">performers</wf>
<wf cmd="ignore" pos="IN">for</wf>
<wf cmd="tag" pos="CD">three</wf>
<wf cmd="tag" pos="JJ">successive</wf>
<wf cmd="tag" pos="NNS">years</wf>
<punc>,</punc>
<wf cmd="tag" pos="RB">gradually</wf>
<wf cmd="done" pos="VB" lemma="move_up" wnsn="1" lexsn="2:38:01::">moving_up</wf>
<wf cmd="ignore" pos="IN">from</wf>
<wf cmd="ignore" pos="DT">a</wf>
<wf cmd="tag" pos="NN">morning</wf>
<wf cmd="tag" pos="NN">seminar</wf>
<wf cmd="ignore" pos="IN">on</wf>
<wf cmd="ignore" pos="DT">the</wf>
<wf cmd="tag" pos="NN">evolution</wf>
<wf cmd="ignore" pos="IN">of</wf>
<wf cmd="tag" pos="NN">the_blues</wf>
<wf cmd="ignore" pos="TO">to</wf>
<wf cmd="ignore" pos="DT">a</wf>
<wf cmd="tag" pos="NN">spot</wf>
<wf cmd="ignore" pos="IN">on</wf>
<wf cmd="ignore" pos="DT">the</wf>
<wf cmd="tag" pos="NN">evening</wf>
<wf cmd="tag" pos="NN">program</wf>
<punc>.</punc>
</s>
</p>
<p pnum="28">
<s snum="49">
<wf cmd="tag" pos="NNP">Julie_Wilson</wf>
<punc>,</punc>
<wf cmd="ignore" pos="DT">a</wf>
<wf cmd="tag" pos="JJ">vigorous</wf>
<wf cmd="tag" pos="NN">vocalist</wf>
<wf cmd="ignore" pos="IN">without</wf>
<wf cmd="tag" pos="JJ">many</wf>
<wf cmd="tag" pos="JJ">wild</wf>
<wf cmd="tag" pos="NNS">twists</wf>
<punc>,</punc>
<wf cmd="done" pos="VB" lemma="sing" wnsn="1" lexsn="2:36:01::">sang</wf>
<wf cmd="ignore" pos="DT">a</wf>
<wf cmd="tag" pos="JJ">set</wf>
<punc>,</punc>
<wf cmd="ignore" pos="DT">a</wf>
<wf cmd="tag" pos="JJ">large</wf>
<wf cmd="tag" pos="NN">part</wf>
<wf cmd="tag" pos="RB">of_which</wf>
<wf cmd="done" pos="VB" lemma="consist_of" wnsn="0" lexsn="2:42:00::">consisted_of</wf>
<wf cmd="tag" pos="JJ">such</wf>
<wf cmd="tag" pos="RB">seldom</wf>
<wf cmd="done" pos="VB" lemma="hear" wnsn="1" lexsn="2:39:00::">heard</wf>
<wf cmd="tag" pos="JJ">old</wf>
<wf cmd="tag" pos="NNS">oldies</wf>
<wf cmd="ignore" pos="IN">as</wf>
<punc>``</punc>
<wf cmd="tag" pos="NNP">Hard-Hearted_Hannah</wf>
<punc>,</punc>
<wf cmd="ignore" pos="DT">the</wf>
<wf cmd="tag" pos="NNP">Vamp</wf>
<wf cmd="ignore" pos="IN">of</wf>
<wf cmd="tag" pos="NNP">Savannah</wf>
<punc>''</punc>
<punc>,</punc>
<wf cmd="ignore" pos="CC">and</wf>
<wf cmd="ignore" pos="DT">the</wf>
<wf cmd="tag" pos="JJ">delightful</wf>
<punc>``</punc>
<wf cmd="tag" pos="NNP">Sunday</wf>
<punc>''</punc>
<punc>.</punc>
</s>
<s snum="50">
<wf cmd="ignore" pos="PRP">She</wf>
<wf cmd="done" pos="VB" lemma="frost" wnsn="1" lexsn="2:35:00::">frosted</wf>
<wf cmd="ignore" pos="DT">the</wf>
<wf cmd="tag" pos="NN">cake</wf>
<wf cmd="ignore" pos="IN">with</wf>
<wf cmd="ignore" pos="DT">the</wf>
<wf cmd="tag" pos="RB">always</wf>
<wf cmd="tag" pos="JJ">reliable</wf>
<punc>``</punc>
<wf cmd="tag" pos="NNP">Bill_Bailey</wf>
<punc>''</punc>
<punc>.</punc>
</s>
</p>
<p pnum="29">
<s snum="51">
<wf cmd="ignore" pos="IN">From</wf>
<wf cmd="ignore" pos="DT">this</wf>
<wf cmd="tag" pos="NN">taste</wf>
<wf cmd="done" pos="VB" ot="notag">of</wf>
<wf cmd="ignore" pos="DT">the</wf>
<wf cmd="tag" pos="CD">1920</wf>
<wf cmd="ignore" pos="PRP">s</wf>
<punc>,</punc>
<wf cmd="ignore" pos="PRP">we</wf>
<wf cmd="done" pos="VBD" ot="metaphor">leaped</wf>
<wf cmd="tag" pos="NN">way_out</wf>
<wf cmd="ignore" pos="TO">to</wf>
<wf cmd="tag" pos="NNP">Stan_Getz</wf>
<wf cmd="ignore" pos="POS">'s</wf>
<wf cmd="tag" pos="JJ">private</wf>
<wf cmd="tag" pos="NN">brand</wf>
<wf cmd="ignore" pos="IN">of</wf>
<wf cmd="tag" pos="JJ">progressive</wf>
<wf cmd="tag" pos="NN">jazz</wf>
<punc>,</punc>
<wf cmd="ignore" pos="WDT">which</wf>
<wf cmd="done" pos="VB" lemma="do" wnsn="1" lexsn="2:41:01::">did</wf>
<wf cmd="tag" pos="JJ">lovely</wf>
<punc>,</punc>
<wf cmd="tag" pos="JJ">subtle</wf>
<wf cmd="tag" pos="NNS">things</wf>
<wf cmd="ignore" pos="IN">for</wf>
<punc>``</punc>
<wf cmd="tag" pos="NNPS">Baubles</wf>
<punc>,</punc>
<wf cmd="tag" pos="NNPS">Bangles</wf>
<wf cmd="ignore" pos="CC">and</wf>
<wf cmd="tag" pos="NNPS">Beads</wf>
<punc>''</punc>
<punc>,</punc>
<wf cmd="ignore" pos="CC">and</wf>
<wf cmd="tag" pos="JJ">a_couple_of</wf>
<wf cmd="tag" pos="NNS">ballards</wf>
<punc>.</punc>
</s>
</p>
<p pnum="30">
<s snum="52">
<wf cmd="tag" pos="NNP">Getz</wf>
<wf cmd="done" pos="VB" lemma="be" wnsn="1" lexsn="2:42:03::">is</wf>
<wf cmd="ignore" pos="DT">a</wf>
<wf cmd="tag" pos="JJ">difficult</wf>
<wf cmd="tag" pos="NN">musician</wf>
<wf cmd="ignore" pos="TO">to</wf>
<wf cmd="done" pos="VB" lemma="categorize" wnsn="1" lexsn="2:31:00::">categorize</wf>
<punc>.</punc>
</s>
<s snum="53">
<wf cmd="ignore" pos="PRP">He</wf>
<wf cmd="done" pos="VB" lemma="play" wnsn="7" lexsn="2:36:01::">plays</wf>
<wf cmd="ignore" pos="PRP$">his</wf>
<wf cmd="tag" pos="NN">sax</wf>
<wf cmd="tag" pos="RB">principally</wf>
<wf cmd="ignore" pos="IN">for</wf>
<wf cmd="tag" pos="NN">beauty</wf>
<wf cmd="ignore" pos="IN">of</wf>
<wf cmd="tag" pos="NN">tone</wf>
<punc>,</punc>
<wf cmd="tag" pos="RB">rather_than</wf>
<wf cmd="ignore" pos="IN">for</wf>
<wf cmd="tag" pos="JJ">scintillating</wf>
<wf cmd="tag" pos="NNS">flights</wf>
<wf cmd="ignore" pos="IN">of</wf>
<wf cmd="tag" pos="JJ">meaningless</wf>
<wf cmd="tag" pos="NNS">improvisations</wf>
<punc>,</punc>
<wf cmd="ignore" pos="CC">and</wf>
<wf cmd="ignore" pos="PRP">he</wf>
<wf cmd="done" pos="VB" lemma="have" wnsn="1" lexsn="2:40:00::">has</wf>
<wf cmd="ignore" pos="DT">a</wf>
<wf cmd="tag" pos="JJ">quiet</wf>
<wf cmd="tag" pos="NN">way</wf>
<wf cmd="ignore" pos="IN">of</wf>
<wf cmd="done" pos="VB" lemma="get_back" wnsn="0" lexsn="2:38:00::">getting_back</wf>
<wf cmd="ignore" pos="CC">and</wf>
<wf cmd="done" pos="VB" lemma="restate" wnsn="1" lexsn="2:32:00::">restating</wf>
<wf cmd="ignore" pos="DT">the</wf>
<wf cmd="tag" pos="NN">melody</wf>
<wf cmd="ignore" pos="IN">after</wf>
<wf cmd="ignore" pos="DT">the</wf>
<wf cmd="tag" pos="NN">improvising</wf>
<wf cmd="done" pos="VB" lemma="be" wnsn="1" lexsn="2:42:03::">is</wf>
<wf cmd="tag" pos="RB">over</wf>
<punc>.</punc>
</s>
<s snum="54">
<wf cmd="tag" pos="RB">In_this</wf>
<wf cmd="ignore" pos="PRP">he</wf>
<wf cmd="done" pos="VBZ" ot="notag">is</wf>
<wf cmd="done" pos="VB" lemma="stick_with" wnsn="0" lexsn="2:42:00::">sticking_with</wf>
<wf cmd="tag" pos="NN">tradition</wf>
<punc>,</punc>
<wf cmd="tag" pos="RB">however</wf>
<wf cmd="tag" pos="RB">far</wf>
<wf cmd="tag" pos="JJ">removed</wf>
<wf cmd="tag" pos="RB">from_it</wf>
<wf cmd="ignore" pos="PRP">he</wf>
<wf cmd="ignore" pos="MD">may</wf>
<wf cmd="done" pos="VB" lemma="seem" wnsn="1" lexsn="2:39:00::">seem</wf>
<wf cmd="ignore" pos="TO">to</wf>
<wf cmd="done" pos="VB" lemma="be" wnsn="2" lexsn="2:42:06::">be</wf>
<punc>.</punc>
</s>
</p>
<p pnum="31">
<s snum="55">
<wf cmd="tag" pos="NNP">George_Shearing</wf>
<wf cmd="done" pos="VB" lemma="take_over" wnsn="1" lexsn="2:40:07::">took_over</wf>
<wf cmd="ignore" pos="IN">with</wf>
<wf cmd="ignore" pos="PRP$">his</wf>
<wf cmd="tag" pos="RB">well</wf>
<wf cmd="tag" pos="JJ">disciplined</wf>
<wf cmd="tag" pos="NN">group</wf>
<punc>,</punc>
<wf cmd="ignore" pos="DT">a</wf>
<wf cmd="tag" pos="NN">sextet</wf>
<wf cmd="done" pos="VB" lemma="consist_of" wnsn="0" lexsn="2:42:00::">consisting_of</wf>
<wf cmd="tag" pos="NNS">vibes</wf>
<punc>,</punc>
<wf cmd="tag" pos="NN">guitar</wf>
<punc>,</punc>
<wf cmd="tag" pos="NN">bass</wf>
<punc>,</punc>
<wf cmd="tag" pos="NNS">drums</wf>
<punc>,</punc>
<wf cmd="tag" pos="NNP">Shearing</wf>
<wf cmd="ignore" pos="POS">'s</wf>
<wf cmd="tag" pos="NN">piano</wf>
<wf cmd="ignore" pos="CC">and</wf>
<wf cmd="ignore" pos="DT">a</wf>
<wf cmd="tag" pos="NN">bongo</wf>
<wf cmd="tag" pos="NN">drummer</wf>
<punc>.</punc>
</s>
<s snum="56">
<wf cmd="ignore" pos="PRP">He</wf>
<wf cmd="done" pos="VB" lemma="meet" wnsn="11" lexsn="2:42:00::">met</wf>
<wf cmd="done" pos="VB" ot="notag">with</wf>
<wf cmd="tag" pos="JJ">enthusiastic</wf>
<wf cmd="tag" pos="NN">audience</wf>
<wf cmd="tag" pos="NN">approval</wf>
<punc>,</punc>
<wf cmd="tag" pos="RB">especially</wf>
<wf cmd="ignore" pos="WRB">when</wf>
<wf cmd="ignore" pos="PRP">he</wf>
<wf cmd="done" pos="VB" lemma="swing" wnsn="8" lexsn="2:30:08::">swung</wf>
<wf cmd="ignore" pos="IN">from</wf>
<wf cmd="tag" pos="NN">jazz</wf>
<wf cmd="ignore" pos="TO">to</wf>
<wf cmd="tag" pos="NN">Latin_American</wf>
<wf cmd="tag" pos="NNS">things</wf>
<wf cmd="ignore" pos="IN">like</wf>
<wf cmd="ignore" pos="DT">the</wf>
<wf cmd="tag" pos="NNP">Mambo</wf>
<punc>.</punc>
</s>
<s snum="57">
<wf cmd="tag" pos="NNP">Shearing</wf>
<punc>,</punc>
<wf cmd="ignore" pos="PRP">himself</wf>
<punc>,</punc>
<wf cmd="done" pos="VB" lemma="seem" wnsn="1" lexsn="2:39:00::">seemed</wf>
<wf cmd="ignore" pos="TO">to</wf>
<wf cmd="ignore" pos="PRP">me</wf>
<wf cmd="ignore" pos="TO">to</wf>
<wf cmd="done" pos="VB" ot="notag">be</wf>
<wf cmd="done" pos="VB" lemma="play" wnsn="7" lexsn="2:36:01::">playing</wf>
<wf cmd="tag" pos="JJR">better</wf>
<wf cmd="tag" pos="NN">piano</wf>
<wf cmd="ignore" pos="IN">than</wf>
<wf cmd="ignore" pos="IN">in</wf>
<wf cmd="ignore" pos="PRP$">his</wf>
<wf cmd="tag" pos="JJ">recent</wf>
<wf cmd="tag" pos="NNP">Newport</wf>
<wf cmd="tag" pos="NNS">appearances</wf>
<punc>.</punc>
</s>
</p>
<p pnum="32">
<s snum="58">
<wf cmd="ignore" pos="DT">A</wf>
<wf cmd="tag" pos="RB">very</wf>
<wf cmd="tag" pos="JJ">casual</wf>
<punc>,</punc>
<wf cmd="tag" pos="JJ">pleasant</wf>
<wf cmd="tag" pos="NN">program</wf>
<punc>-</punc>
<wf cmd="tag" pos="CD">one</wf>
<wf cmd="ignore" pos="IN">of</wf>
<wf cmd="ignore" pos="DT">those</wf>
<wf cmd="tag" pos="JJ">easy-going</wf>
<wf cmd="tag" pos="NNS">things</wf>
<wf cmd="ignore" pos="WDT">that</wf>
<wf cmd="done" pos="VB" lemma="make" wnsn="2" lexsn="2:30:00::">make</wf>
<wf cmd="tag" pos="NNP">Newport</wf>
<wf cmd="ignore" pos="POS">'s</wf>
<wf cmd="tag" pos="NN">afternoon</wf>
<wf cmd="tag" pos="NNS">programs</wf>
<wf cmd="tag" pos="JJ">such</wf>
<wf cmd="ignore" pos="DT">a</wf>
<wf cmd="tag" pos="JJ">relaxing</wf>
<wf cmd="tag" pos="NN">delight</wf>
<punc>-</punc>
<wf cmd="done" pos="VBD" ot="notag">was</wf>
<wf cmd="done" pos="VB" lemma="hold" wnsn="3" lexsn="2:36:00::">held</wf>
<wf cmd="tag" pos="RB">again</wf>
<wf cmd="ignore" pos="IN">under</wf>
<wf cmd="tag" pos="JJ">sunny</wf>
<wf cmd="tag" pos="NNS">skies</wf>
<punc>,</punc>
<wf cmd="tag" pos="JJ">hot</wf>
<wf cmd="tag" pos="NN">sun</wf>
<punc>,</punc>
<wf cmd="ignore" pos="CC">and</wf>
<wf cmd="ignore" pos="DT">a</wf>
<wf cmd="tag" pos="NN">fresh_breeze</wf>
<wf cmd="ignore" pos="IN">for</wf>
<wf cmd="ignore" pos="DT">an</wf>
<wf cmd="tag" pos="NN">audience</wf>
<wf cmd="ignore" pos="IN">of</wf>
<wf cmd="tag" pos="RB">at_least</wf>
<wf cmd="tag" pos="JJ">a_couple_of</wf>
<wf cmd="tag" pos="NNS">thousands</wf>
<wf cmd="ignore" pos="WP">who</wf>
<wf cmd="done" pos="VB" lemma="come" wnsn="1" lexsn="2:38:00::">came</wf>
<wf cmd="done" pos="VB" ot="notag">to</wf>
<wf cmd="tag" pos="NNP">Newport</wf>
<wf cmd="ignore" pos="TO">to</wf>
<wf cmd="done" pos="VB" lemma="hear" wnsn="1" lexsn="2:39:00::">hear</wf>
<wf cmd="tag" pos="NN">music</wf>
<wf cmd="tag" pos="RB">rather_than</wf>
<wf cmd="done" pos="VB" lemma="go" wnsn="1" lexsn="2:38:00::">go</wf>
<wf cmd="done" pos="VB" ot="notag">to</wf>
<wf cmd="ignore" pos="DT">the</wf>
<wf cmd="tag" pos="NN">beach</wf>
<punc>.</punc>
</s>
</p>
<p pnum="33">
<s snum="59">
<wf cmd="done" pos="VB" lemma="divide" wnsn="1" lexsn="2:41:00::">Divided</wf>
<wf cmd="tag" pos="RB">almost</wf>
<wf cmd="tag" pos="RB">equally</wf>
<wf cmd="ignore" pos="IN">into</wf>
<wf cmd="tag" pos="CD">two</wf>
<wf cmd="tag" pos="NNS">parts</wf>
<punc>,</punc>
<wf cmd="ignore" pos="PRP">it</wf>
<wf cmd="done" pos="VB" lemma="consist_of" wnsn="0" lexsn="2:42:00::">consisted_of</wf>
<punc>``</punc>
<wf cmd="ignore" pos="DT">The</wf>
<wf cmd="tag" pos="NNP">Evolution</wf>
<wf cmd="ignore" pos="IN">of</wf>
<wf cmd="tag" pos="NN">the_Blues</wf>
<punc>''</punc>
<punc>,</punc>
<wf cmd="done" pos="VB" lemma="narrate" wnsn="1" lexsn="2:32:01::">narrated</wf>
<wf cmd="ignore" pos="IN">by</wf>
<wf cmd="tag" pos="NNP">Jon_Hendricks</wf>
<punc>,</punc>
<wf cmd="ignore" pos="WP">who</wf>
<wf cmd="done" pos="VBD" ot="notag">had</wf>
<wf cmd="done" pos="VB" lemma="present" wnsn="1" lexsn="2:39:00::">presented</wf>
<wf cmd="ignore" pos="PRP">it</wf>
<wf cmd="tag" pos="JJ">last</wf>
<wf cmd="tag" pos="NN">year</wf>
<wf cmd="ignore" pos="IN">at</wf>
<wf cmd="ignore" pos="DT">the</wf>
<wf cmd="tag" pos="NNP">Monterey</wf>
<punc>,</punc>
<wf cmd="tag" pos="NNP">Calif.</wf>
<punc>,</punc>
<wf cmd="tag" pos="NN">Jazz_Festival</wf>
<punc>,</punc>
<wf cmd="ignore" pos="CC">and</wf>
<wf cmd="ignore" pos="DT">an</wf>
<wf cmd="tag" pos="JJ">hour-long</wf>
<wf cmd="tag" pos="NN">session</wf>
<wf cmd="ignore" pos="IN">of</wf>
<wf cmd="tag" pos="NNP">Maynard_Ferguson</wf>
<wf cmd="ignore" pos="CC">and</wf>
<wf cmd="ignore" pos="PRP$">his</wf>
<wf cmd="tag" pos="NN">orchestra</wf>
<punc>,</punc>
<wf cmd="ignore" pos="DT">a</wf>
<wf cmd="tag" pos="JJ">blasting</wf>
<wf cmd="tag" pos="NN">big_band</wf>
<punc>.</punc>
</s>
</p>
<p pnum="34">
<s snum="60">
<wf cmd="tag" pos="NNP">Hendricks</wf>
<punc>'</punc>
<wf cmd="tag" pos="NN">story</wf>
<wf cmd="done" pos="VBD" ot="notag">was</wf>
<wf cmd="done" pos="VB" lemma="design" wnsn="2" lexsn="2:31:00::">designed</wf>
<wf cmd="ignore" pos="IN">for</wf>
<wf cmd="tag" pos="NNS">children</wf>
<wf cmd="ignore" pos="CC">and</wf>
<wf cmd="ignore" pos="PRP">he</wf>
<wf cmd="done" pos="VB" lemma="have" wnsn="1" lexsn="2:40:00::">had</wf>
<wf cmd="ignore" pos="DT">a</wf>
<wf cmd="tag" pos="JJ">small</wf>
<wf cmd="tag" pos="NN">audience</wf>
<wf cmd="ignore" pos="IN">of</wf>
<wf cmd="tag" pos="JJ">small</wf>
<wf cmd="tag" pos="NNS">children</wf>
<wf cmd="tag" pos="RB">right_on</wf>
<wf cmd="tag" pos="NN">stage</wf>
<wf cmd="ignore" pos="IN">with</wf>
<wf cmd="ignore" pos="PRP">him</wf>
<punc>.</punc>
</s>
<s snum="61">
<wf cmd="done" pos="VB" lemma="trace" wnsn="3" lexsn="2:38:01::">Tracing</wf>
<wf cmd="tag" pos="NN">the_blues</wf>
<wf cmd="ignore" pos="IN">from</wf>
<wf cmd="ignore" pos="PRP$">its</wf>
<wf cmd="tag" pos="JJ">African</wf>
<wf cmd="tag" pos="NNS">roots</wf>
<wf cmd="ignore" pos="IN">among</wf>
<wf cmd="ignore" pos="DT">the</wf>
<wf cmd="tag" pos="NNS">slaves</wf>
<wf cmd="ignore" pos="WP">who</wf>
<wf cmd="done" pos="VBD" ot="notag">were</wf>
<wf cmd="done" pos="VB" lemma="bring" wnsn="1" lexsn="2:38:00::">brought</wf>
<wf cmd="done" pos="VB" ot="notag">to</wf>
<wf cmd="ignore" pos="DT">this</wf>
<wf cmd="tag" pos="NN">country</wf>
<wf cmd="ignore" pos="CC">and</wf>
<wf cmd="ignore" pos="DT">the</wf>
<wf cmd="tag" pos="NN">West_Indies</wf>
<punc>,</punc>
<wf cmd="ignore" pos="PRP">he</wf>
<wf cmd="done" pos="VB" lemma="stress" wnsn="1" lexsn="2:32:00::">stressed</wf>
<wf cmd="ignore" pos="DT">the</wf>
<wf cmd="tag" pos="NN">close</wf>
<wf cmd="tag" pos="NN">relationship</wf>
<wf cmd="ignore" pos="IN">between</wf>
<wf cmd="ignore" pos="DT">the</wf>
<wf cmd="tag" pos="JJ">early</wf>
<wf cmd="tag" pos="NN">jazz</wf>
<wf cmd="tag" pos="NNS">forms</wf>
<wf cmd="ignore" pos="CC">and</wf>
<wf cmd="ignore" pos="DT">the</wf>
<wf cmd="tag" pos="NN">music</wf>
<wf cmd="ignore" pos="IN">of</wf>
<wf cmd="ignore" pos="DT">the</wf>
<wf cmd="tag" pos="NNP">Negro</wf>
<wf cmd="tag" pos="NNS">churches</wf>
<punc>.</punc>
</s>
</p>
<p pnum="35">
<s snum="62">
<wf cmd="ignore" pos="TO">To</wf>
<wf cmd="done" pos="VB" lemma="help" wnsn="1" lexsn="2:41:00::">help</wf>
<wf cmd="ignore" pos="PRP">him</wf>
<wf cmd="ignore" pos="IN">on</wf>
<wf cmd="ignore" pos="DT">this</wf>
<wf cmd="tag" pos="JJ">religious</wf>
<wf cmd="tag" pos="NN">aspect</wf>
<wf cmd="ignore" pos="IN">of</wf>
<wf cmd="tag" pos="JJ">primitive</wf>
<wf cmd="tag" pos="NN">jazz</wf>
<wf cmd="ignore" pos="PRP">he</wf>
<wf cmd="done" pos="VB" lemma="have" wnsn="1" lexsn="2:40:00::">had</wf>
<punc>``</punc>
<wf cmd="tag" pos="NNP">Big</wf>
<punc>''</punc>
<wf cmd="tag" pos="NNP">Miller</wf>
<punc>,</punc>
<wf cmd="ignore" pos="IN">as</wf>
<wf cmd="ignore" pos="DT">a</wf>
<wf cmd="tag" pos="NN">preacher-singer</wf>
<wf cmd="ignore" pos="CC">and</wf>
<wf cmd="tag" pos="NNP">Hannah_Dean</wf>
<punc>,</punc>
<wf cmd="tag" pos="NN">Gospel-singer</wf>
<punc>,</punc>
<wf cmd="ignore" pos="IN">while</wf>
<wf cmd="tag" pos="NNP">Oscar_Brown_Jr.</wf>
<punc>,</punc>
<wf cmd="ignore" pos="DT">an</wf>
<wf cmd="tag" pos="RB">extremely</wf>
<wf cmd="tag" pos="JJ">talented</wf>
<wf cmd="tag" pos="NN">young_man</wf>
<punc>,</punc>
<wf cmd="done" pos="VB" lemma="do" wnsn="1" lexsn="2:41:01::">did</wf>
<wf cmd="ignore" pos="DT">a</wf>
<wf cmd="tag" pos="NN">slave</wf>
<wf cmd="tag" pos="NN">auctioneer</wf>
<wf cmd="ignore" pos="POS">'s</wf>
<wf cmd="tag" pos="NN">call</wf>
<punc>,</punc>
<wf cmd="ignore" pos="DT">a</wf>
<wf cmd="tag" pos="NN">field-hands</wf>
<punc>'</punc>
<wf cmd="tag" pos="NN">work_song</wf>
<punc>,</punc>
<wf cmd="ignore" pos="CC">and</wf>
<wf cmd="ignore" pos="DT">a</wf>
<wf cmd="tag" pos="RB">beautifully</wf>
<wf cmd="tag" pos="JJ">sung</wf>
<wf cmd="tag" pos="NNP">Negro</wf>
<wf cmd="tag" pos="NN">lullaby</wf>
<punc>,</punc>
<punc>``</punc>
<wf cmd="tag" pos="NNP">Brown_Baby</wf>
<punc>''</punc>
<punc>,</punc>
<wf cmd="ignore" pos="WDT">which</wf>
<wf cmd="done" pos="VB" lemma="be" wnsn="1" lexsn="2:42:03::">was</wf>
<wf cmd="tag" pos="CD">one</wf>
<wf cmd="ignore" pos="IN">of</wf>
<wf cmd="ignore" pos="DT">the</wf>
<wf cmd="tag" pos="RB">truly</wf>
<wf cmd="tag" pos="JJ">moving</wf>
<wf cmd="tag" pos="NNS">moments</wf>
<wf cmd="ignore" pos="IN">of</wf>
<wf cmd="ignore" pos="DT">the</wf>
<wf cmd="tag" pos="NN">festival</wf>
<punc>.</punc>
</s>
</p>
<p pnum="36">
<s snum="63">
<wf cmd="tag" pos="CD">One</wf>
<wf cmd="ignore" pos="IN">of</wf>
<wf cmd="ignore" pos="DT">those</wf>
<wf cmd="tag" pos="JJ">delightful</wf>
<wf cmd="tag" pos="NN">surprise</wf>
<wf cmd="tag" pos="NNS">additions</wf>
<punc>,</punc>
<wf cmd="ignore" pos="WDT">which</wf>
<wf cmd="tag" pos="RB">so</wf>
<wf cmd="tag" pos="RB">frequently</wf>
<wf cmd="done" pos="VB" lemma="occur" wnsn="1" lexsn="2:30:00::">occur</wf>
<wf cmd="ignore" pos="IN">in</wf>
<wf cmd="tag" pos="NN">jazz</wf>
<wf cmd="tag" pos="NNS">programs</wf>
<punc>,</punc>
<wf cmd="done" pos="VB" lemma="be" wnsn="1" lexsn="2:42:03::">was</wf>
<wf cmd="ignore" pos="DT">an</wf>
<wf cmd="tag" pos="JJ">excellent</wf>
<wf cmd="tag" pos="NN">stint</wf>
<wf cmd="ignore" pos="IN">at</wf>
<wf cmd="ignore" pos="DT">the</wf>
<wf cmd="tag" pos="NNS">drums</wf>
<wf cmd="ignore" pos="IN">by</wf>
<wf cmd="ignore" pos="DT">the</wf>
<wf cmd="tag" pos="JJ">great</wf>
<wf cmd="tag" pos="NNP">Joe_Jones</wf>
<punc>,</punc>
<wf cmd="done" pos="VB" lemma="drum" wnsn="2" lexsn="2:36:00::">drumming</wf>
<wf cmd="ignore" pos="TO">to</wf>
<punc>``</punc>
<wf cmd="tag" pos="NN">Old_Man</wf>
<wf cmd="tag" pos="NNP">River</wf>
<punc>''</punc>
<punc>,</punc>
<wf cmd="ignore" pos="WDT">which</wf>
<wf cmd="done" pos="VB" lemma="seem" wnsn="2" lexsn="2:39:01::">seems</wf>
<wf cmd="ignore" pos="TO">to</wf>
<wf cmd="done" pos="VB" ot="notag">have</wf>
<wf cmd="done" pos="VBN" ot="notag">been</wf>
<wf cmd="done" pos="VB" lemma="elect" wnsn="1" lexsn="2:41:00::">elected</wf>
<wf cmd="ignore" pos="DT">the</wf>
<wf cmd="tag" pos="JJ">favorite</wf>
<wf cmd="tag" pos="NN">solo</wf>
<wf cmd="ignore" pos="IN">for</wf>
<wf cmd="ignore" pos="DT">the</wf>
<wf cmd="tag" pos="NNS">boys</wf>
<wf cmd="ignore" pos="IN">on</wf>
<wf cmd="ignore" pos="DT">the</wf>
<wf cmd="tag" pos="NN">batterie</wf>
<wf cmd="ignore" pos="IN">at</wf>
<wf cmd="ignore" pos="DT">this</wf>
<wf cmd="tag" pos="NN">year</wf>
<wf cmd="ignore" pos="POS">'s</wf>
<wf cmd="tag" pos="NNS">concerts</wf>
<punc>.</punc>
</s>
</p>
<p pnum="37">
<s snum="64">
<wf cmd="done" pos="VB" lemma="demonstrate" wnsn="1" lexsn="2:39:01::">Demonstrating</wf>
<wf cmd="ignore" pos="DT">the</wf>
<wf cmd="tag" pos="JJ">primitive</wf>
<wf cmd="tag" pos="JJ">African</wf>
<wf cmd="tag" pos="JJ">rhythmic</wf>
<wf cmd="tag" pos="NNS">backgrounds</wf>
<wf cmd="ignore" pos="IN">of</wf>
<wf cmd="tag" pos="NN">the_Blues</wf>
<wf cmd="done" pos="VB" lemma="be" wnsn="2" lexsn="2:42:06::">was</wf>
<wf cmd="tag" pos="NNP">Michael_Babatunde_Olatunji</wf>
<punc>,</punc>
<wf cmd="ignore" pos="WP">who</wf>
<wf cmd="done" pos="VB" lemma="play" wnsn="7" lexsn="2:36:01::">plays</wf>
<wf cmd="tag" pos="JJ">such</wf>
<wf cmd="tag" pos="JJ">native</wf>
<wf cmd="tag" pos="NNS">drums</wf>
<wf cmd="ignore" pos="IN">as</wf>
<wf cmd="ignore" pos="DT">the</wf>
<wf cmd="tag" pos="NN">konga</wf>
<wf cmd="ignore" pos="CC">and</wf>
<wf cmd="tag" pos="RB">even</wf>
<wf cmd="done" pos="VB" lemma="do" wnsn="2" lexsn="2:36:01::">does</wf>
<wf cmd="ignore" pos="DT">a</wf>
<wf cmd="tag" pos="JJ">resounding</wf>
<wf cmd="tag" pos="NN">job</wf>
<wf cmd="done" pos="VB" lemma="slap" wnsn="1" lexsn="2:35:00::">slapping</wf>
<wf cmd="ignore" pos="PRP$">his</wf>
<wf cmd="tag" pos="JJ">own</wf>
<wf cmd="tag" pos="NN">chest</wf>
<punc>.</punc>
</s>
<s snum="65">
<wf cmd="ignore" pos="PRP">He</wf>
<wf cmd="done" pos="VBZ" ot="notag">has</wf>
<wf cmd="done" pos="VB" lemma="be" wnsn="3" lexsn="2:42:05::">been</wf>
<wf cmd="done" pos="VB" ot="notag">on</wf>
<wf cmd="tag" pos="JJ">previous</wf>
<wf cmd="tag" pos="NNP">Newport</wf>
<wf cmd="tag" pos="NNS">programs</wf>
<wf cmd="ignore" pos="CC">and</wf>
<wf cmd="done" pos="VB" lemma="be" wnsn="1" lexsn="2:42:03::">was</wf>
<wf cmd="tag" pos="CD">one</wf>
<wf cmd="ignore" pos="IN">of</wf>
<wf cmd="ignore" pos="DT">the</wf>
<wf cmd="tag" pos="NNS">sensations</wf>
<wf cmd="ignore" pos="IN">of</wf>
<wf cmd="tag" pos="JJ">last</wf>
<wf cmd="tag" pos="NN">year</wf>
<wf cmd="ignore" pos="POS">'s</wf>
<wf cmd="tag" pos="NN">afternoon</wf>
<wf cmd="tag" pos="NNS">concerts</wf>
<punc>.</punc>
</s>
</p>
<p pnum="38">
<s snum="66">
<wf cmd="tag" pos="NNP">Hendricks</wf>
<wf cmd="done" pos="VB" lemma="have" wnsn="1" lexsn="2:40:00::">had</wf>
<wf cmd="tag" pos="NNP">Billy_Mitchell</wf>
<punc>,</punc>
<wf cmd="tag" pos="NN">tenor</wf>
<wf cmd="tag" pos="NN">sax</wf>
<punc>;</punc>
<wf cmd="tag" pos="NNP">Pony_Poindexter</wf>
<punc>,</punc>
<wf cmd="tag" pos="NN">alto</wf>
<wf cmd="tag" pos="NN">sax</wf>
<punc>;</punc>
<wf cmd="tag" pos="NNP">Jimmy_Witherspoon</wf>
<punc>,</punc>
<wf cmd="tag" pos="NNS">blues</wf>
<wf cmd="tag" pos="NN">singer</wf>
<punc>(</punc>
<wf cmd="ignore" pos="CC">and</wf>
<wf cmd="ignore" pos="DT">a</wf>
<wf cmd="tag" pos="JJ">good</wf>
<wf cmd="tag" pos="CD">one</wf>
<punc>)</punc>
<punc>,</punc>
<wf cmd="ignore" pos="CC">and</wf>
<wf cmd="ignore" pos="DT">the</wf>
<wf cmd="tag" pos="NNP">Ike_Isaacs_Trio</wf>
<punc>,</punc>
<wf cmd="ignore" pos="WDT">which</wf>
<wf cmd="done" pos="VBZ" ot="notag">has</wf>
<wf cmd="done" pos="VB" lemma="do" wnsn="2" lexsn="2:36:01::">done</wf>
<wf cmd="tag" pos="JJ">such</wf>
<wf cmd="tag" pos="JJ">wonderful</wf>
<wf cmd="tag" pos="NN">work</wf>
<wf cmd="ignore" pos="IN">for</wf>
<wf cmd="tag" pos="CD">two</wf>
<wf cmd="tag" pos="NNS">afternoons</wf>
<wf cmd="tag" pos="RB">now</wf>
<punc>,</punc>
<wf cmd="done" pos="VB" lemma="help" wnsn="1" lexsn="2:41:00::">helping</wf>
<wf cmd="ignore" pos="PRP">him</wf>
<wf cmd="ignore" pos="IN">with</wf>
<wf cmd="ignore" pos="DT">the</wf>
<wf cmd="tag" pos="JJ">musical</wf>
<wf cmd="tag" pos="NNS">examples</wf>
<punc>.</punc>
</s>
</p>
<p pnum="39">
<s snum="67">
<wf cmd="ignore" pos="PRP">It</wf>
<wf cmd="ignore" pos="DT">all</wf>
<wf cmd="done" pos="VB" lemma="go" wnsn="8" lexsn="2:30:01::">went</wf>
<wf cmd="tag" pos="RB">very_well</wf>
<punc>.</punc>
</s>
</p>
<p pnum="40">
<s snum="68">
<wf cmd="tag" pos="NNS">Pianists</wf>
<wf cmd="ignore" pos="WP">who</wf>
<wf cmd="done" pos="VB" lemma="be" wnsn="1" lexsn="2:42:03::">are</wf>
<wf cmd="tag" pos="JJ">serious</wf>
<wf cmd="ignore" pos="IN">about</wf>
<wf cmd="ignore" pos="PRP$">their</wf>
<wf cmd="tag" pos="NN">work</wf>
<wf cmd="done" pos="VB" lemma="be" wnsn="1" lexsn="2:42:03::">are</wf>
<wf cmd="tag" pos="JJ">likely</wf>
<wf cmd="ignore" pos="TO">to</wf>
<wf cmd="done" pos="VB" lemma="know" wnsn="1" lexsn="2:31:01::">know</wf>
<wf cmd="ignore" pos="DT">the</wf>
<wf cmd="tag" pos="JJ">interesting</wf>
<wf cmd="tag" pos="NN">material</wf>
<wf cmd="done" pos="VB" lemma="contain" wnsn="1" lexsn="2:42:00::">contained</wf>
<wf cmd="ignore" pos="IN">in</wf>
<wf cmd="tag" pos="NNP">Schubert</wf>
<wf cmd="ignore" pos="POS">'s</wf>
<wf cmd="tag" pos="NNS">Sonatas</wf>
<punc>.</punc>
</s>
<s snum="69">
<wf cmd="tag" pos="NN">Music_lovers</wf>
<wf cmd="ignore" pos="WP">who</wf>
<wf cmd="done" pos="VB" lemma="be" wnsn="1" lexsn="2:42:03::">are</wf>
<wf cmd="tag" pos="RB">not</wf>
<wf cmd="tag" pos="JJ">familiar_with</wf>
<wf cmd="ignore" pos="DT">this</wf>
<wf cmd="tag" pos="NN">literature</wf>
<wf cmd="ignore" pos="MD">may</wf>
<wf cmd="done" pos="VB" lemma="hear" wnsn="1" lexsn="2:39:00::">hear</wf>
<wf cmd="ignore" pos="DT">an</wf>
<wf cmd="tag" pos="JJ">excellent</wf>
<wf cmd="tag" pos="NN">example</wf>
<punc>,</punc>
<wf cmd="done" pos="VB" lemma="play" wnsn="3" lexsn="2:36:12::">played</wf>
<wf cmd="ignore" pos="IN">for</wf>
<wf cmd="tag" pos="NNP">RCA</wf>
<wf cmd="ignore" pos="IN">by</wf>
<wf cmd="tag" pos="NNP">Emil_Gilels</wf>
<punc>.</punc>
</s>
<s snum="70">
<wf cmd="ignore" pos="PRP">He</wf>
<wf cmd="done" pos="VBZ" ot="notag">has</wf>
<wf cmd="done" pos="VB" lemma="choose" wnsn="2" lexsn="2:31:02::">chosen</wf>
<wf cmd="tag" pos="NNP">Sonata_Op.</wf>
<wf cmd="tag" pos="CD">53</wf>
<wf cmd="ignore" pos="IN">in</wf>
<wf cmd="tag" pos="NN">D</wf>
<punc>.</punc>
</s>
<s snum="71">
<wf cmd="ignore" pos="DT">The</wf>
<wf cmd="tag" pos="NN">playing</wf>
<wf cmd="done" pos="VB" lemma="take" wnsn="14" lexsn="2:42:00::">takes</wf>
<wf cmd="ignore" pos="DT">both</wf>
<wf cmd="tag" pos="NNS">sides</wf>
<wf cmd="ignore" pos="IN">of</wf>
<wf cmd="ignore" pos="DT">the</wf>
<wf cmd="tag" pos="NN">disc</wf>
<punc>.</punc>
</s>
<s snum="72">
<wf cmd="tag" pos="RB">Perhaps</wf>
<wf cmd="tag" pos="CD">one</wf>
<wf cmd="ignore" pos="IN">of</wf>
<wf cmd="ignore" pos="DT">the</wf>
<wf cmd="tag" pos="NNS">reasons</wf>
<wf cmd="ignore" pos="DT">these</wf>
<wf cmd="tag" pos="NNS">Sonatas</wf>
<wf cmd="done" pos="VBP" ot="notag">are</wf>
<wf cmd="tag" pos="RB">not</wf>
<wf cmd="done" pos="VB" lemma="program" wnsn="1" lexsn="2:32:00::">programmed</wf>
<wf cmd="tag" pos="RB">more_often</wf>
<wf cmd="done" pos="VB" lemma="be" wnsn="1" lexsn="2:42:03::">is</wf>
<wf cmd="ignore" pos="PRP$">their</wf>
<wf cmd="tag" pos="JJ">great</wf>
<wf cmd="tag" pos="NN">length</wf>
<punc>.</punc>
</s>
<s snum="73">
<wf cmd="tag" pos="JJ">Rhythmic</wf>
<wf cmd="tag" pos="NN">interest</wf>
<punc>,</punc>
<wf cmd="tag" pos="JJ">melodic</wf>
<wf cmd="tag" pos="NN">beauty</wf>
<wf cmd="ignore" pos="CC">and</wf>
<wf cmd="ignore" pos="DT">the</wf>
<wf cmd="tag" pos="NN">expansiveness</wf>
<wf cmd="ignore" pos="IN">of</wf>
<wf cmd="ignore" pos="DT">the</wf>
<wf cmd="tag" pos="NN">writing</wf>
<wf cmd="done" pos="VB" lemma="be" wnsn="1" lexsn="2:42:03::">are</wf>
<wf cmd="ignore" pos="DT">all</wf>
<wf cmd="tag" pos="NNS">qualities</wf>
<wf cmd="ignore" pos="WDT">which</wf>
<wf cmd="done" pos="VB" lemma="hold" wnsn="1" lexsn="2:42:00::">hold</wf>
<wf cmd="tag" pos="CD">one</wf>
<wf cmd="ignore" pos="POS">'s</wf>
<wf cmd="tag" pos="NN">attention</wf>
<wf cmd="ignore" pos="IN">with</wf>
<wf cmd="ignore" pos="DT">the</wf>
<wf cmd="tag" pos="NNP">Gilels</wf>
<wf cmd="tag" pos="NN">playing</wf>
<punc>.</punc>
</s>
<s snum="74">
<wf cmd="ignore" pos="PRP$">His</wf>
<wf cmd="tag" pos="NN">technique</wf>
<wf cmd="done" pos="VB" lemma="be" wnsn="1" lexsn="2:42:03::">is</wf>
<wf cmd="tag" pos="JJ">ample</wf>
<wf cmd="ignore" pos="CC">and</wf>
<wf cmd="ignore" pos="PRP$">his</wf>
<wf cmd="tag" pos="JJ">musical</wf>
<wf cmd="tag" pos="NNS">ideas</wf>
<wf cmd="done" pos="VBP" ot="notag">are</wf>
<wf cmd="done" pos="VB" lemma="project" wnsn="1" lexsn="2:32:00::">projected</wf>
<wf cmd="tag" pos="RB">beautifully</wf>
<punc>.</punc>
</s>
</p>
<p pnum="41">
<s snum="75">
<wf cmd="ignore" pos="DT">The</wf>
<wf cmd="tag" pos="JJ">male</wf>
<wf cmd="tag" pos="NN">chorus</wf>
<wf cmd="ignore" pos="IN">of</wf>
<wf cmd="ignore" pos="DT">the</wf>
<wf cmd="tag" pos="NNP">Robert_Shaw_Chorale</wf>
<wf cmd="done" pos="VB" lemma="sing" wnsn="1" lexsn="2:36:01::">sings</wf>
<wf cmd="tag" pos="NNP">Sea</wf>
<wf cmd="tag" pos="NNPS">Shanties</wf>
<wf cmd="ignore" pos="IN">in</wf>
<wf cmd="tag" pos="JJ">fine</wf>
<wf cmd="tag" pos="NN">style</wf>
<punc>.</punc>
</s>
<s snum="76">
<wf cmd="ignore" pos="DT">The</wf>
<wf cmd="tag" pos="NN">group</wf>
<wf cmd="done" pos="VBZ" ot="notag">is</wf>
<wf cmd="tag" pos="RB">superbly</wf>
<wf cmd="done" pos="VB" lemma="train" wnsn="1" lexsn="2:31:01::">trained</wf>
<punc>.</punc>
</s>
<s snum="77">
<wf cmd="ignore" pos="WP">What</wf>
<wf cmd="ignore" pos="DT">a</wf>
<wf cmd="tag" pos="NN">discussion</wf>
<wf cmd="ignore" pos="MD">can</wf>
<wf cmd="done" pos="VB" lemma="ensue" wnsn="1" lexsn="2:42:00::">ensue</wf>
<wf cmd="ignore" pos="WRB">when</wf>
<wf cmd="ignore" pos="DT">the</wf>
<wf cmd="tag" pos="NN">title</wf>
<wf cmd="tag" pos="RB">of_this</wf>
<wf cmd="tag" pos="NN">type</wf>
<wf cmd="ignore" pos="IN">of</wf>
<wf cmd="tag" pos="NN">song</wf>
<wf cmd="done" pos="VB" lemma="be" wnsn="1" lexsn="2:42:03::">is</wf>
<wf cmd="tag" pos="JJ">in_question</wf>
<punc>.</punc>
</s>
<s snum="78">
<wf cmd="done" pos="VBP" ot="notag">Do</wf>
<wf cmd="ignore" pos="PRP">you</wf>
<wf cmd="done" pos="VBP" ot="notag">say</wf>
<wf cmd="tag" pos="NN">chantey</wf>
<punc>,</punc>
<wf cmd="ignore" pos="IN">as</wf>
<wf cmd="ignore" pos="IN">if</wf>
<wf cmd="ignore" pos="DT">the</wf>
<wf cmd="tag" pos="NN">word</wf>
<wf cmd="done" pos="VBD" ot="notag">were</wf>
<wf cmd="done" pos="VB" lemma="derive" wnsn="3" lexsn="2:30:01::">derived</wf>
<wf cmd="done" pos="VB" ot="notag">from</wf>
<wf cmd="tag" pos="NN">the_French</wf>
<wf cmd="tag" pos="NN">word</wf>
<wf cmd="ignore" pos="FW">chanter</wf>
<punc>,</punc>
<wf cmd="ignore" pos="TO">to</wf>
<wf cmd="done" pos="VB" lemma="sing" wnsn="2" lexsn="2:36:00::">sing</wf>
<punc>,</punc>
<wf cmd="ignore" pos="CC">or</wf>
<wf cmd="done" pos="VBP" ot="notag">do</wf>
<wf cmd="ignore" pos="PRP">you</wf>
<wf cmd="done" pos="VBP" ot="notag">say</wf>
<wf cmd="tag" pos="NN">shanty</wf>
<wf cmd="ignore" pos="CC">and</wf>
<wf cmd="done" pos="VB" lemma="think_of" wnsn="4" lexsn="2:31:02::">think_of</wf>
<wf cmd="ignore" pos="DT">a</wf>
<wf cmd="tag" pos="RB">roughly</wf>
<wf cmd="tag" pos="JJ">built</wf>
<wf cmd="tag" pos="NN">cabin</wf>
<punc>,</punc>
<wf cmd="ignore" pos="WDT">which</wf>
<wf cmd="done" pos="VB" lemma="derive" wnsn="4" lexsn="2:30:00::">derives</wf>
<wf cmd="ignore" pos="PRP$">its</wf>
<wf cmd="tag" pos="NN">name</wf>
<wf cmd="ignore" pos="IN">from</wf>
<wf cmd="ignore" pos="DT">the</wf>
<wf cmd="tag" pos="NNP">French-Canadian</wf>
<wf cmd="tag" pos="NN">use</wf>
<wf cmd="ignore" pos="IN">of</wf>
<wf cmd="ignore" pos="DT">the</wf>
<wf cmd="tag" pos="NN">word</wf>
<wf cmd="ignore" pos="FW">chantier</wf>
<punc>,</punc>
<wf cmd="ignore" pos="IN">with</wf>
<wf cmd="tag" pos="CD">one</wf>
<wf cmd="ignore" pos="IN">of</wf>
<wf cmd="ignore" pos="PRP$">its</wf>
<wf cmd="tag" pos="NNS">meanings</wf>
<wf cmd="done" pos="VB" lemma="give" wnsn="4" lexsn="2:40:07::">given</wf>
<wf cmd="ignore" pos="IN">as</wf>
<wf cmd="ignore" pos="DT">a</wf>
<wf cmd="tag" pos="NN">boat-yard</wf>
<punc>?</punc>
</s>
<s snum="79">
<wf cmd="ignore" pos="PRP">I</wf>
<wf cmd="done" pos="VB" lemma="say" wnsn="1" lexsn="2:32:00::">say</wf>
<wf cmd="tag" pos="NN">chantey</wf>
<punc>.</punc>
</s>
<s snum="80">
<wf cmd="ignore" pos="CC">Either</wf>
<wf cmd="tag" pos="NN">way</wf>
<punc>,</punc>
<wf cmd="ignore" pos="DT">the</wf>
<wf cmd="tag" pos="NNP">Robert_Shaw</wf>
<wf cmd="tag" pos="NN">chorus</wf>
<wf cmd="done" pos="VB" lemma="sing" wnsn="1" lexsn="2:36:01::">sings</wf>
<wf cmd="ignore" pos="PRP">them</wf>
<wf cmd="ignore" pos="IN">in</wf>
<wf cmd="tag" pos="JJ">fine</wf>
<wf cmd="tag" pos="NN">style</wf>
<wf cmd="ignore" pos="IN">with</wf>
<wf cmd="ignore" pos="DT">every</wf>
<wf cmd="tag" pos="JJ">colorful</wf>
<wf cmd="tag" pos="NN">word</wf>
<wf cmd="ignore" pos="CC">and</wf>
<wf cmd="ignore" pos="PRP$">its</wf>
<wf cmd="tag" pos="JJ">musical</wf>
<wf cmd="tag" pos="NN">frame</wf>
<wf cmd="done" pos="VB" lemma="spell_out" wnsn="1" lexsn="2:32:00::">spelled_out</wf>
<wf cmd="tag" pos="JJ">in_terms_of</wf>
<wf cmd="tag" pos="JJ">agreeable</wf>
<wf cmd="tag" pos="NN">listening</wf>
<punc>.</punc>
</s>
<s snum="81">
<wf cmd="ignore" pos="IN">If</wf>
<wf cmd="ignore" pos="PRP$">your</wf>
<wf cmd="tag" pos="JJ">favorite</wf>
<wf cmd="tag" pos="NN">song</wf>
<wf cmd="done" pos="VB" lemma="be" wnsn="3" lexsn="2:42:05::">is</wf>
<wf cmd="tag" pos="RB">not</wf>
<wf cmd="tag" pos="RB">here</wf>
<wf cmd="ignore" pos="PRP">it</wf>
<wf cmd="ignore" pos="MD">must</wf>
<wf cmd="done" pos="VB" lemma="be" wnsn="1" lexsn="2:42:03::">be</wf>
<wf cmd="ignore" pos="DT">an</wf>
<wf cmd="tag" pos="JJ">unfamiliar</wf>
<wf cmd="tag" pos="CD">one</wf>
<punc>.</punc>
</s>
</p>
<p pnum="42">
<s snum="82">
<wf cmd="ignore" pos="DT">The</wf>
<wf cmd="tag" pos="NNP">London</wf>
<wf cmd="tag" pos="NN">label</wf>
<wf cmd="done" pos="VB" lemma="offer" wnsn="1" lexsn="2:40:02::">offers</wf>
<wf cmd="ignore" pos="DT">an</wf>
<wf cmd="tag" pos="JJ">operatic</wf>
<wf cmd="tag" pos="NN">recital</wf>
<wf cmd="ignore" pos="IN">by</wf>
<wf cmd="tag" pos="NNP">Ettore_Bastianini</wf>
<punc>,</punc>
<wf cmd="ignore" pos="DT">a</wf>
<wf cmd="tag" pos="NN">baritone</wf>
<wf cmd="ignore" pos="WP$">whose</wf>
<wf cmd="tag" pos="NN">fame</wf>
<wf cmd="done" pos="VB" lemma="be" wnsn="1" lexsn="2:42:03::">is</wf>
<wf cmd="tag" pos="JJ">international</wf>
<punc>.</punc>
</s>
</p>
</context>
</contextfile>
