<contextfile concordance="brown">
<context filename="br-c10" paras="yes">
<p pnum="1">
<s snum="1">
<wf cmd="tag" pos="RB">Only</wf>
<wf cmd="tag" pos="RB">once</wf>
<wf cmd="ignore" pos="IN">in</wf>
<wf cmd="ignore" pos="DT">a</wf>
<wf cmd="tag" pos="RB">very</wf>
<wf cmd="tag" pos="JJ">long</wf>
<wf cmd="ignore" pos="IN">while</wf>
<wf cmd="done" pos="VB" lemma="come" wnsn="3" lexsn="2:30:01::">comes</wf>
<wf cmd="ignore" pos="DT">a</wf>
<wf cmd="tag" pos="NN">book</wf>
<wf cmd="ignore" pos="WDT">that</wf>
<wf cmd="done" pos="VB" lemma="give" wnsn="3" lexsn="2:40:00::">gives</wf>
<wf cmd="ignore" pos="DT">the</wf>
<wf cmd="tag" pos="NN">reader</wf>
<wf cmd="ignore" pos="DT">a</wf>
<wf cmd="tag" pos="NN">magic</wf>
<wf cmd="tag" pos="NN">sense</wf>
<wf cmd="ignore" pos="IN">of</wf>
<wf cmd="done" pos="VB" lemma="share" wnsn="3" lexsn="2:40:01::">sharing</wf>
<wf cmd="ignore" pos="DT">a</wf>
<wf cmd="tag" pos="JJ">rare</wf>
<wf cmd="tag" pos="NN">experience</wf>
<punc>.</punc>
</s>
<s snum="2">
<punc>``</punc>
<wf cmd="tag" pos="NN">Ring</wf>
<wf cmd="ignore" pos="IN">of</wf>
<wf cmd="tag" pos="NNP">Bright_Water</wf>
<punc>''</punc>
<wf cmd="ignore" pos="IN">by</wf>
<wf cmd="tag" pos="NNP">Gavin_Maxwell</wf>
<wf cmd="done" pos="VB" lemma="be" wnsn="1" lexsn="2:42:03::">is</wf>
<wf cmd="tag" pos="RB">just</wf>
<wf cmd="ignore" pos="IN">that</wf>
<punc>-</punc>
<wf cmd="ignore" pos="DT">a</wf>
<wf cmd="tag" pos="JJ">haunting</wf>
<punc>,</punc>
<wf cmd="tag" pos="RB">warmly</wf>
<wf cmd="tag" pos="JJ">personal</wf>
<wf cmd="tag" pos="NN">chronicle</wf>
<wf cmd="ignore" pos="IN">of</wf>
<wf cmd="ignore" pos="DT">a</wf>
<wf cmd="tag" pos="NN">man</wf>
<punc>,</punc>
<wf cmd="ignore" pos="DT">an</wf>
<wf cmd="tag" pos="NN">otter</wf>
<punc>,</punc>
<wf cmd="ignore" pos="CC">and</wf>
<wf cmd="ignore" pos="DT">a</wf>
<wf cmd="tag" pos="JJ">remote</wf>
<wf cmd="tag" pos="NN">cottage</wf>
<wf cmd="ignore" pos="IN">in</wf>
<wf cmd="ignore" pos="DT">the</wf>
<wf cmd="tag" pos="NNP">Scottish_West_Highlands</wf>
<punc>.</punc>
</s>
</p>
<p pnum="2">
<s snum="3">
<punc>``</punc>
<wf cmd="ignore" pos="PRP">He</wf>
<wf cmd="done" pos="VBZ" ot="notag">has</wf>
<wf cmd="done" pos="VB" lemma="marry" wnsn="1" lexsn="2:41:00::">married</wf>
<wf cmd="ignore" pos="PRP">me</wf>
<wf cmd="ignore" pos="IN">with</wf>
<wf cmd="ignore" pos="DT">a</wf>
<wf cmd="tag" pos="NN">ring</wf>
<wf cmd="ignore" pos="IN">of</wf>
<wf cmd="tag" pos="JJ">bright</wf>
<wf cmd="tag" pos="NN">water</wf>
<punc>''</punc>
<punc>,</punc>
<wf cmd="done" pos="VB" lemma="begin" wnsn="1" lexsn="2:30:00::">begins</wf>
<wf cmd="ignore" pos="DT">the</wf>
<wf cmd="tag" pos="NNP">Kathleen_Raine</wf>
<wf cmd="tag" pos="NN">poem</wf>
<wf cmd="ignore" pos="IN">from</wf>
<wf cmd="ignore" pos="WDT">which</wf>
<wf cmd="tag" pos="NNP">Maxwell</wf>
<wf cmd="done" pos="VB" lemma="take" wnsn="10" lexsn="2:31:01::">takes</wf>
<wf cmd="ignore" pos="PRP$">his</wf>
<wf cmd="tag" pos="NN">title</wf>
<punc>,</punc>
<wf cmd="ignore" pos="CC">and</wf>
<wf cmd="ignore" pos="PRP">it</wf>
<wf cmd="done" pos="VB" lemma="be" wnsn="2" lexsn="2:42:06::">is</wf>
<wf cmd="ignore" pos="DT">this</wf>
<wf cmd="tag" pos="JJ">mystic</wf>
<wf cmd="tag" pos="NN">bond</wf>
<wf cmd="ignore" pos="IN">between</wf>
<wf cmd="ignore" pos="DT">the</wf>
<wf cmd="tag" pos="JJ">human</wf>
<wf cmd="ignore" pos="CC">and</wf>
<wf cmd="tag" pos="JJ">natural</wf>
<wf cmd="tag" pos="NN">world</wf>
<wf cmd="ignore" pos="IN">that</wf>
<wf cmd="ignore" pos="DT">the</wf>
<wf cmd="tag" pos="NN">author</wf>
<wf cmd="done" pos="VB" lemma="convey" wnsn="2" lexsn="2:32:01::">conveys</wf>
<punc>.</punc>
</s>
<s snum="4">
<wf cmd="ignore" pos="DT">The</wf>
<wf cmd="tag" pos="NN">place</wf>
<wf cmd="done" pos="VB" lemma="be" wnsn="2" lexsn="2:42:06::">is</wf>
<wf cmd="tag" pos="NNP">Camusfearna</wf>
<punc>,</punc>
<wf cmd="ignore" pos="DT">the</wf>
<wf cmd="tag" pos="NN">site</wf>
<wf cmd="ignore" pos="IN">of</wf>
<wf cmd="ignore" pos="DT">a</wf>
<wf cmd="tag" pos="JJ">long-vanished</wf>
<wf cmd="tag" pos="NN">sea-village</wf>
<wf cmd="tag" pos="JJ">opposite</wf>
<wf cmd="ignore" pos="DT">the</wf>
<wf cmd="tag" pos="NN">isle</wf>
<wf cmd="ignore" pos="IN">of</wf>
<wf cmd="tag" pos="NNP">Skye</wf>
<punc>.</punc>
</s>
<s snum="5">
<wf cmd="ignore" pos="PRP">It</wf>
<wf cmd="done" pos="VB" lemma="be" wnsn="2" lexsn="2:42:06::">is</wf>
<wf cmd="ignore" pos="DT">a</wf>
<wf cmd="tag" pos="NN">land</wf>
<wf cmd="ignore" pos="IN">of</wf>
<wf cmd="tag" pos="JJ">long</wf>
<wf cmd="tag" pos="NNS">fjords</wf>
<punc>,</punc>
<wf cmd="tag" pos="JJ">few</wf>
<wf cmd="tag" pos="NNS">people</wf>
<punc>,</punc>
<wf cmd="ignore" pos="DT">a</wf>
<wf cmd="tag" pos="JJ">single-lane</wf>
<wf cmd="tag" pos="NN">road</wf>
<wf cmd="tag" pos="NNS">miles</wf>
<wf cmd="tag" pos="RB">away</wf>
<punc>-</punc>
<wf cmd="ignore" pos="CC">and</wf>
<wf cmd="ignore" pos="IN">of</wf>
<wf cmd="tag" pos="JJ">wild</wf>
<wf cmd="tag" pos="NNS">stags</wf>
<punc>,</punc>
<wf cmd="tag" pos="NN">Greylag_geese</wf>
<punc>,</punc>
<wf cmd="tag" pos="JJ">wild</wf>
<wf cmd="tag" pos="NNS">swans</wf>
<punc>,</punc>
<wf cmd="tag" pos="NNS">dolphins</wf>
<wf cmd="ignore" pos="CC">and</wf>
<wf cmd="tag" pos="NNS">porpoises</wf>
<wf cmd="done" pos="VB" lemma="play" wnsn="5" lexsn="2:41:03::">playing</wf>
<wf cmd="ignore" pos="IN">in</wf>
<wf cmd="ignore" pos="DT">the</wf>
<wf cmd="tag" pos="NNS">waters</wf>
<punc>.</punc>
</s>
<s snum="6">
<wf cmd="ignore" pos="WRB">How</wf>
<wf cmd="tag" pos="NNP">Maxwell</wf>
<wf cmd="done" pos="VB" lemma="recount" wnsn="1" lexsn="2:32:00::">recounts</wf>
<wf cmd="ignore" pos="PRP$">his</wf>
<wf cmd="tag" pos="JJ">first</wf>
<wf cmd="tag" pos="NN">coming</wf>
<wf cmd="done" pos="VB" ot="notag">to</wf>
<wf cmd="tag" pos="NNP">Camusfearna</wf>
<punc>,</punc>
<wf cmd="ignore" pos="PRP$">his</wf>
<wf cmd="done" pos="VB" lemma="furnish" wnsn="2" lexsn="2:40:01::">furnishing</wf>
<wf cmd="ignore" pos="DT">the</wf>
<wf cmd="tag" pos="JJ">empty</wf>
<wf cmd="tag" pos="NN">house</wf>
<wf cmd="ignore" pos="IN">with</wf>
<wf cmd="tag" pos="NN">beach-drift</wf>
<punc>,</punc>
<wf cmd="ignore" pos="DT">the</wf>
<wf cmd="tag" pos="JJ">subtle</wf>
<wf cmd="tag" pos="NNS">changes</wf>
<wf cmd="ignore" pos="IN">in</wf>
<wf cmd="tag" pos="NN">season</wf>
<wf cmd="ignore" pos="IN">over</wf>
<wf cmd="tag" pos="CD">ten</wf>
<wf cmd="tag" pos="NNS">years</wf>
<punc>,</punc>
<wf cmd="done" pos="VB" lemma="be" wnsn="1" lexsn="2:42:03::">is</wf>
<wf cmd="ignore" pos="DT">a</wf>
<wf cmd="tag" pos="JJ">moving</wf>
<wf cmd="tag" pos="NN">experience</wf>
<punc>.</punc>
</s>
<s snum="7">
<wf cmd="tag" pos="RB">Just</wf>
<wf cmd="ignore" pos="DT">the</wf>
<wf cmd="tag" pos="NNS">evocations</wf>
<wf cmd="ignore" pos="IN">of</wf>
<wf cmd="tag" pos="NN">time</wf>
<wf cmd="ignore" pos="CC">and</wf>
<wf cmd="tag" pos="NN">place</wf>
<punc>,</punc>
<wf cmd="ignore" pos="IN">of</wf>
<wf cmd="tag" pos="JJ">passionate</wf>
<wf cmd="tag" pos="NN">encounter</wf>
<wf cmd="ignore" pos="IN">between</wf>
<wf cmd="tag" pos="NN">man</wf>
<wf cmd="ignore" pos="CC">and</wf>
<wf cmd="ignore" pos="DT">a</wf>
<wf cmd="tag" pos="JJ">natural</wf>
<wf cmd="tag" pos="NN">world</wf>
<wf cmd="ignore" pos="WDT">which</wf>
<wf cmd="tag" pos="NN">today</wf>
<wf cmd="done" pos="VB" lemma="seem" wnsn="1" lexsn="2:39:00::">seems</wf>
<wf cmd="tag" pos="RB">almost</wf>
<wf cmd="tag" pos="JJ">lost</wf>
<punc>,</punc>
<wf cmd="ignore" pos="MD">would</wf>
<wf cmd="done" pos="VB" lemma="be" wnsn="1" lexsn="2:42:03::">be</wf>
<wf cmd="tag" pos="RB">enough</wf>
<punc>.</punc>
</s>
</p>
<p pnum="3">
<s snum="8">
<wf cmd="ignore" pos="CC">But</wf>
<wf cmd="ignore" pos="PRP">it</wf>
<wf cmd="done" pos="VB" lemma="be" wnsn="1" lexsn="2:42:03::">is</wf>
<wf cmd="tag" pos="RB">n't</wf>
<punc>.</punc>
</s>
<s snum="9">
<wf cmd="ignore" pos="EX">There</wf>
<wf cmd="done" pos="VB" lemma="be" wnsn="4" lexsn="2:42:00::">is</wf>
<wf cmd="tag" pos="NNP">Mijbil</wf>
<punc>,</punc>
<wf cmd="ignore" pos="DT">an</wf>
<wf cmd="tag" pos="NN">otter</wf>
<wf cmd="ignore" pos="WP">who</wf>
<wf cmd="done" pos="VB" lemma="travel" wnsn="1" lexsn="2:38:00::">travelled</wf>
<wf cmd="ignore" pos="IN">with</wf>
<wf cmd="tag" pos="NNP">Maxwell</wf>
<punc>-</punc>
<wf cmd="ignore" pos="CC">and</wf>
<wf cmd="done" pos="VB" lemma="give" wnsn="3" lexsn="2:40:00::">gave</wf>
<wf cmd="tag" pos="NNP">Maxwell</wf>
<wf cmd="ignore" pos="POS">'s</wf>
<wf cmd="tag" pos="NN">name</wf>
<wf cmd="ignore" pos="TO">to</wf>
<wf cmd="ignore" pos="DT">a</wf>
<wf cmd="tag" pos="JJ">new</wf>
<wf cmd="tag" pos="NN">species</wf>
<punc>-</punc>
<wf cmd="ignore" pos="IN">from</wf>
<wf cmd="ignore" pos="DT">the</wf>
<wf cmd="tag" pos="NNP">Tigris</wf>
<wf cmd="tag" pos="NNS">marshes</wf>
<wf cmd="ignore" pos="TO">to</wf>
<wf cmd="ignore" pos="PRP$">his</wf>
<wf cmd="tag" pos="NNP">London</wf>
<wf cmd="tag" pos="JJ">flat</wf>
<punc>.</punc>
</s>
<s snum="10">
<wf cmd="ignore" pos="PRP">It</wf>
<wf cmd="ignore" pos="MD">may</wf>
<wf cmd="done" pos="VB" lemma="sound" wnsn="1" lexsn="2:39:06::">sound</wf>
<wf cmd="tag" pos="JJ">extravagant</wf>
<wf cmd="ignore" pos="TO">to</wf>
<wf cmd="done" pos="VB" lemma="say" wnsn="1" lexsn="2:32:00::">say</wf>
<wf cmd="ignore" pos="IN">that</wf>
<wf cmd="ignore" pos="EX">there</wf>
<wf cmd="done" pos="VBZ" ot="notag">has</wf>
<wf cmd="tag" pos="RB">never</wf>
<wf cmd="done" pos="VB" lemma="be" wnsn="4" lexsn="2:42:00::">been</wf>
<wf cmd="ignore" pos="DT">a</wf>
<wf cmd="tag" pos="JJR">more</wf>
<wf cmd="tag" pos="JJ">engaging</wf>
<wf cmd="tag" pos="NN">animal</wf>
<wf cmd="tag" pos="RB">in_all</wf>
<wf cmd="tag" pos="NN">literature</wf>
<punc>.</punc>
</s>
<s snum="11">
<wf cmd="ignore" pos="DT">This</wf>
<wf cmd="done" pos="VB" lemma="be" wnsn="1" lexsn="2:42:03::">is</wf>
<wf cmd="tag" pos="RB">not_only</wf>
<wf cmd="ignore" pos="DT">a</wf>
<wf cmd="tag" pos="NN">compliment</wf>
<wf cmd="ignore" pos="TO">to</wf>
<wf cmd="tag" pos="NNP">Mijbil</wf>
<punc>,</punc>
<wf cmd="ignore" pos="IN">of</wf>
<wf cmd="ignore" pos="WP">whom</wf>
<wf cmd="ignore" pos="EX">there</wf>
<wf cmd="done" pos="VB" lemma="be" wnsn="4" lexsn="2:42:00::">are</wf>
<wf cmd="ignore" pos="DT">a</wf>
<wf cmd="tag" pos="JJ">fine</wf>
<wf cmd="tag" pos="NN">series</wf>
<wf cmd="ignore" pos="IN">of</wf>
<wf cmd="tag" pos="NNS">photographs</wf>
<wf cmd="ignore" pos="CC">and</wf>
<wf cmd="tag" pos="NNS">drawings</wf>
<wf cmd="ignore" pos="IN">in</wf>
<wf cmd="ignore" pos="DT">the</wf>
<wf cmd="tag" pos="NN">book</wf>
<punc>,</punc>
<wf cmd="ignore" pos="CC">but</wf>
<wf cmd="ignore" pos="TO">to</wf>
<wf cmd="ignore" pos="DT">the</wf>
<wf cmd="tag" pos="NN">author</wf>
<wf cmd="ignore" pos="WP">who</wf>
<wf cmd="done" pos="VBZ" ot="notag">has</wf>
<wf cmd="done" pos="VB" lemma="catalogue" wnsn="2" lexsn="2:36:00::">catalogued</wf>
<wf cmd="ignore" pos="DT">the</wf>
<wf cmd="tag" pos="NN">saga</wf>
<wf cmd="ignore" pos="IN">of</wf>
<wf cmd="ignore" pos="DT">a</wf>
<wf cmd="tag" pos="JJ">frightened</wf>
<wf cmd="tag" pos="NN">otter</wf>
<wf cmd="tag" pos="NN">cub</wf>
<wf cmd="ignore" pos="POS">'s</wf>
<wf cmd="tag" pos="NN">journey</wf>
<wf cmd="ignore" pos="IN">by</wf>
<wf cmd="tag" pos="NN">plane</wf>
<wf cmd="ignore" pos="IN">from</wf>
<wf cmd="tag" pos="NNP">Iraq</wf>
<wf cmd="ignore" pos="TO">to</wf>
<wf cmd="tag" pos="NNP">London</wf>
<punc>,</punc>
<wf cmd="tag" pos="RB">then</wf>
<wf cmd="ignore" pos="IN">by</wf>
<wf cmd="tag" pos="NN">train</wf>
<punc>(</punc>
<wf cmd="ignore" pos="WRB">where</wf>
<wf cmd="ignore" pos="PRP">he</wf>
<wf cmd="done" pos="VB" lemma="lie" wnsn="1" lexsn="2:42:00::">lay</wf>
<wf cmd="tag" pos="JJ">curled</wf>
<wf cmd="ignore" pos="IN">in</wf>
<wf cmd="ignore" pos="DT">the</wf>
<wf cmd="tag" pos="NN">wash</wf>
<wf cmd="tag" pos="NN">basin</wf>
<wf cmd="done" pos="VB" lemma="play" wnsn="11" lexsn="2:41:00::">playing</wf>
<wf cmd="done" pos="VB" ot="notag">with</wf>
<wf cmd="ignore" pos="DT">the</wf>
<wf cmd="tag" pos="NN">water</wf>
<wf cmd="tag" pos="NN">tap</wf>
<punc>)</punc>
<wf cmd="ignore" pos="TO">to</wf>
<wf cmd="tag" pos="NNP">Camusfearna</wf>
<punc>,</punc>
<wf cmd="ignore" pos="IN">with</wf>
<wf cmd="tag" pos="JJ">affectionate</wf>
<wf cmd="tag" pos="NN">detail</wf>
<punc>.</punc>
</s>
</p>
<p pnum="4">
<s snum="12">
<wf cmd="tag" pos="NNP">Mij</wf>
<punc>,</punc>
<wf cmd="ignore" pos="IN">as</wf>
<wf cmd="ignore" pos="PRP$">his</wf>
<wf cmd="tag" pos="NN">owner</wf>
<wf cmd="done" pos="VBD" ot="notag">was</wf>
<wf cmd="tag" pos="RB">soon</wf>
<wf cmd="ignore" pos="TO">to</wf>
<wf cmd="done" pos="VB" lemma="learn" wnsn="1" lexsn="2:31:00::">learn</wf>
<punc>,</punc>
<wf cmd="done" pos="VB" lemma="have" wnsn="1" lexsn="2:40:00::">had</wf>
<wf cmd="tag" pos="JJ">strange</wf>
<punc>,</punc>
<wf cmd="tag" pos="JJ">inexplicable</wf>
<wf cmd="tag" pos="NNS">habits</wf>
<punc>.</punc>
</s>
<s snum="13">
<wf cmd="ignore" pos="PRP">He</wf>
<wf cmd="done" pos="VB" lemma="like" wnsn="1" lexsn="2:37:01::">liked</wf>
<wf cmd="ignore" pos="TO">to</wf>
<wf cmd="done" pos="VB" lemma="nip" wnsn="1" lexsn="2:35:00::">nip</wf>
<wf cmd="tag" pos="NN">ear</wf>
<wf cmd="tag" pos="NNS">lobes</wf>
<wf cmd="ignore" pos="IN">of</wf>
<wf cmd="tag" pos="JJ">unsuspecting</wf>
<wf cmd="tag" pos="NNS">visitors</wf>
<wf cmd="ignore" pos="IN">with</wf>
<wf cmd="ignore" pos="PRP$">his</wf>
<wf cmd="tag" pos="JJ">needle-sharp</wf>
<wf cmd="tag" pos="NNS">teeth</wf>
<punc>.</punc>
</s>
<s snum="14">
<wf cmd="ignore" pos="PRP">He</wf>
<wf cmd="done" pos="VB" lemma="prefer" wnsn="1" lexsn="2:37:00::">preferred</wf>
<wf cmd="done" pos="VB" lemma="sleep" wnsn="1" lexsn="2:29:00::">sleeping</wf>
<wf cmd="done" pos="VB" ot="notag">in</wf>
<wf cmd="tag" pos="NN">bed</wf>
<wf cmd="ignore" pos="IN">with</wf>
<wf cmd="ignore" pos="PRP$">his</wf>
<wf cmd="tag" pos="NN">head</wf>
<wf cmd="ignore" pos="IN">on</wf>
<wf cmd="ignore" pos="DT">a</wf>
<wf cmd="tag" pos="NN">pillow</wf>
<punc>.</punc>
</s>
<s snum="15">
<wf cmd="tag" pos="RB">Systematically</wf>
<wf cmd="ignore" pos="PRP">he</wf>
<wf cmd="ignore" pos="MD">would</wf>
<wf cmd="done" pos="VB" lemma="open" wnsn="1" lexsn="2:35:00::">open</wf>
<wf cmd="ignore" pos="CC">and</wf>
<wf cmd="done" pos="VB" lemma="ransack" wnsn="2" lexsn="2:35:02::">ransack</wf>
<wf cmd="tag" pos="NNS">drawers</wf>
<punc>.</punc>
</s>
<s snum="16">
<wf cmd="done" pos="VB" lemma="give" wnsn="3" lexsn="2:40:00::">Given</wf>
<wf cmd="ignore" pos="DT">a</wf>
<wf cmd="tag" pos="JJ">small</wf>
<wf cmd="tag" pos="NN">ball</wf>
<wf cmd="ignore" pos="CC">or</wf>
<wf cmd="tag" pos="NNS">marbles</wf>
<punc>,</punc>
<wf cmd="ignore" pos="PRP">he</wf>
<wf cmd="ignore" pos="MD">would</wf>
<wf cmd="done" pos="VB" lemma="invent" wnsn="1" lexsn="2:36:00::">invent</wf>
<wf cmd="tag" pos="NNS">games</wf>
<wf cmd="ignore" pos="CC">and</wf>
<wf cmd="done" pos="VB" lemma="play" wnsn="5" lexsn="2:41:03::">play</wf>
<wf cmd="ignore" pos="IN">by</wf>
<wf cmd="ignore" pos="PRP">himself</wf>
<wf cmd="ignore" pos="IN">for</wf>
<wf cmd="tag" pos="NNS">hours</wf>
<punc>.</punc>
</s>
<s snum="17">
<wf cmd="ignore" pos="IN">With</wf>
<wf cmd="tag" pos="NN">curiosity</wf>
<wf cmd="ignore" pos="CC">and</wf>
<wf cmd="tag" pos="NN">elan</wf>
<punc>,</punc>
<wf cmd="ignore" pos="PRP">he</wf>
<wf cmd="done" pos="VB" lemma="explore" wnsn="1" lexsn="2:31:00::">explored</wf>
<wf cmd="tag" pos="RB">every_inch</wf>
<wf cmd="ignore" pos="IN">of</wf>
<wf cmd="tag" pos="NN">glen</wf>
<punc>,</punc>
<wf cmd="tag" pos="NN">beach</wf>
<wf cmd="ignore" pos="CC">and</wf>
<wf cmd="tag" pos="NN">burn</wf>
<punc>,</punc>
<wf cmd="tag" pos="RB">once</wf>
<wf cmd="done" pos="VB" lemma="strand" wnsn="1" lexsn="2:40:00::">stranding</wf>
<wf cmd="ignore" pos="PRP">himself</wf>
<wf cmd="ignore" pos="IN">for</wf>
<wf cmd="tag" pos="NNS">hours</wf>
<wf cmd="ignore" pos="IN">on</wf>
<wf cmd="ignore" pos="DT">a</wf>
<wf cmd="tag" pos="NN">ledge</wf>
<wf cmd="tag" pos="RB">high_up</wf>
<wf cmd="ignore" pos="DT">a</wf>
<wf cmd="tag" pos="JJ">sheer</wf>
<wf cmd="tag" pos="JJ">seventy-foot</wf>
<wf cmd="tag" pos="NN">cliff</wf>
<wf cmd="ignore" pos="CC">and</wf>
<wf cmd="done" pos="VB" lemma="wait" wnsn="1" lexsn="2:42:00::">waiting</wf>
<wf cmd="ignore" pos="IN">with</wf>
<wf cmd="tag" pos="JJ">calm</wf>
<wf cmd="tag" pos="NN">faith</wf>
<wf cmd="ignore" pos="TO">to</wf>
<wf cmd="done" pos="VB" ot="notag">be</wf>
<wf cmd="done" pos="VB" lemma="rescue" wnsn="1" lexsn="2:41:00::">rescued</wf>
<wf cmd="ignore" pos="IN">by</wf>
<wf cmd="tag" pos="NNP">Maxwell</wf>
<punc>,</punc>
<wf cmd="ignore" pos="WP">who</wf>
<wf cmd="tag" pos="RB">nearly</wf>
<wf cmd="done" pos="VB" lemma="lose" wnsn="1" lexsn="2:40:02::">lost</wf>
<wf cmd="ignore" pos="PRP$">his</wf>
<wf cmd="tag" pos="NN">life</wf>
<wf cmd="ignore" pos="IN">in</wf>
<wf cmd="done" pos="VBG" ot="notag">doing</wf>
<wf cmd="tag" pos="RB">so</wf>
<punc>.</punc>
</s>
</p>
<p pnum="5">
<s snum="18">
<wf cmd="ignore" pos="DT">A</wf>
<wf cmd="tag" pos="NN">year</wf>
<wf cmd="ignore" pos="CC">and</wf>
<wf cmd="ignore" pos="DT">a</wf>
<wf cmd="tag" pos="NN">day</wf>
<wf cmd="tag" pos="RB">of_this</wf>
<wf cmd="tag" pos="NN">idyll</wf>
<wf cmd="done" pos="VBZ" ot="notag">is</wf>
<wf cmd="done" pos="VB" lemma="describe" wnsn="1" lexsn="2:32:00::">described</wf>
<wf cmd="ignore" pos="IN">for</wf>
<wf cmd="ignore" pos="DT">the</wf>
<wf cmd="tag" pos="NN">reader</wf>
<punc>,</punc>
<wf cmd="tag" pos="CD">one</wf>
<wf cmd="tag" pos="RB">in_which</wf>
<wf cmd="tag" pos="RB">not_only</wf>
<wf cmd="tag" pos="NN">discovery</wf>
<wf cmd="ignore" pos="IN">of</wf>
<wf cmd="ignore" pos="DT">a</wf>
<wf cmd="tag" pos="NN">new_world</wf>
<wf cmd="ignore" pos="IN">of</wf>
<wf cmd="tag" pos="NN">personality</wf>
<wf cmd="done" pos="VBZ" ot="notag">is</wf>
<wf cmd="done" pos="VB" lemma="chart" wnsn="1" lexsn="2:31:13::">charted</wf>
<punc>,</punc>
<wf cmd="ignore" pos="CC">but</wf>
<wf cmd="tag" pos="NN">self-discovery</wf>
<wf cmd="tag" pos="RB">as_well</wf>
<punc>.</punc>
</s>
<s snum="19">
<wf cmd="ignore" pos="IN">In</wf>
<wf cmd="ignore" pos="DT">the</wf>
<wf cmd="tag" pos="NN">solitude</wf>
<wf cmd="ignore" pos="IN">of</wf>
<wf cmd="tag" pos="NNP">Camusfearna</wf>
<wf cmd="ignore" pos="EX">there</wf>
<wf cmd="done" pos="VBD" ot="notag">had</wf>
<wf cmd="done" pos="VB" lemma="be" wnsn="4" lexsn="2:42:00::">been</wf>
<wf cmd="ignore" pos="DT">no</wf>
<wf cmd="tag" pos="NN">loneliness</wf>
<punc>.</punc>
</s>
<s snum="20">
<punc>``</punc>
<wf cmd="ignore" pos="TO">To</wf>
<wf cmd="done" pos="VB" lemma="be" wnsn="1" lexsn="2:42:03::">be</wf>
<wf cmd="tag" pos="RB">quite</wf>
<wf cmd="tag" pos="RB">alone</wf>
<wf cmd="ignore" pos="WRB">where</wf>
<wf cmd="ignore" pos="EX">there</wf>
<wf cmd="done" pos="VB" lemma="be" wnsn="4" lexsn="2:42:00::">are</wf>
<wf cmd="ignore" pos="DT">no</wf>
<wf cmd="tag" pos="JJ">other</wf>
<wf cmd="tag" pos="NN">human_beings</wf>
<wf cmd="done" pos="VB" lemma="be" wnsn="1" lexsn="2:42:03::">is</wf>
<wf cmd="tag" pos="RB">sharply</wf>
<wf cmd="tag" pos="JJ">exhilarating</wf>
<punc>;</punc>
<wf cmd="ignore" pos="PRP">it</wf>
<wf cmd="done" pos="VB" lemma="be" wnsn="1" lexsn="2:42:03::">is</wf>
<wf cmd="ignore" pos="IN">as</wf>
<wf cmd="ignore" pos="IN">though</wf>
<wf cmd="ignore" pos="DT">some</wf>
<wf cmd="tag" pos="NN">pressure</wf>
<wf cmd="done" pos="VBD" ot="notag">had</wf>
<wf cmd="tag" pos="RB">suddenly</wf>
<wf cmd="done" pos="VB" ot="notag">been_lifted</wf>
<punc>,</punc>
<wf cmd="done" pos="VB" lemma="allow" wnsn="1" lexsn="2:41:00::">allowing</wf>
<wf cmd="ignore" pos="DT">an</wf>
<wf cmd="tag" pos="JJ">intense</wf>
<wf cmd="tag" pos="NN">awareness</wf>
<punc>&amp;</punc>
<punc>&amp;</punc>
<punc>&amp;</punc>
<wf cmd="ignore" pos="DT">a</wf>
<wf cmd="tag" pos="NN">sharpening</wf>
<wf cmd="ignore" pos="IN">of</wf>
<wf cmd="ignore" pos="DT">the</wf>
<wf cmd="tag" pos="NNS">senses</wf>
<punc>''</punc>
<punc>.</punc>
</s>
</p>
<p pnum="6">
<s snum="21">
<wf cmd="tag" pos="RB">Now</wf>
<punc>,</punc>
<wf cmd="ignore" pos="IN">with</wf>
<wf cmd="ignore" pos="DT">the</wf>
<wf cmd="tag" pos="JJ">increasing</wf>
<wf cmd="tag" pos="NN">interdependence</wf>
<wf cmd="ignore" pos="IN">between</wf>
<wf cmd="ignore" pos="PRP">himself</wf>
<wf cmd="ignore" pos="CC">and</wf>
<wf cmd="tag" pos="NNP">Mij</wf>
<wf cmd="done" pos="VB" lemma="come" wnsn="6" lexsn="2:30:02::">came</wf>
<wf cmd="ignore" pos="DT">a</wf>
<wf cmd="tag" pos="NN">knowledge</wf>
<wf cmd="ignore" pos="IN">of</wf>
<wf cmd="ignore" pos="DT">an</wf>
<wf cmd="tag" pos="JJ">obscure</wf>
<wf cmd="tag" pos="NN">need</wf>
<punc>,</punc>
<wf cmd="ignore" pos="IN">that</wf>
<wf cmd="ignore" pos="IN">of</wf>
<wf cmd="done" pos="VBG" ot="notag">being</wf>
<wf cmd="done" pos="VB" lemma="trust" wnsn="1" lexsn="2:31:00::">trusted</wf>
<wf cmd="tag" pos="RB">implicitly</wf>
<wf cmd="ignore" pos="IN">by</wf>
<wf cmd="ignore" pos="DT">some</wf>
<wf cmd="tag" pos="NN">creature</wf>
<punc>.</punc>
</s>
<s snum="22">
<wf cmd="tag" pos="CD">Two</wf>
<wf cmd="tag" pos="JJ">other</wf>
<wf cmd="tag" pos="NNS">people</wf>
<wf cmd="tag" pos="RB">in_time</wf>
<wf cmd="done" pos="VB" lemma="share" wnsn="1" lexsn="2:42:00::">shared</wf>
<wf cmd="tag" pos="NNP">Mijbil</wf>
<wf cmd="ignore" pos="POS">'s</wf>
<wf cmd="tag" pos="NN">love</wf>
<punc>:</punc>
<punc>``</punc>
<wf cmd="ignore" pos="PRP">it</wf>
<wf cmd="done" pos="VB" lemma="remain" wnsn="1" lexsn="2:30:00::">remained</wf>
<wf cmd="ignore" pos="IN">around</wf>
<wf cmd="ignore" pos="PRP">us</wf>
<wf cmd="tag" pos="CD">three</wf>
<wf cmd="ignore" pos="IN">that</wf>
<wf cmd="ignore" pos="PRP$">his</wf>
<wf cmd="tag" pos="NN">orb</wf>
<wf cmd="done" pos="VB" lemma="revolve" wnsn="1" lexsn="2:38:00::">revolved</wf>
<wf cmd="ignore" pos="WRB">when</wf>
<wf cmd="ignore" pos="PRP">he</wf>
<wf cmd="done" pos="VB" lemma="be" wnsn="1" lexsn="2:42:03::">was</wf>
<wf cmd="tag" pos="RB">not</wf>
<wf cmd="tag" pos="RB">away</wf>
<wf cmd="ignore" pos="IN">in</wf>
<wf cmd="ignore" pos="PRP$">his</wf>
<wf cmd="tag" pos="JJ">own</wf>
<wf cmd="done" pos="JJ" ot="notag">imponderable</wf>
<wf cmd="tag" pos="NN">world</wf>
<wf cmd="ignore" pos="IN">of</wf>
<wf cmd="tag" pos="NN">wave</wf>
<wf cmd="ignore" pos="CC">and</wf>
<wf cmd="tag" pos="NN">water</wf>
<punc>;</punc>
<wf cmd="ignore" pos="PRP">we</wf>
<wf cmd="done" pos="VB" lemma="be" wnsn="2" lexsn="2:42:06::">were</wf>
<wf cmd="ignore" pos="PRP$">his</wf>
<wf cmd="tag" pos="NNP">Trinity</wf>
<punc>,</punc>
<wf cmd="ignore" pos="CC">and</wf>
<wf cmd="ignore" pos="PRP">he</wf>
<wf cmd="done" pos="VB" lemma="behave" wnsn="1" lexsn="2:29:00::">behaved</wf>
<wf cmd="ignore" pos="IN">towards</wf>
<wf cmd="ignore" pos="PRP">us</wf>
<wf cmd="ignore" pos="IN">with</wf>
<wf cmd="ignore" pos="DT">a</wf>
<wf cmd="tag" pos="NN">mixture</wf>
<wf cmd="ignore" pos="IN">of</wf>
<wf cmd="tag" pos="NN">trust</wf>
<wf cmd="ignore" pos="CC">and</wf>
<wf cmd="tag" pos="NN">abuse</wf>
<punc>,</punc>
<wf cmd="tag" pos="NN">passion</wf>
<wf cmd="ignore" pos="CC">and</wf>
<wf cmd="tag" pos="NN">irritation</wf>
<punc>.</punc>
</s>
<s snum="23">
<wf cmd="tag" pos="RB">In_turn</wf>
<wf cmd="ignore" pos="DT">each</wf>
<wf cmd="ignore" pos="IN">of</wf>
<wf cmd="ignore" pos="PRP">us</wf>
<wf cmd="ignore" pos="IN">in</wf>
<wf cmd="ignore" pos="PRP$">our</wf>
<wf cmd="tag" pos="JJ">own</wf>
<wf cmd="tag" pos="NN">way</wf>
<wf cmd="done" pos="VB" lemma="depend" wnsn="1" lexsn="2:42:00::">depended</wf>
<punc>,</punc>
<wf cmd="ignore" pos="IN">as</wf>
<wf cmd="tag" pos="NNS">gods</wf>
<wf cmd="done" pos="VBP" ot="notag">do</wf>
<punc>,</punc>
<wf cmd="ignore" pos="IN">upon</wf>
<wf cmd="ignore" pos="PRP$">his</wf>
<wf cmd="tag" pos="NN">worship</wf>
<punc>''</punc>
<punc>.</punc>
</s>
</p>
<p pnum="7">
<s snum="24">
<wf cmd="tag" pos="RB">Yet</wf>
<wf cmd="ignore" pos="DT">the</wf>
<wf cmd="tag" pos="NN">idyll</wf>
<wf cmd="done" pos="VB" lemma="end" wnsn="1" lexsn="2:42:00::">ended</wf>
<punc>.</punc>
</s>
<s snum="25">
<wf cmd="ignore" pos="DT">The</wf>
<wf cmd="tag" pos="JJ">brief</wf>
<wf cmd="tag" pos="NNS">details</wf>
<wf cmd="ignore" pos="IN">of</wf>
<wf cmd="tag" pos="NNP">Mijbil</wf>
<wf cmd="ignore" pos="POS">'s</wf>
<wf cmd="tag" pos="NN">death</wf>
<wf cmd="done" pos="VB" lemma="lend" wnsn="1" lexsn="2:40:01::">lend</wf>
<wf cmd="tag" pos="NN">depth</wf>
<wf cmd="ignore" pos="TO">to</wf>
<wf cmd="ignore" pos="DT">the</wf>
<wf cmd="tag" pos="NN">story</wf>
<punc>,</punc>
<wf cmd="done" pos="VB" lemma="give" wnsn="13" lexsn="2:36:01::">give</wf>
<wf cmd="ignore" pos="PRP">it</wf>
<wf cmd="ignore" pos="DT">an</wf>
<wf cmd="tag" pos="NN">edge</wf>
<wf cmd="ignore" pos="IN">of</wf>
<wf cmd="tag" pos="JJ">ironic</wf>
<wf cmd="tag" pos="NN">tragedy</wf>
<punc>.</punc>
</s>
<s snum="26">
<wf cmd="tag" pos="NN">Man</wf>
<punc>,</punc>
<wf cmd="ignore" pos="TO">to</wf>
<wf cmd="ignore" pos="WP">whom</wf>
<wf cmd="tag" pos="NNP">Mij</wf>
<wf cmd="done" pos="VB" lemma="give" wnsn="3" lexsn="2:40:00::">gave</wf>
<wf cmd="tag" pos="JJ">endless</wf>
<wf cmd="tag" pos="NN">affection</wf>
<wf cmd="ignore" pos="CC">and</wf>
<wf cmd="tag" pos="NN">fealty</wf>
<punc>,</punc>
<wf cmd="done" pos="VB" lemma="be" wnsn="1" lexsn="2:42:03::">was</wf>
<wf cmd="tag" pos="JJ">responsible</wf>
<wf cmd="ignore" pos="IN">in</wf>
<wf cmd="ignore" pos="DT">the</wf>
<wf cmd="tag" pos="NN">form</wf>
<wf cmd="ignore" pos="IN">of</wf>
<wf cmd="ignore" pos="DT">a</wf>
<wf cmd="tag" pos="NN">road</wf>
<wf cmd="tag" pos="NN">worker</wf>
<wf cmd="ignore" pos="IN">with</wf>
<wf cmd="ignore" pos="DT">a</wf>
<wf cmd="tag" pos="NN">pickaxe</wf>
<wf cmd="ignore" pos="WP">who</wf>
<wf cmd="tag" pos="RB">somehow</wf>
<wf cmd="done" pos="VB" lemma="become" wnsn="1" lexsn="2:30:00::">becomes</wf>
<wf cmd="ignore" pos="DT">an</wf>
<wf cmd="tag" pos="JJ">abstract</wf>
<wf cmd="tag" pos="NN">symbol</wf>
<wf cmd="ignore" pos="IN">of</wf>
<wf cmd="ignore" pos="DT">the</wf>
<wf cmd="tag" pos="NN">savage</wf>
<wf cmd="ignore" pos="IN">in</wf>
<wf cmd="tag" pos="NN">man</wf>
<punc>.</punc>
</s>
<s snum="27">
<wf cmd="ignore" pos="CC">But</wf>
<wf cmd="tag" pos="RB">then</wf>
<punc>,</punc>
<wf cmd="ignore" pos="IN">through</wf>
<wf cmd="ignore" pos="DT">a</wf>
<wf cmd="tag" pos="JJ">strange</wf>
<wf cmd="tag" pos="NN">coincidence</wf>
<punc>,</punc>
<wf cmd="tag" pos="NNP">Maxwell</wf>
<wf cmd="done" pos="VB" lemma="manage" wnsn="5" lexsn="2:41:08::">manages</wf>
<wf cmd="ignore" pos="TO">to</wf>
<wf cmd="done" pos="VB" lemma="acquire" wnsn="1" lexsn="2:40:00::">acquire</wf>
<wf cmd="tag" pos="NNP">Idal</wf>
<punc>,</punc>
<wf cmd="ignore" pos="DT">a</wf>
<wf cmd="tag" pos="JJ">female</wf>
<wf cmd="tag" pos="NN">otter</wf>
<punc>,</punc>
<wf cmd="ignore" pos="CC">and</wf>
<wf cmd="ignore" pos="DT">the</wf>
<wf cmd="tag" pos="JJ">fascinating</wf>
<wf cmd="tag" pos="NN">story</wf>
<wf cmd="done" pos="VB" lemma="start" wnsn="1" lexsn="2:30:00::">starts</wf>
<wf cmd="tag" pos="RB">once_more</wf>
<punc>.</punc>
</s>
</p>
<p pnum="8">
<s snum="28">
<wf cmd="tag" pos="CD">One</wf>
<wf cmd="done" pos="VB" lemma="be" wnsn="1" lexsn="2:42:03::">is</wf>
<wf cmd="tag" pos="RB">not</wf>
<wf cmd="tag" pos="JJ">sure</wf>
<wf cmd="ignore" pos="WP">who</wf>
<wf cmd="done" pos="VB" lemma="emerge" wnsn="3" lexsn="2:30:01::">emerges</wf>
<wf cmd="ignore" pos="IN">as</wf>
<wf cmd="ignore" pos="DT">the</wf>
<wf cmd="tag" pos="JJ">main</wf>
<wf cmd="tag" pos="NN">personality</wf>
<wf cmd="tag" pos="RB">of_this</wf>
<wf cmd="tag" pos="NN">book</wf>
<punc>-</punc>
<wf cmd="tag" pos="NNP">Mijbil</wf>
<punc>,</punc>
<wf cmd="ignore" pos="IN">with</wf>
<wf cmd="ignore" pos="PRP$">his</wf>
<wf cmd="tag" pos="JJ">rollicking</wf>
<wf cmd="tag" pos="NNS">ways</wf>
<punc>,</punc>
<wf cmd="ignore" pos="CC">or</wf>
<wf cmd="tag" pos="NNP">Maxwell</wf>
<wf cmd="ignore" pos="PRP">himself</wf>
<punc>,</punc>
<wf cmd="tag" pos="NN">poet</wf>
<punc>,</punc>
<wf cmd="tag" pos="NN">portrait_painter</wf>
<punc>,</punc>
<wf cmd="tag" pos="NN">writer</wf>
<punc>,</punc>
<wf cmd="tag" pos="NN">journalist</wf>
<punc>,</punc>
<wf cmd="tag" pos="NN">traveller</wf>
<wf cmd="ignore" pos="CC">and</wf>
<wf cmd="tag" pos="NN">zoologist</wf>
<punc>,</punc>
<wf cmd="tag" pos="JJ">sensitive</wf>
<wf cmd="ignore" pos="CC">but</wf>
<wf cmd="tag" pos="RB">never</wf>
<wf cmd="tag" pos="JJ">sentimental</wf>
<wf cmd="tag" pos="NN">recorder</wf>
<wf cmd="ignore" pos="IN">of</wf>
<wf cmd="ignore" pos="DT">an</wf>
<wf cmd="tag" pos="JJ">unusual</wf>
<wf cmd="tag" pos="NN">way_of_life</wf>
<punc>,</punc>
<wf cmd="ignore" pos="IN">in</wf>
<wf cmd="ignore" pos="DT">a</wf>
<wf cmd="tag" pos="NN">language</wf>
<wf cmd="tag" pos="RB">at_once</wf>
<wf cmd="tag" pos="JJ">lyrical</wf>
<wf cmd="ignore" pos="CC">and</wf>
<wf cmd="tag" pos="JJ">forceful</wf>
<punc>,</punc>
<wf cmd="tag" pos="JJ">vivid</wf>
<wf cmd="ignore" pos="CC">and</wf>
<wf cmd="tag" pos="JJ">unabashed</wf>
<punc>.</punc>
</s>
<s snum="29">
<wf cmd="ignore" pos="DT">This</wf>
<wf cmd="tag" pos="NN">reviewer</wf>
<wf cmd="done" pos="VB" lemma="read" wnsn="1" lexsn="2:31:00::">read</wf>
<wf cmd="ignore" pos="DT">the</wf>
<wf cmd="tag" pos="NN">book</wf>
<wf cmd="ignore" pos="WRB">when</wf>
<wf cmd="ignore" pos="PRP">it</wf>
<wf cmd="done" pos="VB" lemma="be" wnsn="1" lexsn="2:42:03::">was</wf>
<wf cmd="tag" pos="JJ">first</wf>
<wf cmd="done" pos="VB" lemma="bring_out" wnsn="1" lexsn="2:39:00::">brought_out</wf>
<wf cmd="ignore" pos="IN">in</wf>
<wf cmd="tag" pos="NNP">England</wf>
<wf cmd="ignore" pos="IN">with</wf>
<wf cmd="ignore" pos="DT">a</wf>
<wf cmd="tag" pos="NN">sense</wf>
<wf cmd="ignore" pos="IN">of</wf>
<wf cmd="tag" pos="NN">discovery</wf>
<wf cmd="ignore" pos="CC">and</wf>
<wf cmd="tag" pos="NN">excitement</wf>
<punc>.</punc>
</s>
<s snum="30">
<wf cmd="tag" pos="RB">Now</wf>
<wf cmd="tag" pos="NNP">Gavin_Maxwell</wf>
<wf cmd="ignore" pos="POS">'s</wf>
<wf cmd="tag" pos="NN">ring</wf>
<wf cmd="ignore" pos="IN">of</wf>
<wf cmd="tag" pos="JJ">bright</wf>
<wf cmd="tag" pos="NN">water</wf>
<wf cmd="done" pos="VBZ" ot="notag">has</wf>
<wf cmd="done" pos="VB" lemma="widen" wnsn="1" lexsn="2:30:00::">widened</wf>
<wf cmd="ignore" pos="TO">to</wf>
<wf cmd="done" pos="VB" lemma="enchant" wnsn="1" lexsn="2:37:00::">enchant</wf>
<wf cmd="ignore" pos="DT">the</wf>
<wf cmd="tag" pos="NN">world</wf>
<punc>.</punc>
</s>
</p>
<p pnum="9">
<s snum="31">
<wf cmd="ignore" pos="DT">The</wf>
<wf cmd="tag" pos="NNS">performances</wf>
<wf cmd="ignore" pos="IN">of</wf>
<wf cmd="ignore" pos="DT">the</wf>
<wf cmd="tag" pos="NNP">Comedie_Francaise</wf>
<wf cmd="done" pos="VB" lemma="be" wnsn="1" lexsn="2:42:03::">are</wf>
<wf cmd="tag" pos="RB">the_most</wf>
<wf cmd="tag" pos="JJ">important</wf>
<wf cmd="tag" pos="JJ">recent</wf>
<wf cmd="tag" pos="NNS">events</wf>
<wf cmd="ignore" pos="IN">in</wf>
<wf cmd="ignore" pos="DT">the</wf>
<wf cmd="tag" pos="NN">New_York</wf>
<wf cmd="tag" pos="NN">theater</wf>
<punc>.</punc>
</s>
</p>
<p pnum="10">
<s snum="32">
<wf cmd="ignore" pos="PRP">They</wf>
<wf cmd="done" pos="VB" lemma="serve" wnsn="3" lexsn="2:42:01::">serve</wf>
<wf cmd="ignore" pos="TO">to</wf>
<wf cmd="done" pos="VB" lemma="contradict" wnsn="1" lexsn="2:42:00::">contradict</wf>
<wf cmd="ignore" pos="DT">a</wf>
<wf cmd="tag" pos="JJ">popular</wf>
<wf cmd="tag" pos="NN">notion</wf>
<wf cmd="ignore" pos="IN">that</wf>
<wf cmd="ignore" pos="DT">the</wf>
<wf cmd="tag" pos="NNP">Comedie</wf>
<wf cmd="tag" pos="RB">merely</wf>
<wf cmd="done" pos="VB" lemma="repeat" wnsn="3" lexsn="2:30:00::">repeats</wf>
<punc>,</punc>
<wf cmd="tag" pos="RB">as</wf>
<wf cmd="tag" pos="RB">accurately</wf>
<wf cmd="ignore" pos="IN">as</wf>
<wf cmd="tag" pos="JJ">possible</wf>
<punc>,</punc>
<wf cmd="ignore" pos="DT">the</wf>
<wf cmd="tag" pos="NNS">techniques</wf>
<wf cmd="ignore" pos="IN">of</wf>
<wf cmd="done" pos="VB" lemma="act" wnsn="3" lexsn="2:36:00::">acting</wf>
<wf cmd="ignore" pos="DT">the</wf>
<wf cmd="tag" pos="NNS">classics</wf>
<wf cmd="ignore" pos="WDT">that</wf>
<wf cmd="done" pos="VB" lemma="prevail" wnsn="2" lexsn="2:42:01::">prevailed</wf>
<wf cmd="ignore" pos="IN">in</wf>
<wf cmd="ignore" pos="DT">the</wf>
<wf cmd="tag" pos="CD">17</wf>
<wf cmd="ignore" pos="DT">th</wf>
<wf cmd="tag" pos="NN">century</wf>
<punc>.</punc>
</s>
<s snum="33">
<wf cmd="tag" pos="RB">On_the_contrary</wf>
<punc>,</punc>
<wf cmd="ignore" pos="DT">the</wf>
<wf cmd="tag" pos="JJ">old</wf>
<wf cmd="tag" pos="NN">plays</wf>
<wf cmd="done" pos="VBP" ot="notag">are</wf>
<wf cmd="tag" pos="RB">continually</wf>
<wf cmd="done" pos="VBG" ot="notag">being</wf>
<wf cmd="done" pos="VB" lemma="reinterpret" wnsn="1" lexsn="2:32:00::">reinterpreted</wf>
<punc>,</punc>
<wf cmd="ignore" pos="CC">and</wf>
<wf cmd="ignore" pos="DT">each</wf>
<wf cmd="tag" pos="JJ">new</wf>
<wf cmd="tag" pos="NN">production</wf>
<wf cmd="ignore" pos="IN">of</wf>
<wf cmd="ignore" pos="DT">a</wf>
<wf cmd="tag" pos="JJ">classic</wf>
<wf cmd="done" pos="VB" lemma="have" wnsn="9" lexsn="2:40:01::">has</wf>
<wf cmd="tag" pos="RB">only</wf>
<wf cmd="ignore" pos="DT">a</wf>
<wf cmd="tag" pos="JJ">brief</wf>
<wf cmd="tag" pos="NN">history</wf>
<wf cmd="ignore" pos="IN">at</wf>
<wf cmd="ignore" pos="DT">the</wf>
<wf cmd="tag" pos="NNP">Comedie</wf>
<punc>.</punc>
</s>
</p>
<p pnum="11">
<s snum="34">
<wf cmd="tag" pos="RB">Of_course</wf>
<punc>,</punc>
<wf cmd="ignore" pos="DT">the</wf>
<wf cmd="tag" pos="JJ">well-received</wf>
<wf cmd="tag" pos="NNS">revivals</wf>
<wf cmd="done" pos="VB" lemma="last" wnsn="1" lexsn="2:42:00::">last</wf>
<wf cmd="tag" pos="RB">longer</wf>
<wf cmd="ignore" pos="IN">than</wf>
<wf cmd="ignore" pos="DT">the</wf>
<wf cmd="tag" pos="NNS">others</wf>
<punc>,</punc>
<wf cmd="ignore" pos="CC">and</wf>
<wf cmd="ignore" pos="IN">that</wf>
<wf cmd="tag" pos="JJ">further</wf>
<wf cmd="done" pos="VB" lemma="remind" wnsn="2" lexsn="2:32:00::">reminds</wf>
<wf cmd="ignore" pos="PRP">us</wf>
<wf cmd="ignore" pos="IN">that</wf>
<wf cmd="ignore" pos="DT">the</wf>
<wf cmd="tag" pos="NNP">Comedie</wf>
<wf cmd="done" pos="VB" lemma="be" wnsn="1" lexsn="2:42:03::">is</wf>
<wf cmd="tag" pos="RB">not</wf>
<wf cmd="tag" pos="JJ">insensitive</wf>
<wf cmd="ignore" pos="TO">to</wf>
<wf cmd="tag" pos="NN">criticism</wf>
<punc>.</punc>
</s>
<s snum="35">
<wf cmd="ignore" pos="DT">The</wf>
<wf cmd="tag" pos="NNS">directors</wf>
<wf cmd="ignore" pos="IN">of</wf>
<wf cmd="ignore" pos="DT">the</wf>
<wf cmd="tag" pos="NNP">Comedie</wf>
<wf cmd="done" pos="VBP" ot="notag">do</wf>
<wf cmd="tag" pos="RB">not</wf>
<wf cmd="done" pos="VB" lemma="respond" wnsn="1" lexsn="2:31:00::">respond</wf>
<wf cmd="ignore" pos="TO">to</wf>
<wf cmd="tag" pos="JJ">adverse</wf>
<wf cmd="tag" pos="NNS">notices</wf>
<wf cmd="ignore" pos="IN">in</wf>
<wf cmd="ignore" pos="IN">as</wf>
<wf cmd="tag" pos="JJ">docile</wf>
<wf cmd="ignore" pos="CC">and</wf>
<wf cmd="tag" pos="JJ">subservient</wf>
<wf cmd="ignore" pos="DT">a</wf>
<wf cmd="tag" pos="NN">manner</wf>
<wf cmd="ignore" pos="IN">as</wf>
<wf cmd="ignore" pos="DT">the</wf>
<wf cmd="tag" pos="NNP">Broadway</wf>
<wf cmd="tag" pos="NNS">producers</wf>
<wf cmd="ignore" pos="WP">who</wf>
<punc>,</punc>
<wf cmd="ignore" pos="IN">in</wf>
<wf cmd="tag" pos="CD">two</wf>
<wf cmd="tag" pos="NNS">instances</wf>
<wf cmd="ignore" pos="DT">this</wf>
<wf cmd="tag" pos="NN">season</wf>
<punc>,</punc>
<wf cmd="done" pos="VB" lemma="close" wnsn="3" lexsn="2:41:00::">closed</wf>
<wf cmd="ignore" pos="PRP$">their</wf>
<wf cmd="tag" pos="NNS">plays</wf>
<wf cmd="ignore" pos="IN">after</wf>
<wf cmd="tag" pos="CD">one</wf>
<wf cmd="tag" pos="NN">performance</wf>
<punc>.</punc>
</s>
<s snum="36">
<wf cmd="ignore" pos="CC">But</wf>
<wf cmd="ignore" pos="PRP">they</wf>
<wf cmd="done" pos="VB" lemma="be" wnsn="1" lexsn="2:42:03::">are</wf>
<wf cmd="tag" pos="JJ">aware_of</wf>
<wf cmd="ignore" pos="DT">the</wf>
<wf cmd="tag" pos="NN">world</wf>
<wf cmd="tag" pos="RB">outside</wf>
<punc>,</punc>
<wf cmd="ignore" pos="PRP">they</wf>
<wf cmd="done" pos="VB" lemma="court" wnsn="2" lexsn="2:41:01::">court</wf>
<wf cmd="tag" pos="JJ">public</wf>
<wf cmd="tag" pos="NN">approval</wf>
<punc>,</punc>
<wf cmd="ignore" pos="PRP">they</wf>
<wf cmd="done" pos="VB" lemma="delight" wnsn="2" lexsn="2:34:00::">delight</wf>
<wf cmd="done" pos="VB" ot="notag">in</wf>
<wf cmd="tag" pos="JJ">full</wf>
<wf cmd="tag" pos="NNS">houses</wf>
<punc>,</punc>
<wf cmd="ignore" pos="CC">and</wf>
<wf cmd="ignore" pos="PRP">they</wf>
<wf cmd="tag" pos="RB">occasionally</wf>
<wf cmd="done" pos="VB" lemma="dare" wnsn="1" lexsn="2:41:00::">dare</wf>
<wf cmd="ignore" pos="TO">to</wf>
<wf cmd="done" pos="VB" lemma="experiment" wnsn="1" lexsn="2:41:01::">experiment</wf>
<wf cmd="ignore" pos="IN">in</wf>
<wf cmd="done" pos="VB" lemma="interpret" wnsn="3" lexsn="2:36:00::">interpreting</wf>
<wf cmd="ignore" pos="DT">a</wf>
<wf cmd="tag" pos="JJ">dramatic</wf>
<wf cmd="tag" pos="NN">classic</wf>
<punc>.</punc>
</s>
</p>
<p pnum="12">
<s snum="37">
<wf cmd="ignore" pos="IN">In</wf>
<wf cmd="tag" pos="NNP">France</wf>
<punc>,</punc>
<wf cmd="tag" pos="NN">novel</wf>
<wf cmd="tag" pos="NNS">approaches</wf>
<wf cmd="ignore" pos="TO">to</wf>
<wf cmd="ignore" pos="DT">the</wf>
<wf cmd="tag" pos="JJ">classic</wf>
<wf cmd="tag" pos="JJ">French</wf>
<wf cmd="tag" pos="NN">plays</wf>
<wf cmd="done" pos="VBP" ot="notag">are</wf>
<wf cmd="tag" pos="RB">frequently</wf>
<wf cmd="done" pos="VB" lemma="attempt" wnsn="2" lexsn="2:36:00::">attempted</wf>
<punc>.</punc>
</s>
<s snum="38">
<wf cmd="ignore" pos="DT">The</wf>
<wf cmd="tag" pos="NN">government</wf>
<wf cmd="done" pos="VB" lemma="pay" wnsn="5" lexsn="2:40:02::">pays</wf>
<wf cmd="ignore" pos="DT">a</wf>
<wf cmd="tag" pos="NN">subsidy</wf>
<wf cmd="ignore" pos="IN">for</wf>
<wf cmd="tag" pos="NN">revival</wf>
<wf cmd="ignore" pos="IN">of</wf>
<wf cmd="ignore" pos="DT">the</wf>
<wf cmd="tag" pos="NNS">classics</wf>
<punc>,</punc>
<wf cmd="ignore" pos="CC">and</wf>
<wf cmd="ignore" pos="DT">this</wf>
<wf cmd="tag" pos="NN">policy</wf>
<wf cmd="done" pos="VB" lemma="attract" wnsn="1" lexsn="2:35:00::">attracts</wf>
<wf cmd="tag" pos="NNS">experimenters</wf>
<wf cmd="ignore" pos="WP">who</wf>
<wf cmd="tag" pos="RB">sometimes</wf>
<wf cmd="done" pos="VB" lemma="put" wnsn="2" lexsn="2:35:05::">put</wf>
<wf cmd="tag" pos="NNP">Moliere</wf>
<wf cmd="ignore" pos="POS">'s</wf>
<wf cmd="tag" pos="NNS">characters</wf>
<wf cmd="ignore" pos="IN">in</wf>
<wf cmd="tag" pos="JJ">modern</wf>
<wf cmd="tag" pos="NN">dress</wf>
<wf cmd="ignore" pos="CC">and</wf>
<wf cmd="tag" pos="RB">often</wf>
<wf cmd="done" pos="VB" lemma="achieve" wnsn="1" lexsn="2:41:00::">achieve</wf>
<wf cmd="tag" pos="JJ">interesting</wf>
<wf cmd="tag" pos="NNS">results</wf>
<punc>.</punc>
</s>
</p>
<p pnum="13">
<s snum="39">
<wf cmd="tag" pos="RB">So_far</wf>
<wf cmd="ignore" pos="IN">as</wf>
<wf cmd="ignore" pos="PRP">I</wf>
<wf cmd="done" pos="VB" lemma="know" wnsn="1" lexsn="2:31:01::">know</wf>
<punc>,</punc>
<wf cmd="ignore" pos="DT">the</wf>
<wf cmd="tag" pos="NNP">Comedie</wf>
<wf cmd="done" pos="VBZ" ot="notag">has</wf>
<wf cmd="tag" pos="RB">never</wf>
<wf cmd="done" pos="VB" lemma="put" wnsn="2" lexsn="2:35:05::">put</wf>
<wf cmd="tag" pos="NNP">Moliere</wf>
<wf cmd="ignore" pos="POS">'s</wf>
<wf cmd="tag" pos="NNS">people</wf>
<wf cmd="ignore" pos="IN">in</wf>
<wf cmd="ignore" pos="DT">the</wf>
<wf cmd="tag" pos="NNS">costumes</wf>
<wf cmd="ignore" pos="IN">of</wf>
<wf cmd="ignore" pos="DT">the</wf>
<wf cmd="tag" pos="CD">20</wf>
<wf cmd="ignore" pos="DT">th</wf>
<wf cmd="tag" pos="NN">century</wf>
<punc>,</punc>
<wf cmd="ignore" pos="CC">but</wf>
<wf cmd="ignore" pos="PRP">they</wf>
<wf cmd="done" pos="VBP" ot="notag">do</wf>
<wf cmd="done" pos="VB" lemma="reinterpret" wnsn="1" lexsn="2:32:00::">reinterpret</wf>
<wf cmd="tag" pos="NNS">plays</wf>
<wf cmd="ignore" pos="CC">and</wf>
<wf cmd="tag" pos="NNS">characters</wf>
<punc>.</punc>
</s>
<s snum="40">
<wf cmd="tag" pos="JJ">Last</wf>
<wf cmd="tag" pos="NN">season</wf>
<punc>,</punc>
<wf cmd="ignore" pos="DT">the</wf>
<wf cmd="tag" pos="NNP">Comedie</wf>
<wf cmd="ignore" pos="POS">'s</wf>
<wf cmd="tag" pos="CD">two</wf>
<wf cmd="tag" pos="JJ">principal</wf>
<wf cmd="tag" pos="NNS">experiments</wf>
<wf cmd="done" pos="VB" lemma="come" wnsn="3" lexsn="2:30:01::">came</wf>
<wf cmd="done" pos="NN" ot="notag">to</wf>
<wf cmd="tag" pos="NN">grief</wf>
<punc>,</punc>
<wf cmd="ignore" pos="CC">and</wf>
<punc>,</punc>
<wf cmd="ignore" pos="IN">in</wf>
<wf cmd="tag" pos="NN">consequence</wf>
<punc>,</punc>
<wf cmd="ignore" pos="PRP">we</wf>
<wf cmd="ignore" pos="MD">can</wf>
<wf cmd="done" pos="VB" lemma="expect" wnsn="1" lexsn="2:31:00::">expect</wf>
<wf cmd="tag" pos="RB">fairly</wf>
<wf cmd="tag" pos="RB">soon</wf>
<wf cmd="ignore" pos="TO">to</wf>
<wf cmd="done" pos="VB" lemma="see" wnsn="3" lexsn="2:39:02::">see</wf>
<wf cmd="tag" pos="RB">still</wf>
<wf cmd="tag" pos="JJR">newer</wf>
<wf cmd="tag" pos="NNS">productions</wf>
<wf cmd="ignore" pos="IN">of</wf>
<wf cmd="tag" pos="NNP">Racine</wf>
<wf cmd="ignore" pos="POS">'s</wf>
<punc>``</punc>
<wf cmd="tag" pos="NNP">Phedre</wf>
<punc>''</punc>
<wf cmd="ignore" pos="CC">and</wf>
<wf cmd="tag" pos="NNP">Moliere</wf>
<wf cmd="ignore" pos="POS">'s</wf>
<punc>``</punc>
<wf cmd="tag" pos="NNP">School</wf>
<wf cmd="ignore" pos="IN">for</wf>
<wf cmd="tag" pos="NNPS">Wives</wf>
<punc>''</punc>
<punc>.</punc>
</s>
</p>
<p pnum="14">
<s snum="41">
<wf cmd="ignore" pos="DT">The</wf>
<wf cmd="tag" pos="JJ">new</wf>
<punc>``</punc>
<wf cmd="tag" pos="NNP">Phedre</wf>
<punc>''</punc>
<wf cmd="done" pos="VBD" ot="notag">was</wf>
<wf cmd="done" pos="VB" lemma="do" wnsn="2" lexsn="2:36:01::">done</wf>
<wf cmd="done" pos="VB" ot="notag">in</wf>
<wf cmd="tag" pos="CD">17</wf>
<wf cmd="ignore" pos="DT">th</wf>
<wf cmd="tag" pos="NN">century</wf>
<wf cmd="tag" pos="NN">setting</wf>
<punc>,</punc>
<wf cmd="tag" pos="RB">instead</wf>
<wf cmd="ignore" pos="IN">of</wf>
<wf cmd="tag" pos="NN">ancient_Greek</wf>
<punc>;</punc>
<wf cmd="tag" pos="RB">perhaps</wf>
<wf cmd="tag" pos="RB">that</wf>
<wf cmd="done" pos="VB" lemma="be" wnsn="2" lexsn="2:42:06::">is</wf>
<wf cmd="ignore" pos="DT">the</wf>
<wf cmd="tag" pos="NNP">Comedie</wf>
<wf cmd="ignore" pos="POS">'s</wf>
<wf cmd="tag" pos="NN">equivalent</wf>
<wf cmd="ignore" pos="IN">for</wf>
<wf cmd="done" pos="VB" lemma="thrust" wnsn="3" lexsn="2:38:01::">thrusting</wf>
<wf cmd="ignore" pos="DT">this</wf>
<wf cmd="tag" pos="NN">play</wf>
<wf cmd="ignore" pos="POS">'s</wf>
<wf cmd="tag" pos="NNS">characters</wf>
<wf cmd="ignore" pos="IN">into</wf>
<wf cmd="ignore" pos="PRP$">our</wf>
<wf cmd="tag" pos="JJ">own</wf>
<wf cmd="tag" pos="NN">time</wf>
<punc>.</punc>
</s>
<s snum="42">
<wf cmd="ignore" pos="DT">The</wf>
<wf cmd="tag" pos="NN">speaking</wf>
<wf cmd="ignore" pos="IN">of</wf>
<wf cmd="ignore" pos="DT">the</wf>
<wf cmd="tag" pos="NNS">lines</wf>
<wf cmd="done" pos="VB" lemma="seem" wnsn="1" lexsn="2:39:00::">seemed</wf>
<wf cmd="tag" pos="RB">excessively</wf>
<wf cmd="tag" pos="JJ">slow</wf>
<wf cmd="ignore" pos="CC">and</wf>
<wf cmd="tag" pos="JJ">stately</wf>
<punc>,</punc>
<wf cmd="tag" pos="RB">possibly</wf>
<wf cmd="ignore" pos="IN">in</wf>
<wf cmd="ignore" pos="DT">an</wf>
<wf cmd="tag" pos="NN">effort</wf>
<wf cmd="ignore" pos="TO">to</wf>
<wf cmd="done" pos="VB" lemma="capture" wnsn="1" lexsn="2:36:00::">capture</wf>
<wf cmd="ignore" pos="DT">the</wf>
<wf cmd="tag" pos="NN">spirit</wf>
<wf cmd="ignore" pos="IN">of</wf>
<wf cmd="tag" pos="CD">17</wf>
<wf cmd="ignore" pos="DT">th</wf>
<wf cmd="tag" pos="NN">century</wf>
<wf cmd="tag" pos="NN">elegance</wf>
<punc>.</punc>
</s>
<s snum="43">
<wf cmd="tag" pos="JJ">A_few</wf>
<wf cmd="tag" pos="JJ">literary</wf>
<wf cmd="tag" pos="NNS">men</wf>
<wf cmd="done" pos="VB" lemma="defend" wnsn="1" lexsn="2:32:00::">defended</wf>
<wf cmd="ignore" pos="WP">what</wf>
<wf cmd="ignore" pos="PRP">they</wf>
<wf cmd="done" pos="VB" lemma="take_to_be" wnsn="1" lexsn="2:31:00::">took_to_be</wf>
<wf cmd="ignore" pos="DT">an</wf>
<wf cmd="tag" pos="NN">emphasis</wf>
<wf cmd="ignore" pos="IN">on</wf>
<wf cmd="ignore" pos="DT">the</wf>
<wf cmd="tag" pos="NN">poetry</wf>
<wf cmd="ignore" pos="IN">at</wf>
<wf cmd="ignore" pos="DT">the</wf>
<wf cmd="tag" pos="NN">expense</wf>
<wf cmd="ignore" pos="IN">of</wf>
<wf cmd="ignore" pos="DT">the</wf>
<wf cmd="tag" pos="NN">drama</wf>
<punc>,</punc>
<wf cmd="ignore" pos="CC">but</wf>
<wf cmd="ignore" pos="DT">the</wf>
<wf cmd="tag" pos="NN">response</wf>
<wf cmd="done" pos="VB" lemma="be" wnsn="1" lexsn="2:42:03::">was</wf>
<wf cmd="tag" pos="RB">mainly</wf>
<wf cmd="tag" pos="JJ">hostile</wf>
<wf cmd="ignore" pos="CC">and</wf>
<wf cmd="tag" pos="RB">quite</wf>
<wf cmd="tag" pos="JJ">violent</wf>
<punc>.</punc>
</s>
</p>
<p pnum="15">
<s snum="44">
<wf cmd="ignore" pos="DT">The</wf>
<wf cmd="tag" pos="JJ">new</wf>
<punc>``</punc>
<wf cmd="tag" pos="NNP">School</wf>
<wf cmd="ignore" pos="IN">for</wf>
<wf cmd="tag" pos="NNPS">Wives</wf>
<punc>''</punc>
<wf cmd="done" pos="VBD" ot="notag">was</wf>
<wf cmd="done" pos="VB" lemma="interpret" wnsn="3" lexsn="2:36:00::">interpreted</wf>
<wf cmd="tag" pos="JJ">according</wf>
<wf cmd="ignore" pos="TO">to</wf>
<wf cmd="ignore" pos="DT">a</wf>
<wf cmd="tag" pos="NN">principle</wf>
<wf cmd="tag" pos="RB">that_is</wf>
<wf cmd="done" pos="VB" lemma="become" wnsn="1" lexsn="2:30:00::">becoming</wf>
<wf cmd="tag" pos="RB">increasingly</wf>
<wf cmd="tag" pos="JJ">common</wf>
<wf cmd="ignore" pos="IN">in</wf>
<wf cmd="ignore" pos="DT">the</wf>
<wf cmd="tag" pos="NN">playing</wf>
<wf cmd="ignore" pos="IN">of</wf>
<wf cmd="tag" pos="JJ">classic</wf>
<wf cmd="tag" pos="NN">comedy</wf>
<punc>-</punc>
<wf cmd="ignore" pos="DT">the</wf>
<wf cmd="tag" pos="NN">idea</wf>
<wf cmd="ignore" pos="IN">of</wf>
<wf cmd="done" rdf="turning_into" pos="VB" lemma="turn_into" wnsn="0" lexsn="2:42:00::">turning</wf>
<wf cmd="ignore" pos="DT">some</wf>
<wf cmd="tag" pos="RB">obviously</wf>
<wf cmd="tag" pos="JJ">ludicrous</wf>
<wf cmd="tag" pos="NN">figure</wf>
<wf cmd="ignore" pos="IN">into</wf>
<wf cmd="ignore" pos="DT">a</wf>
<wf cmd="tag" pos="JJ">tragic</wf>
<wf cmd="tag" pos="NN">character</wf>
<punc>.</punc>
</s>
</p>
<p pnum="16">
<s snum="45">
<wf cmd="ignore" pos="IN">Among</wf>
<wf cmd="ignore" pos="DT">the</wf>
<wf cmd="tag" pos="NNP">Moliere</wf>
<wf cmd="tag" pos="NNS">specialists</wf>
<wf cmd="ignore" pos="IN">of</wf>
<wf cmd="ignore" pos="DT">some</wf>
<wf cmd="tag" pos="NNS">years</wf>
<wf cmd="tag" pos="RB">ago</wf>
<punc>,</punc>
<wf cmd="tag" pos="NNP">Louis_Jouvet</wf>
<wf cmd="done" pos="VB" lemma="try" wnsn="1" lexsn="2:41:00::">tried</wf>
<wf cmd="ignore" pos="TO">to</wf>
<wf cmd="done" pos="VB" lemma="humanize" wnsn="1" lexsn="2:37:00::">humanize</wf>
<wf cmd="ignore" pos="DT">some</wf>
<wf cmd="ignore" pos="IN">of</wf>
<wf cmd="ignore" pos="DT">the</wf>
<wf cmd="tag" pos="NNS">clowns</wf>
<punc>,</punc>
<wf cmd="ignore" pos="IN">while</wf>
<wf cmd="tag" pos="NNP">Fernand_Ledoux</wf>
<punc>,</punc>
<wf cmd="tag" pos="RB">often</wf>
<wf cmd="done" pos="VB" lemma="perform" wnsn="3" lexsn="2:36:01::">performing</wf>
<wf cmd="ignore" pos="IN">at</wf>
<wf cmd="ignore" pos="DT">the</wf>
<wf cmd="tag" pos="NNP">Comedie</wf>
<punc>,</punc>
<wf cmd="done" pos="VB" lemma="make" wnsn="2" lexsn="2:30:00::">made</wf>
<wf cmd="ignore" pos="PRP">them</wf>
<wf cmd="tag" pos="RBR">more</wf>
<wf cmd="tag" pos="JJ">gross</wf>
<wf cmd="ignore" pos="IN">than</wf>
<wf cmd="tag" pos="NNP">Moliere</wf>
<wf cmd="ignore" pos="MD">may</wf>
<wf cmd="done" pos="VB" ot="notag">have</wf>
<wf cmd="done" pos="VB" lemma="intend" wnsn="3" lexsn="2:32:00::">intended</wf>
<punc>.</punc>
</s>
</p>
<p pnum="17">
<s snum="46">
<wf cmd="tag" pos="RB">Apparently</wf>
<punc>,</punc>
<wf cmd="tag" pos="NNP">Jouvet</wf>
<wf cmd="ignore" pos="CC">and</wf>
<wf cmd="tag" pos="NNP">Ledoux</wf>
<wf cmd="done" pos="VB" lemma="attempt" wnsn="2" lexsn="2:36:00::">attempted</wf>
<wf cmd="tag" pos="RB">just</wf>
<wf cmd="ignore" pos="DT">these</wf>
<wf cmd="tag" pos="JJ">dissimilar</wf>
<wf cmd="tag" pos="NNS">approaches</wf>
<wf cmd="ignore" pos="IN">in</wf>
<wf cmd="ignore" pos="DT">the</wf>
<wf cmd="tag" pos="NN">role</wf>
<wf cmd="ignore" pos="IN">of</wf>
<wf cmd="tag" pos="NNP">Arnolphe</wf>
<wf cmd="ignore" pos="IN">in</wf>
<punc>``</punc>
<wf cmd="ignore" pos="DT">The</wf>
<wf cmd="tag" pos="NNP">School</wf>
<wf cmd="ignore" pos="IN">for</wf>
<wf cmd="tag" pos="NNPS">Wives</wf>
<punc>''</punc>
<punc>.</punc>
</s>
<s snum="47">
<wf cmd="ignore" pos="PRP">I</wf>
<wf cmd="done" pos="VB" lemma="say" wnsn="1" lexsn="2:32:00::">say</wf>
<punc>``</punc>
<wf cmd="tag" pos="RB">apparently</wf>
<punc>''</punc>
<wf cmd="ignore" pos="IN">although</wf>
<wf cmd="ignore" pos="PRP">I</wf>
<wf cmd="done" pos="VB" lemma="see" wnsn="7" lexsn="2:39:03::">saw</wf>
<wf cmd="tag" pos="NNP">Jouvet</wf>
<wf cmd="ignore" pos="IN">as</wf>
<wf cmd="tag" pos="NNP">Arnolphe</wf>
<wf cmd="ignore" pos="WRB">when</wf>
<wf cmd="ignore" pos="PRP">he</wf>
<wf cmd="done" pos="VB" lemma="visit" wnsn="2" lexsn="2:38:00::">visited</wf>
<wf cmd="ignore" pos="DT">this</wf>
<wf cmd="tag" pos="NN">country</wf>
<wf cmd="tag" pos="RB">shortly</wf>
<wf cmd="ignore" pos="IN">before</wf>
<wf cmd="ignore" pos="PRP$">his</wf>
<wf cmd="tag" pos="NN">death</wf>
<punc>;</punc>
<wf cmd="ignore" pos="IN">by</wf>
<wf cmd="ignore" pos="IN">that</wf>
<wf cmd="tag" pos="NN">time</wf>
<punc>,</punc>
<wf cmd="ignore" pos="PRP">he</wf>
<wf cmd="done" pos="VB" lemma="seem" wnsn="1" lexsn="2:39:00::">seemed</wf>
<wf cmd="ignore" pos="TO">to</wf>
<wf cmd="done" pos="VB" ot="notag">have</wf>
<wf cmd="done" pos="VB" lemma="drop" wnsn="7" lexsn="2:30:01::">dropped</wf>
<wf cmd="ignore" pos="DT">the</wf>
<wf cmd="tag" pos="JJ">tragic</wf>
<wf cmd="tag" pos="NN">playing</wf>
<wf cmd="ignore" pos="IN">of</wf>
<wf cmd="ignore" pos="DT">the</wf>
<wf cmd="tag" pos="JJ">last</wf>
<wf cmd="tag" pos="NNS">moments</wf>
<wf cmd="ignore" pos="IN">of</wf>
<wf cmd="ignore" pos="DT">the</wf>
<wf cmd="tag" pos="NN">comedy</wf>
<punc>.</punc>
</s>
</p>
<p pnum="18">
<s snum="48">
<wf cmd="tag" pos="NNP">Arnolphe</wf>
<punc>,</punc>
<wf cmd="ignore" pos="PRP">it</wf>
<wf cmd="ignore" pos="MD">will</wf>
<wf cmd="done" pos="VB" ot="notag">be</wf>
<wf cmd="done" pos="VB" lemma="recall" wnsn="1" lexsn="2:31:00::">recalled</wf>
<punc>,</punc>
<wf cmd="done" pos="VB" lemma="be" wnsn="2" lexsn="2:42:06::">is</wf>
<wf cmd="ignore" pos="DT">a</wf>
<wf cmd="tag" pos="NN">man</wf>
<wf cmd="ignore" pos="IN">of</wf>
<wf cmd="tag" pos="JJ">mature</wf>
<wf cmd="tag" pos="NNS">years</wf>
<wf cmd="ignore" pos="WP">who</wf>
<wf cmd="done" pos="VB" lemma="try" wnsn="1" lexsn="2:41:00::">tries</wf>
<wf cmd="ignore" pos="TO">to</wf>
<wf cmd="done" pos="VB" lemma="preserve" wnsn="1" lexsn="2:42:00::">preserve</wf>
<wf cmd="ignore" pos="DT">the</wf>
<wf cmd="tag" pos="NN">innocence</wf>
<wf cmd="ignore" pos="IN">of</wf>
<wf cmd="ignore" pos="PRP$">his</wf>
<wf cmd="tag" pos="JJ">youthful</wf>
<wf cmd="tag" pos="NN">wife-to-be</wf>
<punc>.</punc>
</s>
<s snum="49">
<wf cmd="ignore" pos="DT">The</wf>
<wf cmd="tag" pos="NN">part</wf>
<wf cmd="ignore" pos="MD">can</wf>
<wf cmd="done" pos="VB" lemma="lend" wnsn="3" lexsn="2:42:00::">lend</wf>
<wf cmd="ignore" pos="PRP">itself</wf>
<wf cmd="ignore" pos="TO">to</wf>
<wf cmd="tag" pos="JJ">serious</wf>
<wf cmd="tag" pos="NN">treatment</wf>
<punc>;</punc>
<wf cmd="tag" pos="CD">one</wf>
<wf cmd="tag" pos="JJ">influential</wf>
<wf cmd="tag" pos="JJ">French</wf>
<wf cmd="tag" pos="NN">critic</wf>
<wf cmd="done" pos="VB" lemma="remark" wnsn="1" lexsn="2:32:00::">remarked</wf>
<punc>:</punc>
<punc>``</punc>
<wf cmd="tag" pos="NNP">Pity</wf>
<wf cmd="ignore" pos="IN">for</wf>
<wf cmd="tag" pos="NNP">Arnolphe</wf>
<wf cmd="done" pos="VB" lemma="come_with" wnsn="1" lexsn="2:42:00::">comes_with</wf>
<wf cmd="tag" pos="NN">age</wf>
<punc>''</punc>
<punc>.</punc>
</s>
</p>
<p pnum="19">
<s snum="50">
<wf cmd="tag" pos="RB">Accordingly</wf>
<punc>,</punc>
<wf cmd="ignore" pos="IN">at</wf>
<wf cmd="ignore" pos="DT">the</wf>
<wf cmd="tag" pos="NNP">Comedie</wf>
<wf cmd="tag" pos="JJ">last</wf>
<wf cmd="tag" pos="NN">year</wf>
<punc>,</punc>
<wf cmd="tag" pos="NNP">Jean_Meyer</wf>
<wf cmd="done" pos="VB" lemma="play" wnsn="4" lexsn="2:36:02::">played</wf>
<wf cmd="ignore" pos="DT">a</wf>
<wf cmd="tag" pos="JJ">sympathetic</wf>
<wf cmd="tag" pos="NNP">Arnolphe</wf>
<wf cmd="ignore" pos="CC">and</wf>
<wf cmd="done" pos="VB" lemma="draw" wnsn="10" lexsn="2:37:01::">drew</wf>
<wf cmd="tag" pos="NN">criticism</wf>
<wf cmd="ignore" pos="IN">for</wf>
<wf cmd="done" pos="VB" lemma="turn" wnsn="2" lexsn="2:30:04::">turning</wf>
<wf cmd="ignore" pos="DT">the</wf>
<wf cmd="tag" pos="NN">comedy</wf>
<wf cmd="ignore" pos="IN">into</wf>
<wf cmd="ignore" pos="DT">a</wf>
<wf cmd="tag" pos="NN">tragedy</wf>
<punc>.</punc>
</s>
<s snum="51">
<wf cmd="ignore" pos="CC">But</wf>
<wf cmd="ignore" pos="DT">the</wf>
<wf cmd="tag" pos="NN">stuff</wf>
<wf cmd="ignore" pos="IN">of</wf>
<wf cmd="tag" pos="NN">tragedy</wf>
<wf cmd="done" pos="VB" lemma="be" wnsn="1" lexsn="2:42:03::">was</wf>
<wf cmd="tag" pos="RB">not</wf>
<wf cmd="tag" pos="RB">truly</wf>
<wf cmd="tag" pos="JJ">present</wf>
<wf cmd="ignore" pos="CC">and</wf>
<wf cmd="ignore" pos="DT">the</wf>
<wf cmd="tag" pos="NN">play</wf>
<wf cmd="done" pos="VB" lemma="become" wnsn="2" lexsn="2:42:01::">became</wf>
<wf cmd="tag" pos="RB">only</wf>
<wf cmd="tag" pos="NN">comedy</wf>
<wf cmd="done" pos="VB" lemma="act" wnsn="3" lexsn="2:36:00::">acted</wf>
<wf cmd="tag" pos="RB">rather</wf>
<wf cmd="tag" pos="RB">slowly</wf>
<punc>.</punc>
</s>
</p>
<p pnum="20">
<s snum="52">
<wf cmd="tag" pos="RB">Wisely</wf>
<punc>,</punc>
<wf cmd="ignore" pos="DT">the</wf>
<wf cmd="tag" pos="NNP">Comedie</wf>
<wf cmd="done" pos="VBZ" ot="notag">has</wf>
<wf cmd="done" pos="VB" lemma="bring" wnsn="1" lexsn="2:38:00::">brought</wf>
<wf cmd="tag" pos="NNP">Moliere</wf>
<wf cmd="ignore" pos="POS">'s</wf>
<punc>``</punc>
<wf cmd="tag" pos="NNP">Tartuffe</wf>
<punc>''</punc>
<wf cmd="ignore" pos="IN">on</wf>
<wf cmd="ignore" pos="PRP$">its</wf>
<wf cmd="tag" pos="NN">tour</wf>
<wf cmd="ignore" pos="CC">and</wf>
<wf cmd="done" pos="VB" ot="notag">has_left</wf>
<punc>``</punc>
<wf cmd="ignore" pos="DT">The</wf>
<wf cmd="tag" pos="NNP">School</wf>
<wf cmd="ignore" pos="IN">for</wf>
<wf cmd="tag" pos="NNPS">Wives</wf>
<punc>''</punc>
<wf cmd="tag" pos="RB">at_home</wf>
<punc>.</punc>
</s>
<s snum="53">
<wf cmd="tag" pos="NNP">Tartuffe</wf>
<wf cmd="done" pos="VB" lemma="be" wnsn="2" lexsn="2:42:06::">is</wf>
<wf cmd="ignore" pos="DT">the</wf>
<wf cmd="tag" pos="JJ">religious</wf>
<wf cmd="tag" pos="NN">hypocrite</wf>
<wf cmd="ignore" pos="WP">who</wf>
<wf cmd="done" pos="VB" lemma="court" wnsn="1" lexsn="2:41:00::">courts</wf>
<wf cmd="ignore" pos="PRP$">his</wf>
<wf cmd="tag" pos="NN">benefactor</wf>
<wf cmd="ignore" pos="POS">'s</wf>
<wf cmd="tag" pos="NN">wife</wf>
<punc>.</punc>
</s>
<s snum="54">
<wf cmd="tag" pos="NNP">Jouvet</wf>
<wf cmd="done" pos="VB" lemma="play" wnsn="4" lexsn="2:36:02::">played</wf>
<wf cmd="ignore" pos="PRP">him</wf>
<wf cmd="ignore" pos="IN">as</wf>
<wf cmd="ignore" pos="DT">a</wf>
<wf cmd="tag" pos="JJ">sincere</wf>
<wf cmd="tag" pos="NN">zealot</wf>
<punc>,</punc>
<wf cmd="ignore" pos="CC">and</wf>
<wf cmd="tag" pos="NNP">Ledoux</wf>
<punc>,</punc>
<wf cmd="ignore" pos="IN">at</wf>
<wf cmd="ignore" pos="DT">the</wf>
<wf cmd="tag" pos="NNP">Comedie</wf>
<punc>,</punc>
<wf cmd="done" pos="VB" lemma="make" wnsn="2" lexsn="2:30:00::">made</wf>
<wf cmd="ignore" pos="PRP">him</wf>
<wf cmd="ignore" pos="DT">a</wf>
<wf cmd="tag" pos="JJ">gross</wf>
<wf cmd="tag" pos="NN">buffoon</wf>
<punc>,</punc>
<wf cmd="tag" pos="RB">or_so</wf>
<wf cmd="ignore" pos="DT">the</wf>
<wf cmd="tag" pos="NNS">historians</wf>
<wf cmd="done" pos="VB" lemma="tell" wnsn="2" lexsn="2:32:00::">tell</wf>
<wf cmd="ignore" pos="PRP">us</wf>
<punc>.</punc>
</s>
</p>
<p pnum="21">
<s snum="55">
<wf cmd="tag" pos="NNP">Louis_Seigner</wf>
<punc>,</punc>
<wf cmd="ignore" pos="WP">who</wf>
<wf cmd="tag" pos="RB">formerly</wf>
<wf cmd="done" pos="VB" lemma="play" wnsn="4" lexsn="2:36:02::">played</wf>
<wf cmd="ignore" pos="DT">the</wf>
<wf cmd="tag" pos="JJ">deluded</wf>
<wf cmd="tag" pos="NN">benefactor</wf>
<wf cmd="tag" pos="JJ">opposite</wf>
<wf cmd="tag" pos="NNP">Ledoux</wf>
<punc>,</punc>
<wf cmd="done" pos="VB" lemma="be" wnsn="2" lexsn="2:42:06::">is</wf>
<wf cmd="ignore" pos="DT">the</wf>
<wf cmd="tag" pos="NNP">Tartuffe</wf>
<wf cmd="ignore" pos="IN">of</wf>
<wf cmd="ignore" pos="DT">the</wf>
<wf cmd="tag" pos="JJ">present</wf>
<wf cmd="tag" pos="NN">production</wf>
<punc>,</punc>
<wf cmd="ignore" pos="WDT">which</wf>
<wf cmd="ignore" pos="PRP">he</wf>
<wf cmd="ignore" pos="PRP">himself</wf>
<wf cmd="done" pos="VB" lemma="direct" wnsn="3" lexsn="2:36:00::">directed</wf>
<punc>.</punc>
</s>
<s snum="56">
<wf cmd="ignore" pos="PRP$">His</wf>
<wf cmd="tag" pos="NNP">Tartuffe</wf>
<wf cmd="done" pos="VB" lemma="observe" wnsn="5" lexsn="2:41:01::">observes</wf>
<wf cmd="ignore" pos="DT">the</wf>
<wf cmd="tag" pos="NN">golden_mean</wf>
<punc>.</punc>
</s>
<s snum="57">
<wf cmd="ignore" pos="PRP$">His</wf>
<wf cmd="tag" pos="JJ">red</wf>
<wf cmd="tag" pos="NN">face</wf>
<punc>,</punc>
<wf cmd="ignore" pos="PRP$">his</wf>
<wf cmd="tag" pos="JJ">coarse</wf>
<wf cmd="tag" pos="NNS">gestures</wf>
<punc>,</punc>
<wf cmd="ignore" pos="CC">and</wf>
<wf cmd="ignore" pos="PRP$">his</wf>
<wf cmd="tag" pos="JJ">lustful</wf>
<wf cmd="tag" pos="NNS">stares</wf>
<wf cmd="done" pos="VB" lemma="bespeak" wnsn="1" lexsn="2:32:01::">bespeak</wf>
<wf cmd="ignore" pos="PRP$">his</wf>
<wf cmd="tag" pos="NN">sensuality</wf>
<punc>.</punc>
</s>
<s snum="58">
<wf cmd="ignore" pos="CC">But</wf>
<wf cmd="ignore" pos="PRP$">his</wf>
<wf cmd="tag" pos="JJ">heavenward</wf>
<wf cmd="tag" pos="NNS">glances</wf>
<wf cmd="ignore" pos="CC">and</wf>
<wf cmd="ignore" pos="PRP$">his</wf>
<wf cmd="tag" pos="JJ">pious</wf>
<wf cmd="tag" pos="NNS">speeches</wf>
<wf cmd="done" pos="VB" lemma="be" wnsn="1" lexsn="2:42:03::">are</wf>
<wf cmd="tag" pos="RB">not</wf>
<wf cmd="tag" pos="RB">merely</wf>
<wf cmd="tag" pos="JJ">perfunctory</wf>
<punc>;</punc>
<wf cmd="tag" pos="RB">of_course</wf>
<punc>,</punc>
<wf cmd="ignore" pos="PRP">they</wf>
<wf cmd="done" pos="VBP" ot="notag">do</wf>
<wf cmd="tag" pos="RB">not</wf>
<wf cmd="done" pos="VB" lemma="reflect" wnsn="1" lexsn="2:39:01::">reflect</wf>
<wf cmd="tag" pos="NN">sincerity</wf>
<punc>,</punc>
<wf cmd="ignore" pos="CC">but</wf>
<wf cmd="ignore" pos="PRP">they</wf>
<wf cmd="done" pos="VB" lemma="exhibit" wnsn="2" lexsn="2:39:01::">exhibit</wf>
<wf cmd="ignore" pos="DT">a</wf>
<wf cmd="tag" pos="NN">concern</wf>
<wf cmd="ignore" pos="TO">to</wf>
<wf cmd="done" pos="VB" lemma="make" wnsn="3" lexsn="2:36:00::">make</wf>
<wf cmd="ignore" pos="DT">a</wf>
<wf cmd="tag" pos="JJ">good</wf>
<wf cmd="tag" pos="NN">job</wf>
<wf cmd="ignore" pos="IN">out</wf>
<wf cmd="ignore" pos="IN">of</wf>
<wf cmd="ignore" pos="PRP$">his</wf>
<wf cmd="tag" pos="JJ">pious</wf>
<wf cmd="tag" pos="NN">impersonation</wf>
<punc>.</punc>
</s>
</p>
<p pnum="22">
<s snum="59">
<wf cmd="tag" pos="RB">Occasionally</wf>
<punc>,</punc>
<wf cmd="tag" pos="NNP">Seigner</wf>
<wf cmd="done" pos="VB" lemma="draw" wnsn="10" lexsn="2:37:01::">draws</wf>
<wf cmd="ignore" pos="DT">some</wf>
<wf cmd="tag" pos="RB">justly</wf>
<wf cmd="tag" pos="JJ">deserved</wf>
<wf cmd="tag" pos="NN">laughs</wf>
<wf cmd="ignore" pos="IN">by</wf>
<wf cmd="ignore" pos="PRP$">his</wf>
<wf cmd="tag" pos="JJ">quick</wf>
<wf cmd="tag" pos="NNS">shifts</wf>
<wf cmd="ignore" pos="IN">from</wf>
<wf cmd="tag" pos="CD">one</wf>
<wf cmd="tag" pos="NN">personality</wf>
<wf cmd="ignore" pos="TO">to</wf>
<wf cmd="ignore" pos="DT">another</wf>
<punc>.</punc>
</s>
<s snum="60">
<wf cmd="ignore" pos="DT">The</wf>
<wf cmd="tag" pos="JJ">whole</wf>
<wf cmd="tag" pos="NN">role</wf>
<punc>,</punc>
<wf cmd="tag" pos="RB">by_the_way</wf>
<punc>,</punc>
<wf cmd="done" pos="VB" lemma="be" wnsn="1" lexsn="2:42:03::">is</wf>
<wf cmd="ignore" pos="DT">a</wf>
<wf cmd="tag" pos="JJ">considerable</wf>
<wf cmd="tag" pos="NN">transformation</wf>
<wf cmd="ignore" pos="IN">for</wf>
<wf cmd="tag" pos="NN">anyone</wf>
<wf cmd="ignore" pos="WP">who</wf>
<wf cmd="done" pos="VBZ" ot="notag">has</wf>
<wf cmd="done" pos="VB" lemma="see" wnsn="7" lexsn="2:39:03::">seen</wf>
<wf cmd="tag" pos="NNP">Seigner</wf>
<wf cmd="ignore" pos="IN">in</wf>
<wf cmd="ignore" pos="PRP$">his</wf>
<wf cmd="tag" pos="JJ">other</wf>
<wf cmd="tag" pos="NNS">parts</wf>
<punc>.</punc>
</s>
<s snum="61">
<wf cmd="ignore" pos="PRP$">His</wf>
<wf cmd="tag" pos="JJ">normal</wf>
<wf cmd="tag" pos="NN">specialty</wf>
<wf cmd="done" pos="VB" lemma="be" wnsn="2" lexsn="2:42:06::">is</wf>
<wf cmd="done" pos="VB" lemma="play" wnsn="4" lexsn="2:36:02::">playing</wf>
<wf cmd="ignore" pos="DT">the</wf>
<wf cmd="tag" pos="JJ">good-natured</wf>
<wf cmd="tag" pos="NN">old_man</wf>
<punc>,</punc>
<wf cmd="tag" pos="RB">frequently</wf>
<wf cmd="tag" pos="JJ">stupid</wf>
<wf cmd="ignore" pos="CC">or</wf>
<wf cmd="tag" pos="JJ">deluded</wf>
<wf cmd="ignore" pos="CC">but</wf>
<wf cmd="tag" pos="RB">never</wf>
<wf cmd="tag" pos="JJ">mean</wf>
<wf cmd="ignore" pos="CC">or</wf>
<wf cmd="tag" pos="JJ">sly</wf>
<punc>.</punc>
</s>
<s snum="62">
<wf cmd="tag" pos="RB">Here</wf>
<punc>,</punc>
<wf cmd="ignore" pos="PRP">he</wf>
<wf cmd="done" pos="VB" lemma="be" wnsn="2" lexsn="2:42:06::">is</wf>
<punc>,</punc>
<wf cmd="tag" pos="RB">quite</wf>
<wf cmd="tag" pos="RB">persuasively</wf>
<punc>,</punc>
<wf cmd="ignore" pos="DT">the</wf>
<wf cmd="tag" pos="JJ">very</wf>
<wf cmd="tag" pos="NN">embodiment</wf>
<wf cmd="ignore" pos="IN">of</wf>
<wf cmd="tag" pos="NN">meanness</wf>
<wf cmd="ignore" pos="CC">and</wf>
<wf cmd="tag" pos="NN">slyness</wf>
<punc>.</punc>
</s>
</p>
<p pnum="23">
<s snum="63">
<wf cmd="tag" pos="NNP">Seigner</wf>
<wf cmd="done" pos="VB" lemma="be" wnsn="8" lexsn="2:41:00::">is</wf>
<wf cmd="ignore" pos="DT">the</wf>
<wf cmd="tag" pos="NN">dean</wf>
<wf cmd="ignore" pos="IN">of</wf>
<wf cmd="ignore" pos="DT">the</wf>
<wf cmd="tag" pos="NN">company</wf>
<punc>,</punc>
<wf cmd="ignore" pos="DT">the</wf>
<wf cmd="tag" pos="JJS">oldest</wf>
<wf cmd="tag" pos="NN">actor</wf>
<wf cmd="ignore" pos="IN">in</wf>
<wf cmd="tag" pos="NN">point</wf>
<wf cmd="ignore" pos="IN">of</wf>
<wf cmd="tag" pos="JJ">continuous</wf>
<wf cmd="tag" pos="NN">service</wf>
<punc>.</punc>
</s>
<s snum="64">
<wf cmd="tag" pos="RB">In_that</wf>
<wf cmd="tag" pos="NN">function</wf>
<punc>,</punc>
<wf cmd="ignore" pos="PRP">he</wf>
<wf cmd="done" pos="VB" lemma="help" wnsn="1" lexsn="2:41:00::">helps</wf>
<wf cmd="ignore" pos="TO">to</wf>
<wf cmd="done" pos="VB" lemma="rebut" wnsn="2" lexsn="2:31:00::">rebut</wf>
<wf cmd="ignore" pos="DT">another</wf>
<wf cmd="tag" pos="NN">legend</wf>
<wf cmd="ignore" pos="IN">about</wf>
<wf cmd="ignore" pos="DT">the</wf>
<wf cmd="tag" pos="NNP">Comedie</wf>
<punc>.</punc>
</s>
<s snum="65">
<wf cmd="ignore" pos="PRP">We</wf>
<wf cmd="done" pos="VBP" ot="notag">are</wf>
<wf cmd="tag" pos="RB">often</wf>
<wf cmd="done" pos="VB" lemma="tell" wnsn="2" lexsn="2:32:00::">told</wf>
<wf cmd="ignore" pos="IN">that</wf>
<wf cmd="ignore" pos="DT">the</wf>
<wf cmd="tag" pos="NNP">Comedie</wf>
<wf cmd="done" pos="VB" lemma="have" wnsn="1" lexsn="2:40:00::">has</wf>
<punc>,</punc>
<wf cmd="tag" pos="RB">unfortunately</wf>
<punc>,</punc>
<wf cmd="tag" pos="JJ">life-contracts</wf>
<wf cmd="ignore" pos="IN">with</wf>
<wf cmd="tag" pos="JJ">old</wf>
<wf cmd="tag" pos="NNS">actors</wf>
<wf cmd="ignore" pos="WP">who</wf>
<wf cmd="done" pos="VB" lemma="be" wnsn="1" lexsn="2:42:03::">are</wf>
<wf cmd="ignore" pos="DT">both</wf>
<wf cmd="tag" pos="JJ">mediocre</wf>
<wf cmd="ignore" pos="CC">and</wf>
<wf cmd="tag" pos="JJ">lazy</wf>
<punc>,</punc>
<wf cmd="done" pos="VB" lemma="draw" wnsn="2" lexsn="2:40:00::">drawing</wf>
<wf cmd="ignore" pos="PRP$">their</wf>
<wf cmd="tag" pos="NN">pay</wf>
<wf cmd="ignore" pos="IN">without</wf>
<wf cmd="tag" pos="JJ">much</wf>
<wf cmd="tag" pos="NN">acting</wf>
<wf cmd="ignore" pos="CC">but</wf>
<wf cmd="tag" pos="RB">probably</wf>
<wf cmd="done" pos="VB" lemma="do" wnsn="1" lexsn="2:41:01::">doing</wf>
<wf cmd="tag" pos="JJ">real</wf>
<wf cmd="tag" pos="NN">service</wf>
<wf cmd="ignore" pos="TO">to</wf>
<wf cmd="ignore" pos="DT">the</wf>
<wf cmd="tag" pos="NNP">Comedie</wf>
<wf cmd="ignore" pos="IN">by</wf>
<wf cmd="done" pos="VB" lemma="stay" wnsn="1" lexsn="2:30:00::">staying</wf>
<wf cmd="tag" pos="RB">off_the_stage</wf>
<punc>.</punc>
</s>
<s snum="66">
<wf cmd="tag" pos="NNP">Seigner</wf>
<punc>,</punc>
<wf cmd="tag" pos="RB">however</wf>
<punc>,</punc>
<wf cmd="done" pos="VB" lemma="be" wnsn="1" lexsn="2:42:03::">is</wf>
<wf cmd="ignore" pos="DT">a</wf>
<wf cmd="tag" pos="JJ">fine</wf>
<wf cmd="tag" pos="NN">actor</wf>
<wf cmd="ignore" pos="CC">and</wf>
<wf cmd="tag" pos="RB">probably</wf>
<wf cmd="ignore" pos="DT">the</wf>
<wf cmd="tag" pos="JJS">busiest</wf>
<wf cmd="tag" pos="NN">man</wf>
<wf cmd="ignore" pos="IN">in</wf>
<wf cmd="ignore" pos="DT">the</wf>
<wf cmd="tag" pos="NN">company</wf>
<punc>;</punc>
<wf cmd="ignore" pos="IN">among</wf>
<wf cmd="ignore" pos="PRP$">his</wf>
<wf cmd="tag" pos="JJ">other</wf>
<wf cmd="tag" pos="NNS">parts</wf>
<wf cmd="done" pos="VB" lemma="be" wnsn="5" lexsn="2:42:04::">are</wf>
<wf cmd="ignore" pos="DT">the</wf>
<wf cmd="tag" pos="NN">leads</wf>
<wf cmd="ignore" pos="IN">in</wf>
<punc>``</punc>
<wf cmd="ignore" pos="DT">The</wf>
<wf cmd="tag" pos="NNP">Bourgeois</wf>
<wf cmd="tag" pos="NN">Gentleman</wf>
<punc>''</punc>
<wf cmd="ignore" pos="CC">and</wf>
<punc>``</punc>
<wf cmd="ignore" pos="DT">The</wf>
<wf cmd="tag" pos="NNP">Imaginary_Invalid</wf>
<punc>''</punc>
<punc>.</punc>
</s>
</p>
<p pnum="24">
<s snum="67">
<wf cmd="ignore" pos="IN">In</wf>
<wf cmd="tag" pos="NNP">Moliere</wf>
<wf cmd="ignore" pos="POS">'s</wf>
<wf cmd="tag" pos="NN">farce</wf>
<punc>,</punc>
<punc>``</punc>
<wf cmd="ignore" pos="DT">The</wf>
<wf cmd="tag" pos="NNPS">Tricks</wf>
<wf cmd="ignore" pos="IN">of</wf>
<wf cmd="tag" pos="NNP">Scapin</wf>
<punc>''</punc>
<punc>,</punc>
<wf cmd="tag" pos="NNP">Robert_Hirsch</wf>
<wf cmd="done" pos="VB" lemma="undertake" wnsn="1" lexsn="2:36:00::">undertakes</wf>
<wf cmd="ignore" pos="DT">another</wf>
<wf cmd="ignore" pos="IN">of</wf>
<wf cmd="ignore" pos="DT">the</wf>
<wf cmd="tag" pos="JJ">great</wf>
<wf cmd="tag" pos="NNS">roles</wf>
<punc>.</punc>
</s>
<s snum="68">
<wf cmd="tag" pos="RB">Here</wf>
<wf cmd="ignore" pos="DT">some</wf>
<wf cmd="tag" pos="NN">innovation</wf>
<wf cmd="done" pos="VBZ" ot="notag">is</wf>
<wf cmd="done" pos="VB" lemma="attempt" wnsn="2" lexsn="2:36:00::">attempted</wf>
<punc>.</punc>
</s>
</p>
<p pnum="25">
<s snum="69">
<wf cmd="tag" pos="RB">To_begin_with</wf>
<punc>,</punc>
<wf cmd="tag" pos="NNP">Scapin</wf>
<wf cmd="done" pos="VB" lemma="be" wnsn="2" lexsn="2:42:06::">is</wf>
<wf cmd="ignore" pos="DT">a</wf>
<wf cmd="tag" pos="NN">trickster</wf>
<wf cmd="ignore" pos="IN">in</wf>
<wf cmd="ignore" pos="DT">the</wf>
<wf cmd="tag" pos="JJ">old</wf>
<wf cmd="tag" pos="NN">tradition</wf>
<wf cmd="ignore" pos="IN">of</wf>
<wf cmd="ignore" pos="DT">the</wf>
<wf cmd="tag" pos="JJ">clever</wf>
<wf cmd="tag" pos="NN">servant</wf>
<wf cmd="ignore" pos="WP">who</wf>
<wf cmd="done" pos="VB" lemma="plot" wnsn="1" lexsn="2:31:00::">plots</wf>
<wf cmd="ignore" pos="DT">the</wf>
<wf cmd="tag" pos="NN">strategy</wf>
<wf cmd="ignore" pos="IN">of</wf>
<wf cmd="tag" pos="NN">courtship</wf>
<wf cmd="ignore" pos="IN">for</wf>
<wf cmd="ignore" pos="PRP$">his</wf>
<wf cmd="tag" pos="NN">master</wf>
<punc>.</punc>
</s>
<s snum="70">
<wf cmd="tag" pos="NNP">Hirsch</wf>
<wf cmd="ignore" pos="POS">'s</wf>
<wf cmd="tag" pos="NNP">Scapin</wf>
<wf cmd="done" pos="VB" lemma="be" wnsn="1" lexsn="2:42:03::">is</wf>
<wf cmd="tag" pos="JJ">healthy</wf>
<punc>,</punc>
<wf cmd="tag" pos="JJ">cheerful</wf>
<punc>,</punc>
<wf cmd="tag" pos="JJ">energetic</wf>
<punc>,</punc>
<wf cmd="done" pos="VB" lemma="revel" wnsn="1" lexsn="2:34:00::">revelling</wf>
<wf cmd="done" pos="VB" ot="notag">in</wf>
<wf cmd="ignore" pos="PRP$">his</wf>
<wf cmd="tag" pos="JJ">physical</wf>
<wf cmd="tag" pos="NN">agility</wf>
<wf cmd="ignore" pos="CC">and</wf>
<wf cmd="ignore" pos="PRP$">his</wf>
<wf cmd="tag" pos="JJ">obvious</wf>
<wf cmd="tag" pos="NN">superiority</wf>
<wf cmd="ignore" pos="TO">to</wf>
<wf cmd="ignore" pos="DT">the</wf>
<wf cmd="tag" pos="JJ">young</wf>
<wf cmd="tag" pos="NNS">gentlemen</wf>
<wf cmd="ignore" pos="WP">whom</wf>
<wf cmd="ignore" pos="PRP">he</wf>
<wf cmd="done" pos="VB" lemma="serve" wnsn="10" lexsn="2:41:01::">serves</wf>
<punc>.</punc>
</s>
</p>
<p pnum="26">
<s snum="71">
<wf cmd="tag" pos="NNP">Hirsch</wf>
<wf cmd="done" pos="VB" lemma="say" wnsn="1" lexsn="2:32:00::">says</wf>
<wf cmd="ignore" pos="IN">that</wf>
<wf cmd="ignore" pos="PRP">he</wf>
<wf cmd="done" pos="VBZ" ot="notag">has</wf>
<wf cmd="done" pos="VB" lemma="give" wnsn="1" lexsn="2:40:03::">given</wf>
<wf cmd="ignore" pos="DT">the</wf>
<wf cmd="tag" pos="NN">role</wf>
<wf cmd="tag" pos="JJ">certain</wf>
<wf cmd="tag" pos="NNS">qualities</wf>
<wf cmd="ignore" pos="PRP">he</wf>
<wf cmd="done" pos="VBZ" ot="notag">has</wf>
<wf cmd="done" pos="VB" lemma="observe" wnsn="1" lexsn="2:39:02::">observed</wf>
<wf cmd="ignore" pos="IN">in</wf>
<wf cmd="ignore" pos="DT">the</wf>
<wf cmd="tag" pos="NN">city</wf>
<wf cmd="tag" pos="NNS">toughs</wf>
<wf cmd="ignore" pos="IN">of</wf>
<wf cmd="ignore" pos="DT">the</wf>
<wf cmd="tag" pos="NN">real_world</wf>
<punc>.</punc>
</s>
<s snum="72">
<wf cmd="ignore" pos="CC">And</wf>
<wf cmd="tag" pos="RB">surely</wf>
<wf cmd="ignore" pos="PRP$">his</wf>
<wf cmd="tag" pos="NNP">Scapin</wf>
<wf cmd="done" pos="VB" lemma="have" wnsn="2" lexsn="2:42:00::">has</wf>
<wf cmd="ignore" pos="DT">a</wf>
<wf cmd="tag" pos="JJ">fresh</wf>
<wf cmd="tag" pos="NN">directness</wf>
<punc>,</punc>
<wf cmd="ignore" pos="DT">a</wf>
<wf cmd="tag" pos="JJ">no-nonsense</wf>
<wf cmd="tag" pos="NN">quality</wf>
<wf cmd="ignore" pos="WDT">that</wf>
<wf cmd="done" pos="VB" lemma="seem" wnsn="1" lexsn="2:39:00::">seems</wf>
<wf cmd="ignore" pos="TO">to</wf>
<wf cmd="done" pos="VB" lemma="make" wnsn="2" lexsn="2:30:00::">make</wf>
<wf cmd="ignore" pos="PRP">him</wf>
<wf cmd="ignore" pos="PRP$">his</wf>
<wf cmd="tag" pos="JJ">own</wf>
<wf cmd="tag" pos="NN">master</wf>
<wf cmd="ignore" pos="CC">and</wf>
<wf cmd="tag" pos="NN">nobody</wf>
<wf cmd="ignore" pos="POS">'s</wf>
<wf cmd="tag" pos="NN">servant</wf>
<punc>.</punc>
</s>
</p>
<p pnum="27">
<s snum="73">
<wf cmd="tag" pos="NNP">Django_Reinhardt</wf>
<punc>,</punc>
<wf cmd="ignore" pos="DT">the</wf>
<wf cmd="tag" pos="JJ">ill-fated</wf>
<wf cmd="tag" pos="NN">gypsy</wf>
<punc>,</punc>
<wf cmd="done" pos="VB" lemma="be" wnsn="2" lexsn="2:42:06::">was</wf>
<wf cmd="ignore" pos="DT">a</wf>
<wf cmd="tag" pos="JJ">true</wf>
<wf cmd="tag" pos="NN">artist</wf>
<punc>,</punc>
<wf cmd="tag" pos="CD">one</wf>
<wf cmd="ignore" pos="WP">who</wf>
<wf cmd="done" pos="VB" lemma="demonstrate" wnsn="2" lexsn="2:31:00::">demonstrated</wf>
<wf cmd="tag" pos="RB">conclusively</wf>
<wf cmd="ignore" pos="DT">the</wf>
<wf cmd="tag" pos="NN">power</wf>
<wf cmd="ignore" pos="IN">of</wf>
<wf cmd="tag" pos="NN">art</wf>
<wf cmd="ignore" pos="TO">to</wf>
<wf cmd="done" pos="VB" lemma="renew" wnsn="1" lexsn="2:36:00::">renew</wf>
<wf cmd="ignore" pos="PRP">itself</wf>
<wf cmd="ignore" pos="CC">and</wf>
<wf cmd="done" pos="VB" lemma="flow" wnsn="1" lexsn="2:38:01::">flow</wf>
<wf cmd="ignore" pos="IN">into</wf>
<wf cmd="tag" pos="JJ">many</wf>
<wf cmd="tag" pos="NNS">channels</wf>
<punc>.</punc>
</s>
</p>
<p pnum="28">
<s snum="74">
<wf cmd="ignore" pos="EX">There</wf>
<wf cmd="done" pos="VB" lemma="be" wnsn="4" lexsn="2:42:00::">is</wf>
<wf cmd="tag" pos="JJ">hardly_a</wf>
<wf cmd="tag" pos="NN">jazz</wf>
<wf cmd="tag" pos="NN">guitarist</wf>
<wf cmd="ignore" pos="IN">in</wf>
<wf cmd="ignore" pos="DT">the</wf>
<wf cmd="tag" pos="NN">business</wf>
<wf cmd="tag" pos="NN">today</wf>
<wf cmd="ignore" pos="WP">who</wf>
<wf cmd="done" pos="VB" lemma="do" wnsn="1" lexsn="2:41:01::">does</wf>
<wf cmd="tag" pos="RB">n't</wf>
<wf cmd="done" pos="VB" lemma="owe" wnsn="2" lexsn="2:42:00::">owe</wf>
<wf cmd="tag" pos="NN">something</wf>
<wf cmd="ignore" pos="TO">to</wf>
<wf cmd="tag" pos="NNP">Django</wf>
<punc>.</punc>
</s>
<s snum="75">
<wf cmd="ignore" pos="CC">And</wf>
<wf cmd="tag" pos="NNP">Django</wf>
<wf cmd="done" pos="VB" lemma="owe" wnsn="2" lexsn="2:42:00::">owed</wf>
<wf cmd="tag" pos="JJ">much</wf>
<wf cmd="ignore" pos="TO">to</wf>
<wf cmd="tag" pos="NNP">Louis_Armstrong</wf>
<punc>.</punc>
</s>
<s snum="76">
<wf cmd="ignore" pos="PRP">He</wf>
<wf cmd="done" pos="VB" lemma="tell" wnsn="3" lexsn="2:32:01::">told</wf>
<wf cmd="tag" pos="RB">once</wf>
<wf cmd="ignore" pos="IN">of</wf>
<wf cmd="ignore" pos="WRB">how</wf>
<wf cmd="ignore" pos="PRP">he</wf>
<wf cmd="done" pos="VB" lemma="switch" wnsn="2" lexsn="2:40:00::">switched</wf>
<wf cmd="ignore" pos="PRP$">his</wf>
<wf cmd="tag" pos="NN">style</wf>
<wf cmd="ignore" pos="IN">of</wf>
<wf cmd="tag" pos="NN">playing</wf>
<wf cmd="ignore" pos="TO">to</wf>
<wf cmd="tag" pos="NN">jazz</wf>
<wf cmd="ignore" pos="IN">after</wf>
<wf cmd="done" pos="VB" lemma="listen" wnsn="1" lexsn="2:39:00::">listening</wf>
<wf cmd="done" pos="VB" ot="notag">to</wf>
<wf cmd="tag" pos="CD">two</wf>
<wf cmd="tag" pos="JJ">old</wf>
<wf cmd="tag" pos="NNP">Armstrong</wf>
<wf cmd="tag" pos="NNS">records</wf>
<wf cmd="ignore" pos="PRP">he</wf>
<wf cmd="done" pos="VB" lemma="buy" wnsn="1" lexsn="2:40:00::">bought</wf>
<wf cmd="done" pos="VB" ot="notag">in</wf>
<wf cmd="ignore" pos="DT">the</wf>
<wf cmd="tag" pos="NN">Flea_Market</wf>
<wf cmd="ignore" pos="IN">in</wf>
<wf cmd="tag" pos="NNP">Paris</wf>
<punc>.</punc>
</s>
<s snum="77">
<wf cmd="ignore" pos="PRP">It</wf>
<wf cmd="done" pos="VB" lemma="be" wnsn="1" lexsn="2:42:03::">was</wf>
<wf cmd="done" pos="VB" ot="notag">the</wf>
<wf cmd="tag" pos="JJ">first</wf>
<wf cmd="tag" pos="NN">jazz</wf>
<wf cmd="ignore" pos="PRP">he</wf>
<wf cmd="done" pos="VBD" ot="notag">had</wf>
<wf cmd="done" pos="VB" lemma="hear" wnsn="1" lexsn="2:39:00::">heard</wf>
<punc>.</punc>
</s>
</p>
<p pnum="29">
<s snum="78">
<wf cmd="tag" pos="NNP">Django</wf>
<punc>,</punc>
<wf cmd="ignore" pos="WP">who</wf>
<wf cmd="done" rdf="be_born" pos="VB" lemma="be_born" wnsn="1" lexsn="2:30:00::">was_born</wf>
<wf cmd="tag" pos="NNP">Jean_Baptiste_Reinhardt</wf>
<wf cmd="ignore" pos="IN">in</wf>
<wf cmd="tag" pos="NNP">Belgium</wf>
<wf cmd="ignore" pos="CC">and</wf>
<wf cmd="ignore" pos="WP">who</wf>
<wf cmd="done" pos="VB" lemma="die" wnsn="1" lexsn="2:30:00::">died</wf>
<wf cmd="ignore" pos="IN">in</wf>
<wf cmd="tag" pos="CD">1953</wf>
<wf cmd="ignore" pos="IN">in</wf>
<wf cmd="tag" pos="NNP">France</wf>
<punc>,</punc>
<wf cmd="done" pos="VB" lemma="be" wnsn="2" lexsn="2:42:06::">was</wf>
<wf cmd="ignore" pos="DT">an</wf>
<wf cmd="tag" pos="JJ">extraordinary</wf>
<wf cmd="tag" pos="NN">man</wf>
<punc>.</punc>
</s>
<s snum="79">
<wf cmd="tag" pos="JJ">Most_of</wf>
<wf cmd="ignore" pos="DT">the</wf>
<wf cmd="tag" pos="NNS">fingers</wf>
<wf cmd="ignore" pos="IN">on</wf>
<wf cmd="ignore" pos="PRP$">his</wf>
<wf cmd="tag" pos="NN">left_hand</wf>
<wf cmd="done" pos="VBD" ot="notag">were</wf>
<wf cmd="done" pos="VB" lemma="burn_off" wnsn="2" lexsn="2:30:00::">burned_off</wf>
<wf cmd="ignore" pos="WRB">when</wf>
<wf cmd="ignore" pos="PRP">he</wf>
<wf cmd="done" pos="VB" lemma="fall_asleep" wnsn="1" lexsn="2:29:00::">fell_asleep</wf>
<wf cmd="ignore" pos="IN">with</wf>
<wf cmd="ignore" pos="DT">a</wf>
<wf cmd="tag" pos="NN">cigarette</wf>
<punc>.</punc>
</s>
<s snum="80">
<wf cmd="ignore" pos="CC">And</wf>
<wf cmd="ignore" pos="DT">this</wf>
<wf cmd="done" pos="VB" lemma="be" wnsn="5" lexsn="2:42:04::">was</wf>
<wf cmd="ignore" pos="IN">before</wf>
<wf cmd="ignore" pos="PRP">he</wf>
<wf cmd="done" pos="VB" lemma="begin" wnsn="1" lexsn="2:30:00::">began</wf>
<wf cmd="ignore" pos="TO">to</wf>
<wf cmd="done" pos="VB" lemma="play" wnsn="3" lexsn="2:36:12::">play</wf>
<wf cmd="ignore" pos="PRP$">his</wf>
<wf cmd="tag" pos="RB">startlingly</wf>
<wf cmd="tag" pos="JJ">beautiful</wf>
<wf cmd="tag" pos="NN">jazz</wf>
<punc>.</punc>
</s>
</p>
<p pnum="30">
<s snum="81">
<wf cmd="ignore" pos="PRP">You</wf>
<wf cmd="ignore" pos="MD">can</wf>
<wf cmd="done" pos="VB" lemma="catch_up_with" wnsn="2" lexsn="2:41:00::">catch_up_with</wf>
<wf cmd="ignore" pos="PRP">him</wf>
<punc>-</punc>
<wf cmd="ignore" pos="IN">if</wf>
<wf cmd="ignore" pos="PRP">you</wf>
<wf cmd="done" pos="VBP" ot="notag">have</wf>
<wf cmd="tag" pos="RB">n't</wf>
<wf cmd="tag" pos="RB">already</wf>
<punc>-</punc>
<wf cmd="ignore" pos="IN">on</wf>
<wf cmd="tag" pos="NNP">RCA-Victor</wf>
<wf cmd="ignore" pos="POS">'s</wf>
<wf cmd="tag" pos="NN">album</wf>
<punc>.</punc>
</s>
<s snum="82">
<punc>``</punc>
<wf cmd="tag" pos="NNP">Djangology</wf>
<punc>''</punc>
<punc>,</punc>
<wf cmd="done" pos="VB" lemma="make_up" wnsn="1" lexsn="2:42:00::">made_up</wf>
<wf cmd="ignore" pos="IN">of</wf>
<wf cmd="tag" pos="NN">tracks</wf>
<wf cmd="ignore" pos="PRP">he</wf>
<wf cmd="done" pos="VB" lemma="record" wnsn="2" lexsn="2:32:01::">recorded</wf>
<wf cmd="ignore" pos="IN">with</wf>
<wf cmd="tag" pos="NNP">Stephane_Grappelly</wf>
<wf cmd="ignore" pos="CC">and</wf>
<wf cmd="ignore" pos="DT">the</wf>
<wf cmd="tag" pos="NNP">Quintet</wf>
<wf cmd="ignore" pos="IN">of</wf>
<wf cmd="ignore" pos="DT">the</wf>
<wf cmd="tag" pos="NNP">Hot_Club</wf>
<wf cmd="ignore" pos="IN">of</wf>
<wf cmd="tag" pos="NNP">France</wf>
<punc>.</punc>
</s>
<s snum="83">
<wf cmd="ignore" pos="DT">This</wf>
<wf cmd="done" pos="VB" lemma="be" wnsn="2" lexsn="2:42:06::">is</wf>
<wf cmd="ignore" pos="DT">a</wf>
<wf cmd="tag" pos="NN">choice</wf>
<wf cmd="tag" pos="NN">item</wf>
<wf cmd="ignore" pos="CC">and</wf>
<wf cmd="tag" pos="NNP">Grappely</wf>
<wf cmd="done" pos="VB" lemma="deserve" wnsn="1" lexsn="2:42:00::">deserves</wf>
<wf cmd="tag" pos="NN">mention</wf>
<wf cmd="tag" pos="RB">too</wf>
<punc>,</punc>
<wf cmd="tag" pos="RB">of_course</wf>
<punc>.</punc>
</s>
<s snum="84">
<wf cmd="ignore" pos="PRP">He</wf>
<wf cmd="done" pos="VB" lemma="be" wnsn="2" lexsn="2:42:06::">is</wf>
<wf cmd="tag" pos="CD">one</wf>
<wf cmd="ignore" pos="IN">of</wf>
<wf cmd="ignore" pos="DT">the</wf>
<wf cmd="tag" pos="JJ">few</wf>
<wf cmd="tag" pos="NNS">men</wf>
<wf cmd="ignore" pos="IN">in</wf>
<wf cmd="tag" pos="NN">history</wf>
<wf cmd="ignore" pos="WP">who</wf>
<wf cmd="done" pos="VB" lemma="play" wnsn="6" lexsn="2:36:00::">plays</wf>
<wf cmd="tag" pos="NN">jazz</wf>
<wf cmd="ignore" pos="IN">on</wf>
<wf cmd="ignore" pos="DT">a</wf>
<wf cmd="tag" pos="NN">violin</wf>
<punc>.</punc>
</s>
</p>
<p pnum="31">
<s snum="85">
<wf cmd="ignore" pos="PRP">They</wf>
<wf cmd="done" pos="VB" lemma="play" wnsn="6" lexsn="2:36:00::">play</wf>
<punc>:</punc>
<punc>``</punc>
<wf cmd="tag" pos="NNP">Minor_Swing</wf>
<punc>''</punc>
<punc>,</punc>
<punc>``</punc>
<wf cmd="tag" pos="NNP">Honeysuckle_Rose</wf>
<punc>''</punc>
<punc>,</punc>
<punc>``</punc>
<wf cmd="tag" pos="RB">Beyond_the_Sea</wf>
<punc>''</punc>
<punc>,</punc>
<punc>``</punc>
<wf cmd="tag" pos="NNP">Bricktop</wf>
<punc>''</punc>
<punc>,</punc>
<punc>``</punc>
<wf cmd="tag" pos="NNP">Heavy</wf>
<wf cmd="tag" pos="NN">Artillery</wf>
<punc>''</punc>
<punc>,</punc>
<punc>``</punc>
<wf cmd="tag" pos="NNP">Djangology</wf>
<punc>''</punc>
<punc>,</punc>
<punc>``</punc>
<wf cmd="ignore" pos="IN">After</wf>
<wf cmd="ignore" pos="PRP">You</wf>
<wf cmd="tag" pos="NN">'ve</wf>
<wf cmd="done" pos="VB" lemma="go" wnsn="3" lexsn="2:38:01::">Gone</wf>
<punc>''</punc>
<punc>,</punc>
<punc>``</punc>
<wf cmd="ignore" pos="WRB">Where</wf>
<wf cmd="done" pos="VB" lemma="be" wnsn="5" lexsn="2:42:04::">Are</wf>
<wf cmd="ignore" pos="PRP">You</wf>
<punc>,</punc>
<wf cmd="ignore" pos="PRP$">My</wf>
<wf cmd="tag" pos="NNP">Love</wf>
<punc>''</punc>
<punc>?</punc>
</s>
<s snum="86">
<punc>``</punc>
<wf cmd="ignore" pos="PRP">I</wf>
<wf cmd="done" pos="VB" lemma="see" wnsn="4" lexsn="2:36:00::">Saw</wf>
<wf cmd="tag" pos="NNP">Stars</wf>
<punc>''</punc>
<punc>,</punc>
<punc>``</punc>
<wf cmd="tag" pos="NNP">Lover</wf>
<wf cmd="tag" pos="NN">Man</wf>
<punc>''</punc>
<punc>,</punc>
<punc>``</punc>
<wf cmd="tag" pos="NNP">Menilmontant</wf>
<punc>''</punc>
<wf cmd="ignore" pos="CC">and</wf>
<punc>``</punc>
<wf cmd="tag" pos="NNP">Swing</wf>
<wf cmd="tag" pos="CD">42</wf>
<punc>''</punc>
<punc>.</punc>
</s>
</p>
<p pnum="32">
<s snum="87">
<wf cmd="ignore" pos="DT">All</wf>
<wf cmd="ignore" pos="DT">this</wf>
<wf cmd="done" pos="VB" lemma="be" wnsn="1" lexsn="2:42:03::">is</wf>
<wf cmd="tag" pos="JJ">great</wf>
<wf cmd="tag" pos="NNS">proceedings</wf>
<punc>-</punc>
<wf cmd="done" pos="VB" lemma="get" wnsn="1" lexsn="2:40:00::">get</wf>
<wf cmd="ignore" pos="DT">the</wf>
<wf cmd="tag" pos="NNS">minutes</wf>
<punc>.</punc>
</s>
</p>
<p pnum="33">
<s snum="88">
<wf cmd="tag" pos="NNP">Kid_Ory</wf>
<punc>,</punc>
<wf cmd="ignore" pos="DT">the</wf>
<wf cmd="tag" pos="NN">trombonist</wf>
<wf cmd="tag" pos="NN">chicken</wf>
<wf cmd="tag" pos="NN">farmer</wf>
<punc>,</punc>
<wf cmd="done" pos="VB" lemma="be" wnsn="2" lexsn="2:42:06::">is</wf>
<wf cmd="tag" pos="RB">also</wf>
<wf cmd="tag" pos="CD">one</wf>
<wf cmd="ignore" pos="IN">of</wf>
<wf cmd="ignore" pos="DT">the</wf>
<wf cmd="tag" pos="JJ">solid</wf>
<wf cmd="tag" pos="NN">anchor</wf>
<wf cmd="tag" pos="NNS">points</wf>
<wf cmd="ignore" pos="IN">of</wf>
<wf cmd="tag" pos="NN">jazz</wf>
<punc>.</punc>
</s>
<s snum="89">
<wf cmd="ignore" pos="PRP">He</wf>
<wf cmd="done" pos="VB" lemma="date_back" wnsn="1" lexsn="2:42:00::">dates_back</wf>
<wf cmd="ignore" pos="TO">to</wf>
<wf cmd="ignore" pos="DT">the</wf>
<wf cmd="tag" pos="NNS">days</wf>
<wf cmd="ignore" pos="IN">before</wf>
<wf cmd="ignore" pos="DT">the</wf>
<wf cmd="tag" pos="JJ">first</wf>
<wf cmd="tag" pos="NN">sailing_ship</wf>
<wf cmd="done" pos="VB" lemma="pull" wnsn="3" lexsn="2:38:01::">pulled</wf>
<wf cmd="ignore" pos="IN">into</wf>
<wf cmd="tag" pos="NN">New_Orleans</wf>
<punc>.</punc>
</s>
<s snum="90">
<wf cmd="ignore" pos="PRP$">His</wf>
<wf cmd="tag" pos="NN">horn</wf>
<wf cmd="done" pos="VBZ" ot="notag">has</wf>
<wf cmd="done" pos="VB" lemma="blow" wnsn="5" lexsn="2:39:01::">blown</wf>
<wf cmd="tag" pos="JJ">loud</wf>
<wf cmd="ignore" pos="CC">and</wf>
<wf cmd="tag" pos="JJ">clear</wf>
<wf cmd="ignore" pos="IN">across</wf>
<wf cmd="ignore" pos="DT">the</wf>
<wf cmd="tag" pos="NN">land</wf>
<wf cmd="ignore" pos="IN">for</wf>
<wf cmd="tag" pos="JJR">more</wf>
<wf cmd="tag" pos="NNS">years</wf>
<wf cmd="ignore" pos="IN">than</wf>
<wf cmd="ignore" pos="PRP">he</wf>
<wf cmd="done" pos="VB" lemma="care" wnsn="3" lexsn="2:37:00::">cares</wf>
<wf cmd="ignore" pos="TO">to</wf>
<wf cmd="done" pos="VB" lemma="remember" wnsn="2" lexsn="2:31:01::">remember</wf>
<punc>.</punc>
</s>
</p>
<p pnum="34">
<s snum="91">
<wf cmd="tag" pos="JJ">Good</wf>
<wf cmd="tag" pos="NNP">Time_Jazz</wf>
<wf cmd="done" pos="VBZ" ot="notag">has</wf>
<wf cmd="done" pos="VB" lemma="release" wnsn="7" lexsn="2:41:01::">released</wf>
<wf cmd="ignore" pos="DT">a</wf>
<wf cmd="tag" pos="JJ">nice</wf>
<wf cmd="tag" pos="JJ">two-record</wf>
<wf cmd="tag" pos="NN">album</wf>
<wf cmd="ignore" pos="WDT">which</wf>
<wf cmd="ignore" pos="PRP">he</wf>
<wf cmd="done" pos="VB" lemma="make" wnsn="3" lexsn="2:36:00::">made</wf>
<punc>.</punc>
</s>
<s snum="92">
<wf cmd="ignore" pos="PRP">He</wf>
<wf cmd="done" pos="VBZ" ot="notag">is</wf>
<wf cmd="done" pos="VB" lemma="star" wnsn="1" lexsn="2:42:00::">starred</wf>
<wf cmd="ignore" pos="IN">against</wf>
<wf cmd="tag" pos="NNP">Alvin_Alcorn</wf>
<punc>,</punc>
<wf cmd="tag" pos="NN">trumpet</wf>
<punc>;</punc>
<wf cmd="tag" pos="NNP">Phil_Gomez</wf>
<punc>,</punc>
<wf cmd="tag" pos="NN">clarinet</wf>
<punc>;</punc>
<wf cmd="tag" pos="NNP">Cedric_Haywood</wf>
<punc>,</punc>
<wf cmd="tag" pos="NN">piano</wf>
<punc>;</punc>
<wf cmd="tag" pos="NNP">Julian_Davidson</wf>
<punc>,</punc>
<wf cmd="tag" pos="NN">guitar</wf>
<punc>;</punc>
<wf cmd="tag" pos="NNP">Wellman_Braud</wf>
<punc>,</punc>
<wf cmd="tag" pos="NN">bass</wf>
<punc>,</punc>
<wf cmd="ignore" pos="CC">and</wf>
<wf cmd="tag" pos="NNP">Minor_Hall</wf>
<punc>,</punc>
<wf cmd="tag" pos="NNS">drums</wf>
<punc>.</punc>
</s>
</p>
<p pnum="35">
<s snum="93">
<wf cmd="ignore" pos="DT">The</wf>
<wf cmd="tag" pos="JJ">set</wf>
<wf cmd="done" pos="VB" lemma="contain" wnsn="1" lexsn="2:42:00::">contains</wf>
<punc>``</punc>
<wf cmd="tag" pos="NN">High_Society</wf>
<punc>''</punc>
<punc>,</punc>
<punc>``</punc>
<wf cmd="tag" pos="NN">Do</wf>
<wf cmd="ignore" pos="WP">What</wf>
<wf cmd="tag" pos="NNP">Ory</wf>
<wf cmd="tag" pos="NN">Say</wf>
<punc>''</punc>
<punc>,</punc>
<punc>``</punc>
<wf cmd="ignore" pos="IN">Down</wf>
<wf cmd="tag" pos="NNP">Home_Rag</wf>
<punc>''</punc>
<punc>,</punc>
<punc>``</punc>
<wf cmd="tag" pos="NNP">Careless_Love</wf>
<punc>''</punc>
<punc>,</punc>
<wf cmd="tag" pos="NNP">Jazz</wf>
<wf cmd="ignore" pos="PRP">Me</wf>
<wf cmd="tag" pos="NNPS">Blues</wf>
<punc>``</punc>
<punc>,</punc>
<punc>''</punc>
<wf cmd="tag" pos="JJ">Weary</wf>
<wf cmd="tag" pos="NNPS">Blues</wf>
<punc>``</punc>
<punc>,</punc>
<punc>''</punc>
<wf cmd="tag" pos="NNP">Original_Dixieland_One-Step</wf>
<punc>``</punc>
<punc>,</punc>
<punc>''</punc>
<wf cmd="tag" pos="NNP">Bourbon_Street_Parade</wf>
<punc>``</punc>
<punc>,</punc>
<punc>''</punc>
<wf cmd="tag" pos="NNP">Panama</wf>
<punc>``</punc>
<punc>,</punc>
<punc>''</punc>
<wf cmd="tag" pos="NNP">Toot</wf>
<punc>,</punc>
<wf cmd="tag" pos="NNP">Toot</wf>
<punc>,</punc>
<wf cmd="tag" pos="NNP">Tootsie</wf>
<punc>``</punc>
<punc>,</punc>
<punc>''</punc>
<wf cmd="ignore" pos="UH">Oh</wf>
<wf cmd="tag" pos="NN">Did</wf>
<wf cmd="tag" pos="RB">n't</wf>
<wf cmd="ignore" pos="PRP">He</wf>
<wf cmd="tag" pos="NNP">Ramble</wf>
<punc>``</punc>
<punc>,</punc>
<punc>''</punc>
<wf cmd="tag" pos="NNP">Beale_Street</wf>
<wf cmd="tag" pos="NNPS">Blues</wf>
<punc>``</punc>
<punc>,</punc>
<punc>''</punc>
<wf cmd="tag" pos="NNP">Maryland</wf>
<punc>,</punc>
<wf cmd="ignore" pos="PRP$">My</wf>
<wf cmd="tag" pos="NNP">Maryland</wf>
<punc>``</punc>
<punc>,</punc>
<punc>''</punc>
<wf cmd="tag" pos="CD">1919</wf>
<wf cmd="tag" pos="NNP">Rag</wf>
<punc>``</punc>
<punc>,</punc>
<punc>''</punc>
<wf cmd="ignore" pos="UH">Eh</wf>
<punc>,</punc>
<wf cmd="tag" pos="NNP">La_Bas</wf>
<punc>``</punc>
<punc>,</punc>
<punc>''</punc>
<wf cmd="tag" pos="NNP">Mood_Indigo</wf>
<punc>``</punc>
<punc>,</punc>
<wf cmd="ignore" pos="CC">and</wf>
<punc>''</punc>
<wf cmd="tag" pos="NN">Bugle_Call</wf>
<wf cmd="tag" pos="NNP">Rag</wf>
<punc>``</punc>
<punc>.</punc>
</s>
</p>
<p pnum="36">
<s snum="94">
<wf cmd="ignore" pos="DT">All</wf>
<wf cmd="ignore" pos="DT">this</wf>
<wf cmd="ignore" pos="MD">will</wf>
<wf cmd="done" pos="VB" lemma="serve" wnsn="3" lexsn="2:42:01::">serve</wf>
<wf cmd="ignore" pos="TO">to</wf>
<wf cmd="done" pos="VB" lemma="show_off" wnsn="1" lexsn="2:39:00::">show_off</wf>
<wf cmd="ignore" pos="DT">the</wf>
<wf cmd="tag" pos="NNP">Ory</wf>
<wf cmd="tag" pos="NN">style</wf>
<wf cmd="ignore" pos="IN">in</wf>
<wf cmd="tag" pos="JJ">fine</wf>
<wf cmd="tag" pos="NN">fashion</wf>
<wf cmd="ignore" pos="CC">and</wf>
<wf cmd="done" pos="VB" lemma="be" wnsn="2" lexsn="2:42:06::">is</wf>
<wf cmd="ignore" pos="DT">a</wf>
<wf cmd="ignore" pos="MD">must</wf>
<wf cmd="ignore" pos="IN">for</wf>
<wf cmd="ignore" pos="DT">those</wf>
<wf cmd="ignore" pos="WP">who</wf>
<wf cmd="done" pos="VB" lemma="want" wnsn="1" lexsn="2:37:00::">want</wf>
<wf cmd="done" pos="VB" ot="notag">to</wf>
<wf cmd="done" pos="VB" lemma="collect" wnsn="3" lexsn="2:35:00::">collect</wf>
<wf cmd="tag" pos="NNS">elements</wf>
<wf cmd="ignore" pos="IN">of</wf>
<wf cmd="ignore" pos="DT">the</wf>
<wf cmd="tag" pos="JJ">old-time</wf>
<wf cmd="tag" pos="NN">jazz</wf>
<wf cmd="ignore" pos="IN">before</wf>
<wf cmd="ignore" pos="PRP">it</wf>
<wf cmd="done" pos="VB" lemma="be" wnsn="1" lexsn="2:42:03::">is</wf>
<wf cmd="tag" pos="RB">too</wf>
<wf cmd="tag" pos="JJ">late</wf>
<wf cmd="ignore" pos="TO">to</wf>
<wf cmd="done" pos="VB" ot="idiom">lay_hands_on</wf>
<wf cmd="ignore" pos="DT">the</wf>
<wf cmd="tag" pos="NNS">gems</wf>
<punc>.</punc>
</s>
</p>
</context>
</contextfile>
