<contextfile concordance="brown">
<context filename="br-c07" paras="yes">
<p pnum="1">
<s snum="1">
<wf cmd="ignore" pos="DT">Some</wf>
<wf cmd="ignore" pos="IN">of</wf>
<wf cmd="ignore" pos="DT">the</wf>
<wf cmd="tag" pos="NN">New_York</wf>
<wf cmd="tag" pos="NNP">Philharmonic</wf>
<wf cmd="tag" pos="NNS">musicians</wf>
<wf cmd="ignore" pos="WP">who</wf>
<wf cmd="done" pos="VB" lemma="live" wnsn="1" lexsn="2:42:08::">live</wf>
<wf cmd="done" pos="VB" ot="notag">in</wf>
<wf cmd="ignore" pos="DT">the</wf>
<wf cmd="tag" pos="NNS">suburbs</wf>
<wf cmd="done" pos="VB" lemma="spend" wnsn="1" lexsn="2:42:00::">spent</wf>
<wf cmd="tag" pos="NN">yesterday</wf>
<wf cmd="tag" pos="NN">morning</wf>
<wf cmd="done" pos="VB" lemma="dig" wnsn="1" lexsn="2:35:00::">digging</wf>
<wf cmd="ignore" pos="PRP">themselves</wf>
<wf cmd="tag" pos="JJ">free</wf>
<wf cmd="ignore" pos="IN">from</wf>
<wf cmd="tag" pos="NN">snow</wf>
<punc>.</punc>
</s>
<s snum="2">
<wf cmd="ignore" pos="DT">A</wf>
<wf cmd="tag" pos="JJ">tiny</wf>
<wf cmd="tag" pos="NN">handful</wf>
<wf cmd="tag" pos="RB">never</wf>
<wf cmd="done" pos="VBD" ot="notag">did</wf>
<wf cmd="done" pos="VB" lemma="make" wnsn="13" lexsn="2:38:02::">make</wf>
<wf cmd="ignore" pos="DT">the</wf>
<wf cmd="tag" pos="NN">concert</wf>
<punc>.</punc>
</s>
<s snum="3">
<wf cmd="ignore" pos="CC">But</wf>
<punc>,</punc>
<wf cmd="ignore" pos="IN">after</wf>
<wf cmd="ignore" pos="DT">a</wf>
<wf cmd="tag" pos="JJ">fifteen-minute</wf>
<wf cmd="tag" pos="NN">delay</wf>
<punc>,</punc>
<wf cmd="ignore" pos="DT">the</wf>
<wf cmd="tag" pos="RB">substantially</wf>
<wf cmd="tag" pos="JJ">complete</wf>
<wf cmd="tag" pos="NNP">Philharmonic</wf>
<wf cmd="done" pos="VB" lemma="assemble" wnsn="1" lexsn="2:36:00::">assembled</wf>
<wf cmd="ignore" pos="IN">on</wf>
<wf cmd="tag" pos="NN">stage</wf>
<wf cmd="ignore" pos="IN">for</wf>
<wf cmd="ignore" pos="DT">the</wf>
<wf cmd="tag" pos="NN">afternoon</wf>
<wf cmd="ignore" pos="POS">'s</wf>
<wf cmd="tag" pos="NNS">proceedings</wf>
<punc>.</punc>
</s>
<s snum="4">
<wf cmd="ignore" pos="PRP">They</wf>
<wf cmd="done" pos="VB" lemma="face" wnsn="1" lexsn="2:32:00::">faced</wf>
<wf cmd="ignore" pos="DT">a</wf>
<wf cmd="tag" pos="RB">rather</wf>
<wf cmd="tag" pos="JJ">small</wf>
<wf cmd="tag" pos="NN">audience</wf>
<punc>,</punc>
<wf cmd="ignore" pos="IN">as</wf>
<wf cmd="tag" pos="JJ">quite_a_few</wf>
<wf cmd="tag" pos="NNS">subscribers</wf>
<wf cmd="tag" pos="RB">apparently</wf>
<wf cmd="done" pos="VBD" ot="notag">had</wf>
<wf cmd="done" pos="VB" lemma="decide" wnsn="1" lexsn="2:31:00::">decided</wf>
<wf cmd="ignore" pos="TO">to</wf>
<wf cmd="done" pos="VB" lemma="forego" wnsn="1" lexsn="2:42:00::">forego</wf>
<wf cmd="ignore" pos="DT">the</wf>
<wf cmd="tag" pos="NNS">pleasures</wf>
<wf cmd="ignore" pos="IN">of</wf>
<wf cmd="ignore" pos="DT">the</wf>
<wf cmd="tag" pos="NN">afternoon</wf>
<punc>.</punc>
</s>
</p>
<p pnum="2">
<s snum="5">
<wf cmd="ignore" pos="PRP">It</wf>
<wf cmd="done" pos="VB" lemma="be" wnsn="1" lexsn="2:42:03::">was</wf>
<wf cmd="ignore" pos="DT">an</wf>
<wf cmd="tag" pos="JJ">excellent</wf>
<wf cmd="tag" pos="NN">concert</wf>
<punc>.</punc>
</s>
<s snum="6">
<wf cmd="tag" pos="NNP">Paul_Paray</wf>
<punc>,</punc>
<wf cmd="done" pos="VB" lemma="round_out" wnsn="2" lexsn="2:30:00::">rounding_out</wf>
<wf cmd="ignore" pos="PRP$">his</wf>
<wf cmd="tag" pos="JJ">current</wf>
<wf cmd="tag" pos="NN">stint</wf>
<wf cmd="ignore" pos="IN">with</wf>
<wf cmd="ignore" pos="DT">the</wf>
<wf cmd="tag" pos="NN">orchestra</wf>
<punc>,</punc>
<wf cmd="done" pos="VB" lemma="be" wnsn="1" lexsn="2:42:03::">is</wf>
<wf cmd="ignore" pos="DT">a</wf>
<wf cmd="tag" pos="JJ">solid</wf>
<wf cmd="tag" pos="NN">musician</wf>
<punc>,</punc>
<wf cmd="ignore" pos="CC">and</wf>
<wf cmd="ignore" pos="DT">the</wf>
<wf cmd="tag" pos="NNP">Philharmonic</wf>
<wf cmd="done" pos="VB" lemma="play" wnsn="3" lexsn="2:36:12::">plays</wf>
<wf cmd="ignore" pos="IN">for</wf>
<wf cmd="ignore" pos="PRP">him</wf>
<punc>.</punc>
</s>
<s snum="7">
<wf cmd="ignore" pos="PRP$">Their</wf>
<wf cmd="tag" pos="NN">collaboration</wf>
<wf cmd="ignore" pos="IN">in</wf>
<wf cmd="ignore" pos="DT">the</wf>
<wf cmd="tag" pos="NNP">Beethoven_Second_Symphony</wf>
<wf cmd="done" pos="VB" lemma="be" wnsn="1" lexsn="2:42:03::">was</wf>
<wf cmd="tag" pos="JJ">lucid</wf>
<punc>,</punc>
<wf cmd="tag" pos="JJ">intelligent</wf>
<wf cmd="ignore" pos="CC">and</wf>
<wf cmd="tag" pos="JJ">natural</wf>
<wf cmd="tag" pos="NN">sounding</wf>
<punc>.</punc>
</s>
<s snum="8">
<wf cmd="ignore" pos="PRP">It</wf>
<wf cmd="done" pos="VB" lemma="be" wnsn="1" lexsn="2:42:03::">was</wf>
<wf cmd="tag" pos="RB">not</wf>
<wf cmd="ignore" pos="DT">a</wf>
<wf cmd="tag" pos="JJ">heavy</wf>
<punc>,</punc>
<wf cmd="tag" pos="JJ">ponderous</wf>
<wf cmd="tag" pos="NNP">Beethoven</wf>
<punc>.</punc>
</s>
<s snum="9">
<wf cmd="ignore" pos="DT">The</wf>
<wf cmd="tag" pos="NN">music</wf>
<wf cmd="done" pos="VB" lemma="sing" wnsn="2" lexsn="2:36:00::">sang</wf>
<wf cmd="tag" pos="RB">nicely</wf>
<punc>,</punc>
<wf cmd="done" pos="VB" lemma="sprint" wnsn="1" lexsn="2:38:00::">sprinted</wf>
<wf cmd="tag" pos="RB">evenly</wf>
<wf cmd="ignore" pos="WRB">when</wf>
<wf cmd="tag" pos="JJ">necessary</wf>
<punc>,</punc>
<wf cmd="done" pos="VB" lemma="be" wnsn="1" lexsn="2:42:03::">was</wf>
<wf cmd="tag" pos="RB">properly</wf>
<wf cmd="tag" pos="JJ">accented</wf>
<wf cmd="ignore" pos="CC">and</wf>
<wf cmd="tag" pos="JJ">balanced</wf>
<punc>.</punc>
</s>
</p>
<p pnum="3">
<s snum="10">
<wf cmd="ignore" pos="DT">The</wf>
<wf cmd="tag" pos="NNP">Franck</wf>
<wf cmd="tag" pos="NN">symphonic_poem</wf>
<punc>,</punc>
<punc>``</punc>
<wf cmd="tag" pos="NNP">Psyche</wf>
<punc>''</punc>
<punc>,</punc>
<wf cmd="done" pos="VB" lemma="be" wnsn="1" lexsn="2:42:03::">is</wf>
<wf cmd="ignore" pos="DT">a</wf>
<wf cmd="tag" pos="JJ">lush</wf>
<punc>,</punc>
<wf cmd="tag" pos="JJ">sweet-sounding</wf>
<wf cmd="tag" pos="NN">affair</wf>
<wf cmd="ignore" pos="WDT">that</wf>
<wf cmd="done" pos="VB" lemma="be" wnsn="1" lexsn="2:42:03::">was</wf>
<wf cmd="tag" pos="JJ">pleasant</wf>
<wf cmd="ignore" pos="TO">to</wf>
<wf cmd="done" pos="VB" lemma="encounter" wnsn="1" lexsn="2:38:00::">encounter</wf>
<wf cmd="tag" pos="RB">once_again</wf>
<punc>.</punc>
</s>
<s snum="11">
<wf cmd="tag" pos="JJ">Fortunate</wf>
<wf cmd="ignore" pos="IN">for</wf>
<wf cmd="ignore" pos="DT">the</wf>
<wf cmd="tag" pos="NN">music</wf>
<wf cmd="ignore" pos="PRP">itself</wf>
<punc>,</punc>
<wf cmd="ignore" pos="PRP">it</wf>
<wf cmd="done" pos="VB" lemma="be" wnsn="1" lexsn="2:42:03::">is</wf>
<wf cmd="tag" pos="RB">not</wf>
<wf cmd="tag" pos="RB">too</wf>
<wf cmd="tag" pos="JJ">frequent</wf>
<wf cmd="ignore" pos="DT">a</wf>
<wf cmd="tag" pos="NN">visitor</wf>
<punc>;</punc>
<wf cmd="ignore" pos="IN">if</wf>
<wf cmd="ignore" pos="PRP">it</wf>
<wf cmd="done" pos="VB" lemma="be" wnsn="1" lexsn="2:42:03::">were</wf>
<punc>,</punc>
<wf cmd="ignore" pos="PRP$">its</wf>
<wf cmd="tag" pos="RB">heavily</wf>
<wf cmd="tag" pos="JJ">chromatic</wf>
<wf cmd="tag" pos="NNS">harmonies</wf>
<wf cmd="ignore" pos="MD">would</wf>
<wf cmd="tag" pos="RB">soon</wf>
<wf cmd="done" pos="VB" lemma="become" wnsn="2" lexsn="2:42:01::">become</wf>
<wf cmd="tag" pos="JJ">cloying</wf>
<punc>.</punc>
</s>
</p>
<p pnum="4">
<s snum="12">
<wf cmd="tag" pos="NNP">Mr._Paray</wf>
<wf cmd="done" pos="VB" lemma="resist" wnsn="2" lexsn="2:33:00::">resisted</wf>
<wf cmd="ignore" pos="DT">the</wf>
<wf cmd="tag" pos="NN">temptation</wf>
<wf cmd="ignore" pos="TO">to</wf>
<wf cmd="done" pos="VB" lemma="overemphasize" wnsn="1" lexsn="2:32:00::">over-emphasize</wf>
<wf cmd="ignore" pos="DT">the</wf>
<wf cmd="tag" pos="JJ">melodic</wf>
<wf cmd="tag" pos="NNS">elements</wf>
<wf cmd="ignore" pos="IN">of</wf>
<wf cmd="ignore" pos="DT">the</wf>
<wf cmd="tag" pos="NN">score</wf>
<punc>.</punc>
</s>
<s snum="13">
<wf cmd="ignore" pos="PRP">He</wf>
<wf cmd="done" pos="VBD" ot="notag">did</wf>
<wf cmd="tag" pos="RB">not</wf>
<wf cmd="done" pos="VB" lemma="let" wnsn="1" lexsn="2:41:00::">let</wf>
<wf cmd="ignore" pos="DT">the</wf>
<wf cmd="tag" pos="NNS">strings</wf>
<punc>,</punc>
<wf cmd="tag" pos="RB">for_instance</wf>
<punc>,</punc>
<wf cmd="done" pos="VB" ot="metaphor">weep</wf>
<punc>,</punc>
<wf cmd="done" pos="VB" ot="metaphor">whine</wf>
<wf cmd="ignore" pos="CC">or</wf>
<wf cmd="done" pos="VB" lemma="get" wnsn="2" lexsn="2:30:00::">get</wf>
<wf cmd="tag" pos="JJ">hysterical</wf>
<punc>.</punc>
</s>
<s snum="14">
<wf cmd="ignore" pos="PRP$">His</wf>
<wf cmd="tag" pos="NN">interpretation</wf>
<wf cmd="done" pos="VB" lemma="be" wnsn="1" lexsn="2:42:03::">was</wf>
<wf cmd="ignore" pos="DT">a</wf>
<wf cmd="tag" pos="NN">model</wf>
<wf cmd="ignore" pos="IN">of</wf>
<wf cmd="tag" pos="NN">refinement</wf>
<wf cmd="ignore" pos="CC">and</wf>
<wf cmd="tag" pos="NN">accuracy</wf>
<punc>.</punc>
</s>
</p>
<p pnum="5">
<s snum="15">
<wf cmd="ignore" pos="CC">And</wf>
<wf cmd="ignore" pos="IN">in</wf>
<wf cmd="ignore" pos="DT">the</wf>
<wf cmd="tag" pos="NNP">Prokofieff</wf>
<wf cmd="tag" pos="NN">C</wf>
<wf cmd="tag" pos="JJ">major</wf>
<wf cmd="tag" pos="NNP">Piano_Concerto</wf>
<punc>,</punc>
<wf cmd="ignore" pos="IN">with</wf>
<wf cmd="tag" pos="NNP">Zadel_Skolovsky</wf>
<wf cmd="ignore" pos="IN">as</wf>
<wf cmd="tag" pos="NN">soloist</wf>
<punc>,</punc>
<wf cmd="ignore" pos="PRP">he</wf>
<wf cmd="done" pos="VB" lemma="be" wnsn="1" lexsn="2:42:03::">was</wf>
<wf cmd="ignore" pos="DT">an</wf>
<wf cmd="tag" pos="JJ">admirable</wf>
<wf cmd="tag" pos="NN">partner</wf>
<punc>.</punc>
</s>
<s snum="16">
<wf cmd="tag" pos="NNP">Mr._Skolovsky</wf>
<wf cmd="ignore" pos="POS">'s</wf>
<wf cmd="tag" pos="NN">approach</wf>
<wf cmd="ignore" pos="TO">to</wf>
<wf cmd="ignore" pos="DT">the</wf>
<wf cmd="tag" pos="NN">concerto</wf>
<wf cmd="done" pos="VB" lemma="be" wnsn="1" lexsn="2:42:03::">was</wf>
<wf cmd="tag" pos="JJ">bold</wf>
<punc>,</punc>
<wf cmd="tag" pos="NN">sweeping</wf>
<wf cmd="ignore" pos="CC">and</wf>
<wf cmd="tag" pos="RB">tonally</wf>
<wf cmd="tag" pos="JJ">percussive</wf>
<punc>.</punc>
</s>
<s snum="17">
<wf cmd="ignore" pos="PRP">He</wf>
<wf cmd="done" pos="VB" lemma="sweep_through" wnsn="1" lexsn="2:41:00::">swept_through</wf>
<wf cmd="ignore" pos="DT">the</wf>
<wf cmd="tag" pos="NN">music</wf>
<wf cmd="ignore" pos="IN">with</wf>
<wf cmd="tag" pos="NN">ease</wf>
<punc>,</punc>
<wf cmd="ignore" pos="IN">in</wf>
<wf cmd="ignore" pos="DT">a</wf>
<wf cmd="tag" pos="JJ">non-sentimental</wf>
<wf cmd="ignore" pos="CC">and</wf>
<wf cmd="tag" pos="JJ">ultra-efficient</wf>
<wf cmd="tag" pos="NN">manner</wf>
<punc>.</punc>
</s>
</p>
<p pnum="6">
<s snum="18">
<wf cmd="ignore" pos="DT">An</wf>
<wf cmd="tag" pos="JJ">impressive</wf>
<wf cmd="tag" pos="NN">technician</wf>
<punc>,</punc>
<wf cmd="tag" pos="NNP">Mr._Skolovsky</wf>
<wf cmd="done" pos="VB" lemma="have" wnsn="1" lexsn="2:40:00::">has</wf>
<wf cmd="tag" pos="JJ">fine</wf>
<wf cmd="tag" pos="NN">rhythm</wf>
<punc>,</punc>
<wf cmd="tag" pos="RB">to_boot</wf>
<punc>.</punc>
</s>
<s snum="19">
<wf cmd="ignore" pos="PRP$">His</wf>
<wf cmd="tag" pos="NN">tone</wf>
<wf cmd="done" pos="VB" lemma="be" wnsn="1" lexsn="2:42:03::">is</wf>
<wf cmd="ignore" pos="DT">the</wf>
<wf cmd="tag" pos="JJS">weakest</wf>
<wf cmd="tag" pos="NN">part</wf>
<wf cmd="ignore" pos="IN">of</wf>
<wf cmd="ignore" pos="PRP$">his</wf>
<wf cmd="tag" pos="NN">equipment</wf>
<punc>;</punc>
<wf cmd="ignore" pos="PRP">it</wf>
<wf cmd="done" pos="VB" lemma="tend" wnsn="1" lexsn="2:42:01::">tends</wf>
<wf cmd="done" pos="VB" ot="notag">to</wf>
<wf cmd="done" pos="VB" lemma="be" wnsn="1" lexsn="2:42:03::">be</wf>
<wf cmd="tag" pos="JJ">hard</wf>
<wf cmd="ignore" pos="CC">and</wf>
<wf cmd="tag" pos="JJ">colorless</wf>
<punc>.</punc>
</s>
<s snum="20">
<wf cmd="ignore" pos="DT">A</wf>
<wf cmd="tag" pos="NN">school_of_thought</wf>
<wf cmd="done" pos="VB" lemma="have" wnsn="1" lexsn="2:40:00::">has</wf>
<wf cmd="ignore" pos="PRP">it</wf>
<wf cmd="ignore" pos="IN">that</wf>
<wf cmd="ignore" pos="DT">those</wf>
<wf cmd="tag" pos="NNS">attributes</wf>
<wf cmd="done" pos="VB" lemma="be" wnsn="1" lexsn="2:42:03::">are</wf>
<wf cmd="tag" pos="RB">exactly</wf>
<wf cmd="ignore" pos="WP">what</wf>
<wf cmd="ignore" pos="DT">this</wf>
<wf cmd="tag" pos="NN">concerto</wf>
<wf cmd="done" pos="VB" lemma="need" wnsn="2" lexsn="2:34:00::">needs</wf>
<punc>.</punc>
</s>
<s snum="21">
<wf cmd="ignore" pos="PRP">It</wf>
<wf cmd="done" pos="VB" lemma="be" wnsn="1" lexsn="2:42:03::">is</wf>
<punc>,</punc>
<wf cmd="tag" pos="RB">after_all</wf>
<punc>,</punc>
<wf cmd="ignore" pos="DT">a</wf>
<wf cmd="tag" pos="JJ">non-romantic</wf>
<wf cmd="tag" pos="NN">work</wf>
<punc>(</punc>
<wf cmd="tag" pos="RB">even</wf>
<wf cmd="ignore" pos="IN">with</wf>
<wf cmd="ignore" pos="DT">the</wf>
<wf cmd="tag" pos="JJ">big</wf>
<punc>,</punc>
<wf cmd="tag" pos="JJ">juicy</wf>
<wf cmd="tag" pos="NN">melody</wf>
<wf cmd="ignore" pos="IN">of</wf>
<wf cmd="ignore" pos="DT">the</wf>
<wf cmd="tag" pos="JJ">second</wf>
<wf cmd="tag" pos="NN">movement</wf>
<punc>)</punc>
<punc>;</punc>
<wf cmd="ignore" pos="CC">and</wf>
<wf cmd="ignore" pos="DT">the</wf>
<wf cmd="tag" pos="NN">composer</wf>
<wf cmd="ignore" pos="PRP">himself</wf>
<wf cmd="done" pos="VB" lemma="be" wnsn="6" lexsn="2:42:07::">was</wf>
<wf cmd="tag" pos="JJ">called</wf>
<wf cmd="ignore" pos="DT">the</wf>
<punc>``</punc>
<wf cmd="tag" pos="NN">age</wf>
<wf cmd="ignore" pos="IN">of</wf>
<wf cmd="tag" pos="NN">steel</wf>
<wf cmd="tag" pos="NN">pianist</wf>
<punc>''</punc>
<punc>.</punc>
</s>
<s snum="22">
<wf cmd="ignore" pos="CC">But</wf>
<wf cmd="tag" pos="RB">granted</wf>
<wf cmd="ignore" pos="DT">all</wf>
<wf cmd="ignore" pos="DT">this</wf>
<punc>,</punc>
<wf cmd="tag" pos="CD">one</wf>
<wf cmd="tag" pos="RB">still</wf>
<wf cmd="ignore" pos="MD">would</wf>
<wf cmd="done" pos="VB" ot="notag">have</wf>
<wf cmd="done" pos="VB" lemma="like" wnsn="1" lexsn="2:37:01::">liked</wf>
<wf cmd="ignore" pos="TO">to</wf>
<wf cmd="done" pos="VB" ot="notag">have</wf>
<wf cmd="done" pos="VB" lemma="hear" wnsn="1" lexsn="2:39:00::">heard</wf>
<wf cmd="tag" pos="RB">a_little</wf>
<wf cmd="tag" pos="RBR">more</wf>
<wf cmd="tag" pos="JJ">tonal</wf>
<wf cmd="tag" pos="NN">nuance</wf>
<wf cmd="ignore" pos="IN">than</wf>
<wf cmd="tag" pos="NNP">Mr._Skolovsky</wf>
<wf cmd="done" pos="VB" lemma="supply" wnsn="1" lexsn="2:40:00::">supplied</wf>
<punc>.</punc>
</s>
</p>
<p pnum="7">
<s snum="23">
<wf cmd="done" pos="VB" lemma="take" wnsn="13" lexsn="2:31:03::">Taken</wf>
<wf cmd="tag" pos="RB">as_a_whole</wf>
<punc>,</punc>
<wf cmd="tag" pos="RB">though</wf>
<punc>,</punc>
<wf cmd="ignore" pos="PRP">it</wf>
<wf cmd="done" pos="VB" lemma="be" wnsn="1" lexsn="2:42:03::">was</wf>
<wf cmd="ignore" pos="DT">a</wf>
<wf cmd="tag" pos="JJ">strong</wf>
<wf cmd="tag" pos="NN">performance</wf>
<wf cmd="ignore" pos="IN">from</wf>
<wf cmd="ignore" pos="DT">both</wf>
<wf cmd="tag" pos="NN">pianist</wf>
<wf cmd="ignore" pos="CC">and</wf>
<wf cmd="tag" pos="NN">orchestra</wf>
<punc>.</punc>
</s>
<s snum="24">
<wf cmd="tag" pos="NNP">Mr._Skolovsky</wf>
<wf cmd="tag" pos="RB">fully</wf>
<wf cmd="done" pos="VB" lemma="deserve" wnsn="1" lexsn="2:42:00::">deserved</wf>
<wf cmd="ignore" pos="DT">the</wf>
<wf cmd="tag" pos="JJ">warm</wf>
<wf cmd="tag" pos="NN">reception</wf>
<wf cmd="ignore" pos="PRP">he</wf>
<wf cmd="done" pos="VB" lemma="receive" wnsn="4" lexsn="2:39:03::">received</wf>
<punc>.</punc>
</s>
</p>
<p pnum="8">
<s snum="25">
<wf cmd="ignore" pos="DT">A</wf>
<wf cmd="tag" pos="JJ">new</wf>
<wf cmd="tag" pos="NN">work</wf>
<wf cmd="done" pos="VB" ot="notag">on</wf>
<wf cmd="ignore" pos="DT">the</wf>
<wf cmd="tag" pos="NN">program</wf>
<wf cmd="done" pos="VB" lemma="be" wnsn="1" lexsn="2:42:03::">was</wf>
<wf cmd="tag" pos="NNP">Nikolai_Lopatnikoff</wf>
<wf cmd="ignore" pos="POS">'s</wf>
<punc>``</punc>
<wf cmd="tag" pos="NNP">Festival_Overture</wf>
<punc>''</punc>
<punc>,</punc>
<wf cmd="done" pos="VB" lemma="receive" wnsn="2" lexsn="2:30:01::">receiving</wf>
<wf cmd="ignore" pos="PRP$">its</wf>
<wf cmd="tag" pos="JJ">first</wf>
<wf cmd="tag" pos="NN">New_York</wf>
<wf cmd="tag" pos="NN">hearing</wf>
<punc>.</punc>
</s>
<s snum="26">
<wf cmd="ignore" pos="DT">This</wf>
<wf cmd="done" pos="VBD" ot="notag">was</wf>
<wf cmd="done" pos="VB" lemma="compose" wnsn="2" lexsn="2:36:03::">composed</wf>
<wf cmd="tag" pos="JJ">last</wf>
<wf cmd="tag" pos="NN">year</wf>
<wf cmd="ignore" pos="IN">as</wf>
<wf cmd="ignore" pos="DT">a</wf>
<wf cmd="tag" pos="NN">salute</wf>
<wf cmd="ignore" pos="TO">to</wf>
<wf cmd="ignore" pos="DT">the</wf>
<wf cmd="tag" pos="NN">automobile_industry</wf>
<punc>.</punc>
</s>
<s snum="27">
<wf cmd="ignore" pos="PRP">It</wf>
<wf cmd="done" pos="VB" lemma="be" wnsn="1" lexsn="2:42:03::">is</wf>
<wf cmd="tag" pos="RB">not</wf>
<wf cmd="tag" pos="NN">program</wf>
<wf cmd="tag" pos="NN">music</wf>
<punc>,</punc>
<wf cmd="tag" pos="RB">though</wf>
<punc>.</punc>
</s>
<s snum="28">
<wf cmd="ignore" pos="PRP">It</wf>
<wf cmd="done" pos="VB" lemma="run" wnsn="6" lexsn="2:38:01::">runs</wf>
<wf cmd="tag" pos="RB">a_little</wf>
<wf cmd="tag" pos="RB">more_than</wf>
<wf cmd="tag" pos="CD">ten</wf>
<wf cmd="tag" pos="NNS">minutes</wf>
<punc>,</punc>
<wf cmd="done" pos="VB" lemma="be" wnsn="1" lexsn="2:42:03::">is</wf>
<wf cmd="tag" pos="JJ">workmanlike</wf>
<punc>,</punc>
<wf cmd="tag" pos="JJ">busy</wf>
<punc>,</punc>
<wf cmd="tag" pos="JJ">methodical</wf>
<wf cmd="ignore" pos="CC">and</wf>
<wf cmd="tag" pos="JJ">featureless</wf>
<punc>.</punc>
</s>
</p>
<p pnum="9">
<s snum="29">
<punc>``</punc>
<wf cmd="tag" pos="NNP">La_Gioconda</wf>
<punc>''</punc>
<punc>,</punc>
<wf cmd="ignore" pos="IN">like</wf>
<wf cmd="ignore" pos="PRP">it</wf>
<wf cmd="ignore" pos="CC">or</wf>
<wf cmd="tag" pos="RB">not</wf>
<punc>,</punc>
<wf cmd="done" pos="VB" lemma="be" wnsn="1" lexsn="2:42:03::">is</wf>
<wf cmd="ignore" pos="DT">a</wf>
<wf cmd="tag" pos="NN">singer</wf>
<wf cmd="ignore" pos="POS">'s</wf>
<wf cmd="tag" pos="NN">opera</wf>
<punc>.</punc>
</s>
<s snum="30">
<wf cmd="ignore" pos="CC">And</wf>
<wf cmd="tag" pos="RB">so</wf>
<punc>,</punc>
<wf cmd="tag" pos="RB">of_course</wf>
<punc>,</punc>
<wf cmd="ignore" pos="PRP">it</wf>
<wf cmd="done" pos="VB" lemma="be" wnsn="1" lexsn="2:42:03::">is</wf>
<wf cmd="ignore" pos="DT">a</wf>
<wf cmd="tag" pos="NN">fan</wf>
<wf cmd="ignore" pos="POS">'s</wf>
<wf cmd="tag" pos="NN">opera</wf>
<wf cmd="tag" pos="RB">as_well</wf>
<punc>.</punc>
</s>
<s snum="31">
<wf cmd="tag" pos="NNP">Snow</wf>
<wf cmd="ignore" pos="CC">or</wf>
<wf cmd="ignore" pos="DT">no</wf>
<punc>,</punc>
<wf cmd="ignore" pos="DT">the</wf>
<wf cmd="tag" pos="NNS">fans</wf>
<wf cmd="done" pos="VB" lemma="be" wnsn="3" lexsn="2:42:05::">were</wf>
<wf cmd="tag" pos="JJ">present</wf>
<wf cmd="tag" pos="JJ">in_force</wf>
<wf cmd="ignore" pos="IN">at</wf>
<wf cmd="ignore" pos="DT">the</wf>
<wf cmd="tag" pos="NNP">Metropolitan_Opera</wf>
<wf cmd="tag" pos="JJ">last</wf>
<wf cmd="tag" pos="NN">night</wf>
<wf cmd="ignore" pos="IN">for</wf>
<wf cmd="ignore" pos="DT">a</wf>
<wf cmd="tag" pos="NN">performance</wf>
<wf cmd="ignore" pos="IN">of</wf>
<wf cmd="ignore" pos="DT">the</wf>
<wf cmd="tag" pos="NNP">Ponchielli</wf>
<wf cmd="tag" pos="NN">work</wf>
<punc>.</punc>
</s>
</p>
<p pnum="10">
<s snum="32">
<wf cmd="tag" pos="RB">So</wf>
<wf cmd="ignore" pos="DT">the</wf>
<wf cmd="tag" pos="NN">plot</wf>
<wf cmd="tag" pos="JJ">creaks</wf>
<punc>,</punc>
<wf cmd="ignore" pos="DT">the</wf>
<wf cmd="tag" pos="NNS">sets</wf>
<wf cmd="done" pos="VBP" ot="notag">are</wf>
<wf cmd="tag" pos="JJ">decaying</wf>
<punc>,</punc>
<wf cmd="ignore" pos="DT">the</wf>
<wf cmd="tag" pos="NNS">costumes</wf>
<wf cmd="done" pos="VBP" ot="notag">are</wf>
<wf cmd="tag" pos="JJ">pre-historic</wf>
<punc>,</punc>
<wf cmd="ignore" pos="DT">the</wf>
<wf cmd="tag" pos="NN">orchestra</wf>
<wf cmd="done" pos="VB" lemma="be" wnsn="1" lexsn="2:42:03::">was</wf>
<wf cmd="tag" pos="JJ">sloppy</wf>
<wf cmd="ignore" pos="CC">and</wf>
<wf cmd="tag" pos="RB">not_very_well</wf>
<wf cmd="tag" pos="JJ">connected</wf>
<wf cmd="ignore" pos="IN">with</wf>
<wf cmd="ignore" pos="WP">what</wf>
<wf cmd="ignore" pos="DT">the</wf>
<wf cmd="tag" pos="NNS">singers</wf>
<wf cmd="done" pos="VBD" ot="notag">were</wf>
<wf cmd="done" pos="VB" lemma="do" wnsn="2" lexsn="2:36:01::">doing</wf>
<punc>.</punc>
</s>
<s snum="33">
<wf cmd="tag" pos="RB">After_all</wf>
<punc>,</punc>
<wf cmd="ignore" pos="DT">the</wf>
<wf cmd="tag" pos="NN">opera</wf>
<wf cmd="done" pos="VB" lemma="have" wnsn="1" lexsn="2:40:00::">has</wf>
<wf cmd="tag" pos="JJ">juicy</wf>
<wf cmd="tag" pos="NN">music</wf>
<wf cmd="ignore" pos="TO">to</wf>
<wf cmd="done" pos="VB" lemma="sing" wnsn="1" lexsn="2:36:01::">sing</wf>
<wf cmd="ignore" pos="CC">and</wf>
<wf cmd="ignore" pos="DT">the</wf>
<wf cmd="tag" pos="NNS">goodies</wf>
<wf cmd="done" pos="VB" lemma="be" wnsn="1" lexsn="2:42:03::">are</wf>
<wf cmd="tag" pos="JJ">well</wf>
<wf cmd="tag" pos="JJ">distributed</wf>
<punc>,</punc>
<wf cmd="ignore" pos="IN">with</wf>
<wf cmd="tag" pos="RB">no_less_than</wf>
<wf cmd="tag" pos="CD">six</wf>
<wf cmd="tag" pos="JJ">leading</wf>
<wf cmd="tag" pos="NNS">parts</wf>
<punc>.</punc>
</s>
</p>
<p pnum="11">
<s snum="34">
<wf cmd="tag" pos="CD">One</wf>
<wf cmd="ignore" pos="IN">of</wf>
<wf cmd="ignore" pos="DT">those</wf>
<wf cmd="tag" pos="NNS">parts</wf>
<wf cmd="done" pos="VB" lemma="be" wnsn="2" lexsn="2:42:06::">is</wf>
<wf cmd="ignore" pos="IN">that</wf>
<wf cmd="ignore" pos="IN">of</wf>
<wf cmd="tag" pos="JJ">evil</wf>
<punc>,</punc>
<wf cmd="tag" pos="JJ">evil</wf>
<wf cmd="tag" pos="NNP">Barnaba</wf>
<punc>,</punc>
<wf cmd="ignore" pos="DT">the</wf>
<wf cmd="tag" pos="NN">spy</wf>
<punc>.</punc>
</s>
<s snum="35">
<wf cmd="ignore" pos="PRP$">His</wf>
<wf cmd="tag" pos="JJ">wicked</wf>
<wf cmd="tag" pos="NNS">deeds</wf>
<wf cmd="done" pos="VBD" ot="notag">were</wf>
<wf cmd="done" pos="VB" lemma="carry_on" wnsn="1" lexsn="2:41:00::">carried_on</wf>
<wf cmd="ignore" pos="IN">by</wf>
<wf cmd="tag" pos="NNP">Anselmo_Colzani</wf>
<punc>,</punc>
<wf cmd="ignore" pos="WP">who</wf>
<wf cmd="done" pos="VBD" ot="notag">was</wf>
<wf cmd="done" pos="VB" lemma="take" wnsn="12" lexsn="2:41:00::">taking</wf>
<wf cmd="ignore" pos="DT">the</wf>
<wf cmd="tag" pos="NN">part</wf>
<wf cmd="tag" pos="RB">for_the_first_time</wf>
<wf cmd="ignore" pos="IN">with</wf>
<wf cmd="ignore" pos="DT">the</wf>
<wf cmd="tag" pos="NN">company</wf>
<punc>.</punc>
</s>
</p>
<p pnum="12">
<s snum="36">
<wf cmd="ignore" pos="PRP">He</wf>
<wf cmd="done" pos="VB" lemma="have" wnsn="1" lexsn="2:40:00::">has</wf>
<wf cmd="ignore" pos="DT">the</wf>
<wf cmd="tag" pos="NN">temperament</wf>
<wf cmd="ignore" pos="CC">and</wf>
<wf cmd="ignore" pos="DT">the</wf>
<wf cmd="tag" pos="NN">stage</wf>
<wf cmd="tag" pos="NN">presence</wf>
<wf cmd="ignore" pos="IN">for</wf>
<wf cmd="ignore" pos="DT">a</wf>
<wf cmd="tag" pos="JJ">rousing</wf>
<wf cmd="tag" pos="NN">villain</wf>
<wf cmd="ignore" pos="CC">and</wf>
<wf cmd="ignore" pos="PRP">he</wf>
<wf cmd="done" pos="VB" lemma="sing" wnsn="2" lexsn="2:36:00::">sang</wf>
<wf cmd="ignore" pos="IN">with</wf>
<wf cmd="tag" pos="NN">character</wf>
<wf cmd="ignore" pos="CC">and</wf>
<wf cmd="tag" pos="JJ">strong</wf>
<wf cmd="tag" pos="NN">tone</wf>
<punc>.</punc>
</s>
<s snum="37">
<wf cmd="ignore" pos="WP">What</wf>
<wf cmd="done" pos="VB" lemma="be" wnsn="1" lexsn="2:42:03::">was</wf>
<wf cmd="tag" pos="JJ">lacking</wf>
<wf cmd="done" pos="VB" lemma="be" wnsn="1" lexsn="2:42:03::">was</wf>
<wf cmd="ignore" pos="DT">a</wf>
<wf cmd="tag" pos="JJ">real</wf>
<wf cmd="tag" pos="NN">sense</wf>
<wf cmd="ignore" pos="IN">of</wf>
<wf cmd="tag" pos="NN">phrase</wf>
<punc>,</punc>
<wf cmd="ignore" pos="DT">the</wf>
<wf cmd="tag" pos="RB">kind_of</wf>
<wf cmd="tag" pos="JJ">legato</wf>
<wf cmd="tag" pos="NN">singing</wf>
<wf cmd="ignore" pos="WDT">that</wf>
<wf cmd="ignore" pos="MD">would</wf>
<wf cmd="done" pos="VB" ot="notag">have</wf>
<wf cmd="done" pos="VB" lemma="add" wnsn="3" lexsn="2:40:00::">added</wf>
<wf cmd="ignore" pos="DT">a</wf>
<wf cmd="tag" pos="NN">dimension</wf>
<wf cmd="ignore" pos="IN">of</wf>
<wf cmd="tag" pos="NN">smoothness</wf>
<wf cmd="ignore" pos="TO">to</wf>
<wf cmd="ignore" pos="WP">what</wf>
<wf cmd="done" pos="VB" lemma="be" wnsn="1" lexsn="2:42:03::">is</wf>
<punc>,</punc>
<wf cmd="tag" pos="RB">after_all</wf>
<punc>,</punc>
<wf cmd="ignore" pos="DT">a</wf>
<wf cmd="tag" pos="RB">very</wf>
<wf cmd="tag" pos="JJ">oily</wf>
<wf cmd="tag" pos="NN">character</wf>
<punc>.</punc>
</s>
</p>
<p pnum="13">
<s snum="38">
<wf cmd="tag" pos="NNP">Regina_Resnik</wf>
<wf cmd="ignore" pos="IN">as</wf>
<wf cmd="tag" pos="NNP">Laura</wf>
<wf cmd="ignore" pos="CC">and</wf>
<wf cmd="tag" pos="NNP">Cesare_Siepi</wf>
<wf cmd="ignore" pos="IN">as</wf>
<wf cmd="tag" pos="NNP">Alvise</wf>
<wf cmd="tag" pos="RB">also</wf>
<wf cmd="done" pos="VB" lemma="be" wnsn="1" lexsn="2:42:03::">were</wf>
<wf cmd="tag" pos="JJ">new_to</wf>
<wf cmd="ignore" pos="DT">the</wf>
<wf cmd="tag" pos="NN">cast</wf>
<punc>,</punc>
<wf cmd="ignore" pos="CC">but</wf>
<wf cmd="tag" pos="RB">only</wf>
<wf cmd="tag" pos="NN">with_respect_to</wf>
<wf cmd="ignore" pos="DT">this</wf>
<wf cmd="tag" pos="NN">season</wf>
<punc>;</punc>
<wf cmd="ignore" pos="PRP">they</wf>
<wf cmd="done" pos="VBP" ot="notag">have</wf>
<wf cmd="ignore" pos="DT">both</wf>
<wf cmd="done" pos="VB" lemma="sing" wnsn="1" lexsn="2:36:01::">sung</wf>
<wf cmd="ignore" pos="DT">these</wf>
<wf cmd="tag" pos="NNS">parts</wf>
<wf cmd="tag" pos="RB">here</wf>
<wf cmd="tag" pos="RB">before</wf>
<punc>.</punc>
</s>
<s snum="39">
<wf cmd="tag" pos="NNP">Laura</wf>
<wf cmd="done" pos="VB" lemma="be" wnsn="1" lexsn="2:42:03::">is</wf>
<wf cmd="ignore" pos="DT">a</wf>
<wf cmd="tag" pos="JJ">good</wf>
<wf cmd="tag" pos="NN">role</wf>
<wf cmd="ignore" pos="IN">for</wf>
<wf cmd="tag" pos="NNP">Miss_Resnik</wf>
<punc>,</punc>
<wf cmd="ignore" pos="CC">and</wf>
<wf cmd="ignore" pos="PRP">she</wf>
<wf cmd="done" pos="VB" lemma="give" wnsn="1" lexsn="2:40:03::">gave</wf>
<wf cmd="ignore" pos="PRP">it</wf>
<wf cmd="tag" pos="NN">force</wf>
<punc>,</punc>
<wf cmd="tag" pos="JJ">dramatic</wf>
<wf cmd="tag" pos="NN">color</wf>
<wf cmd="ignore" pos="CC">and</wf>
<wf cmd="tag" pos="NN">passion</wf>
<punc>.</punc>
</s>
</p>
<p pnum="14">
<s snum="40">
<wf cmd="tag" pos="NNP">Mr._Siepi</wf>
<wf cmd="done" pos="VB" lemma="be" wnsn="1" lexsn="2:42:03::">was</wf>
<punc>,</punc>
<wf cmd="ignore" pos="IN">as</wf>
<wf cmd="tag" pos="RB">always</wf>
<punc>,</punc>
<wf cmd="ignore" pos="DT">a</wf>
<wf cmd="tag" pos="JJ">consummate</wf>
<wf cmd="tag" pos="NN">actor</wf>
<punc>;</punc>
<wf cmd="ignore" pos="IN">with</wf>
<wf cmd="tag" pos="JJ">a_few</wf>
<wf cmd="tag" pos="NN">telling</wf>
<wf cmd="tag" pos="NNS">strokes</wf>
<wf cmd="ignore" pos="PRP">he</wf>
<wf cmd="done" pos="VB" lemma="characterize" wnsn="1" lexsn="2:32:00::">characterized</wf>
<wf cmd="tag" pos="NNP">Alvise</wf>
<wf cmd="tag" pos="RB">magnificently</wf>
<punc>.</punc>
</s>
<s snum="41">
<wf cmd="tag" pos="NN">Part</wf>
<wf cmd="tag" pos="RB">of_this</wf>
<wf cmd="tag" pos="NN">characterization</wf>
<wf cmd="done" pos="VBD" ot="notag">was</wf>
<punc>,</punc>
<wf cmd="tag" pos="RB">of_course</wf>
<punc>,</punc>
<wf cmd="tag" pos="JJ">accomplished</wf>
<wf cmd="ignore" pos="IN">with</wf>
<wf cmd="ignore" pos="DT">the</wf>
<wf cmd="tag" pos="JJ">vocal</wf>
<wf cmd="tag" pos="NNS">chords</wf>
<punc>.</punc>
</s>
<s snum="42">
<wf cmd="ignore" pos="PRP$">His</wf>
<wf cmd="tag" pos="NN">singing</wf>
<wf cmd="done" pos="VB" lemma="be" wnsn="1" lexsn="2:42:03::">was</wf>
<wf cmd="tag" pos="JJ">strong</wf>
<wf cmd="ignore" pos="CC">and</wf>
<wf cmd="tag" pos="JJ">musical</wf>
<punc>;</punc>
<wf cmd="tag" pos="RB">unfortunately</wf>
<wf cmd="ignore" pos="PRP$">his</wf>
<wf cmd="tag" pos="NN">voice</wf>
<wf cmd="done" pos="VB" lemma="be" wnsn="1" lexsn="2:42:03::">was</wf>
<wf cmd="ignore" pos="IN">out</wf>
<wf cmd="ignore" pos="IN">of</wf>
<wf cmd="tag" pos="NN">focus</wf>
<wf cmd="ignore" pos="CC">and</wf>
<wf cmd="tag" pos="RB">often</wf>
<wf cmd="tag" pos="JJ">spread</wf>
<wf cmd="ignore" pos="IN">in</wf>
<wf cmd="tag" pos="NN">quality</wf>
<punc>.</punc>
</s>
</p>
<p pnum="15">
<s snum="43">
<wf cmd="tag" pos="NNP">Eileen_Farrell</wf>
<wf cmd="ignore" pos="IN">in</wf>
<wf cmd="ignore" pos="DT">the</wf>
<wf cmd="tag" pos="NN">title_role</wf>
<punc>,</punc>
<wf cmd="tag" pos="NNP">Mignon_Dunn</wf>
<wf cmd="ignore" pos="IN">as</wf>
<wf cmd="tag" pos="NNP">La_Cieca</wf>
<wf cmd="ignore" pos="CC">and</wf>
<wf cmd="tag" pos="NNP">Richard_Tucker</wf>
<wf cmd="ignore" pos="IN">as</wf>
<wf cmd="tag" pos="NNP">Enzo</wf>
<wf cmd="done" pos="VB" lemma="be" wnsn="1" lexsn="2:42:03::">were</wf>
<wf cmd="tag" pos="NNS">holdovers</wf>
<wf cmd="ignore" pos="IN">from</wf>
<wf cmd="tag" pos="RBR">earlier</wf>
<wf cmd="tag" pos="NNS">performances</wf>
<wf cmd="ignore" pos="DT">this</wf>
<wf cmd="tag" pos="NN">season</wf>
<punc>,</punc>
<wf cmd="ignore" pos="CC">and</wf>
<wf cmd="ignore" pos="DT">all</wf>
<wf cmd="done" pos="VB" lemma="contribute" wnsn="1" lexsn="2:40:01::">contributed</wf>
<wf cmd="done" pos="VB" ot="notag">to</wf>
<wf cmd="ignore" pos="DT">a</wf>
<wf cmd="tag" pos="JJ">vigorous</wf>
<wf cmd="tag" pos="NN">performance</wf>
<punc>.</punc>
</s>
<s snum="44">
<wf cmd="ignore" pos="IN">If</wf>
<wf cmd="tag" pos="RB">only</wf>
<wf cmd="ignore" pos="PRP">they</wf>
<wf cmd="ignore" pos="CC">and</wf>
<wf cmd="tag" pos="NNP">Fausto_Cleva</wf>
<wf cmd="ignore" pos="IN">in</wf>
<wf cmd="tag" pos="NN">the_pit</wf>
<wf cmd="done" pos="VB" ot="notag">had</wf>
<wf cmd="done" pos="VB" lemma="get_together" wnsn="3" lexsn="2:41:00::">got_together</wf>
<wf cmd="tag" pos="RB">a_bit</wf>
<wf cmd="tag" pos="JJR">more</wf>
<punc>.</punc>
</s>
</p>
<p pnum="16">
<s snum="45">
<punc>``</punc>
<wf cmd="tag" pos="JJ">Melodious</wf>
<wf cmd="tag" pos="NNS">birds</wf>
<wf cmd="done" pos="VB" lemma="sing" wnsn="1" lexsn="2:36:01::">sing</wf>
<wf cmd="tag" pos="NNS">madrigals</wf>
<punc>''</punc>
<wf cmd="done" rdf="said" pos="VBZ" ot="notag">saith</wf>
<wf cmd="ignore" pos="DT">the</wf>
<wf cmd="tag" pos="NN">poet</wf>
<wf cmd="ignore" pos="CC">and</wf>
<wf cmd="ignore" pos="DT">no</wf>
<wf cmd="tag" pos="JJR">better</wf>
<wf cmd="tag" pos="NN">description</wf>
<wf cmd="ignore" pos="IN">of</wf>
<wf cmd="ignore" pos="DT">the</wf>
<wf cmd="done" pos="VB" lemma="madrigal" wnsn="1" lexsn="2:36:00::">madrigaling</wf>
<wf cmd="ignore" pos="IN">of</wf>
<wf cmd="ignore" pos="DT">the</wf>
<wf cmd="tag" pos="NNP">Deller_Consort</wf>
<wf cmd="ignore" pos="MD">could</wf>
<wf cmd="done" pos="VB" ot="notag">be</wf>
<wf cmd="done" pos="VB" lemma="imagine" wnsn="1" lexsn="2:36:00::">imagined</wf>
<punc>.</punc>
</s>
</p>
<p pnum="17">
<s snum="46">
<wf cmd="ignore" pos="PRP$">Their</wf>
<wf cmd="tag" pos="NNP">Vanguard</wf>
<wf cmd="tag" pos="NN">album</wf>
<wf cmd="tag" pos="NNP">Madrigal</wf>
<wf cmd="tag" pos="NNPS">Masterpieces</wf>
<punc>(</punc>
<wf cmd="tag" pos="NNP">BG</wf>
<wf cmd="tag" pos="CD">609</wf>
<punc>;</punc>
<wf cmd="tag" pos="NN">stereo</wf>
<wf cmd="tag" pos="NNP">BGS</wf>
<wf cmd="tag" pos="CD">5031</wf>
<punc>)</punc>
<wf cmd="done" pos="VB" lemma="be" wnsn="1" lexsn="2:42:03::">is</wf>
<wf cmd="ignore" pos="DT">a</wf>
<wf cmd="tag" pos="JJ">good</wf>
<wf cmd="tag" pos="NN">sample</wf>
<wf cmd="ignore" pos="IN">of</wf>
<wf cmd="ignore" pos="DT">the</wf>
<wf cmd="tag" pos="JJ">special</wf>
<punc>,</punc>
<wf cmd="tag" pos="JJ">elegant</wf>
<wf cmd="tag" pos="NN">art</wf>
<wf cmd="ignore" pos="IN">of</wf>
<wf cmd="tag" pos="NNP">English</wf>
<wf cmd="tag" pos="NN">madrigal</wf>
<wf cmd="tag" pos="NN">singing</wf>
<punc>.</punc>
</s>
<s snum="47">
<wf cmd="ignore" pos="PRP">It</wf>
<wf cmd="tag" pos="RB">also</wf>
<wf cmd="done" pos="VB" lemma="make" wnsn="3" lexsn="2:36:00::">makes</wf>
<wf cmd="ignore" pos="DT">a</wf>
<wf cmd="tag" pos="JJ">fine</wf>
<wf cmd="tag" pos="NN">introduction</wf>
<wf cmd="ignore" pos="TO">to</wf>
<wf cmd="ignore" pos="DT">the</wf>
<wf cmd="tag" pos="JJ">international</wf>
<wf cmd="tag" pos="NN">art_form</wf>
<wf cmd="ignore" pos="IN">with</wf>
<wf cmd="tag" pos="NN">good_examples</wf>
<wf cmd="ignore" pos="IN">of</wf>
<wf cmd="tag" pos="JJ">Italian</wf>
<wf cmd="ignore" pos="CC">and</wf>
<wf cmd="tag" pos="NNP">English</wf>
<wf cmd="tag" pos="NNS">madrigals</wf>
<wf cmd="ignore" pos="CC">plus</wf>
<wf cmd="tag" pos="JJ">several</wf>
<wf cmd="tag" pos="JJ">French</wf>
<punc>``</punc>
<wf cmd="ignore" pos="FW">chansons</wf>
<punc>''</punc>
<punc>.</punc>
</s>
</p>
<p pnum="18">
<s snum="48">
<wf cmd="tag" pos="NN">The_English</wf>
<wf cmd="done" pos="VBP" ot="notag">have</wf>
<wf cmd="done" pos="VB" lemma="manage" wnsn="1" lexsn="2:41:09::">managed</wf>
<wf cmd="ignore" pos="TO">to</wf>
<wf cmd="done" pos="VB" lemma="hold" wnsn="0" lexsn="2:40:03::">hold</wf>
<wf cmd="ignore" pos="IN">onto</wf>
<wf cmd="ignore" pos="PRP$">their</wf>
<wf cmd="tag" pos="NN">madrigal</wf>
<wf cmd="tag" pos="NN">tradition</wf>
<wf cmd="tag" pos="JJR">better</wf>
<wf cmd="ignore" pos="IN">than</wf>
<wf cmd="tag" pos="NN">anyone</wf>
<wf cmd="tag" pos="RB">else</wf>
<punc>.</punc>
</s>
<s snum="49">
<wf cmd="ignore" pos="DT">The</wf>
<wf cmd="tag" pos="JJ">original</wf>
<wf cmd="tag" pos="NNS">impulses</wf>
<wf cmd="done" pos="VB" lemma="come" wnsn="2" lexsn="2:38:04::">came</wf>
<wf cmd="done" pos="VB" ot="notag">to</wf>
<wf cmd="tag" pos="NNP">England</wf>
<wf cmd="tag" pos="JJ">late</wf>
<punc>(</punc>
<wf cmd="ignore" pos="IN">in</wf>
<wf cmd="ignore" pos="DT">the</wf>
<wf cmd="tag" pos="JJ">sixteenth</wf>
<wf cmd="tag" pos="NN">century</wf>
<punc>)</punc>
<wf cmd="ignore" pos="CC">and</wf>
<wf cmd="done" pos="VB" lemma="continue" wnsn="1" lexsn="2:42:01::">continue</wf>
<wf cmd="tag" pos="JJ">strong</wf>
<wf cmd="tag" pos="JJ">long</wf>
<wf cmd="ignore" pos="IN">after</wf>
<wf cmd="tag" pos="NN">everyone</wf>
<wf cmd="tag" pos="RB">else</wf>
<wf cmd="done" pos="VBD" ot="notag">had</wf>
<wf cmd="done" pos="VB" lemma="go_on" wnsn="3" lexsn="2:38:00::">gone_on</wf>
<wf cmd="ignore" pos="TO">to</wf>
<wf cmd="ignore" pos="DT">the</wf>
<wf cmd="tag" pos="JJ">baroque</wf>
<wf cmd="tag" pos="NN">basso_continuo</wf>
<punc>,</punc>
<wf cmd="tag" pos="NNS">sonatas</wf>
<punc>,</punc>
<wf cmd="tag" pos="NNS">operas</wf>
<wf cmd="ignore" pos="CC">and</wf>
<wf cmd="tag" pos="NN">the_like</wf>
<punc>.</punc>
</s>
</p>
<p pnum="19">
<s snum="50">
<wf cmd="tag" pos="RB">Even</wf>
<wf cmd="ignore" pos="IN">after</wf>
<wf cmd="tag" pos="JJ">Elizabethan</wf>
<wf cmd="tag" pos="NNS">traditions</wf>
<wf cmd="done" pos="VBD" ot="notag">were</wf>
<wf cmd="done" pos="VB" lemma="weaken" wnsn="4" lexsn="2:30:03::">weakened</wf>
<wf cmd="ignore" pos="IN">by</wf>
<wf cmd="ignore" pos="DT">the</wf>
<wf cmd="tag" pos="JJ">Cromwellian</wf>
<wf cmd="tag" pos="NN">interregnum</wf>
<punc>,</punc>
<wf cmd="ignore" pos="DT">the</wf>
<wf cmd="tag" pos="NN">practice</wf>
<wf cmd="ignore" pos="IN">of</wf>
<wf cmd="done" pos="VB" lemma="sing" wnsn="2" lexsn="2:36:00::">singing</wf>
<wf cmd="tag" pos="RB">together</wf>
<punc>-</punc>
<wf cmd="tag" pos="NNS">choruses</wf>
<punc>,</punc>
<wf cmd="tag" pos="NNS">catches</wf>
<wf cmd="ignore" pos="CC">and</wf>
<wf cmd="tag" pos="NNS">glees</wf>
<punc>-</punc>
<wf cmd="tag" pos="RB">always</wf>
<wf cmd="done" pos="VB" lemma="flourish" wnsn="1" lexsn="2:30:01::">flourished</wf>
<punc>.</punc>
</s>
<s snum="51">
<wf cmd="tag" pos="NN">The_English</wf>
<wf cmd="tag" pos="RB">never_again</wf>
<wf cmd="done" pos="VB" lemma="develop" wnsn="3" lexsn="2:30:06::">developed</wf>
<wf cmd="ignore" pos="DT">a</wf>
<wf cmd="tag" pos="JJ">strong</wf>
<wf cmd="tag" pos="JJ">native</wf>
<wf cmd="tag" pos="NN">music</wf>
<wf cmd="ignore" pos="WDT">that</wf>
<wf cmd="ignore" pos="MD">could</wf>
<wf cmd="done" pos="VB" lemma="obliterate" wnsn="3" lexsn="2:30:00::">obliterate</wf>
<wf cmd="ignore" pos="DT">the</wf>
<wf cmd="tag" pos="NNS">traces</wf>
<wf cmd="ignore" pos="IN">of</wf>
<wf cmd="ignore" pos="DT">an</wf>
<wf cmd="tag" pos="RBR">earlier</wf>
<wf cmd="tag" pos="JJ">great</wf>
<wf cmd="tag" pos="NN">age</wf>
<wf cmd="ignore" pos="DT">the</wf>
<wf cmd="tag" pos="NN">way</wf>
<punc>,</punc>
<wf cmd="done" pos="VBP" ot="notag">say</wf>
<punc>,</punc>
<wf cmd="ignore" pos="DT">the</wf>
<wf cmd="tag" pos="NN">opera</wf>
<wf cmd="ignore" pos="IN">in</wf>
<wf cmd="tag" pos="NNP">Italy</wf>
<wf cmd="done" pos="VB" lemma="blot_out" wnsn="1" lexsn="2:30:00::">blotted_out</wf>
<wf cmd="ignore" pos="DT">the</wf>
<wf cmd="tag" pos="JJ">Italian</wf>
<wf cmd="tag" pos="NN">madrigal</wf>
<punc>.</punc>
</s>
</p>
<p pnum="20">
<s snum="52">
<wf cmd="tag" pos="JJ">Latter-day</wf>
<wf cmd="tag" pos="NN">interest</wf>
<wf cmd="ignore" pos="IN">in</wf>
<wf cmd="tag" pos="JJ">Elizabethan</wf>
<wf cmd="tag" pos="NN">singing</wf>
<wf cmd="done" rdf="date_back" pos="VB" lemma="date_back" wnsn="1" lexsn="2:42:00::">dates</wf>
<wf cmd="tag" pos="RB">well</wf>
<wf cmd="tag" pos="RB">back</wf>
<wf cmd="ignore" pos="IN">into</wf>
<wf cmd="ignore" pos="DT">the</wf>
<wf cmd="tag" pos="JJ">nineteenth</wf>
<wf cmd="tag" pos="NN">century</wf>
<wf cmd="ignore" pos="IN">in</wf>
<wf cmd="tag" pos="NNP">England</wf>
<punc>,</punc>
<wf cmd="tag" pos="JJ">much</wf>
<wf cmd="tag" pos="RB">ahead</wf>
<wf cmd="ignore" pos="IN">of</wf>
<wf cmd="tag" pos="JJ">similar</wf>
<wf cmd="tag" pos="NNS">revivals</wf>
<wf cmd="ignore" pos="IN">in</wf>
<wf cmd="tag" pos="JJ">other</wf>
<wf cmd="tag" pos="NNS">countries</wf>
<punc>.</punc>
</s>
<s snum="53">
<wf cmd="ignore" pos="IN">As</wf>
<wf cmd="ignore" pos="DT">a</wf>
<wf cmd="tag" pos="NN">result</wf>
<wf cmd="ignore" pos="DT">no</wf>
<wf cmd="tag" pos="JJ">comparable</wf>
<wf cmd="tag" pos="NN">literature</wf>
<wf cmd="ignore" pos="IN">of</wf>
<wf cmd="ignore" pos="DT">the</wf>
<wf cmd="tag" pos="NN">period</wf>
<wf cmd="done" pos="VB" lemma="be" wnsn="1" lexsn="2:42:03::">is</wf>
<wf cmd="tag" pos="RBR">better</wf>
<wf cmd="tag" pos="JJ">known</wf>
<wf cmd="ignore" pos="CC">and</wf>
<wf cmd="tag" pos="RBR">better</wf>
<wf cmd="done" pos="VB" lemma="study" wnsn="1" lexsn="2:31:02::">studied</wf>
<wf cmd="ignore" pos="CC">nor</wf>
<wf cmd="tag" pos="RB">more_often</wf>
<wf cmd="done" pos="VB" lemma="perform" wnsn="3" lexsn="2:36:01::">performed</wf>
<wf cmd="ignore" pos="IN">than</wf>
<wf cmd="tag" pos="NN">the_English</wf>
<wf cmd="tag" pos="NN">madrigal</wf>
<punc>.</punc>
</s>
</p>
<p pnum="21">
<s snum="54">
<wf cmd="tag" pos="RB">Naturally</wf>
<punc>,</punc>
<wf cmd="tag" pos="NNP">Mr._Deller</wf>
<wf cmd="ignore" pos="CC">and</wf>
<wf cmd="ignore" pos="DT">the</wf>
<wf cmd="tag" pos="JJ">other</wf>
<wf cmd="tag" pos="NNS">singers</wf>
<wf cmd="ignore" pos="IN">in</wf>
<wf cmd="ignore" pos="PRP$">his</wf>
<wf cmd="tag" pos="NN">troupe</wf>
<wf cmd="done" pos="VB" lemma="be" wnsn="1" lexsn="2:42:03::">are</wf>
<wf cmd="tag" pos="RBS">most</wf>
<wf cmd="tag" pos="JJ">charming</wf>
<wf cmd="ignore" pos="CC">and</wf>
<wf cmd="tag" pos="JJ">elegant</wf>
<wf cmd="ignore" pos="WRB">when</wf>
<wf cmd="ignore" pos="PRP">they</wf>
<wf cmd="done" pos="VB" lemma="be" wnsn="1" lexsn="2:42:03::">are</wf>
<wf cmd="tag" pos="RB">squarely</wf>
<wf cmd="ignore" pos="IN">in</wf>
<wf cmd="ignore" pos="PRP$">their</wf>
<wf cmd="tag" pos="NN">tradition</wf>
<wf cmd="ignore" pos="CC">and</wf>
<wf cmd="done" pos="VB" lemma="sing" wnsn="1" lexsn="2:36:01::">singing</wf>
<wf cmd="tag" pos="NN">music</wf>
<wf cmd="ignore" pos="IN">by</wf>
<wf cmd="ignore" pos="PRP$">their</wf>
<wf cmd="tag" pos="NNS">countrymen</wf>
<punc>:</punc>
<wf cmd="tag" pos="NNP">William_Byrd</wf>
<punc>,</punc>
<wf cmd="tag" pos="NNP">Thomas_Morley</wf>
<wf cmd="ignore" pos="CC">and</wf>
<wf cmd="tag" pos="NNP">Thomas_Tomkins</wf>
<punc>.</punc>
</s>
<s snum="55">
<wf cmd="ignore" pos="EX">There</wf>
<wf cmd="done" pos="VB" ot="notag">is</wf>
<wf cmd="ignore" pos="DT">an</wf>
<wf cmd="tag" pos="RB">almost</wf>
<wf cmd="tag" pos="JJ">instrumental</wf>
<wf cmd="tag" pos="NN">quality</wf>
<wf cmd="ignore" pos="TO">to</wf>
<wf cmd="ignore" pos="PRP$">their</wf>
<wf cmd="tag" pos="NN">singing</wf>
<punc>,</punc>
<wf cmd="ignore" pos="IN">with</wf>
<wf cmd="ignore" pos="DT">a</wf>
<wf cmd="tag" pos="NN">tendency</wf>
<wf cmd="ignore" pos="TO">to</wf>
<wf cmd="done" pos="VB" lemma="lift" wnsn="10" lexsn="2:30:07::">lift</wf>
<wf cmd="tag" pos="RB">out</wf>
<wf cmd="tag" pos="JJ">important</wf>
<wf cmd="tag" pos="NNS">lines</wf>
<wf cmd="ignore" pos="CC">and</wf>
<wf cmd="done" pos="VB" lemma="make" wnsn="4" lexsn="2:32:00::">make</wf>
<wf cmd="ignore" pos="PRP">them</wf>
<wf cmd="done" pos="VB" lemma="lead" wnsn="1" lexsn="2:38:01::">lead</wf>
<wf cmd="ignore" pos="DT">the</wf>
<wf cmd="tag" pos="JJ">musical</wf>
<wf cmd="tag" pos="NN">texture</wf>
<punc>.</punc>
</s>
<s snum="56">
<wf cmd="ignore" pos="DT">Both</wf>
<wf cmd="tag" pos="NNS">techniques</wf>
<wf cmd="done" pos="VB" lemma="give" wnsn="2" lexsn="2:40:05::">give</wf>
<wf cmd="ignore" pos="DT">the</wf>
<wf cmd="tag" pos="NN">music</wf>
<wf cmd="tag" pos="NN">purity</wf>
<wf cmd="ignore" pos="CC">and</wf>
<wf cmd="tag" pos="NN">clarity</wf>
<punc>.</punc>
</s>
</p>
<p pnum="22">
<s snum="57">
<wf cmd="tag" pos="NNP">Claude_Jannequin</wf>
<wf cmd="ignore" pos="POS">'s</wf>
<wf cmd="tag" pos="JJ">vocal</wf>
<wf cmd="tag" pos="NN">description</wf>
<wf cmd="ignore" pos="IN">of</wf>
<wf cmd="ignore" pos="DT">a</wf>
<wf cmd="tag" pos="NN">battle</wf>
<punc>(</punc>
<wf cmd="tag" pos="NN">the_French</wf>
<wf cmd="tag" pos="NNS">equivalents</wf>
<wf cmd="ignore" pos="IN">of</wf>
<wf cmd="tag" pos="NN">tarantara</wf>
<punc>,</punc>
<wf cmd="tag" pos="JJ">rum-tum-tum</wf>
<punc>,</punc>
<wf cmd="ignore" pos="CC">and</wf>
<wf cmd="tag" pos="JJ">boom-boom-boom</wf>
<wf cmd="done" pos="VB" lemma="be" wnsn="1" lexsn="2:42:03::">are</wf>
<wf cmd="tag" pos="RB">very</wf>
<wf cmd="tag" pos="JJ">picturesque</wf>
<punc>)</punc>
<wf cmd="done" pos="VB" lemma="be" wnsn="1" lexsn="2:42:03::">is</wf>
<wf cmd="tag" pos="JJ">lots_of</wf>
<wf cmd="tag" pos="NN">fun</wf>
<punc>,</punc>
<wf cmd="ignore" pos="CC">and</wf>
<wf cmd="ignore" pos="DT">the</wf>
<wf cmd="tag" pos="NNS">singers</wf>
<wf cmd="done" pos="VB" lemma="get" wnsn="1" lexsn="2:40:00::">get</wf>
<wf cmd="ignore" pos="DT">a</wf>
<wf cmd="tag" pos="NN">sense</wf>
<wf cmd="ignore" pos="IN">of</wf>
<wf cmd="tag" pos="NN">grace</wf>
<wf cmd="ignore" pos="CC">and</wf>
<wf cmd="tag" pos="NN">shape</wf>
<wf cmd="ignore" pos="IN">into</wf>
<wf cmd="tag" pos="JJ">other</wf>
<wf cmd="ignore" pos="FW">chansons</wf>
<wf cmd="ignore" pos="IN">by</wf>
<wf cmd="tag" pos="NNP">Jannequin</wf>
<wf cmd="ignore" pos="CC">and</wf>
<wf cmd="tag" pos="NNP">Lassus</wf>
<punc>.</punc>
</s>
<s snum="58">
<wf cmd="tag" pos="RB">Only</wf>
<wf cmd="ignore" pos="IN">with</wf>
<wf cmd="ignore" pos="DT">the</wf>
<wf cmd="tag" pos="RBR">more</wf>
<wf cmd="tag" pos="JJ">sensual</wf>
<punc>,</punc>
<wf cmd="tag" pos="JJ">intense</wf>
<wf cmd="ignore" pos="CC">and</wf>
<wf cmd="tag" pos="JJ">baroque</wf>
<wf cmd="tag" pos="NNS">expressions</wf>
<wf cmd="ignore" pos="IN">of</wf>
<wf cmd="tag" pos="NNP">Marenzio</wf>
<punc>,</punc>
<wf cmd="tag" pos="NNP">Monteverdi</wf>
<wf cmd="ignore" pos="CC">and</wf>
<wf cmd="tag" pos="NNP">Gesualdo</wf>
<wf cmd="done" pos="VBZ" ot="notag">does</wf>
<wf cmd="ignore" pos="DT">the</wf>
<wf cmd="tag" pos="NN">singing</wf>
<wf cmd="done" pos="VB" lemma="seem" wnsn="1" lexsn="2:39:00::">seem</wf>
<wf cmd="tag" pos="RB">a_little</wf>
<wf cmd="tag" pos="JJ">superficial</wf>
<punc>.</punc>
</s>
</p>
<p pnum="23">
<s snum="59">
<wf cmd="tag" pos="RB">Nevertheless</wf>
<punc>,</punc>
<wf cmd="ignore" pos="DT">the</wf>
<wf cmd="tag" pos="NN">musicality</wf>
<punc>,</punc>
<wf cmd="tag" pos="NN">accuracy</wf>
<wf cmd="ignore" pos="CC">and</wf>
<wf cmd="tag" pos="JJ">infectious</wf>
<wf cmd="tag" pos="NN">charm</wf>
<wf cmd="ignore" pos="IN">of</wf>
<wf cmd="ignore" pos="DT">these</wf>
<wf cmd="tag" pos="NNS">performances</wf>
<punc>,</punc>
<wf cmd="tag" pos="RB">excellently</wf>
<wf cmd="done" pos="VB" lemma="reproduce" wnsn="1" lexsn="2:36:00::">reproduced</wf>
<punc>,</punc>
<wf cmd="done" pos="VB" lemma="make" wnsn="2" lexsn="2:30:00::">make</wf>
<wf cmd="done" pos="VB" ot="notag">it</wf>
<wf cmd="ignore" pos="DT">an</wf>
<wf cmd="tag" pos="JJ">attractive</wf>
<wf cmd="tag" pos="NN">look-see</wf>
<wf cmd="ignore" pos="IN">at</wf>
<wf cmd="ignore" pos="DT">the</wf>
<wf cmd="tag" pos="NN">period</wf>
<punc>.</punc>
</s>
<s snum="60">
<wf cmd="ignore" pos="DT">The</wf>
<wf cmd="tag" pos="NNS">works</wf>
<wf cmd="done" pos="VB" ot="notag">are</wf>
<wf cmd="done" pos="VB" lemma="present" wnsn="1" lexsn="2:39:00::">presented</wf>
<wf cmd="tag" pos="RB">chronologically</wf>
<punc>.</punc>
</s>
<s snum="61">
<wf cmd="tag" pos="NNS">Texts</wf>
<wf cmd="ignore" pos="CC">and</wf>
<wf cmd="tag" pos="NNS">translations</wf>
<wf cmd="done" pos="VBP" ot="notag">are</wf>
<wf cmd="done" pos="VB" lemma="provide" wnsn="2" lexsn="2:34:00::">provided</wf>
<punc>.</punc>
</s>
</p>
<p pnum="24">
<s snum="62">
<wf cmd="ignore" pos="DT">The</wf>
<wf cmd="tag" pos="NNS">elements</wf>
<wf cmd="ignore" pos="IN">of</wf>
<wf cmd="tag" pos="NN">elegance</wf>
<wf cmd="ignore" pos="CC">and</wf>
<wf cmd="tag" pos="NN">color</wf>
<wf cmd="tag" pos="NN">in</wf>
<wf cmd="tag" pos="NNP">Jannequin</wf>
<wf cmd="done" pos="VB" lemma="be" wnsn="1" lexsn="2:42:03::">are</wf>
<wf cmd="tag" pos="JJ">strong</wf>
<wf cmd="tag" pos="JJ">French</wf>
<wf cmd="tag" pos="NNS">characteristics</wf>
<punc>.</punc>
</s>
<s snum="63">
<wf cmd="tag" pos="JJ">Baroque</wf>
<wf cmd="tag" pos="JJ">instrumental</wf>
<wf cmd="tag" pos="NN">music</wf>
<wf cmd="ignore" pos="IN">in</wf>
<wf cmd="tag" pos="NNP">Italy</wf>
<wf cmd="ignore" pos="CC">and</wf>
<wf cmd="tag" pos="NNP">Germany</wf>
<wf cmd="done" pos="VB" lemma="tend" wnsn="1" lexsn="2:42:01::">tends</wf>
<wf cmd="done" pos="VB" ot="notag">to</wf>
<wf cmd="done" pos="VB" lemma="be" wnsn="1" lexsn="2:42:03::">be</wf>
<wf cmd="tag" pos="JJ">strong</wf>
<punc>,</punc>
<wf cmd="tag" pos="JJ">lively</wf>
<punc>,</punc>
<wf cmd="tag" pos="JJ">intense</wf>
<punc>,</punc>
<wf cmd="tag" pos="JJ">controlled</wf>
<wf cmd="ignore" pos="CC">and</wf>
<wf cmd="tag" pos="RB">quite</wf>
<wf cmd="tag" pos="JJ">abstract</wf>
<punc>.</punc>
</s>
<s snum="64">
<wf cmd="ignore" pos="IN">In</wf>
<wf cmd="tag" pos="NNP">France</wf>
<punc>,</punc>
<wf cmd="ignore" pos="PRP">it</wf>
<wf cmd="done" pos="VB" lemma="remain" wnsn="1" lexsn="2:30:00::">remained</wf>
<wf cmd="tag" pos="RB">always</wf>
<wf cmd="tag" pos="RBR">more</wf>
<wf cmd="tag" pos="JJ">picturesque</wf>
<punc>,</punc>
<wf cmd="tag" pos="RBR">more</wf>
<wf cmd="tag" pos="JJ">dancelike</wf>
<punc>,</punc>
<wf cmd="tag" pos="RBR">more</wf>
<wf cmd="tag" pos="JJ">full_of</wf>
<wf cmd="tag" pos="NN">flavor</wf>
<punc>.</punc>
</s>
</p>
<p pnum="25">
<s snum="65">
<wf cmd="tag" pos="NNP">Couperin</wf>
<wf cmd="ignore" pos="CC">and</wf>
<wf cmd="tag" pos="NNP">Rameau</wf>
<wf cmd="done" pos="VB" lemma="give" wnsn="4" lexsn="2:40:07::">gave</wf>
<wf cmd="tag" pos="NNS">titles</wf>
<wf cmd="ignore" pos="TO">to</wf>
<wf cmd="tag" pos="RB">nearly</wf>
<wf cmd="tag" pos="NN">everything</wf>
<wf cmd="ignore" pos="PRP">they</wf>
<wf cmd="done" pos="VB" lemma="write" wnsn="1" lexsn="2:36:00::">wrote</wf>
<punc>,</punc>
<wf cmd="tag" pos="RB">not</wf>
<wf cmd="ignore" pos="IN">in</wf>
<wf cmd="ignore" pos="DT">the</wf>
<wf cmd="tag" pos="JJ">later</wf>
<wf cmd="tag" pos="NN">sense</wf>
<wf cmd="ignore" pos="IN">of</wf>
<punc>``</punc>
<wf cmd="tag" pos="NN">program</wf>
<wf cmd="tag" pos="NN">music</wf>
<punc>''</punc>
<wf cmd="ignore" pos="CC">but</wf>
<wf cmd="ignore" pos="IN">as</wf>
<wf cmd="ignore" pos="DT">a</wf>
<wf cmd="tag" pos="RB">kind_of</wf>
<wf cmd="tag" pos="JJ">nonmusical</wf>
<wf cmd="tag" pos="NN">reference</wf>
<wf cmd="ignore" pos="IN">for</wf>
<wf cmd="ignore" pos="DT">the</wf>
<wf cmd="tag" pos="NN">close</wf>
<punc>,</punc>
<wf cmd="tag" pos="JJ">clear</wf>
<wf cmd="tag" pos="JJ">musical</wf>
<wf cmd="tag" pos="NNS">forms</wf>
<wf cmd="done" pos="VB" lemma="fill" wnsn="1" lexsn="2:30:01::">filled</wf>
<wf cmd="ignore" pos="IN">with</wf>
<wf cmd="tag" pos="JJ">keen</wf>
<wf cmd="tag" pos="NN">wit</wf>
<wf cmd="ignore" pos="CC">and</wf>
<wf cmd="tag" pos="JJ">precise</wf>
<wf cmd="tag" pos="NN">utterance</wf>
<punc>.</punc>
</s>
</p>
<p pnum="26">
<s snum="66">
<wf cmd="ignore" pos="DT">Both</wf>
<wf cmd="tag" pos="NNS">composers</wf>
<wf cmd="done" pos="VB" lemma="turn_up" wnsn="1" lexsn="2:30:00::">turn_up</wf>
<wf cmd="ignore" pos="IN">on</wf>
<wf cmd="tag" pos="JJ">new</wf>
<wf cmd="tag" pos="NNS">imports</wf>
<wf cmd="ignore" pos="IN">from</wf>
<wf cmd="tag" pos="NNP">France</wf>
<punc>.</punc>
</s>
<s snum="67">
<wf cmd="tag" pos="NNP">BAM</wf>
<wf cmd="done" pos="VB" lemma="be" wnsn="1" lexsn="2:42:03::">is</wf>
<wf cmd="ignore" pos="DT">the</wf>
<wf cmd="tag" pos="JJ">unlikely</wf>
<wf cmd="tag" pos="NN">name</wf>
<wf cmd="ignore" pos="IN">of</wf>
<wf cmd="ignore" pos="DT">a</wf>
<wf cmd="tag" pos="JJ">French</wf>
<wf cmd="tag" pos="NN">recording</wf>
<wf cmd="tag" pos="NN">company</wf>
<wf cmd="ignore" pos="WP$">whose</wf>
<wf cmd="tag" pos="JJ">full</wf>
<wf cmd="tag" pos="NN">label</wf>
<wf cmd="done" pos="VB" lemma="be" wnsn="2" lexsn="2:42:06::">is</wf>
<wf cmd="tag" pos="NNPS">Editions</wf>
<wf cmd="ignore" pos="FW">de</wf>
<wf cmd="ignore" pos="FW">la</wf>
<wf cmd="tag" pos="NNP">boite</wf>
<wf cmd="ignore" pos="DT">a</wf>
<wf cmd="tag" pos="NN">musique</wf>
<punc>.</punc>
</s>
<s snum="68">
<wf cmd="ignore" pos="PRP">They</wf>
<wf cmd="done" pos="VB" lemma="specialize" wnsn="2" lexsn="2:32:00::">specialize</wf>
<wf cmd="ignore" pos="IN">in</wf>
<wf cmd="tag" pos="JJ">out-of-the-way</wf>
<wf cmd="tag" pos="NNS">items</wf>
<wf cmd="ignore" pos="CC">and</wf>
<wf cmd="tag" pos="NN">old_French</wf>
<wf cmd="tag" pos="NN">music</wf>
<wf cmd="tag" pos="RB">naturally</wf>
<wf cmd="done" pos="VB" lemma="occupy" wnsn="1" lexsn="2:41:00::">occupies</wf>
<wf cmd="ignore" pos="DT">a</wf>
<wf cmd="tag" pos="NN">good_deal</wf>
<wf cmd="ignore" pos="IN">of</wf>
<wf cmd="ignore" pos="PRP$">their</wf>
<wf cmd="tag" pos="NN">attention</wf>
<punc>.</punc>
</s>
<s snum="69">
<wf cmd="tag" pos="NNPS">Sonates</wf>
<wf cmd="ignore" pos="FW">et</wf>
<wf cmd="tag" pos="NNPS">Concerts</wf>
<wf cmd="tag" pos="NNP">Royaux</wf>
<wf cmd="ignore" pos="IN">of</wf>
<wf cmd="tag" pos="NNP">Couperin</wf>
<wf cmd="ignore" pos="FW">le</wf>
<wf cmd="tag" pos="JJ">grand</wf>
<wf cmd="done" pos="VB" lemma="occupy" wnsn="0" lexsn="2:42:02::">occupy</wf>
<wf cmd="tag" pos="CD">two</wf>
<wf cmd="tag" pos="NNS">disks</wf>
<punc>(</punc>
<wf cmd="tag" pos="NN">LD056</wf>
<wf cmd="ignore" pos="CC">and</wf>
<wf cmd="tag" pos="NN">LD060</wf>
<punc>)</punc>
<wf cmd="ignore" pos="CC">and</wf>
<wf cmd="done" pos="VB" lemma="reveal" wnsn="1" lexsn="2:39:00::">reveal</wf>
<wf cmd="ignore" pos="DT">the</wf>
<wf cmd="tag" pos="JJ">impeccable</wf>
<wf cmd="tag" pos="NN">taste</wf>
<wf cmd="ignore" pos="CC">and</wf>
<wf cmd="tag" pos="NN">workmanship</wf>
<wf cmd="tag" pos="RB">of_this</wf>
<wf cmd="tag" pos="NN">master</wf>
<punc>-</punc>
<wf cmd="tag" pos="JJ">delicate</wf>
<punc>,</punc>
<wf cmd="tag" pos="JJ">flexible</wf>
<wf cmd="ignore" pos="CC">and</wf>
<wf cmd="tag" pos="JJ">gemlike</wf>
<punc>.</punc>
</s>
</p>
<p pnum="27">
<s snum="70">
<wf cmd="ignore" pos="DT">The</wf>
<wf cmd="tag" pos="NNPS">Concerts</wf>
<punc>-</punc>
<wf cmd="tag" pos="NNS">Nos.</wf>
<wf cmd="tag" pos="CD">2</wf>
<punc>,</punc>
<wf cmd="tag" pos="CD">6</wf>
<punc>,</punc>
<wf cmd="tag" pos="CD">9</wf>
<punc>,</punc>
<wf cmd="tag" pos="CD">10</wf>
<wf cmd="ignore" pos="CC">and</wf>
<wf cmd="tag" pos="CD">14</wf>
<wf cmd="done" pos="VBP" ot="notag">are</wf>
<wf cmd="done" pos="VB" lemma="represent" wnsn="2" lexsn="2:32:02::">represented</wf>
<punc>-</punc>
<wf cmd="done" pos="VB" lemma="be" wnsn="1" lexsn="2:42:03::">are</wf>
<wf cmd="tag" pos="RB">really</wf>
<wf cmd="tag" pos="JJR">closer</wf>
<wf cmd="ignore" pos="TO">to</wf>
<wf cmd="tag" pos="NN">chamber</wf>
<wf cmd="tag" pos="NNS">suites</wf>
<wf cmd="tag" pos="RB">than</wf>
<wf cmd="ignore" pos="TO">to</wf>
<wf cmd="tag" pos="NNS">concertos</wf>
<wf cmd="ignore" pos="IN">in</wf>
<wf cmd="ignore" pos="DT">the</wf>
<wf cmd="tag" pos="JJ">Italian</wf>
<wf cmd="tag" pos="NN">sense</wf>
<punc>.</punc>
</s>
<s snum="71">
<wf cmd="ignore" pos="DT">The</wf>
<wf cmd="tag" pos="NNS">sonatas</wf>
<punc>,</punc>
<punc>``</punc>
<wf cmd="tag" pos="NNP">La_Francaise</wf>
<punc>''</punc>
<punc>,</punc>
<punc>``</punc>
<wf cmd="tag" pos="NNP">La_Sultane</wf>
<punc>''</punc>
<punc>,</punc>
<punc>``</punc>
<wf cmd="tag" pos="NNP">L</wf>
<punc>'</punc>
<wf cmd="tag" pos="NNP">Astree</wf>
<punc>''</punc>
<wf cmd="ignore" pos="CC">and</wf>
<punc>``</punc>
<wf cmd="tag" pos="NNP">L</wf>
<punc>'</punc>
<wf cmd="tag" pos="NNP">Imperiale</wf>
<punc>''</punc>
<punc>,</punc>
<wf cmd="done" pos="VBP" ot="notag">are</wf>
<wf cmd="tag" pos="RB">often</wf>
<wf cmd="tag" pos="RBR">more</wf>
<wf cmd="tag" pos="RB">elaborately</wf>
<wf cmd="done" pos="VB" lemma="work_out" wnsn="3" lexsn="2:30:01::">worked_out</wf>
<wf cmd="ignore" pos="CC">and</wf>
<punc>,</punc>
<wf cmd="tag" pos="RB">in_fact</wf>
<punc>,</punc>
<wf cmd="tag" pos="NN">show</wf>
<wf cmd="ignore" pos="DT">a</wf>
<wf cmd="tag" pos="JJ">strong</wf>
<wf cmd="tag" pos="JJ">Italian</wf>
<wf cmd="tag" pos="NN">influence</wf>
<punc>.</punc>
</s>
</p>
<p pnum="28">
<s snum="72">
<wf cmd="tag" pos="NNP">Couperin</wf>
<wf cmd="tag" pos="RB">also</wf>
<wf cmd="done" pos="VB" lemma="turn_up" wnsn="1" lexsn="2:30:00::">turns_up</wf>
<wf cmd="ignore" pos="IN">along</wf>
<wf cmd="ignore" pos="IN">with</wf>
<wf cmd="ignore" pos="DT">some</wf>
<wf cmd="tag" pos="JJ">lesser-known</wf>
<wf cmd="tag" pos="NNS">contemporaries</wf>
<wf cmd="ignore" pos="IN">on</wf>
<wf cmd="ignore" pos="DT">a</wf>
<wf cmd="tag" pos="NN">disk</wf>
<wf cmd="tag" pos="JJ">called</wf>
<wf cmd="tag" pos="NNP">Musique_Francaise_du</wf>
<wf cmd="tag" pos="CD">18</wf>
<punc>,</punc>
<wf cmd="tag" pos="NN">e</wf>
<wf cmd="tag" pos="NNP">Siecle</wf>
<punc>(</punc>
<wf cmd="tag" pos="NNP">BAM</wf>
<wf cmd="tag" pos="NN">LD</wf>
<wf cmd="tag" pos="CD">060</wf>
<punc>)</punc>
<punc>.</punc>
</s>
<s snum="73">
<wf cmd="tag" pos="NNP">Jean-Marie_LeClair</wf>
<wf cmd="tag" pos="RB">still</wf>
<wf cmd="done" pos="VB" ot="notag">is</wf>
<wf cmd="tag" pos="JJ">remembered</wf>
<wf cmd="tag" pos="RB">a_bit</wf>
<punc>,</punc>
<wf cmd="ignore" pos="CC">but</wf>
<wf cmd="tag" pos="NNP">Bodin</wf>
<wf cmd="ignore" pos="FW">de</wf>
<wf cmd="tag" pos="NNP">Beismortier</wf>
<punc>,</punc>
<wf cmd="tag" pos="NNP">Corrette</wf>
<wf cmd="ignore" pos="CC">and</wf>
<wf cmd="tag" pos="NNP">Mondonville</wf>
<wf cmd="done" pos="VB" lemma="be" wnsn="1" lexsn="2:42:03::">are</wf>
<wf cmd="tag" pos="RB">hardly</wf>
<wf cmd="tag" pos="NN">household</wf>
<wf cmd="tag" pos="NNS">words</wf>
<punc>.</punc>
</s>
<s snum="74">
<wf cmd="ignore" pos="WP">What</wf>
<wf cmd="done" pos="VB" lemma="be" wnsn="1" lexsn="2:42:03::">is</wf>
<wf cmd="tag" pos="JJ">interesting</wf>
<wf cmd="ignore" pos="IN">about</wf>
<wf cmd="ignore" pos="DT">these</wf>
<wf cmd="tag" pos="NN">chamber</wf>
<wf cmd="tag" pos="NNS">works</wf>
<wf cmd="tag" pos="RB">here</wf>
<wf cmd="done" pos="VB" lemma="be" wnsn="1" lexsn="2:42:03::">is</wf>
<wf cmd="ignore" pos="WRB">how</wf>
<wf cmd="ignore" pos="PRP">they</wf>
<wf cmd="ignore" pos="DT">all</wf>
<wf cmd="done" pos="VB" lemma="reveal" wnsn="1" lexsn="2:39:00::">reveal</wf>
<wf cmd="ignore" pos="DT">the</wf>
<wf cmd="tag" pos="NN">aspect</wf>
<wf cmd="ignore" pos="IN">of</wf>
<wf cmd="tag" pos="JJ">French</wf>
<wf cmd="tag" pos="NN">music</wf>
<wf cmd="ignore" pos="WDT">that</wf>
<wf cmd="done" pos="VBD" ot="notag">was</wf>
<wf cmd="done" pos="VB" lemma="move" wnsn="2" lexsn="2:38:01::">moving</wf>
<wf cmd="ignore" pos="IN">toward</wf>
<wf cmd="ignore" pos="DT">the</wf>
<wf cmd="tag" pos="NN">rococo</wf>
<punc>.</punc>
</s>
</p>
<p pnum="29">
<s snum="75">
<wf cmd="ignore" pos="DT">The</wf>
<wf cmd="tag" pos="NNP">Couperin</wf>
<punc>``</punc>
<wf cmd="tag" pos="NNP">La_Steinkerque</wf>
<punc>''</punc>
<punc>,</punc>
<wf cmd="ignore" pos="IN">with</wf>
<wf cmd="ignore" pos="PRP$">its</wf>
<wf cmd="tag" pos="NN">battle</wf>
<wf cmd="tag" pos="NN">music</wf>
<punc>,</punc>
<wf cmd="tag" pos="NN">brevity</wf>
<punc>,</punc>
<wf cmd="tag" pos="NN">wit</wf>
<wf cmd="ignore" pos="CC">and</wf>
<wf cmd="tag" pos="JJ">refined</wf>
<wf cmd="tag" pos="NN">simplicity</wf>
<punc>,</punc>
<wf cmd="tag" pos="RB">already</wf>
<wf cmd="done" pos="VB" lemma="shake_off" wnsn="2" lexsn="2:35:00::">shakes_off</wf>
<wf cmd="tag" pos="NNP">Corelli</wf>
<wf cmd="ignore" pos="CC">and</wf>
<wf cmd="done" pos="VB" lemma="point" wnsn="1" lexsn="2:32:00::">points</wf>
<wf cmd="ignore" pos="IN">towards</wf>
<wf cmd="ignore" pos="DT">the</wf>
<wf cmd="tag" pos="JJ">mid-century</wf>
<wf cmd="tag" pos="NNS">elegances</wf>
<wf cmd="ignore" pos="WDT">that</wf>
<wf cmd="done" pos="VB" lemma="end" wnsn="2" lexsn="2:30:01::">ended</wf>
<wf cmd="ignore" pos="DT">the</wf>
<wf cmd="tag" pos="JJ">baroque</wf>
<wf cmd="tag" pos="NN">era</wf>
<punc>.</punc>
</s>
<s snum="76">
<wf cmd="ignore" pos="IN">If</wf>
<wf cmd="tag" pos="NNP">Couperin</wf>
<wf cmd="done" pos="VB" lemma="show" wnsn="1" lexsn="2:39:02::">shows</wf>
<wf cmd="ignore" pos="DT">the</wf>
<wf cmd="tag" pos="JJ">fashionable</wf>
<wf cmd="tag" pos="NN">trend</wf>
<punc>,</punc>
<wf cmd="ignore" pos="DT">the</wf>
<wf cmd="tag" pos="NNS">others</wf>
<wf cmd="done" pos="VB" lemma="do" wnsn="2" lexsn="2:36:01::">do</wf>
<wf cmd="tag" pos="RB">so</wf>
<wf cmd="ignore" pos="DT">all</wf>
<wf cmd="ignore" pos="DT">the</wf>
<wf cmd="tag" pos="JJR">more</wf>
<punc>.</punc>
</s>
</p>
<p pnum="30">
<s snum="77">
<wf cmd="ignore" pos="PDT">All</wf>
<wf cmd="ignore" pos="DT">these</wf>
<wf cmd="tag" pos="NNS">records</wf>
<wf cmd="done" pos="VB" lemma="have" wnsn="1" lexsn="2:40:00::">have</wf>
<wf cmd="tag" pos="JJ">close</wf>
<punc>,</punc>
<wf cmd="tag" pos="JJ">attractive</wf>
<wf cmd="tag" pos="NN">sound</wf>
<wf cmd="ignore" pos="CC">and</wf>
<wf cmd="ignore" pos="DT">the</wf>
<wf cmd="tag" pos="NNS">performances</wf>
<wf cmd="ignore" pos="IN">by</wf>
<wf cmd="ignore" pos="DT">a</wf>
<wf cmd="tag" pos="NN">variety</wf>
<wf cmd="ignore" pos="IN">of</wf>
<wf cmd="tag" pos="NNS">instrumentalists</wf>
<wf cmd="done" pos="VB" lemma="be" wnsn="1" lexsn="2:42:03::">is</wf>
<wf cmd="tag" pos="JJ">characteristic</wf>
<punc>.</punc>
</s>
</p>
<p pnum="31">
<s snum="78">
<wf cmd="tag" pos="NNP">Rameau</wf>
<wf cmd="ignore" pos="POS">'s</wf>
<wf cmd="tag" pos="CD">Six</wf>
<wf cmd="tag" pos="NNPS">Concerts</wf>
<wf cmd="ignore" pos="IN">en</wf>
<wf cmd="tag" pos="NNP">Sextuor</wf>
<punc>,</punc>
<wf cmd="done" pos="VB" lemma="record" wnsn="2" lexsn="2:32:01::">recorded</wf>
<wf cmd="ignore" pos="IN">by</wf>
<wf cmd="tag" pos="NNP">L</wf>
<punc>'</punc>
<wf cmd="tag" pos="NN">orchestre</wf>
<wf cmd="ignore" pos="FW">de</wf>
<wf cmd="ignore" pos="FW">chambre</wf>
<wf cmd="tag" pos="NNP">Pierre_Menet</wf>
<punc>(</punc>
<wf cmd="tag" pos="NNP">BAM</wf>
<wf cmd="tag" pos="NN">LD</wf>
<wf cmd="tag" pos="CD">046</wf>
<punc>)</punc>
<punc>,</punc>
<wf cmd="done" pos="VB" lemma="turn_out" wnsn="1" lexsn="2:42:00::">turn_out</wf>
<wf cmd="ignore" pos="TO">to</wf>
<wf cmd="done" pos="VB" lemma="be" wnsn="1" lexsn="2:42:03::">be</wf>
<wf cmd="tag" pos="NN">harpsichord</wf>
<wf cmd="tag" pos="NNS">pieces</wf>
<wf cmd="done" pos="VB" lemma="arrange" wnsn="1" lexsn="2:35:00::">arranged</wf>
<wf cmd="ignore" pos="IN">for</wf>
<wf cmd="tag" pos="NNS">strings</wf>
<wf cmd="tag" pos="RB">apparently</wf>
<wf cmd="ignore" pos="IN">by</wf>
<wf cmd="ignore" pos="DT">the</wf>
<wf cmd="tag" pos="NN">composer</wf>
<wf cmd="ignore" pos="PRP">himself</wf>
<punc>.</punc>
</s>
<s snum="79">
<wf cmd="ignore" pos="DT">The</wf>
<wf cmd="tag" pos="JJ">strange</wf>
<punc>,</punc>
<wf cmd="tag" pos="JJ">delightful</wf>
<wf cmd="tag" pos="JJ">little</wf>
<wf cmd="tag" pos="NN">character</wf>
<wf cmd="tag" pos="NNS">pieces</wf>
<wf cmd="ignore" pos="IN">with</wf>
<wf cmd="ignore" pos="PRP$">their</wf>
<wf cmd="tag" pos="JJ">odd</wf>
<wf cmd="ignore" pos="CC">and</wf>
<wf cmd="tag" pos="RB">sometimes</wf>
<wf cmd="tag" pos="JJ">inexplicable</wf>
<wf cmd="tag" pos="NNS">titles</wf>
<wf cmd="done" pos="VB" lemma="be" wnsn="1" lexsn="2:42:03::">are</wf>
<wf cmd="tag" pos="RB">still</wf>
<wf cmd="tag" pos="JJ">evocative</wf>
<wf cmd="ignore" pos="CC">and</wf>
<wf cmd="tag" pos="JJ">gracious</wf>
<punc>.</punc>
</s>
</p>
<p pnum="32">
<s snum="80">
<wf cmd="tag" pos="NNP">Maitres_Allemands_des</wf>
<wf cmd="tag" pos="CD">17</wf>
<punc>,</punc>
<wf cmd="tag" pos="NN">e</wf>
<wf cmd="ignore" pos="FW">et</wf>
<wf cmd="tag" pos="CD">18</wf>
<punc>,</punc>
<wf cmd="tag" pos="NN">e</wf>
<wf cmd="tag" pos="NNPS">Siecles</wf>
<wf cmd="done" pos="VB" lemma="contain" wnsn="1" lexsn="2:42:00::">contains</wf>
<wf cmd="tag" pos="NN">music</wf>
<wf cmd="ignore" pos="IN">by</wf>
<wf cmd="tag" pos="NNP">Pachelbel</wf>
<punc>,</punc>
<wf cmd="tag" pos="NNP">Buxtehude</wf>
<punc>,</punc>
<wf cmd="tag" pos="NNP">Rosenmueller</wf>
<wf cmd="ignore" pos="CC">and</wf>
<wf cmd="tag" pos="NNP">Telemann</wf>
<punc>,</punc>
<wf cmd="tag" pos="RB">well</wf>
<wf cmd="tag" pos="JJ">performed</wf>
<wf cmd="ignore" pos="IN">by</wf>
<wf cmd="ignore" pos="DT">the</wf>
<wf cmd="tag" pos="NNP">Ensemble_Instrumental_Sylvie_Spycket</wf>
<punc>(</punc>
<wf cmd="tag" pos="NNP">BAM</wf>
<wf cmd="tag" pos="NN">LD</wf>
<wf cmd="tag" pos="CD">035</wf>
<punc>)</punc>
<punc>.</punc>
</s>
</p>
<p pnum="33">
<s snum="81">
<wf cmd="tag" pos="JJ">Rococo</wf>
<wf cmd="tag" pos="NN">music</wf>
<punc>-</punc>
<wf cmd="tag" pos="JJ">a_lot_of</wf>
<wf cmd="ignore" pos="PRP">it</wf>
<punc>-</punc>
<wf cmd="done" pos="VBD" ot="notag">was</wf>
<wf cmd="done" pos="VB" lemma="play" wnsn="3" lexsn="2:36:12::">played</wf>
<wf cmd="ignore" pos="IN">in</wf>
<wf cmd="tag" pos="NNP">Carnegie_Recital_Hall</wf>
<wf cmd="ignore" pos="IN">on</wf>
<wf cmd="tag" pos="NNP">Saturday</wf>
<wf cmd="tag" pos="NN">night</wf>
<wf cmd="ignore" pos="IN">in</wf>
<wf cmd="ignore" pos="DT">the</wf>
<wf cmd="tag" pos="NN">first</wf>
<wf cmd="ignore" pos="IN">of</wf>
<wf cmd="tag" pos="CD">four</wf>
<wf cmd="tag" pos="NNS">concerts</wf>
<wf cmd="done" pos="VBG" ot="notag">being</wf>
<wf cmd="done" pos="VB" lemma="sponsor" wnsn="1" lexsn="2:40:00::">sponsored</wf>
<wf cmd="ignore" pos="DT">this</wf>
<wf cmd="tag" pos="NN">season</wf>
<wf cmd="ignore" pos="IN">by</wf>
<wf cmd="ignore" pos="DT">a</wf>
<wf cmd="tag" pos="JJ">new</wf>
<wf cmd="tag" pos="NN">organization</wf>
<wf cmd="tag" pos="JJ">known_as</wf>
<wf cmd="tag" pos="NNP">Globe_Concert_Arts</wf>
<punc>.</punc>
</s>
</p>
<p pnum="34">
<s snum="82">
<wf cmd="tag" pos="NNP">Works</wf>
<wf cmd="ignore" pos="IN">by</wf>
<wf cmd="tag" pos="NNP">J._C._Bach</wf>
<punc>,</punc>
<wf cmd="tag" pos="NNP">Anton</wf>
<wf cmd="tag" pos="NN">Craft</wf>
<punc>,</punc>
<wf cmd="tag" pos="NN">Joseph_Haydn</wf>
<punc>,</punc>
<wf cmd="tag" pos="NNP">Giuseppe_Sammartini</wf>
<punc>,</punc>
<wf cmd="tag" pos="NNP">Comenico_Dragonetti</wf>
<wf cmd="ignore" pos="CC">and</wf>
<wf cmd="tag" pos="NNP">J._G._Janitsch</wf>
<wf cmd="done" pos="VB" ot="notag">were</wf>
<wf cmd="done" pos="VB" lemma="perform" wnsn="3" lexsn="2:36:01::">performed</wf>
<wf cmd="ignore" pos="IN">by</wf>
<wf cmd="tag" pos="CD">seven</wf>
<wf cmd="tag" pos="NNS">instrumentalists</wf>
<wf cmd="done" pos="VB" lemma="include" wnsn="1" lexsn="2:42:00::">including</wf>
<wf cmd="tag" pos="NNP">Anabel_Brieff</wf>
<punc>,</punc>
<wf cmd="tag" pos="NN">flutist</wf>
<punc>,</punc>
<wf cmd="tag" pos="NNP">Josef_Marx</wf>
<punc>,</punc>
<wf cmd="tag" pos="NN">oboist</wf>
<punc>,</punc>
<wf cmd="ignore" pos="CC">and</wf>
<wf cmd="tag" pos="NNP">Robert_Conant</wf>
<punc>,</punc>
<wf cmd="tag" pos="NN">pianist</wf>
<wf cmd="ignore" pos="CC">and</wf>
<wf cmd="tag" pos="NN">harpsichordist</wf>
<punc>.</punc>
</s>
</p>
<p pnum="35">
<s snum="83">
<wf cmd="ignore" pos="IN">Since</wf>
<wf cmd="tag" pos="JJ">rococo</wf>
<wf cmd="tag" pos="NN">music</wf>
<wf cmd="done" pos="VB" lemma="tend" wnsn="0" lexsn="2:42:00::">tends</wf>
<wf cmd="done" pos="VB" ot="notag">to</wf>
<wf cmd="done" pos="VB" lemma="be" wnsn="1" lexsn="2:42:03::">be</wf>
<wf cmd="tag" pos="RB">pretty</wf>
<wf cmd="ignore" pos="CC">and</wf>
<wf cmd="tag" pos="JJ">elegant</wf>
<wf cmd="tag" pos="RB">above_all</wf>
<punc>,</punc>
<wf cmd="ignore" pos="PRP">it</wf>
<wf cmd="ignore" pos="MD">can</wf>
<wf cmd="done" pos="VB" lemma="seem" wnsn="1" lexsn="2:39:00::">seem</wf>
<wf cmd="tag" pos="RB">rather</wf>
<wf cmd="tag" pos="JJ">vacuous</wf>
<wf cmd="ignore" pos="TO">to</wf>
<wf cmd="tag" pos="JJ">twentieth-century</wf>
<wf cmd="tag" pos="NNS">ears</wf>
<wf cmd="ignore" pos="WDT">that</wf>
<wf cmd="done" pos="VBP" ot="notag">have</wf>
<wf cmd="done" pos="VB" lemma="grow" wnsn="1" lexsn="2:30:03::">grown</wf>
<wf cmd="tag" pos="JJ">accustomed_to</wf>
<wf cmd="ignore" pos="DT">the</wf>
<wf cmd="tag" pos="NN">stress</wf>
<wf cmd="ignore" pos="CC">and</wf>
<wf cmd="tag" pos="NNS">dissonances</wf>
<wf cmd="ignore" pos="IN">of</wf>
<wf cmd="tag" pos="NNS">composers</wf>
<wf cmd="ignore" pos="IN">from</wf>
<wf cmd="tag" pos="NNP">Beethoven</wf>
<wf cmd="ignore" pos="TO">to</wf>
<wf cmd="tag" pos="NNP">Boulez</wf>
<punc>.</punc>
</s>
</p>
<p pnum="36">
<s snum="84">
<wf cmd="tag" pos="RB">Thus</wf>
<wf cmd="ignore" pos="EX">there</wf>
<wf cmd="done" pos="VB" lemma="be" wnsn="1" lexsn="2:42:03::">was</wf>
<wf cmd="tag" pos="RB">really</wf>
<wf cmd="ignore" pos="DT">an</wf>
<wf cmd="tag" pos="NN">excess</wf>
<wf cmd="ignore" pos="IN">of</wf>
<wf cmd="tag" pos="JJ">eighteenth-century</wf>
<wf cmd="tag" pos="NN">charm</wf>
<wf cmd="ignore" pos="IN">as</wf>
<wf cmd="tag" pos="CD">one</wf>
<wf cmd="ignore" pos="IN">of</wf>
<wf cmd="ignore" pos="DT">these</wf>
<wf cmd="tag" pos="JJ">light-weight</wf>
<wf cmd="tag" pos="NNS">pieces</wf>
<wf cmd="done" pos="VB" lemma="follow" wnsn="3" lexsn="2:42:05::">followed</wf>
<wf cmd="ignore" pos="DT">another</wf>
<wf cmd="ignore" pos="IN">on</wf>
<wf cmd="tag" pos="NNP">Saturday</wf>
<wf cmd="tag" pos="NN">night</wf>
<punc>.</punc>
</s>
<s snum="85">
<wf cmd="ignore" pos="DT">Each</wf>
<wf cmd="ignore" pos="MD">might</wf>
<wf cmd="done" pos="VB" lemma="find" wnsn="1" lexsn="2:40:02::">find</wf>
<wf cmd="ignore" pos="DT">a</wf>
<wf cmd="tag" pos="JJ">useful</wf>
<wf cmd="tag" pos="NN">place</wf>
<wf cmd="ignore" pos="IN">in</wf>
<wf cmd="ignore" pos="DT">a</wf>
<wf cmd="tag" pos="JJ">varied</wf>
<wf cmd="tag" pos="JJ">musical</wf>
<wf cmd="tag" pos="NN">program</wf>
<punc>,</punc>
<wf cmd="ignore" pos="CC">but</wf>
<wf cmd="done" pos="VB" lemma="take" wnsn="13" lexsn="2:31:03::">taken</wf>
<wf cmd="tag" pos="RB">together</wf>
<wf cmd="ignore" pos="PRP">they</wf>
<wf cmd="done" pos="VB" lemma="grow" wnsn="1" lexsn="2:30:03::">grew</wf>
<wf cmd="tag" pos="RB">quite</wf>
<wf cmd="tag" pos="JJ">tiresome</wf>
<punc>.</punc>
</s>
</p>
<p pnum="37">
<s snum="86">
<wf cmd="ignore" pos="DT">The</wf>
<wf cmd="tag" pos="NNS">performances</wf>
<wf cmd="done" pos="VB" lemma="be" wnsn="1" lexsn="2:42:03::">were</wf>
<wf cmd="tag" pos="JJ">variable</wf>
<punc>,</punc>
<wf cmd="ignore" pos="DT">those</wf>
<wf cmd="ignore" pos="IN">of</wf>
<wf cmd="ignore" pos="DT">the</wf>
<wf cmd="tag" pos="JJ">full</wf>
<wf cmd="tag" pos="NN">ensemble</wf>
<wf cmd="done" pos="VB" lemma="be" wnsn="1" lexsn="2:42:03::">being</wf>
<wf cmd="tag" pos="RB">generally</wf>
<wf cmd="tag" pos="JJ">satisfying</wf>
<punc>,</punc>
<wf cmd="ignore" pos="DT">some</wf>
<wf cmd="ignore" pos="IN">by</wf>
<wf cmd="tag" pos="NNS">soloists</wf>
<wf cmd="tag" pos="JJ">proving</wf>
<wf cmd="tag" pos="RB">rather</wf>
<wf cmd="tag" pos="JJ">trying</wf>
<punc>.</punc>
</s>
</p>
<p pnum="38">
<s snum="87">
<wf cmd="tag" pos="NNP">Ellie_Mao</wf>
<punc>,</punc>
<wf cmd="tag" pos="NN">soprano</wf>
<punc>,</punc>
<wf cmd="ignore" pos="CC">and</wf>
<wf cmd="tag" pos="NNP">Frederick_Fuller</wf>
<punc>,</punc>
<wf cmd="tag" pos="NN">baritone</wf>
<punc>,</punc>
<wf cmd="done" pos="VB" lemma="present" wnsn="1" lexsn="2:39:00::">presented</wf>
<wf cmd="ignore" pos="DT">a</wf>
<wf cmd="tag" pos="NN">program</wf>
<wf cmd="ignore" pos="IN">of</wf>
<wf cmd="tag" pos="NNS">folksongs</wf>
<wf cmd="tag" pos="JJ">entitled</wf>
<punc>``</punc>
<wf cmd="tag" pos="NNP">East_Meets_West</wf>
<punc>''</punc>
<wf cmd="ignore" pos="IN">in</wf>
<wf cmd="tag" pos="NNP">Carnegie_Recital_Hall</wf>
<wf cmd="tag" pos="JJ">last</wf>
<wf cmd="tag" pos="NN">night</wf>
<punc>.</punc>
</s>
<s snum="88">
<wf cmd="ignore" pos="PRP">They</wf>
<wf cmd="done" pos="VB" ot="notag">were</wf>
<wf cmd="done" pos="VB" lemma="accompany" wnsn="3" lexsn="2:36:00::">accompanied</wf>
<wf cmd="done" pos="VB" ot="notag">by</wf>
<wf cmd="tag" pos="NNP">Anna_Mi_Lee</wf>
<punc>,</punc>
<wf cmd="tag" pos="NN">pianist</wf>
<punc>.</punc>
</s>
</p>
<p pnum="39">
<s snum="89">
<wf cmd="tag" pos="NNS">Selections</wf>
<wf cmd="ignore" pos="IN">from</wf>
<wf cmd="tag" pos="CD">fifteen</wf>
<wf cmd="tag" pos="NNS">countries</wf>
<wf cmd="done" pos="VBD" ot="notag">were</wf>
<wf cmd="done" pos="VB" lemma="sing" wnsn="1" lexsn="2:36:01::">sung</wf>
<wf cmd="ignore" pos="IN">as</wf>
<wf cmd="tag" pos="NNS">solos</wf>
<wf cmd="ignore" pos="CC">and</wf>
<wf cmd="tag" pos="NNS">duets</wf>
<wf cmd="ignore" pos="IN">in</wf>
<wf cmd="ignore" pos="DT">a</wf>
<wf cmd="tag" pos="JJ">broad</wf>
<wf cmd="tag" pos="NN">range</wf>
<wf cmd="ignore" pos="IN">of</wf>
<wf cmd="tag" pos="NNS">languages</wf>
<punc>.</punc>
</s>
<s snum="90">
<wf cmd="tag" pos="NNPS">Songs</wf>
<wf cmd="ignore" pos="IN">from</wf>
<wf cmd="tag" pos="NNP">China</wf>
<wf cmd="ignore" pos="CC">and</wf>
<wf cmd="tag" pos="NNP">Japan</wf>
<wf cmd="done" pos="VBD" ot="notag">were</wf>
<wf cmd="done" pos="VB" lemma="reserve" wnsn="1" lexsn="2:40:03::">reserved</wf>
<wf cmd="tag" pos="RB">exclusively</wf>
<wf cmd="ignore" pos="IN">for</wf>
<wf cmd="tag" pos="NNP">Miss_Mao</wf>
<punc>,</punc>
<wf cmd="ignore" pos="WP">who</wf>
<wf cmd="done" pos="VB" lemma="be" wnsn="1" lexsn="2:42:03::">is</wf>
<wf cmd="ignore" pos="DT">a</wf>
<wf cmd="tag" pos="NN">native</wf>
<wf cmd="ignore" pos="IN">of</wf>
<wf cmd="tag" pos="NNP">China</wf>
<punc>,</punc>
<wf cmd="ignore" pos="CC">and</wf>
<wf cmd="ignore" pos="DT">those</wf>
<wf cmd="ignore" pos="IN">of</wf>
<wf cmd="tag" pos="NN">the_British</wf>
<wf cmd="tag" pos="NNP">Isles</wf>
<wf cmd="done" pos="VBD" ot="notag">were</wf>
<wf cmd="done" pos="VB" lemma="sing" wnsn="1" lexsn="2:36:01::">sung</wf>
<wf cmd="ignore" pos="IN">by</wf>
<wf cmd="tag" pos="NNP">Mr._Fuller</wf>
<punc>,</punc>
<wf cmd="ignore" pos="WP">who</wf>
<wf cmd="done" pos="VB" lemma="be" wnsn="9" lexsn="2:42:08::">is</wf>
<wf cmd="tag" pos="NNP">English</wf>
<wf cmd="ignore" pos="IN">by</wf>
<wf cmd="tag" pos="NN">birth</wf>
<punc>.</punc>
</s>
</p>
<p pnum="40">
<s snum="91">
<wf cmd="ignore" pos="DT">This</wf>
<wf cmd="done" pos="VBD" ot="notag">was</wf>
<wf cmd="tag" pos="RB">not</wf>
<wf cmd="ignore" pos="DT">a</wf>
<wf cmd="tag" pos="NN">program</wf>
<wf cmd="done" pos="VB" lemma="intend" wnsn="1" lexsn="2:31:00::">intended</wf>
<wf cmd="ignore" pos="TO">to</wf>
<wf cmd="done" pos="VB" lemma="illustrate" wnsn="1" lexsn="2:32:00::">illustrate</wf>
<wf cmd="tag" pos="JJ">authentic</wf>
<wf cmd="tag" pos="NN">folk</wf>
<wf cmd="tag" pos="NNS">styles</wf>
<punc>.</punc>
</s>
<s snum="92">
<wf cmd="tag" pos="RB">On_the_contrary</wf>
<punc>,</punc>
<wf cmd="tag" pos="NNP">Miss_Mao</wf>
<wf cmd="ignore" pos="CC">and</wf>
<wf cmd="tag" pos="NNP">Mr._Fuller</wf>
<wf cmd="done" pos="VB" lemma="choose" wnsn="1" lexsn="2:31:00::">chose</wf>
<wf cmd="tag" pos="JJ">many_of</wf>
<wf cmd="ignore" pos="PRP$">their</wf>
<wf cmd="tag" pos="NNS">arrangements</wf>
<wf cmd="ignore" pos="IN">from</wf>
<wf cmd="ignore" pos="DT">the</wf>
<wf cmd="tag" pos="NNS">works</wf>
<wf cmd="ignore" pos="IN">of</wf>
<wf cmd="tag" pos="NNS">composers</wf>
<wf cmd="tag" pos="JJ">such_as</wf>
<wf cmd="tag" pos="NNP">Mendelssohn</wf>
<punc>,</punc>
<wf cmd="tag" pos="NNP">Dvorak</wf>
<punc>,</punc>
<wf cmd="tag" pos="NNP">Canteloube</wf>
<punc>,</punc>
<wf cmd="tag" pos="NNP">Copland</wf>
<wf cmd="ignore" pos="CC">and</wf>
<wf cmd="tag" pos="NNP">Britten</wf>
<punc>.</punc>
</s>
<s snum="93">
<wf cmd="tag" pos="NNP">Thre</wf>
<wf cmd="done" pos="VB" ot="notag">was</wf>
<punc>,</punc>
<wf cmd="tag" pos="RB">therefore</wf>
<punc>,</punc>
<wf cmd="tag" pos="RBR">more</wf>
<wf cmd="tag" pos="JJ">musical</wf>
<wf cmd="tag" pos="NN">substance</wf>
<wf cmd="ignore" pos="IN">in</wf>
<wf cmd="ignore" pos="DT">the</wf>
<wf cmd="tag" pos="NN">concert</wf>
<wf cmd="ignore" pos="IN">than</wf>
<wf cmd="ignore" pos="MD">might</wf>
<wf cmd="done" pos="VB" ot="notag">have</wf>
<wf cmd="done" pos="VB" lemma="be" wnsn="1" lexsn="2:42:03::">been</wf>
<wf cmd="ignore" pos="DT">the</wf>
<wf cmd="tag" pos="NN">case</wf>
<wf cmd="tag" pos="RB">otherwise</wf>
<punc>.</punc>
</s>
<s snum="94">
<wf cmd="ignore" pos="DT">The</wf>
<wf cmd="tag" pos="NNS">performances</wf>
<wf cmd="done" pos="VBD" ot="notag">were</wf>
<wf cmd="tag" pos="JJ">assured</wf>
<punc>,</punc>
<wf cmd="tag" pos="JJ">communicative</wf>
<wf cmd="ignore" pos="CC">and</wf>
<wf cmd="tag" pos="RB">pleasingly</wf>
<wf cmd="tag" pos="JJ">informal</wf>
<punc>.</punc>
</s>
</p>
<p pnum="41">
<s snum="95">
<wf cmd="ignore" pos="WP">What</wf>
<wf cmd="done" pos="VBD" ot="notag">was</wf>
<wf cmd="done" pos="VB" lemma="omit" wnsn="1" lexsn="2:31:01::">omitted</wf>
<wf cmd="ignore" pos="IN">from</wf>
<punc>``</punc>
<wf cmd="ignore" pos="DT">A</wf>
<wf cmd="tag" pos="NNP">Neglected_Education</wf>
<punc>''</punc>
<wf cmd="done" pos="VB" lemma="be" wnsn="1" lexsn="2:42:03::">were</wf>
<wf cmd="ignore" pos="DT">those</wf>
<wf cmd="tag" pos="NNS">essentials</wf>
<wf cmd="tag" pos="JJ">known_as</wf>
<punc>``</punc>
<wf cmd="ignore" pos="DT">the</wf>
<wf cmd="tag" pos="NNS">facts</wf>
<wf cmd="ignore" pos="IN">of</wf>
<wf cmd="tag" pos="NN">life</wf>
<punc>''</punc>
<punc>.</punc>
</s>
</p>
<p pnum="42">
<s snum="96">
<wf cmd="tag" pos="NNP">Chabrier</wf>
<wf cmd="ignore" pos="POS">'s</wf>
<wf cmd="tag" pos="JJ">little</wf>
<wf cmd="tag" pos="JJ">one-act</wf>
<wf cmd="tag" pos="NN">operetta</wf>
<punc>,</punc>
<wf cmd="done" pos="VB" lemma="present" wnsn="1" lexsn="2:39:00::">presented</wf>
<wf cmd="tag" pos="NN">yesterday</wf>
<wf cmd="tag" pos="NN">afternoon</wf>
<wf cmd="ignore" pos="IN">at</wf>
<wf cmd="tag" pos="NN">Town_Hall</wf>
<punc>,</punc>
<wf cmd="done" pos="VB" lemma="be" wnsn="1" lexsn="2:42:03::">is</wf>
<wf cmd="ignore" pos="DT">a</wf>
<wf cmd="tag" pos="JJ">fragile</wf>
<punc>,</punc>
<wf cmd="tag" pos="JJ">precious</wf>
<wf cmd="tag" pos="JJ">little</wf>
<wf cmd="tag" pos="NN">piece</wf>
<punc>,</punc>
<wf cmd="tag" pos="RB">very</wf>
<wf cmd="tag" pos="JJ">French</wf>
<punc>,</punc>
<wf cmd="tag" pos="RB">not</wf>
<wf cmd="ignore" pos="IN">without</wf>
<wf cmd="tag" pos="NN">wit</wf>
<wf cmd="ignore" pos="CC">and</wf>
<wf cmd="tag" pos="NN">charm</wf>
<punc>.</punc>
</s>
<s snum="97">
<wf cmd="ignore" pos="DT">The</wf>
<wf cmd="tag" pos="JJ">poor</wf>
<wf cmd="tag" pos="JJ">uneducated</wf>
<wf cmd="tag" pos="NN">newlywed</wf>
<punc>,</punc>
<wf cmd="ignore" pos="DT">a</wf>
<wf cmd="tag" pos="JJ">certain</wf>
<wf cmd="tag" pos="NNP">Gontran</wf>
<wf cmd="ignore" pos="FW">de</wf>
<wf cmd="tag" pos="NNP">Boismassif</wf>
<punc>,</punc>
<wf cmd="done" pos="VB" lemma="have" wnsn="1" lexsn="2:40:00::">has</wf>
<wf cmd="ignore" pos="PRP$">his</wf>
<wf cmd="tag" pos="NNS">problems</wf>
<wf cmd="ignore" pos="IN">in</wf>
<wf cmd="done" pos="VB" lemma="get" wnsn="1" lexsn="2:40:00::">getting</wf>
<wf cmd="ignore" pos="DT">the</wf>
<wf cmd="tag" pos="JJ">necessary</wf>
<wf cmd="tag" pos="NN">information</wf>
<punc>.</punc>
</s>
<s snum="98">
<wf cmd="ignore" pos="DT">The</wf>
<wf cmd="tag" pos="NN">humor</wf>
<wf cmd="ignore" pos="IN">of</wf>
<wf cmd="ignore" pos="DT">the</wf>
<wf cmd="tag" pos="NN">situation</wf>
<wf cmd="ignore" pos="MD">can</wf>
<wf cmd="done" pos="VB" ot="notag">be</wf>
<wf cmd="done" pos="VB" lemma="imagine" wnsn="1" lexsn="2:36:00::">imagined</wf>
<punc>.</punc>
</s>
</p>
<p pnum="43">
<s snum="99">
<wf cmd="ignore" pos="PRP">It</wf>
<wf cmd="ignore" pos="DT">all</wf>
<wf cmd="done" pos="VB" lemma="take_place" wnsn="1" lexsn="2:30:00::">takes_place</wf>
<wf cmd="ignore" pos="IN">in</wf>
<wf cmd="ignore" pos="DT">the</wf>
<wf cmd="tag" pos="JJ">eighteenth</wf>
<wf cmd="tag" pos="NN">century</wf>
<punc>.</punc>
</s>
<s snum="100">
<wf cmd="ignore" pos="WP">What</wf>
<wf cmd="ignore" pos="DT">a</wf>
<wf cmd="tag" pos="JJ">silly</wf>
<punc>,</punc>
<wf cmd="tag" pos="JJ">artificial</wf>
<wf cmd="tag" pos="NN">way_of_life</wf>
<punc>,</punc>
<wf cmd="tag" pos="NNP">Chabrier</wf>
<wf cmd="ignore" pos="CC">and</wf>
<wf cmd="ignore" pos="PRP$">his</wf>
<wf cmd="tag" pos="NNS">librettists</wf>
<wf cmd="done" pos="VB" lemma="chuckle" wnsn="1" lexsn="2:29:00::">chuckle</wf>
<punc>.</punc>
</s>
<s snum="101">
<wf cmd="ignore" pos="CC">But</wf>
<wf cmd="ignore" pos="PRP">they</wf>
<wf cmd="done" pos="VB" lemma="wish" wnsn="3" lexsn="2:32:02::">wish</wf>
<wf cmd="ignore" pos="PRP">they</wf>
<wf cmd="ignore" pos="MD">could</wf>
<wf cmd="done" pos="VB" lemma="bring" wnsn="2" lexsn="2:35:04::">bring</wf>
<wf cmd="ignore" pos="PRP">it</wf>
<wf cmd="tag" pos="RB">back</wf>
<punc>.</punc>
</s>
</p>
<p pnum="44">
<s snum="102">
<wf cmd="tag" pos="NNP">Chabrier</wf>
<wf cmd="ignore" pos="POS">'s</wf>
<wf cmd="tag" pos="JJ">delightful</wf>
<wf cmd="tag" pos="NN">music</wf>
<wf cmd="done" pos="VB" lemma="stand" wnsn="2" lexsn="2:42:04::">stands</wf>
<wf cmd="tag" pos="RB">just</wf>
<wf cmd="ignore" pos="IN">at</wf>
<wf cmd="ignore" pos="DT">the</wf>
<wf cmd="tag" pos="NN">point</wf>
<wf cmd="ignore" pos="WRB">where</wf>
<wf cmd="ignore" pos="DT">the</wf>
<wf cmd="tag" pos="JJ">classical</wf>
<punc>,</punc>
<wf cmd="tag" pos="JJ">rationalist</wf>
<wf cmd="tag" pos="NN">tradition</wf>
<punc>,</punc>
<punc>(</punc>
<wf cmd="done" pos="VB" lemma="hand_down" wnsn="1" lexsn="2:40:00::">handed_down</wf>
<wf cmd="ignore" pos="TO">to</wf>
<wf cmd="tag" pos="NNP">Chabrier</wf>
<wf cmd="tag" pos="RB">largely</wf>
<wf cmd="ignore" pos="IN">in</wf>
<wf cmd="ignore" pos="DT">the</wf>
<wf cmd="tag" pos="NN">form</wf>
<wf cmd="ignore" pos="IN">of</wf>
<wf cmd="tag" pos="NN">operetta</wf>
<wf cmd="ignore" pos="CC">and</wf>
<wf cmd="tag" pos="NN">salon</wf>
<wf cmd="tag" pos="NN">music</wf>
<punc>)</punc>
<wf cmd="done" pos="VB" lemma="become" wnsn="2" lexsn="2:42:01::">becomes</wf>
<wf cmd="tag" pos="RB">virtually</wf>
<wf cmd="tag" pos="NN">neo-classicism</wf>
<punc>.</punc>
</s>
<s snum="103">
<wf cmd="ignore" pos="DT">The</wf>
<wf cmd="tag" pos="JJ">musical</wf>
<wf cmd="tag" pos="NN">cleverness</wf>
<wf cmd="ignore" pos="CC">and</wf>
<wf cmd="tag" pos="NN">spirit</wf>
<wf cmd="ignore" pos="CC">plus</wf>
<wf cmd="ignore" pos="DT">a</wf>
<wf cmd="tag" pos="JJ">strong</wf>
<wf cmd="tag" pos="NN">sense_of_taste</wf>
<wf cmd="ignore" pos="CC">and</wf>
<wf cmd="tag" pos="NN">measure</wf>
<wf cmd="done" pos="VB" ot="notag">save</wf>
<wf cmd="ignore" pos="DT">a</wf>
<wf cmd="tag" pos="JJ">wry</wf>
<wf cmd="tag" pos="JJ">little</wf>
<wf cmd="tag" pos="NN">joke</wf>
<wf cmd="ignore" pos="IN">from</wf>
<wf cmd="done" pos="VB" lemma="become" wnsn="2" lexsn="2:42:01::">becoming</wf>
<wf cmd="ignore" pos="DT">either</wf>
<wf cmd="tag" pos="JJ">bawdy</wf>
<wf cmd="ignore" pos="CC">or</wf>
<wf cmd="tag" pos="JJ">mawkish</wf>
<punc>.</punc>
</s>
</p>
<p pnum="45">
<s snum="104">
<wf cmd="ignore" pos="DT">The</wf>
<wf cmd="tag" pos="JJ">simple</wf>
<punc>,</punc>
<wf cmd="tag" pos="JJ">clever</wf>
<wf cmd="tag" pos="NN">production</wf>
<wf cmd="done" pos="VB" lemma="be" wnsn="1" lexsn="2:42:03::">was</wf>
<wf cmd="tag" pos="RB">also</wf>
<wf cmd="tag" pos="JJ">able</wf>
<wf cmd="ignore" pos="TO">to</wf>
<wf cmd="done" pos="VB" lemma="tread" wnsn="4" lexsn="2:35:01::">tread</wf>
<wf cmd="ignore" pos="DT">the</wf>
<wf cmd="tag" pos="JJ">thin</wf>
<wf cmd="tag" pos="NN">line</wf>
<wf cmd="ignore" pos="IN">between</wf>
<wf cmd="ignore" pos="DT">those</wf>
<wf cmd="tag" pos="NNS">extremes</wf>
<punc>.</punc>
</s>
<s snum="105">
<wf cmd="tag" pos="NNP">Arlene_Saunders</wf>
<wf cmd="done" pos="VB" lemma="be" wnsn="1" lexsn="2:42:03::">was</wf>
<wf cmd="tag" pos="JJ">charming</wf>
<wf cmd="ignore" pos="IN">as</wf>
<wf cmd="tag" pos="JJ">poor</wf>
<wf cmd="tag" pos="NNP">Gontran</wf>
<punc>.</punc>
</s>
<s snum="106">
<wf cmd="ignore" pos="UH">Yes</wf>
<punc>,</punc>
<wf cmd="tag" pos="NNP">Arlene</wf>
<wf cmd="done" pos="VB" lemma="be" wnsn="1" lexsn="2:42:03::">is</wf>
<wf cmd="ignore" pos="PRP$">her</wf>
<wf cmd="tag" pos="NN">name</wf>
<punc>;</punc>
<wf cmd="ignore" pos="DT">the</wf>
<wf cmd="tag" pos="NN">work</wf>
<wf cmd="done" pos="VB" lemma="use" wnsn="1" lexsn="2:34:01::">uses</wf>
<wf cmd="ignore" pos="DT">the</wf>
<wf cmd="tag" pos="JJ">old</wf>
<wf cmd="tag" pos="JJ">eighteenth-century</wf>
<wf cmd="tag" pos="NN">tradition</wf>
<wf cmd="ignore" pos="IN">of</wf>
<wf cmd="done" pos="VB" lemma="give" wnsn="2" lexsn="2:40:05::">giving</wf>
<wf cmd="ignore" pos="DT">the</wf>
<wf cmd="tag" pos="NN">part</wf>
<wf cmd="ignore" pos="IN">of</wf>
<wf cmd="ignore" pos="DT">a</wf>
<wf cmd="tag" pos="JJ">young</wf>
<wf cmd="tag" pos="JJ">inexperienced</wf>
<wf cmd="tag" pos="NN">youth</wf>
<wf cmd="ignore" pos="TO">to</wf>
<wf cmd="ignore" pos="DT">a</wf>
<wf cmd="tag" pos="NN">soprano</wf>
<punc>.</punc>
</s>
<s snum="107">
<wf cmd="tag" pos="NNP">Benita_Valente</wf>
<wf cmd="done" pos="VB" lemma="be" wnsn="1" lexsn="2:42:03::">was</wf>
<wf cmd="tag" pos="JJ">delightful</wf>
<wf cmd="ignore" pos="IN">as</wf>
<wf cmd="ignore" pos="DT">the</wf>
<wf cmd="tag" pos="JJ">young</wf>
<wf cmd="tag" pos="NN">wife</wf>
<wf cmd="ignore" pos="CC">and</wf>
<wf cmd="tag" pos="NNP">John_Parella</wf>
<wf cmd="done" pos="VB" lemma="be" wnsn="1" lexsn="2:42:03::">was</wf>
<wf cmd="tag" pos="JJ">amusing</wf>
<wf cmd="ignore" pos="IN">as</wf>
<wf cmd="ignore" pos="DT">the</wf>
<wf cmd="tag" pos="NN">tutor</wf>
<wf cmd="ignore" pos="WP">who</wf>
<wf cmd="done" pos="VB" lemma="fail" wnsn="1" lexsn="2:41:02::">failed</wf>
<wf cmd="ignore" pos="TO">to</wf>
<wf cmd="done" pos="VB" lemma="do" wnsn="1" lexsn="2:41:01::">do</wf>
<wf cmd="ignore" pos="DT">all</wf>
<wf cmd="ignore" pos="PRP$">his</wf>
<wf cmd="tag" pos="NN">tutoring</wf>
<punc>.</punc>
</s>
</p>
<p pnum="46">
<s snum="108">
<wf cmd="ignore" pos="DT">The</wf>
<wf cmd="tag" pos="NN">work</wf>
<wf cmd="done" pos="VB" ot="notag">was</wf>
<wf cmd="done" pos="VB" lemma="present" wnsn="1" lexsn="2:39:00::">presented</wf>
<wf cmd="ignore" pos="IN">as</wf>
<wf cmd="ignore" pos="DT">the</wf>
<wf cmd="tag" pos="JJ">final</wf>
<wf cmd="tag" pos="NN">event</wf>
<wf cmd="ignore" pos="IN">in</wf>
<wf cmd="ignore" pos="DT">the</wf>
<wf cmd="tag" pos="NN">Town_Hall</wf>
<wf cmd="tag" pos="NNP">Festival</wf>
<wf cmd="ignore" pos="IN">of</wf>
<wf cmd="tag" pos="NNP">Music</wf>
<punc>.</punc>
</s>
<s snum="109">
<wf cmd="ignore" pos="PRP">It</wf>
<wf cmd="done" pos="VBD" ot="notag">was</wf>
<wf cmd="done" pos="VB" lemma="pair" wnsn="1" lexsn="2:41:00::">paired</wf>
<wf cmd="ignore" pos="IN">with</wf>
<wf cmd="ignore" pos="DT">a</wf>
<wf cmd="tag" pos="NNP">Darius_Milhaud</wf>
<wf cmd="tag" pos="NN">opera</wf>
<punc>,</punc>
<punc>``</punc>
<wf cmd="ignore" pos="DT">The</wf>
<wf cmd="tag" pos="NNP">Poor_Sailor</wf>
<punc>''</punc>
<punc>,</punc>
<wf cmd="tag" pos="JJ">set_to</wf>
<wf cmd="ignore" pos="DT">a</wf>
<wf cmd="tag" pos="NN">libretto</wf>
<wf cmd="ignore" pos="IN">by</wf>
<wf cmd="tag" pos="NNP">Jean_Cocteau</wf>
<punc>,</punc>
<wf cmd="ignore" pos="DT">a</wf>
<wf cmd="tag" pos="RB">kind_of</wf>
<wf cmd="tag" pos="NNP">Grand_Guignol</wf>
<wf cmd="ignore" pos="IN">by</wf>
<wf cmd="ignore" pos="DT">the</wf>
<wf cmd="tag" pos="NN">sea</wf>
<punc>,</punc>
<wf cmd="ignore" pos="DT">a</wf>
<wf cmd="tag" pos="NN">sailor</wf>
<wf cmd="done" pos="VB" lemma="return" wnsn="1" lexsn="2:38:00::">returns</wf>
<punc>,</punc>
<wf cmd="tag" pos="JJ">unrecognized</wf>
<punc>,</punc>
<wf cmd="ignore" pos="CC">and</wf>
<wf cmd="done" pos="VB" lemma="get" wnsn="2" lexsn="2:30:00::">gets</wf>
<wf cmd="done" pos="VB" lemma="do_in" wnsn="1" lexsn="2:35:00::">done_in</wf>
<wf cmd="ignore" pos="IN">by</wf>
<wf cmd="ignore" pos="PRP$">his</wf>
<wf cmd="tag" pos="NN">wife</wf>
<punc>.</punc>
</s>
</p>
<p pnum="47">
<s snum="110">
<wf cmd="ignore" pos="IN">With</wf>
<wf cmd="ignore" pos="DT">the</wf>
<wf cmd="tag" pos="NN">exception</wf>
<wf cmd="ignore" pos="IN">of</wf>
<wf cmd="tag" pos="JJ">a_few</wf>
<wf cmd="tag" pos="NNS">spots</wf>
<punc>,</punc>
<wf cmd="tag" pos="NNP">Milhaud</wf>
<wf cmd="ignore" pos="POS">'s</wf>
<wf cmd="tag" pos="NN">music</wf>
<wf cmd="tag" pos="RB">mostly</wf>
<wf cmd="done" pos="VB" lemma="churn" wnsn="1" lexsn="2:35:00::">churns</wf>
<wf cmd="tag" pos="RB">away</wf>
<wf cmd="ignore" pos="IN">with</wf>
<wf cmd="ignore" pos="PRP$">his</wf>
<wf cmd="tag" pos="JJ">usual</wf>
<wf cmd="tag" pos="NN">collection</wf>
<wf cmd="ignore" pos="IN">of</wf>
<wf cmd="tag" pos="NNS">ditties</wf>
<punc>,</punc>
<wf cmd="tag" pos="JJ">odd</wf>
<wf cmd="tag" pos="NNS">harmonies</wf>
<punc>,</punc>
<wf cmd="ignore" pos="CC">and</wf>
<wf cmd="tag" pos="JJ">lumbering</wf>
<punc>,</punc>
<wf cmd="tag" pos="JJ">satiric</wf>
<wf cmd="tag" pos="NN">orchestration</wf>
<punc>.</punc>
</s>
</p>
</context>
</contextfile>
