<contextfile concordance="brown">
<context filename="br-c17" paras="yes">
<p pnum="1">
<s snum="1">
<wf cmd="ignore" pos="DT">The</wf>
<wf cmd="tag" pos="NN">reading</wf>
<wf cmd="tag" pos="JJ">public</wf>
<punc>,</punc>
<wf cmd="ignore" pos="DT">the</wf>
<wf cmd="tag" pos="JJ">theatergoing</wf>
<wf cmd="tag" pos="JJ">public</wf>
<punc>,</punc>
<wf cmd="ignore" pos="DT">the</wf>
<wf cmd="tag" rdf="skin-diving" pos="NN">skindiving</wf>
<wf cmd="tag" pos="JJ">public</wf>
<punc>,</punc>
<wf cmd="ignore" pos="DT">the</wf>
<wf cmd="tag" pos="JJ">horse-playing</wf>
<wf cmd="tag" pos="JJ">public</wf>
<punc>-</punc>
<wf cmd="ignore" pos="DT">all</wf>
<wf cmd="ignore" pos="DT">these</wf>
<wf cmd="tag" pos="RB">and_others</wf>
<wf cmd="done" pos="VB" lemma="fill" wnsn="5" lexsn="2:34:02::">fill</wf>
<wf cmd="tag" pos="JJ">substantial</wf>
<wf cmd="tag" pos="NNS">roles</wf>
<wf cmd="ignore" pos="IN">in</wf>
<wf cmd="tag" pos="NNP">U._S.</wf>
<wf cmd="tag" pos="NN">life</wf>
<punc>,</punc>
<wf cmd="ignore" pos="CC">but</wf>
<wf cmd="tag" pos="NN">none</wf>
<wf cmd="done" pos="VB" lemma="be" wnsn="1" lexsn="2:42:03::">is</wf>
<wf cmd="tag" pos="RB">so</wf>
<wf cmd="tag" pos="JJ">varied</wf>
<punc>,</punc>
<wf cmd="tag" pos="JJ">vast</wf>
<wf cmd="ignore" pos="CC">and</wf>
<wf cmd="tag" pos="JJ">vigilant</wf>
<wf cmd="ignore" pos="IN">as</wf>
<wf cmd="ignore" pos="DT">the</wf>
<wf cmd="done" pos="VB" lemma="eat" wnsn="1" lexsn="2:34:00::">eating</wf>
<wf cmd="tag" pos="JJ">public</wf>
<punc>.</punc>
</s>
<s snum="2">
<wf cmd="ignore" pos="DT">The</wf>
<wf cmd="tag" pos="NN">Department_of_Agriculture</wf>
<wf cmd="done" pos="VB" lemma="average_out" wnsn="1" lexsn="2:31:00::">averaged_out</wf>
<wf cmd="tag" pos="NNP">U._S.</wf>
<wf cmd="tag" pos="NN">food</wf>
<wf cmd="tag" pos="NN">consumption</wf>
<wf cmd="tag" pos="JJ">last</wf>
<wf cmd="tag" pos="NN">year</wf>
<wf cmd="ignore" pos="IN">at</wf>
<wf cmd="tag" pos="CD">1488</wf>
<wf cmd="tag" pos="NNS">lbs.</wf>
<wf cmd="ignore" pos="IN">per</wf>
<wf cmd="tag" pos="NN">person</wf>
<punc>,</punc>
<wf cmd="ignore" pos="WDT">which</wf>
<punc>,</punc>
<wf cmd="done" pos="VB" lemma="allow" wnsn="6" lexsn="2:31:00::">allowing</wf>
<wf cmd="done" pos="VB" ot="notag">for</wf>
<wf cmd="ignore" pos="DT">the</wf>
<wf cmd="tag" pos="CD">17</wf>
<wf cmd="tag" pos="CD">million</wf>
<wf cmd="tag" pos="NNPS">Americans</wf>
<wf cmd="ignore" pos="IN">that</wf>
<wf cmd="tag" pos="NNP">John_Kennedy</wf>
<wf cmd="done" pos="VB" lemma="say" wnsn="1" lexsn="2:32:00::">said</wf>
<wf cmd="done" pos="VB" lemma="go_to_bed" wnsn="1" lexsn="2:29:00::">go_to_bed</wf>
<wf cmd="tag" pos="JJ">hungry</wf>
<wf cmd="tag" pos="RB">every_night</wf>
<punc>,</punc>
<wf cmd="done" pos="VB" lemma="mean" wnsn="2" lexsn="2:42:00::">means</wf>
<wf cmd="ignore" pos="IN">that</wf>
<wf cmd="tag" pos="JJ">certain</wf>
<wf cmd="tag" pos="NNS">gluttons</wf>
<wf cmd="ignore" pos="IN">on</wf>
<wf cmd="ignore" pos="DT">the</wf>
<wf cmd="tag" pos="JJ">upper</wf>
<wf cmd="tag" pos="NN">end</wf>
<wf cmd="ignore" pos="MD">must</wf>
<wf cmd="tag" pos="RB">somehow</wf>
<wf cmd="done" pos="VB" lemma="down" wnsn="2" lexsn="2:34:01::">down</wf>
<wf cmd="tag" pos="CD">8</wf>
<wf cmd="tag" pos="NNS">lbs.</wf>
<wf cmd="ignore" pos="CC">or</wf>
<wf cmd="tag" pos="RBR">more</wf>
<wf cmd="ignore" pos="DT">a</wf>
<wf cmd="tag" pos="NN">day</wf>
<punc>.</punc>
</s>
<s snum="3">
<wf cmd="ignore" pos="DT">That</wf>
<wf cmd="tag" pos="NN">mother</wf>
<wf cmd="tag" pos="NN">hen</wf>
<wf cmd="ignore" pos="IN">of</wf>
<wf cmd="ignore" pos="DT">the</wf>
<wf cmd="tag" pos="NN">weight-height</wf>
<wf cmd="tag" pos="NNS">tables</wf>
<punc>,</punc>
<wf cmd="ignore" pos="DT">the</wf>
<wf cmd="tag" pos="NNP">Metropolitan</wf>
<wf cmd="tag" pos="NN">Life_Insurance</wf>
<wf cmd="tag" pos="NNP">Co.</wf>
<punc>,</punc>
<wf cmd="done" pos="VB" lemma="cluck" wnsn="1" lexsn="2:32:00::">clucks</wf>
<wf cmd="ignore" pos="IN">that</wf>
<wf cmd="tag" pos="CD">48</wf>
<wf cmd="tag" pos="CD">million</wf>
<wf cmd="tag" pos="NNPS">Americans</wf>
<wf cmd="done" pos="VB" lemma="be" wnsn="1" lexsn="2:42:03::">are</wf>
<wf cmd="tag" pos="JJ">overweight</wf>
<punc>.</punc>
</s>
</p>
<p pnum="2">
<s snum="4">
<wf cmd="ignore" pos="IN">Through</wf>
<wf cmd="tag" pos="JJ">previous</wf>
<wf cmd="tag" pos="NNS">centuries</wf>
<punc>,</punc>
<wf cmd="tag" pos="NN">eating</wf>
<wf cmd="done" pos="VB" lemma="change" wnsn="2" lexsn="2:30:00::">changed</wf>
<wf cmd="ignore" pos="IN">by</wf>
<wf cmd="tag" pos="RB">nearly</wf>
<wf cmd="tag" pos="JJ">imperceptible</wf>
<wf cmd="tag" pos="NNS">degrees</wf>
<punc>,</punc>
<wf cmd="ignore" pos="CC">and</wf>
<wf cmd="tag" pos="RB">mostly</wf>
<wf cmd="ignore" pos="IN">toward</wf>
<wf cmd="tag" pos="RB">just</wf>
<wf cmd="done" pos="VB" lemma="get" wnsn="1" lexsn="2:40:00::">getting</wf>
<wf cmd="tag" pos="RB">enough</wf>
<punc>.</punc>
</s>
<s snum="5">
<wf cmd="tag" pos="RB">Now</wf>
<wf cmd="tag" pos="JJ">big</wf>
<wf cmd="tag" pos="NNS">forces</wf>
<wf cmd="done" pos="VB" lemma="buffet" wnsn="1" lexsn="2:35:00::">buffet</wf>
<wf cmd="tag" pos="NN">food</wf>
<punc>.</punc>
</s>
<s snum="6">
<wf cmd="tag" pos="RB">For_the_first_time</wf>
<wf cmd="ignore" pos="IN">in</wf>
<wf cmd="tag" pos="NN">history</wf>
<punc>,</punc>
<wf cmd="ignore" pos="DT">the</wf>
<wf cmd="tag" pos="NNP">U._S.</wf>
<wf cmd="done" pos="VBZ" ot="notag">has</wf>
<wf cmd="done" pos="VB" lemma="produce" wnsn="1" lexsn="2:36:02::">produced</wf>
<wf cmd="ignore" pos="DT">a</wf>
<wf cmd="tag" pos="NN">society</wf>
<wf cmd="tag" pos="RB">in_which</wf>
<wf cmd="tag" pos="RB">less_than</wf>
<wf cmd="tag" pos="JJ">one-tenth</wf>
<wf cmd="ignore" pos="IN">of</wf>
<wf cmd="ignore" pos="DT">the</wf>
<wf cmd="tag" pos="NNS">people</wf>
<wf cmd="done" pos="VB" lemma="turn_out" wnsn="3" lexsn="2:36:01::">turn_out</wf>
<wf cmd="tag" pos="RB">so_much</wf>
<wf cmd="tag" pos="NN">food</wf>
<wf cmd="ignore" pos="IN">that</wf>
<wf cmd="ignore" pos="DT">the</wf>
<wf cmd="tag" pos="NNP">Government</wf>
<wf cmd="ignore" pos="POS">'s</wf>
<wf cmd="tag" pos="RBS">most</wf>
<wf cmd="tag" pos="JJ">embarrassing</wf>
<wf cmd="tag" pos="NN">problem</wf>
<wf cmd="done" pos="VB" lemma="be" wnsn="2" lexsn="2:42:06::">is</wf>
<wf cmd="ignore" pos="WRB">how</wf>
<wf cmd="ignore" pos="TO">to</wf>
<wf cmd="done" rdf="dispose_of" pos="VB" lemma="dispose_of" wnsn="1" lexsn="2:41:00::">dispose</wf>
<wf cmd="tag" pos="RB">inconspicuously</wf>
<wf cmd="ignore" pos="IN">of</wf>
<wf cmd="tag" pos="CD">100</wf>
<wf cmd="tag" pos="CD">million</wf>
<wf cmd="tag" pos="NNS">tons</wf>
<wf cmd="ignore" pos="IN">of</wf>
<wf cmd="tag" pos="NN">surplus</wf>
<wf cmd="tag" pos="NN">farm</wf>
<wf cmd="tag" pos="NN">produce</wf>
<punc>.</punc>
</s>
<s snum="7">
<wf cmd="tag" pos="RB">In_this</wf>
<wf cmd="tag" pos="JJ">same</wf>
<wf cmd="tag" pos="NN">society</wf>
<punc>,</punc>
<wf cmd="ignore" pos="DT">the</wf>
<wf cmd="tag" pos="JJ">plain</wf>
<wf cmd="tag" pos="NN">citizen</wf>
<wf cmd="ignore" pos="MD">can</wf>
<wf cmd="ignore" pos="IN">with</wf>
<wf cmd="ignore" pos="DT">an</wf>
<wf cmd="tag" pos="NN">average</wf>
<wf cmd="ignore" pos="IN">of</wf>
<wf cmd="tag" pos="RB">only</wf>
<wf cmd="tag" pos="NN">one-fifth</wf>
<wf cmd="ignore" pos="PRP$">his</wf>
<wf cmd="tag" pos="NN">income</wf>
<wf cmd="done" pos="VB" lemma="buy" wnsn="1" lexsn="2:40:00::">buy</wf>
<wf cmd="tag" pos="JJR">more</wf>
<wf cmd="tag" pos="NNS">calories</wf>
<wf cmd="ignore" pos="IN">than</wf>
<wf cmd="ignore" pos="PRP">he</wf>
<wf cmd="ignore" pos="MD">can</wf>
<wf cmd="done" pos="VB" lemma="consume" wnsn="1" lexsn="2:34:03::">consume</wf>
<punc>.</punc>
</s>
<s snum="8">
<wf cmd="tag" pos="NN">Refrigeration</wf>
<punc>,</punc>
<wf cmd="tag" pos="JJ">automated</wf>
<wf cmd="tag" pos="NN">processing</wf>
<wf cmd="ignore" pos="CC">and</wf>
<wf cmd="tag" pos="NN">packaging</wf>
<wf cmd="done" pos="VB" lemma="conspire" wnsn="2" lexsn="2:31:01::">conspire</wf>
<wf cmd="ignore" pos="TO">to</wf>
<wf cmd="done" pos="VB" lemma="defy" wnsn="1" lexsn="2:42:00::">defy</wf>
<wf cmd="tag" pos="NN">season</wf>
<wf cmd="ignore" pos="CC">and</wf>
<wf cmd="done" pos="VB" lemma="banish" wnsn="3" lexsn="2:41:00::">banish</wf>
<wf cmd="tag" pos="NN">spoilage</wf>
<punc>.</punc>
</s>
<s snum="9">
<wf cmd="ignore" pos="CC">And</wf>
<wf cmd="ignore" pos="IN">in</wf>
<wf cmd="ignore" pos="DT">the</wf>
<wf cmd="tag" pos="NN">wake</wf>
<wf cmd="ignore" pos="IN">of</wf>
<wf cmd="ignore" pos="DT">the</wf>
<wf cmd="tag" pos="JJ">new</wf>
<wf cmd="tag" pos="NN">affluence</wf>
<wf cmd="ignore" pos="CC">and</wf>
<wf cmd="ignore" pos="DT">the</wf>
<wf cmd="tag" pos="JJ">new</wf>
<wf cmd="tag" pos="NNS">techniques</wf>
<wf cmd="ignore" pos="IN">of</wf>
<wf cmd="tag" pos="NN">processing</wf>
<wf cmd="done" pos="VB" lemma="come" wnsn="3" lexsn="2:30:01::">comes</wf>
<wf cmd="ignore" pos="DT">a</wf>
<wf cmd="tag" pos="JJ">new</wf>
<wf cmd="tag" pos="NNP">American</wf>
<wf cmd="tag" pos="NN">interest</wf>
<wf cmd="ignore" pos="IN">in</wf>
<wf cmd="ignore" pos="WRB">how</wf>
<wf cmd="ignore" pos="WP">what</wf>
<wf cmd="tag" pos="NNS">people</wf>
<wf cmd="done" pos="VB" lemma="eat" wnsn="1" lexsn="2:34:00::">eat</wf>
<wf cmd="done" pos="VB" lemma="affect" wnsn="1" lexsn="2:30:00::">affects</wf>
<wf cmd="ignore" pos="PRP$">their</wf>
<wf cmd="tag" pos="NN">health</wf>
<punc>.</punc>
</s>
<s snum="10">
<wf cmd="ignore" pos="TO">To</wf>
<wf cmd="done" pos="VB" lemma="eat" wnsn="1" lexsn="2:34:00::">eat</wf>
<wf cmd="done" pos="VB" lemma="be" wnsn="1" lexsn="2:42:03::">is</wf>
<wf cmd="tag" pos="JJ">human</wf>
<punc>,</punc>
<wf cmd="ignore" pos="DT">the</wf>
<wf cmd="tag" pos="NN">nation</wf>
<wf cmd="done" pos="VBZ" ot="notag">is</wf>
<wf cmd="done" pos="VB" lemma="learn" wnsn="1" lexsn="2:31:00::">learning</wf>
<wf cmd="ignore" pos="TO">to</wf>
<wf cmd="done" pos="VB" lemma="think" wnsn="3" lexsn="2:31:00::">think</wf>
<punc>,</punc>
<wf cmd="ignore" pos="TO">to</wf>
<wf cmd="done" pos="VB" lemma="survive" wnsn="1" lexsn="2:42:01::">survive</wf>
<wf cmd="tag" pos="JJ">divine</wf>
<punc>.</punc>
</s>
</p>
<p pnum="3">
<s snum="11">
<wf cmd="tag" pos="RB">Not</wf>
<wf cmd="ignore" pos="PDT">all</wf>
<wf cmd="ignore" pos="DT">the</wf>
<wf cmd="tag" pos="NN">concern</wf>
<wf cmd="ignore" pos="IN">for</wf>
<wf cmd="tag" pos="NN">health</wf>
<wf cmd="done" pos="VB" lemma="be" wnsn="1" lexsn="2:42:03::">is</wf>
<wf cmd="tag" pos="JJ">well</wf>
<wf cmd="tag" pos="JJ">directed</wf>
<punc>.</punc>
</s>
<s snum="12">
<wf cmd="ignore" pos="IN">From</wf>
<wf cmd="ignore" pos="DT">the</wf>
<wf cmd="tag" pos="JJ">fusty</wf>
<wf cmd="tag" pos="NNS">panaceas</wf>
<wf cmd="ignore" pos="IN">of</wf>
<wf cmd="tag" pos="NN">spinach</wf>
<punc>,</punc>
<wf cmd="tag" pos="NNS">eggs</wf>
<wf cmd="ignore" pos="CC">and</wf>
<wf cmd="tag" pos="NNS">prunes</wf>
<punc>,</punc>
<wf cmd="ignore" pos="DT">the</wf>
<wf cmd="tag" pos="NNP">U._S.</wf>
<wf cmd="done" pos="VBZ" ot="notag">has</wf>
<wf cmd="done" pos="VB" lemma="progress_to" wnsn="1" lexsn="2:38:00::">progressed_to</wf>
<wf cmd="tag" pos="NNS">curds</wf>
<punc>,</punc>
<wf cmd="tag" pos="NNS">concentrates</wf>
<wf cmd="ignore" pos="CC">and</wf>
<wf cmd="tag" pos="NNS">capsules</wf>
<punc>.</punc>
</s>
<s snum="13">
<wf cmd="tag" pos="RB">Each_year</wf>
<punc>,</punc>
<wf cmd="done" pos="VB" lemma="report" wnsn="2" lexsn="2:32:04::">reports</wf>
<wf cmd="ignore" pos="DT">the</wf>
<wf cmd="tag" pos="NNP">American_Medical_Association</wf>
<punc>,</punc>
<wf cmd="tag" pos="CD">ten</wf>
<wf cmd="tag" pos="CD">million</wf>
<wf cmd="tag" pos="NNPS">Americans</wf>
<wf cmd="done" pos="VB" lemma="spend" wnsn="2" lexsn="2:40:00::">spend</wf>
<punc>$</punc>
<wf cmd="tag" pos="CD">900</wf>
<wf cmd="tag" pos="CD">million</wf>
<wf cmd="ignore" pos="IN">on</wf>
<wf cmd="tag" pos="NNS">vitamins</wf>
<punc>,</punc>
<wf cmd="tag" pos="NNS">tonics</wf>
<wf cmd="ignore" pos="CC">and</wf>
<wf cmd="tag" pos="JJ">other</wf>
<wf cmd="tag" pos="NN">food</wf>
<wf cmd="tag" pos="NNS">supplements</wf>
<punc>.</punc>
</s>
<s snum="14">
<wf cmd="ignore" pos="IN">At</wf>
<wf cmd="tag" pos="NN">juice</wf>
<wf cmd="tag" pos="NNS">bars</wf>
<wf cmd="ignore" pos="IN">in</wf>
<wf cmd="tag" pos="NN">Los_Angeles</wf>
<punc>'</punc>
<wf cmd="tag" pos="CD">35</wf>
<punc>``</punc>
<wf cmd="tag" pos="NN">health</wf>
<punc>''</punc>
<wf cmd="tag" pos="NNS">stores</wf>
<punc>,</punc>
<wf cmd="ignore" pos="DT">a</wf>
<wf cmd="tag" pos="JJ">new</wf>
<wf cmd="tag" pos="NN">sensation</wf>
<wf cmd="done" pos="VB" lemma="be" wnsn="2" lexsn="2:42:06::">is</wf>
<wf cmd="ignore" pos="DT">a</wf>
<wf cmd="tag" pos="JJ">pink</wf>
<punc>,</punc>
<wf cmd="tag" pos="JJ">high-protein</wf>
<wf cmd="tag" pos="NN">cocktail</wf>
<punc>,</punc>
<wf cmd="done" pos="VB" lemma="concoct" wnsn="1" lexsn="2:35:00::">concocted</wf>
<wf cmd="ignore" pos="IN">of</wf>
<wf cmd="tag" pos="JJ">dried</wf>
<wf cmd="tag" pos="NNS">eggs</wf>
<punc>,</punc>
<wf cmd="tag" pos="NN">powdered_milk</wf>
<wf cmd="ignore" pos="CC">and</wf>
<wf cmd="tag" pos="JJ">cherry-flavored</wf>
<wf cmd="tag" pos="NNP">No-Cal</wf>
<punc>,</punc>
<wf cmd="ignore" pos="WDT">which</wf>
<wf cmd="done" pos="VB" lemma="sell" wnsn="2" lexsn="2:42:00::">sells</wf>
<wf cmd="done" pos="VB" ot="notag">for</wf>
<wf cmd="tag" pos="CD">59</wf>
<wf cmd="ignore" pos="IN">per</wf>
<wf cmd="tag" pos="CD">8</wf>
<punc>-</punc>
<wf cmd="tag" pos="NN">oz.</wf>
<wf cmd="tag" pos="NN">glass</wf>
<punc>.</punc>
</s>
<s snum="15">
<wf cmd="tag" pos="NN">Grocery_stores</wf>
<wf cmd="done" pos="VB" lemma="sell" wnsn="1" lexsn="2:40:00::">sell</wf>
<wf cmd="tag" pos="NNS">dozens</wf>
<wf cmd="ignore" pos="IN">of</wf>
<wf cmd="tag" pos="NNS">foods</wf>
<wf cmd="ignore" pos="WDT">that</wf>
<wf cmd="done" pos="VB" lemma="boast" wnsn="1" lexsn="2:32:00::">boast</wf>
<wf cmd="ignore" pos="IN">of</wf>
<wf cmd="done" pos="VB" lemma="have" wnsn="1" lexsn="2:40:00::">having</wf>
<wf cmd="tag" pos="JJ">almost_no</wf>
<wf cmd="tag" pos="NN">food</wf>
<wf cmd="tag" pos="NN">value</wf>
<wf cmd="tag" pos="RB">at_all</wf>
<punc>.</punc>
</s>
</p>
<p pnum="4">
<s snum="16">
<wf cmd="ignore" pos="CC">But</wf>
<wf cmd="ignore" pos="DT">a</wf>
<wf cmd="tag" pos="JJ">big</wf>
<wf cmd="tag" pos="NN">part</wf>
<wf cmd="ignore" pos="IN">of</wf>
<wf cmd="ignore" pos="DT">the</wf>
<wf cmd="tag" pos="JJ">public</wf>
<wf cmd="done" pos="VB" lemma="want" wnsn="1" lexsn="2:37:00::">wants</wf>
<wf cmd="done" pos="VB" ot="notag">to</wf>
<wf cmd="done" pos="VB" lemma="know" wnsn="2" lexsn="2:31:03::">know</wf>
<wf cmd="tag" pos="NNS">facts</wf>
<wf cmd="ignore" pos="IN">about</wf>
<wf cmd="tag" pos="NN">diet</wf>
<wf cmd="ignore" pos="CC">and</wf>
<wf cmd="tag" pos="NN">health</wf>
<punc>,</punc>
<wf cmd="ignore" pos="CC">and</wf>
<wf cmd="ignore" pos="DT">a</wf>
<wf cmd="tag" pos="JJ">big</wf>
<wf cmd="tag" pos="NN">group</wf>
<wf cmd="ignore" pos="IN">of</wf>
<wf cmd="tag" pos="NNP">U._S.</wf>
<wf cmd="tag" pos="NNS">scientists</wf>
<wf cmd="done" pos="VB" lemma="want" wnsn="1" lexsn="2:37:00::">wants</wf>
<wf cmd="done" pos="VB" ot="notag">to</wf>
<wf cmd="done" pos="VB" lemma="supply" wnsn="1" lexsn="2:40:00::">supply</wf>
<wf cmd="ignore" pos="PRP">them</wf>
<punc>.</punc>
</s>
<s snum="17">
<wf cmd="ignore" pos="DT">The</wf>
<wf cmd="tag" pos="NN">man</wf>
<wf cmd="tag" pos="JJS">most</wf>
<wf cmd="tag" pos="RB">firmly</wf>
<wf cmd="ignore" pos="IN">at</wf>
<wf cmd="tag" pos="NNS">grips</wf>
<wf cmd="ignore" pos="IN">with</wf>
<wf cmd="ignore" pos="DT">the</wf>
<wf cmd="tag" pos="NN">problem</wf>
<wf cmd="done" pos="VB" lemma="be" wnsn="2" lexsn="2:42:06::">is</wf>
<wf cmd="ignore" pos="DT">the</wf>
<wf cmd="tag" pos="NNP">University</wf>
<wf cmd="ignore" pos="IN">of</wf>
<wf cmd="tag" pos="NNP">Minnesota</wf>
<wf cmd="ignore" pos="POS">'s</wf>
<wf cmd="tag" pos="NNP">Physiologist_Ancel_Keys</wf>
<punc>,</punc>
<wf cmd="tag" pos="CD">57</wf>
<punc>,</punc>
<wf cmd="tag" pos="NN">inventor</wf>
<wf cmd="ignore" pos="IN">of</wf>
<wf cmd="ignore" pos="DT">the</wf>
<wf cmd="tag" pos="NN">wartime</wf>
<wf cmd="tag" pos="NNP">K</wf>
<punc>(</punc>
<wf cmd="ignore" pos="IN">for</wf>
<wf cmd="tag" pos="NNP">Keys</wf>
<punc>)</punc>
<wf cmd="tag" pos="NN">ration</wf>
<wf cmd="ignore" pos="CC">and</wf>
<wf cmd="tag" pos="NN">author</wf>
<wf cmd="ignore" pos="IN">of</wf>
<wf cmd="tag" pos="JJ">last</wf>
<wf cmd="tag" pos="NN">year</wf>
<wf cmd="ignore" pos="POS">'s</wf>
<wf cmd="tag" pos="JJ">bestselling</wf>
<wf cmd="done" pos="VB" ot="notag">Eat_Well</wf>
<wf cmd="ignore" pos="CC">and</wf>
<wf cmd="done" pos="VB" lemma="stay" wnsn="1" lexsn="2:30:00::">Stay</wf>
<wf cmd="ignore" pos="UH">Well</wf>
<punc>.</punc>
</s>
<s snum="18">
<wf cmd="ignore" pos="IN">From</wf>
<wf cmd="ignore" pos="PRP$">his</wf>
<wf cmd="tag" pos="JJ">birch-paneled</wf>
<wf cmd="tag" pos="NN">office</wf>
<wf cmd="ignore" pos="IN">in</wf>
<wf cmd="ignore" pos="DT">the</wf>
<wf cmd="tag" pos="NNP">Laboratory</wf>
<wf cmd="ignore" pos="IN">of</wf>
<wf cmd="tag" pos="NNP">Physiological_Hygiene</wf>
<punc>,</punc>
<wf cmd="ignore" pos="IN">under</wf>
<wf cmd="ignore" pos="DT">the</wf>
<wf cmd="tag" pos="NN">university</wf>
<wf cmd="ignore" pos="POS">'s</wf>
<wf cmd="tag" pos="NN">football_stadium</wf>
<wf cmd="ignore" pos="IN">in</wf>
<wf cmd="tag" pos="NNP">Minneapolis</wf>
<punc>(</punc>
<punc>``</punc>
<wf cmd="ignore" pos="PRP">We</wf>
<wf cmd="done" pos="VB" lemma="get" wnsn="4" lexsn="2:30:03::">get</wf>
<wf cmd="ignore" pos="DT">a</wf>
<wf cmd="tag" pos="NN">rumble</wf>
<wf cmd="ignore" pos="IN">on</wf>
<wf cmd="ignore" pos="DT">every</wf>
<wf cmd="tag" pos="NN">touchdown</wf>
<punc>''</punc>
<punc>)</punc>
<punc>,</punc>
<wf cmd="tag" pos="JJ">blocky</wf>
<punc>,</punc>
<wf cmd="tag" pos="JJ">grey-haired</wf>
<wf cmd="tag" pos="NNP">Dr._Keys</wf>
<wf cmd="done" pos="VB" lemma="direct" wnsn="8" lexsn="2:36:02::">directs</wf>
<wf cmd="ignore" pos="DT">an</wf>
<wf cmd="tag" pos="JJ">ambitious</wf>
<punc>,</punc>
<punc>$</punc>
<wf cmd="tag" pos="CD">200000</wf>
<punc>-</punc>
<wf cmd="tag" pos="JJ">a-year</wf>
<wf cmd="tag" pos="NN">experiment</wf>
<wf cmd="ignore" pos="IN">on</wf>
<wf cmd="tag" pos="NN">diet</wf>
<punc>,</punc>
<wf cmd="ignore" pos="WDT">which</wf>
<wf cmd="done" pos="VB" lemma="span" wnsn="1" lexsn="2:42:00::">spans</wf>
<wf cmd="tag" pos="CD">three</wf>
<wf cmd="tag" pos="NNS">continents</wf>
<wf cmd="ignore" pos="CC">and</wf>
<wf cmd="tag" pos="CD">seven</wf>
<wf cmd="tag" pos="NNS">nations</wf>
<wf cmd="ignore" pos="CC">and</wf>
<wf cmd="done" pos="VBZ" ot="notag">is</wf>
<wf cmd="tag" pos="RB">still</wf>
<wf cmd="done" pos="VB" lemma="grow" wnsn="2" lexsn="2:30:00::">growing</wf>
<punc>.</punc>
</s>
<s snum="19">
<wf cmd="done" pos="VB" lemma="pursue" wnsn="3" lexsn="2:35:00::">Pursuing</wf>
<wf cmd="ignore" pos="PRP">it</wf>
<punc>,</punc>
<wf cmd="ignore" pos="PRP">he</wf>
<wf cmd="done" pos="VBZ" ot="notag">has</wf>
<wf cmd="done" pos="VB" lemma="log" wnsn="1" lexsn="2:32:00::">logged</wf>
<wf cmd="tag" pos="CD">500000</wf>
<wf cmd="tag" pos="NNS">miles</wf>
<punc>,</punc>
<wf cmd="done" pos="VB" lemma="suffer" wnsn="8" lexsn="2:29:03::">suffered</wf>
<wf cmd="tag" pos="JJ">indescribable</wf>
<wf cmd="tag" pos="JJ">digestive</wf>
<wf cmd="tag" pos="NNS">indignities</wf>
<punc>,</punc>
<wf cmd="ignore" pos="CC">and</wf>
<wf cmd="tag" pos="RB">meticulously</wf>
<wf cmd="done" pos="VB" lemma="collect" wnsn="1" lexsn="2:40:00::">collected</wf>
<wf cmd="tag" pos="JJ">physiological</wf>
<wf cmd="tag" pos="NNS">data</wf>
<wf cmd="ignore" pos="IN">on</wf>
<wf cmd="ignore" pos="DT">the</wf>
<wf cmd="tag" pos="NN">health</wf>
<wf cmd="ignore" pos="CC">and</wf>
<wf cmd="tag" pos="NN">eating</wf>
<wf cmd="tag" pos="NNS">habits</wf>
<wf cmd="ignore" pos="IN">of</wf>
<wf cmd="tag" pos="CD">10000</wf>
<wf cmd="tag" pos="NNS">individuals</wf>
<punc>,</punc>
<wf cmd="ignore" pos="IN">from</wf>
<wf cmd="tag" pos="NNP">Bantu</wf>
<wf cmd="tag" pos="NNS">tribesmen</wf>
<wf cmd="ignore" pos="TO">to</wf>
<wf cmd="tag" pos="JJ">Italian</wf>
<wf cmd="tag" pos="NNS">contadini</wf>
<punc>.</punc>
</s>
<s snum="20">
<wf cmd="ignore" pos="PRP">He</wf>
<wf cmd="done" pos="VBZ" ot="notag">has</wf>
<wf cmd="done" pos="VB" lemma="measure" wnsn="1" lexsn="2:31:00::">measured</wf>
<wf cmd="ignore" pos="DT">the</wf>
<wf cmd="tag" pos="NNS">skinfolds</wf>
<punc>(</punc>
<wf cmd="ignore" pos="DT">the</wf>
<wf cmd="tag" pos="JJ">fleshy</wf>
<wf cmd="tag" pos="NNS">areas</wf>
<wf cmd="ignore" pos="IN">under</wf>
<wf cmd="ignore" pos="DT">the</wf>
<wf cmd="tag" pos="NN">shoulder_blades</wf>
<punc>)</punc>
<wf cmd="ignore" pos="IN">of</wf>
<wf cmd="tag" pos="NNP">Neapolitan</wf>
<wf cmd="tag" pos="NNS">firemen</wf>
<punc>,</punc>
<wf cmd="done" pos="VB" lemma="study" wnsn="1" lexsn="2:31:02::">studied</wf>
<wf cmd="ignore" pos="DT">the</wf>
<wf cmd="tag" pos="NN">metabolism</wf>
<wf cmd="ignore" pos="IN">of</wf>
<wf cmd="tag" pos="JJ">Finnish</wf>
<wf cmd="tag" pos="NNS">woodcutters</wf>
<punc>,</punc>
<wf cmd="done" pos="VB" lemma="analyze" wnsn="1" lexsn="2:31:00::">analyzed</wf>
<wf cmd="ignore" pos="DT">the</wf>
<punc>``</punc>
<wf cmd="tag" pos="NN">mealie-meal</wf>
<punc>''</punc>
<wf cmd="done" pos="VB" lemma="eat" wnsn="1" lexsn="2:34:00::">eaten</wf>
<wf cmd="ignore" pos="IN">by</wf>
<wf cmd="tag" pos="NNP">Capetown</wf>
<wf cmd="tag" pos="NNS">coloreds</wf>
<punc>,</punc>
<wf cmd="ignore" pos="CC">and</wf>
<wf cmd="done" pos="VB" lemma="experiment" wnsn="1" lexsn="2:41:01::">experimented</wf>
<wf cmd="ignore" pos="IN">on</wf>
<wf cmd="tag" pos="NNP">Minneapolis</wf>
<wf cmd="tag" pos="NNS">businessmen</wf>
<punc>.</punc>
</s>
</p>
<p pnum="5">
<s snum="21">
<wf cmd="tag" pos="NNP">Keys</wf>
<wf cmd="ignore" pos="POS">'s</wf>
<wf cmd="tag" pos="NNS">findings</wf>
<punc>,</punc>
<wf cmd="tag" pos="RB">though</wf>
<wf cmd="tag" pos="RB">far</wf>
<wf cmd="ignore" pos="IN">from</wf>
<wf cmd="tag" pos="JJ">complete</wf>
<punc>,</punc>
<wf cmd="done" pos="VB" lemma="be" wnsn="1" lexsn="2:42:03::">are</wf>
<wf cmd="tag" pos="JJ">likely</wf>
<wf cmd="ignore" pos="TO">to</wf>
<wf cmd="done" pos="VB" lemma="smash" wnsn="2" lexsn="2:30:00::">smash</wf>
<wf cmd="tag" pos="JJ">many_an</wf>
<wf cmd="tag" pos="NN">eating</wf>
<wf cmd="tag" pos="NN">cliche</wf>
<punc>.</punc>
</s>
<s snum="22">
<wf cmd="tag" pos="NNS">Vitamins</wf>
<punc>,</punc>
<wf cmd="tag" pos="NNS">eggs</wf>
<wf cmd="ignore" pos="CC">and</wf>
<wf cmd="tag" pos="NN">milk</wf>
<wf cmd="done" pos="VB" lemma="begin" wnsn="1" lexsn="2:30:00::">begin</wf>
<wf cmd="ignore" pos="TO">to</wf>
<wf cmd="done" pos="VB" lemma="look_like" wnsn="1" lexsn="2:42:00::">look_like</wf>
<wf cmd="tag" pos="NNS">foods</wf>
<wf cmd="ignore" pos="TO">to</wf>
<wf cmd="done" pos="VB" lemma="hold_down" wnsn="1" lexsn="2:40:00::">hold_down</wf>
<wf cmd="ignore" pos="IN">on</wf>
<punc>(</punc>
<wf cmd="ignore" pos="IN">though</wf>
<wf cmd="tag" pos="NNS">mothers</wf>
<punc>'</punc>
<wf cmd="tag" pos="NN">milk</wf>
<wf cmd="done" pos="VB" lemma="be" wnsn="2" lexsn="2:42:06::">is</wf>
<wf cmd="tag" pos="RB">still</wf>
<wf cmd="ignore" pos="DT">the</wf>
<wf cmd="tag" pos="NN">ticket</wf>
<punc>)</punc>
<punc>.</punc>
</s>
<s snum="23">
<wf cmd="tag" pos="NNS">Readings</wf>
<wf cmd="ignore" pos="IN">of</wf>
<wf cmd="ignore" pos="DT">the</wf>
<wf cmd="tag" pos="NN">number</wf>
<wf cmd="ignore" pos="IN">of</wf>
<wf cmd="tag" pos="NNS">milligrams</wf>
<wf cmd="ignore" pos="IN">of</wf>
<wf cmd="tag" pos="NN">cholesterol</wf>
<wf cmd="ignore" pos="IN">in</wf>
<wf cmd="ignore" pos="DT">the</wf>
<wf cmd="tag" pos="NN">blood</wf>
<punc>,</punc>
<wf cmd="ignore" pos="WDT">which</wf>
<wf cmd="done" pos="VB" lemma="seem" wnsn="1" lexsn="2:39:00::">seem</wf>
<wf cmd="ignore" pos="TO">to</wf>
<wf cmd="done" pos="VB" lemma="have" wnsn="1" lexsn="2:40:00::">have</wf>
<wf cmd="tag" pos="NN">value</wf>
<wf cmd="ignore" pos="IN">in</wf>
<wf cmd="done" pos="VB" lemma="predict" wnsn="1" lexsn="2:32:00::">predicting</wf>
<wf cmd="tag" pos="NN">heart_attacks</wf>
<punc>,</punc>
<wf cmd="done" pos="VBP" ot="notag">are</wf>
<wf cmd="done" pos="VB" lemma="become" wnsn="1" lexsn="2:30:00::">becoming</wf>
<wf cmd="tag" pos="RB">as</wf>
<wf cmd="tag" pos="JJ">routine</wf>
<wf cmd="ignore" pos="IN">as</wf>
<wf cmd="ignore" pos="DT">the</wf>
<wf cmd="tag" pos="NN">electrocardiogram</wf>
<punc>,</punc>
<wf cmd="ignore" pos="WDT">which</wf>
<wf cmd="ignore" pos="MD">can</wf>
<wf cmd="done" pos="VB" lemma="show" wnsn="3" lexsn="2:32:00::">show</wf>
<wf cmd="ignore" pos="IN">that</wf>
<wf cmd="ignore" pos="DT">the</wf>
<wf cmd="tag" pos="NN">heart</wf>
<wf cmd="done" pos="VBZ" ot="notag">has</wf>
<wf cmd="done" pos="VB" lemma="suffer" wnsn="2" lexsn="2:29:01::">suffered</wf>
<wf cmd="ignore" pos="DT">a</wf>
<wf cmd="tag" pos="JJ">symptomatic</wf>
<wf cmd="tag" pos="NN">attack</wf>
<punc>.</punc>
</s>
<s snum="24">
<wf cmd="tag" pos="RB">Already</wf>
<wf cmd="tag" pos="JJ">many_an</wf>
<wf cmd="tag" pos="NNP">American</wf>
<wf cmd="done" pos="VB" lemma="know" wnsn="1" lexsn="2:31:01::">knows</wf>
<wf cmd="ignore" pos="PRP$">his</wf>
<wf cmd="tag" pos="NN">count</wf>
<punc>,</punc>
<wf cmd="ignore" pos="CC">and</wf>
<wf cmd="done" pos="VB" lemma="rejoice" wnsn="1" lexsn="2:37:00::">rejoices</wf>
<wf cmd="ignore" pos="CC">or</wf>
<wf cmd="done" pos="VB" lemma="worry" wnsn="1" lexsn="2:37:00::">worries</wf>
<wf cmd="tag" pos="JJ">depending_on</wf>
<wf cmd="ignore" pos="IN">whether</wf>
<wf cmd="ignore" pos="PRP">it</wf>
<wf cmd="done" pos="VB" lemma="be" wnsn="1" lexsn="2:42:03::">is</wf>
<wf cmd="tag" pos="JJR">nearer</wf>
<wf cmd="tag" pos="CD">180</wf>
<punc>(</punc>
<wf cmd="tag" pos="JJ">safe</wf>
<punc>)</punc>
<wf cmd="ignore" pos="CC">or</wf>
<wf cmd="tag" pos="CD">250</wf>
<punc>(</punc>
<wf cmd="tag" pos="JJ">dangerous</wf>
<punc>)</punc>
<punc>.</punc>
</s>
</p>
<p pnum="6">
<s snum="25">
<wf cmd="ignore" pos="IN">Out</wf>
<wf cmd="ignore" pos="IN">of</wf>
<wf cmd="tag" pos="NN">cholesterol</wf>
<wf cmd="done" pos="VB" lemma="come" wnsn="3" lexsn="2:30:01::">come</wf>
<wf cmd="tag" pos="NNP">Keys</wf>
<wf cmd="ignore" pos="POS">'s</wf>
<wf cmd="tag" pos="JJ">main</wf>
<wf cmd="tag" pos="NNS">messages</wf>
<wf cmd="tag" pos="RB">so_far</wf>
<punc>:</punc>
</s>
</p>
<p pnum="7">
<s snum="26">
<wf cmd="tag" pos="NNPS">Americans</wf>
<wf cmd="done" pos="VB" lemma="eat" wnsn="1" lexsn="2:34:00::">eat</wf>
<wf cmd="tag" pos="RB">too_much</wf>
<punc>.</punc>
</s>
<s snum="27">
<wf cmd="ignore" pos="DT">The</wf>
<wf cmd="tag" pos="JJ">typical</wf>
<wf cmd="tag" pos="NNP">U._S.</wf>
<wf cmd="tag" pos="JJ">daily</wf>
<wf cmd="tag" pos="NN">menu</wf>
<punc>,</punc>
<wf cmd="done" pos="VB" lemma="say" wnsn="1" lexsn="2:32:00::">says</wf>
<wf cmd="tag" pos="NNP">Dr._Keys</wf>
<punc>,</punc>
<wf cmd="done" pos="VB" lemma="contain" wnsn="1" lexsn="2:42:00::">contains</wf>
<wf cmd="tag" pos="CD">3000</wf>
<wf cmd="tag" pos="NNS">calories</wf>
<punc>,</punc>
<wf cmd="ignore" pos="MD">should</wf>
<wf cmd="done" pos="VB" lemma="contain" wnsn="1" lexsn="2:42:00::">contain</wf>
<wf cmd="tag" pos="CD">2300</wf>
<punc>.</punc>
</s>
<s snum="28">
<wf cmd="ignore" pos="CC">And</wf>
<wf cmd="tag" pos="JJ">extra</wf>
<wf cmd="tag" pos="NN">weight</wf>
<wf cmd="done" pos="VB" lemma="increase" wnsn="2" lexsn="2:30:02::">increases</wf>
<wf cmd="ignore" pos="DT">the</wf>
<wf cmd="tag" pos="NN">risk</wf>
<wf cmd="ignore" pos="IN">of</wf>
<wf cmd="tag" pos="NN">cancer</wf>
<punc>,</punc>
<wf cmd="tag" pos="NN">diabetes</wf>
<punc>,</punc>
<wf cmd="tag" pos="NN">artery</wf>
<wf cmd="tag" pos="NN">disease</wf>
<wf cmd="ignore" pos="CC">and</wf>
<wf cmd="tag" pos="NN">heart_attack</wf>
<punc>.</punc>
</s>
</p>
<p pnum="8">
<s snum="29">
<wf cmd="tag" pos="NNPS">Americans</wf>
<wf cmd="done" pos="VB" lemma="eat" wnsn="1" lexsn="2:34:00::">eat</wf>
<wf cmd="tag" pos="RB">too_much</wf>
<wf cmd="tag" pos="JJ">fat</wf>
<punc>.</punc>
</s>
<s snum="30">
<wf cmd="ignore" pos="IN">With</wf>
<wf cmd="tag" pos="NN">meat</wf>
<punc>,</punc>
<wf cmd="tag" pos="NN">milk</wf>
<punc>,</punc>
<wf cmd="tag" pos="NN">butter</wf>
<wf cmd="ignore" pos="CC">and</wf>
<wf cmd="tag" pos="NN">ice_cream</wf>
<punc>,</punc>
<wf cmd="ignore" pos="DT">the</wf>
<wf cmd="tag" pos="JJ">calorie-heavy</wf>
<wf cmd="tag" pos="NNP">U._S.</wf>
<wf cmd="tag" pos="NN">diet</wf>
<wf cmd="done" pos="VB" lemma="be" wnsn="1" lexsn="2:42:03::">is</wf>
<wf cmd="tag" pos="CD">40</wf>
<punc>%</punc>
<wf cmd="tag" pos="JJ">fat</wf>
<punc>,</punc>
<wf cmd="ignore" pos="CC">and</wf>
<wf cmd="tag" pos="JJ">most_of</wf>
<wf cmd="tag" pos="RB">that</wf>
<wf cmd="done" pos="VB" lemma="be" wnsn="2" lexsn="2:42:06::">is</wf>
<wf cmd="tag" pos="JJ">saturated</wf>
<wf cmd="tag" pos="JJ">fat</wf>
<punc>-</punc>
<wf cmd="ignore" pos="DT">the</wf>
<wf cmd="tag" pos="JJ">insidious</wf>
<wf cmd="tag" pos="NN">kind</wf>
<punc>,</punc>
<wf cmd="done" pos="VB" lemma="say" wnsn="1" lexsn="2:32:00::">says</wf>
<wf cmd="tag" pos="NNP">Dr._Keys</wf>
<punc>,</punc>
<wf cmd="ignore" pos="IN">that</wf>
<wf cmd="done" pos="VB" lemma="increase" wnsn="1" lexsn="2:30:00::">increases</wf>
<wf cmd="tag" pos="NN">blood</wf>
<wf cmd="tag" pos="NN">cholesterol</wf>
<punc>,</punc>
<wf cmd="done" pos="VB" lemma="damage" wnsn="1" lexsn="2:30:00::">damages</wf>
<wf cmd="tag" pos="NNS">arteries</wf>
<punc>,</punc>
<wf cmd="ignore" pos="CC">and</wf>
<wf cmd="done" pos="VB" lemma="lead" wnsn="9;3" lexsn="2:41:12::;2:42:12::">leads</wf>
<wf cmd="done" pos="VB" ot="notag">to</wf>
<wf cmd="tag" pos="JJ">coronary</wf>
<wf cmd="tag" pos="NN">disease</wf>
<punc>.</punc>
</s>
</p>
<p pnum="9">
<s snum="31">
<wf cmd="ignore" pos="IN">Throughout</wf>
<wf cmd="tag" pos="JJ">much</wf>
<wf cmd="ignore" pos="IN">of</wf>
<wf cmd="ignore" pos="DT">the</wf>
<wf cmd="tag" pos="NN">world</wf>
<punc>,</punc>
<wf cmd="tag" pos="NN">food</wf>
<wf cmd="done" pos="VB" lemma="be" wnsn="1" lexsn="2:42:03::">is</wf>
<wf cmd="tag" pos="RB">still</wf>
<wf cmd="tag" pos="RB">so</wf>
<wf cmd="tag" pos="JJ">scarce</wf>
<wf cmd="ignore" pos="IN">that</wf>
<wf cmd="tag" pos="NN">half</wf>
<wf cmd="ignore" pos="IN">of</wf>
<wf cmd="ignore" pos="DT">the</wf>
<wf cmd="tag" pos="NN">earth</wf>
<wf cmd="ignore" pos="POS">'s</wf>
<wf cmd="tag" pos="NN">population</wf>
<wf cmd="done" pos="VB" lemma="have" wnsn="1" lexsn="2:40:00::">has</wf>
<wf cmd="tag" pos="NN">trouble</wf>
<wf cmd="done" pos="VB" lemma="get" wnsn="1" lexsn="2:40:00::">getting</wf>
<wf cmd="ignore" pos="DT">the</wf>
<wf cmd="tag" pos="CD">1600</wf>
<wf cmd="tag" pos="NNS">calories</wf>
<wf cmd="ignore" pos="DT">a</wf>
<wf cmd="tag" pos="NN">day</wf>
<wf cmd="tag" pos="JJ">necessary</wf>
<wf cmd="ignore" pos="TO">to</wf>
<wf cmd="done" pos="VB" lemma="sustain" wnsn="1" lexsn="2:42:01::">sustain</wf>
<wf cmd="tag" pos="NN">life</wf>
<punc>.</punc>
</s>
<s snum="32">
<wf cmd="ignore" pos="DT">The</wf>
<wf cmd="tag" pos="NN">deficiency_diseases</wf>
<punc>-</punc>
<wf cmd="tag" pos="NN">scurvy</wf>
<punc>,</punc>
<wf cmd="tag" pos="JJ">tropical</wf>
<wf cmd="tag" pos="NN">sprue</wf>
<punc>,</punc>
<wf cmd="tag" pos="NN">pellagra</wf>
<punc>-</punc>
<wf cmd="done" pos="VB" lemma="run" wnsn="18" lexsn="2:42:06::">run</wf>
<wf cmd="tag" pos="JJ">rampant</wf>
<punc>.</punc>
</s>
<s snum="33">
<wf cmd="ignore" pos="IN">In</wf>
<wf cmd="tag" pos="NNP">West_Africa</wf>
<punc>,</punc>
<wf cmd="tag" pos="RB">for_example</wf>
<punc>,</punc>
<wf cmd="ignore" pos="WRB">where</wf>
<wf cmd="tag" pos="NN">meat</wf>
<wf cmd="done" pos="VB" lemma="be" wnsn="2" lexsn="2:42:06::">is</wf>
<wf cmd="ignore" pos="DT">a</wf>
<wf cmd="tag" pos="NN">luxury</wf>
<wf cmd="ignore" pos="CC">and</wf>
<wf cmd="tag" pos="NNS">babies</wf>
<wf cmd="ignore" pos="MD">must</wf>
<wf cmd="done" pos="VB" ot="notag">be</wf>
<wf cmd="done" pos="VB" lemma="wean" wnsn="1" lexsn="2:34:00::">weaned</wf>
<wf cmd="tag" pos="JJ">early</wf>
<wf cmd="ignore" pos="TO">to</wf>
<wf cmd="done" pos="VB" lemma="make" wnsn="3" lexsn="2:36:00::">make</wf>
<wf cmd="tag" pos="NN">room</wf>
<wf cmd="ignore" pos="IN">at</wf>
<wf cmd="ignore" pos="DT">the</wf>
<wf cmd="tag" pos="NN">breast</wf>
<wf cmd="ignore" pos="IN">for</wf>
<wf cmd="tag" pos="RB">later</wf>
<wf cmd="tag" pos="NNS">arrivals</wf>
<punc>,</punc>
<wf cmd="ignore" pos="DT">a</wf>
<wf cmd="tag" pos="NN">childhood</wf>
<wf cmd="tag" pos="NN">menace</wf>
<wf cmd="done" pos="VB" lemma="be" wnsn="2" lexsn="2:42:06::">is</wf>
<wf cmd="tag" pos="NN">kwashiorkor</wf>
<punc>,</punc>
<wf cmd="ignore" pos="CC">or</wf>
<punc>``</punc>
<wf cmd="tag" pos="JJ">red</wf>
<wf cmd="tag" pos="NNP">Johnny</wf>
<punc>''</punc>
<punc>,</punc>
<wf cmd="ignore" pos="DT">a</wf>
<wf cmd="tag" pos="JJ">growth-stunting</wf>
<wf cmd="tag" pos="NN">protein</wf>
<wf cmd="tag" pos="NN">deficiency</wf>
<punc>(</punc>
<wf cmd="tag" pos="NNS">signs</wf>
<punc>:</punc>
<wf cmd="tag" pos="JJ">reddish</wf>
<wf cmd="tag" pos="NN">hair</wf>
<punc>,</punc>
<wf cmd="tag" pos="JJ">bloated</wf>
<wf cmd="tag" pos="NN">belly</wf>
<punc>)</punc>
<wf cmd="ignore" pos="IN">that</wf>
<wf cmd="done" pos="VB" lemma="kill" wnsn="1" lexsn="2:35:00::">kills</wf>
<wf cmd="tag" pos="RB">more_than</wf>
<wf cmd="tag" pos="NN">half</wf>
<wf cmd="ignore" pos="PRP$">its</wf>
<wf cmd="tag" pos="NNS">victims</wf>
<punc>,</punc>
<wf cmd="done" pos="VB" lemma="leave" wnsn="3" lexsn="2:42:02::">leaves</wf>
<wf cmd="ignore" pos="DT">the</wf>
<wf cmd="tag" pos="NN">rest</wf>
<wf cmd="tag" pos="NN">prey</wf>
<wf cmd="ignore" pos="IN">for</wf>
<wf cmd="tag" pos="NNS">parasites</wf>
<wf cmd="ignore" pos="CC">and</wf>
<wf cmd="tag" pos="JJ">lingering</wf>
<wf cmd="tag" pos="JJ">tropical</wf>
<wf cmd="tag" pos="NN">disease</wf>
<punc>.</punc>
</s>
</p>
<p pnum="10">
<s snum="34">
<wf cmd="ignore" pos="IN">In</wf>
<wf cmd="ignore" pos="DT">the</wf>
<wf cmd="tag" pos="JJ">well-fed</wf>
<wf cmd="tag" pos="NNP">U._S.</wf>
<punc>,</punc>
<wf cmd="tag" pos="NN">deficiency_diseases</wf>
<wf cmd="done" pos="VBP" ot="notag">have</wf>
<wf cmd="tag" pos="RB">virtually</wf>
<wf cmd="done" pos="VB" lemma="vanish" wnsn="1" lexsn="2:30:00::">vanished</wf>
<wf cmd="tag" pos="RB">in_the_past</wf>
<wf cmd="tag" pos="CD">20</wf>
<wf cmd="tag" pos="NNS">years</wf>
<punc>.</punc>
</s>
<s snum="35">
<wf cmd="tag" pos="NN">Today</wf>
<punc>,</punc>
<wf cmd="ignore" pos="IN">as</wf>
<wf cmd="tag" pos="NNP">Harrison</wf>
<wf cmd="ignore" pos="POS">'s</wf>
<wf cmd="tag" pos="NNS">Principles</wf>
<wf cmd="ignore" pos="IN">of</wf>
<wf cmd="tag" pos="NN">Internal_Medicine</wf>
<punc>,</punc>
<wf cmd="ignore" pos="DT">a</wf>
<wf cmd="tag" pos="JJ">standard</wf>
<wf cmd="tag" pos="NN">internist</wf>
<wf cmd="ignore" pos="POS">'s</wf>
<wf cmd="tag" pos="NN">text</wf>
<punc>,</punc>
<wf cmd="done" pos="VB" lemma="put" wnsn="3" lexsn="2:32:00::">puts</wf>
<wf cmd="ignore" pos="PRP">it</wf>
<punc>,</punc>
<punc>``</punc>
<wf cmd="tag" pos="RB">The_most</wf>
<wf cmd="tag" pos="JJ">common</wf>
<wf cmd="tag" pos="NN">form</wf>
<wf cmd="ignore" pos="IN">of</wf>
<wf cmd="tag" pos="NN">malnutrition</wf>
<wf cmd="done" pos="VB" lemma="be" wnsn="2" lexsn="2:42:06::">is</wf>
<wf cmd="tag" pos="JJ">caloric</wf>
<wf cmd="tag" pos="JJ">excess</wf>
<wf cmd="ignore" pos="CC">or</wf>
<wf cmd="tag" pos="NN">obesity</wf>
<punc>''</punc>
<punc>.</punc>
</s>
</p>
<p pnum="11">
<s snum="36">
<wf cmd="tag" pos="NNP">Puritan</wf>
<wf cmd="tag" pos="NN">New_England</wf>
<wf cmd="done" pos="VB" lemma="regard" wnsn="1" lexsn="2:31:00::">regarded</wf>
<wf cmd="tag" pos="NN">obesity</wf>
<wf cmd="ignore" pos="IN">as</wf>
<wf cmd="ignore" pos="DT">a</wf>
<wf cmd="tag" pos="JJ">flagrant</wf>
<wf cmd="tag" pos="NN">symbol</wf>
<wf cmd="ignore" pos="IN">of</wf>
<wf cmd="tag" pos="NN">intemperance</wf>
<punc>,</punc>
<wf cmd="ignore" pos="CC">and</wf>
<wf cmd="tag" pos="RB">thus</wf>
<wf cmd="ignore" pos="DT">a</wf>
<wf cmd="tag" pos="NN">sin</wf>
<punc>.</punc>
</s>
<s snum="37">
<wf cmd="done" pos="VB" lemma="say" wnsn="1" lexsn="2:32:00::">Says</wf>
<wf cmd="tag" pos="NNP">Keys</wf>
<punc>:</punc>
</s>
<s snum="38">
<punc>``</punc>
<wf cmd="tag" pos="RB">Maybe</wf>
<wf cmd="ignore" pos="IN">if</wf>
<wf cmd="ignore" pos="DT">the</wf>
<wf cmd="tag" pos="NN">idea</wf>
<wf cmd="done" pos="VB" lemma="get_around" wnsn="1" lexsn="2:32:00::">got_around</wf>
<wf cmd="tag" pos="RB">again</wf>
<wf cmd="ignore" pos="IN">that</wf>
<wf cmd="tag" pos="NN">obesity</wf>
<wf cmd="done" pos="VB" lemma="be" wnsn="1" lexsn="2:42:03::">is</wf>
<wf cmd="tag" pos="JJ">immoral</wf>
<punc>,</punc>
<wf cmd="ignore" pos="DT">the</wf>
<wf cmd="tag" pos="JJ">fat</wf>
<wf cmd="tag" pos="NN">man</wf>
<wf cmd="ignore" pos="MD">would</wf>
<wf cmd="done" pos="VB" lemma="start" wnsn="1" lexsn="2:30:00::">start</wf>
<wf cmd="ignore" pos="TO">to</wf>
<wf cmd="done" pos="VB" lemma="think" wnsn="3" lexsn="2:31:00::">think</wf>
<punc>''</punc>
<punc>.</punc>
</s>
<s snum="39">
<wf cmd="tag" pos="NNS">Morals</wf>
<wf cmd="tag" pos="RB">aside</wf>
<punc>,</punc>
<wf cmd="ignore" pos="DT">the</wf>
<wf cmd="tag" pos="JJ">fat</wf>
<wf cmd="tag" pos="NN">man</wf>
<wf cmd="done" pos="VB" lemma="have" wnsn="1" lexsn="2:40:00::">has</wf>
<wf cmd="tag" pos="NN">plenty</wf>
<wf cmd="ignore" pos="TO">to</wf>
<wf cmd="done" pos="VB" lemma="worry" wnsn="1" lexsn="2:37:00::">worry</wf>
<wf cmd="done" pos="VB" ot="notag">about</wf>
<punc>-</punc>
<wf cmd="tag" pos="RB">over</wf>
<wf cmd="ignore" pos="CC">and</wf>
<wf cmd="ignore" pos="IN">above</wf>
<wf cmd="ignore" pos="DT">the</wf>
<wf cmd="tag" pos="NN">fact</wf>
<wf cmd="ignore" pos="IN">that</wf>
<wf cmd="ignore" pos="DT">no</wf>
<wf cmd="tag" pos="NN">one</wf>
<wf cmd="tag" pos="RB">any</wf>
<wf cmd="tag" pos="RB">longer</wf>
<wf cmd="done" pos="VB" lemma="love" wnsn="1" lexsn="2:37:00::">loves</wf>
<wf cmd="ignore" pos="PRP">him</wf>
<punc>.</punc>
</s>
<s snum="40">
<wf cmd="ignore" pos="DT">The</wf>
<wf cmd="tag" pos="JJ">simple</wf>
<wf cmd="tag" pos="JJ">mechanical</wf>
<wf cmd="tag" pos="NN">strain</wf>
<wf cmd="ignore" pos="IN">of</wf>
<wf cmd="tag" pos="JJ">overweight</wf>
<punc>,</punc>
<wf cmd="done" pos="VB" lemma="say" wnsn="1" lexsn="2:32:00::">says</wf>
<wf cmd="tag" pos="NN">New_York</wf>
<wf cmd="ignore" pos="POS">'s</wf>
<wf cmd="tag" pos="NNP">Dr._Norman_Jolliffe</wf>
<punc>,</punc>
<wf cmd="ignore" pos="MD">can</wf>
<wf cmd="done" pos="VB" lemma="overburden" wnsn="1" lexsn="2:32:00::">overburden</wf>
<wf cmd="ignore" pos="CC">and</wf>
<wf cmd="done" pos="VB" lemma="damage" wnsn="1" lexsn="2:30:00::">damage</wf>
<wf cmd="ignore" pos="DT">the</wf>
<wf cmd="tag" pos="NN">heart</wf>
<punc>``</punc>
<wf cmd="ignore" pos="IN">for</wf>
<wf cmd="tag" pos="JJ">much</wf>
<wf cmd="ignore" pos="DT">the</wf>
<wf cmd="tag" pos="JJ">same</wf>
<wf cmd="tag" pos="NN">reason</wf>
<wf cmd="ignore" pos="IN">that</wf>
<wf cmd="ignore" pos="DT">a</wf>
<wf cmd="tag" pos="NNP">Chevrolet</wf>
<wf cmd="tag" pos="NN">engine</wf>
<wf cmd="ignore" pos="IN">in</wf>
<wf cmd="ignore" pos="DT">a</wf>
<wf cmd="tag" pos="NNP">Cadillac</wf>
<wf cmd="tag" pos="NN">body</wf>
<wf cmd="ignore" pos="MD">would</wf>
<wf cmd="done" pos="VB" lemma="wear_out" wnsn="2" lexsn="2:35:00::">wear_out</wf>
<wf cmd="tag" pos="RBR">sooner</wf>
<wf cmd="ignore" pos="IN">than</wf>
<wf cmd="ignore" pos="IN">if</wf>
<wf cmd="ignore" pos="PRP">it</wf>
<wf cmd="done" pos="VB" lemma="be" wnsn="3" lexsn="2:42:05::">were</wf>
<wf cmd="ignore" pos="IN">in</wf>
<wf cmd="ignore" pos="DT">a</wf>
<wf cmd="tag" pos="NN">body</wf>
<wf cmd="ignore" pos="IN">for</wf>
<wf cmd="ignore" pos="WDT">which</wf>
<wf cmd="ignore" pos="PRP">it</wf>
<wf cmd="done" pos="VB" ot="notag">was</wf>
<wf cmd="done" pos="VB" lemma="build" wnsn="1" lexsn="2:36:00::">built</wf>
<punc>''</punc>
<punc>.</punc>
</s>
<s snum="41">
<wf cmd="ignore" pos="DT">The</wf>
<wf cmd="tag" pos="JJ">fat</wf>
<wf cmd="tag" pos="NN">man</wf>
<wf cmd="done" pos="VB" lemma="have" wnsn="1" lexsn="2:40:00::">has</wf>
<wf cmd="tag" pos="NN">trouble</wf>
<wf cmd="done" pos="VB" lemma="buy" wnsn="1" lexsn="2:40:00::">buying</wf>
<wf cmd="tag" pos="NN">life_insurance</wf>
<wf cmd="ignore" pos="CC">or</wf>
<wf cmd="done" pos="VB" ot="notag">has</wf>
<wf cmd="done" pos="VB" ot="notag">to</wf>
<wf cmd="done" pos="VB" lemma="pay" wnsn="1" lexsn="2:40:00::">pay</wf>
<wf cmd="tag" pos="JJR">higher</wf>
<wf cmd="tag" pos="NNS">premiums</wf>
<punc>.</punc>
</s>
<s snum="42">
<wf cmd="ignore" pos="PRP">He</wf>
<wf cmd="done" pos="VB" lemma="have" wnsn="11" lexsn="2:30:01::">has</wf>
<punc>-</punc>
<wf cmd="ignore" pos="IN">for</wf>
<wf cmd="tag" pos="JJ">unclear</wf>
<wf cmd="tag" pos="NNS">reasons</wf>
<punc>-</punc>
<wf cmd="ignore" pos="DT">a</wf>
<wf cmd="tag" pos="CD">25</wf>
<punc>%</punc>
<wf cmd="tag" pos="JJR">higher</wf>
<wf cmd="tag" pos="NN">death_rate</wf>
<wf cmd="ignore" pos="IN">from</wf>
<wf cmd="tag" pos="NN">cancer</wf>
<punc>.</punc>
</s>
<s snum="43">
<wf cmd="ignore" pos="PRP">He</wf>
<wf cmd="done" pos="VB" lemma="be" wnsn="1" lexsn="2:42:03::">is</wf>
<wf cmd="tag" pos="RB">particularly</wf>
<wf cmd="tag" pos="JJ">vulnerable</wf>
<wf cmd="ignore" pos="TO">to</wf>
<wf cmd="tag" pos="NN">diabetes</wf>
<punc>.</punc>
</s>
<s snum="44">
<wf cmd="ignore" pos="PRP">He</wf>
<wf cmd="ignore" pos="MD">may</wf>
<wf cmd="done" pos="VB" lemma="find" wnsn="5" lexsn="2:31:10::">find</wf>
<wf cmd="tag" pos="RB">even</wf>
<wf cmd="tag" pos="JJ">moderate</wf>
<wf cmd="tag" pos="NN">physical_exertion</wf>
<wf cmd="tag" pos="JJ">uncomfortable</wf>
<punc>,</punc>
<wf cmd="ignore" pos="IN">because</wf>
<wf cmd="tag" pos="JJ">excess</wf>
<wf cmd="tag" pos="NN">body</wf>
<wf cmd="tag" pos="JJ">fat</wf>
<wf cmd="done" pos="VB" lemma="hamper" wnsn="1" lexsn="2:30:00::">hampers</wf>
<wf cmd="ignore" pos="PRP$">his</wf>
<wf cmd="tag" pos="NN">breathing</wf>
<wf cmd="ignore" pos="CC">and</wf>
<wf cmd="done" pos="VB" lemma="restrict" wnsn="1" lexsn="2:30:02::">restricts</wf>
<wf cmd="ignore" pos="PRP$">his</wf>
<wf cmd="tag" pos="JJ">muscular</wf>
<wf cmd="tag" pos="NN">movement</wf>
<punc>.</punc>
</s>
</p>
<p pnum="12">
<s snum="45">
<wf cmd="tag" pos="RB">Physiologically</wf>
<punc>,</punc>
<wf cmd="tag" pos="NNS">people</wf>
<wf cmd="done" pos="VB" lemma="overeat" wnsn="1" lexsn="2:34:00::">overeat</wf>
<wf cmd="ignore" pos="IN">because</wf>
<wf cmd="ignore" pos="WP">what</wf>
<wf cmd="tag" pos="NNP">Dr._Jolliffe</wf>
<wf cmd="done" pos="VB" lemma="call" wnsn="1" lexsn="2:32:02::">calls</wf>
<wf cmd="ignore" pos="DT">the</wf>
<punc>``</punc>
<wf cmd="tag" pos="NN">appestat</wf>
<punc>''</punc>
<wf cmd="done" pos="VBZ" ot="notag">is</wf>
<wf cmd="done" pos="VB" lemma="set" wnsn="8" lexsn="2:30:02::">set</wf>
<wf cmd="tag" pos="RB">too</wf>
<wf cmd="tag" pos="JJ">high</wf>
<punc>.</punc>
</s>
<s snum="46">
<wf cmd="ignore" pos="DT">The</wf>
<wf cmd="tag" pos="NN">appestat</wf>
<punc>,</punc>
<wf cmd="ignore" pos="WDT">which</wf>
<wf cmd="done" pos="VB" lemma="adjust" wnsn="1" lexsn="2:30:00::">adjusts</wf>
<wf cmd="ignore" pos="DT">the</wf>
<wf cmd="tag" pos="NN">appetite</wf>
<wf cmd="ignore" pos="TO">to</wf>
<wf cmd="done" pos="VB" lemma="keep" wnsn="1" lexsn="2:42:00::">keep</wf>
<wf cmd="tag" pos="NN">weight</wf>
<wf cmd="tag" pos="JJ">constant</wf>
<punc>,</punc>
<wf cmd="done" pos="VB" lemma="be" wnsn="1" lexsn="2:42:03::">is</wf>
<wf cmd="tag" pos="JJ">located</wf>
<punc>,</punc>
<wf cmd="done" pos="VB" lemma="say" wnsn="1" lexsn="2:32:00::">says</wf>
<wf cmd="tag" pos="NNP">Jolliffe</wf>
<punc>,</punc>
<wf cmd="ignore" pos="IN">in</wf>
<wf cmd="ignore" pos="DT">the</wf>
<wf cmd="tag" pos="NN">hypothalamus</wf>
<punc>-</punc>
<wf cmd="ignore" pos="IN">near</wf>
<wf cmd="ignore" pos="DT">the</wf>
<wf cmd="tag" pos="NN">body</wf>
<wf cmd="ignore" pos="POS">'s</wf>
<wf cmd="tag" pos="NN">temperature</wf>
<punc>,</punc>
<wf cmd="tag" pos="NN">sleep</wf>
<wf cmd="ignore" pos="CC">and</wf>
<wf cmd="tag" pos="NN">water-balance</wf>
<wf cmd="tag" pos="NNS">controls</wf>
<punc>.</punc>
</s>
<s snum="47">
<wf cmd="tag" pos="NNP">Physical</wf>
<wf cmd="tag" pos="NN">exercise</wf>
<wf cmd="done" pos="VB" lemma="raise" wnsn="1" lexsn="2:30:01::">raises</wf>
<wf cmd="ignore" pos="DT">the</wf>
<wf cmd="tag" pos="NN">appestat</wf>
<punc>.</punc>
</s>
<s snum="48">
<wf cmd="tag" pos="RB">So</wf>
<wf cmd="done" pos="VBZ" ot="notag">does</wf>
<wf cmd="tag" pos="NN">cold_weather</wf>
<punc>.</punc>
</s>
<s snum="49">
<wf cmd="ignore" pos="IN">In</wf>
<wf cmd="tag" pos="JJ">moderate</wf>
<wf cmd="tag" pos="NNS">doses</wf>
<punc>,</punc>
<wf cmd="tag" pos="NN">alcohol</wf>
<wf cmd="done" pos="VB" lemma="narcotize" wnsn="1" lexsn="2:29:00::">narcotizes</wf>
<wf cmd="ignore" pos="DT">the</wf>
<wf cmd="tag" pos="NN">appestat</wf>
<wf cmd="ignore" pos="CC">and</wf>
<wf cmd="done" pos="VB" lemma="enhance" wnsn="1" lexsn="2:30:00::">enhances</wf>
<wf cmd="tag" pos="NN">appetite</wf>
<punc>(</punc>
<wf cmd="ignore" pos="DT">the</wf>
<wf cmd="tag" pos="JJ">original</wf>
<wf cmd="tag" pos="NN">reason</wf>
<wf cmd="ignore" pos="IN">for</wf>
<wf cmd="ignore" pos="DT">the</wf>
<wf cmd="tag" pos="NN">cocktail</wf>
<punc>)</punc>
<punc>;</punc>
<wf cmd="ignore" pos="CC">but</wf>
<wf cmd="ignore" pos="IN">because</wf>
<wf cmd="tag" pos="NN">liquor</wf>
<wf cmd="done" pos="VB" lemma="have" wnsn="1" lexsn="2:40:00::">has</wf>
<wf cmd="ignore" pos="DT">a</wf>
<wf cmd="tag" pos="JJ">high</wf>
<wf cmd="tag" pos="JJ">caloric</wf>
<wf cmd="tag" pos="NN">value</wf>
<punc>-</punc>
<wf cmd="tag" pos="CD">100</wf>
<wf cmd="tag" pos="NNS">calories</wf>
<wf cmd="ignore" pos="IN">per</wf>
<wf cmd="tag" pos="NN">oz.</wf>
<punc>-</punc>
<wf cmd="ignore" pos="DT">the</wf>
<wf cmd="tag" pos="JJ">heavy</wf>
<wf cmd="tag" pos="NN">drinker</wf>
<wf cmd="done" pos="VB" lemma="be" wnsn="1" lexsn="2:42:03::">is</wf>
<wf cmd="tag" pos="RB">seldom</wf>
<wf cmd="tag" pos="JJ">hungry</wf>
<punc>.</punc>
</s>
<s snum="50">
<wf cmd="ignore" pos="IN">In</wf>
<wf cmd="tag" pos="JJ">rare</wf>
<wf cmd="tag" pos="NNS">cases</wf>
<punc>,</punc>
<wf cmd="tag" pos="NNS">diseases</wf>
<wf cmd="tag" pos="JJ">such_as</wf>
<wf cmd="tag" pos="NN">encephalitis</wf>
<wf cmd="ignore" pos="CC">or</wf>
<wf cmd="ignore" pos="DT">a</wf>
<wf cmd="tag" pos="JJ">pituitary</wf>
<wf cmd="tag" pos="NN">tumor</wf>
<wf cmd="ignore" pos="MD">may</wf>
<wf cmd="done" pos="VB" lemma="damage" wnsn="1" lexsn="2:30:00::">damage</wf>
<wf cmd="ignore" pos="DT">the</wf>
<wf cmd="tag" pos="NN">appestat</wf>
<wf cmd="tag" pos="RB">permanently</wf>
<punc>,</punc>
<wf cmd="done" pos="VB" lemma="destroy" wnsn="2" lexsn="2:35:00::">destroying</wf>
<wf cmd="tag" pos="RB">nearly</wf>
<wf cmd="ignore" pos="DT">all</wf>
<wf cmd="tag" pos="NN">sense</wf>
<wf cmd="ignore" pos="IN">of</wf>
<wf cmd="tag" pos="NN">satiety</wf>
<punc>.</punc>
</s>
</p>
<p pnum="13">
<s snum="51">
<wf cmd="tag" pos="NNP">Far</wf>
<wf cmd="tag" pos="RB">more_frequently</wf>
<punc>,</punc>
<wf cmd="tag" pos="NN">overeating</wf>
<wf cmd="done" pos="VB" lemma="be" wnsn="2" lexsn="2:42:06::">is</wf>
<wf cmd="done" pos="VB" ot="notag">the</wf>
<wf cmd="tag" pos="NN">result</wf>
<wf cmd="done" pos="VB" ot="notag">of</wf>
<wf cmd="ignore" pos="DT">a</wf>
<wf cmd="tag" pos="JJ">psychological</wf>
<wf cmd="tag" pos="NN">compulsion</wf>
<punc>.</punc>
</s>
<s snum="52">
<wf cmd="ignore" pos="PRP">It</wf>
<wf cmd="ignore" pos="MD">may</wf>
<wf cmd="done" pos="VB" ot="notag">be</wf>
<wf cmd="done" pos="VB" lemma="foster" wnsn="1" lexsn="2:41:00::">fostered</wf>
<wf cmd="ignore" pos="IN">by</wf>
<wf cmd="tag" pos="NN">frustration</wf>
<punc>,</punc>
<wf cmd="tag" pos="NN">depression</wf>
<punc>,</punc>
<wf cmd="tag" pos="NN">insecurity</wf>
<punc>-</punc>
<wf cmd="ignore" pos="CC">or</wf>
<punc>,</punc>
<wf cmd="ignore" pos="IN">in</wf>
<wf cmd="tag" pos="NNS">children</wf>
<punc>,</punc>
<wf cmd="tag" pos="RB">simply</wf>
<wf cmd="ignore" pos="IN">by</wf>
<wf cmd="ignore" pos="DT">the</wf>
<wf cmd="tag" pos="NN">desire</wf>
<wf cmd="ignore" pos="TO">to</wf>
<wf cmd="done" pos="VB" lemma="stop" wnsn="3" lexsn="2:41:00::">stop</wf>
<wf cmd="ignore" pos="DT">an</wf>
<wf cmd="tag" pos="JJ">anxious</wf>
<wf cmd="tag" pos="NN">mother</wf>
<wf cmd="ignore" pos="POS">'s</wf>
<wf cmd="tag" pos="JJ">nagging</wf>
<punc>.</punc>
</s>
<s snum="53">
<wf cmd="ignore" pos="DT">Some</wf>
<wf cmd="tag" pos="NNS">families</wf>
<wf cmd="done" pos="VB" lemma="place" wnsn="1" lexsn="2:35:00::">place</wf>
<wf cmd="tag" pos="JJ">undue</wf>
<wf cmd="tag" pos="NN">emphasis</wf>
<wf cmd="ignore" pos="IN">on</wf>
<wf cmd="tag" pos="NN">food</wf>
<punc>:</punc>
<wf cmd="tag" pos="NNS">conversations</wf>
<wf cmd="done" pos="VB" lemma="center_on" wnsn="1" lexsn="2:42:00::">center_on</wf>
<wf cmd="ignore" pos="PRP">it</wf>
<punc>,</punc>
<wf cmd="ignore" pos="CC">and</wf>
<wf cmd="tag" pos="JJ">rich</wf>
<wf cmd="tag" pos="NNS">delicacies</wf>
<wf cmd="done" pos="VBP" ot="notag">are</wf>
<wf cmd="done" pos="VB" lemma="offer" wnsn="2" lexsn="2:40:00::">offered</wf>
<wf cmd="ignore" pos="IN">as</wf>
<wf cmd="tag" pos="NNS">rewards</wf>
<punc>,</punc>
<wf cmd="done" pos="VB" lemma="withhold" wnsn="1" lexsn="2:40:00::">withheld</wf>
<wf cmd="ignore" pos="IN">as</wf>
<wf cmd="tag" pos="NN">punishment</wf>
<punc>.</punc>
</s>
<s snum="54">
<wf cmd="ignore" pos="DT">The</wf>
<wf cmd="tag" pos="NN">result</wf>
<wf cmd="done" pos="VB" lemma="say" wnsn="1" lexsn="2:32:00::">says</wf>
<wf cmd="tag" pos="NNP">Jolliffe</wf>
<punc>:</punc>
<punc>``</punc>
<wf cmd="ignore" pos="DT">The</wf>
<wf cmd="tag" pos="NN">child</wf>
<wf cmd="done" pos="VB" lemma="gain" wnsn="1" lexsn="2:40:03::">gains</wf>
<wf cmd="ignore" pos="DT">the</wf>
<wf cmd="tag" pos="NN">feeling</wf>
<wf cmd="ignore" pos="IN">that</wf>
<wf cmd="tag" pos="NN">food</wf>
<wf cmd="done" pos="VB" lemma="be" wnsn="2" lexsn="2:42:06::">is</wf>
<wf cmd="ignore" pos="DT">the</wf>
<wf cmd="tag" pos="NN">purpose</wf>
<wf cmd="ignore" pos="IN">of</wf>
<wf cmd="tag" pos="NN">life</wf>
<punc>''</punc>
<punc>.</punc>
</s>
<s snum="55">
<wf cmd="tag" pos="NNP">Food</wf>
<wf cmd="ignore" pos="MD">may</wf>
<wf cmd="done" pos="VB" lemma="act_as" wnsn="1" lexsn="2:42:00::">act_as</wf>
<wf cmd="ignore" pos="DT">a</wf>
<wf cmd="tag" pos="NN">sedative</wf>
<punc>,</punc>
<wf cmd="done" pos="VB" lemma="give" wnsn="2" lexsn="2:40:05::">giving</wf>
<wf cmd="tag" pos="JJ">temporary</wf>
<wf cmd="tag" pos="JJ">emotional</wf>
<wf cmd="tag" pos="NN">solace</wf>
<punc>,</punc>
<wf cmd="tag" pos="RB">just_as</wf>
<punc>,</punc>
<wf cmd="ignore" pos="IN">for</wf>
<wf cmd="ignore" pos="DT">some</wf>
<wf cmd="tag" pos="NNS">people</wf>
<punc>,</punc>
<wf cmd="tag" pos="NN">alcohol</wf>
<wf cmd="done" pos="VBZ" ot="notag">does</wf>
<punc>.</punc>
</s>
<s snum="56">
<wf cmd="done" pos="VB" lemma="report" wnsn="1" lexsn="2:32:00::">Reports</wf>
<wf cmd="tag" pos="NNP">Dr._Keys</wf>
<punc>:</punc>
<punc>``</punc>
<wf cmd="ignore" pos="DT">A</wf>
<wf cmd="tag" pos="RB">fairly</wf>
<wf cmd="tag" pos="JJ">common</wf>
<wf cmd="tag" pos="NN">experience</wf>
<wf cmd="ignore" pos="IN">for</wf>
<wf cmd="ignore" pos="PRP">us</wf>
<wf cmd="done" pos="VB" lemma="be" wnsn="2" lexsn="2:42:06::">is</wf>
<wf cmd="ignore" pos="DT">the</wf>
<wf cmd="tag" pos="NN">wife</wf>
<wf cmd="ignore" pos="WP">who</wf>
<wf cmd="done" pos="VB" lemma="find" wnsn="6" lexsn="2:39:01::">finds</wf>
<wf cmd="ignore" pos="PRP$">her</wf>
<wf cmd="tag" pos="NN">husband</wf>
<wf cmd="done" pos="VB" lemma="stay" wnsn="3" lexsn="2:42:01::">staying</wf>
<wf cmd="ignore" pos="IN">out</wf>
<wf cmd="tag" pos="RB">more_and_more</wf>
<punc>.</punc>
</s>
<s snum="57">
<wf cmd="ignore" pos="PRP">He</wf>
<wf cmd="ignore" pos="MD">may</wf>
<wf cmd="done" pos="VB" lemma="be" wnsn="1" lexsn="2:42:03::">be</wf>
<wf cmd="tag" pos="JJ">interested</wf>
<wf cmd="ignore" pos="IN">in</wf>
<wf cmd="ignore" pos="DT">another</wf>
<wf cmd="tag" pos="NN">woman</wf>
<punc>,</punc>
<wf cmd="ignore" pos="CC">or</wf>
<wf cmd="tag" pos="RB">just</wf>
<wf cmd="tag" pos="RB">like</wf>
<wf cmd="done" pos="VB" lemma="be" wnsn="3" lexsn="2:42:05::">being</wf>
<wf cmd="ignore" pos="IN">with</wf>
<wf cmd="ignore" pos="DT">the</wf>
<wf cmd="tag" pos="NNS">boys</wf>
<punc>.</punc>
</s>
<s snum="58">
<wf cmd="tag" pos="RB">So</wf>
<wf cmd="ignore" pos="PRP">she</wf>
<wf cmd="done" pos="VB" lemma="fish" wnsn="1" lexsn="2:35:00::">fishes</wf>
<wf cmd="ignore" pos="IN">around</wf>
<wf cmd="ignore" pos="IN">in</wf>
<wf cmd="ignore" pos="DT">the</wf>
<wf cmd="tag" pos="NN">cupboard</wf>
<wf cmd="ignore" pos="CC">and</wf>
<wf cmd="tag" pos="NNS">hauls</wf>
<wf cmd="ignore" pos="IN">out</wf>
<wf cmd="ignore" pos="DT">a</wf>
<wf cmd="tag" pos="NN">chocolate_cake</wf>
<punc>.</punc>
</s>
<s snum="59">
<wf cmd="ignore" pos="PRP">It</wf>
<wf cmd="done" pos="VBZ" ot="notag">'s</wf>
<wf cmd="ignore" pos="DT">a</wf>
<wf cmd="tag" pos="NN">matter</wf>
<wf cmd="ignore" pos="IN">of</wf>
<wf cmd="tag" pos="NN">boredom</wf>
<punc>,</punc>
<wf cmd="ignore" pos="CC">and</wf>
<wf cmd="ignore" pos="DT">the</wf>
<wf cmd="tag" pos="JJ">subconscious</wf>
<wf cmd="tag" pos="NN">feeling</wf>
<wf cmd="ignore" pos="IN">that</wf>
<wf cmd="ignore" pos="PRP">she</wf>
<wf cmd="done" pos="VBZ" ot="notag">is</wf>
<wf cmd="done" pos="VB" lemma="entitle" wnsn="1" lexsn="2:41:00::">entitled</wf>
<wf cmd="ignore" pos="TO">to</wf>
<wf cmd="tag" pos="NN">something</wf>
<punc>,</punc>
<wf cmd="ignore" pos="IN">because</wf>
<wf cmd="ignore" pos="PRP">she</wf>
<wf cmd="done" pos="VBZ" ot="notag">'s</wf>
<wf cmd="done" pos="VBG" ot="notag">being</wf>
<wf cmd="done" pos="VB" lemma="deprive" wnsn="1" lexsn="2:40:01::">deprived</wf>
<wf cmd="ignore" pos="IN">of</wf>
<wf cmd="tag" pos="NN">something</wf>
<wf cmd="tag" pos="RB">else</wf>
<punc>''</punc>
<punc>.</punc>
</s>
</p>
<p pnum="14">
<s snum="60">
<wf cmd="ignore" pos="IN">For</wf>
<wf cmd="ignore" pos="DT">the</wf>
<wf cmd="tag" pos="NN">army</wf>
<wf cmd="ignore" pos="IN">of</wf>
<wf cmd="tag" pos="JJ">compulsive</wf>
<wf cmd="tag" pos="NNS">eaters</wf>
<punc>-</punc>
<wf cmd="ignore" pos="IN">from</wf>
<wf cmd="ignore" pos="DT">the</wf>
<wf cmd="tag" pos="NNS">nibblers</wf>
<wf cmd="ignore" pos="CC">and</wf>
<wf cmd="ignore" pos="DT">the</wf>
<wf cmd="tag" pos="NNS">gobblers</wf>
<wf cmd="ignore" pos="TO">to</wf>
<wf cmd="ignore" pos="DT">the</wf>
<wf cmd="tag" pos="JJ">downright</wf>
<wf cmd="tag" pos="NNS">gluttons</wf>
<punc>-</punc>
<wf cmd="tag" pos="NN">reducing</wf>
<wf cmd="done" pos="VB" lemma="be" wnsn="2" lexsn="2:42:06::">is</wf>
<wf cmd="ignore" pos="DT">a</wf>
<wf cmd="tag" pos="NN">war</wf>
<wf cmd="ignore" pos="IN">with</wf>
<wf cmd="ignore" pos="DT">the</wf>
<wf cmd="ignore" pos="MD">will</wf>
<wf cmd="tag" pos="RB">that_is</wf>
<wf cmd="tag" pos="RB">rarely</wf>
<wf cmd="done" pos="VB" lemma="win" wnsn="1" lexsn="2:33:00::">won</wf>
<punc>.</punc>
</s>
<s snum="61">
<wf cmd="tag" pos="NNP">Physiologist_Keys</wf>
<wf cmd="tag" pos="RB">flatly</wf>
<wf cmd="done" pos="VB" lemma="dismiss" wnsn="1" lexsn="2:32:00::">dismisses</wf>
<wf cmd="tag" pos="JJ">such</wf>
<wf cmd="tag" pos="NN">appetite</wf>
<wf cmd="tag" pos="NNS">depressants</wf>
<wf cmd="ignore" pos="IN">as</wf>
<wf cmd="ignore" pos="DT">the</wf>
<wf cmd="tag" pos="NNS">amphetamines</wf>
<punc>(</punc>
<wf cmd="tag" pos="NNP">Benzedrine</wf>
<punc>,</punc>
<wf cmd="tag" pos="NNP">Dexedrine</wf>
<punc>)</punc>
<wf cmd="ignore" pos="IN">as</wf>
<wf cmd="tag" pos="JJ">dangerous</wf>
<punc>``</punc>
<wf cmd="tag" pos="NNS">crutches</wf>
<wf cmd="ignore" pos="IN">for</wf>
<wf cmd="ignore" pos="DT">a</wf>
<wf cmd="tag" pos="JJ">weak</wf>
<wf cmd="ignore" pos="MD">will</wf>
<punc>''</punc>
<punc>.</punc>
</s>
</p>
<p pnum="15">
<s snum="62">
<wf cmd="tag" pos="NNP">Keys</wf>
<wf cmd="done" pos="VB" lemma="have" wnsn="1" lexsn="2:40:00::">has</wf>
<wf cmd="ignore" pos="DT">no</wf>
<wf cmd="tag" pos="JJ">such</wf>
<wf cmd="tag" pos="NNS">objections</wf>
<wf cmd="ignore" pos="TO">to</wf>
<wf cmd="tag" pos="NNP">Metrecal</wf>
<punc>,</punc>
<wf cmd="tag" pos="NNP">Quaker</wf>
<wf cmd="tag" pos="NNPS">Oats</wf>
<wf cmd="ignore" pos="POS">'s</wf>
<wf cmd="tag" pos="NNP">Quota</wf>
<wf cmd="ignore" pos="CC">and</wf>
<wf cmd="tag" pos="JJ">other</wf>
<wf cmd="tag" pos="CD">900</wf>
<punc>-</punc>
<wf cmd="tag" pos="NN">calorie</wf>
<wf cmd="tag" pos="NN">milk</wf>
<wf cmd="tag" pos="NNS">formulas</wf>
<wf cmd="ignore" pos="WDT">that</wf>
<wf cmd="done" pos="VBP" ot="notag">are</wf>
<wf cmd="tag" pos="RB">currently</wf>
<wf cmd="done" pos="VB" lemma="win" wnsn="2" lexsn="2:40:00::">winning</wf>
<wf cmd="tag" pos="NN">favor</wf>
<wf cmd="ignore" pos="IN">from</wf>
<wf cmd="tag" pos="NNS">dieters</wf>
<punc>.</punc>
</s>
<s snum="63">
<punc>``</punc>
<wf cmd="tag" pos="NNP">Metrecal</wf>
<wf cmd="done" pos="VB" lemma="be" wnsn="2" lexsn="2:42:06::">is</wf>
<wf cmd="ignore" pos="DT">a</wf>
<wf cmd="tag" pos="RB">pretty</wf>
<wf cmd="tag" pos="JJ">complete</wf>
<wf cmd="tag" pos="NN">food</wf>
<punc>''</punc>
<punc>,</punc>
<wf cmd="ignore" pos="PRP">he</wf>
<wf cmd="done" pos="VB" lemma="say" wnsn="1" lexsn="2:32:00::">says</wf>
<punc>.</punc>
</s>
<s snum="64">
<punc>``</punc>
<wf cmd="ignore" pos="PRP">It</wf>
<wf cmd="done" pos="VB" lemma="contain" wnsn="1" lexsn="2:42:00::">contains</wf>
<wf cmd="tag" pos="JJ">large</wf>
<wf cmd="tag" pos="NNS">amounts</wf>
<wf cmd="ignore" pos="IN">of</wf>
<wf cmd="tag" pos="NN">protein</wf>
<punc>,</punc>
<wf cmd="tag" pos="NNS">vitamins</wf>
<wf cmd="ignore" pos="CC">and</wf>
<wf cmd="tag" pos="NNS">minerals</wf>
<punc>.</punc>
</s>
<s snum="65">
<wf cmd="ignore" pos="IN">In</wf>
<wf cmd="ignore" pos="DT">the</wf>
<wf cmd="tag" pos="NN">quantity</wf>
<wf cmd="ignore" pos="IN">of</wf>
<wf cmd="tag" pos="CD">900</wf>
<wf cmd="tag" pos="NNS">calories</wf>
<wf cmd="ignore" pos="DT">a</wf>
<wf cmd="tag" pos="NN">day</wf>
<punc>,</punc>
<wf cmd="tag" pos="NN">anyone</wf>
<wf cmd="ignore" pos="MD">will</wf>
<wf cmd="done" pos="VB" lemma="lose_weight" wnsn="1" lexsn="2:29:00::">lose_weight</wf>
<wf cmd="tag" pos="RB">on_it</wf>
<punc>-</punc>
<wf cmd="tag" pos="CD">20</wf>
<punc>,</punc>
<wf cmd="tag" pos="CD">30</wf>
<wf cmd="ignore" pos="CC">or</wf>
<wf cmd="tag" pos="CD">40</wf>
<wf cmd="tag" pos="NNS">lbs</wf>
<punc>.</punc>
<punc>''</punc>
<punc>.</punc>
</s>
<s snum="66">
<wf cmd="ignore" pos="CC">But</wf>
<wf cmd="tag" pos="NNP">Keys</wf>
<wf cmd="done" pos="VB" lemma="worry" wnsn="1" lexsn="2:37:00::">worries</wf>
<wf cmd="ignore" pos="IN">that</wf>
<wf cmd="ignore" pos="DT">the</wf>
<wf cmd="tag" pos="NNP">Metrecal</wf>
<wf cmd="tag" pos="NN">drinker</wf>
<wf cmd="ignore" pos="MD">will</wf>
<wf cmd="tag" pos="RB">never</wf>
<wf cmd="done" pos="VB" lemma="make" wnsn="1" lexsn="2:41:00::">make</wf>
<wf cmd="ignore" pos="DT">either</wf>
<wf cmd="ignore" pos="DT">the</wf>
<wf cmd="tag" pos="JJ">psychological</wf>
<wf cmd="ignore" pos="CC">or</wf>
<wf cmd="tag" pos="JJ">physiological</wf>
<wf cmd="tag" pos="NN">adjustment</wf>
<wf cmd="ignore" pos="TO">to</wf>
<wf cmd="ignore" pos="DT">the</wf>
<wf cmd="tag" pos="NN">idea</wf>
<wf cmd="ignore" pos="IN">of</wf>
<wf cmd="done" pos="VB" lemma="eat" wnsn="1" lexsn="2:34:00::">eating</wf>
<wf cmd="tag" pos="JJR">smaller</wf>
<wf cmd="tag" pos="NNS">portions</wf>
<wf cmd="ignore" pos="IN">of</wf>
<wf cmd="tag" pos="NN">food</wf>
<punc>.</punc>
</s>
</p>
<p pnum="16">
<s snum="67">
<wf cmd="ignore" pos="IN">Despite</wf>
<wf cmd="ignore" pos="PRP$">his</wf>
<wf cmd="tag" pos="JJ">personal</wf>
<wf cmd="tag" pos="NN">distaste</wf>
<wf cmd="ignore" pos="IN">for</wf>
<wf cmd="tag" pos="NN">obesity</wf>
<punc>(</punc>
<punc>``</punc>
<wf cmd="tag" pos="JJ">disgusting</wf>
<punc>''</punc>
<punc>)</punc>
<punc>,</punc>
<wf cmd="tag" pos="NNP">Dr._Keys</wf>
<wf cmd="done" pos="VB" lemma="have" wnsn="3" lexsn="2:39:06::">has</wf>
<wf cmd="tag" pos="RB">only</wf>
<wf cmd="ignore" pos="DT">an</wf>
<wf cmd="tag" pos="JJ">incidental</wf>
<wf cmd="tag" pos="NN">interest</wf>
<wf cmd="ignore" pos="IN">in</wf>
<wf cmd="ignore" pos="WRB">how</wf>
<wf cmd="tag" pos="JJ">much</wf>
<wf cmd="tag" pos="NNPS">Americans</wf>
<wf cmd="done" pos="VB" lemma="eat" wnsn="1" lexsn="2:34:00::">eat</wf>
<punc>.</punc>
</s>
<s snum="68">
<wf cmd="ignore" pos="WP">What</wf>
<wf cmd="done" pos="VB" lemma="concern" wnsn="2" lexsn="2:42:01::">concerns</wf>
<wf cmd="ignore" pos="PRP">him</wf>
<wf cmd="tag" pos="RB">much</wf>
<wf cmd="tag" pos="JJR">more</wf>
<wf cmd="done" pos="VB" lemma="be" wnsn="2" lexsn="2:42:06::">is</wf>
<wf cmd="ignore" pos="DT">the</wf>
<wf cmd="tag" pos="NN">relationship</wf>
<wf cmd="ignore" pos="IN">of</wf>
<wf cmd="tag" pos="NN">diet</wf>
<wf cmd="ignore" pos="TO">to</wf>
<wf cmd="ignore" pos="DT">the</wf>
<wf cmd="tag" pos="NN">nation</wf>
<wf cmd="ignore" pos="POS">'s</wf>
<wf cmd="tag" pos="NN">No.</wf>
<wf cmd="tag" pos="CD">1</wf>
<wf cmd="tag" pos="NN">killer</wf>
<punc>:</punc>
<wf cmd="tag" pos="NN">coronary_artery</wf>
<wf cmd="tag" pos="NN">disease</wf>
<punc>,</punc>
<wf cmd="ignore" pos="WDT">which</wf>
<wf cmd="done" pos="VB" lemma="account_for" wnsn="1" lexsn="2:42:00::">accounts_for</wf>
<wf cmd="tag" pos="RB">more_than</wf>
<wf cmd="tag" pos="NN">half</wf>
<wf cmd="ignore" pos="IN">of</wf>
<wf cmd="ignore" pos="DT">all</wf>
<wf cmd="tag" pos="NN">heart</wf>
<wf cmd="tag" pos="NNS">fatalities</wf>
<wf cmd="ignore" pos="CC">and</wf>
<wf cmd="done" pos="VB" lemma="kill" wnsn="1" lexsn="2:35:00::">kills</wf>
<wf cmd="tag" pos="CD">500000</wf>
<wf cmd="tag" pos="NNPS">Americans</wf>
<wf cmd="ignore" pos="DT">a</wf>
<wf cmd="tag" pos="NN">year</wf>
<punc>-</punc>
<wf cmd="tag" pos="RB">twice</wf>
<wf cmd="ignore" pos="DT">the</wf>
<wf cmd="tag" pos="NN">toll</wf>
<wf cmd="ignore" pos="IN">from</wf>
<wf cmd="ignore" pos="DT">all</wf>
<wf cmd="tag" pos="NNS">varieties</wf>
<wf cmd="ignore" pos="IN">of</wf>
<wf cmd="tag" pos="NN">cancer</wf>
<punc>,</punc>
<wf cmd="tag" pos="CD">five</wf>
<wf cmd="tag" pos="NNS">times</wf>
<wf cmd="ignore" pos="DT">the</wf>
<wf cmd="tag" pos="NNS">deaths</wf>
<wf cmd="ignore" pos="IN">from</wf>
<wf cmd="tag" pos="NN">automobile</wf>
<wf cmd="tag" pos="NNS">accidents</wf>
<punc>.</punc>
</s>
</p>
<p pnum="17">
<s snum="69">
<wf cmd="tag" pos="NN">Cholesterol</wf>
<punc>,</punc>
<wf cmd="ignore" pos="DT">the</wf>
<wf cmd="tag" pos="NN">cornerstone</wf>
<wf cmd="ignore" pos="IN">of</wf>
<wf cmd="tag" pos="NNP">Dr._Keys</wf>
<wf cmd="ignore" pos="POS">'s</wf>
<wf cmd="tag" pos="NN">theory</wf>
<punc>,</punc>
<wf cmd="done" pos="VB" lemma="be" wnsn="2" lexsn="2:42:06::">is</wf>
<wf cmd="ignore" pos="DT">a</wf>
<wf cmd="tag" pos="JJ">mysterious</wf>
<wf cmd="tag" pos="JJ">yellowish</wf>
<punc>,</punc>
<wf cmd="tag" pos="JJ">waxy</wf>
<wf cmd="tag" pos="NN">substance</wf>
<punc>,</punc>
<wf cmd="tag" pos="RB">chemically</wf>
<wf cmd="ignore" pos="DT">a</wf>
<wf cmd="tag" pos="JJ">crystalline</wf>
<wf cmd="tag" pos="NN">alcohol</wf>
<punc>.</punc>
</s>
<s snum="70">
<wf cmd="tag" pos="NNS">Scientists</wf>
<wf cmd="done" pos="VB" lemma="assume" wnsn="1" lexsn="2:31:00::">assume</wf>
<wf cmd="ignore" pos="IN">that</wf>
<wf cmd="tag" pos="NN">cholesterol</wf>
<punc>(</punc>
<wf cmd="ignore" pos="IN">from</wf>
<wf cmd="ignore" pos="DT">the</wf>
<wf cmd="tag" pos="NNP">Greek</wf>
<wf cmd="tag" pos="NN">chole</wf>
<punc>,</punc>
<wf cmd="tag" pos="NN">meaning</wf>
<wf cmd="tag" pos="NN">bile</wf>
<punc>,</punc>
<wf cmd="ignore" pos="CC">and</wf>
<wf cmd="tag" pos="NNS">sterios</wf>
<punc>,</punc>
<wf cmd="tag" pos="NN">meaning</wf>
<wf cmd="tag" pos="JJ">solid</wf>
<punc>)</punc>
<wf cmd="done" pos="VB" lemma="be" wnsn="1" lexsn="2:42:03::">is</wf>
<wf cmd="tag" pos="RB">somehow</wf>
<wf cmd="tag" pos="JJ">necessary</wf>
<wf cmd="ignore" pos="IN">for</wf>
<wf cmd="ignore" pos="DT">the</wf>
<wf cmd="tag" pos="NN">formation</wf>
<wf cmd="ignore" pos="IN">of</wf>
<wf cmd="tag" pos="NN">brain_cells</wf>
<punc>,</punc>
<wf cmd="ignore" pos="IN">since</wf>
<wf cmd="ignore" pos="PRP">it</wf>
<wf cmd="done" pos="VB" lemma="account_for" wnsn="0" lexsn="2:42:01::">accounts_for</wf>
<wf cmd="ignore" pos="IN">about</wf>
<wf cmd="tag" pos="CD">2</wf>
<punc>%</punc>
<wf cmd="ignore" pos="IN">of</wf>
<wf cmd="ignore" pos="DT">the</wf>
<wf cmd="tag" pos="NN">brain</wf>
<wf cmd="ignore" pos="POS">'s</wf>
<wf cmd="tag" pos="JJ">total</wf>
<wf cmd="tag" pos="JJ">solid</wf>
<wf cmd="tag" pos="NN">weight</wf>
<punc>.</punc>
</s>
<s snum="71">
<wf cmd="ignore" pos="PRP">They</wf>
<wf cmd="done" pos="VB" lemma="know" wnsn="1" lexsn="2:31:01::">know</wf>
<wf cmd="ignore" pos="PRP">it</wf>
<wf cmd="done" pos="VB" lemma="be" wnsn="2" lexsn="2:42:06::">is</wf>
<wf cmd="ignore" pos="DT">the</wf>
<wf cmd="tag" pos="JJ">chief</wf>
<wf cmd="tag" pos="NN">ingredient</wf>
<wf cmd="ignore" pos="IN">in</wf>
<wf cmd="tag" pos="NNS">gallstones</wf>
<punc>.</punc>
</s>
<s snum="72">
<wf cmd="ignore" pos="PRP">They</wf>
<wf cmd="done" pos="VB" lemma="suspect" wnsn="0" lexsn="2:31:02::">suspect</wf>
<wf cmd="ignore" pos="PRP">it</wf>
<wf cmd="done" pos="VB" lemma="play" wnsn="2" lexsn="2:41:12::">plays</wf>
<wf cmd="done" pos="VB" ot="notag">a</wf>
<wf cmd="tag" pos="NN">role</wf>
<wf cmd="ignore" pos="IN">in</wf>
<wf cmd="ignore" pos="DT">the</wf>
<wf cmd="tag" pos="NN">production</wf>
<wf cmd="ignore" pos="IN">of</wf>
<wf cmd="tag" pos="JJ">adrenal</wf>
<wf cmd="tag" pos="NNS">hormones</wf>
<punc>,</punc>
<wf cmd="ignore" pos="CC">and</wf>
<wf cmd="ignore" pos="PRP">they</wf>
<wf cmd="done" pos="VB" lemma="believe" wnsn="3" lexsn="2:31:03::">believe</wf>
<wf cmd="ignore" pos="PRP">it</wf>
<wf cmd="done" pos="VB" lemma="be" wnsn="1" lexsn="2:42:03::">is</wf>
<wf cmd="tag" pos="JJ">essential</wf>
<wf cmd="ignore" pos="TO">to</wf>
<wf cmd="ignore" pos="DT">the</wf>
<wf cmd="tag" pos="NN">transport</wf>
<wf cmd="ignore" pos="IN">of</wf>
<wf cmd="tag" pos="NNS">fats</wf>
<wf cmd="ignore" pos="IN">throughout</wf>
<wf cmd="ignore" pos="DT">the</wf>
<wf cmd="tag" pos="NN">circulatory_system</wf>
<punc>.</punc>
</s>
<s snum="73">
<wf cmd="ignore" pos="CC">But</wf>
<wf cmd="ignore" pos="PRP">they</wf>
<wf cmd="ignore" pos="MD">cannot</wf>
<wf cmd="tag" pos="RB">fully</wf>
<wf cmd="done" pos="VB" lemma="explain" wnsn="1" lexsn="2:32:00::">explain</wf>
<wf cmd="ignore" pos="DT">the</wf>
<wf cmd="tag" pos="NN">process</wf>
<wf cmd="ignore" pos="IN">of</wf>
<wf cmd="ignore" pos="PRP$">its</wf>
<wf cmd="tag" pos="NN">manufacture</wf>
<wf cmd="ignore" pos="IN">by</wf>
<wf cmd="ignore" pos="DT">the</wf>
<wf cmd="tag" pos="JJ">human</wf>
<wf cmd="tag" pos="NN">liver</wf>
<punc>.</punc>
</s>
<s snum="74">
<wf cmd="ignore" pos="IN">Although</wf>
<wf cmd="ignore" pos="DT">the</wf>
<wf cmd="tag" pos="JJ">fatty</wf>
<wf cmd="tag" pos="NN">protein_molecules</wf>
<punc>,</punc>
<wf cmd="done" pos="VB" lemma="carry" wnsn="1" lexsn="2:35:02::">carried</wf>
<wf cmd="ignore" pos="IN">in</wf>
<wf cmd="ignore" pos="DT">the</wf>
<wf cmd="tag" pos="NN">blood</wf>
<wf cmd="ignore" pos="CC">and</wf>
<wf cmd="tag" pos="RB">partly</wf>
<wf cmd="done" pos="VB" lemma="compose" wnsn="1" lexsn="2:42:00::">composed</wf>
<wf cmd="ignore" pos="IN">of</wf>
<wf cmd="tag" pos="NN">cholesterol</wf>
<punc>,</punc>
<wf cmd="done" pos="VB" lemma="be" wnsn="1" lexsn="2:42:03::">are</wf>
<wf cmd="tag" pos="NN">water</wf>
<wf cmd="tag" pos="JJ">soluble</wf>
<punc>,</punc>
<wf cmd="tag" pos="NN">cholesterol</wf>
<wf cmd="ignore" pos="PRP">itself</wf>
<wf cmd="done" pos="VB" lemma="be" wnsn="1" lexsn="2:42:03::">is</wf>
<wf cmd="tag" pos="JJ">insoluble</wf>
<punc>,</punc>
<wf cmd="ignore" pos="CC">and</wf>
<wf cmd="ignore" pos="MD">cannot</wf>
<wf cmd="done" pos="VB" ot="notag">be</wf>
<wf cmd="done" pos="VB" lemma="destroy" wnsn="1" lexsn="2:36:00::">destroyed</wf>
<wf cmd="ignore" pos="IN">by</wf>
<wf cmd="ignore" pos="DT">the</wf>
<wf cmd="tag" pos="NN">body</wf>
<punc>.</punc>
</s>
<s snum="75">
<punc>``</punc>
<wf cmd="ignore" pos="DT">A</wf>
<wf cmd="tag" pos="JJ">remarkable</wf>
<wf cmd="tag" pos="NN">substance</wf>
<punc>''</punc>
<punc>,</punc>
<wf cmd="done" pos="VB" lemma="say" wnsn="1" lexsn="2:32:00::">says</wf>
<wf cmd="tag" pos="NNP">Dr._Keys</wf>
<punc>,</punc>
<punc>``</punc>
<wf cmd="tag" pos="RB">quite</wf>
<wf cmd="tag" pos="RB">apart</wf>
<wf cmd="ignore" pos="IN">from</wf>
<wf cmd="ignore" pos="PRP$">its</wf>
<wf cmd="tag" pos="NN">tendency</wf>
<wf cmd="ignore" pos="TO">to</wf>
<wf cmd="done" pos="VB" ot="notag">be</wf>
<wf cmd="done" pos="VB" lemma="deposit" wnsn="1" lexsn="2:35:00::">deposited</wf>
<wf cmd="ignore" pos="IN">in</wf>
<wf cmd="ignore" pos="DT">the</wf>
<wf cmd="tag" pos="NNS">walls</wf>
<wf cmd="ignore" pos="IN">of</wf>
<wf cmd="tag" pos="NNS">arteries</wf>
<punc>''</punc>
<punc>.</punc>
</s>
</p>
<p pnum="18">
<s snum="76">
<wf cmd="ignore" pos="WRB">When</wf>
<wf cmd="tag" pos="RB">thus</wf>
<wf cmd="done" pos="VB" lemma="deposit" wnsn="1" lexsn="2:35:00::">deposited</wf>
<punc>,</punc>
<wf cmd="tag" pos="NNP">Keys</wf>
<wf cmd="done" pos="VB" lemma="say" wnsn="1" lexsn="2:32:00::">says</wf>
<wf cmd="ignore" pos="IN">that</wf>
<wf cmd="tag" pos="NN">cholesterol</wf>
<wf cmd="done" pos="VB" lemma="be" wnsn="1" lexsn="2:42:03::">is</wf>
<wf cmd="tag" pos="RB">mainly</wf>
<wf cmd="tag" pos="JJ">responsible_for</wf>
<wf cmd="ignore" pos="DT">the</wf>
<wf cmd="tag" pos="JJ">arterial</wf>
<wf cmd="tag" pos="NNS">blockages</wf>
<wf cmd="ignore" pos="WDT">that</wf>
<wf cmd="done" pos="VB" lemma="culminate" wnsn="1" lexsn="2:30:00::">culminate</wf>
<wf cmd="ignore" pos="IN">in</wf>
<wf cmd="tag" pos="NN">heart_attacks</wf>
<punc>.</punc>
</s>
<s snum="77">
<wf cmd="done" pos="VB" lemma="explain" wnsn="1" lexsn="2:32:00::">Explains</wf>
<wf cmd="tag" pos="NNP">Keys</wf>
<punc>:</punc>
<wf cmd="ignore" pos="IN">As</wf>
<wf cmd="ignore" pos="DT">the</wf>
<wf cmd="tag" pos="JJ">fatty</wf>
<wf cmd="tag" pos="NN">protein_molecules</wf>
<wf cmd="done" pos="VB" lemma="travel" wnsn="1" lexsn="2:38:00::">travel</wf>
<wf cmd="ignore" pos="IN">in</wf>
<wf cmd="ignore" pos="DT">the</wf>
<wf cmd="tag" pos="NN">bloodstream</wf>
<punc>,</punc>
<wf cmd="ignore" pos="PRP">they</wf>
<wf cmd="done" pos="VBP" ot="notag">are</wf>
<wf cmd="done" pos="VB" lemma="deposit" wnsn="1" lexsn="2:35:00::">deposited</wf>
<wf cmd="ignore" pos="IN">in</wf>
<wf cmd="ignore" pos="DT">the</wf>
<wf cmd="tag" pos="NN">intima</wf>
<punc>,</punc>
<wf cmd="ignore" pos="CC">or</wf>
<wf cmd="tag" pos="JJ">inner</wf>
<wf cmd="tag" pos="NN">wall</wf>
<wf cmd="ignore" pos="IN">of</wf>
<wf cmd="ignore" pos="DT">a</wf>
<wf cmd="tag" pos="NN">coronary_artery</wf>
<punc>.</punc>
</s>
<s snum="78">
<wf cmd="ignore" pos="DT">The</wf>
<wf cmd="tag" pos="NNS">proteins</wf>
<wf cmd="ignore" pos="CC">and</wf>
<wf cmd="tag" pos="NNS">fats</wf>
<wf cmd="done" pos="VBP" ot="notag">are</wf>
<wf cmd="done" pos="VB" lemma="burn_off" wnsn="1" lexsn="2:34:00::">burned_off</wf>
<punc>,</punc>
<wf cmd="ignore" pos="CC">and</wf>
<wf cmd="ignore" pos="DT">the</wf>
<wf cmd="tag" pos="NN">cholesterol</wf>
<wf cmd="done" pos="VB" ot="notag">is</wf>
<wf cmd="done" pos="VB" lemma="leave" wnsn="2" lexsn="2:31:05::">left</wf>
<wf cmd="tag" pos="RB">behind</wf>
<punc>.</punc>
</s>
<s snum="79">
<wf cmd="ignore" pos="IN">As</wf>
<wf cmd="tag" pos="NN">cholesterol</wf>
<wf cmd="done" pos="VB" lemma="pile_up" wnsn="1" lexsn="2:30:00::">piles_up</wf>
<punc>,</punc>
<wf cmd="ignore" pos="PRP">it</wf>
<wf cmd="done" pos="VB" lemma="narrow" wnsn="4" lexsn="2:30:01::">narrows</wf>
<punc>,</punc>
<wf cmd="done" pos="VB" lemma="irritate" wnsn="2" lexsn="2:29:00::">irritates</wf>
<wf cmd="ignore" pos="CC">and</wf>
<wf cmd="done" pos="VB" lemma="damage" wnsn="1" lexsn="2:30:00::">damages</wf>
<wf cmd="ignore" pos="DT">the</wf>
<wf cmd="tag" pos="NN">artery</wf>
<punc>,</punc>
<wf cmd="done" pos="VB" lemma="encourage" wnsn="1" lexsn="2:41:00::">encouraging</wf>
<wf cmd="tag" pos="NN">formation</wf>
<wf cmd="ignore" pos="IN">of</wf>
<wf cmd="tag" pos="NN">calcium</wf>
<wf cmd="tag" pos="NNS">deposits</wf>
<wf cmd="ignore" pos="CC">and</wf>
<wf cmd="done" pos="VB" lemma="slow" wnsn="1" lexsn="2:30:00::">slowing</wf>
<wf cmd="tag" pos="NN">circulation</wf>
<punc>.</punc>
</s>
<s snum="80">
<wf cmd="tag" pos="RB">Eventually</wf>
<punc>,</punc>
<wf cmd="done" pos="VB" lemma="say" wnsn="1" lexsn="2:32:00::">says</wf>
<wf cmd="tag" pos="NNP">Keys</wf>
<punc>,</punc>
<wf cmd="tag" pos="CD">one</wf>
<wf cmd="ignore" pos="IN">of</wf>
<wf cmd="tag" pos="CD">two</wf>
<wf cmd="tag" pos="NNS">things</wf>
<wf cmd="done" pos="VB" lemma="happen" wnsn="1" lexsn="2:30:00::">happens</wf>
<punc>.</punc>
</s>
<s snum="81">
<wf cmd="ignore" pos="DT">A</wf>
<wf cmd="tag" pos="NN">clot</wf>
<wf cmd="done" pos="VB" lemma="form" wnsn="3" lexsn="2:42:02::">forms</wf>
<wf cmd="ignore" pos="IN">at</wf>
<wf cmd="ignore" pos="DT">the</wf>
<wf cmd="tag" pos="NN">site</wf>
<punc>,</punc>
<wf cmd="done" pos="VB" lemma="seal_off" wnsn="2" lexsn="2:33:00::">seals_off</wf>
<wf cmd="ignore" pos="DT">the</wf>
<wf cmd="tag" pos="NN">flow</wf>
<wf cmd="ignore" pos="IN">of</wf>
<wf cmd="tag" pos="NN">blood</wf>
<wf cmd="ignore" pos="TO">to</wf>
<wf cmd="ignore" pos="DT">the</wf>
<wf cmd="tag" pos="NN">heart</wf>
<wf cmd="ignore" pos="CC">and</wf>
<wf cmd="done" pos="VB" lemma="provoke" wnsn="3" lexsn="2:32:00::">provokes</wf>
<wf cmd="ignore" pos="DT">a</wf>
<wf cmd="tag" pos="NN">heart_attack</wf>
<punc>.</punc>
</s>
<s snum="82">
<wf cmd="ignore" pos="CC">Or</wf>
<punc>(</punc>
<wf cmd="tag" pos="RBR">more</wf>
<wf cmd="tag" pos="RB">commonly</wf>
<punc>,</punc>
<wf cmd="done" pos="VB" lemma="think" wnsn="2" lexsn="2:31:03::">thinks</wf>
<wf cmd="tag" pos="NNP">Keys</wf>
<punc>)</punc>
<wf cmd="ignore" pos="DT">the</wf>
<wf cmd="tag" pos="NNS">deposits</wf>
<wf cmd="ignore" pos="PRP">themselves</wf>
<wf cmd="done" pos="VB" lemma="get" wnsn="2" lexsn="2:30:00::">get</wf>
<wf cmd="tag" pos="RB">so</wf>
<wf cmd="tag" pos="JJ">big</wf>
<wf cmd="ignore" pos="IN">that</wf>
<wf cmd="ignore" pos="PRP">they</wf>
<wf cmd="done" pos="VB" lemma="choke_off" wnsn="2" lexsn="2:35:00::">choke_off</wf>
<wf cmd="ignore" pos="DT">the</wf>
<wf cmd="tag" pos="NN">artery</wf>
<wf cmd="ignore" pos="POS">'s</wf>
<wf cmd="tag" pos="NN">flow</wf>
<wf cmd="tag" pos="JJ">to_the_point</wf>
<wf cmd="ignore" pos="IN">that</wf>
<wf cmd="ignore" pos="DT">an</wf>
<wf cmd="tag" pos="NN">infarct</wf>
<wf cmd="done" pos="VB" lemma="occur" wnsn="1" lexsn="2:30:00::">occurs</wf>
<punc>:</punc>
<wf cmd="ignore" pos="DT">the</wf>
<wf cmd="tag" pos="NN">heart_muscle</wf>
<wf cmd="done" pos="VBZ" ot="notag">is</wf>
<wf cmd="done" pos="VB" lemma="suffocate" wnsn="1" lexsn="2:35:00::">suffocated</wf>
<punc>,</punc>
<wf cmd="tag" pos="NNS">cells</wf>
<wf cmd="done" pos="VB" lemma="supply" wnsn="1" lexsn="2:40:00::">supplied</wf>
<wf cmd="ignore" pos="IN">by</wf>
<wf cmd="ignore" pos="DT">the</wf>
<wf cmd="tag" pos="NN">artery</wf>
<wf cmd="done" pos="VB" lemma="die" wnsn="1" lexsn="2:30:00::">die</wf>
<punc>,</punc>
<wf cmd="ignore" pos="CC">and</wf>
<wf cmd="ignore" pos="DT">the</wf>
<wf cmd="tag" pos="NN">heart</wf>
<wf cmd="done" pos="VBZ" ot="notag">is</wf>
<wf cmd="tag" pos="RB">permanently</wf>
<punc>,</punc>
<wf cmd="tag" pos="RB">perhaps</wf>
<wf cmd="tag" pos="RB">fatally</wf>
<wf cmd="done" pos="VB" lemma="injure" wnsn="1" lexsn="2:29:00::">injured</wf>
<punc>.</punc>
</s>
</p>
<p pnum="19">
<s snum="83">
<wf cmd="tag" pos="RB">Ordinarily</wf>
<punc>,</punc>
<wf cmd="ignore" pos="DT">the</wf>
<wf cmd="tag" pos="JJ">human</wf>
<wf cmd="tag" pos="NN">liver</wf>
<wf cmd="done" pos="VB" lemma="synthesize" wnsn="1" lexsn="2:31:00::">synthesizes</wf>
<wf cmd="tag" pos="RB">only</wf>
<wf cmd="tag" pos="RB">enough</wf>
<wf cmd="tag" pos="NN">cholesterol</wf>
<wf cmd="ignore" pos="TO">to</wf>
<wf cmd="done" pos="VB" lemma="satisfy" wnsn="3" lexsn="2:34:01::">satisfy</wf>
<wf cmd="ignore" pos="DT">the</wf>
<wf cmd="tag" pos="NN">body</wf>
<wf cmd="ignore" pos="POS">'s</wf>
<wf cmd="tag" pos="NN">needs</wf>
<punc>-</punc>
<wf cmd="ignore" pos="IN">for</wf>
<wf cmd="tag" pos="NN">transportation</wf>
<wf cmd="ignore" pos="IN">of</wf>
<wf cmd="tag" pos="NNS">fats</wf>
<wf cmd="ignore" pos="CC">and</wf>
<wf cmd="ignore" pos="IN">for</wf>
<wf cmd="tag" pos="NN">production</wf>
<wf cmd="ignore" pos="IN">of</wf>
<wf cmd="tag" pos="NN">bile</wf>
<punc>.</punc>
</s>
<s snum="84">
<wf cmd="tag" pos="RB">Even</wf>
<wf cmd="tag" pos="NNS">eggs</wf>
<wf cmd="ignore" pos="CC">and</wf>
<wf cmd="tag" pos="JJ">other</wf>
<wf cmd="tag" pos="JJ">cholesterol-rich</wf>
<wf cmd="tag" pos="NNS">foods</wf>
<punc>,</punc>
<wf cmd="done" pos="VB" lemma="eat" wnsn="1" lexsn="2:34:00::">eaten</wf>
<wf cmd="done" pos="VB" ot="notag">in</wf>
<wf cmd="tag" pos="JJ">normal</wf>
<wf cmd="tag" pos="NNS">amounts</wf>
<punc>,</punc>
<wf cmd="done" pos="VB" lemma="say" wnsn="1" lexsn="2:32:00::">says</wf>
<wf cmd="tag" pos="NNP">Dr._Keys</wf>
<punc>,</punc>
<wf cmd="done" pos="VBP" ot="notag">do</wf>
<wf cmd="tag" pos="RB">not</wf>
<wf cmd="tag" pos="RB">materially</wf>
<wf cmd="done" pos="VB" lemma="affect" wnsn="1" lexsn="2:30:00::">affect</wf>
<wf cmd="ignore" pos="DT">the</wf>
<wf cmd="tag" pos="NN">amount</wf>
<wf cmd="ignore" pos="IN">of</wf>
<wf cmd="tag" pos="NN">cholesterol</wf>
<wf cmd="ignore" pos="IN">in</wf>
<wf cmd="ignore" pos="DT">the</wf>
<wf cmd="tag" pos="NN">blood</wf>
<punc>.</punc>
</s>
<s snum="85">
<wf cmd="ignore" pos="CC">But</wf>
<wf cmd="tag" pos="JJ">fatty</wf>
<wf cmd="tag" pos="NNS">foods</wf>
<wf cmd="done" pos="VBP" ot="notag">do</wf>
<punc>.</punc>
</s>
</p>
<p pnum="20">
<s snum="86">
<wf cmd="ignore" pos="IN">During</wf>
<wf cmd="tag" pos="NN">World_War</wf>
<wf cmd="tag" pos="CD">2</wf>
<punc>,</punc>
<punc>,</punc>
<wf cmd="tag" pos="NNS">doctors</wf>
<wf cmd="ignore" pos="IN">in</wf>
<wf cmd="tag" pos="NN">The_Netherlands</wf>
<wf cmd="ignore" pos="CC">and</wf>
<wf cmd="tag" pos="NNP">Scandinavia</wf>
<wf cmd="done" pos="VB" lemma="note" wnsn="2" lexsn="2:39:00::">noted</wf>
<wf cmd="ignore" pos="DT">a</wf>
<wf cmd="tag" pos="JJ">curious</wf>
<wf cmd="tag" pos="NN">fact</wf>
<punc>:</punc>
<wf cmd="ignore" pos="IN">despite</wf>
<wf cmd="ignore" pos="DT">the</wf>
<wf cmd="tag" pos="NNS">stresses</wf>
<wf cmd="ignore" pos="IN">of</wf>
<wf cmd="tag" pos="NNP">Nazi</wf>
<wf cmd="tag" pos="NN">occupation</wf>
<punc>,</punc>
<wf cmd="ignore" pos="DT">the</wf>
<wf cmd="tag" pos="NN">death_rate</wf>
<wf cmd="ignore" pos="IN">from</wf>
<wf cmd="tag" pos="NN">coronary_artery</wf>
<wf cmd="tag" pos="NN">disease</wf>
<wf cmd="done" pos="VBD" ot="notag">was</wf>
<wf cmd="tag" pos="RB">slowly</wf>
<wf cmd="done" pos="VB" lemma="drop" wnsn="3" lexsn="2:30:00::">dropping</wf>
<punc>.</punc>
</s>
<s snum="87">
<wf cmd="tag" pos="RB">Not</wf>
<wf cmd="ignore" pos="IN">until</wf>
<wf cmd="tag" pos="JJ">long</wf>
<wf cmd="ignore" pos="IN">after</wf>
<wf cmd="ignore" pos="DT">the</wf>
<wf cmd="tag" pos="NN">war</wf>
<punc>-</punc>
<wf cmd="tag" pos="CD">1950</wf>
<punc>,</punc>
<wf cmd="tag" pos="RB">in_fact</wf>
<punc>-</punc>
<wf cmd="done" pos="VBD" ot="notag">did</wf>
<wf cmd="ignore" pos="PRP">they</wf>
<wf cmd="done" pos="VB" lemma="get" wnsn="1" lexsn="2:40:00::">get</wf>
<wf cmd="ignore" pos="DT">a</wf>
<wf cmd="tag" pos="NN">hint</wf>
<wf cmd="ignore" pos="IN">of</wf>
<wf cmd="ignore" pos="DT">the</wf>
<wf cmd="tag" pos="NN">reason</wf>
<punc>.</punc>
</s>
<s snum="88">
<wf cmd="ignore" pos="DT">That</wf>
<wf cmd="tag" pos="NN">year</wf>
<punc>,</punc>
<wf cmd="tag" pos="NNP">Sweden</wf>
<wf cmd="ignore" pos="POS">'s</wf>
<wf cmd="tag" pos="NNP">Haqvin_Malmros</wf>
<wf cmd="done" pos="VB" lemma="show" wnsn="3" lexsn="2:32:00::">showed</wf>
<wf cmd="ignore" pos="IN">that</wf>
<wf cmd="ignore" pos="DT">the</wf>
<wf cmd="tag" pos="JJ">sinking</wf>
<wf cmd="tag" pos="NN">death_rate</wf>
<wf cmd="tag" pos="RB">neatly</wf>
<wf cmd="done" pos="VB" lemma="coincide" wnsn="2" lexsn="2:30:00::">coincided</wf>
<wf cmd="ignore" pos="IN">with</wf>
<wf cmd="tag" pos="RB">increasingly</wf>
<wf cmd="tag" pos="JJ">severe</wf>
<wf cmd="tag" pos="NNS">restrictions</wf>
<wf cmd="ignore" pos="IN">on</wf>
<wf cmd="tag" pos="JJ">fatty</wf>
<wf cmd="tag" pos="NNS">foods</wf>
<punc>.</punc>
</s>
<s snum="89">
<wf cmd="ignore" pos="DT">That</wf>
<wf cmd="tag" pos="JJ">same</wf>
<wf cmd="tag" pos="NN">year</wf>
<wf cmd="ignore" pos="DT">the</wf>
<wf cmd="tag" pos="NNP">University</wf>
<wf cmd="ignore" pos="IN">of</wf>
<wf cmd="tag" pos="NNP">California</wf>
<wf cmd="ignore" pos="POS">'s</wf>
<wf cmd="tag" pos="NNP">Dr._Laurance_Kinsell</wf>
<punc>,</punc>
<wf cmd="done" pos="VB" lemma="time" wnsn="1" lexsn="2:30:00::">timing</wf>
<wf cmd="tag" pos="NN">oxidation</wf>
<wf cmd="tag" pos="NNS">rates</wf>
<wf cmd="ignore" pos="IN">of</wf>
<wf cmd="tag" pos="NN">blood</wf>
<wf cmd="tag" pos="NNS">fats</wf>
<punc>,</punc>
<wf cmd="done" pos="VB" lemma="stumble" wnsn="3" lexsn="2:40:10::">stumbled</wf>
<wf cmd="done" pos="VB" ot="notag">onto</wf>
<wf cmd="ignore" pos="DT">the</wf>
<wf cmd="tag" pos="NN">discovery</wf>
<wf cmd="ignore" pos="IN">that</wf>
<wf cmd="tag" pos="JJ">many</wf>
<wf cmd="tag" pos="NN">vegetable</wf>
<wf cmd="tag" pos="NNS">fats</wf>
<wf cmd="done" pos="VB" lemma="cause" wnsn="2" lexsn="2:32:00::">cause</wf>
<wf cmd="tag" pos="NN">blood</wf>
<wf cmd="tag" pos="NN">cholesterol</wf>
<wf cmd="tag" pos="NNS">levels</wf>
<wf cmd="ignore" pos="TO">to</wf>
<wf cmd="done" pos="VB" lemma="drop" wnsn="3" lexsn="2:30:00::">drop</wf>
<wf cmd="tag" pos="RB">radically</wf>
<punc>,</punc>
<wf cmd="ignore" pos="IN">while</wf>
<wf cmd="tag" pos="NN">animal_fats</wf>
<wf cmd="done" pos="VB" lemma="cause" wnsn="2" lexsn="2:32:00::">cause</wf>
<wf cmd="ignore" pos="PRP">them</wf>
<wf cmd="ignore" pos="TO">to</wf>
<wf cmd="done" pos="VB" lemma="rise" wnsn="2" lexsn="2:30:00::">rise</wf>
<punc>.</punc>
</s>
<s snum="90">
<wf cmd="tag" pos="RB">Here</wf>
<wf cmd="tag" pos="NNP">Keys</wf>
<wf cmd="tag" pos="RB">and_others</wf>
<punc>,</punc>
<wf cmd="tag" pos="JJ">such_as</wf>
<wf cmd="tag" pos="NNP">Dr._A._E._Ahrens</wf>
<wf cmd="ignore" pos="IN">of</wf>
<wf cmd="ignore" pos="DT">the</wf>
<wf cmd="tag" pos="NNP">Rockefeller_Institute</wf>
<punc>,</punc>
<wf cmd="done" pos="VB" lemma="take_over" wnsn="1" lexsn="2:40:07::">took_over</wf>
<wf cmd="ignore" pos="TO">to</wf>
<wf cmd="done" pos="VB" lemma="demonstrate" wnsn="2" lexsn="2:31:00::">demonstrate</wf>
<wf cmd="ignore" pos="DT">the</wf>
<wf cmd="tag" pos="NN">chemical</wf>
<wf cmd="tag" pos="NN">difference</wf>
<wf cmd="ignore" pos="IN">between</wf>
<wf cmd="tag" pos="NN">vegetable</wf>
<wf cmd="ignore" pos="CC">and</wf>
<wf cmd="tag" pos="NN">animal_fats</wf>
<punc>-</punc>
<wf cmd="ignore" pos="CC">and</wf>
<wf cmd="tag" pos="RB">even</wf>
<wf cmd="ignore" pos="IN">between</wf>
<wf cmd="tag" pos="JJ">different</wf>
<wf cmd="tag" pos="NNS">varieties</wf>
<wf cmd="ignore" pos="IN">of</wf>
<wf cmd="ignore" pos="DT">each</wf>
<punc>.</punc>
</s>
</p>
<p pnum="21">
<s snum="91">
<wf cmd="ignore" pos="DT">All</wf>
<wf cmd="tag" pos="JJ">natural</wf>
<wf cmd="tag" pos="NN">food</wf>
<wf cmd="tag" pos="NNS">fats</wf>
<wf cmd="done" pos="VB" lemma="fall_into" wnsn="1" lexsn="2:42:00::">fall_into</wf>
<wf cmd="tag" pos="CD">one</wf>
<wf cmd="ignore" pos="IN">of</wf>
<wf cmd="tag" pos="CD">three</wf>
<wf cmd="tag" pos="NNS">categories</wf>
<punc>-</punc>
<wf cmd="tag" pos="JJ">saturated</wf>
<punc>,</punc>
<wf cmd="tag" pos="JJ">mono-unsaturated</wf>
<wf cmd="ignore" pos="CC">and</wf>
<wf cmd="tag" pos="JJ">poly-unsaturated</wf>
<punc>.</punc>
</s>
<s snum="92">
<wf cmd="ignore" pos="DT">The</wf>
<wf cmd="tag" pos="NN">degree</wf>
<wf cmd="ignore" pos="IN">of</wf>
<wf cmd="tag" pos="NN">saturation</wf>
<wf cmd="done" pos="VB" lemma="depend_on" wnsn="1" lexsn="2:42:00::">depends_on</wf>
<wf cmd="ignore" pos="DT">the</wf>
<wf cmd="tag" pos="NN">number</wf>
<wf cmd="ignore" pos="IN">of</wf>
<wf cmd="tag" pos="NN">hydrogen_atoms</wf>
<wf cmd="ignore" pos="IN">on</wf>
<wf cmd="ignore" pos="DT">the</wf>
<wf cmd="tag" pos="JJ">fat</wf>
<wf cmd="tag" pos="NN">molecule</wf>
<punc>.</punc>
</s>
<s snum="93">
<wf cmd="tag" pos="JJ">Saturated</wf>
<wf cmd="tag" pos="NNS">fats</wf>
<wf cmd="ignore" pos="MD">can</wf>
<wf cmd="done" pos="VB" lemma="accommodate" wnsn="1" lexsn="2:42:00::">accommodate</wf>
<wf cmd="tag" pos="RB">no_more</wf>
<wf cmd="tag" pos="NNS">hydrogens</wf>
<punc>.</punc>
</s>
<s snum="94">
<wf cmd="tag" pos="JJ">Mono-unsaturated</wf>
<wf cmd="tag" pos="NNS">fats</wf>
<wf cmd="done" pos="VB" lemma="have" wnsn="1" lexsn="2:40:00::">have</wf>
<wf cmd="tag" pos="NN">room</wf>
<wf cmd="ignore" pos="IN">for</wf>
<wf cmd="tag" pos="CD">two</wf>
<wf cmd="tag" pos="JJR">more</wf>
<wf cmd="tag" pos="NNS">hydrogens</wf>
<wf cmd="ignore" pos="IN">on</wf>
<wf cmd="ignore" pos="DT">each</wf>
<wf cmd="tag" pos="NN">molecule</wf>
<punc>,</punc>
<wf cmd="ignore" pos="CC">and</wf>
<wf cmd="ignore" pos="DT">the</wf>
<wf cmd="tag" pos="JJ">poly-unsaturated</wf>
<wf cmd="tag" pos="JJ">fat</wf>
<wf cmd="tag" pos="NN">molecule</wf>
<wf cmd="done" pos="VB" lemma="have" wnsn="1" lexsn="2:40:00::">has</wf>
<wf cmd="tag" pos="NN">room</wf>
<wf cmd="ignore" pos="IN">for</wf>
<wf cmd="tag" pos="RB">at_least</wf>
<wf cmd="tag" pos="CD">four</wf>
<wf cmd="tag" pos="NNS">hydrogens</wf>
<punc>.</punc>
</s>
</p>
<p pnum="22">
<s snum="95">
<wf cmd="ignore" pos="DT">The</wf>
<wf cmd="tag" pos="CD">three</wf>
<wf cmd="tag" pos="NNS">fats</wf>
<wf cmd="done" pos="VB" lemma="have" wnsn="1" lexsn="2:40:00::">have</wf>
<wf cmd="tag" pos="JJ">similar</wf>
<wf cmd="tag" pos="JJ">caloric</wf>
<wf cmd="tag" pos="NNS">values</wf>
<punc>(</punc>
<wf cmd="ignore" pos="IN">about</wf>
<wf cmd="tag" pos="CD">265</wf>
<wf cmd="tag" pos="NNS">calories</wf>
<wf cmd="ignore" pos="IN">per</wf>
<wf cmd="tag" pos="NN">oz</wf>
<punc>.</punc>
<punc>)</punc>
<punc>,</punc>
<wf cmd="ignore" pos="CC">but</wf>
<wf cmd="ignore" pos="DT">each</wf>
<wf cmd="done" pos="VB" lemma="exert" wnsn="1" lexsn="2:34:00::">exerts</wf>
<wf cmd="ignore" pos="DT">a</wf>
<wf cmd="tag" pos="RB">radically</wf>
<wf cmd="tag" pos="JJ">different</wf>
<wf cmd="tag" pos="NN">influence</wf>
<wf cmd="ignore" pos="IN">on</wf>
<wf cmd="tag" pos="NN">blood</wf>
<wf cmd="tag" pos="NN">cholesterol</wf>
<punc>.</punc>
</s>
</p>
</context>
</contextfile>
