<contextfile concordance="brown">
<context filename="br-d13" paras="yes">
<p pnum="1">
<s snum="1">
<wf cmd="tag" pos="IN">If</wf>
<wf cmd="ignore" pos="PRP">we</wf>
<wf cmd="done" pos="VB" lemma="look" wnsn="1" lexsn="2:39:00::">look</wf>
<wf cmd="tag" pos="RB">about</wf>
<wf cmd="ignore" pos="DT">the</wf>
<wf cmd="tag" pos="NN">world</wf>
<wf cmd="tag" pos="NN">today</wf>
<punc>,</punc>
<wf cmd="ignore" pos="PRP">we</wf>
<wf cmd="ignore" pos="MD">can</wf>
<wf cmd="done" pos="VB" lemma="see" wnsn="1" lexsn="2:39:00::">see</wf>
<wf cmd="tag" pos="RB">clearly</wf>
<wf cmd="ignore" pos="IN">that</wf>
<wf cmd="ignore" pos="EX">there</wf>
<wf cmd="done" pos="VB" lemma="be" wnsn="4" lexsn="2:42:00::">are</wf>
<wf cmd="tag" pos="CD">two</wf>
<wf cmd="tag" pos="RB">especially</wf>
<wf cmd="tag" pos="JJ">significant</wf>
<wf cmd="tag" pos="NNS">factors</wf>
<wf cmd="done" pos="VB" lemma="shape" wnsn="1" lexsn="2:31:00::">shaping</wf>
<wf cmd="ignore" pos="DT">the</wf>
<wf cmd="tag" pos="NN">future</wf>
<wf cmd="ignore" pos="IN">of</wf>
<wf cmd="ignore" pos="PRP$">our</wf>
<wf cmd="tag" pos="NN">civilization</wf>
<punc>:</punc>
<wf cmd="tag" pos="NN">science</wf>
<wf cmd="ignore" pos="CC">and</wf>
<wf cmd="tag" pos="NN">religion</wf>
<punc>.</punc>
</s>
<s snum="2">
<wf cmd="tag" pos="NNP">Science</wf>
<wf cmd="done" pos="VBZ" ot="notag">is</wf>
<wf cmd="done" pos="VB" lemma="place" wnsn="1" lexsn="2:35:00::">placing</wf>
<wf cmd="ignore" pos="IN">in</wf>
<wf cmd="ignore" pos="PRP$">our</wf>
<wf cmd="tag" pos="NNS">hands</wf>
<wf cmd="ignore" pos="DT">the</wf>
<wf cmd="tag" pos="JJ">ultimate</wf>
<wf cmd="tag" pos="NN">power</wf>
<wf cmd="ignore" pos="IN">of</wf>
<wf cmd="ignore" pos="DT">the</wf>
<wf cmd="tag" pos="NN">universe</wf>
<punc>,</punc>
<wf cmd="ignore" pos="DT">the</wf>
<wf cmd="tag" pos="NN">power</wf>
<wf cmd="ignore" pos="IN">of</wf>
<wf cmd="ignore" pos="DT">the</wf>
<wf cmd="tag" pos="NN">atom</wf>
<punc>.</punc>
</s>
<s snum="3">
<wf cmd="tag" pos="NN">Religion</wf>
<punc>,</punc>
<wf cmd="ignore" pos="CC">or</wf>
<wf cmd="ignore" pos="DT">the</wf>
<wf cmd="tag" pos="NN">lack</wf>
<wf cmd="tag" pos="RB">of_it</wf>
<punc>,</punc>
<wf cmd="ignore" pos="MD">will</wf>
<wf cmd="done" pos="VB" lemma="decide" wnsn="2" lexsn="2:31:01::">decide</wf>
<wf cmd="ignore" pos="IN">whether</wf>
<wf cmd="ignore" pos="PRP">we</wf>
<wf cmd="done" pos="VB" lemma="use" wnsn="1" lexsn="2:34:01::">use</wf>
<wf cmd="ignore" pos="DT">this</wf>
<wf cmd="tag" pos="NN">power</wf>
<wf cmd="ignore" pos="TO">to</wf>
<wf cmd="done" pos="VB" lemma="build" wnsn="1" lexsn="2:36:00::">build</wf>
<wf cmd="ignore" pos="DT">a</wf>
<wf cmd="tag" pos="JJ">brave</wf>
<wf cmd="tag" pos="NN">new_world</wf>
<wf cmd="ignore" pos="IN">of</wf>
<wf cmd="tag" pos="NN">peace</wf>
<wf cmd="ignore" pos="CC">and</wf>
<wf cmd="tag" pos="NN">abundance</wf>
<wf cmd="ignore" pos="IN">for</wf>
<wf cmd="ignore" pos="DT">all</wf>
<wf cmd="tag" pos="NN">mankind</wf>
<punc>,</punc>
<wf cmd="ignore" pos="CC">or</wf>
<wf cmd="ignore" pos="IN">whether</wf>
<wf cmd="ignore" pos="PRP">we</wf>
<wf cmd="done" pos="VB" lemma="misuse" wnsn="1" lexsn="2:34:00::">misuse</wf>
<wf cmd="ignore" pos="DT">this</wf>
<wf cmd="tag" pos="NN">power</wf>
<wf cmd="ignore" pos="TO">to</wf>
<wf cmd="done" pos="VB" lemma="leave" wnsn="3" lexsn="2:42:02::">leave</wf>
<wf cmd="ignore" pos="DT">a</wf>
<wf cmd="tag" pos="NN">world</wf>
<wf cmd="tag" pos="RB">utterly</wf>
<wf cmd="tag" pos="JJ">destroyed</wf>
<punc>.</punc>
</s>
<s snum="4">
<wf cmd="ignore" pos="WRB">How</wf>
<wf cmd="ignore" pos="MD">can</wf>
<wf cmd="ignore" pos="PRP">we</wf>
<wf cmd="done" pos="VB" lemma="have" wnsn="1" lexsn="2:40:00::">have</wf>
<wf cmd="ignore" pos="DT">the</wf>
<wf cmd="tag" pos="NN">wisdom</wf>
<wf cmd="ignore" pos="TO">to</wf>
<wf cmd="done" pos="VB" lemma="meet" wnsn="6" lexsn="2:41:02::">meet</wf>
<wf cmd="tag" pos="JJ">such</wf>
<wf cmd="ignore" pos="DT">a</wf>
<wf cmd="tag" pos="JJ">new</wf>
<wf cmd="ignore" pos="CC">and</wf>
<wf cmd="tag" pos="JJ">difficult</wf>
<wf cmd="tag" pos="NN">challenge</wf>
<punc>?</punc>
</s>
</p>
<p pnum="2">
<s snum="5">
<wf cmd="ignore" pos="PRP">We</wf>
<wf cmd="ignore" pos="MD">may</wf>
<wf cmd="done" pos="VB" lemma="feel" wnsn="1" lexsn="2:37:00::">feel</wf>
<wf cmd="tag" pos="JJ">pessimistic</wf>
<wf cmd="ignore" pos="IN">at</wf>
<wf cmd="ignore" pos="DT">the</wf>
<wf cmd="tag" pos="NN">outlook</wf>
<punc>.</punc>
</s>
<s snum="6">
<wf cmd="ignore" pos="CC">And</wf>
<wf cmd="tag" pos="RB">yet</wf>
<wf cmd="ignore" pos="EX">there</wf>
<wf cmd="done" pos="VB" lemma="be" wnsn="4" lexsn="2:42:00::">is</wf>
<wf cmd="ignore" pos="DT">a</wf>
<wf cmd="tag" pos="NN">note</wf>
<wf cmd="ignore" pos="IN">of</wf>
<wf cmd="tag" pos="NN">hope</wf>
<punc>,</punc>
<wf cmd="ignore" pos="IN">because</wf>
<wf cmd="ignore" pos="DT">this</wf>
<wf cmd="tag" pos="JJ">same</wf>
<wf cmd="tag" pos="NN">science</wf>
<wf cmd="tag" pos="RB">that_is</wf>
<wf cmd="done" pos="VB" lemma="give" wnsn="2" lexsn="2:40:05::">giving</wf>
<wf cmd="ignore" pos="PRP">us</wf>
<wf cmd="ignore" pos="DT">the</wf>
<wf cmd="tag" pos="NN">power</wf>
<wf cmd="ignore" pos="IN">of</wf>
<wf cmd="ignore" pos="DT">the</wf>
<wf cmd="tag" pos="NN">atom</wf>
<wf cmd="done" pos="VBZ" ot="notag">is</wf>
<wf cmd="tag" pos="RB">also</wf>
<wf cmd="done" pos="VB" lemma="give" wnsn="2" lexsn="2:40:05::">giving</wf>
<wf cmd="ignore" pos="PRP">us</wf>
<wf cmd="tag" pos="JJ">atomic</wf>
<wf cmd="tag" pos="NN">vision</wf>
<punc>.</punc>
</s>
<s snum="7">
<wf cmd="ignore" pos="PRP">We</wf>
<wf cmd="done" pos="VBP" ot="notag">are</wf>
<wf cmd="done" pos="VB" lemma="look" wnsn="1" lexsn="2:39:00::">looking</wf>
<wf cmd="ignore" pos="IN">inside</wf>
<wf cmd="ignore" pos="DT">the</wf>
<wf cmd="tag" pos="NN">atom</wf>
<wf cmd="ignore" pos="CC">and</wf>
<wf cmd="done" pos="VB" lemma="see" wnsn="1" lexsn="2:39:00::">seeing</wf>
<wf cmd="ignore" pos="EX">there</wf>
<wf cmd="ignore" pos="DT">a</wf>
<wf cmd="tag" pos="NN">universe</wf>
<wf cmd="ignore" pos="WDT">which</wf>
<wf cmd="done" pos="VB" lemma="be" wnsn="2" lexsn="2:42:06::">is</wf>
<wf cmd="tag" pos="RB">not</wf>
<wf cmd="tag" pos="NN">material</wf>
<wf cmd="ignore" pos="CC">but</wf>
<wf cmd="tag" pos="NN">something</wf>
<wf cmd="ignore" pos="IN">beyond</wf>
<wf cmd="ignore" pos="DT">the</wf>
<wf cmd="tag" pos="NN">material</wf>
<punc>,</punc>
<wf cmd="ignore" pos="DT">a</wf>
<wf cmd="tag" pos="NN">universe</wf>
<wf cmd="ignore" pos="IN">that</wf>
<wf cmd="ignore" pos="IN">in</wf>
<wf cmd="ignore" pos="DT">a</wf>
<wf cmd="tag" pos="NN">word</wf>
<wf cmd="done" pos="VB" lemma="be" wnsn="2" lexsn="2:42:06::">is</wf>
<wf cmd="tag" pos="RB">not</wf>
<wf cmd="tag" pos="NN">matter</wf>
<wf cmd="ignore" pos="CC">but</wf>
<wf cmd="tag" pos="NN">music</wf>
<punc>.</punc>
</s>
<s snum="8">
<wf cmd="ignore" pos="CC">And</wf>
<wf cmd="ignore" pos="PRP">it</wf>
<wf cmd="done" pos="VB" lemma="be" wnsn="3" lexsn="2:42:05::">is</wf>
<wf cmd="tag" pos="RB">in_this</wf>
<wf cmd="tag" pos="JJ">new</wf>
<wf cmd="tag" pos="NN">vision</wf>
<wf cmd="ignore" pos="IN">of</wf>
<wf cmd="ignore" pos="DT">the</wf>
<wf cmd="tag" pos="NN">atom</wf>
<wf cmd="ignore" pos="IN">that</wf>
<wf cmd="ignore" pos="PRP">we</wf>
<wf cmd="done" pos="VB" lemma="find" wnsn="1" lexsn="2:40:02::">find</wf>
<wf cmd="ignore" pos="DT">an</wf>
<wf cmd="tag" pos="NN">affirmation</wf>
<wf cmd="ignore" pos="CC">and</wf>
<wf cmd="ignore" pos="DT">an</wf>
<wf cmd="tag" pos="NN">invigoration</wf>
<wf cmd="ignore" pos="IN">of</wf>
<wf cmd="ignore" pos="PRP$">our</wf>
<wf cmd="tag" pos="NN">faith</wf>
<punc>.</punc>
</s>
</p>
<p pnum="3">
<s snum="9">
<wf cmd="ignore" pos="TO">To</wf>
<wf cmd="done" pos="VB" lemma="see" wnsn="1" lexsn="2:39:00::">see</wf>
<wf cmd="ignore" pos="DT">this</wf>
<wf cmd="tag" pos="NN">vision</wf>
<wf cmd="ignore" pos="IN">in</wf>
<wf cmd="tag" pos="NN">perspective</wf>
<punc>,</punc>
<wf cmd="ignore" pos="PRP">we</wf>
<wf cmd="done" pos="VB" lemma="need" wnsn="1" lexsn="2:42:00::">need</wf>
<wf cmd="tag" pos="RB">first_of_all</wf>
<wf cmd="ignore" pos="DT">a</wf>
<wf cmd="tag" pos="JJ">clear</wf>
<wf cmd="tag" pos="NN">idea</wf>
<wf cmd="ignore" pos="IN">of</wf>
<wf cmd="ignore" pos="DT">the</wf>
<wf cmd="tag" pos="NN">magnitude</wf>
<wf cmd="tag" pos="RB">of_this</wf>
<wf cmd="tag" pos="JJ">new</wf>
<wf cmd="tag" pos="NN">power</wf>
<wf cmd="ignore" pos="IN">from</wf>
<wf cmd="ignore" pos="DT">the</wf>
<wf cmd="tag" pos="NN">atom</wf>
<punc>.</punc>
</s>
<s snum="10">
<wf cmd="ignore" pos="PRP">You</wf>
<wf cmd="done" pos="VB" lemma="know" wnsn="1" lexsn="2:31:01::">know</wf>
<wf cmd="ignore" pos="IN">that</wf>
<wf cmd="ignore" pos="PRP">I</wf>
<wf cmd="ignore" pos="MD">could</wf>
<wf cmd="done" pos="VB" lemma="hold" wnsn="2" lexsn="2:35:00::">hold</wf>
<wf cmd="tag" pos="NN">right</wf>
<wf cmd="tag" pos="RB">here</wf>
<wf cmd="ignore" pos="IN">in</wf>
<wf cmd="ignore" pos="PRP$">my</wf>
<wf cmd="tag" pos="NN">hand</wf>
<wf cmd="ignore" pos="DT">the</wf>
<wf cmd="tag" pos="JJ">little</wf>
<wf cmd="tag" pos="NN">chunk</wf>
<wf cmd="ignore" pos="IN">of</wf>
<wf cmd="tag" pos="NN">uranium</wf>
<wf cmd="tag" pos="NN">metal</wf>
<wf cmd="ignore" pos="WDT">that</wf>
<wf cmd="done" pos="VB" lemma="be" wnsn="1" lexsn="2:42:03::">was</wf>
<wf cmd="ignore" pos="DT">the</wf>
<wf cmd="tag" pos="NN">heart</wf>
<wf cmd="ignore" pos="IN">of</wf>
<wf cmd="ignore" pos="DT">the</wf>
<wf cmd="tag" pos="NN">bomb</wf>
<wf cmd="ignore" pos="WDT">that</wf>
<wf cmd="done" pos="VB" lemma="drop" wnsn="2" lexsn="2:38:00::">dropped</wf>
<wf cmd="ignore" pos="IN">on</wf>
<wf cmd="tag" pos="NNP">Hiroshima</wf>
<punc>.</punc>
</s>
<s snum="11">
<wf cmd="ignore" pos="PRP">It</wf>
<wf cmd="done" pos="VB" lemma="be" wnsn="1" lexsn="2:42:03::">was</wf>
<wf cmd="tag" pos="RB">only</wf>
<wf cmd="ignore" pos="IN">about</wf>
<wf cmd="ignore" pos="DT">the</wf>
<wf cmd="tag" pos="NN">size</wf>
<wf cmd="ignore" pos="IN">of</wf>
<wf cmd="ignore" pos="DT">a</wf>
<wf cmd="tag" pos="NN">baseball</wf>
<punc>;</punc>
<wf cmd="ignore" pos="CC">but</wf>
<wf cmd="done" pos="VB" lemma="pack" wnsn="3" lexsn="2:35:02::">packed</wf>
<wf cmd="tag" pos="RB">in_that</wf>
<wf cmd="tag" pos="JJ">metallic</wf>
<wf cmd="tag" pos="NN">ball</wf>
<wf cmd="ignore" pos="EX">there</wf>
<wf cmd="done" pos="VB" lemma="be" wnsn="4" lexsn="2:42:00::">was</wf>
<wf cmd="ignore" pos="DT">the</wf>
<wf cmd="tag" pos="JJ">explosive</wf>
<wf cmd="tag" pos="NN">force</wf>
<wf cmd="ignore" pos="IN">of</wf>
<wf cmd="tag" pos="CD">20000</wf>
<wf cmd="tag" pos="NNS">tons</wf>
<wf cmd="ignore" pos="IN">of</wf>
<wf cmd="tag" pos="NNP">TNT</wf>
<punc>.</punc>
</s>
<s snum="12">
<wf cmd="tag" pos="RB">That</wf>
<wf cmd="done" pos="VB" lemma="be" wnsn="1" lexsn="2:42:03::">is</wf>
<wf cmd="tag" pos="RB">enough</wf>
<wf cmd="tag" pos="NNP">TNT</wf>
<wf cmd="ignore" pos="TO">to</wf>
<wf cmd="done" pos="VB" lemma="fill" wnsn="1" lexsn="2:30:01::">fill</wf>
<wf cmd="ignore" pos="DT">the</wf>
<wf cmd="tag" pos="NN">tower</wf>
<wf cmd="ignore" pos="IN">of</wf>
<wf cmd="ignore" pos="DT">the</wf>
<wf cmd="tag" pos="NN">Empire_State</wf>
<wf cmd="tag" pos="NNP">Building</wf>
<punc>;</punc>
<wf cmd="ignore" pos="CC">and</wf>
<wf cmd="ignore" pos="IN">with</wf>
<wf cmd="ignore" pos="DT">the</wf>
<wf cmd="tag" pos="NN">availability</wf>
<wf cmd="ignore" pos="IN">of</wf>
<wf cmd="tag" pos="NNS">bombs</wf>
<wf cmd="tag" pos="RB">of_that</wf>
<wf cmd="tag" pos="NN">size</wf>
<punc>,</punc>
<wf cmd="tag" pos="NN">war</wf>
<wf cmd="done" pos="VB" lemma="become" wnsn="2" lexsn="2:42:01::">became</wf>
<wf cmd="ignore" pos="DT">a</wf>
<wf cmd="tag" pos="JJ">new</wf>
<wf cmd="tag" pos="NN">problem</wf>
<punc>.</punc>
</s>
</p>
<p pnum="4">
<s snum="13">
<wf cmd="tag" pos="RB">Now</wf>
<wf cmd="ignore" pos="PRP">we</wf>
<wf cmd="ignore" pos="MD">might</wf>
<wf cmd="done" pos="VB" ot="notag">have</wf>
<wf cmd="done" pos="VB" lemma="restrict" wnsn="1" lexsn="2:30:02::">restricted</wf>
<wf cmd="ignore" pos="DT">the</wf>
<wf cmd="tag" pos="NN">use</wf>
<wf cmd="ignore" pos="IN">of</wf>
<wf cmd="tag" pos="NN">uranium</wf>
<wf cmd="tag" pos="NNS">bombs</wf>
<wf cmd="ignore" pos="IN">by</wf>
<wf cmd="done" pos="VB" lemma="control" wnsn="2" lexsn="2:41:01::">controlling</wf>
<wf cmd="ignore" pos="DT">the</wf>
<wf cmd="tag" pos="NNS">sources</wf>
<wf cmd="ignore" pos="IN">of</wf>
<wf cmd="tag" pos="NN">uranium</wf>
<wf cmd="ignore" pos="IN">because</wf>
<wf cmd="ignore" pos="PRP">it</wf>
<wf cmd="done" pos="VB" ot="notag">is</wf>
<wf cmd="tag" pos="JJ">found</wf>
<wf cmd="ignore" pos="IN">in</wf>
<wf cmd="tag" pos="RB">only</wf>
<wf cmd="tag" pos="JJ">a_few</wf>
<wf cmd="tag" pos="NNS">places</wf>
<wf cmd="ignore" pos="IN">in</wf>
<wf cmd="ignore" pos="DT">the</wf>
<wf cmd="tag" pos="NN">world</wf>
<punc>.</punc>
</s>
<s snum="14">
<wf cmd="ignore" pos="CC">But</wf>
<wf cmd="ignore" pos="PRP">we</wf>
<wf cmd="done" pos="VBD" ot="notag">had</wf>
<wf cmd="tag" pos="RB">hardly</wf>
<wf cmd="done" pos="VB" lemma="start" wnsn="1" lexsn="2:30:00::">started</wf>
<wf cmd="ignore" pos="TO">to</wf>
<wf cmd="done" pos="VB" lemma="adjust" wnsn="0" lexsn="2:30:02::">adjust</wf>
<wf cmd="ignore" pos="PRP$">our</wf>
<wf cmd="tag" pos="NN">thinking</wf>
<wf cmd="ignore" pos="TO">to</wf>
<wf cmd="ignore" pos="DT">this</wf>
<wf cmd="tag" pos="JJ">new</wf>
<wf cmd="tag" pos="NN">uranium</wf>
<wf cmd="tag" pos="NN">weapon</wf>
<wf cmd="ignore" pos="WRB">when</wf>
<wf cmd="ignore" pos="PRP">we</wf>
<wf cmd="done" pos="VBD" ot="notag">were</wf>
<wf cmd="done" pos="VB" lemma="face" wnsn="1" lexsn="2:32:00::">faced</wf>
<wf cmd="ignore" pos="IN">with</wf>
<wf cmd="ignore" pos="DT">the</wf>
<wf cmd="tag" pos="NN">hydrogen_bomb</wf>
<punc>.</punc>
</s>
<s snum="15">
<wf cmd="tag" pos="NN">Hydrogen</wf>
<wf cmd="done" pos="VB" lemma="be" wnsn="1" lexsn="2:42:03::">is</wf>
<wf cmd="tag" pos="RB">just_as</wf>
<wf cmd="tag" pos="JJ">plentiful</wf>
<wf cmd="ignore" pos="IN">as</wf>
<wf cmd="tag" pos="NN">uranium</wf>
<wf cmd="done" pos="VB" lemma="be" wnsn="1" lexsn="2:42:03::">is</wf>
<wf cmd="tag" pos="JJ">scarce</wf>
<punc>.</punc>
</s>
<s snum="16">
<wf cmd="ignore" pos="PRP">We</wf>
<wf cmd="done" pos="VB" lemma="know" wnsn="1" lexsn="2:31:01::">know</wf>
<wf cmd="ignore" pos="IN">that</wf>
<wf cmd="ignore" pos="PRP">we</wf>
<wf cmd="done" pos="VB" lemma="have" wnsn="1" lexsn="2:40:00::">have</wf>
<wf cmd="tag" pos="NN">hydrogen</wf>
<wf cmd="ignore" pos="IN">in</wf>
<wf cmd="tag" pos="NN">water</wf>
<punc>;</punc>
<wf cmd="tag" pos="NN">water</wf>
<wf cmd="done" pos="VB" lemma="be" wnsn="1" lexsn="2:42:03::">is</wf>
<punc>*</punc>
<punc>*</punc>
<wf cmd="tag" pos="NN">f</wf>
<wf cmd="ignore" pos="CC">and</wf>
<wf cmd="ignore" pos="DT">the</wf>
<wf cmd="tag" pos="NNP">H</wf>
<wf cmd="done" pos="VB" lemma="stand_for" wnsn="1" lexsn="2:32:01::">stands_for</wf>
<wf cmd="tag" pos="NN">hydrogen</wf>
<punc>;</punc>
<wf cmd="ignore" pos="EX">there</wf>
<wf cmd="done" pos="VB" lemma="be" wnsn="4" lexsn="2:42:00::">is</wf>
<wf cmd="tag" pos="RB">also</wf>
<wf cmd="tag" pos="NN">hydrogen</wf>
<wf cmd="ignore" pos="IN">in</wf>
<wf cmd="tag" pos="NN">wood</wf>
<wf cmd="ignore" pos="CC">and</wf>
<wf cmd="tag" pos="NN">hydrogen</wf>
<wf cmd="ignore" pos="IN">in</wf>
<wf cmd="ignore" pos="PRP$">our</wf>
<wf cmd="tag" pos="NNS">bodies</wf>
<punc>.</punc>
</s>
<s snum="17">
<wf cmd="ignore" pos="PRP">I</wf>
<wf cmd="done" pos="VBP" ot="notag">have</wf>
<wf cmd="done" pos="VB" lemma="calculate" wnsn="1" lexsn="2:31:00::">calculated</wf>
<wf cmd="ignore" pos="IN">that</wf>
<wf cmd="ignore" pos="IN">if</wf>
<wf cmd="ignore" pos="PRP">I</wf>
<wf cmd="ignore" pos="MD">could</wf>
<wf cmd="done" pos="VB" lemma="snap" wnsn="10" lexsn="2:35:02::">snap</wf>
<wf cmd="ignore" pos="PRP$">my</wf>
<wf cmd="tag" pos="NNS">fingers</wf>
<wf cmd="ignore" pos="IN">in</wf>
<wf cmd="tag" pos="CD">one</wf>
<wf cmd="tag" pos="NN">magic</wf>
<wf cmd="tag" pos="NN">gesture</wf>
<wf cmd="ignore" pos="TO">to</wf>
<wf cmd="done" pos="VB" lemma="release" wnsn="1" lexsn="2:35:00::">release</wf>
<wf cmd="ignore" pos="DT">the</wf>
<wf cmd="tag" pos="NN">power</wf>
<wf cmd="ignore" pos="IN">of</wf>
<wf cmd="ignore" pos="PDT">all</wf>
<wf cmd="ignore" pos="DT">the</wf>
<wf cmd="tag" pos="NN">hydrogen</wf>
<wf cmd="ignore" pos="IN">in</wf>
<wf cmd="ignore" pos="PRP$">my</wf>
<wf cmd="tag" pos="NN">body</wf>
<punc>,</punc>
<wf cmd="ignore" pos="PRP">I</wf>
<wf cmd="ignore" pos="MD">would</wf>
<wf cmd="done" pos="VB" lemma="explode" wnsn="1" lexsn="2:30:01::">explode</wf>
<wf cmd="ignore" pos="IN">with</wf>
<wf cmd="ignore" pos="DT">the</wf>
<wf cmd="tag" pos="NN">force</wf>
<wf cmd="ignore" pos="IN">of</wf>
<wf cmd="tag" pos="JJ">a_hundred</wf>
<wf cmd="tag" pos="NNS">bombs</wf>
<wf cmd="ignore" pos="IN">of</wf>
<wf cmd="ignore" pos="DT">the</wf>
<wf cmd="tag" pos="NN">kind</wf>
<wf cmd="ignore" pos="IN">that</wf>
<wf cmd="done" pos="VB" lemma="fall" wnsn="1" lexsn="2:38:03::">fell</wf>
<wf cmd="done" pos="VB" ot="notag">on</wf>
<wf cmd="tag" pos="NNP">Hiroshima</wf>
<punc>.</punc>
</s>
<s snum="18">
<wf cmd="ignore" pos="PRP">I</wf>
<wf cmd="done" pos="VBD" ot="notag">won</wf>
<wf cmd="tag" pos="RB">n't</wf>
<wf cmd="done" pos="VB" lemma="try" wnsn="2" lexsn="2:41:01::">try</wf>
<wf cmd="ignore" pos="DT">the</wf>
<wf cmd="tag" pos="NN">experiment</wf>
<punc>,</punc>
<wf cmd="ignore" pos="CC">but</wf>
<wf cmd="ignore" pos="PRP">I</wf>
<wf cmd="done" pos="VB" lemma="think" wnsn="2" lexsn="2:31:03::">think</wf>
<wf cmd="ignore" pos="PRP">you</wf>
<wf cmd="ignore" pos="MD">can</wf>
<wf cmd="done" pos="VB" lemma="see" wnsn="2" lexsn="2:31:01::">see</wf>
<wf cmd="ignore" pos="IN">that</wf>
<wf cmd="ignore" pos="IN">if</wf>
<wf cmd="ignore" pos="PRP">we</wf>
<wf cmd="ignore" pos="DT">all</wf>
<wf cmd="done" pos="VB" lemma="know" wnsn="1" lexsn="2:31:01::">knew</wf>
<wf cmd="ignore" pos="DT">the</wf>
<wf cmd="tag" pos="JJ">secret</wf>
<wf cmd="ignore" pos="CC">and</wf>
<wf cmd="ignore" pos="PRP">we</wf>
<wf cmd="ignore" pos="MD">could</wf>
<wf cmd="ignore" pos="DT">all</wf>
<wf cmd="done" rdf="let_go" pos="VB" lemma="let_go" wnsn="2" lexsn="2:42:00::">let</wf>
<wf cmd="ignore" pos="PRP">ourselves</wf>
<wf cmd="done" pos="VBP" ot="notag">go</wf>
<punc>,</punc>
<wf cmd="ignore" pos="EX">there</wf>
<wf cmd="ignore" pos="MD">would</wf>
<wf cmd="done" pos="VB" lemma="be" wnsn="5" lexsn="2:42:04::">be</wf>
<wf cmd="tag" pos="RB">quite</wf>
<wf cmd="ignore" pos="DT">an</wf>
<wf cmd="tag" pos="NN">explosion</wf>
<punc>.</punc>
</s>
<s snum="19">
<wf cmd="tag" pos="RB">And_then</wf>
<wf cmd="done" pos="VB" lemma="think" wnsn="3" lexsn="2:31:00::">think</wf>
<wf cmd="ignore" pos="WRB">how</wf>
<wf cmd="tag" pos="JJ">little</wf>
<wf cmd="tag" pos="NN">hydrogen</wf>
<wf cmd="ignore" pos="PRP">we</wf>
<wf cmd="done" pos="VB" lemma="have" wnsn="1" lexsn="2:40:00::">have</wf>
<wf cmd="ignore" pos="IN">in</wf>
<wf cmd="ignore" pos="PRP">us</wf>
<wf cmd="done" pos="VB" lemma="compare" wnsn="2" lexsn="2:42:00::">compared</wf>
<wf cmd="ignore" pos="IN">with</wf>
<wf cmd="ignore" pos="DT">the</wf>
<wf cmd="tag" pos="NN">hydrogen</wf>
<wf cmd="ignore" pos="IN">in</wf>
<wf cmd="tag" pos="NN">Delaware_Bay</wf>
<wf cmd="ignore" pos="CC">or</wf>
<wf cmd="ignore" pos="IN">in</wf>
<wf cmd="ignore" pos="DT">the</wf>
<wf cmd="tag" pos="NN">ocean</wf>
<wf cmd="tag" pos="RB">beyond</wf>
<punc>.</punc>
</s>
<s snum="20">
<wf cmd="tag" pos="NNP">Salt</wf>
<wf cmd="tag" pos="NN">water</wf>
<wf cmd="done" pos="VB" lemma="be" wnsn="1" lexsn="2:42:03::">is</wf>
<wf cmd="tag" pos="RB">still</wf>
<punc>*</punc>
<punc>*</punc>
<wf cmd="tag" pos="NN">f</wf>
<punc>,</punc>
<wf cmd="ignore" pos="DT">the</wf>
<wf cmd="tag" pos="JJ">same</wf>
<wf cmd="tag" pos="NN">hydrogen</wf>
<wf cmd="done" pos="VB" ot="notag">is</wf>
<wf cmd="done" pos="RB" ot="notag">there</wf>
<punc>.</punc>
</s>
<s snum="21">
<wf cmd="ignore" pos="CC">And</wf>
<wf cmd="ignore" pos="DT">the</wf>
<wf cmd="tag" pos="NN">size</wf>
<wf cmd="ignore" pos="IN">of</wf>
<wf cmd="ignore" pos="DT">the</wf>
<wf cmd="tag" pos="NN">ocean</wf>
<wf cmd="done" pos="VB" lemma="show" wnsn="4" lexsn="2:39:00::">shows</wf>
<wf cmd="ignore" pos="PRP">us</wf>
<wf cmd="ignore" pos="DT">the</wf>
<wf cmd="tag" pos="NN">magnitude</wf>
<wf cmd="ignore" pos="IN">of</wf>
<wf cmd="ignore" pos="DT">the</wf>
<wf cmd="tag" pos="JJ">destructive</wf>
<wf cmd="tag" pos="NN">power</wf>
<wf cmd="ignore" pos="PRP">we</wf>
<wf cmd="done" pos="VB" lemma="hold" wnsn="4;2" lexsn="2:40:00::;2:35:00::">hold</wf>
<wf cmd="done" pos="VB" ot="notag">in</wf>
<wf cmd="ignore" pos="PRP$">our</wf>
<wf cmd="tag" pos="NNS">hands</wf>
<wf cmd="tag" pos="NN">today</wf>
<punc>.</punc>
</s>
</p>
<p pnum="5">
<s snum="22">
<wf cmd="tag" pos="RB">Of_course</wf>
<punc>,</punc>
<wf cmd="ignore" pos="EX">there</wf>
<wf cmd="done" pos="VB" lemma="be" wnsn="4" lexsn="2:42:00::">is</wf>
<wf cmd="tag" pos="RB">also</wf>
<wf cmd="ignore" pos="DT">an</wf>
<wf cmd="tag" pos="JJ">optimistic</wf>
<wf cmd="tag" pos="NN">side</wf>
<wf cmd="ignore" pos="TO">to</wf>
<wf cmd="ignore" pos="DT">the</wf>
<wf cmd="tag" pos="NN">picture</wf>
<punc>.</punc>
</s>
<s snum="23">
<wf cmd="ignore" pos="IN">For</wf>
<wf cmd="ignore" pos="IN">if</wf>
<wf cmd="ignore" pos="PRP">I</wf>
<wf cmd="done" pos="VB" lemma="know" wnsn="1" lexsn="2:31:01::">knew</wf>
<wf cmd="ignore" pos="DT">the</wf>
<wf cmd="tag" pos="NN">secret</wf>
<wf cmd="ignore" pos="IN">of</wf>
<wf cmd="done" pos="VB" lemma="let" wnsn="1" lexsn="2:41:00::">letting</wf>
<wf cmd="ignore" pos="DT">this</wf>
<wf cmd="tag" pos="NN">power</wf>
<wf cmd="ignore" pos="IN">in</wf>
<wf cmd="ignore" pos="PRP$">my</wf>
<wf cmd="tag" pos="NN">body</wf>
<wf cmd="done" pos="VB" lemma="change" wnsn="2" lexsn="2:30:00::">change</wf>
<wf cmd="tag" pos="RB">directly</wf>
<wf cmd="ignore" pos="IN">into</wf>
<wf cmd="tag" pos="NN">electricity</wf>
<punc>,</punc>
<wf cmd="ignore" pos="PRP">I</wf>
<wf cmd="ignore" pos="MD">could</wf>
<wf cmd="done" rdf="rent_out" pos="VB" lemma="rent_out" wnsn="1" lexsn="2:40:00::">rent</wf>
<wf cmd="ignore" pos="PRP">myself</wf>
<wf cmd="tag" pos="RB">out</wf>
<wf cmd="ignore" pos="TO">to</wf>
<wf cmd="ignore" pos="DT">the</wf>
<wf cmd="tag" pos="JJ">electric</wf>
<wf cmd="tag" pos="NNS">companies</wf>
<wf cmd="ignore" pos="CC">and</wf>
<wf cmd="ignore" pos="IN">with</wf>
<wf cmd="tag" pos="RB">just</wf>
<wf cmd="ignore" pos="DT">the</wf>
<wf cmd="tag" pos="NN">power</wf>
<wf cmd="ignore" pos="IN">in</wf>
<wf cmd="ignore" pos="PRP$">my</wf>
<wf cmd="tag" pos="NN">body</wf>
<wf cmd="ignore" pos="PRP">I</wf>
<wf cmd="ignore" pos="MD">could</wf>
<wf cmd="done" pos="VB" lemma="light" wnsn="1" lexsn="2:30:00::">light</wf>
<wf cmd="ignore" pos="PDT">all</wf>
<wf cmd="ignore" pos="DT">the</wf>
<wf cmd="tag" pos="NNS">lights</wf>
<wf cmd="ignore" pos="CC">and</wf>
<wf cmd="done" pos="VB" lemma="run" wnsn="7" lexsn="2:35:00::">run</wf>
<wf cmd="ignore" pos="PDT">all</wf>
<wf cmd="ignore" pos="DT">the</wf>
<wf cmd="tag" pos="NNS">factories</wf>
<wf cmd="ignore" pos="IN">in</wf>
<wf cmd="ignore" pos="DT">the</wf>
<wf cmd="tag" pos="JJ">entire</wf>
<wf cmd="tag" pos="NN">United_States</wf>
<wf cmd="ignore" pos="IN">for</wf>
<wf cmd="ignore" pos="DT">some</wf>
<wf cmd="tag" pos="NNS">days</wf>
<punc>.</punc>
</s>
<s snum="24">
<wf cmd="ignore" pos="CC">And</wf>
<wf cmd="done" pos="VB" lemma="think" wnsn="3" lexsn="2:31:00::">think</wf>
<punc>,</punc>
<wf cmd="ignore" pos="IN">if</wf>
<wf cmd="ignore" pos="PRP">we</wf>
<wf cmd="ignore" pos="DT">all</wf>
<wf cmd="done" pos="VB" lemma="know" wnsn="1" lexsn="2:31:01::">knew</wf>
<wf cmd="ignore" pos="DT">this</wf>
<wf cmd="tag" pos="JJ">secret</wf>
<wf cmd="ignore" pos="CC">and</wf>
<wf cmd="ignore" pos="PRP">we</wf>
<wf cmd="ignore" pos="MD">could</wf>
<wf cmd="done" pos="VB" lemma="pool" wnsn="0" lexsn="2:40:01::">pool</wf>
<wf cmd="ignore" pos="PRP$">our</wf>
<wf cmd="tag" pos="NN">power</wf>
<punc>,</punc>
<wf cmd="ignore" pos="WP">what</wf>
<wf cmd="ignore" pos="DT">a</wf>
<wf cmd="tag" pos="JJ">wonderful</wf>
<wf cmd="tag" pos="NN">public_utility</wf>
<wf cmd="tag" pos="NN">company</wf>
<wf cmd="ignore" pos="PRP">we</wf>
<wf cmd="ignore" pos="MD">would</wf>
<wf cmd="done" pos="VB" lemma="make" wnsn="6" lexsn="2:36:01::">make</wf>
<punc>.</punc>
</s>
<s snum="25">
<wf cmd="ignore" pos="IN">With</wf>
<wf cmd="tag" pos="RB">just</wf>
<wf cmd="ignore" pos="DT">the</wf>
<wf cmd="tag" pos="NN">hydrogen</wf>
<wf cmd="ignore" pos="IN">of</wf>
<wf cmd="ignore" pos="PRP$">our</wf>
<wf cmd="tag" pos="NNS">bodies</wf>
<punc>,</punc>
<wf cmd="ignore" pos="PRP">we</wf>
<wf cmd="ignore" pos="MD">could</wf>
<wf cmd="done" pos="VB" lemma="run" wnsn="7" lexsn="2:35:00::">run</wf>
<wf cmd="ignore" pos="DT">the</wf>
<wf cmd="tag" pos="NN">world</wf>
<wf cmd="ignore" pos="IN">for</wf>
<wf cmd="tag" pos="NNS">years</wf>
<punc>.</punc>
</s>
<s snum="26">
<wf cmd="tag" pos="RB">Then</wf>
<wf cmd="done" pos="VB" lemma="think" wnsn="3" lexsn="2:31:00::">think</wf>
<wf cmd="done" pos="VB" ot="notag">of</wf>
<wf cmd="tag" pos="NN">Delaware_Bay</wf>
<wf cmd="ignore" pos="CC">and</wf>
<wf cmd="ignore" pos="DT">the</wf>
<wf cmd="tag" pos="NN">ocean</wf>
<wf cmd="ignore" pos="CC">and</wf>
<wf cmd="ignore" pos="PRP">you</wf>
<wf cmd="done" pos="VB" lemma="see" wnsn="2" lexsn="2:31:01::">see</wf>
<wf cmd="ignore" pos="IN">that</wf>
<wf cmd="ignore" pos="PRP">we</wf>
<wf cmd="done" pos="VB" lemma="have" wnsn="1" lexsn="2:40:00::">have</wf>
<wf cmd="ignore" pos="DT">a</wf>
<wf cmd="tag" pos="NN">supply</wf>
<wf cmd="ignore" pos="IN">of</wf>
<wf cmd="tag" pos="NN">power</wf>
<wf cmd="ignore" pos="IN">for</wf>
<wf cmd="tag" pos="NNS">millions</wf>
<wf cmd="ignore" pos="IN">of</wf>
<wf cmd="tag" pos="NNS">years</wf>
<wf cmd="ignore" pos="TO">to</wf>
<wf cmd="done" pos="VB" lemma="come" wnsn="1" lexsn="2:38:00::">come</wf>
<punc>.</punc>
</s>
<s snum="27">
<wf cmd="ignore" pos="PRP">It</wf>
<wf cmd="done" pos="VB" lemma="be" wnsn="2" lexsn="2:42:06::">is</wf>
<wf cmd="tag" pos="NN">power</wf>
<wf cmd="ignore" pos="IN">with</wf>
<wf cmd="ignore" pos="WDT">which</wf>
<wf cmd="ignore" pos="PRP">we</wf>
<wf cmd="ignore" pos="MD">can</wf>
<wf cmd="tag" pos="RB">literally</wf>
<wf cmd="done" pos="VB" lemma="rebuild" wnsn="1" lexsn="2:36:00::">rebuild</wf>
<wf cmd="ignore" pos="DT">the</wf>
<wf cmd="tag" pos="NN">world</wf>
<punc>,</punc>
<wf cmd="done" pos="VB" lemma="provide" wnsn="1" lexsn="2:40:00::">provide</wf>
<wf cmd="tag" pos="JJ">adequate</wf>
<wf cmd="tag" pos="NN">housing</wf>
<punc>,</punc>
<wf cmd="tag" pos="NN">food</wf>
<punc>,</punc>
<wf cmd="tag" pos="NN">education</wf>
<punc>,</punc>
<wf cmd="tag" pos="JJ">abundant</wf>
<wf cmd="tag" pos="NN">living</wf>
<wf cmd="ignore" pos="IN">for</wf>
<wf cmd="tag" pos="NN">everyone</wf>
<wf cmd="tag" pos="RB">everywhere</wf>
<punc>.</punc>
</s>
</p>
<p pnum="6">
<s snum="28">
<wf cmd="tag" pos="RB">Now</wf>
<wf cmd="done" pos="VB" ot="notag">let</wf>
<wf cmd="ignore" pos="PRP">us</wf>
<wf cmd="done" pos="VB" lemma="see" wnsn="2" lexsn="2:31:01::">see</wf>
<wf cmd="ignore" pos="WRB">where</wf>
<wf cmd="ignore" pos="DT">this</wf>
<wf cmd="tag" pos="NN">power</wf>
<wf cmd="done" pos="VB" lemma="come" wnsn="5" lexsn="2:42:04::">comes</wf>
<wf cmd="done" pos="VB" ot="notag">from</wf>
<punc>.</punc>
</s>
<s snum="29">
<wf cmd="ignore" pos="TO">To</wf>
<wf cmd="done" pos="VB" lemma="grasp" wnsn="2" lexsn="2:31:00::">grasp</wf>
<wf cmd="ignore" pos="PRP$">our</wf>
<wf cmd="tag" pos="JJ">new</wf>
<wf cmd="tag" pos="NN">view</wf>
<wf cmd="ignore" pos="IN">of</wf>
<wf cmd="ignore" pos="DT">the</wf>
<wf cmd="tag" pos="NN">atom</wf>
<punc>,</punc>
<wf cmd="ignore" pos="PRP">we</wf>
<wf cmd="done" pos="VB" ot="notag">have</wf>
<wf cmd="done" pos="VB" ot="notag">to</wf>
<wf cmd="done" pos="VB" lemma="appreciate" wnsn="2" lexsn="2:31:00::">appreciate</wf>
<wf cmd="tag" pos="RB">first_of_all</wf>
<wf cmd="ignore" pos="WRB">how</wf>
<wf cmd="tag" pos="JJ">small</wf>
<wf cmd="ignore" pos="DT">the</wf>
<wf cmd="tag" pos="NN">atom</wf>
<wf cmd="done" pos="VB" lemma="be" wnsn="1" lexsn="2:42:03::">is</wf>
<punc>.</punc>
</s>
<s snum="30">
<wf cmd="ignore" pos="PRP">I</wf>
<wf cmd="done" pos="VBP" ot="notag">have</wf>
<wf cmd="done" pos="VBN" ot="notag">been</wf>
<wf cmd="done" pos="VB" lemma="try" wnsn="1" lexsn="2:41:00::">trying</wf>
<wf cmd="ignore" pos="TO">to</wf>
<wf cmd="done" pos="VB" lemma="make" wnsn="2" lexsn="2:30:00::">make</wf>
<wf cmd="ignore" pos="DT">this</wf>
<wf cmd="tag" pos="JJ">clear</wf>
<wf cmd="ignore" pos="TO">to</wf>
<wf cmd="ignore" pos="PRP$">my</wf>
<wf cmd="tag" pos="JJ">own</wf>
<wf cmd="tag" pos="NN">class</wf>
<wf cmd="ignore" pos="IN">in</wf>
<wf cmd="tag" pos="NN">chemistry</wf>
<punc>.</punc>
</s>
<s snum="31">
<wf cmd="tag" pos="CD">One</wf>
<wf cmd="tag" pos="NN">night</wf>
<wf cmd="ignore" pos="EX">there</wf>
<wf cmd="done" pos="VB" lemma="be" wnsn="4" lexsn="2:42:00::">were</wf>
<wf cmd="ignore" pos="DT">some</wf>
<wf cmd="tag" pos="JJ">dried</wf>
<wf cmd="tag" pos="NNS">peas</wf>
<wf cmd="done" pos="VB" lemma="lie" wnsn="1" lexsn="2:42:00::">lying</wf>
<wf cmd="done" pos="JJ" ot="notag">on</wf>
<wf cmd="ignore" pos="PRP$">our</wf>
<wf cmd="tag" pos="NN">kitchen_table</wf>
<punc>,</punc>
<wf cmd="ignore" pos="CC">and</wf>
<wf cmd="ignore" pos="DT">these</wf>
<wf cmd="tag" pos="NNS">peas</wf>
<wf cmd="done" pos="VB" lemma="look" wnsn="2" lexsn="2:39:01::">looked</wf>
<wf cmd="done" pos="VB" ot="notag">to</wf>
<wf cmd="ignore" pos="PRP">me</wf>
<wf cmd="ignore" pos="IN">like</wf>
<wf cmd="tag" pos="RB">a_little</wf>
<wf cmd="tag" pos="NN">group</wf>
<wf cmd="ignore" pos="IN">of</wf>
<wf cmd="tag" pos="NNS">atoms</wf>
<punc>;</punc>
<wf cmd="ignore" pos="CC">and</wf>
<wf cmd="ignore" pos="PRP">I</wf>
<wf cmd="done" pos="VB" lemma="ask" wnsn="1" lexsn="2:32:00::">asked</wf>
<wf cmd="ignore" pos="PRP">myself</wf>
<wf cmd="ignore" pos="DT">a</wf>
<wf cmd="tag" pos="NN">question</wf>
<punc>:</punc>
<wf cmd="done" pos="VB" lemma="suppose" wnsn="1" lexsn="2:32:00::">Suppose</wf>
<wf cmd="ignore" pos="PRP">I</wf>
<wf cmd="done" pos="VB" lemma="have" wnsn="1" lexsn="2:40:00::">had</wf>
<wf cmd="ignore" pos="DT">the</wf>
<wf cmd="tag" pos="JJ">same</wf>
<wf cmd="tag" pos="NN">number</wf>
<wf cmd="tag" pos="RB">of</wf>
<wf cmd="tag" pos="NNS">peas</wf>
<wf cmd="ignore" pos="IN">as</wf>
<wf cmd="ignore" pos="EX">there</wf>
<wf cmd="done" pos="VB" lemma="be" wnsn="4" lexsn="2:42:00::">are</wf>
<wf cmd="tag" pos="NNS">atoms</wf>
<wf cmd="ignore" pos="IN">in</wf>
<wf cmd="ignore" pos="PRP$">my</wf>
<wf cmd="tag" pos="NN">body</wf>
<punc>,</punc>
<wf cmd="ignore" pos="WRB">how</wf>
<wf cmd="tag" pos="JJ">large</wf>
<wf cmd="ignore" pos="DT">an</wf>
<wf cmd="tag" pos="NN">area</wf>
<wf cmd="ignore" pos="MD">would</wf>
<wf cmd="ignore" pos="PRP">they</wf>
<wf cmd="done" pos="VB" lemma="cover" wnsn="1" lexsn="2:35:00::">cover</wf>
<punc>?</punc>
</s>
</p>
<p pnum="7">
<s snum="32">
<wf cmd="ignore" pos="PRP">I</wf>
<wf cmd="done" pos="VB" lemma="calculate" wnsn="2" lexsn="2:31:03::">calculated</wf>
<wf cmd="tag" pos="JJ">first</wf>
<wf cmd="ignore" pos="IN">that</wf>
<wf cmd="ignore" pos="EX">there</wf>
<wf cmd="done" pos="VB" lemma="be" wnsn="1" lexsn="2:42:03::">are</wf>
<wf cmd="tag" pos="JJ">about</wf>
<wf cmd="ignore" pos="DT">an</wf>
<wf cmd="tag" pos="CD">octillion</wf>
<wf cmd="tag" pos="NNS">atoms</wf>
<wf cmd="ignore" pos="IN">in</wf>
<wf cmd="ignore" pos="DT">the</wf>
<wf cmd="tag" pos="JJ">average</wf>
<wf cmd="tag" pos="NN">human_body</wf>
<punc>;</punc>
<wf cmd="tag" pos="RB">that_is</wf>
<wf cmd="ignore" pos="DT">a</wf>
<wf cmd="tag" pos="NN">figure</wf>
<wf cmd="tag" pos="CD">one</wf>
<wf cmd="ignore" pos="IN">with</wf>
<wf cmd="tag" pos="CD">27</wf>
<wf cmd="tag" pos="NNS">ciphers</wf>
<punc>,</punc>
<wf cmd="tag" pos="RB">quite</wf>
<wf cmd="ignore" pos="DT">a</wf>
<wf cmd="tag" pos="NN">large_number</wf>
<punc>.</punc>
</s>
<s snum="33">
<wf cmd="tag" pos="RB">Then</wf>
<wf cmd="ignore" pos="PRP">I</wf>
<wf cmd="done" pos="VB" lemma="calculate" wnsn="1" lexsn="2:31:00::">calculated</wf>
<wf cmd="ignore" pos="IN">that</wf>
<wf cmd="tag" pos="JJ">a_million</wf>
<wf cmd="tag" pos="NNS">peas</wf>
<wf cmd="ignore" pos="MD">would</wf>
<wf cmd="tag" pos="RB">just_about</wf>
<wf cmd="done" pos="VB" lemma="fill" wnsn="1" lexsn="2:30:01::">fill</wf>
<wf cmd="ignore" pos="DT">a</wf>
<wf cmd="tag" pos="NN">household</wf>
<wf cmd="tag" pos="NN">refrigerator</wf>
<punc>;</punc>
<wf cmd="tag" pos="JJ">a_billion</wf>
<wf cmd="tag" pos="NNS">peas</wf>
<wf cmd="ignore" pos="MD">would</wf>
<wf cmd="done" pos="VB" lemma="fill" wnsn="1" lexsn="2:30:01::">fill</wf>
<wf cmd="ignore" pos="DT">a</wf>
<wf cmd="tag" pos="JJ">small</wf>
<wf cmd="tag" pos="NN">house</wf>
<wf cmd="ignore" pos="IN">from</wf>
<wf cmd="tag" pos="NN">cellar</wf>
<wf cmd="ignore" pos="TO">to</wf>
<wf cmd="tag" pos="NN">attic</wf>
<punc>;</punc>
<wf cmd="tag" pos="JJ">a_trillion</wf>
<wf cmd="tag" pos="NNS">peas</wf>
<wf cmd="ignore" pos="MD">would</wf>
<wf cmd="done" pos="VB" lemma="fill" wnsn="1" lexsn="2:30:01::">fill</wf>
<wf cmd="ignore" pos="PDT">all</wf>
<wf cmd="ignore" pos="DT">the</wf>
<wf cmd="tag" pos="NNS">houses</wf>
<wf cmd="ignore" pos="IN">in</wf>
<wf cmd="ignore" pos="DT">a</wf>
<wf cmd="tag" pos="NN">town</wf>
<wf cmd="ignore" pos="IN">of</wf>
<wf cmd="ignore" pos="IN">about</wf>
<wf cmd="tag" pos="NN">ten_thousand</wf>
<wf cmd="tag" pos="NNS">people</wf>
<punc>;</punc>
<wf cmd="ignore" pos="CC">and</wf>
<wf cmd="ignore" pos="DT">a</wf>
<wf cmd="tag" pos="CD">quadrillion</wf>
<wf cmd="tag" pos="NNS">peas</wf>
<wf cmd="ignore" pos="MD">would</wf>
<wf cmd="done" pos="VB" lemma="fill" wnsn="1" lexsn="2:30:01::">fill</wf>
<wf cmd="ignore" pos="PDT">all</wf>
<wf cmd="ignore" pos="DT">the</wf>
<wf cmd="tag" pos="NNS">buildings</wf>
<wf cmd="ignore" pos="IN">in</wf>
<wf cmd="ignore" pos="DT">the</wf>
<wf cmd="tag" pos="NN">city</wf>
<wf cmd="ignore" pos="IN">of</wf>
<wf cmd="tag" pos="NNP">Philadelphia</wf>
<punc>.</punc>
</s>
</p>
<p pnum="8">
<s snum="34">
<wf cmd="ignore" pos="PRP">I</wf>
<wf cmd="done" pos="VB" lemma="see" wnsn="2" lexsn="2:31:01::">saw</wf>
<wf cmd="ignore" pos="IN">that</wf>
<wf cmd="ignore" pos="PRP">I</wf>
<wf cmd="ignore" pos="MD">would</wf>
<wf cmd="tag" pos="RB">soon</wf>
<wf cmd="done" pos="VB" lemma="run_out" wnsn="1" lexsn="2:30:12::">run_out</wf>
<wf cmd="ignore" pos="IN">of</wf>
<wf cmd="tag" pos="NNS">buildings</wf>
<wf cmd="ignore" pos="IN">at</wf>
<wf cmd="ignore" pos="DT">this</wf>
<wf cmd="tag" pos="NN">rate</wf>
<punc>,</punc>
<wf cmd="tag" pos="RB">so</wf>
<wf cmd="ignore" pos="PRP">I</wf>
<wf cmd="done" pos="VB" lemma="decide" wnsn="1" lexsn="2:31:00::">decided</wf>
<wf cmd="ignore" pos="TO">to</wf>
<wf cmd="done" pos="VB" ot="notag">take</wf>
<wf cmd="ignore" pos="DT">another</wf>
<wf cmd="tag" pos="NN">measure</wf>
<punc>-</punc>
<wf cmd="ignore" pos="DT">the</wf>
<wf cmd="tag" pos="JJ">whole</wf>
<wf cmd="tag" pos="NN">state</wf>
<wf cmd="ignore" pos="IN">of</wf>
<wf cmd="tag" pos="NNP">Pennsylvania</wf>
<punc>.</punc>
</s>
<s snum="35">
<wf cmd="done" pos="VB" lemma="imagine" wnsn="1" lexsn="2:36:00::">Imagine</wf>
<wf cmd="ignore" pos="IN">that</wf>
<wf cmd="ignore" pos="EX">there</wf>
<wf cmd="done" pos="VB" lemma="be" wnsn="5" lexsn="2:42:04::">is</wf>
<wf cmd="ignore" pos="DT">a</wf>
<wf cmd="tag" pos="NN">blizzard</wf>
<wf cmd="ignore" pos="IN">over</wf>
<wf cmd="tag" pos="NNP">Pennsylvania</wf>
<punc>,</punc>
<wf cmd="ignore" pos="CC">but</wf>
<wf cmd="tag" pos="RB">instead</wf>
<wf cmd="ignore" pos="IN">of</wf>
<wf cmd="done" pos="VB" lemma="snow" wnsn="1" lexsn="2:43:00::">snowing</wf>
<wf cmd="tag" pos="NN">snow</wf>
<punc>,</punc>
<wf cmd="ignore" pos="PRP">it</wf>
<wf cmd="done" pos="VB" lemma="snow" wnsn="1" lexsn="2:43:00::">snows</wf>
<wf cmd="tag" pos="NN">peas</wf>
<punc>;</punc>
<wf cmd="tag" pos="RB">so</wf>
<wf cmd="ignore" pos="PRP">we</wf>
<wf cmd="done" pos="VB" lemma="get" wnsn="1" lexsn="2:40:00::">get</wf>
<wf cmd="ignore" pos="DT">the</wf>
<wf cmd="tag" pos="JJ">whole</wf>
<wf cmd="tag" pos="NN">state</wf>
<wf cmd="tag" pos="JJ">covered</wf>
<wf cmd="ignore" pos="IN">with</wf>
<wf cmd="tag" pos="NNS">peas</wf>
<punc>,</punc>
<wf cmd="ignore" pos="IN">about</wf>
<wf cmd="tag" pos="CD">four</wf>
<wf cmd="tag" pos="NNS">feet</wf>
<wf cmd="tag" pos="JJ">deep</wf>
<punc>.</punc>
</s>
<s snum="36">
<wf cmd="ignore" pos="PRP">You</wf>
<wf cmd="ignore" pos="MD">can</wf>
<wf cmd="done" pos="VB" lemma="imagine" wnsn="1" lexsn="2:36:00::">imagine</wf>
<wf cmd="ignore" pos="WP">what</wf>
<wf cmd="ignore" pos="PRP">it</wf>
<wf cmd="ignore" pos="MD">would</wf>
<wf cmd="done" pos="VB" lemma="look_like" wnsn="1" lexsn="2:42:00::">look_like</wf>
<wf cmd="done" pos="VB" lemma="go" wnsn="1" lexsn="2:38:00::">going</wf>
<wf cmd="tag" pos="JJ">out</wf>
<wf cmd="ignore" pos="IN">on</wf>
<wf cmd="ignore" pos="DT">the</wf>
<wf cmd="tag" pos="NN">turnpike</wf>
<wf cmd="ignore" pos="IN">with</wf>
<wf cmd="ignore" pos="DT">the</wf>
<wf cmd="tag" pos="NNS">peas</wf>
<wf cmd="tag" pos="JJ">banked</wf>
<wf cmd="ignore" pos="IN">up</wf>
<wf cmd="ignore" pos="IN">against</wf>
<wf cmd="ignore" pos="DT">the</wf>
<wf cmd="tag" pos="NNS">houses</wf>
<wf cmd="ignore" pos="CC">and</wf>
<wf cmd="done" pos="VB" lemma="cover" wnsn="1" lexsn="2:35:00::">covering</wf>
<wf cmd="ignore" pos="DT">the</wf>
<wf cmd="tag" pos="NNS">cars</wf>
<punc>;</punc>
<wf cmd="tag" pos="NNP">Pennsylvania</wf>
<wf cmd="tag" pos="RB">thus</wf>
<wf cmd="tag" pos="JJ">blanketed</wf>
<wf cmd="ignore" pos="MD">would</wf>
<wf cmd="done" pos="VB" lemma="contain" wnsn="1" lexsn="2:42:00::">contain</wf>
<wf cmd="ignore" pos="IN">about</wf>
<wf cmd="ignore" pos="DT">a</wf>
<wf cmd="tag" pos="CD">quintillion</wf>
<wf cmd="tag" pos="NNS">peas</wf>
<punc>.</punc>
</s>
</p>
<p pnum="9">
<s snum="37">
<wf cmd="ignore" pos="CC">But</wf>
<wf cmd="ignore" pos="PRP">we</wf>
<wf cmd="tag" pos="RB">still</wf>
<wf cmd="done" pos="VB" lemma="have" wnsn="1" lexsn="2:40:00::">have</wf>
<wf cmd="ignore" pos="DT">a</wf>
<wf cmd="tag" pos="JJ">long</wf>
<wf cmd="tag" pos="NN">way</wf>
<wf cmd="ignore" pos="TO">to</wf>
<wf cmd="done" pos="VB" lemma="go" wnsn="2" lexsn="2:41:00::">go</wf>
<punc>.</punc>
</s>
<s snum="38">
<wf cmd="tag" pos="JJ">Next</wf>
<wf cmd="ignore" pos="PRP">we</wf>
<wf cmd="done" pos="VB" lemma="imagine" wnsn="1" lexsn="2:36:00::">imagine</wf>
<wf cmd="ignore" pos="PRP$">our</wf>
<wf cmd="tag" pos="NN">blizzard</wf>
<wf cmd="done" pos="VB" lemma="rage" wnsn="2" lexsn="2:42:00::">raging</wf>
<wf cmd="ignore" pos="IN">over</wf>
<wf cmd="ignore" pos="PDT">all</wf>
<wf cmd="ignore" pos="DT">the</wf>
<wf cmd="tag" pos="NN">land_areas</wf>
<wf cmd="ignore" pos="IN">of</wf>
<wf cmd="ignore" pos="DT">the</wf>
<wf cmd="tag" pos="JJ">entire</wf>
<wf cmd="tag" pos="NN">globe</wf>
<punc>-</punc>
<wf cmd="tag" pos="NN">North_America</wf>
<punc>,</punc>
<wf cmd="tag" pos="NN">South_America</wf>
<punc>,</punc>
<wf cmd="tag" pos="NNP">Europe</wf>
<punc>,</punc>
<wf cmd="tag" pos="NNP">Asia</wf>
<punc>,</punc>
<wf cmd="ignore" pos="CC">and</wf>
<wf cmd="tag" pos="NNP">Africa</wf>
<punc>,</punc>
<wf cmd="ignore" pos="DT">all</wf>
<wf cmd="tag" pos="JJ">covered</wf>
<wf cmd="ignore" pos="IN">with</wf>
<wf cmd="tag" pos="NNS">peas</wf>
<wf cmd="tag" pos="CD">four</wf>
<wf cmd="tag" pos="NNS">feet</wf>
<wf cmd="tag" pos="JJ">deep</wf>
<punc>;</punc>
<wf cmd="tag" pos="RB">then</wf>
<wf cmd="ignore" pos="PRP">we</wf>
<wf cmd="done" pos="VB" lemma="have" wnsn="1" lexsn="2:40:00::">have</wf>
<wf cmd="tag" pos="CD">sextillion</wf>
<wf cmd="tag" pos="NNS">peas</wf>
<punc>.</punc>
</s>
<s snum="39">
<wf cmd="tag" pos="JJ">Next</wf>
<wf cmd="ignore" pos="PRP">we</wf>
<wf cmd="done" pos="VB" lemma="freeze" wnsn="2" lexsn="2:30:00::">freeze</wf>
<wf cmd="ignore" pos="IN">over</wf>
<wf cmd="ignore" pos="DT">the</wf>
<wf cmd="tag" pos="NNS">oceans</wf>
<wf cmd="ignore" pos="CC">and</wf>
<wf cmd="done" pos="VB" lemma="cover" wnsn="1" lexsn="2:35:00::">cover</wf>
<wf cmd="ignore" pos="DT">the</wf>
<wf cmd="tag" pos="JJ">whole</wf>
<wf cmd="tag" pos="NN">earth</wf>
<wf cmd="ignore" pos="IN">with</wf>
<wf cmd="tag" pos="NNS">peas</wf>
<punc>,</punc>
<wf cmd="tag" pos="RB">then</wf>
<wf cmd="ignore" pos="PRP">we</wf>
<wf cmd="done" pos="VB" lemma="go" wnsn="1" lexsn="2:38:00::">go</wf>
<wf cmd="tag" pos="JJ">out</wf>
<wf cmd="ignore" pos="IN">among</wf>
<wf cmd="ignore" pos="DT">the</wf>
<wf cmd="tag" pos="JJ">neighboring</wf>
<wf cmd="tag" pos="NNS">stars</wf>
<punc>,</punc>
<wf cmd="done" pos="VB" lemma="collect" wnsn="3" lexsn="2:35:00::">collect</wf>
<wf cmd="tag" pos="CD">250</wf>
<wf cmd="tag" pos="NNS">planets</wf>
<wf cmd="ignore" pos="DT">each</wf>
<wf cmd="ignore" pos="DT">the</wf>
<wf cmd="tag" pos="NN">size</wf>
<wf cmd="ignore" pos="IN">of</wf>
<wf cmd="ignore" pos="DT">the</wf>
<wf cmd="tag" pos="NN">earth</wf>
<punc>,</punc>
<wf cmd="ignore" pos="CC">and</wf>
<wf cmd="tag" pos="RB">also</wf>
<wf cmd="done" pos="VB" lemma="cover" wnsn="1" lexsn="2:35:00::">cover</wf>
<wf cmd="ignore" pos="DT">each</wf>
<wf cmd="ignore" pos="IN">of</wf>
<wf cmd="ignore" pos="DT">these</wf>
<wf cmd="ignore" pos="IN">with</wf>
<wf cmd="tag" pos="NNS">peas</wf>
<wf cmd="tag" pos="CD">four</wf>
<wf cmd="tag" pos="NNS">feet</wf>
<wf cmd="tag" pos="JJ">deep</wf>
<punc>;</punc>
<wf cmd="tag" pos="RB">and_then</wf>
<wf cmd="ignore" pos="PRP">we</wf>
<wf cmd="done" pos="VB" lemma="have" wnsn="1" lexsn="2:40:00::">have</wf>
<wf cmd="tag" pos="CD">septillion</wf>
<punc>.</punc>
</s>
<s snum="40">
<wf cmd="tag" pos="RB">Finally</wf>
<wf cmd="ignore" pos="PRP">we</wf>
<wf cmd="done" pos="VB" lemma="go" wnsn="1" lexsn="2:38:00::">go</wf>
<wf cmd="done" pos="VB" ot="notag">into</wf>
<wf cmd="ignore" pos="DT">the</wf>
<wf cmd="tag" pos="JJS">farthest</wf>
<wf cmd="tag" pos="NN">reaches</wf>
<wf cmd="ignore" pos="IN">of</wf>
<wf cmd="ignore" pos="DT">the</wf>
<wf cmd="tag" pos="NN">Milky_Way</wf>
<punc>;</punc>
<wf cmd="ignore" pos="PRP">we</wf>
<wf cmd="done" pos="VB" lemma="get" wnsn="4" lexsn="2:30:03::">get</wf>
<wf cmd="tag" pos="CD">250000</wf>
<wf cmd="tag" pos="NNS">planets</wf>
<punc>;</punc>
<wf cmd="ignore" pos="PRP">we</wf>
<wf cmd="done" pos="VB" lemma="cover" wnsn="1" lexsn="2:35:00::">cover</wf>
<wf cmd="ignore" pos="DT">each</wf>
<wf cmd="ignore" pos="IN">of</wf>
<wf cmd="ignore" pos="DT">these</wf>
<wf cmd="ignore" pos="IN">with</wf>
<wf cmd="ignore" pos="PRP$">our</wf>
<wf cmd="tag" pos="NN">blanket</wf>
<wf cmd="ignore" pos="IN">of</wf>
<wf cmd="tag" pos="NNS">peas</wf>
<wf cmd="tag" pos="RB">and_then</wf>
<wf cmd="tag" pos="RB">at_last</wf>
<wf cmd="ignore" pos="PRP">we</wf>
<wf cmd="done" pos="VB" lemma="have" wnsn="1" lexsn="2:40:00::">have</wf>
<wf cmd="tag" pos="CD">octillion</wf>
<wf cmd="tag" pos="NNS">peas</wf>
<wf cmd="tag" pos="JJ">corresponding</wf>
<wf cmd="ignore" pos="IN">in</wf>
<wf cmd="tag" pos="NN">number</wf>
<wf cmd="ignore" pos="TO">to</wf>
<wf cmd="ignore" pos="DT">the</wf>
<wf cmd="tag" pos="NNS">atoms</wf>
<wf cmd="ignore" pos="IN">in</wf>
<wf cmd="ignore" pos="DT">the</wf>
<wf cmd="tag" pos="NN">body</wf>
<punc>.</punc>
</s>
<s snum="41">
<wf cmd="tag" pos="RB">So</wf>
<wf cmd="ignore" pos="PRP">you</wf>
<wf cmd="done" pos="VB" lemma="see" wnsn="2" lexsn="2:31:01::">see</wf>
<wf cmd="ignore" pos="WRB">how</wf>
<wf cmd="tag" pos="JJ">small</wf>
<wf cmd="ignore" pos="DT">an</wf>
<wf cmd="tag" pos="NN">atom</wf>
<wf cmd="done" pos="VB" lemma="be" wnsn="1" lexsn="2:42:03::">is</wf>
<wf cmd="tag" pos="RB">and_how</wf>
<wf cmd="tag" pos="JJ">complicated</wf>
<wf cmd="ignore" pos="PRP">you</wf>
<wf cmd="done" pos="VB" lemma="be" wnsn="1" lexsn="2:42:03::">are</wf>
<punc>.</punc>
</s>
</p>
<p pnum="10">
<s snum="42">
<wf cmd="tag" pos="RB">Now</wf>
<wf cmd="ignore" pos="IN">although</wf>
<wf cmd="ignore" pos="DT">an</wf>
<wf cmd="tag" pos="NN">atom</wf>
<wf cmd="done" pos="VB" lemma="be" wnsn="1" lexsn="2:42:03::">is</wf>
<wf cmd="tag" pos="JJ">small</wf>
<punc>,</punc>
<wf cmd="ignore" pos="PRP">we</wf>
<wf cmd="ignore" pos="MD">can</wf>
<wf cmd="tag" pos="RB">still</wf>
<wf cmd="ignore" pos="IN">in</wf>
<wf cmd="tag" pos="NN">imagination</wf>
<wf cmd="done" pos="VB" lemma="have_a_look" wnsn="1" lexsn="2:39:00::">have_a_look</wf>
<wf cmd="ignore" pos="IN">at</wf>
<wf cmd="ignore" pos="PRP">it</wf>
<punc>.</punc>
</s>
<s snum="43">
<wf cmd="done" pos="VB" ot="notag">Let</wf>
<wf cmd="ignore" pos="PRP">us</wf>
<wf cmd="done" pos="VB" lemma="focus" wnsn="1" lexsn="2:31:00::">focus</wf>
<wf cmd="done" pos="VB" ot="notag">on</wf>
<wf cmd="ignore" pos="DT">an</wf>
<wf cmd="tag" pos="NN">atom</wf>
<wf cmd="ignore" pos="IN">of</wf>
<wf cmd="tag" pos="NN">calcium</wf>
<wf cmd="ignore" pos="IN">from</wf>
<wf cmd="ignore" pos="DT">the</wf>
<wf cmd="tag" pos="NN">tip</wf>
<wf cmd="ignore" pos="IN">of</wf>
<wf cmd="ignore" pos="DT">the</wf>
<wf cmd="tag" pos="NN">bone</wf>
<wf cmd="ignore" pos="IN">of</wf>
<wf cmd="ignore" pos="PRP$">my</wf>
<wf cmd="tag" pos="NN">finger</wf>
<wf cmd="ignore" pos="CC">and</wf>
<wf cmd="done" pos="VB" ot="notag">let</wf>
<wf cmd="ignore" pos="PRP">us</wf>
<wf cmd="done" pos="VB" lemma="suppose" wnsn="1" lexsn="2:32:00::">suppose</wf>
<wf cmd="ignore" pos="IN">that</wf>
<wf cmd="ignore" pos="PRP">I</wf>
<wf cmd="done" pos="VB" lemma="swallow" wnsn="1" lexsn="2:34:00::">swallow</wf>
<wf cmd="ignore" pos="DT">a</wf>
<wf cmd="tag" pos="NN">magic</wf>
<wf cmd="tag" pos="NNP">Alice</wf>
<wf cmd="ignore" pos="IN">in</wf>
<wf cmd="tag" pos="NNP">Wonderland</wf>
<wf cmd="tag" pos="NN">growing</wf>
<wf cmd="tag" pos="NN">pill</wf>
<punc>.</punc>
</s>
<s snum="44">
<wf cmd="ignore" pos="PRP">I</wf>
<wf cmd="done" pos="VB" lemma="start" wnsn="1" lexsn="2:30:00::">start</wf>
<wf cmd="done" pos="VB" lemma="grow" wnsn="2" lexsn="2:30:00::">growing</wf>
<wf cmd="tag" pos="RB">rapidly</wf>
<wf cmd="ignore" pos="CC">and</wf>
<wf cmd="ignore" pos="DT">this</wf>
<wf cmd="tag" pos="NN">calcium</wf>
<wf cmd="tag" pos="NN">atom</wf>
<wf cmd="done" pos="VB" lemma="grow" wnsn="2" lexsn="2:30:00::">grows</wf>
<wf cmd="ignore" pos="IN">along</wf>
<wf cmd="ignore" pos="IN">with</wf>
<wf cmd="ignore" pos="PRP">me</wf>
<punc>.</punc>
</s>
<s snum="45">
<wf cmd="ignore" pos="PRP">I</wf>
<wf cmd="done" pos="VB" lemma="shoot_up" wnsn="1" lexsn="2:30:00::">shoot_up</wf>
<wf cmd="ignore" pos="IN">through</wf>
<wf cmd="ignore" pos="DT">the</wf>
<wf cmd="tag" pos="NN">roof</wf>
<punc>,</punc>
<wf cmd="ignore" pos="IN">into</wf>
<wf cmd="ignore" pos="DT">the</wf>
<wf cmd="tag" pos="NN">sky</wf>
<punc>,</punc>
<wf cmd="tag" pos="JJ">past</wf>
<wf cmd="ignore" pos="DT">the</wf>
<wf cmd="tag" pos="NNS">clouds</wf>
<punc>,</punc>
<wf cmd="ignore" pos="IN">through</wf>
<wf cmd="ignore" pos="DT">the</wf>
<wf cmd="tag" pos="NN">stratosphere</wf>
<punc>,</punc>
<wf cmd="ignore" pos="IN">out</wf>
<wf cmd="ignore" pos="IN">beyond</wf>
<wf cmd="ignore" pos="DT">the</wf>
<wf cmd="tag" pos="NN">moon</wf>
<punc>,</punc>
<wf cmd="ignore" pos="IN">out</wf>
<wf cmd="ignore" pos="IN">among</wf>
<wf cmd="ignore" pos="DT">the</wf>
<wf cmd="tag" pos="NNS">planets</wf>
<punc>,</punc>
<wf cmd="ignore" pos="IN">until</wf>
<wf cmd="ignore" pos="PRP">I</wf>
<wf cmd="done" pos="VB" lemma="be" wnsn="1" lexsn="2:42:03::">am</wf>
<wf cmd="ignore" pos="IN">over</wf>
<wf cmd="tag" pos="JJ">a_hundred</wf>
<wf cmd="ignore" pos="CC">and</wf>
<wf cmd="tag" pos="CD">fifty</wf>
<wf cmd="tag" pos="CD">million</wf>
<wf cmd="tag" pos="NNS">miles</wf>
<wf cmd="tag" pos="JJ">long</wf>
<punc>.</punc>
</s>
<s snum="46">
<wf cmd="tag" pos="RB">Then</wf>
<wf cmd="ignore" pos="DT">this</wf>
<wf cmd="tag" pos="NN">atom</wf>
<wf cmd="ignore" pos="IN">of</wf>
<wf cmd="tag" pos="NN">calcium</wf>
<wf cmd="ignore" pos="MD">will</wf>
<wf cmd="done" pos="VB" lemma="swell" wnsn="3" lexsn="2:30:00::">swell</wf>
<wf cmd="ignore" pos="TO">to</wf>
<wf cmd="tag" pos="NN">something</wf>
<wf cmd="ignore" pos="IN">like</wf>
<wf cmd="ignore" pos="DT">a</wf>
<wf cmd="tag" pos="JJ">great</wf>
<wf cmd="tag" pos="NN">balloon</wf>
<wf cmd="tag" pos="JJ">a_hundred</wf>
<wf cmd="tag" pos="NNS">yards</wf>
<wf cmd="tag" pos="RB">across</wf>
<punc>,</punc>
<wf cmd="ignore" pos="DT">a</wf>
<wf cmd="tag" pos="NN">balloon</wf>
<wf cmd="tag" pos="JJ">big</wf>
<wf cmd="tag" pos="RB">enough</wf>
<wf cmd="ignore" pos="TO">to</wf>
<wf cmd="done" pos="VB" lemma="put" wnsn="1" lexsn="2:35:00::">put</wf>
<wf cmd="ignore" pos="DT">a</wf>
<wf cmd="tag" pos="NN">football_field</wf>
<wf cmd="tag" pos="RB">inside</wf>
<punc>.</punc>
</s>
<s snum="47">
<wf cmd="ignore" pos="CC">And</wf>
<wf cmd="ignore" pos="IN">if</wf>
<wf cmd="ignore" pos="PRP">you</wf>
<wf cmd="ignore" pos="MD">should</wf>
<wf cmd="done" pos="VB" lemma="step" wnsn="1" lexsn="2:38:00::">step</wf>
<wf cmd="ignore" pos="IN">inside</wf>
<wf cmd="ignore" pos="IN">of</wf>
<wf cmd="tag" pos="JJ">such</wf>
<wf cmd="ignore" pos="DT">a</wf>
<wf cmd="tag" pos="JJ">magnified</wf>
<wf cmd="tag" pos="NN">atom</wf>
<punc>,</punc>
<wf cmd="done" pos="VBG" ot="notag">according</wf>
<wf cmd="ignore" pos="TO">to</wf>
<wf cmd="ignore" pos="DT">the</wf>
<wf cmd="tag" pos="NN">physics</wf>
<wf cmd="ignore" pos="IN">of</wf>
<wf cmd="tag" pos="CD">forty</wf>
<wf cmd="tag" pos="NNS">years</wf>
<wf cmd="tag" pos="RB">ago</wf>
<punc>,</punc>
<wf cmd="ignore" pos="PRP">you</wf>
<wf cmd="ignore" pos="MD">would</wf>
<wf cmd="done" pos="VB" lemma="see" wnsn="1" lexsn="2:39:00::">see</wf>
<wf cmd="done" pos="VB" lemma="circulate" wnsn="4" lexsn="2:38:01::">circulating</wf>
<wf cmd="ignore" pos="IN">over</wf>
<wf cmd="ignore" pos="PRP$">your</wf>
<wf cmd="tag" pos="NN">head</wf>
<punc>,</punc>
<wf cmd="tag" pos="RB">down</wf>
<wf cmd="ignore" pos="IN">at</wf>
<wf cmd="ignore" pos="DT">the</wf>
<wf cmd="tag" pos="NNS">sides</wf>
<punc>,</punc>
<wf cmd="ignore" pos="CC">and</wf>
<wf cmd="ignore" pos="IN">under</wf>
<wf cmd="ignore" pos="PRP$">your</wf>
<wf cmd="tag" pos="NNS">feet</wf>
<punc>,</punc>
<wf cmd="ignore" pos="DT">some</wf>
<wf cmd="tag" pos="CD">twenty</wf>
<wf cmd="tag" pos="JJ">luminous</wf>
<wf cmd="tag" pos="NNS">balls</wf>
<wf cmd="ignore" pos="IN">about</wf>
<wf cmd="ignore" pos="DT">the</wf>
<wf cmd="tag" pos="NN">size</wf>
<wf cmd="ignore" pos="IN">of</wf>
<wf cmd="tag" pos="NNS">footballs</wf>
<punc>.</punc>
</s>
<s snum="48">
<wf cmd="ignore" pos="DT">These</wf>
<wf cmd="tag" pos="NNS">balls</wf>
<wf cmd="done" pos="VBP" ot="notag">are</wf>
<wf cmd="done" pos="VB" lemma="move" wnsn="3" lexsn="2:38:00::">moving</wf>
<wf cmd="done" pos="VB" ot="notag">in</wf>
<wf cmd="tag" pos="NN">great_circles</wf>
<wf cmd="ignore" pos="CC">and</wf>
<wf cmd="tag" pos="NNS">ellipses</wf>
<punc>,</punc>
<wf cmd="ignore" pos="CC">and</wf>
<wf cmd="done" pos="VB" lemma="be" wnsn="1" lexsn="2:42:03::">are</wf>
<wf cmd="tag" pos="RB">of_course</wf>
<punc>,</punc>
<wf cmd="ignore" pos="DT">the</wf>
<wf cmd="tag" pos="NNS">electrons</wf>
<punc>,</punc>
<wf cmd="ignore" pos="DT">the</wf>
<wf cmd="tag" pos="NNS">particles</wf>
<wf cmd="ignore" pos="IN">of</wf>
<wf cmd="tag" pos="JJ">negative</wf>
<wf cmd="tag" pos="NN">electricity</wf>
<wf cmd="ignore" pos="WDT">which</wf>
<wf cmd="ignore" pos="IN">by</wf>
<wf cmd="ignore" pos="PRP$">their</wf>
<wf cmd="tag" pos="NN">action</wf>
<wf cmd="done" pos="VB" lemma="create" wnsn="1" lexsn="2:36:00::">create</wf>
<wf cmd="ignore" pos="DT">the</wf>
<wf cmd="tag" pos="NNS">forces</wf>
<wf cmd="ignore" pos="IN">that</wf>
<wf cmd="done" pos="VB" lemma="tie" wnsn="1" lexsn="2:35:00::">tie</wf>
<wf cmd="ignore" pos="DT">this</wf>
<wf cmd="tag" pos="NN">atom</wf>
<wf cmd="ignore" pos="IN">of</wf>
<wf cmd="tag" pos="NN">calcium</wf>
<wf cmd="ignore" pos="TO">to</wf>
<wf cmd="ignore" pos="DT">the</wf>
<wf cmd="tag" pos="JJ">neighboring</wf>
<wf cmd="tag" pos="NNS">atoms</wf>
<wf cmd="ignore" pos="IN">of</wf>
<wf cmd="tag" pos="NN">oxygen</wf>
<wf cmd="ignore" pos="CC">and</wf>
<wf cmd="done" pos="VB" lemma="make_up" wnsn="1" lexsn="2:42:00::">make_up</wf>
<wf cmd="ignore" pos="DT">the</wf>
<wf cmd="tag" pos="JJ">solid</wf>
<wf cmd="tag" pos="NN">structure</wf>
<wf cmd="ignore" pos="IN">of</wf>
<wf cmd="ignore" pos="PRP$">my</wf>
<wf cmd="tag" pos="NN">finger</wf>
<wf cmd="tag" pos="NN">bone</wf>
<punc>.</punc>
</s>
</p>
<p pnum="11">
<s snum="49">
<wf cmd="ignore" pos="IN">Since</wf>
<wf cmd="ignore" pos="DT">these</wf>
<wf cmd="tag" pos="NNS">electrons</wf>
<wf cmd="done" pos="VBP" ot="notag">are</wf>
<wf cmd="done" pos="VB" lemma="move" wnsn="2" lexsn="2:38:01::">moving</wf>
<wf cmd="ignore" pos="IN">like</wf>
<wf cmd="tag" pos="NNS">planets</wf>
<punc>,</punc>
<wf cmd="ignore" pos="PRP">you</wf>
<wf cmd="ignore" pos="MD">may</wf>
<wf cmd="done" pos="VB" lemma="wonder" wnsn="1" lexsn="2:31:00::">wonder</wf>
<wf cmd="ignore" pos="IN">whether</wf>
<wf cmd="ignore" pos="EX">there</wf>
<wf cmd="done" pos="VB" lemma="be" wnsn="4" lexsn="2:42:00::">is</wf>
<wf cmd="ignore" pos="DT">an</wf>
<wf cmd="tag" pos="JJ">atomic</wf>
<wf cmd="tag" pos="NN">sun</wf>
<wf cmd="ignore" pos="IN">at</wf>
<wf cmd="ignore" pos="DT">the</wf>
<wf cmd="tag" pos="NN">center</wf>
<wf cmd="ignore" pos="IN">of</wf>
<wf cmd="ignore" pos="DT">the</wf>
<wf cmd="tag" pos="NN">atom</wf>
<punc>.</punc>
</s>
<s snum="50">
<wf cmd="tag" pos="RB">So</wf>
<wf cmd="ignore" pos="PRP">you</wf>
<wf cmd="done" pos="VB" lemma="look" wnsn="1" lexsn="2:39:00::">look</wf>
<wf cmd="tag" pos="RB">down</wf>
<wf cmd="ignore" pos="EX">there</wf>
<wf cmd="ignore" pos="CC">and</wf>
<wf cmd="ignore" pos="PRP">you</wf>
<wf cmd="done" pos="VB" lemma="see" wnsn="1" lexsn="2:39:00::">see</wf>
<wf cmd="ignore" pos="DT">a</wf>
<wf cmd="tag" pos="JJ">tiny</wf>
<punc>,</punc>
<wf cmd="tag" pos="JJ">whirling</wf>
<wf cmd="tag" pos="NN">point</wf>
<wf cmd="ignore" pos="IN">about</wf>
<wf cmd="ignore" pos="DT">the</wf>
<wf cmd="tag" pos="NN">size</wf>
<wf cmd="ignore" pos="IN">of</wf>
<wf cmd="ignore" pos="DT">the</wf>
<wf cmd="tag" pos="NN">head</wf>
<wf cmd="ignore" pos="IN">of</wf>
<wf cmd="ignore" pos="DT">a</wf>
<wf cmd="tag" pos="NN">pin</wf>
<punc>.</punc>
</s>
<s snum="51">
<wf cmd="ignore" pos="DT">This</wf>
<wf cmd="done" pos="VB" lemma="be" wnsn="2" lexsn="2:42:06::">is</wf>
<wf cmd="ignore" pos="DT">the</wf>
<wf cmd="tag" pos="JJ">atomic</wf>
<wf cmd="tag" pos="NN">sun</wf>
<punc>,</punc>
<wf cmd="ignore" pos="DT">the</wf>
<wf cmd="tag" pos="JJ">atomic</wf>
<wf cmd="tag" pos="NN">nucleus</wf>
<punc>.</punc>
</s>
<s snum="52">
<wf cmd="tag" pos="RB">Even</wf>
<wf cmd="ignore" pos="IN">if</wf>
<wf cmd="ignore" pos="DT">the</wf>
<wf cmd="tag" pos="NN">atom</wf>
<wf cmd="done" pos="VB" lemma="be" wnsn="1" lexsn="2:42:03::">were</wf>
<wf cmd="tag" pos="JJ">big</wf>
<wf cmd="tag" pos="RB">enough</wf>
<wf cmd="ignore" pos="TO">to</wf>
<wf cmd="done" pos="VB" lemma="hold" wnsn="10" lexsn="2:35:01::">hold</wf>
<wf cmd="ignore" pos="DT">a</wf>
<wf cmd="tag" pos="NN">football_field</wf>
<punc>,</punc>
<wf cmd="ignore" pos="DT">this</wf>
<wf cmd="tag" pos="NN">nucleus</wf>
<wf cmd="done" pos="VB" lemma="be" wnsn="1" lexsn="2:42:03::">is</wf>
<wf cmd="tag" pos="RB">still</wf>
<wf cmd="tag" pos="RB">only</wf>
<wf cmd="ignore" pos="IN">about</wf>
<wf cmd="ignore" pos="DT">the</wf>
<wf cmd="tag" pos="NN">size</wf>
<wf cmd="ignore" pos="IN">of</wf>
<wf cmd="ignore" pos="DT">a</wf>
<wf cmd="tag" pos="NN">pinhead</wf>
<punc>.</punc>
</s>
<s snum="53">
<wf cmd="ignore" pos="PRP">It</wf>
<wf cmd="done" pos="VB" lemma="be" wnsn="1" lexsn="2:42:03::">is</wf>
<wf cmd="ignore" pos="DT">this</wf>
<wf cmd="tag" pos="JJ">atomic</wf>
<wf cmd="tag" pos="NN">nucleus</wf>
<wf cmd="ignore" pos="WDT">that</wf>
<wf cmd="done" pos="VB" lemma="contain" wnsn="2" lexsn="2:42:13::">contains</wf>
<wf cmd="ignore" pos="DT">the</wf>
<wf cmd="tag" pos="NN">positive_charge</wf>
<wf cmd="ignore" pos="IN">of</wf>
<wf cmd="tag" pos="NN">electricity</wf>
<wf cmd="done" pos="VB" lemma="hold" wnsn="1" lexsn="2:42:00::">holding</wf>
<wf cmd="ignore" pos="DT">these</wf>
<wf cmd="tag" pos="JJ">negatively_charged</wf>
<wf cmd="tag" pos="NNS">electrons</wf>
<wf cmd="ignore" pos="IN">in</wf>
<wf cmd="ignore" pos="PRP$">their</wf>
<wf cmd="tag" pos="NNS">orbits</wf>
<punc>;</punc>
<wf cmd="ignore" pos="PRP">it</wf>
<wf cmd="tag" pos="RB">also</wf>
<wf cmd="done" pos="VB" lemma="contain" wnsn="2" lexsn="2:42:13::">contains</wf>
<wf cmd="tag" pos="RB">nearly</wf>
<wf cmd="ignore" pos="PDT">all</wf>
<wf cmd="ignore" pos="DT">the</wf>
<wf cmd="tag" pos="NN">mass</wf>
<punc>,</punc>
<wf cmd="ignore" pos="CC">and</wf>
<wf cmd="ignore" pos="DT">the</wf>
<wf cmd="tag" pos="NN">atomic_energy</wf>
<punc>.</punc>
</s>
</p>
<p pnum="12">
<s snum="54">
<wf cmd="ignore" pos="PRP">You</wf>
<wf cmd="ignore" pos="MD">may</wf>
<wf cmd="done" pos="VB" lemma="ask" wnsn="1" lexsn="2:32:00::">ask</wf>
<wf cmd="ignore" pos="WP">what</wf>
<wf cmd="tag" pos="RB">else</wf>
<wf cmd="ignore" pos="EX">there</wf>
<wf cmd="done" pos="VB" lemma="be" wnsn="4" lexsn="2:42:00::">is</wf>
<punc>,</punc>
<wf cmd="ignore" pos="CC">and</wf>
<wf cmd="ignore" pos="DT">the</wf>
<wf cmd="tag" pos="NN">answer</wf>
<wf cmd="done" pos="VB" lemma="be" wnsn="1" lexsn="2:42:03::">is</wf>
<wf cmd="tag" pos="NN">nothing</wf>
<punc>-</punc>
<wf cmd="tag" pos="NN">nothing</wf>
<wf cmd="ignore" pos="CC">but</wf>
<wf cmd="tag" pos="JJ">empty</wf>
<wf cmd="tag" pos="NN">space</wf>
<punc>.</punc>
</s>
<s snum="55">
<wf cmd="ignore" pos="CC">And</wf>
<wf cmd="ignore" pos="IN">since</wf>
<wf cmd="ignore" pos="PRP">you</wf>
<wf cmd="done" pos="VB" lemma="be" wnsn="1" lexsn="2:42:03::">are</wf>
<wf cmd="tag" pos="JJ">made</wf>
<wf cmd="ignore" pos="IN">of</wf>
<wf cmd="tag" pos="NNS">atoms</wf>
<punc>,</punc>
<wf cmd="ignore" pos="PRP">you</wf>
<wf cmd="done" pos="VB" lemma="be" wnsn="1" lexsn="2:42:03::">are</wf>
<wf cmd="tag" pos="NN">nothing</wf>
<wf cmd="tag" pos="JJ">much</wf>
<wf cmd="ignore" pos="CC">but</wf>
<wf cmd="tag" pos="JJ">empty</wf>
<wf cmd="tag" pos="NN">space</wf>
<punc>,</punc>
<wf cmd="tag" pos="RB">too</wf>
<punc>.</punc>
</s>
<s snum="56">
<wf cmd="ignore" pos="IN">If</wf>
<wf cmd="ignore" pos="PRP">I</wf>
<wf cmd="ignore" pos="MD">could</wf>
<wf cmd="done" pos="VB" lemma="put" wnsn="1" lexsn="2:35:00::">put</wf>
<wf cmd="ignore" pos="PRP$">your</wf>
<wf cmd="tag" pos="NN">body</wf>
<wf cmd="ignore" pos="IN">in</wf>
<wf cmd="ignore" pos="DT">an</wf>
<wf cmd="tag" pos="JJ">imaginary</wf>
<wf cmd="tag" pos="JJ">atomic</wf>
<wf cmd="tag" pos="NN">press</wf>
<wf cmd="ignore" pos="CC">and</wf>
<wf cmd="done" pos="VB" lemma="squeeze" wnsn="1" lexsn="2:35:05::">squeeze</wf>
<wf cmd="ignore" pos="PRP">you</wf>
<wf cmd="tag" pos="RB">down</wf>
<punc>,</punc>
<wf cmd="done" pos="VB" lemma="squeeze" wnsn="1" lexsn="2:35:05::">squeeze</wf>
<wf cmd="ignore" pos="DT">these</wf>
<wf cmd="tag" pos="NN">holes</wf>
<wf cmd="tag" pos="RB">out</wf>
<wf cmd="ignore" pos="IN">of</wf>
<wf cmd="ignore" pos="PRP">you</wf>
<wf cmd="ignore" pos="IN">in</wf>
<wf cmd="ignore" pos="DT">the</wf>
<wf cmd="tag" pos="NN">way</wf>
<wf cmd="ignore" pos="PRP">we</wf>
<wf cmd="done" pos="VB" lemma="squeeze" wnsn="1" lexsn="2:35:05::">squeeze</wf>
<wf cmd="ignore" pos="DT">the</wf>
<wf cmd="tag" pos="NN">holes</wf>
<wf cmd="tag" pos="RB">out</wf>
<wf cmd="ignore" pos="IN">of</wf>
<wf cmd="ignore" pos="DT">a</wf>
<wf cmd="tag" pos="NN">sponge</wf>
<punc>,</punc>
<wf cmd="ignore" pos="PRP">you</wf>
<wf cmd="ignore" pos="MD">would</wf>
<wf cmd="done" pos="VB" lemma="get" wnsn="2" lexsn="2:30:00::">get</wf>
<wf cmd="tag" pos="JJR">smaller</wf>
<wf cmd="ignore" pos="CC">and</wf>
<wf cmd="tag" pos="RBR">smaller</wf>
<wf cmd="ignore" pos="IN">until</wf>
<wf cmd="tag" pos="RB">finally</wf>
<wf cmd="ignore" pos="WRB">when</wf>
<wf cmd="ignore" pos="DT">the</wf>
<wf cmd="tag" pos="JJ">last</wf>
<wf cmd="tag" pos="NN">hole</wf>
<wf cmd="done" pos="VB" lemma="be" wnsn="1" lexsn="2:42:03::">was</wf>
<wf cmd="tag" pos="JJ">gone</wf>
<punc>,</punc>
<wf cmd="ignore" pos="PRP">you</wf>
<wf cmd="ignore" pos="MD">would</wf>
<wf cmd="done" pos="VB" lemma="be" wnsn="1" lexsn="2:42:03::">be</wf>
<wf cmd="tag" pos="JJR">smaller</wf>
<wf cmd="ignore" pos="IN">than</wf>
<wf cmd="ignore" pos="DT">the</wf>
<wf cmd="tag" pos="JJS">smallest</wf>
<wf cmd="tag" pos="NN">speck</wf>
<wf cmd="ignore" pos="IN">of</wf>
<wf cmd="tag" pos="NN">dust</wf>
<wf cmd="ignore" pos="IN">that</wf>
<wf cmd="ignore" pos="PRP">you</wf>
<wf cmd="ignore" pos="MD">could</wf>
<wf cmd="done" pos="VB" lemma="see" wnsn="1" lexsn="2:39:00::">see</wf>
<wf cmd="ignore" pos="IN">on</wf>
<wf cmd="ignore" pos="DT">this</wf>
<wf cmd="tag" pos="NN">piece_of_paper</wf>
<punc>.</punc>
</s>
<s snum="57">
<wf cmd="tag" pos="NN">Someone</wf>
<wf cmd="done" pos="VBZ" ot="notag">has</wf>
<wf cmd="done" pos="VB" lemma="remark" wnsn="1" lexsn="2:32:00::">remarked</wf>
<wf cmd="ignore" pos="IN">that</wf>
<wf cmd="ignore" pos="DT">this</wf>
<wf cmd="done" pos="VB" lemma="be" wnsn="1" lexsn="2:42:03::">is</wf>
<wf cmd="tag" pos="RB">certainly</wf>
<wf cmd="ignore" pos="DT">the</wf>
<wf cmd="tag" pos="JJ">ultimate</wf>
<wf cmd="ignore" pos="IN">in</wf>
<wf cmd="tag" pos="NN">reducing</wf>
<punc>.</punc>
</s>
<s snum="58">
<wf cmd="tag" pos="RB">At_any_rate</wf>
<punc>,</punc>
<wf cmd="ignore" pos="PRP">it</wf>
<wf cmd="done" pos="VB" lemma="show" wnsn="2" lexsn="2:31:00::">shows</wf>
<wf cmd="ignore" pos="PRP">us</wf>
<wf cmd="ignore" pos="WRB">how</wf>
<wf cmd="tag" pos="JJ">immaterial</wf>
<wf cmd="ignore" pos="PRP">we</wf>
<wf cmd="done" pos="VB" lemma="be" wnsn="1" lexsn="2:42:03::">are</wf>
<punc>.</punc>
</s>
</p>
<p pnum="13">
<s snum="59">
<wf cmd="tag" pos="RB">Now</wf>
<wf cmd="ignore" pos="DT">this</wf>
<wf cmd="tag" pos="CD">1920</wf>
<wf cmd="tag" pos="NN">view</wf>
<wf cmd="ignore" pos="IN">of</wf>
<wf cmd="ignore" pos="DT">the</wf>
<wf cmd="tag" pos="NN">atom</wf>
<wf cmd="done" pos="VB" lemma="be" wnsn="1" lexsn="2:42:03::">was</wf>
<wf cmd="tag" pos="RB">on_the_whole</wf>
<wf cmd="ignore" pos="DT">a</wf>
<wf cmd="tag" pos="JJ">discouraging</wf>
<wf cmd="tag" pos="NN">picture</wf>
<punc>.</punc>
</s>
<s snum="60">
<wf cmd="ignore" pos="IN">For</wf>
<wf cmd="ignore" pos="PRP">we</wf>
<wf cmd="done" pos="VB" lemma="believe" wnsn="1" lexsn="2:31:00::">believed</wf>
<wf cmd="ignore" pos="IN">that</wf>
<wf cmd="ignore" pos="DT">the</wf>
<wf cmd="tag" pos="NNS">electrons</wf>
<wf cmd="done" pos="VB" lemma="obey" wnsn="1" lexsn="2:41:00::">obeyed</wf>
<wf cmd="ignore" pos="DT">the</wf>
<wf cmd="tag" pos="NN">law</wf>
<wf cmd="ignore" pos="IN">of</wf>
<wf cmd="tag" pos="NNS">mechanics</wf>
<wf cmd="ignore" pos="CC">and</wf>
<wf cmd="tag" pos="NNS">electrodynamics</wf>
<punc>;</punc>
<wf cmd="ignore" pos="CC">and</wf>
<wf cmd="tag" pos="RB">therefore</wf>
<wf cmd="ignore" pos="DT">the</wf>
<wf cmd="tag" pos="NN">atom</wf>
<wf cmd="done" pos="VB" lemma="be" wnsn="1" lexsn="2:42:03::">was</wf>
<wf cmd="tag" pos="RB">really</wf>
<wf cmd="tag" pos="RB">just</wf>
<wf cmd="tag" pos="RB">a_little</wf>
<wf cmd="tag" pos="NN">machine</wf>
<punc>;</punc>
<wf cmd="ignore" pos="CC">and</wf>
<wf cmd="ignore" pos="IN">in</wf>
<wf cmd="tag" pos="NNS">mechanics</wf>
<wf cmd="ignore" pos="DT">the</wf>
<wf cmd="tag" pos="JJ">whole</wf>
<wf cmd="done" pos="VB" lemma="be" wnsn="6" lexsn="2:42:07::">is</wf>
<wf cmd="tag" pos="RB">no_more_than</wf>
<wf cmd="ignore" pos="DT">the</wf>
<wf cmd="tag" pos="NN">sum</wf>
<wf cmd="ignore" pos="IN">of</wf>
<wf cmd="ignore" pos="DT">the</wf>
<wf cmd="tag" pos="NNS">parts</wf>
<punc>.</punc>
</s>
<s snum="61">
<wf cmd="tag" pos="RB">So</wf>
<wf cmd="ignore" pos="IN">if</wf>
<wf cmd="ignore" pos="PRP">you</wf>
<wf cmd="done" pos="VB" lemma="be" wnsn="1" lexsn="2:42:03::">are</wf>
<wf cmd="tag" pos="JJ">made</wf>
<wf cmd="ignore" pos="IN">of</wf>
<wf cmd="tag" pos="NNS">atoms</wf>
<punc>,</punc>
<wf cmd="ignore" pos="PRP">you</wf>
<wf cmd="done" pos="VB" lemma="be" wnsn="1" lexsn="2:42:03::">are</wf>
<wf cmd="tag" pos="RB">just</wf>
<wf cmd="ignore" pos="DT">a</wf>
<wf cmd="tag" pos="JJ">big</wf>
<wf cmd="tag" pos="NN">machine</wf>
<punc>;</punc>
<wf cmd="ignore" pos="CC">and</wf>
<wf cmd="ignore" pos="IN">since</wf>
<wf cmd="ignore" pos="DT">the</wf>
<wf cmd="tag" pos="NN">universe</wf>
<wf cmd="done" pos="VBZ" ot="notag">is</wf>
<wf cmd="tag" pos="RB">also</wf>
<wf cmd="done" pos="VB" lemma="make" wnsn="5" lexsn="2:36:08::">made</wf>
<wf cmd="ignore" pos="IN">of</wf>
<wf cmd="tag" pos="NNS">atoms</wf>
<punc>,</punc>
<wf cmd="ignore" pos="PRP">it</wf>
<wf cmd="done" pos="VB" lemma="be" wnsn="1" lexsn="2:42:03::">is</wf>
<wf cmd="tag" pos="RB">just</wf>
<wf cmd="ignore" pos="DT">a</wf>
<wf cmd="tag" pos="NN">supermachine</wf>
<punc>.</punc>
</s>
<s snum="62">
<wf cmd="ignore" pos="CC">And</wf>
<wf cmd="ignore" pos="DT">this</wf>
<wf cmd="ignore" pos="MD">would</wf>
<wf cmd="done" pos="VB" lemma="mean" wnsn="2" lexsn="2:42:00::">mean</wf>
<wf cmd="ignore" pos="IN">that</wf>
<wf cmd="ignore" pos="PRP">we</wf>
<wf cmd="done" pos="VB" lemma="live" wnsn="1" lexsn="2:42:08::">live</wf>
<wf cmd="tag" pos="RB">in</wf>
<wf cmd="ignore" pos="DT">a</wf>
<wf cmd="tag" pos="JJ">mechanistic</wf>
<wf cmd="tag" pos="NN">universe</wf>
<punc>,</punc>
<wf cmd="done" pos="VB" lemma="govern" wnsn="1" lexsn="2:41:02::">governed</wf>
<wf cmd="ignore" pos="IN">by</wf>
<wf cmd="ignore" pos="DT">the</wf>
<wf cmd="tag" pos="NNS">laws</wf>
<wf cmd="ignore" pos="IN">of</wf>
<wf cmd="tag" pos="NN">cause</wf>
<wf cmd="ignore" pos="CC">and</wf>
<wf cmd="tag" pos="NN">effect</wf>
<punc>,</punc>
<wf cmd="done" pos="VB" lemma="bind" wnsn="2" lexsn="2:41:01::">bound</wf>
<wf cmd="tag" pos="JJ">in_chains</wf>
<wf cmd="ignore" pos="IN">of</wf>
<wf cmd="tag" pos="NN">determinism</wf>
<wf cmd="ignore" pos="WDT">that</wf>
<wf cmd="done" pos="VB" lemma="hold" wnsn="1" lexsn="2:42:00::">hold</wf>
<wf cmd="ignore" pos="DT">the</wf>
<wf cmd="tag" pos="NN">universe</wf>
<wf cmd="ignore" pos="IN">on</wf>
<wf cmd="ignore" pos="DT">a</wf>
<wf cmd="tag" pos="RB">completely</wf>
<wf cmd="tag" pos="JJ">predetermined</wf>
<wf cmd="tag" pos="NN">course</wf>
<wf cmd="tag" pos="RB">in_which</wf>
<wf cmd="ignore" pos="EX">there</wf>
<wf cmd="done" pos="VB" lemma="be" wnsn="1" lexsn="2:42:03::">is</wf>
<wf cmd="tag" pos="RB">not</wf>
<wf cmd="tag" pos="NN">room</wf>
<wf cmd="ignore" pos="IN">for</wf>
<wf cmd="tag" pos="NN">soul</wf>
<wf cmd="ignore" pos="CC">or</wf>
<wf cmd="tag" pos="NN">spirit</wf>
<wf cmd="ignore" pos="CC">or</wf>
<wf cmd="tag" pos="JJ">human</wf>
<wf cmd="tag" pos="NN">freedom</wf>
<punc>.</punc>
</s>
<s snum="63">
<wf cmd="ignore" pos="CC">And</wf>
<wf cmd="ignore" pos="DT">this</wf>
<wf cmd="done" pos="VB" lemma="be" wnsn="2" lexsn="2:42:06::">is</wf>
<wf cmd="ignore" pos="WRB">why</wf>
<wf cmd="tag" pos="RB">so</wf>
<wf cmd="tag" pos="JJ">many</wf>
<wf cmd="tag" pos="NNS">scientists</wf>
<wf cmd="ignore" pos="DT">a</wf>
<wf cmd="tag" pos="NN">half</wf>
<wf cmd="ignore" pos="DT">a</wf>
<wf cmd="tag" pos="NN">century</wf>
<wf cmd="tag" pos="RB">ago</wf>
<wf cmd="done" pos="VB" lemma="be" wnsn="1" lexsn="2:42:03::">were</wf>
<wf cmd="tag" pos="NNS">agnostics</wf>
<wf cmd="ignore" pos="CC">or</wf>
<wf cmd="tag" pos="NNS">atheists</wf>
<punc>.</punc>
</s>
</p>
<p pnum="14">
<s snum="64">
<wf cmd="tag" pos="RB">Then</wf>
<wf cmd="done" pos="VB" lemma="come" wnsn="3" lexsn="2:30:01::">came</wf>
<wf cmd="ignore" pos="DT">the</wf>
<wf cmd="tag" pos="JJ">scientific</wf>
<wf cmd="tag" pos="NN">revolution</wf>
<wf cmd="ignore" pos="IN">in</wf>
<wf cmd="ignore" pos="DT">the</wf>
<wf cmd="tag" pos="JJ">late</wf>
<wf cmd="tag" pos="CD">1920</wf>
<wf cmd="ignore" pos="POS">'s</wf>
<punc>.</punc>
</s>
<s snum="65">
<wf cmd="ignore" pos="DT">A</wf>
<wf cmd="tag" pos="NN">suggestion</wf>
<wf cmd="ignore" pos="IN">from</wf>
<wf cmd="tag" pos="NNP">Louis</wf>
<wf cmd="ignore" pos="FW">de</wf>
<wf cmd="tag" pos="NNP">Broglie</wf>
<punc>,</punc>
<wf cmd="ignore" pos="DT">a</wf>
<wf cmd="tag" pos="NN">physicist</wf>
<wf cmd="ignore" pos="IN">in</wf>
<wf cmd="tag" pos="NNP">France</wf>
<punc>,</punc>
<wf cmd="done" pos="VB" lemma="show" wnsn="7" lexsn="2:32:01::">showed</wf>
<wf cmd="ignore" pos="PRP">us</wf>
<wf cmd="ignore" pos="IN">that</wf>
<wf cmd="ignore" pos="DT">these</wf>
<wf cmd="tag" pos="NNS">electrons</wf>
<wf cmd="done" pos="VB" lemma="be" wnsn="1" lexsn="2:42:03::">are</wf>
<wf cmd="tag" pos="RB">not</wf>
<wf cmd="tag" pos="NN">point</wf>
<wf cmd="tag" pos="NNS">particles</wf>
<wf cmd="ignore" pos="CC">but</wf>
<wf cmd="tag" pos="NNS">waves</wf>
<punc>.</punc>
</s>
<s snum="66">
<wf cmd="ignore" pos="CC">And</wf>
<wf cmd="ignore" pos="TO">to</wf>
<wf cmd="done" pos="VB" lemma="see" wnsn="2" lexsn="2:31:01::">see</wf>
<wf cmd="ignore" pos="DT">the</wf>
<wf cmd="tag" pos="NN">meaning</wf>
<wf cmd="tag" pos="RB">of_this</wf>
<wf cmd="tag" pos="JJ">new</wf>
<wf cmd="tag" pos="NN">picture</wf>
<punc>,</punc>
<wf cmd="done" pos="VB" lemma="imagine" wnsn="1" lexsn="2:36:00::">imagine</wf>
<wf cmd="ignore" pos="IN">that</wf>
<wf cmd="ignore" pos="PRP">you</wf>
<wf cmd="ignore" pos="MD">can</wf>
<wf cmd="done" pos="VB" lemma="put_on" wnsn="1" lexsn="2:29:00::">put_on</wf>
<wf cmd="tag" pos="RBR">more</wf>
<wf cmd="tag" pos="JJ">powerful</wf>
<wf cmd="tag" pos="NNS">glasses</wf>
<wf cmd="ignore" pos="CC">and</wf>
<wf cmd="done" pos="VB" lemma="go_back" wnsn="0" lexsn="2:38:00::">go_back</wf>
<wf cmd="ignore" pos="IN">inside</wf>
<wf cmd="ignore" pos="DT">the</wf>
<wf cmd="tag" pos="NN">atom</wf>
<wf cmd="ignore" pos="CC">and</wf>
<wf cmd="done" pos="VB" lemma="have_a_look" wnsn="1" lexsn="2:39:00::">have_a_look</wf>
<wf cmd="ignore" pos="IN">at</wf>
<wf cmd="ignore" pos="PRP">it</wf>
<wf cmd="ignore" pos="IN">in</wf>
<wf cmd="ignore" pos="DT">the</wf>
<wf cmd="tag" pos="NN">way</wf>
<wf cmd="ignore" pos="PRP">we</wf>
<wf cmd="done" pos="VB" lemma="view" wnsn="1" lexsn="2:31:00::">view</wf>
<wf cmd="ignore" pos="PRP">it</wf>
<wf cmd="tag" pos="NN">today</wf>
<punc>.</punc>
</s>
<s snum="67">
<wf cmd="tag" pos="RB">Now</wf>
<wf cmd="ignore" pos="IN">as</wf>
<wf cmd="ignore" pos="PRP">you</wf>
<wf cmd="done" pos="VB" lemma="step" wnsn="1" lexsn="2:38:00::">step</wf>
<wf cmd="tag" pos="RB">inside</wf>
<punc>,</punc>
<wf cmd="tag" pos="RB">instead</wf>
<wf cmd="ignore" pos="IN">of</wf>
<wf cmd="done" pos="VB" lemma="see" wnsn="1" lexsn="2:39:00::">seeing</wf>
<wf cmd="tag" pos="NNS">particles</wf>
<wf cmd="done" pos="VB" lemma="orbit" wnsn="1" lexsn="2:38:00::">orbiting</wf>
<wf cmd="ignore" pos="IN">around</wf>
<wf cmd="ignore" pos="IN">like</wf>
<wf cmd="tag" pos="NNS">planets</wf>
<punc>,</punc>
<wf cmd="ignore" pos="PRP">you</wf>
<wf cmd="done" pos="VB" lemma="see" wnsn="1" lexsn="2:39:00::">see</wf>
<wf cmd="tag" pos="NNS">waves</wf>
<wf cmd="ignore" pos="CC">and</wf>
<wf cmd="tag" pos="NNS">ripples</wf>
<wf cmd="tag" pos="RB">very_much_like</wf>
<wf cmd="ignore" pos="DT">the</wf>
<wf cmd="tag" pos="NNS">ripples</wf>
<wf cmd="ignore" pos="IN">that</wf>
<wf cmd="ignore" pos="PRP">you</wf>
<wf cmd="done" pos="VB" lemma="get" wnsn="4" lexsn="2:30:03::">get</wf>
<wf cmd="done" pos="VB" ot="notag">on</wf>
<wf cmd="ignore" pos="DT">the</wf>
<wf cmd="tag" pos="NN">surface</wf>
<wf cmd="ignore" pos="IN">of</wf>
<wf cmd="ignore" pos="DT">a</wf>
<wf cmd="tag" pos="NN">pond</wf>
<wf cmd="ignore" pos="WRB">when</wf>
<wf cmd="ignore" pos="PRP">you</wf>
<wf cmd="done" pos="VB" lemma="drop" wnsn="1" lexsn="2:38:01::">drop</wf>
<wf cmd="ignore" pos="DT">a</wf>
<wf cmd="tag" pos="NN">stone</wf>
<wf cmd="ignore" pos="IN">into</wf>
<wf cmd="ignore" pos="PRP">it</wf>
<punc>.</punc>
</s>
<s snum="68">
<wf cmd="ignore" pos="DT">These</wf>
<wf cmd="tag" pos="NNS">ripples</wf>
<wf cmd="done" pos="VB" lemma="spread_out" wnsn="1" lexsn="2:38:00::">spread_out</wf>
<wf cmd="ignore" pos="IN">in</wf>
<wf cmd="tag" pos="JJ">symmetrical</wf>
<wf cmd="tag" pos="NNS">patterns</wf>
<wf cmd="ignore" pos="IN">like</wf>
<wf cmd="ignore" pos="DT">the</wf>
<wf cmd="tag" pos="NN">rose_windows</wf>
<wf cmd="ignore" pos="IN">of</wf>
<wf cmd="ignore" pos="DT">a</wf>
<wf cmd="tag" pos="JJ">great</wf>
<wf cmd="tag" pos="NN">cathedral</wf>
<punc>.</punc>
</s>
<s snum="69">
<wf cmd="ignore" pos="CC">And</wf>
<wf cmd="ignore" pos="IN">as</wf>
<wf cmd="ignore" pos="DT">the</wf>
<wf cmd="tag" pos="NNS">waves</wf>
<wf cmd="done" pos="VB" lemma="flow" wnsn="1" lexsn="2:38:01::">flow</wf>
<wf cmd="tag" pos="RB">back_and_forth</wf>
<wf cmd="ignore" pos="CC">and</wf>
<wf cmd="done" pos="VB" lemma="merge" wnsn="2" lexsn="2:30:01::">merge</wf>
<wf cmd="done" pos="VB" ot="notag">with</wf>
<wf cmd="ignore" pos="DT">the</wf>
<wf cmd="tag" pos="NNS">waves</wf>
<wf cmd="ignore" pos="IN">from</wf>
<wf cmd="ignore" pos="DT">the</wf>
<wf cmd="tag" pos="JJ">neighboring</wf>
<wf cmd="tag" pos="NNS">atoms</wf>
<punc>,</punc>
<wf cmd="ignore" pos="PRP">you</wf>
<wf cmd="ignore" pos="MD">can</wf>
<wf cmd="done" pos="VB" lemma="put_on" wnsn="1" lexsn="2:29:00::">put_on</wf>
<wf cmd="ignore" pos="DT">a</wf>
<wf cmd="tag" pos="NN">magic</wf>
<wf cmd="tag" pos="NN">hearing_aid</wf>
<wf cmd="ignore" pos="CC">and</wf>
<wf cmd="ignore" pos="PRP">you</wf>
<wf cmd="done" pos="VB" lemma="hear" wnsn="1" lexsn="2:39:00::">hear</wf>
<wf cmd="tag" pos="NN">music</wf>
<punc>.</punc>
</s>
<s snum="70">
<wf cmd="ignore" pos="PRP">It</wf>
<wf cmd="done" pos="VB" lemma="be" wnsn="1" lexsn="2:42:03::">is</wf>
<wf cmd="ignore" pos="DT">a</wf>
<wf cmd="tag" pos="NN">music</wf>
<wf cmd="ignore" pos="IN">like</wf>
<wf cmd="ignore" pos="DT">the</wf>
<wf cmd="tag" pos="NN">music</wf>
<wf cmd="ignore" pos="IN">from</wf>
<wf cmd="ignore" pos="DT">a</wf>
<wf cmd="tag" pos="JJ">great</wf>
<wf cmd="tag" pos="NN">organ</wf>
<wf cmd="ignore" pos="CC">or</wf>
<wf cmd="ignore" pos="DT">a</wf>
<wf cmd="tag" pos="JJ">vast</wf>
<wf cmd="tag" pos="NN">orchestra</wf>
<wf cmd="done" pos="VB" lemma="play" wnsn="3" lexsn="2:36:12::">playing</wf>
<wf cmd="ignore" pos="DT">a</wf>
<wf cmd="tag" pos="NN">symphony</wf>
<punc>.</punc>
</s>
<s snum="71">
<wf cmd="tag" pos="NNP">Harmony</wf>
<punc>,</punc>
<wf cmd="tag" pos="NN">melody</wf>
<punc>,</punc>
<wf cmd="tag" pos="NN">counterpoint</wf>
<wf cmd="tag" pos="JJ">symphonic</wf>
<wf cmd="tag" pos="NN">structure</wf>
<wf cmd="done" pos="VB" lemma="be" wnsn="3" lexsn="2:42:05::">are</wf>
<wf cmd="tag" pos="RB">there</wf>
<punc>;</punc>
<wf cmd="ignore" pos="CC">and</wf>
<wf cmd="ignore" pos="IN">as</wf>
<wf cmd="ignore" pos="DT">this</wf>
<wf cmd="tag" pos="NN">music</wf>
<wf cmd="done" pos="VB" lemma="ebb" wnsn="1" lexsn="2:38:00::">ebbs</wf>
<wf cmd="ignore" pos="CC">and</wf>
<wf cmd="done" pos="VB" lemma="flow" wnsn="1" lexsn="2:38:01::">flows</wf>
<punc>,</punc>
<wf cmd="ignore" pos="EX">there</wf>
<wf cmd="done" pos="VB" lemma="be" wnsn="5" lexsn="2:42:04::">is</wf>
<wf cmd="ignore" pos="DT">an</wf>
<wf cmd="tag" pos="JJ">antiphonal</wf>
<wf cmd="tag" pos="NN">chorus</wf>
<wf cmd="ignore" pos="IN">from</wf>
<wf cmd="ignore" pos="PDT">all</wf>
<wf cmd="ignore" pos="DT">the</wf>
<wf cmd="tag" pos="NNS">atoms</wf>
<wf cmd="tag" pos="RB">outside</wf>
<punc>,</punc>
<wf cmd="tag" pos="RB">in_fact</wf>
<wf cmd="ignore" pos="IN">from</wf>
<wf cmd="ignore" pos="DT">the</wf>
<wf cmd="tag" pos="NNS">atoms</wf>
<wf cmd="ignore" pos="IN">of</wf>
<wf cmd="ignore" pos="DT">the</wf>
<wf cmd="tag" pos="JJ">entire</wf>
<wf cmd="tag" pos="NN">universe</wf>
<punc>.</punc>
</s>
<s snum="72">
<wf cmd="ignore" pos="CC">And</wf>
<wf cmd="tag" pos="RB">so</wf>
<wf cmd="tag" pos="NN">today</wf>
<wf cmd="ignore" pos="WRB">when</wf>
<wf cmd="ignore" pos="PRP">we</wf>
<wf cmd="done" pos="VB" lemma="examine" wnsn="1" lexsn="2:31:00::">examine</wf>
<wf cmd="ignore" pos="DT">the</wf>
<wf cmd="tag" pos="NN">structure</wf>
<wf cmd="ignore" pos="IN">of</wf>
<wf cmd="ignore" pos="PRP$">our</wf>
<wf cmd="tag" pos="NN">knowledge</wf>
<wf cmd="ignore" pos="IN">of</wf>
<wf cmd="ignore" pos="DT">the</wf>
<wf cmd="tag" pos="NN">atom</wf>
<wf cmd="ignore" pos="CC">and</wf>
<wf cmd="ignore" pos="IN">of</wf>
<wf cmd="ignore" pos="DT">the</wf>
<wf cmd="tag" pos="NN">universe</wf>
<punc>,</punc>
<wf cmd="ignore" pos="PRP">we</wf>
<wf cmd="done" pos="VBP" ot="notag">are</wf>
<wf cmd="done" pos="VB" lemma="force" wnsn="2" lexsn="2:36:00::">forced</wf>
<wf cmd="ignore" pos="TO">to</wf>
<wf cmd="done" pos="VB" lemma="conclude" wnsn="1" lexsn="2:31:00::">conclude</wf>
<wf cmd="ignore" pos="IN">that</wf>
<wf cmd="ignore" pos="DT">the</wf>
<wf cmd="tag" pos="JJS">best</wf>
<wf cmd="tag" pos="NN">word</wf>
<wf cmd="ignore" pos="TO">to</wf>
<wf cmd="done" pos="VB" lemma="describe" wnsn="1" lexsn="2:32:00::">describe</wf>
<wf cmd="ignore" pos="PRP$">our</wf>
<wf cmd="tag" pos="NN">universe</wf>
<wf cmd="done" pos="VB" lemma="be" wnsn="2" lexsn="2:42:06::">is</wf>
<wf cmd="tag" pos="NN">music</wf>
<punc>.</punc>
</s>
</p>
<p pnum="15">
<s snum="73">
<wf cmd="ignore" pos="DT">The</wf>
<wf cmd="tag" pos="NNP">Island</wf>
<wf cmd="ignore" pos="IN">of</wf>
<wf cmd="tag" pos="NNP">Nantucket</wf>
<punc>,</punc>
<wf cmd="tag" pos="NN">part</wf>
<wf cmd="ignore" pos="IN">of</wf>
<wf cmd="ignore" pos="DT">the</wf>
<wf cmd="tag" pos="NNP">State</wf>
<wf cmd="ignore" pos="IN">of</wf>
<wf cmd="tag" pos="NNP">Massachusetts</wf>
<punc>,</punc>
<wf cmd="done" pos="VB" lemma="lie" wnsn="1" lexsn="2:42:00::">lies</wf>
<wf cmd="ignore" pos="IN">about</wf>
<wf cmd="tag" pos="CD">thirty-one</wf>
<wf cmd="tag" pos="NNS">miles</wf>
<wf cmd="tag" pos="RB">southeast</wf>
<wf cmd="ignore" pos="IN">of</wf>
<wf cmd="ignore" pos="PRP$">its</wf>
<wf cmd="tag" pos="NN">mother</wf>
<wf cmd="tag" pos="NNP">State</wf>
<punc>.</punc>
</s>
<s snum="74">
<wf cmd="ignore" pos="DT">Some</wf>
<wf cmd="ignore" pos="IN">of</wf>
<wf cmd="ignore" pos="DT">the</wf>
<wf cmd="tag" pos="NNP">Island</wf>
<wf cmd="done" pos="VB" lemma="be" wnsn="2" lexsn="2:42:06::">is</wf>
<wf cmd="tag" pos="NN">sand</wf>
<wf cmd="ignore" pos="CC">and</wf>
<wf cmd="done" pos="VB" lemma="be" wnsn="1" lexsn="2:42:03::">is</wf>
<wf cmd="tag" pos="RB">not</wf>
<wf cmd="tag" pos="JJ">suitable</wf>
<wf cmd="ignore" pos="IN">for</wf>
<wf cmd="done" pos="VB" lemma="live" wnsn="1" lexsn="2:42:08::">living</wf>
<punc>.</punc>
</s>
<s snum="75">
<wf cmd="ignore" pos="DT">The</wf>
<wf cmd="tag" pos="NNP">Island</wf>
<wf cmd="tag" pos="NN">folk</wf>
<wf cmd="done" pos="VB" lemma="have" wnsn="1" lexsn="2:40:00::">have</wf>
<wf cmd="ignore" pos="PRP$">their</wf>
<wf cmd="tag" pos="NN">living</wf>
<wf cmd="tag" pos="RB">almost</wf>
<wf cmd="tag" pos="RB">entirely</wf>
<wf cmd="ignore" pos="IN">from</wf>
<wf cmd="tag" pos="NN">summer</wf>
<wf cmd="tag" pos="NNS">visitors</wf>
<punc>;</punc>
<wf cmd="ignore" pos="DT">the</wf>
<wf cmd="tag" pos="NN">rest</wf>
<wf cmd="done" pos="VBZ" ot="notag">is</wf>
<wf cmd="done" pos="VB" lemma="obtain" wnsn="1" lexsn="2:40:00::">obtained</wf>
<wf cmd="ignore" pos="IN">from</wf>
<wf cmd="tag" pos="NN">harbor</wf>
<wf cmd="tag" pos="NNS">scallops</wf>
<punc>.</punc>
</s>
<s snum="76">
<wf cmd="ignore" pos="IN">During</wf>
<wf cmd="ignore" pos="IN">about</wf>
<wf cmd="tag" pos="CD">three</wf>
<wf cmd="ignore" pos="CC">and</wf>
<wf cmd="ignore" pos="DT">a</wf>
<wf cmd="tag" pos="NN">half</wf>
<wf cmd="tag" pos="NNS">months</wf>
<wf cmd="ignore" pos="IN">of</wf>
<wf cmd="ignore" pos="DT">the</wf>
<wf cmd="tag" pos="NN">year</wf>
<punc>,</punc>
<wf cmd="ignore" pos="IN">in</wf>
<wf cmd="ignore" pos="DT">the</wf>
<wf cmd="tag" pos="NN">summer</wf>
<punc>,</punc>
<wf cmd="ignore" pos="EX">there</wf>
<wf cmd="done" pos="VB" lemma="be" wnsn="4" lexsn="2:42:00::">are</wf>
<wf cmd="tag" pos="CD">three</wf>
<wf cmd="tag" pos="NNS">boats</wf>
<wf cmd="ignore" pos="WDT">that</wf>
<wf cmd="done" pos="VB" lemma="run" wnsn="28" lexsn="2:38:03::">run</wf>
<wf cmd="ignore" pos="IN">from</wf>
<wf cmd="ignore" pos="DT">the</wf>
<wf cmd="tag" pos="NN">mainland</wf>
<wf cmd="ignore" pos="TO">to</wf>
<wf cmd="ignore" pos="DT">the</wf>
<wf cmd="tag" pos="NNP">Island</wf>
<wf cmd="done" pos="VB" lemma="carry" wnsn="1" lexsn="2:35:02::">carrying</wf>
<wf cmd="tag" pos="NNS">passengers</wf>
<punc>,</punc>
<wf cmd="tag" pos="NN">food</wf>
<punc>,</punc>
<wf cmd="ignore" pos="CC">and</wf>
<wf cmd="tag" pos="NNS">cars</wf>
<punc>;</punc>
<wf cmd="ignore" pos="CC">but</wf>
<wf cmd="ignore" pos="DT">the</wf>
<wf cmd="tag" pos="NN">rest</wf>
<wf cmd="ignore" pos="IN">of</wf>
<wf cmd="ignore" pos="DT">the</wf>
<wf cmd="tag" pos="NN">year</wf>
<wf cmd="tag" pos="RB">only</wf>
<wf cmd="tag" pos="CD">one</wf>
<wf cmd="tag" pos="NN">boat</wf>
<wf cmd="done" pos="VBZ" ot="notag">is</wf>
<wf cmd="done" pos="VB" lemma="need" wnsn="1" lexsn="2:42:00::">needed</wf>
<punc>,</punc>
<wf cmd="ignore" pos="WDT">which</wf>
<wf cmd="done" pos="VB" lemma="tie_up" wnsn="1" lexsn="2:35:00::">ties_up</wf>
<wf cmd="ignore" pos="IN">at</wf>
<wf cmd="ignore" pos="DT">the</wf>
<wf cmd="tag" pos="NN">mainland</wf>
<wf cmd="tag" pos="NNS">nights</wf>
<wf cmd="ignore" pos="CC">and</wf>
<wf cmd="done" rdf="make_a_trip" pos="VB" lemma="make" wnsn="1" lexsn="2:41:00::">makes</wf>
<wf cmd="ignore" pos="DT">the</wf>
<wf cmd="tag" pos="NN">trip</wf>
<wf cmd="tag" pos="RB">down</wf>
<wf cmd="ignore" pos="TO">to</wf>
<wf cmd="tag" pos="NNP">Nantucket</wf>
<wf cmd="ignore" pos="IN">in</wf>
<wf cmd="ignore" pos="DT">the</wf>
<wf cmd="tag" pos="NN">daytime</wf>
<punc>.</punc>
</s>
<s snum="77">
<wf cmd="ignore" pos="DT">This</wf>
<wf cmd="done" pos="VB" lemma="be" wnsn="1" lexsn="2:42:03::">is</wf>
<wf cmd="ignore" pos="DT">a</wf>
<wf cmd="tag" pos="JJ">fine</wf>
<wf cmd="tag" pos="NN">trip</wf>
<punc>,</punc>
<wf cmd="tag" pos="RB">too</wf>
<punc>,</punc>
<wf cmd="ignore" pos="IN">on</wf>
<wf cmd="ignore" pos="DT">a</wf>
<wf cmd="tag" pos="NN">good_day</wf>
<punc>.</punc>
</s>
<s snum="78">
<wf cmd="ignore" pos="IN">With</wf>
<wf cmd="tag" pos="NNP">Martha</wf>
<wf cmd="ignore" pos="POS">'s</wf>
<wf cmd="tag" pos="NNP">Vineyard</wf>
<wf cmd="tag" pos="RB">on_one_side</wf>
<wf cmd="ignore" pos="CC">and</wf>
<wf cmd="ignore" pos="DT">the</wf>
<wf cmd="tag" pos="JJ">open</wf>
<wf cmd="tag" pos="NN">sea</wf>
<wf cmd="ignore" pos="IN">on</wf>
<wf cmd="ignore" pos="DT">the</wf>
<wf cmd="tag" pos="JJ">other</wf>
<punc>,</punc>
<wf cmd="ignore" pos="PRP">it</wf>
<wf cmd="done" pos="VB" lemma="make" wnsn="5" lexsn="2:36:08::">makes</wf>
<wf cmd="ignore" pos="DT">an</wf>
<wf cmd="tag" pos="JJ">excellent</wf>
<wf cmd="tag" pos="NN">trip</wf>
<wf cmd="ignore" pos="IN">of</wf>
<wf cmd="ignore" pos="IN">about</wf>
<wf cmd="tag" pos="CD">three</wf>
<wf cmd="tag" pos="NNS">hours</wf>
<punc>.</punc>
</s>
</p>
</context>
</contextfile>
