<contextfile concordance="brown">
<context filename="br-d08" paras="yes">
<p pnum="1">
<s snum="1">
<wf cmd="ignore" pos="CC">But</wf>
<punc>,</punc>
<wf cmd="tag" pos="RB">again</wf>
<punc>,</punc>
<wf cmd="ignore" pos="PRP">we</wf>
<wf cmd="done" pos="VB" lemma="have" wnsn="1" lexsn="2:40:00::">have</wf>
<wf cmd="ignore" pos="DT">no</wf>
<wf cmd="tag" pos="JJ">real</wf>
<wf cmd="tag" pos="NN">evidence</wf>
<wf cmd="ignore" pos="IN">on</wf>
<wf cmd="ignore" pos="DT">this</wf>
<wf cmd="tag" pos="RB">from_that</wf>
<wf cmd="tag" pos="NN">quarter</wf>
<wf cmd="ignore" pos="IN">until</wf>
<wf cmd="ignore" pos="DT">the</wf>
<wf cmd="tag" pos="NN">close</wf>
<wf cmd="ignore" pos="IN">of</wf>
<wf cmd="ignore" pos="DT">the</wf>
<wf cmd="tag" pos="JJ">ninth</wf>
<wf cmd="tag" pos="NN">century</wf>
<wf cmd="tag" pos="NNP">A._D.</wf>
<punc>,</punc>
<wf cmd="ignore" pos="WRB">when</wf>
<wf cmd="ignore" pos="DT">an</wf>
<wf cmd="tag" pos="NNP">Arabic</wf>
<wf cmd="tag" pos="NN">scholar</wf>
<punc>,</punc>
<wf cmd="tag" pos="NNP">Tabit</wf>
<wf cmd="tag" pos="NN">ibn</wf>
<wf cmd="tag" pos="NNP">Korra</wf>
<punc>(</punc>
<wf cmd="tag" pos="CD">836</wf>
<punc>-</punc>
<wf cmd="tag" pos="CD">901</wf>
<punc>)</punc>
<wf cmd="done" pos="VBZ" ot="notag">is</wf>
<wf cmd="done" pos="VB" lemma="say" wnsn="2" lexsn="2:32:01::">said</wf>
<wf cmd="ignore" pos="TO">to</wf>
<wf cmd="done" pos="VB" ot="notag">have</wf>
<wf cmd="done" pos="VB" lemma="discuss" wnsn="1" lexsn="2:32:01::">discussed</wf>
<wf cmd="ignore" pos="DT">the</wf>
<wf cmd="tag" pos="NN">magic</wf>
<wf cmd="tag" pos="NN">square</wf>
<wf cmd="ignore" pos="IN">of</wf>
<wf cmd="tag" pos="CD">three</wf>
<punc>.</punc>
</s>
<s snum="2">
<wf cmd="tag" pos="RB">Thus</wf>
<punc>,</punc>
<wf cmd="ignore" pos="IN">while</wf>
<wf cmd="ignore" pos="PRP">it</wf>
<wf cmd="done" pos="VB" lemma="remain" wnsn="1" lexsn="2:30:00::">remains</wf>
<wf cmd="tag" pos="JJ">possible</wf>
<wf cmd="ignore" pos="IN">that</wf>
<wf cmd="ignore" pos="DT">the</wf>
<wf cmd="tag" pos="NNPS">Babylonians</wf>
<wf cmd="ignore" pos="CC">and</wf>
<punc>/</punc>
<wf cmd="ignore" pos="CC">or</wf>
<wf cmd="ignore" pos="DT">the</wf>
<wf cmd="tag" pos="NNPS">Pythagoreans</wf>
<wf cmd="ignore" pos="MD">may</wf>
<wf cmd="tag" pos="RB">perhaps</wf>
<wf cmd="done" pos="VB" ot="notag">have</wf>
<wf cmd="done" pos="VB" lemma="have" wnsn="1" lexsn="2:40:00::">had</wf>
<wf cmd="ignore" pos="DT">the</wf>
<wf cmd="tag" pos="NN">magic</wf>
<wf cmd="tag" pos="NN">square</wf>
<wf cmd="ignore" pos="IN">of</wf>
<wf cmd="tag" pos="CD">three</wf>
<wf cmd="ignore" pos="IN">before</wf>
<wf cmd="ignore" pos="DT">the</wf>
<wf cmd="tag" pos="JJ">Chinese</wf>
<wf cmd="done" pos="VBD" ot="notag">did</wf>
<punc>,</punc>
<wf cmd="tag" pos="RBR">more</wf>
<wf cmd="tag" pos="JJ">definite</wf>
<wf cmd="tag" pos="NN">evidence</wf>
<wf cmd="ignore" pos="MD">will</wf>
<wf cmd="done" pos="VB" lemma="have" wnsn="0" lexsn="2:42:05::">have</wf>
<wf cmd="done" pos="VB" ot="notag">to</wf>
<wf cmd="done" pos="VB" lemma="turn_up" wnsn="1" lexsn="2:30:00::">turn_up</wf>
<wf cmd="ignore" pos="IN">from</wf>
<wf cmd="ignore" pos="DT">the</wf>
<wf cmd="tag" pos="NNP">Middle_East</wf>
<wf cmd="ignore" pos="CC">or</wf>
<wf cmd="ignore" pos="DT">the</wf>
<wf cmd="tag" pos="NNP">Classical_World</wf>
<wf cmd="ignore" pos="IN">before</wf>
<wf cmd="tag" pos="NNP">China</wf>
<wf cmd="ignore" pos="MD">can</wf>
<wf cmd="done" pos="VB" lemma="lose" wnsn="1" lexsn="2:40:02::">lose</wf>
<wf cmd="ignore" pos="PRP$">her</wf>
<wf cmd="tag" pos="NN">claim</wf>
<wf cmd="ignore" pos="TO">to</wf>
<wf cmd="ignore" pos="DT">the</wf>
<wf cmd="tag" pos="JJS">earliest</wf>
<wf cmd="tag" pos="JJ">known</wf>
<wf cmd="tag" pos="NN">magic</wf>
<wf cmd="tag" pos="NN">square</wf>
<wf cmd="ignore" pos="IN">by</wf>
<wf cmd="tag" pos="RB">more_than</wf>
<wf cmd="tag" pos="JJ">a_thousand</wf>
<wf cmd="tag" pos="NNS">years</wf>
<punc>.</punc>
</s>
</p>
<p pnum="2">
<s snum="3">
<wf cmd="ignore" pos="DT">The</wf>
<wf cmd="tag" pos="NN">concept</wf>
<wf cmd="ignore" pos="IN">of</wf>
<wf cmd="ignore" pos="DT">the</wf>
<wf cmd="tag" pos="NNP">Middle_Kingdom</wf>
<wf cmd="tag" pos="JJ">at_peace</wf>
<punc>,</punc>
<wf cmd="tag" pos="JJ">strong</wf>
<wf cmd="ignore" pos="CC">and</wf>
<wf cmd="tag" pos="JJ">united</wf>
<wf cmd="ignore" pos="IN">under</wf>
<wf cmd="ignore" pos="DT">a</wf>
<wf cmd="tag" pos="JJ">forceful</wf>
<wf cmd="tag" pos="NN">ruler</wf>
<punc>,</punc>
<wf cmd="ignore" pos="WDT">which</wf>
<wf cmd="done" pos="VBD" ot="notag">had</wf>
<wf cmd="done" pos="VB" lemma="be" wnsn="1" lexsn="2:42:03::">been</wf>
<wf cmd="tag" pos="RB">only</wf>
<wf cmd="ignore" pos="DT">a</wf>
<wf cmd="tag" pos="JJ">longed-for</wf>
<wf cmd="tag" pos="NN">ideal</wf>
<wf cmd="ignore" pos="IN">in</wf>
<wf cmd="ignore" pos="DT">the</wf>
<wf cmd="tag" pos="NN">time</wf>
<wf cmd="ignore" pos="IN">of</wf>
<wf cmd="ignore" pos="DT">the</wf>
<wf cmd="tag" pos="NNP">Warring</wf>
<wf cmd="tag" pos="NNPS">States</wf>
<punc>,</punc>
<wf cmd="done" pos="VBD" ot="notag">was</wf>
<wf cmd="tag" pos="RB">finally</wf>
<wf cmd="done" pos="VB" lemma="realize" wnsn="3" lexsn="2:36:00::">realized</wf>
<wf cmd="ignore" pos="IN">by</wf>
<wf cmd="ignore" pos="DT">the</wf>
<wf cmd="tag" pos="NN">establishment</wf>
<wf cmd="ignore" pos="IN">of</wf>
<wf cmd="ignore" pos="DT">a</wf>
<wf cmd="tag" pos="JJ">Chinese</wf>
<wf cmd="tag" pos="NNP">Empire</wf>
<wf cmd="ignore" pos="IN">under</wf>
<wf cmd="ignore" pos="DT">the</wf>
<wf cmd="tag" pos="NNP">Ch</wf>
<punc>'</punc>
<wf cmd="ignore" pos="IN">in</wf>
<wf cmd="tag" pos="NN">dynasty</wf>
<punc>(</punc>
<wf cmd="tag" pos="CD">221</wf>
<punc>-</punc>
<wf cmd="tag" pos="CD">207</wf>
<wf cmd="tag" pos="NNP">B.</wf>
<wf cmd="tag" pos="NN">C</wf>
<punc>.</punc>
<punc>)</punc>
<punc>.</punc>
</s>
<s snum="4">
<wf cmd="ignore" pos="CC">But</wf>
<wf cmd="ignore" pos="DT">this</wf>
<wf cmd="done" pos="VBD" ot="notag">was</wf>
<wf cmd="tag" pos="RB">only</wf>
<wf cmd="done" pos="VB" lemma="accomplish" wnsn="1" lexsn="2:36:00::">accomplished</wf>
<wf cmd="ignore" pos="IN">by</wf>
<wf cmd="tag" pos="JJ">excessive</wf>
<wf cmd="tag" pos="NN">cruelty</wf>
<wf cmd="ignore" pos="CC">and</wf>
<wf cmd="tag" pos="NNS">extremes</wf>
<wf cmd="ignore" pos="IN">of</wf>
<wf cmd="tag" pos="JJ">totalitarian</wf>
<wf cmd="tag" pos="NN">despotism</wf>
<punc>.</punc>
</s>
<s snum="5">
<wf cmd="ignore" pos="IN">Among</wf>
<wf cmd="ignore" pos="DT">the</wf>
<wf cmd="tag" pos="JJ">many</wf>
<wf cmd="tag" pos="JJ">severe</wf>
<wf cmd="tag" pos="NNS">measures</wf>
<wf cmd="done" pos="VB" lemma="take" wnsn="1" lexsn="2:41:04::">taken</wf>
<wf cmd="ignore" pos="IN">by</wf>
<wf cmd="ignore" pos="DT">the</wf>
<wf cmd="tag" pos="NNP">First_Emperor</wf>
<punc>,</punc>
<wf cmd="tag" pos="NNP">Shih_Huang-ti</wf>
<punc>,</punc>
<wf cmd="ignore" pos="IN">in</wf>
<wf cmd="ignore" pos="PRP$">his</wf>
<wf cmd="tag" pos="NNS">efforts</wf>
<wf cmd="ignore" pos="TO">to</wf>
<wf cmd="done" pos="VB" lemma="insure" wnsn="1" lexsn="2:31:00::">insure</wf>
<wf cmd="ignore" pos="DT">the</wf>
<wf cmd="tag" pos="NN">continuation</wf>
<wf cmd="tag" pos="RB">of_this</wf>
<wf cmd="tag" pos="JJ">hard-won</wf>
<wf cmd="tag" pos="JJ">national</wf>
<wf cmd="tag" pos="NN">unity</wf>
<punc>,</punc>
<wf cmd="done" pos="VB" lemma="be" wnsn="2" lexsn="2:42:06::">was</wf>
<wf cmd="ignore" pos="DT">the</wf>
<wf cmd="tag" pos="NN">burning</wf>
<wf cmd="ignore" pos="IN">of</wf>
<wf cmd="ignore" pos="DT">the</wf>
<wf cmd="tag" pos="NNS">books</wf>
<wf cmd="ignore" pos="IN">in</wf>
<wf cmd="tag" pos="CD">213</wf>
<wf cmd="tag" pos="NNP">B._C.</wf>
<punc>,</punc>
<wf cmd="ignore" pos="IN">with</wf>
<wf cmd="ignore" pos="DT">the</wf>
<wf cmd="tag" pos="JJ">expressed</wf>
<wf cmd="tag" pos="NN">intention</wf>
<wf cmd="ignore" pos="IN">of</wf>
<wf cmd="done" pos="VB" lemma="remove" wnsn="3" lexsn="2:40:00::">removing</wf>
<wf cmd="tag" pos="JJ">possible</wf>
<wf cmd="tag" pos="NNS">sources</wf>
<wf cmd="ignore" pos="IN">for</wf>
<wf cmd="tag" pos="JJ">divergent</wf>
<wf cmd="tag" pos="NN">thinking</wf>
<punc>;</punc>
<wf cmd="ignore" pos="CC">but</wf>
<punc>,</punc>
<wf cmd="ignore" pos="IN">as</wf>
<wf cmd="ignore" pos="PRP">he</wf>
<wf cmd="done" pos="VB" lemma="have" wnsn="1" lexsn="2:40:00::">had</wf>
<wf cmd="ignore" pos="DT">a</wf>
<wf cmd="tag" pos="JJ">special</wf>
<wf cmd="tag" pos="NN">fondness</wf>
<wf cmd="ignore" pos="IN">for</wf>
<wf cmd="tag" pos="NN">magic</wf>
<wf cmd="ignore" pos="CC">and</wf>
<wf cmd="tag" pos="NN">divination</wf>
<punc>,</punc>
<wf cmd="ignore" pos="PRP">he</wf>
<wf cmd="done" pos="VB" lemma="order" wnsn="1" lexsn="2:32:01::">ordered</wf>
<wf cmd="ignore" pos="IN">that</wf>
<wf cmd="tag" pos="NNS">books</wf>
<wf cmd="ignore" pos="IN">on</wf>
<wf cmd="ignore" pos="DT">these</wf>
<wf cmd="tag" pos="NNS">subjects</wf>
<wf cmd="ignore" pos="MD">should</wf>
<wf cmd="done" pos="VB" ot="notag">be</wf>
<wf cmd="done" pos="VB" lemma="spare" wnsn="1" lexsn="2:41:00::">spared</wf>
<punc>.</punc>
</s>
<s snum="6">
<wf cmd="tag" pos="JJ">Many_of</wf>
<wf cmd="ignore" pos="DT">the</wf>
<wf cmd="tag" pos="NN">latter</wf>
<wf cmd="done" pos="VBD" ot="notag">were</wf>
<wf cmd="done" pos="VB" lemma="destroy" wnsn="2" lexsn="2:35:00::">destroyed</wf>
<wf cmd="ignore" pos="IN">in</wf>
<wf cmd="ignore" pos="PRP$">their</wf>
<wf cmd="tag" pos="NN">turn</wf>
<punc>,</punc>
<wf cmd="ignore" pos="IN">during</wf>
<wf cmd="ignore" pos="DT">the</wf>
<wf cmd="tag" pos="NN">burning</wf>
<wf cmd="ignore" pos="IN">of</wf>
<wf cmd="ignore" pos="DT">the</wf>
<wf cmd="tag" pos="JJ">vast</wf>
<wf cmd="tag" pos="NNP">Ch</wf>
<punc>'</punc>
<wf cmd="ignore" pos="IN">in</wf>
<wf cmd="tag" pos="NN">palace</wf>
<wf cmd="ignore" pos="DT">some</wf>
<wf cmd="tag" pos="CD">ten</wf>
<wf cmd="tag" pos="NNS">years</wf>
<wf cmd="tag" pos="RB">later</wf>
<punc>;</punc>
<wf cmd="tag" pos="RB">yet</wf>
<wf cmd="ignore" pos="DT">some</wf>
<wf cmd="ignore" pos="MD">must</wf>
<wf cmd="done" pos="VB" ot="notag">have</wf>
<wf cmd="done" pos="VB" lemma="survive" wnsn="3" lexsn="2:42:00::">survived</wf>
<punc>,</punc>
<wf cmd="ignore" pos="IN">because</wf>
<wf cmd="ignore" pos="DT">the</wf>
<wf cmd="tag" pos="JJ">old</wf>
<wf cmd="tag" pos="NN">interest</wf>
<wf cmd="ignore" pos="IN">in</wf>
<wf cmd="tag" pos="NN">number</wf>
<wf cmd="tag" pos="NN">symbolism</wf>
<punc>,</punc>
<wf cmd="tag" pos="NN">divination</wf>
<punc>,</punc>
<wf cmd="ignore" pos="CC">and</wf>
<wf cmd="tag" pos="NN">magic</wf>
<wf cmd="done" pos="VB" lemma="persist" wnsn="1" lexsn="2:42:00::">persisted</wf>
<wf cmd="ignore" pos="IN">on</wf>
<wf cmd="ignore" pos="IN">into</wf>
<wf cmd="ignore" pos="DT">the</wf>
<wf cmd="tag" pos="NNP">Han</wf>
<wf cmd="tag" pos="NN">dynasty</wf>
<punc>,</punc>
<wf cmd="ignore" pos="WDT">which</wf>
<wf cmd="done" pos="VB" lemma="succeed" wnsn="1" lexsn="2:41:00::">succeeded</wf>
<wf cmd="done" pos="VB" ot="notag">in</wf>
<wf cmd="done" pos="VB" lemma="reunite" wnsn="2" lexsn="2:41:01::">reuniting</wf>
<wf cmd="tag" pos="NNP">China</wf>
<wf cmd="ignore" pos="CC">and</wf>
<wf cmd="done" pos="VB" lemma="keep" wnsn="1" lexsn="2:42:00::">keeping</wf>
<wf cmd="ignore" pos="PRP">it</wf>
<wf cmd="tag" pos="RB">together</wf>
<wf cmd="ignore" pos="IN">for</wf>
<wf cmd="ignore" pos="DT">a</wf>
<wf cmd="tag" pos="RB">longer</wf>
<wf cmd="tag" pos="NN">period</wf>
<punc>(</punc>
<wf cmd="ignore" pos="IN">from</wf>
<wf cmd="tag" pos="CD">202</wf>
<wf cmd="tag" pos="NNP">B._C.</wf>
<wf cmd="ignore" pos="TO">to</wf>
<wf cmd="tag" pos="NNP">A._D.</wf>
<wf cmd="tag" pos="CD">220</wf>
<punc>)</punc>
<punc>.</punc>
</s>
<s snum="7">
<wf cmd="tag" pos="RB">In_fact</wf>
<punc>,</punc>
<wf cmd="ignore" pos="IN">during</wf>
<wf cmd="ignore" pos="DT">the</wf>
<wf cmd="tag" pos="JJ">first</wf>
<wf cmd="tag" pos="NN">century</wf>
<wf cmd="tag" pos="NNP">B._C.</wf>
<punc>,</punc>
<wf cmd="ignore" pos="DT">an</wf>
<wf cmd="tag" pos="JJ">extensive</wf>
<wf cmd="tag" pos="NN">literature</wf>
<wf cmd="done" pos="VB" lemma="spring_up" wnsn="1" lexsn="2:42:00::">sprang_up</wf>
<wf cmd="tag" pos="JJ">devoted_to</wf>
<wf cmd="ignore" pos="DT">these</wf>
<wf cmd="tag" pos="NNS">subjects</wf>
<punc>,</punc>
<wf cmd="done" pos="VB" lemma="find" wnsn="12" lexsn="2:30:00::">finding</wf>
<wf cmd="ignore" pos="PRP$">its</wf>
<wf cmd="tag" pos="JJ">typical</wf>
<wf cmd="tag" pos="NN">expression</wf>
<wf cmd="ignore" pos="IN">in</wf>
<wf cmd="ignore" pos="DT">the</wf>
<wf cmd="tag" pos="JJ">so-called</wf>
<punc>``</punc>
<wf cmd="tag" pos="NNS">wei</wf>
<wf cmd="tag" pos="NNS">books</wf>
<punc>''</punc>
<punc>,</punc>
<wf cmd="tag" pos="JJ">a_number_of</wf>
<wf cmd="ignore" pos="WDT">which</wf>
<wf cmd="done" pos="VBD" ot="notag">were</wf>
<wf cmd="tag" pos="RB">specifically</wf>
<wf cmd="tag" pos="JJ">devoted_to</wf>
<wf cmd="ignore" pos="DT">the</wf>
<wf cmd="tag" pos="NNP">Lo_Shu</wf>
<wf cmd="ignore" pos="CC">and</wf>
<wf cmd="tag" pos="JJ">related</wf>
<wf cmd="tag" pos="JJ">numerical</wf>
<wf cmd="tag" pos="NNS">diagrams</wf>
<punc>,</punc>
<wf cmd="tag" pos="RB">especially</wf>
<wf cmd="ignore" pos="IN">in</wf>
<wf cmd="tag" pos="NN">connection</wf>
<wf cmd="ignore" pos="IN">with</wf>
<wf cmd="tag" pos="NN">divination</wf>
<punc>.</punc>
</s>
<s snum="8">
<wf cmd="tag" pos="RB">However</wf>
<punc>,</punc>
<wf cmd="ignore" pos="DT">the</wf>
<wf cmd="tag" pos="NNS">wei</wf>
<wf cmd="tag" pos="NNS">books</wf>
<wf cmd="done" pos="VBD" ot="notag">were</wf>
<wf cmd="tag" pos="RB">also</wf>
<wf cmd="done" pos="VB" lemma="destroy" wnsn="1" lexsn="2:36:00::">destroyed</wf>
<wf cmd="tag" pos="RB">in_a_series</wf>
<wf cmd="ignore" pos="IN">of</wf>
<wf cmd="tag" pos="NNP">Orthodox_Confucian</wf>
<wf cmd="tag" pos="NN">purges</wf>
<wf cmd="ignore" pos="WDT">which</wf>
<wf cmd="done" pos="VB" lemma="culminate" wnsn="1" lexsn="2:30:00::">culminated</wf>
<wf cmd="ignore" pos="IN">in</wf>
<wf cmd="ignore" pos="DT">a</wf>
<wf cmd="tag" pos="JJ">final</wf>
<wf cmd="tag" pos="NN">proscription</wf>
<wf cmd="ignore" pos="IN">in</wf>
<wf cmd="tag" pos="CD">605</wf>
<punc>.</punc>
</s>
</p>
<p pnum="3">
<s snum="9">
<wf cmd="tag" pos="RB">After_all</wf>
<wf cmd="ignore" pos="DT">this</wf>
<wf cmd="tag" pos="NN">destruction</wf>
<wf cmd="ignore" pos="IN">of</wf>
<wf cmd="tag" pos="JJ">old</wf>
<wf cmd="tag" pos="NN">literature</wf>
<punc>,</punc>
<wf cmd="ignore" pos="PRP">it</wf>
<wf cmd="ignore" pos="MD">should</wf>
<wf cmd="done" pos="VB" lemma="be" wnsn="1" lexsn="2:42:03::">be</wf>
<wf cmd="tag" pos="JJ">obvious</wf>
<wf cmd="ignore" pos="WRB">why</wf>
<wf cmd="ignore" pos="PRP">we</wf>
<wf cmd="done" pos="VB" lemma="have" wnsn="1" lexsn="2:40:00::">have</wf>
<wf cmd="tag" pos="RB">so</wf>
<wf cmd="tag" pos="JJ">little</wf>
<wf cmd="tag" pos="NN">information</wf>
<wf cmd="ignore" pos="IN">about</wf>
<wf cmd="ignore" pos="DT">the</wf>
<wf cmd="tag" pos="JJ">early</wf>
<wf cmd="tag" pos="NN">history</wf>
<wf cmd="ignore" pos="CC">and</wf>
<wf cmd="tag" pos="NN">development</wf>
<wf cmd="ignore" pos="IN">of</wf>
<wf cmd="ignore" pos="DT">the</wf>
<wf cmd="tag" pos="NNP">Lo_Shu</wf>
<punc>,</punc>
<wf cmd="ignore" pos="WDT">which</wf>
<wf cmd="done" pos="VB" lemma="be" wnsn="1" lexsn="2:42:03::">was</wf>
<wf cmd="tag" pos="RB">already</wf>
<wf cmd="tag" pos="JJ">semisecret</wf>
<wf cmd="tag" pos="RB">anyhow</wf>
<punc>.</punc>
</s>
<s snum="10">
<wf cmd="ignore" pos="CC">But</wf>
<punc>,</punc>
<wf cmd="tag" pos="RB">in_spite_of</wf>
<wf cmd="ignore" pos="DT">all</wf>
<wf cmd="ignore" pos="DT">this</wf>
<punc>,</punc>
<wf cmd="tag" pos="RB">enough</wf>
<wf cmd="tag" pos="NN">evidence</wf>
<wf cmd="done" pos="VB" lemma="remain" wnsn="3" lexsn="2:42:05::">remains</wf>
<wf cmd="ignore" pos="TO">to</wf>
<wf cmd="done" pos="VB" lemma="show" wnsn="3" lexsn="2:32:00::">show</wf>
<wf cmd="ignore" pos="IN">that</wf>
<wf cmd="ignore" pos="DT">the</wf>
<wf cmd="tag" pos="NN">magic</wf>
<wf cmd="tag" pos="NN">square</wf>
<wf cmd="ignore" pos="IN">of</wf>
<wf cmd="tag" pos="CD">three</wf>
<wf cmd="ignore" pos="MD">must</wf>
<wf cmd="tag" pos="RB">indeed</wf>
<wf cmd="done" pos="VB" ot="notag">have</wf>
<wf cmd="done" pos="VB" lemma="be" wnsn="1" lexsn="2:42:03::">been</wf>
<wf cmd="done" pos="VB" ot="notag">the</wf>
<wf cmd="tag" pos="NN">object</wf>
<wf cmd="done" pos="VB" ot="notag">of</wf>
<wf cmd="ignore" pos="DT">a</wf>
<wf cmd="tag" pos="RB">rather</wf>
<wf cmd="tag" pos="JJ">extensive</wf>
<wf cmd="tag" pos="NN">cult</wf>
<punc>-</punc>
<wf cmd="ignore" pos="CC">or</wf>
<wf cmd="tag" pos="NN">series</wf>
<wf cmd="ignore" pos="IN">of</wf>
<wf cmd="tag" pos="NNS">cults</wf>
<punc>-</punc>
<wf cmd="done" pos="VB" lemma="reach" wnsn="2" lexsn="2:38:00::">reaching</wf>
<wf cmd="tag" pos="JJS">fullest</wf>
<wf cmd="tag" pos="NN">expression</wf>
<wf cmd="ignore" pos="IN">in</wf>
<wf cmd="ignore" pos="DT">the</wf>
<wf cmd="tag" pos="NNP">Han</wf>
<wf cmd="tag" pos="NN">period</wf>
<punc>.</punc>
</s>
</p>
<p pnum="4">
<s snum="11">
<wf cmd="ignore" pos="IN">Although</wf>
<wf cmd="tag" pos="JJ">modern</wf>
<wf cmd="tag" pos="NNS">scholars</wf>
<wf cmd="done" pos="VBP" ot="notag">have</wf>
<wf cmd="done" pos="VB" lemma="express" wnsn="1" lexsn="2:32:01::">expressed</wf>
<wf cmd="tag" pos="NN">surprise</wf>
<wf cmd="ignore" pos="IN">that</wf>
<punc>``</punc>
<wf cmd="ignore" pos="DT">the</wf>
<wf cmd="tag" pos="JJ">simple</wf>
<wf cmd="tag" pos="NN">magic</wf>
<wf cmd="tag" pos="NN">square</wf>
<wf cmd="ignore" pos="IN">of</wf>
<wf cmd="tag" pos="CD">three</wf>
<punc>''</punc>
<punc>,</punc>
<wf cmd="ignore" pos="DT">a</wf>
<wf cmd="tag" pos="JJ">mere</wf>
<punc>``</punc>
<wf cmd="tag" pos="JJ">mathematical</wf>
<wf cmd="tag" pos="NN">puzzle</wf>
<punc>''</punc>
<punc>,</punc>
<wf cmd="done" pos="VB" lemma="be" wnsn="1" lexsn="2:42:03::">was</wf>
<wf cmd="tag" pos="JJ">able_to</wf>
<wf cmd="done" pos="VB" lemma="exert" wnsn="1" lexsn="2:34:00::">exert</wf>
<wf cmd="ignore" pos="DT">a</wf>
<wf cmd="tag" pos="JJ">considerable</wf>
<wf cmd="tag" pos="NN">influence</wf>
<wf cmd="ignore" pos="IN">on</wf>
<wf cmd="ignore" pos="DT">the</wf>
<wf cmd="tag" pos="NNS">minds</wf>
<wf cmd="ignore" pos="CC">and</wf>
<wf cmd="tag" pos="NNS">imaginations</wf>
<wf cmd="ignore" pos="IN">of</wf>
<wf cmd="ignore" pos="DT">the</wf>
<wf cmd="tag" pos="JJ">cultured</wf>
<wf cmd="tag" pos="NN">Chinese</wf>
<wf cmd="ignore" pos="IN">for</wf>
<wf cmd="tag" pos="RB">so</wf>
<wf cmd="tag" pos="JJ">many</wf>
<wf cmd="tag" pos="NNS">centuries</wf>
<punc>,</punc>
<wf cmd="ignore" pos="PRP">they</wf>
<wf cmd="ignore" pos="MD">could</wf>
<wf cmd="done" pos="VB" ot="notag">have</wf>
<wf cmd="done" pos="VB" lemma="find" wnsn="1" lexsn="2:40:02::">found</wf>
<wf cmd="tag" pos="JJ">most_of</wf>
<wf cmd="ignore" pos="DT">the</wf>
<wf cmd="tag" pos="NNS">answers</wf>
<wf cmd="tag" pos="NN">right</wf>
<wf cmd="ignore" pos="IN">within</wf>
<wf cmd="ignore" pos="DT">the</wf>
<wf cmd="tag" pos="NN">square</wf>
<wf cmd="ignore" pos="PRP">itself</wf>
<punc>.</punc>
</s>
<s snum="12">
<wf cmd="ignore" pos="CC">But</wf>
<punc>,</punc>
<wf cmd="tag" pos="RB">up_to_now</wf>
<punc>,</punc>
<wf cmd="ignore" pos="DT">no</wf>
<wf cmd="tag" pos="NN">one</wf>
<wf cmd="done" pos="VBZ" ot="notag">has</wf>
<wf cmd="done" pos="VB" lemma="attempt" wnsn="1" lexsn="2:41:00::">attempted</wf>
<wf cmd="ignore" pos="TO">to</wf>
<wf cmd="done" pos="VB" lemma="analyze" wnsn="1" lexsn="2:31:00::">analyze</wf>
<wf cmd="ignore" pos="PRP$">its</wf>
<wf cmd="tag" pos="JJ">inherent</wf>
<wf cmd="tag" pos="JJ">mathematical</wf>
<wf cmd="tag" pos="NNS">properties</wf>
<punc>,</punc>
<wf cmd="ignore" pos="CC">or</wf>
<wf cmd="ignore" pos="DT">the</wf>
<wf cmd="tag" pos="JJ">numerical</wf>
<wf cmd="tag" pos="NN">significance</wf>
<wf cmd="ignore" pos="IN">of</wf>
<wf cmd="ignore" pos="PRP$">its</wf>
<wf cmd="tag" pos="NNS">numbers</wf>
<punc>-</punc>
<wf cmd="tag" pos="RB">singly</wf>
<wf cmd="ignore" pos="CC">or</wf>
<wf cmd="ignore" pos="IN">in</wf>
<wf cmd="tag" pos="NN">combination</wf>
<punc>-</punc>
<wf cmd="tag" pos="RB">and_then</wf>
<wf cmd="done" pos="VB" lemma="try" wnsn="1" lexsn="2:41:00::">tried</wf>
<wf cmd="ignore" pos="TO">to</wf>
<wf cmd="done" pos="VB" lemma="consider" wnsn="2" lexsn="2:39:00::">consider</wf>
<wf cmd="ignore" pos="DT">these</wf>
<wf cmd="ignore" pos="IN">in</wf>
<wf cmd="ignore" pos="DT">the</wf>
<wf cmd="tag" pos="NN">light</wf>
<wf cmd="ignore" pos="IN">of</wf>
<wf cmd="tag" pos="NNP">Old</wf>
<wf cmd="tag" pos="JJ">Chinese</wf>
<wf cmd="tag" pos="JJ">cosmological</wf>
<wf cmd="tag" pos="NNS">concepts</wf>
<punc>.</punc>
</s>
</p>
<p pnum="5">
<s snum="13">
<wf cmd="tag" pos="JJ">Such</wf>
<wf cmd="ignore" pos="DT">an</wf>
<wf cmd="tag" pos="NN">analysis</wf>
<wf cmd="tag" pos="RB">speedily</wf>
<wf cmd="done" pos="VB" lemma="reveal" wnsn="1" lexsn="2:39:00::">reveals</wf>
<wf cmd="ignore" pos="WRB">why</wf>
<wf cmd="ignore" pos="DT">the</wf>
<wf cmd="tag" pos="NN">middle</wf>
<wf cmd="tag" pos="NN">number</wf>
<wf cmd="ignore" pos="IN">of</wf>
<wf cmd="ignore" pos="DT">the</wf>
<wf cmd="tag" pos="NNP">Lo_Shu</wf>
<punc>,</punc>
<wf cmd="tag" pos="CD">5</wf>
<punc>,</punc>
<wf cmd="done" pos="VB" lemma="be" wnsn="1" lexsn="2:42:03::">was</wf>
<wf cmd="tag" pos="RB">so</wf>
<wf cmd="tag" pos="RB">vitally</wf>
<wf cmd="tag" pos="JJ">significant</wf>
<wf cmd="ignore" pos="IN">for</wf>
<wf cmd="ignore" pos="DT">the</wf>
<wf cmd="tag" pos="JJ">Chinese</wf>
<wf cmd="tag" pos="RB">ever</wf>
<wf cmd="ignore" pos="IN">since</wf>
<wf cmd="ignore" pos="DT">the</wf>
<wf cmd="tag" pos="JJS">earliest</wf>
<wf cmd="tag" pos="NNS">hints</wf>
<wf cmd="ignore" pos="IN">that</wf>
<wf cmd="ignore" pos="PRP">they</wf>
<wf cmd="done" pos="VB" lemma="have" wnsn="1" lexsn="2:40:00::">had</wf>
<wf cmd="ignore" pos="DT">a</wf>
<wf cmd="tag" pos="NN">knowledge</wf>
<wf cmd="tag" pos="RB">of_this</wf>
<wf cmd="tag" pos="NN">diagram</wf>
<punc>.</punc>
</s>
<s snum="14">
<wf cmd="ignore" pos="DT">The</wf>
<wf cmd="tag" pos="NN">importance</wf>
<wf cmd="tag" pos="RB">of_this</wf>
<wf cmd="tag" pos="CD">5</wf>
<wf cmd="ignore" pos="MD">can</wf>
<wf cmd="tag" pos="RB">largely</wf>
<wf cmd="done" pos="VB" ot="notag">be</wf>
<wf cmd="done" pos="VB" lemma="explain" wnsn="1" lexsn="2:32:00::">explained</wf>
<wf cmd="ignore" pos="IN">by</wf>
<wf cmd="ignore" pos="DT">the</wf>
<wf cmd="tag" pos="JJ">natural</wf>
<wf cmd="tag" pos="JJ">mathematical</wf>
<wf cmd="tag" pos="NNS">properties</wf>
<wf cmd="ignore" pos="IN">of</wf>
<wf cmd="ignore" pos="DT">the</wf>
<wf cmd="tag" pos="NN">middle</wf>
<wf cmd="tag" pos="NN">number</wf>
<wf cmd="ignore" pos="CC">and</wf>
<wf cmd="ignore" pos="PRP$">its</wf>
<wf cmd="tag" pos="JJ">special</wf>
<wf cmd="tag" pos="NN">relationship</wf>
<wf cmd="ignore" pos="TO">to</wf>
<wf cmd="ignore" pos="PDT">all</wf>
<wf cmd="ignore" pos="DT">the</wf>
<wf cmd="tag" pos="NN">rest</wf>
<wf cmd="ignore" pos="IN">of</wf>
<wf cmd="ignore" pos="DT">the</wf>
<wf cmd="tag" pos="NNS">numbers</wf>
<punc>-</punc>
<wf cmd="tag" pos="RB">quite</wf>
<wf cmd="tag" pos="RB">apart</wf>
<wf cmd="ignore" pos="IN">from</wf>
<wf cmd="ignore" pos="DT">any</wf>
<wf cmd="tag" pos="JJ">numerological</wf>
<wf cmd="tag" pos="NNS">considerations</wf>
<punc>,</punc>
<wf cmd="ignore" pos="WDT">which</wf>
<wf cmd="done" pos="VB" lemma="be" wnsn="2" lexsn="2:42:06::">is</wf>
<wf cmd="ignore" pos="TO">to</wf>
<wf cmd="done" pos="VB" lemma="say" wnsn="1" lexsn="2:32:00::">say</wf>
<punc>,</punc>
<wf cmd="ignore" pos="DT">any</wf>
<wf cmd="tag" pos="JJ">symbolic</wf>
<wf cmd="tag" pos="NN">meaning</wf>
<wf cmd="tag" pos="RB">arbitrarily</wf>
<wf cmd="done" pos="VB" lemma="assign" wnsn="3" lexsn="2:31:02::">assigned</wf>
<wf cmd="done" pos="VB" ot="notag">to</wf>
<wf cmd="ignore" pos="PRP">it</wf>
<punc>.</punc>
</s>
<s snum="15">
<wf cmd="tag" pos="RB">Indeed</wf>
<punc>,</punc>
<wf cmd="tag" pos="RB">mathematically</wf>
<wf cmd="done" pos="VB" lemma="speak" wnsn="2" lexsn="2:32:01::">speaking</wf>
<punc>,</punc>
<wf cmd="ignore" pos="PRP">it</wf>
<wf cmd="done" pos="VB" lemma="be" wnsn="1" lexsn="2:42:03::">was</wf>
<wf cmd="ignore" pos="DT">both</wf>
<wf cmd="tag" pos="RB">functionally</wf>
<wf cmd="ignore" pos="CC">and</wf>
<wf cmd="tag" pos="RB">symbolically</wf>
<wf cmd="tag" pos="RB">the_most</wf>
<wf cmd="tag" pos="JJ">important</wf>
<wf cmd="tag" pos="NN">number</wf>
<wf cmd="ignore" pos="IN">in</wf>
<wf cmd="ignore" pos="DT">the</wf>
<wf cmd="tag" pos="JJ">entire</wf>
<wf cmd="tag" pos="NN">diagram</wf>
<punc>.</punc>
</s>
</p>
<p pnum="6">
<s snum="16">
<wf cmd="ignore" pos="IN">If</wf>
<wf cmd="tag" pos="CD">one</wf>
<wf cmd="done" pos="VB" lemma="take" wnsn="10" lexsn="2:31:01::">takes</wf>
<wf cmd="ignore" pos="DT">the</wf>
<wf cmd="tag" pos="NN">middle</wf>
<wf cmd="tag" pos="NN">number</wf>
<punc>,</punc>
<wf cmd="tag" pos="CD">5</wf>
<punc>,</punc>
<wf cmd="ignore" pos="CC">and</wf>
<wf cmd="done" pos="VB" lemma="multiply" wnsn="1" lexsn="2:31:00::">multiplies</wf>
<wf cmd="ignore" pos="PRP">it</wf>
<wf cmd="ignore" pos="IN">by</wf>
<wf cmd="tag" pos="CD">3</wf>
<punc>(</punc>
<wf cmd="ignore" pos="DT">the</wf>
<wf cmd="tag" pos="NN">base</wf>
<wf cmd="tag" pos="NN">number</wf>
<wf cmd="ignore" pos="IN">of</wf>
<wf cmd="ignore" pos="DT">the</wf>
<wf cmd="tag" pos="NN">magic</wf>
<wf cmd="tag" pos="NN">square</wf>
<wf cmd="ignore" pos="IN">of</wf>
<wf cmd="tag" pos="CD">three</wf>
<punc>)</punc>
<punc>,</punc>
<wf cmd="ignore" pos="DT">the</wf>
<wf cmd="tag" pos="NN">result</wf>
<wf cmd="done" pos="VB" lemma="be" wnsn="2" lexsn="2:42:06::">is</wf>
<wf cmd="tag" pos="CD">15</wf>
<punc>,</punc>
<wf cmd="ignore" pos="WDT">which</wf>
<wf cmd="done" pos="VB" lemma="be" wnsn="2" lexsn="2:42:06::">is</wf>
<wf cmd="tag" pos="RB">also</wf>
<wf cmd="ignore" pos="DT">the</wf>
<wf cmd="tag" pos="JJ">constant</wf>
<wf cmd="tag" pos="NN">sum</wf>
<wf cmd="ignore" pos="IN">of</wf>
<wf cmd="ignore" pos="PDT">all</wf>
<wf cmd="ignore" pos="DT">the</wf>
<wf cmd="tag" pos="NNS">rows</wf>
<punc>,</punc>
<wf cmd="tag" pos="NNS">columns</wf>
<punc>,</punc>
<wf cmd="ignore" pos="CC">and</wf>
<wf cmd="tag" pos="CD">two</wf>
<wf cmd="tag" pos="JJ">main</wf>
<wf cmd="tag" pos="NNS">diagonals</wf>
<punc>.</punc>
</s>
<s snum="17">
<wf cmd="tag" pos="RB">Then</wf>
<punc>,</punc>
<wf cmd="ignore" pos="IN">if</wf>
<wf cmd="ignore" pos="DT">the</wf>
<wf cmd="tag" pos="NN">middle</wf>
<wf cmd="tag" pos="NN">number</wf>
<wf cmd="done" pos="VBZ" ot="notag">is</wf>
<wf cmd="done" pos="VB" lemma="activate" wnsn="2" lexsn="2:30:00::">activated</wf>
<wf cmd="ignore" pos="TO">to</wf>
<wf cmd="ignore" pos="PRP$">its</wf>
<wf cmd="tag" pos="JJS">greatest</wf>
<wf cmd="tag" pos="JJ">potential</wf>
<wf cmd="tag" pos="JJ">in_terms_of</wf>
<wf cmd="ignore" pos="DT">this</wf>
<wf cmd="tag" pos="NN">square</wf>
<punc>,</punc>
<wf cmd="ignore" pos="IN">through</wf>
<wf cmd="done" pos="VB" lemma="multiply" wnsn="1" lexsn="2:31:00::">multiplying</wf>
<wf cmd="ignore" pos="PRP">it</wf>
<wf cmd="ignore" pos="IN">by</wf>
<wf cmd="ignore" pos="DT">the</wf>
<wf cmd="tag" pos="JJS">highest</wf>
<wf cmd="tag" pos="NN">number</wf>
<punc>,</punc>
<wf cmd="tag" pos="CD">9</wf>
<punc>(</punc>
<wf cmd="ignore" pos="WDT">which</wf>
<wf cmd="done" pos="VB" lemma="be" wnsn="2" lexsn="2:42:06::">is</wf>
<wf cmd="ignore" pos="DT">the</wf>
<wf cmd="tag" pos="NN">square</wf>
<wf cmd="ignore" pos="IN">of</wf>
<wf cmd="ignore" pos="DT">the</wf>
<wf cmd="tag" pos="NN">base</wf>
<wf cmd="tag" pos="NN">number</wf>
<punc>)</punc>
<punc>,</punc>
<wf cmd="ignore" pos="DT">the</wf>
<wf cmd="tag" pos="NN">result</wf>
<wf cmd="done" pos="VB" lemma="be" wnsn="2" lexsn="2:42:06::">is</wf>
<wf cmd="tag" pos="CD">45</wf>
<punc>;</punc>
<wf cmd="ignore" pos="CC">and</wf>
<wf cmd="ignore" pos="DT">the</wf>
<wf cmd="tag" pos="NN">latter</wf>
<wf cmd="done" pos="VB" lemma="be" wnsn="6" lexsn="2:42:07::">is</wf>
<wf cmd="ignore" pos="DT">the</wf>
<wf cmd="tag" pos="JJ">total</wf>
<wf cmd="tag" pos="NN">sum</wf>
<wf cmd="ignore" pos="IN">of</wf>
<wf cmd="ignore" pos="PDT">all</wf>
<wf cmd="ignore" pos="DT">the</wf>
<wf cmd="tag" pos="NNS">numbers</wf>
<wf cmd="ignore" pos="IN">in</wf>
<wf cmd="ignore" pos="DT">the</wf>
<wf cmd="tag" pos="NN">square</wf>
<punc>,</punc>
<wf cmd="ignore" pos="IN">by</wf>
<wf cmd="ignore" pos="WDT">which</wf>
<wf cmd="ignore" pos="DT">all</wf>
<wf cmd="ignore" pos="DT">the</wf>
<wf cmd="tag" pos="JJ">other</wf>
<wf cmd="tag" pos="NNS">numbers</wf>
<wf cmd="done" pos="VBP" ot="notag">are</wf>
<wf cmd="done" pos="VB" lemma="overshadow" wnsn="1" lexsn="2:42:00::">overshadowed</wf>
<wf cmd="ignore" pos="CC">and</wf>
<wf cmd="tag" pos="RB">in_which</wf>
<wf cmd="ignore" pos="PRP">they</wf>
<wf cmd="ignore" pos="MD">may</wf>
<wf cmd="done" pos="VB" ot="notag">be</wf>
<wf cmd="done" pos="VB" lemma="say" wnsn="1" lexsn="2:32:00::">said</wf>
<wf cmd="ignore" pos="TO">to</wf>
<wf cmd="done" pos="VB" ot="notag">be</wf>
<wf cmd="done" pos="VB" lemma="absorb" wnsn="5" lexsn="2:30:00::">absorbed</wf>
<punc>.</punc>
</s>
</p>
<p pnum="7">
<s snum="18">
<wf cmd="tag" pos="RB">Furthermore</wf>
<punc>,</punc>
<wf cmd="ignore" pos="DT">the</wf>
<wf cmd="tag" pos="NN">middle</wf>
<wf cmd="tag" pos="NN">number</wf>
<wf cmd="ignore" pos="IN">of</wf>
<wf cmd="ignore" pos="DT">the</wf>
<wf cmd="tag" pos="NNP">Lo_Shu</wf>
<wf cmd="done" pos="VB" lemma="be" wnsn="2" lexsn="2:42:06::">is</wf>
<wf cmd="tag" pos="RB">not_only</wf>
<wf cmd="ignore" pos="DT">the</wf>
<wf cmd="tag" pos="JJ">physical</wf>
<wf cmd="tag" pos="NN">mean</wf>
<wf cmd="ignore" pos="IN">between</wf>
<wf cmd="ignore" pos="DT">every</wf>
<wf cmd="tag" pos="JJ">opposing</wf>
<wf cmd="tag" pos="NN">pair</wf>
<wf cmd="ignore" pos="IN">of</wf>
<wf cmd="ignore" pos="DT">the</wf>
<wf cmd="tag" pos="JJ">other</wf>
<wf cmd="tag" pos="NNS">numbers</wf>
<punc>,</punc>
<wf cmd="ignore" pos="IN">by</wf>
<wf cmd="tag" pos="NN">reason</wf>
<wf cmd="ignore" pos="IN">of</wf>
<wf cmd="ignore" pos="PRP$">its</wf>
<wf cmd="tag" pos="JJ">central</wf>
<wf cmd="tag" pos="NN">position</wf>
<punc>;</punc>
<wf cmd="ignore" pos="PRP">it</wf>
<wf cmd="done" pos="VB" lemma="be" wnsn="2" lexsn="2:42:06::">is</wf>
<wf cmd="tag" pos="RB">also</wf>
<wf cmd="ignore" pos="PRP$">their</wf>
<wf cmd="tag" pos="JJ">mathematical</wf>
<wf cmd="tag" pos="NN">mean</wf>
<punc>,</punc>
<wf cmd="ignore" pos="IN">since</wf>
<wf cmd="ignore" pos="PRP">it</wf>
<wf cmd="done" pos="VB" lemma="be" wnsn="1" lexsn="2:42:03::">is</wf>
<wf cmd="done" pos="VB" lemma="equal" wnsn="1" lexsn="2:42:00::">equal</wf>
<wf cmd="done" pos="VB" ot="notag">to</wf>
<wf cmd="tag" pos="NN">half</wf>
<wf cmd="ignore" pos="DT">the</wf>
<wf cmd="tag" pos="NN">sum</wf>
<wf cmd="ignore" pos="IN">of</wf>
<wf cmd="ignore" pos="DT">every</wf>
<wf cmd="tag" pos="JJ">opposing</wf>
<wf cmd="tag" pos="NN">pair</wf>
<punc>,</punc>
<wf cmd="tag" pos="JJ">all_of</wf>
<wf cmd="ignore" pos="WDT">which</wf>
<wf cmd="tag" pos="JJ">equal</wf>
<wf cmd="tag" pos="CD">10</wf>
<punc>.</punc>
</s>
<s snum="19">
<wf cmd="tag" pos="RB">In_fact</wf>
<punc>,</punc>
<wf cmd="ignore" pos="DT">the</wf>
<wf cmd="tag" pos="JJ">neat</wf>
<wf cmd="tag" pos="NN">balance</wf>
<wf cmd="ignore" pos="IN">of</wf>
<wf cmd="ignore" pos="DT">these</wf>
<wf cmd="tag" pos="NNS">pairs</wf>
<punc>,</punc>
<wf cmd="ignore" pos="CC">and</wf>
<wf cmd="ignore" pos="PRP$">their</wf>
<wf cmd="tag" pos="JJ">subtle</wf>
<wf cmd="tag" pos="NN">equilibrium</wf>
<punc>,</punc>
<wf cmd="ignore" pos="MD">would</wf>
<wf cmd="done" pos="VB" ot="notag">have</wf>
<wf cmd="done" pos="VB" lemma="have" wnsn="1" lexsn="2:40:00::">had</wf>
<wf cmd="tag" pos="JJ">special</wf>
<wf cmd="tag" pos="NN">meaning</wf>
<wf cmd="ignore" pos="IN">in</wf>
<wf cmd="ignore" pos="DT">the</wf>
<wf cmd="tag" pos="NNS">minds</wf>
<wf cmd="ignore" pos="IN">of</wf>
<wf cmd="ignore" pos="DT">the</wf>
<wf cmd="tag" pos="NNP">Old</wf>
<wf cmd="tag" pos="JJ">Chinese</wf>
<punc>.</punc>
</s>
<s snum="20">
<wf cmd="ignore" pos="IN">For</wf>
<wf cmd="ignore" pos="PRP">they</wf>
<wf cmd="done" pos="VB" lemma="consider" wnsn="1" lexsn="2:31:00::">considered</wf>
<wf cmd="ignore" pos="DT">the</wf>
<wf cmd="tag" pos="JJ">odd</wf>
<wf cmd="tag" pos="NNS">numbers</wf>
<wf cmd="ignore" pos="IN">as</wf>
<wf cmd="tag" pos="JJ">male</wf>
<wf cmd="ignore" pos="CC">and</wf>
<wf cmd="ignore" pos="DT">the</wf>
<wf cmd="tag" pos="JJ">even</wf>
<wf cmd="tag" pos="NNS">ones</wf>
<wf cmd="ignore" pos="IN">as</wf>
<wf cmd="tag" pos="JJ">female</wf>
<punc>,</punc>
<wf cmd="done" pos="VB" lemma="equate" wnsn="1" lexsn="2:31:00::">equating</wf>
<wf cmd="ignore" pos="DT">the</wf>
<wf cmd="tag" pos="CD">two</wf>
<wf cmd="tag" pos="NN">groups</wf>
<wf cmd="done" pos="VB" ot="notag">with</wf>
<wf cmd="ignore" pos="DT">the</wf>
<wf cmd="tag" pos="NNP">Yang</wf>
<wf cmd="ignore" pos="CC">and</wf>
<wf cmd="tag" pos="NNP">Yin</wf>
<wf cmd="tag" pos="NNS">principles</wf>
<wf cmd="ignore" pos="IN">in</wf>
<wf cmd="tag" pos="NNP">Nature</wf>
<punc>;</punc>
<wf cmd="ignore" pos="CC">and</wf>
<wf cmd="tag" pos="RB">in_this</wf>
<wf cmd="tag" pos="NN">square</wf>
<punc>,</punc>
<wf cmd="ignore" pos="DT">the</wf>
<wf cmd="tag" pos="JJ">respective</wf>
<wf cmd="tag" pos="NNS">pairs</wf>
<wf cmd="done" pos="VB" lemma="make_up" wnsn="1" lexsn="2:42:00::">made_up</wf>
<wf cmd="ignore" pos="IN">of</wf>
<wf cmd="tag" pos="JJ">large</wf>
<wf cmd="ignore" pos="CC">and</wf>
<wf cmd="tag" pos="JJ">small</wf>
<wf cmd="tag" pos="JJ">odd</wf>
<punc>(</punc>
<wf cmd="tag" pos="NNP">Yang</wf>
<punc>)</punc>
<wf cmd="tag" pos="NNS">numbers</wf>
<punc>,</punc>
<wf cmd="ignore" pos="CC">and</wf>
<wf cmd="ignore" pos="DT">those</wf>
<wf cmd="done" pos="VB" lemma="compose" wnsn="1" lexsn="2:42:00::">composed</wf>
<wf cmd="ignore" pos="IN">of</wf>
<wf cmd="tag" pos="JJ">large</wf>
<wf cmd="ignore" pos="CC">and</wf>
<wf cmd="tag" pos="JJ">small</wf>
<wf cmd="tag" pos="RB">even</wf>
<punc>(</punc>
<wf cmd="tag" pos="NNP">Yin</wf>
<punc>)</punc>
<wf cmd="tag" pos="NNS">numbers</wf>
<punc>,</punc>
<wf cmd="done" pos="VB" lemma="be" wnsn="1" lexsn="2:42:03::">were</wf>
<wf cmd="ignore" pos="DT">all</wf>
<wf cmd="tag" pos="JJ">equal_to</wf>
<wf cmd="ignore" pos="DT">each</wf>
<wf cmd="tag" pos="NN">other</wf>
<punc>.</punc>
</s>
<s snum="21">
<wf cmd="tag" pos="RB">Thus</wf>
<wf cmd="ignore" pos="DT">all</wf>
<wf cmd="tag" pos="NNS">differences</wf>
<wf cmd="done" pos="VBD" ot="notag">were</wf>
<wf cmd="done" pos="VB" lemma="level" wnsn="3" lexsn="2:35:01::">leveled</wf>
<punc>,</punc>
<wf cmd="ignore" pos="CC">and</wf>
<wf cmd="ignore" pos="DT">all</wf>
<wf cmd="tag" pos="NNS">contrasts</wf>
<wf cmd="done" pos="VB" lemma="erase" wnsn="1" lexsn="2:30:00::">erased</wf>
<punc>,</punc>
<wf cmd="ignore" pos="IN">in</wf>
<wf cmd="ignore" pos="DT">a</wf>
<wf cmd="tag" pos="NN">realm</wf>
<wf cmd="ignore" pos="IN">of</wf>
<wf cmd="ignore" pos="DT">no</wf>
<wf cmd="tag" pos="NN">distinction</wf>
<punc>,</punc>
<wf cmd="ignore" pos="CC">and</wf>
<wf cmd="ignore" pos="DT">the</wf>
<wf cmd="tag" pos="JJ">harmonious</wf>
<wf cmd="tag" pos="NN">balance</wf>
<wf cmd="ignore" pos="IN">of</wf>
<wf cmd="ignore" pos="DT">the</wf>
<wf cmd="tag" pos="NNP">Lo_Shu</wf>
<wf cmd="tag" pos="NN">square</wf>
<wf cmd="ignore" pos="MD">could</wf>
<wf cmd="tag" pos="RB">effectively</wf>
<wf cmd="done" pos="VB" lemma="symbolize" wnsn="1" lexsn="2:32:00::">symbolize</wf>
<wf cmd="ignore" pos="DT">the</wf>
<wf cmd="tag" pos="NN">world</wf>
<wf cmd="ignore" pos="IN">in</wf>
<wf cmd="tag" pos="JJ">balanced</wf>
<wf cmd="tag" pos="NN">harmony</wf>
<wf cmd="ignore" pos="IN">around</wf>
<wf cmd="ignore" pos="DT">a</wf>
<wf cmd="tag" pos="JJ">powerful</wf>
<wf cmd="tag" pos="JJ">central</wf>
<wf cmd="tag" pos="NN">axis</wf>
<punc>.</punc>
</s>
</p>
<p pnum="8">
<s snum="22">
<wf cmd="ignore" pos="DT">The</wf>
<wf cmd="tag" pos="JJ">tremendous</wf>
<wf cmd="tag" pos="NN">emphasis</wf>
<wf cmd="ignore" pos="IN">on</wf>
<wf cmd="ignore" pos="DT">the</wf>
<wf cmd="tag" pos="CD">5</wf>
<wf cmd="ignore" pos="IN">in</wf>
<wf cmd="ignore" pos="DT">the</wf>
<wf cmd="tag" pos="NNP">Lo_Shu</wf>
<wf cmd="tag" pos="NN">square</wf>
<punc>-</punc>
<wf cmd="ignore" pos="IN">for</wf>
<wf cmd="tag" pos="RB">purely</wf>
<wf cmd="tag" pos="JJ">mathematical</wf>
<wf cmd="tag" pos="NNS">reasons</wf>
<punc>-</punc>
<wf cmd="ignore" pos="CC">and</wf>
<wf cmd="ignore" pos="DT">the</wf>
<wf cmd="tag" pos="NN">fact</wf>
<wf cmd="ignore" pos="IN">that</wf>
<wf cmd="ignore" pos="DT">this</wf>
<wf cmd="tag" pos="NN">number</wf>
<wf cmd="tag" pos="RB">so</wf>
<wf cmd="tag" pos="RB">neatly</wf>
<wf cmd="done" pos="VB" lemma="symbolize" wnsn="1" lexsn="2:32:00::">symbolized</wf>
<wf cmd="ignore" pos="DT">the</wf>
<wf cmd="tag" pos="NN">heart</wf>
<wf cmd="ignore" pos="CC">and</wf>
<wf cmd="tag" pos="NN">center</wf>
<wf cmd="ignore" pos="IN">of</wf>
<wf cmd="ignore" pos="DT">the</wf>
<wf cmd="tag" pos="NN">universe</wf>
<punc>,</punc>
<wf cmd="ignore" pos="MD">could</wf>
<wf cmd="tag" pos="RB">well</wf>
<wf cmd="done" pos="VB" lemma="explain" wnsn="1" lexsn="2:32:00::">explain</wf>
<wf cmd="ignore" pos="WRB">why</wf>
<wf cmd="ignore" pos="DT">the</wf>
<wf cmd="tag" pos="NNP">Old</wf>
<wf cmd="tag" pos="JJ">Chinese</wf>
<wf cmd="done" pos="VB" lemma="seem" wnsn="1" lexsn="2:39:00::">seem</wf>
<wf cmd="ignore" pos="TO">to</wf>
<wf cmd="done" pos="VB" ot="notag">have</wf>
<wf cmd="tag" pos="RB">so</wf>
<wf cmd="done" pos="VB" lemma="revere" wnsn="2" lexsn="2:37:00::">revered</wf>
<wf cmd="ignore" pos="DT">the</wf>
<wf cmd="tag" pos="NN">number</wf>
<wf cmd="tag" pos="CD">5</wf>
<punc>,</punc>
<wf cmd="ignore" pos="CC">and</wf>
<wf cmd="ignore" pos="WRB">why</wf>
<wf cmd="ignore" pos="PRP">they</wf>
<wf cmd="done" pos="VB" lemma="put" wnsn="2" lexsn="2:35:05::">put</wf>
<wf cmd="tag" pos="RB">so_much</wf>
<wf cmd="tag" pos="NN">stress</wf>
<wf cmd="ignore" pos="IN">on</wf>
<wf cmd="ignore" pos="DT">the</wf>
<wf cmd="tag" pos="NN">concept</wf>
<wf cmd="ignore" pos="IN">of</wf>
<wf cmd="tag" pos="NN">Centrality</wf>
<punc>.</punc>
</s>
<s snum="23">
<wf cmd="ignore" pos="DT">These</wf>
<wf cmd="tag" pos="JJ">twin</wf>
<wf cmd="tag" pos="NNS">tendencies</wf>
<wf cmd="done" pos="VB" lemma="seem" wnsn="1" lexsn="2:39:00::">seem</wf>
<wf cmd="ignore" pos="TO">to</wf>
<wf cmd="done" pos="VB" ot="notag">have</wf>
<wf cmd="done" pos="VB" lemma="reach" wnsn="2" lexsn="2:38:00::">reached</wf>
<wf cmd="ignore" pos="PRP$">their</wf>
<wf cmd="tag" pos="NN">height</wf>
<wf cmd="ignore" pos="IN">in</wf>
<wf cmd="ignore" pos="DT">the</wf>
<wf cmd="tag" pos="NNP">Han</wf>
<wf cmd="tag" pos="NN">dynasty</wf>
<punc>.</punc>
</s>
</p>
<p pnum="9">
<s snum="24">
<wf cmd="ignore" pos="DT">The</wf>
<wf cmd="tag" pos="JJ">existing</wf>
<wf cmd="tag" pos="NN">reverence</wf>
<wf cmd="ignore" pos="IN">for</wf>
<wf cmd="tag" pos="NN">Centrality</wf>
<wf cmd="ignore" pos="MD">must</wf>
<wf cmd="done" pos="VB" ot="notag">have</wf>
<wf cmd="done" pos="VBN" ot="notag">been</wf>
<wf cmd="tag" pos="RB">still</wf>
<wf cmd="tag" pos="JJ">further</wf>
<wf cmd="done" pos="VB" lemma="stimulate" wnsn="1" lexsn="2:30:00::">stimulated</wf>
<wf cmd="ignore" pos="IN">toward</wf>
<wf cmd="ignore" pos="DT">the</wf>
<wf cmd="tag" pos="NN">close</wf>
<wf cmd="ignore" pos="IN">of</wf>
<wf cmd="ignore" pos="DT">the</wf>
<wf cmd="tag" pos="JJ">second</wf>
<wf cmd="tag" pos="NN">century</wf>
<wf cmd="tag" pos="NNP">B._C.</wf>
<punc>,</punc>
<wf cmd="ignore" pos="WRB">when</wf>
<wf cmd="ignore" pos="DT">the</wf>
<wf cmd="tag" pos="NNP">Han_Emperor_Wu_Ti</wf>
<wf cmd="done" pos="VB" lemma="order" wnsn="1" lexsn="2:32:01::">ordered</wf>
<wf cmd="ignore" pos="DT">the</wf>
<wf cmd="tag" pos="JJ">dynastic</wf>
<wf cmd="tag" pos="NN">color</wf>
<wf cmd="done" pos="VB" lemma="change" wnsn="1" lexsn="2:30:01::">changed</wf>
<wf cmd="ignore" pos="TO">to</wf>
<wf cmd="tag" pos="JJ">yellow</wf>
<punc>-</punc>
<wf cmd="ignore" pos="WDT">which</wf>
<wf cmd="done" pos="VB" lemma="symbolize" wnsn="1" lexsn="2:32:00::">symbolized</wf>
<wf cmd="ignore" pos="DT">the</wf>
<wf cmd="tag" pos="NNP">Center</wf>
<wf cmd="ignore" pos="IN">among</wf>
<wf cmd="ignore" pos="DT">the</wf>
<wf cmd="tag" pos="JJ">traditional</wf>
<wf cmd="tag" pos="CD">Five</wf>
<wf cmd="tag" pos="NNP">Directions</wf>
<punc>-</punc>
<wf cmd="ignore" pos="CC">and</wf>
<wf cmd="done" pos="VB" lemma="take" wnsn="10" lexsn="2:31:01::">took</wf>
<wf cmd="tag" pos="CD">5</wf>
<wf cmd="ignore" pos="IN">as</wf>
<wf cmd="ignore" pos="DT">the</wf>
<wf cmd="tag" pos="JJ">dynastic</wf>
<wf cmd="tag" pos="NN">number</wf>
<punc>,</punc>
<wf cmd="done" pos="VB" lemma="believe" wnsn="1" lexsn="2:31:00::">believing</wf>
<wf cmd="ignore" pos="IN">that</wf>
<wf cmd="ignore" pos="PRP">he</wf>
<wf cmd="ignore" pos="MD">would</wf>
<wf cmd="tag" pos="RB">thus</wf>
<wf cmd="done" pos="VB" lemma="place" wnsn="1" lexsn="2:35:00::">place</wf>
<wf cmd="ignore" pos="PRP">himself</wf>
<punc>,</punc>
<wf cmd="ignore" pos="PRP$">his</wf>
<wf cmd="tag" pos="JJ">imperial</wf>
<wf cmd="tag" pos="NN">family</wf>
<punc>,</punc>
<wf cmd="ignore" pos="CC">and</wf>
<wf cmd="ignore" pos="DT">the</wf>
<wf cmd="tag" pos="NN">nation</wf>
<wf cmd="ignore" pos="IN">under</wf>
<wf cmd="tag" pos="RB">the_most</wf>
<wf cmd="tag" pos="JJ">auspicious</wf>
<wf cmd="tag" pos="NNS">influences</wf>
<punc>.</punc>
</s>
<s snum="25">
<wf cmd="ignore" pos="PRP$">His</wf>
<wf cmd="tag" pos="JJ">immediate</wf>
<wf cmd="tag" pos="NN">motive</wf>
<wf cmd="ignore" pos="IN">for</wf>
<wf cmd="done" pos="VB" lemma="do" wnsn="1" lexsn="2:41:01::">doing</wf>
<wf cmd="ignore" pos="DT">this</wf>
<wf cmd="done" pos="VB" lemma="may" wnsn="0" lexsn="2:42:01::">may</wf>
<wf cmd="tag" pos="RB">not</wf>
<wf cmd="done" pos="VBP" ot="notag">have</wf>
<wf cmd="done" pos="VBN" ot="notag">been</wf>
<wf cmd="tag" pos="RB">directly</wf>
<wf cmd="done" pos="VB" lemma="inspire" wnsn="1" lexsn="2:37:00::">inspired</wf>
<wf cmd="ignore" pos="IN">by</wf>
<wf cmd="ignore" pos="DT">the</wf>
<wf cmd="tag" pos="NNP">Lo_Shu</wf>
<punc>,</punc>
<wf cmd="ignore" pos="CC">but</wf>
<wf cmd="ignore" pos="DT">this</wf>
<wf cmd="tag" pos="NN">measure</wf>
<wf cmd="ignore" pos="MD">must</wf>
<wf cmd="tag" pos="RB">inevitably</wf>
<wf cmd="done" pos="VB" ot="notag">have</wf>
<wf cmd="done" pos="VB" lemma="increase" wnsn="2" lexsn="2:30:02::">increased</wf>
<wf cmd="ignore" pos="DT">the</wf>
<wf cmd="tag" pos="JJ">existing</wf>
<wf cmd="tag" pos="NNS">beliefs</wf>
<wf cmd="ignore" pos="IN">in</wf>
<wf cmd="ignore" pos="DT">the</wf>
<wf cmd="tag" pos="NN">latter</wf>
<wf cmd="ignore" pos="POS">'s</wf>
<wf cmd="tag" pos="NN">efficacy</wf>
<punc>.</punc>
</s>
</p>
<p pnum="10">
<s snum="26">
<wf cmd="ignore" pos="IN">After</wf>
<wf cmd="ignore" pos="DT">this</wf>
<wf cmd="tag" pos="NN">time</wf>
<punc>,</punc>
<wf cmd="tag" pos="NNS">inscriptions</wf>
<wf cmd="ignore" pos="IN">on</wf>
<wf cmd="ignore" pos="DT">the</wf>
<wf cmd="tag" pos="NNP">Han</wf>
<wf cmd="tag" pos="NN">bronze</wf>
<wf cmd="tag" pos="NN">mirrors</wf>
<punc>,</punc>
<wf cmd="tag" pos="RB">as_well</wf>
<wf cmd="ignore" pos="IN">as</wf>
<wf cmd="tag" pos="JJ">other</wf>
<wf cmd="tag" pos="NNS">writings</wf>
<punc>,</punc>
<wf cmd="done" pos="VB" lemma="emphasize" wnsn="0" lexsn="2:30:00::">emphasized</wf>
<wf cmd="ignore" pos="DT">the</wf>
<wf cmd="tag" pos="NN">desirability</wf>
<wf cmd="ignore" pos="IN">of</wf>
<wf cmd="done" pos="VB" lemma="keep" wnsn="1" lexsn="2:42:00::">keeping</wf>
<wf cmd="tag" pos="CD">one</wf>
<wf cmd="ignore" pos="POS">'s</wf>
<wf cmd="tag" pos="NN">self</wf>
<wf cmd="ignore" pos="IN">at</wf>
<wf cmd="ignore" pos="DT">the</wf>
<wf cmd="tag" pos="NN">center</wf>
<wf cmd="ignore" pos="IN">of</wf>
<wf cmd="ignore" pos="DT">the</wf>
<wf cmd="tag" pos="NN">universe</wf>
<punc>,</punc>
<wf cmd="ignore" pos="WRB">where</wf>
<wf cmd="tag" pos="JJ">cosmic</wf>
<wf cmd="tag" pos="NNS">forces</wf>
<wf cmd="done" pos="VB" lemma="be" wnsn="1" lexsn="2:42:03::">were</wf>
<wf cmd="tag" pos="JJS">strongest</wf>
<punc>.</punc>
</s>
<s snum="27">
<wf cmd="tag" pos="RB">Later</wf>
<punc>,</punc>
<wf cmd="ignore" pos="PRP">we</wf>
<wf cmd="ignore" pos="MD">shall</wf>
<wf cmd="done" pos="VB" lemma="see" wnsn="6" lexsn="2:31:02::">see</wf>
<wf cmd="ignore" pos="WP">what</wf>
<wf cmd="done" pos="VB" lemma="happen" wnsn="1" lexsn="2:30:00::">happened</wf>
<wf cmd="ignore" pos="WRB">when</wf>
<wf cmd="ignore" pos="DT">an</wf>
<wf cmd="tag" pos="NN">emperor</wf>
<wf cmd="done" pos="VB" lemma="take" wnsn="6" lexsn="2:31:07::">took</wf>
<wf cmd="ignore" pos="DT">this</wf>
<wf cmd="tag" pos="NN">idea</wf>
<wf cmd="tag" pos="RB">too</wf>
<wf cmd="tag" pos="RB">literally</wf>
<punc>.</punc>
</s>
</p>
<p pnum="11">
<s snum="28">
<wf cmd="ignore" pos="PDT">All</wf>
<wf cmd="ignore" pos="DT">this</wf>
<wf cmd="tag" pos="NN">emphasis</wf>
<wf cmd="ignore" pos="IN">on</wf>
<wf cmd="tag" pos="NN">Centrality</wf>
<wf cmd="ignore" pos="CC">and</wf>
<wf cmd="ignore" pos="IN">on</wf>
<wf cmd="ignore" pos="DT">the</wf>
<wf cmd="tag" pos="NN">number</wf>
<wf cmd="tag" pos="CD">5</wf>
<wf cmd="ignore" pos="IN">as</wf>
<wf cmd="ignore" pos="DT">a</wf>
<wf cmd="tag" pos="JJ">symbolic</wf>
<wf cmd="tag" pos="NN">expression</wf>
<wf cmd="ignore" pos="IN">of</wf>
<wf cmd="ignore" pos="DT">the</wf>
<wf cmd="tag" pos="NNP">Center</wf>
<punc>,</punc>
<wf cmd="ignore" pos="WDT">which</wf>
<wf cmd="done" pos="VB" lemma="seem" wnsn="1" lexsn="2:39:00::">seems</wf>
<wf cmd="ignore" pos="TO">to</wf>
<wf cmd="done" pos="VB" ot="notag">have</wf>
<wf cmd="done" pos="VB" lemma="begin" wnsn="2" lexsn="2:42:00::">begun</wf>
<wf cmd="tag" pos="RB">as</wf>
<wf cmd="tag" pos="RB">far</wf>
<wf cmd="tag" pos="RB">back</wf>
<wf cmd="ignore" pos="IN">as</wf>
<wf cmd="tag" pos="CD">400</wf>
<wf cmd="tag" pos="NNP">B._C.</wf>
<punc>,</punc>
<wf cmd="tag" pos="RB">also</wf>
<wf cmd="ignore" pos="MD">may</wf>
<wf cmd="tag" pos="RB">conceivably</wf>
<wf cmd="done" pos="VB" ot="notag">have</wf>
<wf cmd="done" pos="VB" lemma="lead" wnsn="9;3" lexsn="2:41:12::;2:42:12::">led</wf>
<wf cmd="done" pos="VB" ot="notag">to</wf>
<wf cmd="ignore" pos="DT">the</wf>
<wf cmd="tag" pos="NN">development</wf>
<wf cmd="ignore" pos="IN">of</wf>
<wf cmd="ignore" pos="DT">the</wf>
<wf cmd="tag" pos="NNP">Five-Elements_School</wf>
<wf cmd="ignore" pos="CC">and</wf>
<wf cmd="ignore" pos="DT">the</wf>
<wf cmd="tag" pos="JJ">subsequent</wf>
<wf cmd="tag" pos="NNS">efforts</wf>
<wf cmd="ignore" pos="TO">to</wf>
<wf cmd="done" pos="VB" lemma="fit" wnsn="4" lexsn="2:30:01::">fit</wf>
<wf cmd="tag" pos="NN">everything</wf>
<wf cmd="ignore" pos="IN">into</wf>
<wf cmd="tag" pos="JJ">numerical</wf>
<wf cmd="tag" pos="NNS">categories</wf>
<wf cmd="ignore" pos="IN">of</wf>
<wf cmd="tag" pos="CD">five</wf>
<punc>.</punc>
</s>
<s snum="29">
<wf cmd="ignore" pos="PRP">We</wf>
<wf cmd="done" pos="VB" lemma="find" wnsn="1" lexsn="2:40:02::">find</wf>
<punc>,</punc>
<wf cmd="tag" pos="RB">for_example</wf>
<punc>,</punc>
<wf cmd="tag" pos="JJ">such</wf>
<wf cmd="tag" pos="NNS">groupings</wf>
<wf cmd="ignore" pos="IN">as</wf>
<wf cmd="ignore" pos="DT">the</wf>
<wf cmd="tag" pos="CD">Five</wf>
<wf cmd="tag" pos="NNP">Ancient</wf>
<wf cmd="tag" pos="NNPS">Rulers</wf>
<punc>,</punc>
<wf cmd="ignore" pos="DT">the</wf>
<wf cmd="tag" pos="CD">Five</wf>
<wf cmd="tag" pos="NNP">Sacred</wf>
<wf cmd="tag" pos="NNPS">Mountains</wf>
<punc>,</punc>
<wf cmd="ignore" pos="DT">the</wf>
<wf cmd="tag" pos="CD">Five</wf>
<wf cmd="tag" pos="NNP">Directions</wf>
<punc>(</punc>
<wf cmd="ignore" pos="IN">with</wf>
<wf cmd="tag" pos="NNP">Center</wf>
<punc>)</punc>
<punc>,</punc>
<wf cmd="ignore" pos="DT">the</wf>
<wf cmd="tag" pos="CD">Five</wf>
<wf cmd="tag" pos="NNP">Metals</wf>
<punc>,</punc>
<wf cmd="tag" pos="CD">Five</wf>
<wf cmd="tag" pos="NNS">Colors</wf>
<punc>,</punc>
<wf cmd="tag" pos="CD">Five</wf>
<wf cmd="tag" pos="NNPS">Tastes</wf>
<punc>,</punc>
<wf cmd="tag" pos="CD">Five</wf>
<wf cmd="tag" pos="NNP">Odors</wf>
<punc>,</punc>
<wf cmd="tag" pos="CD">Five</wf>
<wf cmd="tag" pos="NN">Musical_Notes</wf>
<punc>,</punc>
<wf cmd="tag" pos="CD">Five</wf>
<wf cmd="tag" pos="NN">Bodily_Functions</wf>
<punc>,</punc>
<wf cmd="tag" pos="CD">Five</wf>
<wf cmd="tag" pos="NNPS">Viscera</wf>
<punc>,</punc>
<wf cmd="ignore" pos="CC">and</wf>
<wf cmd="tag" pos="JJ">many</wf>
<wf cmd="tag" pos="NNS">others</wf>
<punc>.</punc>
</s>
<s snum="30">
<wf cmd="ignore" pos="DT">This</wf>
<wf cmd="tag" pos="NN">trend</wf>
<wf cmd="done" pos="VBZ" ot="notag">has</wf>
<wf cmd="tag" pos="RB">often</wf>
<wf cmd="done" pos="VBN" ot="notag">been</wf>
<wf cmd="done" pos="VB" lemma="ascribe" wnsn="1" lexsn="2:31:00::">ascribed</wf>
<wf cmd="ignore" pos="TO">to</wf>
<wf cmd="ignore" pos="DT">the</wf>
<wf cmd="tag" pos="NN">cult</wf>
<wf cmd="ignore" pos="IN">of</wf>
<wf cmd="ignore" pos="DT">the</wf>
<wf cmd="tag" pos="CD">Five</wf>
<wf cmd="tag" pos="NNS">Elements</wf>
<wf cmd="ignore" pos="PRP">itself</wf>
<punc>,</punc>
<wf cmd="ignore" pos="IN">as</wf>
<wf cmd="ignore" pos="IN">though</wf>
<wf cmd="ignore" pos="PRP">they</wf>
<wf cmd="done" pos="VBD" ot="notag">had</wf>
<wf cmd="done" pos="VB" lemma="serve" wnsn="1" lexsn="2:42:03::">served</wf>
<wf cmd="done" pos="VB" ot="notag">as</wf>
<wf cmd="ignore" pos="DT">the</wf>
<wf cmd="tag" pos="NN">base</wf>
<wf cmd="ignore" pos="IN">for</wf>
<wf cmd="ignore" pos="PDT">all</wf>
<wf cmd="ignore" pos="DT">the</wf>
<wf cmd="tag" pos="NN">rest</wf>
<punc>;</punc>
<wf cmd="ignore" pos="CC">but</wf>
<wf cmd="ignore" pos="WRB">why</wf>
<wf cmd="done" pos="VBD" ot="notag">did</wf>
<wf cmd="ignore" pos="DT">the</wf>
<wf cmd="tag" pos="NNP">Old</wf>
<wf cmd="tag" pos="JJ">Chinese</wf>
<wf cmd="done" pos="VB" lemma="postulate" wnsn="2" lexsn="2:31:00::">postulate</wf>
<wf cmd="tag" pos="CD">five</wf>
<wf cmd="tag" pos="NNS">elements</wf>
<punc>,</punc>
<wf cmd="ignore" pos="WRB">when</wf>
<wf cmd="ignore" pos="DT">the</wf>
<wf cmd="tag" pos="NNP">Ancient</wf>
<wf cmd="ignore" pos="IN">Near</wf>
<wf cmd="tag" pos="NNP">East</wf>
<punc>-</punc>
<wf cmd="ignore" pos="WDT">which</wf>
<wf cmd="ignore" pos="MD">may</wf>
<wf cmd="done" pos="VB" ot="notag">have</wf>
<wf cmd="done" pos="VB" lemma="initiate" wnsn="1" lexsn="2:36:01::">initiated</wf>
<wf cmd="ignore" pos="DT">the</wf>
<wf cmd="tag" pos="NN">idea</wf>
<wf cmd="ignore" pos="IN">that</wf>
<wf cmd="tag" pos="JJ">natural</wf>
<wf cmd="tag" pos="NNS">elements</wf>
<wf cmd="done" pos="VB" lemma="exert" wnsn="1" lexsn="2:34:00::">exerted</wf>
<wf cmd="tag" pos="NN">influence</wf>
<wf cmd="ignore" pos="IN">in</wf>
<wf cmd="tag" pos="JJ">human</wf>
<wf cmd="tag" pos="NN">life</wf>
<wf cmd="ignore" pos="CC">and</wf>
<wf cmd="tag" pos="NNS">activities</wf>
<punc>-</punc>
<wf cmd="done" pos="VB" lemma="recognize" wnsn="1" lexsn="2:31:02::">recognized</wf>
<wf cmd="tag" pos="RB">only</wf>
<wf cmd="tag" pos="CD">four</wf>
<punc>?</punc>
</s>
<s snum="31">
<wf cmd="ignore" pos="CC">And</wf>
<wf cmd="ignore" pos="WRB">why</wf>
<wf cmd="done" pos="VBD" ot="notag">did</wf>
<wf cmd="ignore" pos="DT">the</wf>
<wf cmd="tag" pos="JJ">Chinese</wf>
<wf cmd="tag" pos="RB">suddenly</wf>
<wf cmd="done" pos="VB" lemma="begin" wnsn="1" lexsn="2:30:00::">begin</wf>
<wf cmd="ignore" pos="TO">to</wf>
<wf cmd="done" pos="VB" lemma="talk_about" wnsn="1" lexsn="2:32:00::">talk_about</wf>
<wf cmd="ignore" pos="DT">the</wf>
<wf cmd="tag" pos="CD">Five</wf>
<wf cmd="tag" pos="NNP">Directions</wf>
<punc>,</punc>
<wf cmd="ignore" pos="WRB">when</wf>
<wf cmd="ignore" pos="DT">the</wf>
<wf cmd="tag" pos="NNS">animals</wf>
<wf cmd="ignore" pos="PRP">they</wf>
<wf cmd="done" pos="VB" lemma="use" wnsn="1" lexsn="2:34:01::">used</wf>
<wf cmd="ignore" pos="IN">as</wf>
<wf cmd="tag" pos="NNS">symbols</wf>
<wf cmd="ignore" pos="IN">of</wf>
<wf cmd="ignore" pos="DT">the</wf>
<wf cmd="tag" pos="NNS">directions</wf>
<wf cmd="done" pos="VB" lemma="designate" wnsn="1" lexsn="2:32:00::">designated</wf>
<wf cmd="tag" pos="RB">only</wf>
<wf cmd="ignore" pos="DT">the</wf>
<wf cmd="tag" pos="JJ">usual</wf>
<wf cmd="tag" pos="CD">four</wf>
<punc>?</punc>
</s>
<s snum="32">
<wf cmd="tag" pos="RB">Obviously</wf>
<punc>,</punc>
<wf cmd="tag" pos="NN">something</wf>
<wf cmd="tag" pos="RB">suddenly</wf>
<wf cmd="done" pos="VB" lemma="cause" wnsn="2" lexsn="2:32:00::">caused</wf>
<wf cmd="ignore" pos="PRP">them</wf>
<wf cmd="ignore" pos="TO">to</wf>
<wf cmd="done" pos="VB" lemma="start" wnsn="1" lexsn="2:30:00::">start</wf>
<wf cmd="done" pos="VB" lemma="think" wnsn="3" lexsn="2:31:00::">thinking</wf>
<wf cmd="tag" pos="JJ">in_terms_of</wf>
<wf cmd="tag" pos="NNS">fives</wf>
<punc>,</punc>
<wf cmd="ignore" pos="CC">and</wf>
<wf cmd="ignore" pos="WDT">that</wf>
<wf cmd="ignore" pos="MD">may</wf>
<wf cmd="done" pos="VB" ot="notag">have</wf>
<wf cmd="done" pos="VB" lemma="be" wnsn="2" lexsn="2:42:06::">been</wf>
<wf cmd="ignore" pos="DT">the</wf>
<wf cmd="tag" pos="NNS">workings</wf>
<wf cmd="ignore" pos="IN">of</wf>
<wf cmd="ignore" pos="DT">the</wf>
<wf cmd="tag" pos="NNP">Lo_Shu</wf>
<punc>.</punc>
</s>
</p>
<p pnum="12">
<s snum="33">
<wf cmd="ignore" pos="DT">This</wf>
<wf cmd="tag" pos="JJ">whole</wf>
<wf cmd="tag" pos="NN">tendency</wf>
<wf cmd="done" pos="VB" lemma="have" wnsn="11" lexsn="2:30:01::">had</wf>
<wf cmd="ignore" pos="DT">an</wf>
<wf cmd="tag" pos="JJ">unfortunate</wf>
<wf cmd="tag" pos="NN">effect</wf>
<wf cmd="ignore" pos="IN">on</wf>
<wf cmd="tag" pos="JJ">Chinese</wf>
<wf cmd="tag" pos="NN">thinking</wf>
<punc>.</punc>
</s>
<s snum="34">
<wf cmd="ignore" pos="IN">Whereas</wf>
<wf cmd="ignore" pos="DT">the</wf>
<wf cmd="tag" pos="JJ">primary</wf>
<wf cmd="tag" pos="NNS">meanings</wf>
<wf cmd="ignore" pos="IN">of</wf>
<wf cmd="ignore" pos="DT">the</wf>
<wf cmd="tag" pos="NNP">Lo_Shu</wf>
<wf cmd="tag" pos="NN">diagram</wf>
<wf cmd="done" pos="VB" lemma="seem" wnsn="1" lexsn="2:39:00::">seemed</wf>
<wf cmd="ignore" pos="TO">to</wf>
<wf cmd="done" pos="VB" ot="notag">have</wf>
<wf cmd="done" pos="VB" ot="notag">been</wf>
<wf cmd="done" pos="VB" lemma="base" wnsn="1" lexsn="2:31:00::">based</wf>
<wf cmd="done" pos="VB" ot="notag">on</wf>
<wf cmd="ignore" pos="PRP$">its</wf>
<wf cmd="tag" pos="JJ">inner</wf>
<wf cmd="tag" pos="JJ">mathematical</wf>
<wf cmd="tag" pos="NNS">properties</wf>
<punc>-</punc>
<wf cmd="ignore" pos="CC">and</wf>
<wf cmd="ignore" pos="PRP">we</wf>
<wf cmd="ignore" pos="MD">shall</wf>
<wf cmd="done" pos="VB" lemma="see" wnsn="6" lexsn="2:31:02::">see</wf>
<wf cmd="ignore" pos="IN">that</wf>
<wf cmd="tag" pos="RB">even</wf>
<wf cmd="ignore" pos="PRP$">its</wf>
<wf cmd="tag" pos="JJ">secondary</wf>
<wf cmd="tag" pos="NNS">meanings</wf>
<wf cmd="done" pos="VB" lemma="rest_on" wnsn="2" lexsn="2:42:00::">rested_on</wf>
<wf cmd="ignore" pos="DT">some</wf>
<wf cmd="tag" pos="JJ">mathematical</wf>
<wf cmd="tag" pos="NNS">bases</wf>
<punc>-</punc>
<wf cmd="ignore" pos="DT">the</wf>
<wf cmd="tag" pos="JJ">urgent</wf>
<wf cmd="tag" pos="NN">desire</wf>
<wf cmd="ignore" pos="TO">to</wf>
<wf cmd="done" pos="VB" lemma="place" wnsn="1" lexsn="2:35:00::">place</wf>
<wf cmd="tag" pos="NN">everything</wf>
<wf cmd="ignore" pos="IN">into</wf>
<wf cmd="tag" pos="NNS">categories</wf>
<wf cmd="ignore" pos="IN">of</wf>
<wf cmd="tag" pos="NNS">fives</wf>
<wf cmd="done" pos="VB" lemma="lead" wnsn="3" lexsn="2:42:12::">led</wf>
<wf cmd="done" pos="VB" ot="notag">to</wf>
<wf cmd="tag" pos="JJ">other</wf>
<wf cmd="tag" pos="NNS">groupings</wf>
<wf cmd="done" pos="VB" lemma="base" wnsn="1" lexsn="2:31:00::">based</wf>
<wf cmd="ignore" pos="IN">on</wf>
<wf cmd="tag" pos="JJ">other</wf>
<wf cmd="tag" pos="NNS">numbers</wf>
<punc>,</punc>
<wf cmd="ignore" pos="IN">until</wf>
<wf cmd="ignore" pos="DT">an</wf>
<wf cmd="tag" pos="JJ">exaggerated</wf>
<wf cmd="tag" pos="NN">emphasis</wf>
<wf cmd="ignore" pos="IN">on</wf>
<wf cmd="tag" pos="JJ">mere</wf>
<wf cmd="tag" pos="NN">numerology</wf>
<wf cmd="done" pos="VB" lemma="pervade" wnsn="1" lexsn="2:35:00::">pervaded</wf>
<wf cmd="tag" pos="JJ">Chinese</wf>
<wf cmd="tag" pos="NN">thought</wf>
<punc>.</punc>
</s>
<s snum="35">
<wf cmd="tag" pos="NNPS">Scholars</wf>
<wf cmd="done" pos="VB" lemma="make" wnsn="3" lexsn="2:36:00::">made</wf>
<wf cmd="tag" pos="JJ">numbered</wf>
<wf cmd="tag" pos="NNS">sets</wf>
<wf cmd="ignore" pos="IN">of</wf>
<wf cmd="tag" pos="JJ">as_many</wf>
<wf cmd="tag" pos="NNS">things</wf>
<wf cmd="ignore" pos="IN">as</wf>
<wf cmd="tag" pos="JJ">possible</wf>
<wf cmd="ignore" pos="IN">in</wf>
<wf cmd="tag" pos="NNP">Nature</wf>
<punc>,</punc>
<wf cmd="ignore" pos="CC">or</wf>
<wf cmd="done" pos="VB" lemma="assign" wnsn="4" lexsn="2:31:00::">assigned</wf>
<wf cmd="tag" pos="JJ">arbitrary</wf>
<wf cmd="tag" pos="NNS">numbers</wf>
<wf cmd="ignore" pos="TO">to</wf>
<wf cmd="tag" pos="JJ">individual</wf>
<wf cmd="tag" pos="NNS">things</wf>
<punc>,</punc>
<wf cmd="ignore" pos="IN">in</wf>
<wf cmd="ignore" pos="DT">a</wf>
<wf cmd="tag" pos="NN">fashion</wf>
<wf cmd="ignore" pos="WDT">that</wf>
<wf cmd="done" pos="VB" lemma="seem" wnsn="1" lexsn="2:39:00::">seems</wf>
<wf cmd="ignore" pos="TO">to</wf>
<wf cmd="ignore" pos="DT">the</wf>
<wf cmd="tag" pos="JJ">modern</wf>
<wf cmd="tag" pos="JJ">scientific</wf>
<wf cmd="tag" pos="NN">mind</wf>
<wf cmd="ignore" pos="IN">as</wf>
<wf cmd="tag" pos="RB">downright</wf>
<wf cmd="tag" pos="JJ">nonsensical</wf>
<punc>,</punc>
<wf cmd="ignore" pos="CC">and</wf>
<wf cmd="tag" pos="JJ">philosophical</wf>
<wf cmd="tag" pos="NNS">ideas</wf>
<wf cmd="done" pos="VB" lemma="base" wnsn="1" lexsn="2:31:00::">based</wf>
<wf cmd="ignore" pos="IN">upon</wf>
<wf cmd="ignore" pos="DT">all</wf>
<wf cmd="ignore" pos="DT">this</wf>
<wf cmd="done" pos="VB" lemma="tend" wnsn="0" lexsn="2:42:00::">tended</wf>
<wf cmd="ignore" pos="TO">to</wf>
<wf cmd="done" pos="VB" lemma="stifle" wnsn="2" lexsn="2:30:00::">stifle</wf>
<wf cmd="tag" pos="JJ">speculative</wf>
<wf cmd="tag" pos="NN">thought</wf>
<wf cmd="ignore" pos="IN">in</wf>
<wf cmd="tag" pos="NNP">China</wf>
<wf cmd="ignore" pos="IN">for</wf>
<wf cmd="tag" pos="JJ">many</wf>
<wf cmd="tag" pos="NNS">centuries</wf>
<punc>.</punc>
</s>
</p>
<p pnum="13">
<s snum="36">
<wf cmd="ignore" pos="IN">Although</wf>
<wf cmd="ignore" pos="DT">the</wf>
<wf cmd="tag" pos="JJ">primary</wf>
<wf cmd="tag" pos="JJ">mathematical</wf>
<wf cmd="tag" pos="NNS">properties</wf>
<wf cmd="ignore" pos="IN">of</wf>
<wf cmd="ignore" pos="DT">the</wf>
<wf cmd="tag" pos="NN">middle</wf>
<wf cmd="tag" pos="NN">number</wf>
<wf cmd="ignore" pos="IN">at</wf>
<wf cmd="ignore" pos="DT">the</wf>
<wf cmd="tag" pos="NN">center</wf>
<wf cmd="ignore" pos="IN">of</wf>
<wf cmd="ignore" pos="DT">the</wf>
<wf cmd="tag" pos="NNP">Lo_Shu</wf>
<punc>,</punc>
<wf cmd="ignore" pos="CC">and</wf>
<wf cmd="ignore" pos="DT">the</wf>
<wf cmd="tag" pos="NN">interrelation</wf>
<wf cmd="ignore" pos="IN">of</wf>
<wf cmd="ignore" pos="DT">all</wf>
<wf cmd="ignore" pos="DT">the</wf>
<wf cmd="tag" pos="JJ">other</wf>
<wf cmd="tag" pos="NNS">numbers</wf>
<wf cmd="tag" pos="RB">to_it</wf>
<punc>,</punc>
<wf cmd="ignore" pos="MD">might</wf>
<wf cmd="done" pos="VB" lemma="seem" wnsn="1" lexsn="2:39:00::">seem</wf>
<wf cmd="tag" pos="RB">enough</wf>
<wf cmd="ignore" pos="TO">to</wf>
<wf cmd="done" pos="VB" lemma="account_for" wnsn="1" lexsn="2:42:00::">account_for</wf>
<wf cmd="ignore" pos="DT">the</wf>
<wf cmd="tag" pos="JJ">deep</wf>
<wf cmd="tag" pos="NN">fascination</wf>
<wf cmd="ignore" pos="WDT">which</wf>
<wf cmd="ignore" pos="DT">the</wf>
<wf cmd="tag" pos="NNP">Lo_Shu</wf>
<wf cmd="done" pos="VB" lemma="hold" wnsn="4" lexsn="2:40:00::">held</wf>
<wf cmd="ignore" pos="IN">for</wf>
<wf cmd="ignore" pos="DT">the</wf>
<wf cmd="tag" pos="NNP">Old</wf>
<wf cmd="tag" pos="JJ">Chinese</wf>
<wf cmd="tag" pos="NNS">philosophers</wf>
<punc>,</punc>
<wf cmd="ignore" pos="DT">this</wf>
<wf cmd="done" pos="VB" lemma="be" wnsn="1" lexsn="2:42:03::">was</wf>
<wf cmd="tag" pos="RB">actually</wf>
<wf cmd="tag" pos="RB">only</wf>
<wf cmd="ignore" pos="DT">a</wf>
<wf cmd="tag" pos="NN">beginning</wf>
<wf cmd="ignore" pos="IN">of</wf>
<wf cmd="tag" pos="NNS">wonders</wf>
<punc>.</punc>
</s>
<s snum="37">
<wf cmd="ignore" pos="IN">For</wf>
<wf cmd="ignore" pos="DT">the</wf>
<wf cmd="tag" pos="NNP">Lo_Shu</wf>
<wf cmd="tag" pos="NN">square</wf>
<wf cmd="done" pos="VB" lemma="be" wnsn="1" lexsn="2:42:03::">was</wf>
<wf cmd="ignore" pos="DT">a</wf>
<wf cmd="tag" pos="RB">remarkably</wf>
<wf cmd="tag" pos="JJ">complete</wf>
<wf cmd="tag" pos="NN">compendium</wf>
<wf cmd="ignore" pos="IN">of</wf>
<wf cmd="tag" pos="JJ">most_of</wf>
<wf cmd="ignore" pos="DT">the</wf>
<wf cmd="tag" pos="JJ">chief</wf>
<wf cmd="tag" pos="JJ">religious</wf>
<wf cmd="ignore" pos="CC">and</wf>
<wf cmd="tag" pos="JJ">philosophical</wf>
<wf cmd="tag" pos="NNS">ideas</wf>
<wf cmd="ignore" pos="IN">of</wf>
<wf cmd="ignore" pos="PRP$">its</wf>
<wf cmd="tag" pos="NN">time</wf>
<punc>.</punc>
</s>
<s snum="38">
<wf cmd="tag" pos="RB">As_such</wf>
<punc>,</punc>
<wf cmd="tag" pos="CD">one</wf>
<wf cmd="ignore" pos="MD">cannot</wf>
<wf cmd="tag" pos="RB">fully</wf>
<wf cmd="done" pos="VB" lemma="understand" wnsn="1" lexsn="2:31:00::">understand</wf>
<wf cmd="ignore" pos="DT">the</wf>
<wf cmd="tag" pos="NN">thought</wf>
<wf cmd="done" pos="VB" ot="notag">of</wf>
<wf cmd="ignore" pos="DT">the</wf>
<wf cmd="tag" pos="NNP">pre-Han</wf>
<wf cmd="ignore" pos="CC">and</wf>
<wf cmd="tag" pos="NNP">Han</wf>
<wf cmd="tag" pos="NNS">periods</wf>
<wf cmd="ignore" pos="IN">without</wf>
<wf cmd="done" pos="VB" lemma="know" wnsn="1" lexsn="2:31:01::">knowing</wf>
<wf cmd="ignore" pos="DT">the</wf>
<wf cmd="tag" pos="NNS">meanings</wf>
<wf cmd="tag" pos="JJ">inherent</wf>
<wf cmd="ignore" pos="IN">in</wf>
<wf cmd="ignore" pos="DT">the</wf>
<wf cmd="tag" pos="NNP">Lo_Shu</wf>
<punc>;</punc>
<wf cmd="ignore" pos="CC">but</wf>
<punc>,</punc>
<wf cmd="tag" pos="RB">conversely</wf>
<punc>,</punc>
<wf cmd="tag" pos="CD">one</wf>
<wf cmd="ignore" pos="MD">cannot</wf>
<wf cmd="done" pos="VB" lemma="begin" wnsn="1" lexsn="2:30:00::">begin</wf>
<wf cmd="ignore" pos="TO">to</wf>
<wf cmd="done" pos="VB" lemma="understand" wnsn="1" lexsn="2:31:00::">understand</wf>
<wf cmd="ignore" pos="DT">the</wf>
<wf cmd="tag" pos="NNP">Lo_Shu</wf>
<wf cmd="ignore" pos="IN">without</wf>
<wf cmd="done" pos="VB" lemma="know" wnsn="1" lexsn="2:31:01::">knowing</wf>
<wf cmd="tag" pos="NN">something</wf>
<wf cmd="ignore" pos="IN">about</wf>
<wf cmd="ignore" pos="DT">the</wf>
<wf cmd="tag" pos="NN">world_view</wf>
<wf cmd="ignore" pos="IN">of</wf>
<wf cmd="ignore" pos="DT">the</wf>
<wf cmd="tag" pos="NNP">Old</wf>
<wf cmd="tag" pos="NN">Chinese</wf>
<punc>,</punc>
<wf cmd="ignore" pos="WDT">which</wf>
<wf cmd="ignore" pos="PRP">they</wf>
<wf cmd="done" pos="VB" lemma="feel" wnsn="2" lexsn="2:31:00::">felt</wf>
<wf cmd="ignore" pos="PRP">they</wf>
<wf cmd="done" pos="VB" lemma="see" wnsn="3" lexsn="2:39:02::">saw</wf>
<wf cmd="done" pos="VB" lemma="express" wnsn="3" lexsn="2:32:02::">expressed</wf>
<wf cmd="ignore" pos="IN">in</wf>
<wf cmd="ignore" pos="PRP">it</wf>
<punc>.</punc>
</s>
</p>
<p pnum="14">
<s snum="39">
<wf cmd="ignore" pos="DT">The</wf>
<wf cmd="tag" pos="JJ">Chinese</wf>
<wf cmd="tag" pos="NN">world_view</wf>
<wf cmd="ignore" pos="IN">during</wf>
<wf cmd="ignore" pos="DT">the</wf>
<wf cmd="tag" pos="NNP">Han</wf>
<wf cmd="tag" pos="NN">dynasty</wf>
<punc>,</punc>
<wf cmd="ignore" pos="WRB">when</wf>
<wf cmd="ignore" pos="DT">the</wf>
<wf cmd="tag" pos="NNP">Lo_Shu</wf>
<wf cmd="done" pos="VB" lemma="seem" wnsn="1" lexsn="2:39:00::">seems</wf>
<wf cmd="ignore" pos="TO">to</wf>
<wf cmd="done" pos="VB" ot="notag">have</wf>
<wf cmd="done" pos="VB" lemma="be" wnsn="3" lexsn="2:42:05::">been</wf>
<wf cmd="ignore" pos="IN">at</wf>
<wf cmd="ignore" pos="DT">the</wf>
<wf cmd="tag" pos="NN">height</wf>
<wf cmd="ignore" pos="IN">of</wf>
<wf cmd="ignore" pos="PRP$">its</wf>
<wf cmd="tag" pos="NN">popularity</wf>
<punc>,</punc>
<wf cmd="done" pos="VBD" ot="notag">was</wf>
<wf cmd="done" pos="VB" lemma="base" wnsn="1" lexsn="2:31:00::">based</wf>
<wf cmd="ignore" pos="IN">in</wf>
<wf cmd="tag" pos="JJ">large</wf>
<wf cmd="tag" pos="NN">part</wf>
<wf cmd="ignore" pos="IN">on</wf>
<wf cmd="ignore" pos="DT">the</wf>
<wf cmd="tag" pos="NNS">teachings</wf>
<wf cmd="ignore" pos="IN">of</wf>
<wf cmd="ignore" pos="DT">the</wf>
<wf cmd="tag" pos="NNP">Yin-Yang</wf>
<wf cmd="ignore" pos="CC">and</wf>
<wf cmd="tag" pos="NNP">Five-Elements_School</wf>
<punc>,</punc>
<wf cmd="ignore" pos="WDT">which</wf>
<wf cmd="done" pos="VBD" ot="notag">was</wf>
<wf cmd="tag" pos="RB">traditionally</wf>
<wf cmd="done" pos="VB" lemma="found" wnsn="1" lexsn="2:41:00::">founded</wf>
<wf cmd="ignore" pos="IN">by</wf>
<wf cmd="tag" pos="NNP">Tsou_Yen</wf>
<punc>.</punc>
</s>
<s snum="40">
<wf cmd="done" pos="VB" lemma="accord" wnsn="1" lexsn="2:42:00::">According</wf>
<wf cmd="ignore" pos="TO">to</wf>
<wf cmd="ignore" pos="DT">this</wf>
<wf cmd="tag" pos="NN">doctrine</wf>
<punc>,</punc>
<wf cmd="ignore" pos="DT">the</wf>
<wf cmd="tag" pos="NN">universe</wf>
<wf cmd="done" pos="VBD" ot="notag">was</wf>
<wf cmd="done" pos="VB" lemma="rule" wnsn="1" lexsn="2:41:00::">ruled</wf>
<wf cmd="ignore" pos="IN">by</wf>
<wf cmd="tag" pos="NNP">Heaven</wf>
<punc>,</punc>
<wf cmd="tag" pos="NN">T</wf>
<punc>'</punc>
<wf cmd="tag" pos="NN">ien</wf>
<punc>-</punc>
<wf cmd="ignore" pos="IN">as</wf>
<wf cmd="ignore" pos="DT">a</wf>
<wf cmd="tag" pos="JJ">natural</wf>
<wf cmd="tag" pos="NN">force</wf>
<punc>,</punc>
<wf cmd="ignore" pos="CC">or</wf>
<wf cmd="ignore" pos="IN">in</wf>
<wf cmd="ignore" pos="DT">the</wf>
<wf cmd="tag" pos="NN">personification</wf>
<wf cmd="ignore" pos="IN">of</wf>
<wf cmd="ignore" pos="DT">a</wf>
<wf cmd="tag" pos="NNP">Supreme_Sky-god</wf>
<punc>-</punc>
<wf cmd="done" pos="VB" lemma="govern" wnsn="2" lexsn="2:41:01::">governing</wf>
<wf cmd="ignore" pos="DT">all</wf>
<wf cmd="tag" pos="NNS">things</wf>
<wf cmd="ignore" pos="IN">by</wf>
<wf cmd="tag" pos="NN">means</wf>
<wf cmd="ignore" pos="IN">of</wf>
<wf cmd="ignore" pos="DT">a</wf>
<wf cmd="tag" pos="NN">process</wf>
<wf cmd="tag" pos="JJ">called</wf>
<wf cmd="ignore" pos="DT">the</wf>
<wf cmd="tag" pos="NNP">Tao</wf>
<punc>,</punc>
<wf cmd="ignore" pos="WDT">which</wf>
<wf cmd="ignore" pos="MD">can</wf>
<wf cmd="done" pos="VB" ot="notag">be</wf>
<wf cmd="tag" pos="RB">roughly</wf>
<wf cmd="done" pos="VB" lemma="interpret" wnsn="5" lexsn="2:32:01::">interpreted</wf>
<wf cmd="ignore" pos="IN">as</wf>
<punc>``</punc>
<wf cmd="ignore" pos="DT">the</wf>
<wf cmd="tag" pos="NNP">Order</wf>
<wf cmd="ignore" pos="IN">of</wf>
<wf cmd="ignore" pos="DT">the</wf>
<wf cmd="tag" pos="NN">Universe</wf>
<punc>''</punc>
<wf cmd="ignore" pos="CC">or</wf>
<punc>``</punc>
<wf cmd="ignore" pos="DT">the</wf>
<wf cmd="tag" pos="NNP">Universal</wf>
<wf cmd="tag" pos="NN">Way</wf>
<punc>''</punc>
<punc>.</punc>
</s>
<s snum="41">
<wf cmd="tag" pos="NNP">Heaven</wf>
<punc>,</punc>
<wf cmd="done" pos="VB" lemma="act" wnsn="1" lexsn="2:41:00::">acting</wf>
<wf cmd="ignore" pos="IN">through</wf>
<wf cmd="ignore" pos="DT">the</wf>
<wf cmd="tag" pos="NNP">Tao</wf>
<punc>,</punc>
<wf cmd="done" pos="VB" lemma="express" wnsn="1" lexsn="2:32:01::">expressed</wf>
<wf cmd="ignore" pos="PRP">itself</wf>
<wf cmd="ignore" pos="IN">by</wf>
<wf cmd="tag" pos="NN">means</wf>
<wf cmd="ignore" pos="IN">of</wf>
<wf cmd="ignore" pos="DT">the</wf>
<wf cmd="tag" pos="NNS">workings</wf>
<wf cmd="ignore" pos="IN">of</wf>
<wf cmd="tag" pos="CD">two</wf>
<wf cmd="tag" pos="NN">basic_principles</wf>
<punc>,</punc>
<wf cmd="ignore" pos="DT">the</wf>
<wf cmd="tag" pos="NNP">Yin</wf>
<wf cmd="ignore" pos="CC">and</wf>
<wf cmd="ignore" pos="DT">the</wf>
<wf cmd="tag" pos="NNP">Yang</wf>
<punc>.</punc>
</s>
<s snum="42">
<wf cmd="ignore" pos="DT">The</wf>
<wf cmd="tag" pos="NNP">Yang</wf>
<punc>,</punc>
<wf cmd="ignore" pos="CC">or</wf>
<wf cmd="tag" pos="JJ">male</wf>
<wf cmd="tag" pos="NN">principle</wf>
<punc>,</punc>
<wf cmd="done" pos="VB" lemma="be" wnsn="1" lexsn="2:42:03::">was</wf>
<wf cmd="ignore" pos="DT">the</wf>
<wf cmd="tag" pos="NN">source</wf>
<wf cmd="ignore" pos="IN">of</wf>
<wf cmd="tag" pos="NN">light</wf>
<punc>,</punc>
<wf cmd="tag" pos="NN">heat</wf>
<punc>,</punc>
<wf cmd="ignore" pos="CC">and</wf>
<wf cmd="tag" pos="JJ">dynamic</wf>
<wf cmd="tag" pos="NN">vitality</wf>
<punc>,</punc>
<wf cmd="tag" pos="JJ">associated</wf>
<wf cmd="done" pos="VB" ot="notag">with</wf>
<wf cmd="ignore" pos="DT">the</wf>
<wf cmd="tag" pos="NNP">Sun</wf>
<punc>;</punc>
<wf cmd="ignore" pos="IN">while</wf>
<wf cmd="ignore" pos="DT">the</wf>
<wf cmd="tag" pos="NNP">Yin</wf>
<punc>,</punc>
<wf cmd="ignore" pos="CC">or</wf>
<wf cmd="tag" pos="JJ">female</wf>
<wf cmd="tag" pos="NN">principle</wf>
<punc>,</punc>
<wf cmd="done" pos="VB" lemma="flourish" wnsn="1" lexsn="2:30:01::">flourished</wf>
<wf cmd="tag" pos="RB">in_darkness</wf>
<punc>,</punc>
<wf cmd="tag" pos="JJ">cold</wf>
<punc>,</punc>
<wf cmd="ignore" pos="CC">and</wf>
<wf cmd="tag" pos="JJ">quiet</wf>
<wf cmd="tag" pos="NN">inactivity</wf>
<punc>,</punc>
<wf cmd="ignore" pos="CC">and</wf>
<wf cmd="done" pos="VBD" ot="notag">was</wf>
<wf cmd="tag" pos="JJ">associated</wf>
<wf cmd="done" pos="VB" ot="notag">with</wf>
<wf cmd="ignore" pos="DT">the</wf>
<wf cmd="tag" pos="NNP">Moon</wf>
<punc>.</punc>
</s>
<s snum="43">
<wf cmd="tag" pos="RB">Together</wf>
<wf cmd="ignore" pos="DT">these</wf>
<wf cmd="tag" pos="CD">two</wf>
<wf cmd="tag" pos="NNS">principles</wf>
<wf cmd="done" pos="VB" lemma="influence" wnsn="1" lexsn="2:41:00::">influenced</wf>
<wf cmd="ignore" pos="DT">all</wf>
<wf cmd="tag" pos="NNS">things</wf>
<punc>,</punc>
<wf cmd="ignore" pos="CC">and</wf>
<wf cmd="ignore" pos="IN">in</wf>
<wf cmd="tag" pos="JJ">varying</wf>
<wf cmd="tag" pos="NNS">combinations</wf>
<wf cmd="ignore" pos="PRP">they</wf>
<wf cmd="done" pos="VB" lemma="be" wnsn="5" lexsn="2:42:04::">were</wf>
<wf cmd="tag" pos="JJ">present</wf>
<wf cmd="ignore" pos="IN">in</wf>
<wf cmd="tag" pos="NN">everything</wf>
<punc>.</punc>
</s>
</p>
<p pnum="15">
<s snum="44">
<wf cmd="ignore" pos="PRP">We</wf>
<wf cmd="done" pos="VBP" ot="notag">have</wf>
<wf cmd="tag" pos="RB">already</wf>
<wf cmd="done" pos="VB" lemma="see" wnsn="6" lexsn="2:31:02::">seen</wf>
<wf cmd="ignore" pos="IN">that</wf>
<wf cmd="tag" pos="JJ">odd</wf>
<wf cmd="tag" pos="NNS">numbers</wf>
<wf cmd="done" pos="VBD" ot="notag">were</wf>
<wf cmd="done" pos="VB" lemma="consider" wnsn="1" lexsn="2:31:00::">considered</wf>
<wf cmd="ignore" pos="IN">as</wf>
<wf cmd="done" pos="VB" lemma="be" wnsn="1" lexsn="2:42:03::">being</wf>
<wf cmd="tag" pos="NNP">Yang</wf>
<punc>,</punc>
<wf cmd="ignore" pos="IN">while</wf>
<wf cmd="ignore" pos="DT">the</wf>
<wf cmd="tag" pos="JJ">even</wf>
<wf cmd="tag" pos="NNS">numbers</wf>
<wf cmd="done" pos="VB" lemma="be" wnsn="1" lexsn="2:42:03::">were</wf>
<wf cmd="tag" pos="NNP">Yin</wf>
<punc>,</punc>
<wf cmd="tag" pos="RB">so_that</wf>
<wf cmd="ignore" pos="DT">the</wf>
<wf cmd="tag" pos="CD">eight</wf>
<wf cmd="tag" pos="JJ">outer</wf>
<wf cmd="tag" pos="NNS">numbers</wf>
<wf cmd="ignore" pos="IN">of</wf>
<wf cmd="ignore" pos="DT">the</wf>
<wf cmd="tag" pos="NNP">Lo_Shu</wf>
<wf cmd="done" pos="VB" lemma="represent" wnsn="1" lexsn="2:42:02::">represented</wf>
<wf cmd="ignore" pos="DT">these</wf>
<wf cmd="tag" pos="CD">two</wf>
<wf cmd="tag" pos="NNS">principles</wf>
<wf cmd="ignore" pos="IN">in</wf>
<wf cmd="tag" pos="JJ">balanced</wf>
<wf cmd="tag" pos="NN">equilibrium</wf>
<wf cmd="ignore" pos="IN">around</wf>
<wf cmd="ignore" pos="DT">the</wf>
<wf cmd="tag" pos="JJ">axial</wf>
<wf cmd="tag" pos="NN">center</wf>
<punc>.</punc>
</s>
<s snum="45">
<wf cmd="ignore" pos="IN">During</wf>
<wf cmd="ignore" pos="DT">the</wf>
<wf cmd="tag" pos="NNP">Han</wf>
<wf cmd="tag" pos="NN">dynasty</wf>
<punc>,</punc>
<wf cmd="ignore" pos="DT">another</wf>
<wf cmd="tag" pos="NNP">Yin-Yang</wf>
<wf cmd="tag" pos="NN">conception</wf>
<wf cmd="done" pos="VBD" ot="notag">was</wf>
<wf cmd="done" pos="VB" lemma="apply" wnsn="5" lexsn="2:42:01::">applied</wf>
<wf cmd="done" pos="VB" ot="notag">to</wf>
<wf cmd="ignore" pos="DT">the</wf>
<wf cmd="tag" pos="NNP">Lo_Shu</wf>
<punc>,</punc>
<wf cmd="done" pos="VB" lemma="consider" wnsn="1" lexsn="2:31:00::">considering</wf>
<wf cmd="ignore" pos="DT">the</wf>
<wf cmd="tag" pos="NN">latter</wf>
<wf cmd="ignore" pos="IN">as</wf>
<wf cmd="ignore" pos="DT">a</wf>
<wf cmd="tag" pos="NN">plan</wf>
<wf cmd="ignore" pos="IN">of</wf>
<wf cmd="tag" pos="NNP">Ancient_China</wf>
<punc>.</punc>
</s>
<s snum="46">
<wf cmd="tag" pos="RB">Instead</wf>
<wf cmd="ignore" pos="IN">of</wf>
<wf cmd="done" pos="VB" lemma="link" wnsn="1" lexsn="2:31:00::">linking</wf>
<wf cmd="ignore" pos="DT">the</wf>
<wf cmd="tag" pos="CD">nine</wf>
<wf cmd="tag" pos="NNS">numbers</wf>
<wf cmd="tag" pos="RB">of_this</wf>
<wf cmd="tag" pos="NN">diagram</wf>
<wf cmd="ignore" pos="IN">with</wf>
<wf cmd="ignore" pos="DT">the</wf>
<wf cmd="tag" pos="JJ">traditional</wf>
<wf cmd="tag" pos="CD">Nine</wf>
<wf cmd="tag" pos="NNP">Provinces</wf>
<punc>,</punc>
<wf cmd="ignore" pos="IN">as</wf>
<wf cmd="done" pos="VBD" ot="notag">was</wf>
<wf cmd="tag" pos="RB">usually</wf>
<wf cmd="done" pos="VB" lemma="do" wnsn="1" lexsn="2:41:01::">done</wf>
<punc>,</punc>
<wf cmd="ignore" pos="DT">this</wf>
<wf cmd="done" pos="VB" lemma="equate" wnsn="1" lexsn="2:31:00::">equated</wf>
<wf cmd="ignore" pos="DT">the</wf>
<wf cmd="tag" pos="JJ">odd</wf>
<punc>,</punc>
<wf cmd="tag" pos="NNP">Yang</wf>
<wf cmd="tag" pos="NNS">numbers</wf>
<wf cmd="ignore" pos="IN">with</wf>
<wf cmd="tag" pos="NNS">mountains</wf>
<punc>(</punc>
<wf cmd="tag" pos="NN">firm</wf>
<wf cmd="ignore" pos="CC">and</wf>
<wf cmd="tag" pos="JJ">resistant</wf>
<punc>,</punc>
<wf cmd="tag" pos="RB">hence</wf>
<wf cmd="tag" pos="NNP">Yang</wf>
<punc>)</punc>
<wf cmd="ignore" pos="CC">and</wf>
<wf cmd="ignore" pos="DT">the</wf>
<wf cmd="tag" pos="JJ">even</wf>
<wf cmd="tag" pos="NNS">numbers</wf>
<wf cmd="ignore" pos="IN">with</wf>
<wf cmd="tag" pos="NNS">rivers</wf>
<punc>(</punc>
<wf cmd="tag" pos="JJ">sinuous</wf>
<wf cmd="ignore" pos="CC">and</wf>
<wf cmd="tag" pos="JJ">yielding</wf>
<punc>,</punc>
<wf cmd="tag" pos="RB">hence</wf>
<wf cmd="tag" pos="NNP">Yin</wf>
<punc>)</punc>
<punc>;</punc>
<wf cmd="done" pos="VB" lemma="take" wnsn="10" lexsn="2:31:01::">taking</wf>
<wf cmd="ignore" pos="DT">the</wf>
<wf cmd="tag" pos="NN">former</wf>
<wf cmd="ignore" pos="IN">from</wf>
<wf cmd="ignore" pos="DT">the</wf>
<wf cmd="tag" pos="CD">Five</wf>
<wf cmd="tag" pos="NNP">Sacred</wf>
<wf cmd="tag" pos="NNPS">Mountains</wf>
<wf cmd="ignore" pos="IN">of</wf>
<wf cmd="ignore" pos="DT">the</wf>
<wf cmd="tag" pos="NNP">Han</wf>
<wf cmd="tag" pos="NN">period</wf>
<wf cmd="ignore" pos="CC">and</wf>
<wf cmd="ignore" pos="DT">the</wf>
<wf cmd="tag" pos="NN">latter</wf>
<wf cmd="ignore" pos="IN">from</wf>
<wf cmd="ignore" pos="DT">the</wf>
<wf cmd="tag" pos="JJ">principal</wf>
<wf cmd="tag" pos="NN">river</wf>
<wf cmd="tag" pos="NNS">systems</wf>
<wf cmd="ignore" pos="IN">of</wf>
<wf cmd="tag" pos="NNP">Old_China</wf>
<punc>.</punc>
</s>
</p>
<p pnum="16">
<s snum="47">
<wf cmd="tag" pos="RB">Thus</wf>
<wf cmd="ignore" pos="DT">the</wf>
<wf cmd="tag" pos="NN">middle</wf>
<wf cmd="tag" pos="NN">number</wf>
<punc>,</punc>
<wf cmd="tag" pos="CD">5</wf>
<punc>,</punc>
<wf cmd="done" pos="VB" lemma="represent" wnsn="2" lexsn="2:32:02::">represented</wf>
<wf cmd="tag" pos="NNP">Sung-Shan</wf>
<wf cmd="ignore" pos="IN">in</wf>
<wf cmd="tag" pos="NNP">Honan</wf>
<punc>,</punc>
<wf cmd="tag" pos="NNP">Central_China</wf>
<punc>;</punc>
<wf cmd="ignore" pos="DT">the</wf>
<wf cmd="tag" pos="CD">3</wf>
<punc>,</punc>
<wf cmd="tag" pos="NN">T</wf>
<punc>'</punc>
<wf cmd="tag" pos="NNP">ai-Shan</wf>
<wf cmd="ignore" pos="IN">in</wf>
<wf cmd="tag" pos="NNP">Shantung</wf>
<punc>,</punc>
<wf cmd="tag" pos="NNP">East_China</wf>
<punc>;</punc>
<wf cmd="ignore" pos="DT">the</wf>
<wf cmd="tag" pos="CD">7</wf>
<punc>,</punc>
<wf cmd="tag" pos="NNP">Hwa-Shan</wf>
<wf cmd="ignore" pos="IN">in</wf>
<wf cmd="tag" pos="NNP">Shensi</wf>
<punc>,</punc>
<wf cmd="tag" pos="NNP">West_China</wf>
<punc>;</punc>
<wf cmd="ignore" pos="DT">the</wf>
<wf cmd="tag" pos="CD">1</wf>
<punc>,</punc>
<wf cmd="tag" pos="NNP">Heng-Shan</wf>
<wf cmd="ignore" pos="IN">in</wf>
<wf cmd="tag" pos="NNP">Hopei</wf>
<punc>,</punc>
<wf cmd="tag" pos="NNP">North_China</wf>
<punc>(</punc>
<wf cmd="ignore" pos="CC">or</wf>
<wf cmd="ignore" pos="DT">the</wf>
<wf cmd="tag" pos="NN">mountain</wf>
<wf cmd="ignore" pos="IN">with</wf>
<wf cmd="ignore" pos="DT">the</wf>
<wf cmd="tag" pos="JJ">same</wf>
<wf cmd="tag" pos="NN">name</wf>
<wf cmd="ignore" pos="IN">in</wf>
<wf cmd="tag" pos="JJ">neighboring</wf>
<wf cmd="tag" pos="NNP">Shansi</wf>
<punc>)</punc>
<punc>;</punc>
<wf cmd="ignore" pos="CC">and</wf>
<wf cmd="ignore" pos="DT">the</wf>
<wf cmd="tag" pos="CD">9</wf>
<punc>,</punc>
<wf cmd="tag" pos="NNP">Huo-Shan</wf>
<wf cmd="ignore" pos="IN">in</wf>
<wf cmd="tag" pos="NNP">Anhwei</wf>
<punc>,</punc>
<wf cmd="ignore" pos="WDT">which</wf>
<wf cmd="done" pos="VB" lemma="be" wnsn="3" lexsn="2:42:05::">was</wf>
<wf cmd="tag" pos="RB">then</wf>
<wf cmd="ignore" pos="DT">the</wf>
<wf cmd="tag" pos="NNP">South_Sacred_Mountain</wf>
<punc>.</punc>
</s>
<s snum="48">
<wf cmd="ignore" pos="IN">For</wf>
<wf cmd="ignore" pos="DT">the</wf>
<wf cmd="tag" pos="NNS">rivers</wf>
<punc>,</punc>
<wf cmd="ignore" pos="DT">the</wf>
<wf cmd="tag" pos="CD">4</wf>
<wf cmd="done" pos="VB" lemma="represent" wnsn="2" lexsn="2:32:02::">represented</wf>
<wf cmd="ignore" pos="DT">the</wf>
<wf cmd="tag" pos="NNP">Huai</wf>
<punc>,</punc>
<wf cmd="ignore" pos="TO">to</wf>
<wf cmd="ignore" pos="DT">the</wf>
<punc>(</punc>
<wf cmd="tag" pos="RB">then</wf>
<punc>)</punc>
<wf cmd="tag" pos="NNP">Southeast</wf>
<punc>;</punc>
<wf cmd="ignore" pos="DT">the</wf>
<wf cmd="tag" pos="CD">2</wf>
<punc>,</punc>
<wf cmd="ignore" pos="DT">the</wf>
<wf cmd="tag" pos="NNP">San_Kiang</wf>
<punc>(</punc>
<wf cmd="tag" pos="CD">three</wf>
<wf cmd="tag" pos="NNS">rivers</wf>
<punc>)</punc>
<wf cmd="ignore" pos="IN">in</wf>
<wf cmd="ignore" pos="DT">the</wf>
<punc>(</punc>
<wf cmd="tag" pos="RB">then</wf>
<punc>)</punc>
<wf cmd="tag" pos="NNP">Southwest</wf>
<punc>;</punc>
<wf cmd="ignore" pos="DT">the</wf>
<wf cmd="tag" pos="CD">8</wf>
<punc>,</punc>
<wf cmd="ignore" pos="DT">the</wf>
<wf cmd="tag" pos="NNP">Chi</wf>
<wf cmd="ignore" pos="IN">in</wf>
<wf cmd="ignore" pos="DT">the</wf>
<wf cmd="tag" pos="NNP">Northeast</wf>
<punc>;</punc>
<wf cmd="ignore" pos="CC">and</wf>
<wf cmd="ignore" pos="DT">the</wf>
<wf cmd="tag" pos="CD">6</wf>
<punc>,</punc>
<wf cmd="ignore" pos="DT">the</wf>
<punc>(</punc>
<wf cmd="tag" pos="JJ">upper</wf>
<punc>)</punc>
<wf cmd="tag" pos="NNP">Yellow_River</wf>
<wf cmd="ignore" pos="IN">in</wf>
<wf cmd="ignore" pos="DT">the</wf>
<wf cmd="tag" pos="NNP">Northwest</wf>
<punc>.</punc>
</s>
</p>
<p pnum="17">
<s snum="49">
<wf cmd="done" pos="VB" lemma="note" wnsn="1" lexsn="2:32:00::">Note</wf>
<wf cmd="ignore" pos="IN">that</wf>
<wf cmd="ignore" pos="IN">by</wf>
<wf cmd="tag" pos="JJ">Western</wf>
<wf cmd="tag" pos="NNS">standards</wf>
<wf cmd="ignore" pos="DT">this</wf>
<wf cmd="tag" pos="NN">plan</wf>
<wf cmd="done" pos="VB" lemma="be" wnsn="1" lexsn="2:42:03::">was</wf>
<punc>``</punc>
<wf cmd="tag" pos="RB">upside_down</wf>
<punc>''</punc>
<punc>,</punc>
<wf cmd="ignore" pos="IN">as</wf>
<wf cmd="ignore" pos="PRP">it</wf>
<wf cmd="done" pos="VB" lemma="put" wnsn="2" lexsn="2:35:05::">put</wf>
<wf cmd="tag" pos="NNP">North</wf>
<wf cmd="ignore" pos="IN">at</wf>
<wf cmd="ignore" pos="DT">the</wf>
<wf cmd="tag" pos="NN">bottom</wf>
<wf cmd="ignore" pos="CC">and</wf>
<wf cmd="tag" pos="NNP">South</wf>
<wf cmd="ignore" pos="IN">at</wf>
<wf cmd="ignore" pos="DT">the</wf>
<wf cmd="tag" pos="JJ">top</wf>
<punc>,</punc>
<wf cmd="ignore" pos="IN">with</wf>
<wf cmd="ignore" pos="DT">the</wf>
<wf cmd="tag" pos="JJ">other</wf>
<wf cmd="tag" pos="NNS">directions</wf>
<wf cmd="tag" pos="RB">correspondingly</wf>
<wf cmd="done" pos="VB" lemma="alter" wnsn="2" lexsn="2:30:00::">altered</wf>
<punc>;</punc>
<wf cmd="ignore" pos="CC">but</wf>
<wf cmd="tag" pos="RB">in_this</wf>
<wf cmd="tag" pos="NN">respect</wf>
<wf cmd="ignore" pos="PRP">it</wf>
<wf cmd="done" pos="VBD" ot="notag">was</wf>
<wf cmd="tag" pos="RB">merely</wf>
<wf cmd="done" pos="VB" lemma="follow" wnsn="9" lexsn="2:40:00::">following</wf>
<wf cmd="ignore" pos="DT">the</wf>
<wf cmd="tag" pos="JJ">accepted</wf>
<wf cmd="tag" pos="JJ">Chinese</wf>
<wf cmd="tag" pos="NN">convention</wf>
<wf cmd="ignore" pos="IN">for</wf>
<wf cmd="ignore" pos="DT">all</wf>
<wf cmd="tag" pos="NNS">maps</wf>
<punc>.</punc>
</s>
<s snum="50">
<wf cmd="ignore" pos="DT">The</wf>
<wf cmd="tag" pos="JJ">same</wf>
<wf cmd="tag" pos="NN">arrangement</wf>
<wf cmd="done" pos="VBD" ot="notag">was</wf>
<wf cmd="done" pos="VB" lemma="use" wnsn="1" lexsn="2:34:01::">used</wf>
<wf cmd="ignore" pos="WRB">when</wf>
<wf cmd="ignore" pos="DT">the</wf>
<wf cmd="tag" pos="NNP">Lo_Shu</wf>
<wf cmd="done" pos="VBD" ot="notag">was</wf>
<wf cmd="done" pos="VB" lemma="equate" wnsn="1" lexsn="2:31:00::">equated</wf>
<wf cmd="ignore" pos="IN">with</wf>
<wf cmd="ignore" pos="DT">the</wf>
<wf cmd="tag" pos="CD">Nine</wf>
<wf cmd="tag" pos="NNP">Provinces</wf>
<punc>;</punc>
<wf cmd="ignore" pos="CC">and</wf>
<wf cmd="ignore" pos="WRB">whenever</wf>
<wf cmd="ignore" pos="DT">the</wf>
<wf cmd="tag" pos="NNP">Lo_Shu</wf>
<wf cmd="done" pos="VB" lemma="involve" wnsn="1" lexsn="2:42:01::">involved</wf>
<wf cmd="tag" pos="JJ">directional</wf>
<wf cmd="tag" pos="NN">symbolism</wf>
<punc>,</punc>
<wf cmd="ignore" pos="PRP">it</wf>
<wf cmd="done" pos="VB" ot="notag">was</wf>
<wf cmd="done" pos="VB" lemma="orient" wnsn="1" lexsn="2:42:00::">oriented</wf>
<wf cmd="tag" pos="RB">in_this</wf>
<wf cmd="tag" pos="JJ">same</wf>
<wf cmd="tag" pos="NN">fashion</wf>
<punc>.</punc>
</s>
</p>
</context>
</contextfile>
