<contextfile concordance="brown">
<context filename="br-d11" paras="yes">
<p pnum="1">
<s snum="1">
<wf cmd="ignore" pos="WRB">When</wf>
<wf cmd="tag" pos="PRP">they</wf>
<wf cmd="done" pos="VB" lemma="say" wnsn="2" lexsn="2:32:01::">say</wf>
<wf cmd="ignore" pos="IN">that</wf>
<wf cmd="ignore" pos="IN">under</wf>
<wf cmd="ignore" pos="DT">no</wf>
<wf cmd="tag" pos="NNS">circumstances</wf>
<wf cmd="ignore" pos="MD">would</wf>
<wf cmd="ignore" pos="PRP">it</wf>
<wf cmd="tag" pos="RB">ever</wf>
<wf cmd="done" pos="VB" lemma="be" wnsn="2" lexsn="2:42:06::">be</wf>
<wf cmd="tag" pos="NN">right</wf>
<wf cmd="ignore" pos="TO">to</wf>
<punc>``</punc>
<wf cmd="done" pos="VB" lemma="permit" wnsn="1" lexsn="2:32:00::">permit</wf>
<punc>''</punc>
<wf cmd="ignore" pos="DT">the</wf>
<wf cmd="tag" pos="NN">termination</wf>
<wf cmd="ignore" pos="IN">of</wf>
<wf cmd="ignore" pos="DT">the</wf>
<wf cmd="tag" pos="NN">human_race</wf>
<wf cmd="ignore" pos="IN">by</wf>
<wf cmd="tag" pos="NN">human_action</wf>
<punc>,</punc>
<wf cmd="ignore" pos="IN">because</wf>
<wf cmd="ignore" pos="EX">there</wf>
<wf cmd="ignore" pos="MD">could</wf>
<wf cmd="tag" pos="RB">not</wf>
<wf cmd="tag" pos="RB">possibly</wf>
<wf cmd="done" pos="VB" lemma="be" wnsn="4" lexsn="2:42:00::">be</wf>
<wf cmd="ignore" pos="DT">any</wf>
<wf cmd="tag" pos="JJ">proportionate</wf>
<wf cmd="tag" pos="JJ">grave</wf>
<wf cmd="tag" pos="NN">reason</wf>
<wf cmd="ignore" pos="TO">to</wf>
<wf cmd="done" pos="VB" lemma="justify" wnsn="1" lexsn="2:32:01::">justify</wf>
<wf cmd="tag" pos="JJ">such</wf>
<wf cmd="ignore" pos="DT">a</wf>
<wf cmd="tag" pos="NN">thing</wf>
<punc>,</punc>
<wf cmd="ignore" pos="PRP">they</wf>
<wf cmd="done" pos="VB" lemma="know" wnsn="2" lexsn="2:31:03::">know</wf>
<wf cmd="tag" pos="RB">exactly</wf>
<wf cmd="ignore" pos="WP">what</wf>
<wf cmd="ignore" pos="PRP">they</wf>
<wf cmd="done" pos="VB" lemma="mean" wnsn="1" lexsn="2:32:01::">mean</wf>
<punc>.</punc>
</s>
<s snum="2">
<wf cmd="tag" pos="RB">Of_course</wf>
<punc>,</punc>
<wf cmd="ignore" pos="IN">in</wf>
<wf cmd="tag" pos="JJ">prudential</wf>
<wf cmd="tag" pos="NN">calculation</wf>
<punc>,</punc>
<wf cmd="ignore" pos="IN">in</wf>
<wf cmd="done" pos="VB" lemma="balance" wnsn="1" lexsn="2:42:00::">balancing</wf>
<wf cmd="ignore" pos="DT">the</wf>
<wf cmd="tag" pos="JJ">good</wf>
<wf cmd="tag" pos="RB">directly</wf>
<wf cmd="done" pos="VB" lemma="intend" wnsn="1" lexsn="2:31:00::">intended</wf>
<wf cmd="ignore" pos="CC">and</wf>
<wf cmd="done" pos="VB" lemma="do" wnsn="2" lexsn="2:36:01::">done</wf>
<wf cmd="ignore" pos="IN">against</wf>
<wf cmd="ignore" pos="DT">the</wf>
<wf cmd="tag" pos="JJ">evil</wf>
<wf cmd="tag" pos="JJ">unintended</wf>
<wf cmd="ignore" pos="CC">and</wf>
<wf cmd="tag" pos="RB">indirectly</wf>
<wf cmd="done" pos="VB" lemma="do" wnsn="2" lexsn="2:36:01::">done</wf>
<punc>,</punc>
<wf cmd="ignore" pos="DT">no</wf>
<wf cmd="tag" pos="JJR">greater</wf>
<wf cmd="tag" pos="NN">precision</wf>
<wf cmd="ignore" pos="MD">can</wf>
<wf cmd="done" pos="VB" lemma="be" wnsn="1" lexsn="2:42:03::">be</wf>
<wf cmd="tag" pos="JJ">forthcoming</wf>
<wf cmd="ignore" pos="IN">than</wf>
<wf cmd="ignore" pos="DT">the</wf>
<wf cmd="tag" pos="NN">subject</wf>
<wf cmd="done" pos="VB" lemma="allow" wnsn="2" lexsn="2:32:00::">allows</wf>
<punc>.</punc>
</s>
<s snum="3">
<wf cmd="tag" pos="RB">Yet</wf>
<wf cmd="ignore" pos="PRP">it</wf>
<wf cmd="done" pos="VB" lemma="seem" wnsn="1" lexsn="2:39:00::">seems</wf>
<wf cmd="tag" pos="JJ">clear</wf>
<wf cmd="ignore" pos="IN">that</wf>
<wf cmd="ignore" pos="EX">there</wf>
<wf cmd="ignore" pos="MD">can</wf>
<wf cmd="done" pos="VB" lemma="be" wnsn="4" lexsn="2:42:00::">be</wf>
<wf cmd="ignore" pos="DT">no</wf>
<wf cmd="tag" pos="JJ">good</wf>
<wf cmd="tag" pos="RB">sufficiently</wf>
<wf cmd="tag" pos="JJ">great</wf>
<punc>,</punc>
<wf cmd="ignore" pos="CC">or</wf>
<wf cmd="tag" pos="JJ">evil</wf>
<wf cmd="done" pos="VB" lemma="repel" wnsn="1" lexsn="2:35:00::">repelled</wf>
<wf cmd="tag" pos="RB">sufficiently</wf>
<wf cmd="tag" pos="JJ">grave</wf>
<punc>,</punc>
<wf cmd="ignore" pos="TO">to</wf>
<wf cmd="done" pos="VB" lemma="warrant" wnsn="1" lexsn="2:32:00::">warrant</wf>
<wf cmd="ignore" pos="DT">the</wf>
<wf cmd="tag" pos="NN">destruction</wf>
<wf cmd="ignore" pos="IN">of</wf>
<wf cmd="tag" pos="NN">mankind</wf>
<wf cmd="ignore" pos="IN">by</wf>
<wf cmd="tag" pos="NN">man</wf>
<wf cmd="ignore" pos="POS">'s</wf>
<wf cmd="tag" pos="JJ">own</wf>
<wf cmd="tag" pos="NN">action</wf>
<punc>.</punc>
</s>
</p>
<p pnum="2">
<s snum="4">
<wf cmd="ignore" pos="PRP">I</wf>
<wf cmd="done" pos="VB" lemma="mean" wnsn="1" lexsn="2:32:01::">mean</wf>
<punc>,</punc>
<wf cmd="tag" pos="RB">however</wf>
<punc>,</punc>
<wf cmd="ignore" pos="IN">that</wf>
<wf cmd="ignore" pos="DT">the</wf>
<wf cmd="tag" pos="JJ">moral</wf>
<wf cmd="tag" pos="NN">theologian</wf>
<wf cmd="done" pos="VB" lemma="know" wnsn="2" lexsn="2:31:03::">knows</wf>
<wf cmd="ignore" pos="WP">what</wf>
<wf cmd="ignore" pos="PRP">he</wf>
<wf cmd="done" pos="VB" lemma="mean" wnsn="1" lexsn="2:32:01::">means</wf>
<wf cmd="ignore" pos="IN">by</wf>
<punc>``</punc>
<wf cmd="done" pos="VB" lemma="permit" wnsn="1" lexsn="2:32:00::">permit</wf>
<punc>''</punc>
<punc>.</punc>
</s>
<s snum="5">
<wf cmd="ignore" pos="PRP">He</wf>
<wf cmd="done" pos="VBZ" ot="notag">is</wf>
<wf cmd="tag" pos="RB">not</wf>
<wf cmd="done" rdf="talking_about" pos="VB" lemma="talk_about" wnsn="1" lexsn="2:32:00::">talking</wf>
<wf cmd="tag" pos="RB">in_the_main</wf>
<wf cmd="ignore" pos="IN">about</wf>
<wf cmd="tag" pos="NNS">probabilities</wf>
<punc>,</punc>
<wf cmd="tag" pos="NNS">risks</wf>
<wf cmd="ignore" pos="CC">and</wf>
<wf cmd="tag" pos="NN">danger</wf>
<wf cmd="tag" pos="RB">in_general</wf>
<punc>.</punc>
</s>
<s snum="6">
<wf cmd="ignore" pos="PRP">He</wf>
<wf cmd="done" pos="VBZ" ot="notag">is</wf>
<wf cmd="done" pos="VB" lemma="talk_about" wnsn="1" lexsn="2:32:00::">talking_about</wf>
<wf cmd="ignore" pos="DT">an</wf>
<wf cmd="tag" pos="NN">action</wf>
<wf cmd="ignore" pos="WDT">which</wf>
<wf cmd="tag" pos="RB">just_as</wf>
<wf cmd="tag" pos="RB">efficaciously</wf>
<wf cmd="done" pos="VB" lemma="do" wnsn="2" lexsn="2:36:01::">does</wf>
<wf cmd="ignore" pos="DT">an</wf>
<wf cmd="tag" pos="JJ">evil</wf>
<wf cmd="tag" pos="NN">thing</wf>
<punc>(</punc>
<wf cmd="ignore" pos="CC">and</wf>
<wf cmd="done" pos="VB" lemma="be" wnsn="1" lexsn="2:42:03::">is</wf>
<wf cmd="tag" pos="JJ">known</wf>
<wf cmd="tag" pos="RB">certainly</wf>
<wf cmd="ignore" pos="CC">and</wf>
<wf cmd="tag" pos="RB">unavoidably</wf>
<wf cmd="ignore" pos="TO">to</wf>
<wf cmd="done" pos="VB" lemma="lead" wnsn="3" lexsn="2:42:12::">lead</wf>
<wf cmd="done" pos="VB" ot="notag">to</wf>
<wf cmd="ignore" pos="DT">this</wf>
<wf cmd="tag" pos="JJ">evil</wf>
<wf cmd="tag" pos="NN">result</wf>
<punc>)</punc>
<wf cmd="ignore" pos="IN">as</wf>
<wf cmd="ignore" pos="PRP">it</wf>
<wf cmd="tag" pos="RB">efficaciously</wf>
<wf cmd="done" pos="VB" lemma="do" wnsn="2" lexsn="2:36:01::">does</wf>
<wf cmd="ignore" pos="DT">some</wf>
<wf cmd="tag" pos="NN">good</wf>
<punc>.</punc>
</s>
<s snum="7">
<wf cmd="ignore" pos="PRP">He</wf>
<wf cmd="done" pos="VBZ" ot="notag">is</wf>
<wf cmd="done" pos="VB" lemma="talk_about" wnsn="1" lexsn="2:32:00::">talking_about</wf>
<wf cmd="tag" pos="JJ">double</wf>
<wf cmd="tag" pos="NNS">effects</wf>
<punc>,</punc>
<wf cmd="tag" pos="RB">of_which</wf>
<wf cmd="ignore" pos="DT">the</wf>
<wf cmd="tag" pos="JJ">specific</wf>
<wf cmd="tag" pos="NN">action</wf>
<wf cmd="done" pos="VB" lemma="cause" wnsn="1" lexsn="2:36:00::">causes</wf>
<wf cmd="tag" pos="RB">directly</wf>
<wf cmd="ignore" pos="DT">the</wf>
<wf cmd="tag" pos="CD">one</wf>
<wf cmd="ignore" pos="CC">and</wf>
<wf cmd="tag" pos="RB">indirectly</wf>
<wf cmd="ignore" pos="DT">the</wf>
<wf cmd="tag" pos="JJ">other</wf>
<punc>,</punc>
<wf cmd="ignore" pos="CC">but</wf>
<wf cmd="done" pos="VB" lemma="cause" wnsn="1" lexsn="2:36:00::">causes</wf>
<wf cmd="ignore" pos="DT">both</wf>
<punc>;</punc>
<wf cmd="tag" pos="RB">of_which</wf>
<wf cmd="tag" pos="CD">one</wf>
<wf cmd="done" pos="VBZ" ot="notag">is</wf>
<wf cmd="tag" pos="RB">deliberately</wf>
<wf cmd="done" pos="VB" lemma="will" wnsn="2" lexsn="2:31:01::">willed</wf>
<wf cmd="ignore" pos="CC">or</wf>
<wf cmd="done" pos="VB" lemma="intend" wnsn="1" lexsn="2:31:00::">intended</wf>
<wf cmd="ignore" pos="CC">and</wf>
<wf cmd="ignore" pos="DT">the</wf>
<wf cmd="tag" pos="JJ">other</wf>
<wf cmd="tag" pos="RB">not</wf>
<wf cmd="done" pos="VB" lemma="intend" wnsn="1" lexsn="2:31:00::">intended</wf>
<wf cmd="ignore" pos="CC">or</wf>
<wf cmd="tag" pos="RB">not</wf>
<wf cmd="tag" pos="RB">directly</wf>
<wf cmd="done" pos="VB" lemma="intend" wnsn="1" lexsn="2:31:00::">intended</wf>
<punc>,</punc>
<wf cmd="ignore" pos="CC">but</wf>
<wf cmd="tag" pos="RB">still</wf>
<wf cmd="ignore" pos="DT">both</wf>
<wf cmd="done" pos="VBP" ot="notag">are</wf>
<wf cmd="done" pos="VB" lemma="do" wnsn="2" lexsn="2:36:01::">done</wf>
<punc>,</punc>
<wf cmd="ignore" pos="IN">while</wf>
<wf cmd="ignore" pos="DT">the</wf>
<wf cmd="tag" pos="JJ">evil</wf>
<wf cmd="tag" pos="NN">effect</wf>
<wf cmd="done" pos="VBZ" ot="notag">is</wf>
<punc>,</punc>
<wf cmd="ignore" pos="IN">with</wf>
<wf cmd="tag" pos="JJ">equal</wf>
<wf cmd="tag" pos="NN">consciousness</wf>
<wf cmd="ignore" pos="IN">on</wf>
<wf cmd="ignore" pos="DT">the</wf>
<wf cmd="tag" pos="NN">part</wf>
<wf cmd="ignore" pos="IN">of</wf>
<wf cmd="ignore" pos="DT">the</wf>
<wf cmd="tag" pos="NN">agent</wf>
<punc>,</punc>
<wf cmd="done" pos="VB" lemma="foreknow" wnsn="1" lexsn="2:31:00::">foreknown</wf>
<wf cmd="ignore" pos="TO">to</wf>
<wf cmd="done" pos="VB" lemma="be" wnsn="5" lexsn="2:42:04::">be</wf>
<wf cmd="ignore" pos="IN">among</wf>
<wf cmd="ignore" pos="DT">the</wf>
<wf cmd="tag" pos="NNS">consequences</wf>
<punc>.</punc>
</s>
<s snum="8">
<wf cmd="ignore" pos="DT">This</wf>
<wf cmd="done" pos="VB" lemma="be" wnsn="2" lexsn="2:42:06::">is</wf>
<wf cmd="ignore" pos="WP">what</wf>
<punc>,</punc>
<wf cmd="ignore" pos="IN">in</wf>
<wf cmd="ignore" pos="DT">a</wf>
<wf cmd="tag" pos="JJ">technical</wf>
<wf cmd="tag" pos="NN">sense</wf>
<punc>,</punc>
<wf cmd="ignore" pos="TO">to</wf>
<punc>``</punc>
<wf cmd="tag" pos="RB">only</wf>
<wf cmd="done" pos="VB" lemma="permit" wnsn="1" lexsn="2:32:00::">permit</wf>
<punc>''</punc>
<wf cmd="ignore" pos="DT">an</wf>
<wf cmd="tag" pos="JJ">evil</wf>
<wf cmd="tag" pos="NN">result</wf>
<wf cmd="done" pos="VB" lemma="mean" wnsn="3" lexsn="2:32:03::">means</wf>
<punc>.</punc>
</s>
<s snum="9">
<wf cmd="ignore" pos="PRP">It</wf>
<wf cmd="done" pos="VB" lemma="mean" wnsn="3" lexsn="2:32:03::">means</wf>
<wf cmd="ignore" pos="TO">to</wf>
<wf cmd="done" pos="VB" lemma="do" wnsn="1" lexsn="2:41:01::">do</wf>
<wf cmd="done" pos="VB" ot="notag">it</wf>
<wf cmd="ignore" pos="CC">and</wf>
<wf cmd="ignore" pos="TO">to</wf>
<wf cmd="done" pos="VB" lemma="know" wnsn="1" lexsn="2:31:01::">know</wf>
<wf cmd="tag" pos="CD">one</wf>
<wf cmd="done" pos="VBZ" ot="notag">is</wf>
<wf cmd="done" pos="VB" lemma="do" wnsn="1" lexsn="2:41:01::">doing</wf>
<wf cmd="done" pos="VB" ot="notag">it</wf>
<punc>,</punc>
<wf cmd="ignore" pos="CC">but</wf>
<wf cmd="ignore" pos="IN">as</wf>
<wf cmd="tag" pos="RB">only</wf>
<wf cmd="ignore" pos="DT">a</wf>
<wf cmd="tag" pos="JJ">secondary</wf>
<wf cmd="ignore" pos="IN">if</wf>
<wf cmd="tag" pos="JJ">certain</wf>
<wf cmd="tag" pos="NN">effect</wf>
<wf cmd="ignore" pos="IN">of</wf>
<wf cmd="ignore" pos="DT">the</wf>
<wf cmd="tag" pos="JJ">good</wf>
<wf cmd="tag" pos="CD">one</wf>
<wf cmd="tag" pos="RB">primarily</wf>
<wf cmd="done" pos="VB" lemma="do" wnsn="2" lexsn="2:36:01::">does</wf>
<wf cmd="ignore" pos="CC">and</wf>
<wf cmd="done" pos="VB" lemma="intend" wnsn="1" lexsn="2:31:00::">intends</wf>
<punc>.</punc>
</s>
<s snum="10">
<wf cmd="tag" pos="RB">Of_course</wf>
<punc>,</punc>
<wf cmd="tag" pos="JJ">grave</wf>
<wf cmd="tag" pos="NN">guiltiness</wf>
<wf cmd="ignore" pos="MD">may</wf>
<wf cmd="done" pos="VB" ot="notag">be</wf>
<wf cmd="done" pos="VB" lemma="impute" wnsn="1" lexsn="2:31:00::">imputed</wf>
<wf cmd="ignore" pos="TO">to</wf>
<wf cmd="ignore" pos="DT">the</wf>
<wf cmd="tag" pos="NN">military_action</wf>
<wf cmd="ignore" pos="IN">of</wf>
<wf cmd="ignore" pos="DT">any</wf>
<wf cmd="tag" pos="NN">nation</wf>
<punc>,</punc>
<wf cmd="ignore" pos="CC">or</wf>
<wf cmd="ignore" pos="TO">to</wf>
<wf cmd="ignore" pos="DT">the</wf>
<wf cmd="tag" pos="NN">action</wf>
<wf cmd="ignore" pos="IN">of</wf>
<wf cmd="ignore" pos="DT">any</wf>
<wf cmd="tag" pos="NN">leader</wf>
<wf cmd="ignore" pos="CC">or</wf>
<wf cmd="tag" pos="NNS">leaders</wf>
<punc>,</punc>
<wf cmd="ignore" pos="WDT">which</wf>
<wf cmd="ignore" pos="IN">for</wf>
<wf cmd="ignore" pos="DT">any</wf>
<wf cmd="tag" pos="JJ">supposed</wf>
<wf cmd="tag" pos="JJ">good</wf>
<punc>``</punc>
<wf cmd="done" pos="VB" lemma="permit" wnsn="1" lexsn="2:32:00::">permits</wf>
<punc>''</punc>
<punc>,</punc>
<wf cmd="tag" pos="RB">in_this</wf>
<wf cmd="tag" pos="NN">sense</wf>
<punc>,</punc>
<wf cmd="ignore" pos="DT">the</wf>
<wf cmd="tag" pos="NN">termination</wf>
<wf cmd="ignore" pos="IN">of</wf>
<wf cmd="ignore" pos="DT">the</wf>
<wf cmd="tag" pos="NN">human_race</wf>
<wf cmd="ignore" pos="IN">by</wf>
<wf cmd="tag" pos="NN">human_action</wf>
<punc>.</punc>
</s>
<s snum="11">
<wf cmd="tag" pos="RB">Certainly</wf>
<punc>,</punc>
<wf cmd="ignore" pos="IN">in</wf>
<wf cmd="done" pos="VB" lemma="analyze" wnsn="1" lexsn="2:31:00::">analyzing</wf>
<wf cmd="ignore" pos="DT">an</wf>
<wf cmd="tag" pos="NN">action</wf>
<wf cmd="ignore" pos="WDT">which</wf>
<wf cmd="tag" pos="RB">truly</wf>
<wf cmd="done" pos="VB" lemma="face" wnsn="2" lexsn="2:33:00::">faced</wf>
<wf cmd="tag" pos="JJ">such</wf>
<wf cmd="tag" pos="NNS">alternatives</wf>
<punc>,</punc>
<punc>``</punc>
<wf cmd="ignore" pos="PRP">it</wf>
<wf cmd="done" pos="VB" lemma="be" wnsn="1" lexsn="2:42:03::">is</wf>
<wf cmd="tag" pos="RB">never</wf>
<wf cmd="tag" pos="JJ">possible</wf>
<wf cmd="ignore" pos="IN">that</wf>
<wf cmd="ignore" pos="DT">no</wf>
<wf cmd="tag" pos="NN">world</wf>
<wf cmd="ignore" pos="MD">would</wf>
<wf cmd="done" pos="VB" lemma="be" wnsn="1" lexsn="2:42:03::">be</wf>
<wf cmd="tag" pos="JJ">preferable</wf>
<wf cmd="ignore" pos="TO">to</wf>
<wf cmd="ignore" pos="DT">some</wf>
<wf cmd="tag" pos="NNS">worlds</wf>
<punc>,</punc>
<wf cmd="ignore" pos="CC">and</wf>
<wf cmd="ignore" pos="EX">there</wf>
<wf cmd="done" pos="VB" lemma="be" wnsn="4" lexsn="2:42:00::">are</wf>
<wf cmd="tag" pos="RB">in_truth</wf>
<wf cmd="ignore" pos="DT">no</wf>
<wf cmd="tag" pos="NNS">circumstances</wf>
<wf cmd="tag" pos="RB">in_which</wf>
<wf cmd="ignore" pos="DT">the</wf>
<wf cmd="tag" pos="NN">destruction</wf>
<wf cmd="ignore" pos="IN">of</wf>
<wf cmd="tag" pos="JJ">human</wf>
<wf cmd="tag" pos="NN">life</wf>
<wf cmd="done" pos="VB" lemma="present" wnsn="2" lexsn="2:32:00::">presents</wf>
<wf cmd="ignore" pos="PRP">itself</wf>
<wf cmd="ignore" pos="IN">as</wf>
<wf cmd="ignore" pos="DT">a</wf>
<wf cmd="tag" pos="JJ">reasonable</wf>
<wf cmd="tag" pos="NN">alternative</wf>
<punc>''</punc>
<punc>.</punc>
</s>
</p>
<p pnum="3">
<s snum="12">
<wf cmd="tag" pos="RB">Naturally</wf>
<punc>,</punc>
<wf cmd="ignore" pos="WRB">where</wf>
<wf cmd="tag" pos="CD">one</wf>
<wf cmd="ignore" pos="CC">or</wf>
<wf cmd="ignore" pos="DT">the</wf>
<wf cmd="tag" pos="NN">other</wf>
<wf cmd="ignore" pos="IN">of</wf>
<wf cmd="ignore" pos="DT">the</wf>
<wf cmd="tag" pos="NNS">effects</wf>
<wf cmd="ignore" pos="IN">of</wf>
<wf cmd="ignore" pos="DT">an</wf>
<wf cmd="tag" pos="NN">action</wf>
<wf cmd="done" pos="VB" lemma="be" wnsn="1" lexsn="2:42:03::">is</wf>
<wf cmd="tag" pos="JJ">uncertain</wf>
<punc>,</punc>
<wf cmd="ignore" pos="DT">this</wf>
<wf cmd="done" pos="VB" ot="notag">has</wf>
<wf cmd="done" pos="VB" ot="notag">to</wf>
<wf cmd="done" pos="VB" ot="notag">be</wf>
<wf cmd="done" pos="VB" lemma="take_into_account" wnsn="1" lexsn="2:31:00::">taken_into_account</wf>
<punc>.</punc>
</s>
<s snum="13">
<wf cmd="tag" pos="RB">Especially</wf>
<wf cmd="done" pos="VB" lemma="be" wnsn="1" lexsn="2:42:03::">is</wf>
<wf cmd="ignore" pos="DT">this</wf>
<wf cmd="tag" pos="JJ">true</wf>
<wf cmd="ignore" pos="WRB">when</wf>
<punc>,</punc>
<wf cmd="ignore" pos="IN">because</wf>
<wf cmd="ignore" pos="DT">the</wf>
<wf cmd="tag" pos="JJ">good</wf>
<wf cmd="tag" pos="NN">effect</wf>
<wf cmd="done" pos="VB" lemma="be" wnsn="1" lexsn="2:42:03::">is</wf>
<wf cmd="tag" pos="JJ">remote</wf>
<wf cmd="ignore" pos="CC">and</wf>
<wf cmd="tag" pos="JJ">speculative</wf>
<wf cmd="ignore" pos="IN">while</wf>
<wf cmd="ignore" pos="DT">the</wf>
<wf cmd="tag" pos="JJ">evil</wf>
<wf cmd="done" pos="VB" lemma="be" wnsn="1" lexsn="2:42:03::">is</wf>
<wf cmd="tag" pos="JJ">certain</wf>
<wf cmd="ignore" pos="CC">and</wf>
<wf cmd="tag" pos="JJ">grave</wf>
<punc>,</punc>
<wf cmd="ignore" pos="DT">the</wf>
<wf cmd="tag" pos="NN">action</wf>
<wf cmd="done" pos="VBZ" ot="notag">is</wf>
<wf cmd="done" pos="VB" lemma="prohibit" wnsn="1" lexsn="2:32:00::">prohibited</wf>
<punc>.</punc>
</s>
<s snum="14">
<wf cmd="tag" pos="RB">Presumably</wf>
<punc>,</punc>
<wf cmd="ignore" pos="IN">if</wf>
<wf cmd="ignore" pos="DT">the</wf>
<wf cmd="tag" pos="NN">reverse</wf>
<wf cmd="done" pos="VB" lemma="be" wnsn="2" lexsn="2:42:06::">is</wf>
<wf cmd="ignore" pos="DT">the</wf>
<wf cmd="tag" pos="NN">case</wf>
<wf cmd="ignore" pos="CC">and</wf>
<wf cmd="ignore" pos="DT">the</wf>
<wf cmd="tag" pos="JJ">good</wf>
<wf cmd="tag" pos="NN">effect</wf>
<wf cmd="done" pos="VB" lemma="be" wnsn="1" lexsn="2:42:03::">is</wf>
<wf cmd="tag" pos="RBR">more</wf>
<wf cmd="tag" pos="JJ">certain</wf>
<wf cmd="ignore" pos="IN">than</wf>
<wf cmd="ignore" pos="DT">the</wf>
<wf cmd="tag" pos="JJ">evil</wf>
<wf cmd="tag" pos="NN">result</wf>
<wf cmd="ignore" pos="WDT">that</wf>
<wf cmd="ignore" pos="MD">may</wf>
<wf cmd="done" pos="VB" lemma="be" wnsn="1" lexsn="2:42:03::">be</wf>
<wf cmd="tag" pos="JJ">forthcoming</wf>
<punc>,</punc>
<wf cmd="tag" pos="RB">not_only</wf>
<wf cmd="ignore" pos="MD">must</wf>
<wf cmd="ignore" pos="DT">the</wf>
<wf cmd="tag" pos="JJ">good</wf>
<wf cmd="ignore" pos="CC">and</wf>
<wf cmd="ignore" pos="DT">the</wf>
<wf cmd="tag" pos="JJ">evil</wf>
<wf cmd="done" pos="VB" ot="notag">be</wf>
<wf cmd="tag" pos="RB">prudentially</wf>
<wf cmd="done" pos="VB" lemma="weigh" wnsn="2" lexsn="2:32:00::">weighed</wf>
<wf cmd="ignore" pos="CC">and</wf>
<wf cmd="done" pos="VB" lemma="find" wnsn="4" lexsn="2:32:00::">found</wf>
<wf cmd="tag" pos="JJ">proportionate</wf>
<punc>,</punc>
<wf cmd="ignore" pos="CC">but</wf>
<wf cmd="tag" pos="RB">also</wf>
<wf cmd="tag" pos="NN">calculation</wf>
<wf cmd="ignore" pos="IN">of</wf>
<wf cmd="ignore" pos="DT">the</wf>
<wf cmd="tag" pos="NNS">probabilities</wf>
<wf cmd="ignore" pos="CC">and</wf>
<wf cmd="ignore" pos="IN">of</wf>
<wf cmd="ignore" pos="DT">the</wf>
<wf cmd="tag" pos="NN">degree</wf>
<wf cmd="ignore" pos="IN">of</wf>
<wf cmd="tag" pos="NN">certainty</wf>
<wf cmd="ignore" pos="CC">or</wf>
<wf cmd="tag" pos="NN">uncertainty</wf>
<wf cmd="ignore" pos="IN">in</wf>
<wf cmd="ignore" pos="DT">the</wf>
<wf cmd="tag" pos="JJ">good</wf>
<wf cmd="ignore" pos="CC">or</wf>
<wf cmd="tag" pos="JJ">evil</wf>
<wf cmd="tag" pos="NN">effect</wf>
<wf cmd="ignore" pos="MD">must</wf>
<wf cmd="done" pos="VB" ot="notag">be</wf>
<wf cmd="done" pos="VB" lemma="take_into_account" wnsn="1" lexsn="2:31:00::">taken_into_account</wf>
<punc>.</punc>
</s>
<s snum="15">
<wf cmd="ignore" pos="EX">There</wf>
<wf cmd="done" pos="VB" lemma="must_not" wnsn="0" lexsn="2:42:00::">must_not</wf>
<wf cmd="tag" pos="RB">only</wf>
<wf cmd="done" pos="VB" lemma="be" wnsn="4" lexsn="2:42:00::">be</wf>
<wf cmd="tag" pos="RBR">greater</wf>
<wf cmd="tag" pos="JJ">good</wf>
<wf cmd="ignore" pos="IN">than</wf>
<wf cmd="tag" pos="JJ">evil</wf>
<wf cmd="tag" pos="RB">objectively</wf>
<wf cmd="tag" pos="JJ">in_view</wf>
<punc>,</punc>
<wf cmd="ignore" pos="CC">but</wf>
<wf cmd="tag" pos="RB">also</wf>
<wf cmd="tag" pos="JJR">greater</wf>
<wf cmd="tag" pos="NN">probability</wf>
<wf cmd="ignore" pos="IN">of</wf>
<wf cmd="tag" pos="RB">actually</wf>
<wf cmd="done" pos="VB" lemma="do" wnsn="1" lexsn="2:41:01::">doing</wf>
<wf cmd="tag" pos="RBR">more</wf>
<wf cmd="tag" pos="JJ">good</wf>
<wf cmd="ignore" pos="IN">than</wf>
<wf cmd="tag" pos="NN">harm</wf>
<punc>.</punc>
</s>
<s snum="16">
<wf cmd="ignore" pos="IN">If</wf>
<wf cmd="ignore" pos="DT">an</wf>
<wf cmd="tag" pos="JJ">evil</wf>
<wf cmd="ignore" pos="WDT">which</wf>
<wf cmd="done" pos="VB" lemma="be" wnsn="1" lexsn="2:42:03::">is</wf>
<wf cmd="tag" pos="JJ">certain</wf>
<wf cmd="ignore" pos="CC">and</wf>
<wf cmd="tag" pos="JJ">extensive</wf>
<wf cmd="ignore" pos="CC">and</wf>
<wf cmd="tag" pos="JJ">immediate</wf>
<wf cmd="ignore" pos="MD">may</wf>
<wf cmd="tag" pos="RB">rarely</wf>
<wf cmd="done" pos="VB" ot="notag">be</wf>
<wf cmd="done" pos="VB" lemma="compensate" wnsn="1" lexsn="2:42:00::">compensated</wf>
<wf cmd="done" pos="VB" ot="notag">for</wf>
<wf cmd="ignore" pos="IN">by</wf>
<wf cmd="ignore" pos="DT">a</wf>
<wf cmd="tag" pos="JJ">problematic</wf>
<punc>,</punc>
<wf cmd="tag" pos="JJ">speculative</wf>
<punc>,</punc>
<wf cmd="tag" pos="NN">future</wf>
<wf cmd="tag" pos="JJ">good</wf>
<punc>,</punc>
<wf cmd="ignore" pos="IN">by</wf>
<wf cmd="ignore" pos="DT">the</wf>
<wf cmd="tag" pos="JJ">same</wf>
<wf cmd="tag" pos="JJ">token</wf>
<wf cmd="tag" pos="RB">not</wf>
<wf cmd="ignore" pos="DT">every</wf>
<wf cmd="tag" pos="JJ">present</wf>
<punc>,</punc>
<wf cmd="tag" pos="JJ">certain</wf>
<punc>,</punc>
<wf cmd="ignore" pos="CC">and</wf>
<wf cmd="tag" pos="JJ">immediate</wf>
<wf cmd="tag" pos="JJ">good</wf>
<punc>(</punc>
<wf cmd="ignore" pos="CC">or</wf>
<wf cmd="tag" pos="RBR">lesser</wf>
<wf cmd="tag" pos="JJ">evil</wf>
<punc>)</punc>
<wf cmd="ignore" pos="WDT">that</wf>
<wf cmd="ignore" pos="MD">may</wf>
<wf cmd="done" pos="VB" lemma="have" wnsn="0" lexsn="2:42:05::">have</wf>
<wf cmd="done" pos="VB" ot="notag">to</wf>
<wf cmd="done" pos="VB" ot="notag">be</wf>
<wf cmd="done" pos="VB" lemma="do" wnsn="2" lexsn="2:36:01::">done</wf>
<wf cmd="ignore" pos="MD">will</wf>
<wf cmd="done" pos="VB" ot="notag">be</wf>
<wf cmd="done" pos="VB" lemma="outweigh" wnsn="1" lexsn="2:33:00::">outweighed</wf>
<wf cmd="ignore" pos="IN">by</wf>
<wf cmd="ignore" pos="DT">a</wf>
<wf cmd="tag" pos="JJ">problematic</wf>
<punc>,</punc>
<wf cmd="tag" pos="JJ">speculative</wf>
<punc>,</punc>
<wf cmd="ignore" pos="CC">and</wf>
<wf cmd="tag" pos="NN">future</wf>
<wf cmd="tag" pos="JJ">evil</wf>
<punc>.</punc>
</s>
<s snum="17">
<wf cmd="tag" pos="RB">Nevertheless</wf>
<punc>,</punc>
<wf cmd="done" pos="VB" lemma="accord" wnsn="1" lexsn="2:42:00::">according</wf>
<wf cmd="ignore" pos="TO">to</wf>
<wf cmd="ignore" pos="DT">the</wf>
<wf cmd="tag" pos="JJ">traditional</wf>
<wf cmd="tag" pos="NN">theory</wf>
<punc>,</punc>
<wf cmd="ignore" pos="DT">a</wf>
<wf cmd="tag" pos="NN">man</wf>
<wf cmd="done" pos="VB" lemma="begin" wnsn="1" lexsn="2:30:00::">begins</wf>
<wf cmd="tag" pos="RB">in_the_midst</wf>
<wf cmd="ignore" pos="IN">of</wf>
<wf cmd="tag" pos="NN">action</wf>
<wf cmd="ignore" pos="CC">and</wf>
<wf cmd="ignore" pos="PRP">he</wf>
<wf cmd="done" pos="VB" lemma="analyze" wnsn="1" lexsn="2:31:00::">analyzes</wf>
<wf cmd="ignore" pos="PRP$">its</wf>
<wf cmd="tag" pos="NN">nature</wf>
<wf cmd="ignore" pos="CC">and</wf>
<wf cmd="tag" pos="JJ">immediate</wf>
<wf cmd="tag" pos="NNS">cosequences</wf>
<wf cmd="tag" pos="RB">before</wf>
<wf cmd="ignore" pos="CC">or</wf>
<wf cmd="ignore" pos="IN">while</wf>
<wf cmd="done" pos="VB" lemma="put" wnsn="2" lexsn="2:35:05::">putting</wf>
<wf cmd="ignore" pos="PRP">it</wf>
<wf cmd="tag" pos="RB">forth</wf>
<wf cmd="ignore" pos="CC">and</wf>
<wf cmd="done" pos="VB" lemma="cause" wnsn="1" lexsn="2:36:00::">causing</wf>
<wf cmd="ignore" pos="DT">these</wf>
<wf cmd="tag" pos="NNS">consequences</wf>
<punc>.</punc>
</s>
<s snum="18">
<wf cmd="ignore" pos="PRP">He</wf>
<wf cmd="done" pos="VBZ" ot="notag">does</wf>
<wf cmd="tag" pos="RB">not</wf>
<wf cmd="done" pos="VB" lemma="expect" wnsn="1" lexsn="2:31:00::">expect</wf>
<wf cmd="ignore" pos="TO">to</wf>
<wf cmd="done" pos="VB" lemma="be" wnsn="1" lexsn="2:42:03::">be</wf>
<wf cmd="tag" pos="JJ">able</wf>
<wf cmd="done" pos="VB" ot="notag">to</wf>
<wf cmd="done" pos="VB" ot="notag">trammel_up</wf>
<wf cmd="ignore" pos="PDT">all</wf>
<wf cmd="ignore" pos="DT">the</wf>
<wf cmd="tag" pos="NN">future</wf>
<wf cmd="tag" pos="NNS">consequences</wf>
<wf cmd="ignore" pos="IN">of</wf>
<wf cmd="ignore" pos="PRP$">his</wf>
<wf cmd="tag" pos="NN">action</wf>
<punc>.</punc>
</s>
<s snum="19">
<wf cmd="tag" pos="RB">Above_all</wf>
<punc>,</punc>
<wf cmd="ignore" pos="PRP">he</wf>
<wf cmd="done" pos="VBZ" ot="notag">does</wf>
<wf cmd="tag" pos="RB">not</wf>
<wf cmd="done" pos="VB" lemma="debate" wnsn="2" lexsn="2:32:02::">debate</wf>
<wf cmd="tag" pos="JJ">mere</wf>
<wf cmd="tag" pos="NNS">contingencies</wf>
<punc>,</punc>
<wf cmd="ignore" pos="CC">and</wf>
<wf cmd="tag" pos="RB">therefore</wf>
<punc>,</punc>
<wf cmd="ignore" pos="IN">if</wf>
<wf cmd="ignore" pos="DT">these</wf>
<wf cmd="done" pos="VB" lemma="be" wnsn="1" lexsn="2:42:03::">are</wf>
<wf cmd="tag" pos="RB">possibly</wf>
<wf cmd="tag" pos="JJ">dreadful</wf>
<punc>,</punc>
<wf cmd="done" pos="VB" lemma="find" wnsn="6" lexsn="2:39:01::">find</wf>
<wf cmd="ignore" pos="PRP">himself</wf>
<wf cmd="done" pos="VB" lemma="force" wnsn="1" lexsn="2:41:00::">forced</wf>
<wf cmd="done" pos="VB" ot="notag">into</wf>
<wf cmd="tag" pos="NN">inaction</wf>
<punc>.</punc>
</s>
<s snum="20">
<wf cmd="ignore" pos="PRP">He</wf>
<wf cmd="done" pos="VB" lemma="do" wnsn="1" lexsn="2:41:01::">does</wf>
<wf cmd="ignore" pos="WP">what</wf>
<wf cmd="ignore" pos="PRP">he</wf>
<wf cmd="ignore" pos="MD">can</wf>
<wf cmd="ignore" pos="CC">and</wf>
<wf cmd="ignore" pos="MD">may</wf>
<wf cmd="ignore" pos="CC">and</wf>
<wf cmd="ignore" pos="MD">must</wf>
<punc>,</punc>
<wf cmd="ignore" pos="IN">without</wf>
<wf cmd="done" pos="VB" lemma="regard" wnsn="1" lexsn="2:31:00::">regarding</wf>
<wf cmd="ignore" pos="PRP">himself</wf>
<wf cmd="ignore" pos="IN">as</wf>
<wf cmd="tag" pos="NN">lord</wf>
<wf cmd="ignore" pos="IN">of</wf>
<wf cmd="ignore" pos="DT">the</wf>
<wf cmd="tag" pos="NN">future</wf>
<wf cmd="ignore" pos="CC">or</wf>
<punc>,</punc>
<wf cmd="tag" pos="RB">on_the_other_hand</wf>
<punc>,</punc>
<wf cmd="ignore" pos="IN">as</wf>
<wf cmd="done" pos="VB" lemma="cover" wnsn="3" lexsn="2:42:01::">covered</wf>
<wf cmd="ignore" pos="IN">with</wf>
<wf cmd="tag" pos="NN">guilt</wf>
<wf cmd="tag" pos="RB">by_accident</wf>
<wf cmd="ignore" pos="CC">or</wf>
<wf cmd="tag" pos="JJ">unforeseen</wf>
<wf cmd="tag" pos="NNS">consequences</wf>
<wf cmd="ignore" pos="CC">or</wf>
<wf cmd="ignore" pos="IN">by</wf>
<wf cmd="tag" pos="NNS">results</wf>
<wf cmd="ignore" pos="PRP">he</wf>
<wf cmd="done" pos="VBD" ot="notag">did</wf>
<wf cmd="tag" pos="RB">not</wf>
<punc>``</punc>
<wf cmd="done" pos="VB" lemma="permit" wnsn="1" lexsn="2:32:00::">permit</wf>
<punc>''</punc>
<wf cmd="ignore" pos="IN">in</wf>
<wf cmd="ignore" pos="DT">the</wf>
<wf cmd="tag" pos="NN">sense</wf>
<wf cmd="done" pos="VB" lemma="explain" wnsn="1" lexsn="2:32:00::">explained</wf>
<punc>.</punc>
</s>
<s snum="21">
<wf cmd="ignore" pos="IN">By</wf>
<wf cmd="tag" pos="NN">contrast</wf>
<punc>,</punc>
<wf cmd="ignore" pos="DT">a</wf>
<wf cmd="tag" pos="NN">good_deal</wf>
<wf cmd="ignore" pos="IN">of</wf>
<wf cmd="tag" pos="JJ">nuclear</wf>
<wf cmd="tag" pos="NN">pacifism</wf>
<wf cmd="done" pos="VB" lemma="begin" wnsn="1" lexsn="2:30:00::">begins</wf>
<wf cmd="ignore" pos="IN">with</wf>
<wf cmd="ignore" pos="DT">the</wf>
<wf cmd="tag" pos="NNS">contingencies</wf>
<wf cmd="ignore" pos="CC">and</wf>
<wf cmd="ignore" pos="DT">the</wf>
<wf cmd="tag" pos="NNS">probabilities</wf>
<punc>,</punc>
<wf cmd="ignore" pos="CC">and</wf>
<wf cmd="tag" pos="RB">not</wf>
<wf cmd="ignore" pos="IN">with</wf>
<wf cmd="ignore" pos="DT">the</wf>
<wf cmd="tag" pos="JJ">moral</wf>
<wf cmd="tag" pos="NN">nature</wf>
<wf cmd="ignore" pos="IN">of</wf>
<wf cmd="ignore" pos="DT">the</wf>
<wf cmd="tag" pos="NN">action</wf>
<wf cmd="ignore" pos="TO">to</wf>
<wf cmd="done" pos="VB" ot="notag">be</wf>
<wf cmd="done" pos="VB" lemma="do" wnsn="1" lexsn="2:41:01::">done</wf>
<punc>;</punc>
<wf cmd="ignore" pos="CC">and</wf>
<wf cmd="ignore" pos="IN">by</wf>
<wf cmd="done" pos="VB" lemma="derive" wnsn="1" lexsn="2:31:00::">deriving</wf>
<wf cmd="tag" pos="JJ">legitimate</wf>
<wf cmd="tag" pos="NN">decision</wf>
<wf cmd="tag" pos="RB">backward</wf>
<wf cmd="ignore" pos="IN">from</wf>
<wf cmd="ignore" pos="WDT">whatever</wf>
<wf cmd="ignore" pos="MD">may</wf>
<wf cmd="tag" pos="RB">conceivably</wf>
<wf cmd="ignore" pos="CC">or</wf>
<wf cmd="tag" pos="RB">possibly</wf>
<wf cmd="ignore" pos="CC">or</wf>
<wf cmd="tag" pos="RB">probably</wf>
<wf cmd="tag" pos="NN">result</wf>
<punc>,</punc>
<wf cmd="ignore" pos="IN">whether</wf>
<wf cmd="ignore" pos="IN">by</wf>
<wf cmd="tag" pos="NN">anyone</wf>
<wf cmd="ignore" pos="POS">'s</wf>
<wf cmd="done" pos="VB" lemma="do" wnsn="1" lexsn="2:41:01::">doing</wf>
<wf cmd="ignore" pos="CC">or</wf>
<wf cmd="tag" pos="RB">by_accident</wf>
<punc>,</punc>
<wf cmd="ignore" pos="PRP">it</wf>
<wf cmd="done" pos="VB" lemma="find" wnsn="6" lexsn="2:39:01::">finds</wf>
<wf cmd="ignore" pos="PRP">itself</wf>
<wf cmd="done" pos="VB" lemma="drive" wnsn="7" lexsn="2:36:00::">driven</wf>
<wf cmd="done" pos="VB" ot="notag">to</wf>
<wf cmd="tag" pos="NN">inaction</wf>
<punc>,</punc>
<wf cmd="ignore" pos="TO">to</wf>
<wf cmd="tag" pos="JJ">non-political</wf>
<wf cmd="tag" pos="NN">action</wf>
<wf cmd="ignore" pos="IN">in</wf>
<wf cmd="tag" pos="NNS">politics</wf>
<wf cmd="ignore" pos="CC">and</wf>
<wf cmd="tag" pos="JJ">non-military</wf>
<wf cmd="tag" pos="NN">action</wf>
<wf cmd="ignore" pos="IN">in</wf>
<wf cmd="tag" pos="JJ">military</wf>
<wf cmd="tag" pos="NNS">affairs</wf>
<punc>,</punc>
<wf cmd="ignore" pos="CC">and</wf>
<wf cmd="ignore" pos="TO">to</wf>
<wf cmd="ignore" pos="DT">the</wf>
<wf cmd="tag" pos="RB">not</wf>
<wf cmd="tag" pos="RB">very</wf>
<wf cmd="tag" pos="JJ">surprising</wf>
<wf cmd="tag" pos="NN">discovery</wf>
<wf cmd="ignore" pos="IN">that</wf>
<wf cmd="ignore" pos="EX">there</wf>
<wf cmd="done" pos="VB" lemma="be" wnsn="4" lexsn="2:42:00::">are</wf>
<wf cmd="tag" pos="RB">now</wf>
<wf cmd="ignore" pos="DT">no</wf>
<wf cmd="tag" pos="NNS">distinctions</wf>
<wf cmd="tag" pos="RB">on_which</wf>
<wf cmd="ignore" pos="DT">the</wf>
<wf cmd="tag" pos="NN">defense</wf>
<wf cmd="ignore" pos="IN">of</wf>
<wf cmd="tag" pos="NN">justice</wf>
<wf cmd="ignore" pos="MD">can</wf>
<wf cmd="tag" pos="RB">possibly</wf>
<wf cmd="done" pos="VB" ot="notag">be</wf>
<wf cmd="done" pos="VB" lemma="base" wnsn="1" lexsn="2:31:00::">based</wf>
<punc>.</punc>
</s>
</p>
<p pnum="4">
<s snum="22">
<wf cmd="tag" pos="NNP">Mr._Philip_Toynbee</wf>
<wf cmd="done" pos="VB" lemma="write" wnsn="1" lexsn="2:36:00::">writes</wf>
<punc>,</punc>
<wf cmd="tag" pos="RB">for_example</wf>
<punc>,</punc>
<wf cmd="ignore" pos="IN">that</wf>
<punc>``</punc>
<wf cmd="tag" pos="JJ">in_terms_of</wf>
<wf cmd="tag" pos="NN">probability</wf>
<wf cmd="ignore" pos="PRP">it</wf>
<wf cmd="done" pos="VB" lemma="be" wnsn="1" lexsn="2:42:03::">is</wf>
<wf cmd="tag" pos="RB">surely</wf>
<wf cmd="tag" pos="RB">as</wf>
<wf cmd="tag" pos="JJ">likely</wf>
<wf cmd="ignore" pos="IN">as</wf>
<wf cmd="tag" pos="RB">not</wf>
<wf cmd="ignore" pos="IN">that</wf>
<wf cmd="tag" pos="JJ">mutual</wf>
<wf cmd="tag" pos="NN">fear</wf>
<wf cmd="ignore" pos="MD">will</wf>
<wf cmd="done" pos="VB" lemma="lead" wnsn="3" lexsn="2:42:12::">lead</wf>
<wf cmd="done" pos="VB" ot="notag">to</wf>
<wf cmd="tag" pos="JJ">accidental</wf>
<wf cmd="tag" pos="NN">war</wf>
<wf cmd="ignore" pos="IN">in</wf>
<wf cmd="ignore" pos="DT">the</wf>
<wf cmd="tag" pos="JJ">near</wf>
<wf cmd="tag" pos="NN">future</wf>
<wf cmd="ignore" pos="IN">if</wf>
<wf cmd="ignore" pos="DT">the</wf>
<wf cmd="tag" pos="JJ">present</wf>
<wf cmd="tag" pos="NN">situation</wf>
<wf cmd="done" pos="VB" lemma="continue" wnsn="1" lexsn="2:42:01::">continues</wf>
<punc>.</punc>
</s>
<s snum="23">
<wf cmd="ignore" pos="IN">If</wf>
<wf cmd="ignore" pos="PRP">it</wf>
<wf cmd="done" pos="VB" lemma="continue" wnsn="1" lexsn="2:42:01::">continues</wf>
<wf cmd="tag" pos="RB">indefinitely</wf>
<wf cmd="ignore" pos="PRP">it</wf>
<wf cmd="done" pos="VB" lemma="be" wnsn="1" lexsn="2:42:03::">is</wf>
<wf cmd="tag" pos="RB">nearly</wf>
<wf cmd="ignore" pos="DT">a</wf>
<wf cmd="tag" pos="JJ">statistical</wf>
<wf cmd="tag" pos="NN">certainty</wf>
<wf cmd="ignore" pos="IN">that</wf>
<wf cmd="ignore" pos="DT">a</wf>
<wf cmd="tag" pos="NN">mistake</wf>
<wf cmd="ignore" pos="MD">will</wf>
<wf cmd="done" pos="VB" ot="notag">be</wf>
<wf cmd="done" pos="VB" lemma="make" wnsn="1" lexsn="2:41:00::">made</wf>
<wf cmd="ignore" pos="CC">and</wf>
<wf cmd="ignore" pos="IN">that</wf>
<wf cmd="ignore" pos="DT">the</wf>
<wf cmd="tag" pos="NN">devastation</wf>
<wf cmd="ignore" pos="MD">will</wf>
<wf cmd="done" pos="VB" lemma="begin" wnsn="1" lexsn="2:30:00::">begin</wf>
<punc>''</punc>
<punc>.</punc>
</s>
<s snum="24">
<wf cmd="ignore" pos="IN">Against</wf>
<wf cmd="tag" pos="JJ">such</wf>
<wf cmd="ignore" pos="DT">a</wf>
<wf cmd="tag" pos="NN">termination</wf>
<wf cmd="ignore" pos="IN">of</wf>
<wf cmd="tag" pos="JJ">human</wf>
<wf cmd="tag" pos="NN">life</wf>
<wf cmd="ignore" pos="IN">on</wf>
<wf cmd="tag" pos="NN">earth</wf>
<wf cmd="ignore" pos="IN">by</wf>
<wf cmd="tag" pos="NN">human_action</wf>
<punc>,</punc>
<wf cmd="ignore" pos="PRP">he</wf>
<wf cmd="tag" pos="RB">then</wf>
<wf cmd="done" pos="VB" lemma="propose" wnsn="1" lexsn="2:32:00::">proposes</wf>
<wf cmd="tag" pos="RB">as_an_alternative</wf>
<wf cmd="ignore" pos="IN">that</wf>
<wf cmd="ignore" pos="PRP">we</wf>
<punc>``</punc>
<wf cmd="done" pos="VB" lemma="negotiate" wnsn="1" lexsn="2:32:00::">negotiate</wf>
<wf cmd="tag" pos="RB">at_once</wf>
<wf cmd="ignore" pos="IN">with</wf>
<wf cmd="ignore" pos="DT">the</wf>
<wf cmd="tag" pos="NNPS">Russians</wf>
<wf cmd="ignore" pos="CC">and</wf>
<wf cmd="done" pos="VB" lemma="get" wnsn="1" lexsn="2:40:00::">get</wf>
<wf cmd="ignore" pos="DT">the</wf>
<wf cmd="tag" pos="JJS">best</wf>
<wf cmd="tag" pos="NNS">terms</wf>
<wf cmd="ignore" pos="WDT">which</wf>
<wf cmd="done" pos="VB" lemma="be" wnsn="1" lexsn="2:42:03::">are</wf>
<wf cmd="tag" pos="JJ">available</wf>
<punc>''</punc>
<punc>,</punc>
<wf cmd="ignore" pos="IN">that</wf>
<wf cmd="ignore" pos="PRP">we</wf>
<wf cmd="tag" pos="RB">deliberately</wf>
<punc>``</punc>
<wf cmd="done" pos="VB" lemma="negotiate" wnsn="1" lexsn="2:32:00::">negotiate</wf>
<wf cmd="ignore" pos="IN">from</wf>
<wf cmd="tag" pos="JJ">comparative</wf>
<wf cmd="tag" pos="NN">weakness</wf>
<punc>''</punc>
<punc>.</punc>
</s>
<s snum="25">
<wf cmd="ignore" pos="PRP">He</wf>
<wf cmd="tag" pos="RB">bravely</wf>
<wf cmd="done" pos="VB" lemma="attempt" wnsn="1" lexsn="2:41:00::">attempts</wf>
<wf cmd="ignore" pos="TO">to</wf>
<wf cmd="done" pos="VB" lemma="face" wnsn="2" lexsn="2:33:00::">face</wf>
<wf cmd="ignore" pos="DT">this</wf>
<wf cmd="tag" pos="NN">alternative</wf>
<wf cmd="tag" pos="RB">realistically</wf>
<punc>,</punc>
<wf cmd="tag" pos="NN">i.</wf>
<wf cmd="tag" pos="NNP">e.</wf>
<punc>,</punc>
<wf cmd="ignore" pos="IN">by</wf>
<wf cmd="done" pos="VB" lemma="consider" wnsn="2" lexsn="2:39:00::">considering</wf>
<wf cmd="ignore" pos="DT">the</wf>
<wf cmd="tag" pos="RBS">worst</wf>
<wf cmd="tag" pos="JJ">possible</wf>
<wf cmd="tag" pos="NN">outcome</wf>
<punc>,</punc>
<wf cmd="tag" pos="RB">namely</wf>
<punc>,</punc>
<wf cmd="ignore" pos="DT">the</wf>
<wf cmd="tag" pos="JJ">total</wf>
<wf cmd="tag" pos="NN">domination</wf>
<wf cmd="ignore" pos="IN">of</wf>
<wf cmd="ignore" pos="DT">the</wf>
<wf cmd="tag" pos="NN">world</wf>
<wf cmd="ignore" pos="IN">by</wf>
<wf cmd="tag" pos="NNP">Russia</wf>
<wf cmd="ignore" pos="IN">within</wf>
<wf cmd="tag" pos="JJ">a_few</wf>
<wf cmd="tag" pos="NNS">years</wf>
<punc>.</punc>
</s>
<s snum="26">
<wf cmd="ignore" pos="DT">This</wf>
<wf cmd="ignore" pos="MD">would</wf>
<wf cmd="done" pos="VB" lemma="be" wnsn="2" lexsn="2:42:06::">be</wf>
<wf cmd="tag" pos="RB">by_far</wf>
<wf cmd="ignore" pos="DT">the</wf>
<wf cmd="tag" pos="JJR">better</wf>
<wf cmd="tag" pos="NN">choice</wf>
<punc>,</punc>
<wf cmd="ignore" pos="WRB">when</wf>
<punc>``</punc>
<wf cmd="ignore" pos="PRP">it</wf>
<wf cmd="done" pos="VB" lemma="be" wnsn="2" lexsn="2:42:06::">is</wf>
<wf cmd="ignore" pos="DT">a</wf>
<wf cmd="tag" pos="NN">question</wf>
<wf cmd="ignore" pos="IN">of</wf>
<wf cmd="done" pos="VB" lemma="allow" wnsn="1" lexsn="2:41:00::">allowing</wf>
<wf cmd="ignore" pos="DT">the</wf>
<wf cmd="tag" pos="NN">human_race</wf>
<wf cmd="ignore" pos="TO">to</wf>
<wf cmd="done" pos="VB" lemma="survive" wnsn="3" lexsn="2:42:00::">survive</wf>
<punc>,</punc>
<wf cmd="tag" pos="RB">possibly</wf>
<wf cmd="ignore" pos="IN">under</wf>
<wf cmd="ignore" pos="DT">the</wf>
<wf cmd="tag" pos="NN">domination</wf>
<wf cmd="ignore" pos="IN">of</wf>
<wf cmd="ignore" pos="DT">a</wf>
<wf cmd="tag" pos="NN">regime</wf>
<wf cmd="ignore" pos="WDT">which</wf>
<wf cmd="tag" pos="JJ">most_of</wf>
<wf cmd="ignore" pos="PRP">us</wf>
<wf cmd="done" pos="VB" lemma="detest" wnsn="1" lexsn="2:37:00::">detest</wf>
<punc>,</punc>
<wf cmd="ignore" pos="CC">or</wf>
<wf cmd="ignore" pos="IN">of</wf>
<wf cmd="done" pos="VB" lemma="allow" wnsn="1" lexsn="2:41:00::">allowing</wf>
<wf cmd="ignore" pos="PRP">it</wf>
<wf cmd="ignore" pos="TO">to</wf>
<wf cmd="done" pos="VB" lemma="destroy" wnsn="1" lexsn="2:36:00::">destroy</wf>
<wf cmd="ignore" pos="PRP">itself</wf>
<wf cmd="ignore" pos="IN">in</wf>
<wf cmd="tag" pos="JJ">appalling</wf>
<wf cmd="ignore" pos="CC">and</wf>
<wf cmd="tag" pos="JJ">prolonged</wf>
<wf cmd="tag" pos="NN">anguish</wf>
<punc>''</punc>
<punc>.</punc>
</s>
<s snum="27">
<wf cmd="tag" pos="RB">Nevertheless</wf>
<punc>,</punc>
<wf cmd="ignore" pos="DT">the</wf>
<wf cmd="tag" pos="NN">consequence</wf>
<wf cmd="ignore" pos="IN">of</wf>
<wf cmd="ignore" pos="DT">the</wf>
<wf cmd="tag" pos="NN">policy</wf>
<wf cmd="done" pos="VB" lemma="propose" wnsn="1" lexsn="2:32:00::">proposed</wf>
<wf cmd="done" pos="VB" lemma="be" wnsn="1" lexsn="2:42:03::">is</wf>
<wf cmd="tag" pos="RB">everywhere</wf>
<wf cmd="tag" pos="RB">subtly</wf>
<wf cmd="tag" pos="JJ">qualified</wf>
<punc>:</punc>
<wf cmd="ignore" pos="PRP">it</wf>
<wf cmd="done" pos="VB" lemma="be" wnsn="1" lexsn="2:42:03::">is</wf>
<punc>``</punc>
<wf cmd="ignore" pos="DT">a</wf>
<wf cmd="tag" pos="JJ">possible</wf>
<wf cmd="tag" pos="NN">result</wf>
<punc>,</punc>
<wf cmd="tag" pos="RB">however</wf>
<wf cmd="tag" pos="JJ">improbable</wf>
<punc>''</punc>
<punc>;</punc>
<punc>``</punc>
<wf cmd="ignore" pos="DT">the</wf>
<wf cmd="tag" pos="JJS">worst</wf>
<punc>,</punc>
<wf cmd="ignore" pos="CC">and</wf>
<wf cmd="tag" pos="RBS">least</wf>
<wf cmd="tag" pos="JJ">probable</wf>
<punc>''</punc>
<wf cmd="tag" pos="NN">result</wf>
<punc>;</punc>
<punc>``</punc>
<wf cmd="ignore" pos="IN">if</wf>
<wf cmd="ignore" pos="PRP">it</wf>
<wf cmd="done" pos="VBD" ot="notag">did</wf>
<wf cmd="tag" pos="RB">n't</wf>
<wf cmd="done" pos="VB" lemma="prevail" wnsn="3" lexsn="2:42:00::">prevail</wf>
<wf cmd="tag" pos="NN">mankind</wf>
<wf cmd="ignore" pos="MD">would</wf>
<wf cmd="tag" pos="RB">still</wf>
<wf cmd="done" pos="VB" ot="notag">be</wf>
<wf cmd="done" pos="VB" lemma="give" wnsn="1" lexsn="2:40:03::">given</wf>
<wf cmd="ignore" pos="DT">the</wf>
<wf cmd="tag" pos="NN">opportunity</wf>
<wf cmd="ignore" pos="IN">of</wf>
<wf cmd="done" pos="VB" lemma="prevail" wnsn="3" lexsn="2:42:00::">prevailing</wf>
<punc>''</punc>
<punc>;</punc>
<wf cmd="ignore" pos="IN">for</wf>
<punc>``</punc>
<wf cmd="tag" pos="RB">surely</wf>
<wf cmd="tag" pos="NN">anything</wf>
<wf cmd="done" pos="VB" lemma="be" wnsn="1" lexsn="2:42:03::">is</wf>
<wf cmd="tag" pos="JJR">better</wf>
<wf cmd="ignore" pos="IN">than</wf>
<wf cmd="ignore" pos="DT">a</wf>
<wf cmd="tag" pos="NN">policy</wf>
<wf cmd="ignore" pos="WDT">which</wf>
<wf cmd="done" pos="VB" lemma="allow_for" wnsn="1" lexsn="2:42:00::">allows_for</wf>
<wf cmd="ignore" pos="DT">the</wf>
<wf cmd="tag" pos="NN">possibility</wf>
<wf cmd="ignore" pos="IN">of</wf>
<wf cmd="tag" pos="JJ">nuclear</wf>
<wf cmd="tag" pos="NN">war</wf>
<punc>''</punc>
<punc>.</punc>
</s>
<s snum="28">
<wf cmd="ignore" pos="IN">If</wf>
<wf cmd="ignore" pos="PRP">we</wf>
<wf cmd="done" pos="VBP" ot="notag">have</wf>
<wf cmd="tag" pos="RB">not</wf>
<wf cmd="done" pos="VB" lemma="think" wnsn="3" lexsn="2:31:00::">thought</wf>
<wf cmd="ignore" pos="CC">and</wf>
<wf cmd="done" pos="VB" lemma="make" wnsn="1" lexsn="2:41:00::">made</wf>
<wf cmd="ignore" pos="DT">a</wf>
<wf cmd="tag" pos="NN">decision</wf>
<wf cmd="tag" pos="RB">entirely</wf>
<wf cmd="ignore" pos="IN">in</wf>
<wf cmd="ignore" pos="DT">these</wf>
<wf cmd="tag" pos="NNS">terms</wf>
<punc>,</punc>
<wf cmd="tag" pos="RB">then</wf>
<wf cmd="ignore" pos="PRP">we</wf>
<wf cmd="done" pos="VB" lemma="need" wnsn="0" lexsn="2:42:01::">need</wf>
<wf cmd="done" pos="VB" ot="notag">to</wf>
<wf cmd="done" pos="VB" lemma="submit" wnsn="3" lexsn="2:33:00::">submit</wf>
<wf cmd="ignore" pos="PRP">ourselves</wf>
<wf cmd="ignore" pos="TO">to</wf>
<wf cmd="ignore" pos="DT">the</wf>
<wf cmd="tag" pos="JJ">following</wf>
<punc>``</punc>
<wf cmd="tag" pos="JJ">simple</wf>
<wf cmd="tag" pos="NN">test</wf>
<punc>''</punc>
<punc>:</punc>
<punc>``</punc>
<wf cmd="done" pos="VBP" ot="notag">Have</wf>
<wf cmd="ignore" pos="PRP">we</wf>
<wf cmd="done" pos="VB" lemma="decide" wnsn="1" lexsn="2:31:00::">decided</wf>
<wf cmd="ignore" pos="WRB">how</wf>
<wf cmd="ignore" pos="PRP">we</wf>
<wf cmd="done" pos="VBP" ot="notag">are</wf>
<wf cmd="ignore" pos="TO">to</wf>
<wf cmd="done" pos="VB" lemma="kill" wnsn="1" lexsn="2:35:00::">kill</wf>
<wf cmd="ignore" pos="DT">the</wf>
<wf cmd="tag" pos="JJ">other</wf>
<wf cmd="tag" pos="NNS">members</wf>
<wf cmd="ignore" pos="IN">of</wf>
<wf cmd="ignore" pos="PRP$">our</wf>
<wf cmd="tag" pos="NN">household</wf>
<wf cmd="ignore" pos="IN">in</wf>
<wf cmd="ignore" pos="DT">the</wf>
<wf cmd="tag" pos="NN">event</wf>
<wf cmd="ignore" pos="IN">of</wf>
<wf cmd="ignore" pos="PRP$">our</wf>
<wf cmd="done" pos="VB" lemma="be" wnsn="1" lexsn="2:42:03::">being</wf>
<wf cmd="tag" pos="RBR">less</wf>
<wf cmd="tag" pos="JJ">injured</wf>
<wf cmd="ignore" pos="IN">than</wf>
<wf cmd="ignore" pos="PRP">they</wf>
<wf cmd="done" pos="VB" lemma="be" wnsn="1" lexsn="2:42:03::">are</wf>
<punc>''</punc>
<punc>?</punc>
</s>
<s snum="29">
<wf cmd="tag" pos="RB">Thus</wf>
<punc>,</punc>
<wf cmd="tag" pos="JJ">moral</wf>
<wf cmd="tag" pos="NN">decision</wf>
<wf cmd="ignore" pos="MD">must</wf>
<wf cmd="done" pos="VB" ot="notag">be</wf>
<wf cmd="tag" pos="RB">entirely</wf>
<wf cmd="done" pos="VB" lemma="deduce" wnsn="1" lexsn="2:31:00::">deduced</wf>
<wf cmd="tag" pos="RB">backward</wf>
<wf cmd="ignore" pos="IN">from</wf>
<wf cmd="ignore" pos="DT">the</wf>
<wf cmd="tag" pos="JJ">likely</wf>
<wf cmd="tag" pos="NN">eventuality</wf>
<punc>;</punc>
<wf cmd="ignore" pos="PRP">it</wf>
<wf cmd="done" pos="VB" lemma="be" wnsn="1" lexsn="2:42:03::">is</wf>
<wf cmd="tag" pos="RB">no_longer</wf>
<wf cmd="ignore" pos="TO">to</wf>
<wf cmd="done" pos="VB" ot="notag">be</wf>
<wf cmd="done" pos="VB" lemma="formulate" wnsn="1" lexsn="2:32:03::">formulated</wf>
<wf cmd="tag" pos="JJ">in_terms_of</wf>
<wf cmd="ignore" pos="DT">the</wf>
<wf cmd="tag" pos="NN">nature</wf>
<wf cmd="ignore" pos="IN">of</wf>
<wf cmd="tag" pos="JJ">present</wf>
<wf cmd="tag" pos="NN">action</wf>
<wf cmd="ignore" pos="PRP">itself</wf>
<punc>,</punc>
<wf cmd="ignore" pos="PRP$">its</wf>
<wf cmd="tag" pos="NN">intention</wf>
<punc>,</punc>
<wf cmd="ignore" pos="CC">and</wf>
<wf cmd="tag" pos="JJ">proximate</wf>
<wf cmd="tag" pos="NN">effect</wf>
<wf cmd="ignore" pos="CC">or</wf>
<wf cmd="ignore" pos="DT">the</wf>
<wf cmd="tag" pos="NN">thing</wf>
<wf cmd="ignore" pos="TO">to</wf>
<wf cmd="done" pos="VB" ot="notag">be</wf>
<wf cmd="done" pos="VB" lemma="do" wnsn="2" lexsn="2:36:01::">done</wf>
<punc>.</punc>
</s>
</p>
<p pnum="5">
<s snum="30">
<wf cmd="tag" pos="JJ">Several</wf>
<wf cmd="ignore" pos="IN">of</wf>
<wf cmd="ignore" pos="DT">the</wf>
<wf cmd="tag" pos="NNS">replies</wf>
<wf cmd="ignore" pos="TO">to</wf>
<wf cmd="tag" pos="NNP">Mr._Toynbee</wf>
<punc>,</punc>
<wf cmd="ignore" pos="IN">without</wf>
<wf cmd="tag" pos="JJ">conscious</wf>
<wf cmd="tag" pos="NN">resort</wf>
<wf cmd="done" pos="VB" ot="notag">to</wf>
<wf cmd="ignore" pos="DT">the</wf>
<wf cmd="tag" pos="JJ">traditional</wf>
<wf cmd="tag" pos="NN">terminology</wf>
<wf cmd="ignore" pos="IN">with</wf>
<wf cmd="tag" pos="NN">regard_to</wf>
<wf cmd="ignore" pos="DT">the</wf>
<wf cmd="tag" pos="NN">permission</wf>
<wf cmd="ignore" pos="IN">of</wf>
<wf cmd="tag" pos="JJ">evil</wf>
<punc>,</punc>
<wf cmd="done" pos="VB" lemma="succeed" wnsn="1" lexsn="2:41:00::">succeed</wf>
<wf cmd="done" pos="VB" ot="notag">in</wf>
<wf cmd="done" pos="VB" lemma="restore" wnsn="2" lexsn="2:30:00::">restoring</wf>
<wf cmd="ignore" pos="DT">the</wf>
<wf cmd="tag" pos="JJ">actual</wf>
<wf cmd="tag" pos="NN">context</wf>
<wf cmd="tag" pos="RB">in_which</wf>
<wf cmd="tag" pos="JJ">present</wf>
<wf cmd="tag" pos="JJ">moral</wf>
<wf cmd="ignore" pos="CC">and</wf>
<wf cmd="tag" pos="JJ">political</wf>
<wf cmd="tag" pos="NNS">decisions</wf>
<wf cmd="ignore" pos="MD">must</wf>
<wf cmd="done" pos="VB" ot="notag">be</wf>
<wf cmd="done" pos="VB" lemma="make" wnsn="1" lexsn="2:41:00::">made</wf>
<punc>,</punc>
<wf cmd="ignore" pos="IN">by</wf>
<wf cmd="done" pos="VB" lemma="distinguish" wnsn="2" lexsn="2:39:00::">distinguishing</wf>
<wf cmd="ignore" pos="IN">between</wf>
<wf cmd="done" pos="VB" lemma="choose" wnsn="1" lexsn="2:31:00::">choosing</wf>
<wf cmd="ignore" pos="DT">a</wf>
<wf cmd="tag" pos="JJ">great</wf>
<wf cmd="tag" pos="JJ">evil</wf>
<wf cmd="ignore" pos="CC">and</wf>
<wf cmd="done" pos="VB" lemma="choose" wnsn="1" lexsn="2:31:00::">choosing</wf>
<wf cmd="ignore" pos="IN">in</wf>
<wf cmd="tag" pos="NN">danger</wf>
<wf cmd="tag" pos="RB">of_this</wf>
<wf cmd="tag" pos="JJ">evil</wf>
<punc>.</punc>
</s>
<s snum="31">
<punc>``</punc>
<wf cmd="ignore" pos="PRP">It</wf>
<wf cmd="done" pos="VB" lemma="be" wnsn="1" lexsn="2:42:03::">is</wf>
<wf cmd="tag" pos="JJR">worse</wf>
<wf cmd="ignore" pos="IN">for</wf>
<wf cmd="ignore" pos="DT">a</wf>
<wf cmd="tag" pos="NN">nation</wf>
<wf cmd="ignore" pos="TO">to</wf>
<wf cmd="done" pos="VB" lemma="give_in" wnsn="2" lexsn="2:32:01::">give_in</wf>
<wf cmd="ignore" pos="TO">to</wf>
<wf cmd="tag" pos="JJ">evil</wf>
<wf cmd="tag" pos="RB">than</wf>
<wf cmd="ignore" pos="TO">to</wf>
<wf cmd="done" rdf="run_a_risk" pos="VB" lemma="run_a_risk" wnsn="1" lexsn="2:41:00::">run</wf>
<wf cmd="ignore" pos="DT">the</wf>
<wf cmd="tag" pos="NN">risk</wf>
<wf cmd="ignore" pos="IN">of</wf>
<wf cmd="tag" pos="NN">annihilation</wf>
<punc>''</punc>
<punc>.</punc>
</s>
<s snum="32">
<punc>``</punc>
<wf cmd="ignore" pos="PRP">I</wf>
<wf cmd="done" pos="VB" lemma="be" wnsn="2" lexsn="2:42:06::">am</wf>
<wf cmd="tag" pos="RB">consciously</wf>
<wf cmd="tag" pos="JJ">prepared</wf>
<wf cmd="ignore" pos="TO">to</wf>
<wf cmd="done" rdf="run_a_risk" pos="VB" lemma="run_a_risk" wnsn="1" lexsn="2:41:00::">run</wf>
<wf cmd="ignore" pos="DT">the</wf>
<wf cmd="tag" pos="JJ">continued</wf>
<wf cmd="tag" pos="NN">risk</wf>
<wf cmd="ignore" pos="IN">of</wf>
<punc>'</punc>
<wf cmd="tag" pos="NN">race</wf>
<wf cmd="tag" pos="NN">suicide</wf>
<wf cmd="tag" pos="RB">by_accident</wf>
<punc>'</punc>
<wf cmd="tag" pos="RB">rather_than</wf>
<wf cmd="done" pos="VB" lemma="accept" wnsn="2" lexsn="2:40:00::">accept</wf>
<wf cmd="ignore" pos="DT">the</wf>
<wf cmd="tag" pos="NN">alternative</wf>
<wf cmd="tag" pos="NN">certainty</wf>
<wf cmd="ignore" pos="IN">of</wf>
<wf cmd="tag" pos="NN">race</wf>
<wf cmd="tag" pos="NN">slavery</wf>
<wf cmd="tag" pos="RB">by_design</wf>
<punc>.</punc>
</s>
<s snum="33">
<wf cmd="ignore" pos="CC">But</wf>
<wf cmd="ignore" pos="PRP">I</wf>
<wf cmd="ignore" pos="MD">can</wf>
<wf cmd="tag" pos="RB">only</wf>
<wf cmd="done" pos="VB" lemma="make" wnsn="16" lexsn="2:36:12::">make</wf>
<wf cmd="ignore" pos="DT">this</wf>
<wf cmd="tag" pos="NN">choice</wf>
<wf cmd="ignore" pos="IN">because</wf>
<wf cmd="ignore" pos="PRP">I</wf>
<wf cmd="done" pos="VB" lemma="believe" wnsn="3" lexsn="2:31:03::">believe</wf>
<wf cmd="ignore" pos="IN">that</wf>
<wf cmd="ignore" pos="DT">the</wf>
<wf cmd="tag" pos="NN">risk</wf>
<wf cmd="done" pos="VB" lemma="need" wnsn="1" lexsn="2:42:00::">need</wf>
<wf cmd="tag" pos="RB">not</wf>
<wf cmd="done" pos="VB" lemma="increase" wnsn="1" lexsn="2:30:00::">increase</wf>
<punc>,</punc>
<wf cmd="ignore" pos="CC">but</wf>
<wf cmd="ignore" pos="MD">may</wf>
<wf cmd="done" pos="VB" ot="notag">be</wf>
<wf cmd="tag" pos="RB">deliberately</wf>
<wf cmd="done" pos="VB" lemma="reduce" wnsn="1" lexsn="2:30:00::">reduced</wf>
<punc>''</punc>
<punc>[</punc>
<wf cmd="ignore" pos="IN">by</wf>
<wf cmd="tag" pos="NNS">precautions</wf>
<wf cmd="ignore" pos="IN">against</wf>
<wf cmd="tag" pos="NNS">accidents</wf>
<wf cmd="ignore" pos="CC">or</wf>
<wf cmd="ignore" pos="IN">by</wf>
<wf cmd="done" pos="VB" lemma="limit" wnsn="1" lexsn="2:30:01::">limiting</wf>
<wf cmd="tag" pos="NN">war</wf>
<punc>?</punc>
<punc>]</punc>
</s>
<s snum="34">
<punc>``</punc>
<wf cmd="done" pos="VB" lemma="quote" wnsn="1" lexsn="2:32:00::">Quoting</wf>
<wf cmd="tag" pos="NNP">Mr._Kennan</wf>
<wf cmd="ignore" pos="POS">'s</wf>
<wf cmd="tag" pos="NN">phrase</wf>
<wf cmd="ignore" pos="IN">that</wf>
<wf cmd="tag" pos="NN">anything</wf>
<wf cmd="ignore" pos="MD">would</wf>
<wf cmd="done" pos="VB" lemma="be" wnsn="1" lexsn="2:42:03::">be</wf>
<wf cmd="tag" pos="JJR">better</wf>
<wf cmd="ignore" pos="IN">than</wf>
<wf cmd="ignore" pos="DT">a</wf>
<wf cmd="tag" pos="NN">policy</wf>
<wf cmd="ignore" pos="WDT">which</wf>
<wf cmd="done" pos="VB" lemma="lead" wnsn="6" lexsn="2:42:00::">led</wf>
<wf cmd="tag" pos="RB">inevitably</wf>
<wf cmd="ignore" pos="TO">to</wf>
<wf cmd="tag" pos="JJ">nuclear</wf>
<wf cmd="tag" pos="NN">war</wf>
<punc>,</punc>
<wf cmd="ignore" pos="PRP">he</wf>
<punc>[</punc>
<wf cmd="tag" pos="NNP">Toynbee</wf>
<punc>]</punc>
<wf cmd="done" pos="VB" lemma="say" wnsn="2" lexsn="2:32:01::">says</wf>
<wf cmd="ignore" pos="IN">that</wf>
<wf cmd="tag" pos="NN">anything</wf>
<wf cmd="done" pos="VB" lemma="be" wnsn="1" lexsn="2:42:03::">is</wf>
<wf cmd="tag" pos="JJR">better</wf>
<wf cmd="ignore" pos="IN">than</wf>
<wf cmd="ignore" pos="DT">a</wf>
<wf cmd="tag" pos="NN">policy</wf>
<wf cmd="ignore" pos="WDT">which</wf>
<wf cmd="done" pos="VB" lemma="allow_for" wnsn="1" lexsn="2:42:00::">allows_for</wf>
<wf cmd="ignore" pos="DT">the</wf>
<wf cmd="tag" pos="NN">possibility</wf>
<wf cmd="ignore" pos="IN">of</wf>
<wf cmd="tag" pos="JJ">nuclear</wf>
<wf cmd="tag" pos="NN">war</wf>
<punc>''</punc>
<punc>.</punc>
</s>
<s snum="35">
<punc>``</punc>
<wf cmd="ignore" pos="IN">If</wf>
<wf cmd="done" pos="VB" lemma="ask" wnsn="2" lexsn="2:32:01::">asked</wf>
<wf cmd="ignore" pos="TO">to</wf>
<wf cmd="done" pos="VB" lemma="choose" wnsn="1" lexsn="2:31:00::">choose</wf>
<wf cmd="ignore" pos="IN">between</wf>
<wf cmd="ignore" pos="DT">a</wf>
<wf cmd="tag" pos="JJ">terrible</wf>
<wf cmd="tag" pos="NN">probability</wf>
<wf cmd="ignore" pos="CC">and</wf>
<wf cmd="ignore" pos="DT">a</wf>
<wf cmd="tag" pos="RBR">more</wf>
<wf cmd="tag" pos="JJ">terrible</wf>
<wf cmd="tag" pos="NN">possibility</wf>
<punc>,</punc>
<wf cmd="tag" pos="RBS">most</wf>
<wf cmd="tag" pos="NNS">men</wf>
<wf cmd="ignore" pos="MD">will</wf>
<wf cmd="done" pos="VB" lemma="choose" wnsn="1" lexsn="2:31:00::">choose</wf>
<wf cmd="ignore" pos="DT">the</wf>
<wf cmd="tag" pos="NN">latter</wf>
<punc>''</punc>
<punc>.</punc>
</s>
<s snum="36">
<punc>``</punc>
<wf cmd="ignore" pos="IN">If</wf>
<wf cmd="tag" pos="NNP">Philip_Toynbee</wf>
<wf cmd="done" pos="VBZ" ot="notag">is</wf>
<wf cmd="done" pos="VB" lemma="claim" wnsn="1" lexsn="2:32:00::">claiming</wf>
<wf cmd="ignore" pos="IN">that</wf>
<wf cmd="ignore" pos="DT">the</wf>
<wf cmd="tag" pos="NN">choice</wf>
<wf cmd="done" pos="VB" lemma="lie" wnsn="1" lexsn="2:42:00::">lies</wf>
<wf cmd="ignore" pos="IN">between</wf>
<wf cmd="tag" pos="NN">capitulation</wf>
<wf cmd="ignore" pos="CC">and</wf>
<wf cmd="ignore" pos="DT">the</wf>
<wf cmd="tag" pos="NN">risk</wf>
<wf cmd="ignore" pos="IN">of</wf>
<wf cmd="tag" pos="JJ">nuclear</wf>
<wf cmd="tag" pos="NN">war</wf>
<punc>,</punc>
<wf cmd="ignore" pos="PRP">I</wf>
<wf cmd="done" pos="VB" lemma="think" wnsn="1" lexsn="2:31:01::">think</wf>
<wf cmd="ignore" pos="PRP">he</wf>
<wf cmd="done" pos="VB" lemma="be" wnsn="1" lexsn="2:42:03::">is</wf>
<wf cmd="tag" pos="NN">right</wf>
<punc>.</punc>
</s>
<s snum="37">
<wf cmd="ignore" pos="PRP">I</wf>
<wf cmd="done" pos="VBP" ot="notag">do</wf>
<wf cmd="tag" pos="RB">not</wf>
<wf cmd="done" pos="VB" lemma="accept" wnsn="1" lexsn="2:31:00::">accept</wf>
<wf cmd="ignore" pos="IN">that</wf>
<wf cmd="ignore" pos="DT">the</wf>
<wf cmd="tag" pos="NN">choice</wf>
<wf cmd="done" pos="VB" lemma="be" wnsn="1" lexsn="2:42:03::">is</wf>
<wf cmd="ignore" pos="IN">between</wf>
<wf cmd="tag" pos="NN">capitulation</wf>
<wf cmd="ignore" pos="CC">and</wf>
<wf cmd="ignore" pos="DT">the</wf>
<wf cmd="tag" pos="NN">certainty</wf>
<wf cmd="ignore" pos="IN">of</wf>
<wf cmd="tag" pos="JJ">nuclear</wf>
<wf cmd="tag" pos="NN">war</wf>
<punc>''</punc>
<punc>.</punc>
</s>
<s snum="38">
<wf cmd="tag" pos="RB">Even</wf>
<wf cmd="tag" pos="NNP">Professor_Arnold_Toynbee</wf>
<punc>,</punc>
<wf cmd="done" pos="VB" lemma="agree" wnsn="1" lexsn="2:32:00::">agreeing</wf>
<wf cmd="done" pos="VB" ot="notag">with</wf>
<wf cmd="ignore" pos="PRP$">his</wf>
<wf cmd="tag" pos="NN">son</wf>
<punc>,</punc>
<wf cmd="done" pos="VBZ" ot="notag">does</wf>
<wf cmd="tag" pos="RB">so</wf>
<wf cmd="ignore" pos="IN">in</wf>
<wf cmd="ignore" pos="DT">these</wf>
<wf cmd="tag" pos="NNS">terms</wf>
<punc>:</punc>
<punc>``</punc>
<wf cmd="done" pos="VB" lemma="compare" wnsn="1" lexsn="2:31:00::">Compared</wf>
<wf cmd="ignore" pos="TO">to</wf>
<wf cmd="done" pos="VB" lemma="continue" wnsn="1" lexsn="2:42:01::">continuing</wf>
<wf cmd="ignore" pos="TO">to</wf>
<wf cmd="done" pos="VB" lemma="incur" wnsn="1" lexsn="2:42:00::">incur</wf>
<wf cmd="ignore" pos="DT">a</wf>
<wf cmd="tag" pos="JJ">constant</wf>
<wf cmd="tag" pos="NN">risk</wf>
<wf cmd="ignore" pos="IN">of</wf>
<wf cmd="ignore" pos="DT">the</wf>
<wf cmd="tag" pos="NN">destruction</wf>
<wf cmd="ignore" pos="IN">of</wf>
<wf cmd="ignore" pos="DT">the</wf>
<wf cmd="tag" pos="NN">human_race</wf>
<punc>,</punc>
<wf cmd="ignore" pos="DT">all</wf>
<wf cmd="tag" pos="JJ">other</wf>
<wf cmd="tag" pos="NNS">evils</wf>
<wf cmd="done" pos="VB" lemma="be" wnsn="2" lexsn="2:42:06::">are</wf>
<wf cmd="tag" pos="JJR">lesser</wf>
<wf cmd="tag" pos="NNS">evils</wf>
<punc>.</punc>
</s>
<s snum="39">
<wf cmd="done" pos="VB" lemma="let" wnsn="1" lexsn="2:41:00::">Let</wf>
<wf cmd="ignore" pos="PRP">us</wf>
<wf cmd="tag" pos="RB">therefore</wf>
<wf cmd="done" pos="VB" lemma="put" wnsn="1" lexsn="2:35:00::">put</wf>
<wf cmd="tag" pos="JJ">first</wf>
<wf cmd="tag" pos="NNS">things</wf>
<wf cmd="tag" pos="JJ">first</wf>
<punc>,</punc>
<wf cmd="ignore" pos="CC">and</wf>
<wf cmd="done" pos="VB" lemma="make_sure" wnsn="1" lexsn="2:41:00::">make_sure</wf>
<wf cmd="done" pos="VB" ot="notag">of</wf>
<wf cmd="done" pos="VB" lemma="preserve" wnsn="3" lexsn="2:40:01::">preserving</wf>
<wf cmd="ignore" pos="DT">the</wf>
<wf cmd="tag" pos="NN">human_race</wf>
<wf cmd="ignore" pos="IN">at</wf>
<wf cmd="ignore" pos="WDT">whatever</wf>
<wf cmd="ignore" pos="DT">the</wf>
<wf cmd="tag" pos="JJ">temporary</wf>
<wf cmd="tag" pos="NN">price</wf>
<wf cmd="ignore" pos="MD">may</wf>
<wf cmd="done" pos="VB" lemma="be" wnsn="2" lexsn="2:42:06::">be</wf>
<punc>''</punc>
<punc>.</punc>
</s>
</p>
<p pnum="6">
<s snum="40">
<wf cmd="tag" pos="NNP">Mr._Philip_Toynbee</wf>
<wf cmd="done" pos="VB" lemma="affirm" wnsn="1" lexsn="2:31:00::">affirms</wf>
<wf cmd="ignore" pos="IN">at</wf>
<wf cmd="tag" pos="CD">one</wf>
<wf cmd="tag" pos="NN">point</wf>
<wf cmd="ignore" pos="IN">that</wf>
<wf cmd="ignore" pos="IN">if</wf>
<wf cmd="ignore" pos="PRP">he</wf>
<wf cmd="done" pos="VB" lemma="share" wnsn="1" lexsn="2:42:00::">shared</wf>
<wf cmd="ignore" pos="DT">the</wf>
<wf cmd="tag" pos="NNS">anticipations</wf>
<wf cmd="ignore" pos="IN">of</wf>
<wf cmd="tag" pos="NNP">Orwell</wf>
<wf cmd="ignore" pos="IN">in</wf>
<wf cmd="tag" pos="CD">Nineteen</wf>
<wf cmd="tag" pos="NNP">Eighty-Four</wf>
<punc>,</punc>
<wf cmd="ignore" pos="IN">if</wf>
<wf cmd="ignore" pos="PRP">he</wf>
<wf cmd="done" pos="VB" lemma="believe" wnsn="1" lexsn="2:31:00::">believed</wf>
<wf cmd="tag" pos="NNP">Communism</wf>
<wf cmd="done" pos="VB" lemma="be" wnsn="2" lexsn="2:42:06::">was</wf>
<wf cmd="tag" pos="RB">not_only</wf>
<wf cmd="tag" pos="JJ">evil</wf>
<wf cmd="ignore" pos="CC">but</wf>
<punc>``</punc>
<wf cmd="tag" pos="RB">also</wf>
<wf cmd="tag" pos="RB">irredeemably</wf>
<wf cmd="tag" pos="JJ">evil</wf>
<punc>''</punc>
<punc>,</punc>
<wf cmd="tag" pos="RB">then</wf>
<wf cmd="ignore" pos="PRP">he</wf>
<wf cmd="ignore" pos="MD">might</wf>
<punc>``</punc>
<wf cmd="done" pos="VB" lemma="think" wnsn="1" lexsn="2:31:01::">think</wf>
<wf cmd="ignore" pos="PRP">it</wf>
<wf cmd="tag" pos="NN">right</wf>
<wf cmd="ignore" pos="TO">to</wf>
<wf cmd="done" pos="VB" lemma="do" wnsn="2" lexsn="2:36:01::">do</wf>
<wf cmd="tag" pos="NN">anything</wf>
<wf cmd="tag" pos="RB">rather_than</wf>
<wf cmd="ignore" pos="TO">to</wf>
<wf cmd="done" pos="VB" lemma="take" wnsn="15" lexsn="2:39:00::">take</wf>
<wf cmd="ignore" pos="DT">the</wf>
<wf cmd="tag" pos="NN">risk</wf>
<wf cmd="ignore" pos="IN">of</wf>
<wf cmd="ignore" pos="DT">a</wf>
<wf cmd="tag" pos="JJ">communist</wf>
<wf cmd="tag" pos="NN">world</wf>
<punc>.</punc>
</s>
<s snum="41">
<wf cmd="tag" pos="RB">Even</wf>
<wf cmd="ignore" pos="DT">a</wf>
<wf cmd="tag" pos="JJ">nuclear</wf>
<wf cmd="tag" pos="NN">holocaust</wf>
<wf cmd="done" pos="VB" lemma="be" wnsn="1" lexsn="2:42:03::">is</wf>
<wf cmd="tag" pos="RB">a_little</wf>
<wf cmd="tag" pos="RBR">less</wf>
<wf cmd="tag" pos="JJ">frightful</wf>
<wf cmd="ignore" pos="TO">to</wf>
<wf cmd="done" pos="VB" lemma="contemplate" wnsn="2" lexsn="2:31:02::">contemplate</wf>
<wf cmd="ignore" pos="IN">than</wf>
<wf cmd="ignore" pos="DT">a</wf>
<wf cmd="tag" pos="NN">race</wf>
<wf cmd="ignore" pos="IN">of</wf>
<wf cmd="tag" pos="JJ">dehumanised</wf>
<wf cmd="tag" pos="NNS">humans</wf>
<wf cmd="done" pos="VB" lemma="occupy" wnsn="2" lexsn="2:42:00::">occupying</wf>
<wf cmd="ignore" pos="DT">the</wf>
<wf cmd="tag" pos="NN">earth</wf>
<wf cmd="ignore" pos="IN">until</wf>
<wf cmd="tag" pos="NN">doomsday</wf>
<punc>''</punc>
<punc>.</punc>
</s>
<s snum="42">
<wf cmd="ignore" pos="DT">No</wf>
<wf cmd="tag" pos="JJ">political</wf>
<wf cmd="tag" pos="NN">order</wf>
<wf cmd="ignore" pos="CC">or</wf>
<wf cmd="tag" pos="NN">economic_system</wf>
<wf cmd="done" pos="VB" lemma="be" wnsn="1" lexsn="2:42:03::">is</wf>
<wf cmd="tag" pos="RB">so</wf>
<wf cmd="tag" pos="RB">clearly</wf>
<wf cmd="tag" pos="JJ">contrary</wf>
<wf cmd="ignore" pos="TO">to</wf>
<wf cmd="tag" pos="NN">nature</wf>
<punc>.</punc>
</s>
<s snum="43">
<wf cmd="ignore" pos="CC">But</wf>
<wf cmd="tag" pos="CD">one</wf>
<wf cmd="done" pos="VBZ" ot="notag">does</wf>
<wf cmd="tag" pos="RB">not</wf>
<wf cmd="done" pos="VB" lemma="have" wnsn="0" lexsn="2:42:05::">have</wf>
<wf cmd="done" pos="VB" ot="notag">to</wf>
<wf cmd="done" pos="VB" lemma="affirm" wnsn="1" lexsn="2:31:00::">affirm</wf>
<wf cmd="ignore" pos="DT">the</wf>
<wf cmd="tag" pos="NN">existence</wf>
<wf cmd="ignore" pos="IN">of</wf>
<wf cmd="ignore" pos="DT">an</wf>
<wf cmd="tag" pos="JJ">evil</wf>
<wf cmd="tag" pos="NN">order</wf>
<wf cmd="tag" pos="JJ">irredeemable</wf>
<wf cmd="tag" pos="RB">in_that</wf>
<wf cmd="tag" pos="NN">sense</wf>
<punc>,</punc>
<wf cmd="ignore" pos="CC">or</wf>
<wf cmd="ignore" pos="DT">a</wf>
<wf cmd="tag" pos="JJ">static</wf>
<wf cmd="tag" pos="NN">order</wf>
<wf cmd="tag" pos="RB">in_which</wf>
<wf cmd="ignore" pos="DT">no</wf>
<wf cmd="tag" pos="NNS">changes</wf>
<wf cmd="ignore" pos="MD">will</wf>
<wf cmd="done" pos="VB" lemma="take_place" wnsn="1" lexsn="2:30:00::">take_place</wf>
<wf cmd="tag" pos="RB">in_time</wf>
<punc>,</punc>
<wf cmd="ignore" pos="TO">to</wf>
<wf cmd="done" pos="VB" lemma="be" wnsn="1" lexsn="2:42:03::">be</wf>
<wf cmd="tag" pos="JJ">able</wf>
<wf cmd="tag" pos="RB">truthfully</wf>
<wf cmd="ignore" pos="TO">to</wf>
<wf cmd="done" pos="VB" lemma="affirm" wnsn="1" lexsn="2:31:00::">affirm</wf>
<wf cmd="ignore" pos="DT">the</wf>
<wf cmd="tag" pos="JJ">following</wf>
<wf cmd="tag" pos="NN">fact</wf>
<punc>:</punc>
<wf cmd="ignore" pos="EX">there</wf>
<wf cmd="done" pos="VBZ" ot="notag">has</wf>
<wf cmd="tag" pos="RB">never</wf>
<wf cmd="done" pos="VBN" ot="notag">been</wf>
<wf cmd="tag" pos="NN">justitia</wf>
<wf cmd="done" pos="VB" lemma="imprint" wnsn="1" lexsn="2:41:00::">imprinted</wf>
<wf cmd="ignore" pos="IN">in</wf>
<wf cmd="tag" pos="JJ">social</wf>
<wf cmd="tag" pos="NNS">institutions</wf>
<wf cmd="ignore" pos="CC">and</wf>
<wf cmd="tag" pos="JJ">social</wf>
<wf cmd="tag" pos="NNS">relationships</wf>
<wf cmd="ignore" pos="IN">except</wf>
<wf cmd="ignore" pos="IN">in</wf>
<wf cmd="ignore" pos="DT">the</wf>
<wf cmd="tag" pos="NN">context</wf>
<wf cmd="ignore" pos="IN">of</wf>
<wf cmd="ignore" pos="DT">some</wf>
<wf cmd="tag" pos="NN">pax-ordo</wf>
<wf cmd="done" pos="VB" lemma="preserve" wnsn="1" lexsn="2:42:00::">preserved</wf>
<wf cmd="ignore" pos="IN">by</wf>
<wf cmd="tag" pos="JJ">clothed</wf>
<wf cmd="ignore" pos="CC">or</wf>
<wf cmd="tag" pos="JJ">naked</wf>
<wf cmd="tag" pos="NN">force</wf>
<punc>.</punc>
</s>
<s snum="44">
<wf cmd="ignore" pos="IN">On</wf>
<wf cmd="ignore" pos="PRP$">their</wf>
<wf cmd="tag" pos="NN">way</wf>
<wf cmd="ignore" pos="TO">to</wf>
<wf cmd="ignore" pos="DT">the</wf>
<wf cmd="tag" pos="NN">Heavenly_City</wf>
<wf cmd="ignore" pos="DT">the</wf>
<wf cmd="tag" pos="NNS">children</wf>
<wf cmd="ignore" pos="IN">of</wf>
<wf cmd="tag" pos="NNP">God</wf>
<wf cmd="done" pos="VB" lemma="make" wnsn="2" lexsn="2:30:00::">make</wf>
<wf cmd="tag" pos="NN">use</wf>
<wf cmd="done" pos="VB" ot="notag">of</wf>
<wf cmd="ignore" pos="DT">the</wf>
<wf cmd="tag" pos="NN">pax-ordo</wf>
<wf cmd="ignore" pos="IN">of</wf>
<wf cmd="ignore" pos="DT">the</wf>
<wf cmd="tag" pos="JJ">earthly</wf>
<wf cmd="tag" pos="NN">city</wf>
<wf cmd="ignore" pos="CC">and</wf>
<wf cmd="done" pos="VB" lemma="acknowledge" wnsn="4" lexsn="2:32:01::">acknowledge</wf>
<wf cmd="ignore" pos="PRP$">their</wf>
<wf cmd="tag" pos="NN">share</wf>
<wf cmd="done" pos="VB" ot="notag">in</wf>
<wf cmd="tag" pos="NN">responsibility</wf>
<wf cmd="ignore" pos="IN">for</wf>
<wf cmd="ignore" pos="PRP$">its</wf>
<wf cmd="tag" pos="NN">preservation</wf>
<punc>.</punc>
</s>
<s snum="45">
<wf cmd="tag" pos="RB">Not</wf>
<wf cmd="ignore" pos="TO">to</wf>
<wf cmd="done" pos="VB" lemma="repel" wnsn="1" lexsn="2:35:00::">repel</wf>
<wf cmd="tag" pos="NN">injury</wf>
<wf cmd="ignore" pos="CC">and</wf>
<wf cmd="done" pos="VB" lemma="uphold" wnsn="1" lexsn="2:42:00::">uphold</wf>
<wf cmd="ignore" pos="CC">and</wf>
<wf cmd="done" pos="VB" lemma="improve" wnsn="1" lexsn="2:30:01::">improve</wf>
<wf cmd="tag" pos="NN">pax-ordo</wf>
<wf cmd="done" pos="VB" lemma="mean" wnsn="2" lexsn="2:42:00::">means</wf>
<wf cmd="tag" pos="RB">not</wf>
<wf cmd="tag" pos="RB">simply</wf>
<wf cmd="ignore" pos="TO">to</wf>
<wf cmd="done" pos="VB" lemma="accept" wnsn="2" lexsn="2:40:00::">accept</wf>
<wf cmd="ignore" pos="DT">the</wf>
<wf cmd="tag" pos="JJ">misshapen</wf>
<wf cmd="tag" pos="NN">order</wf>
<wf cmd="ignore" pos="CC">and</wf>
<wf cmd="tag" pos="NN">injustice</wf>
<wf cmd="ignore" pos="IN">that</wf>
<wf cmd="done" pos="VB" lemma="challenge" wnsn="2" lexsn="2:32:00::">challenges</wf>
<wf cmd="ignore" pos="PRP">it</wf>
<wf cmd="ignore" pos="IN">at</wf>
<wf cmd="ignore" pos="DT">the</wf>
<wf cmd="tag" pos="NN">moment</wf>
<punc>,</punc>
<wf cmd="ignore" pos="CC">but</wf>
<wf cmd="tag" pos="RB">also</wf>
<wf cmd="ignore" pos="TO">to</wf>
<wf cmd="done" pos="VB" lemma="start" wnsn="1" lexsn="2:30:00::">start</wf>
<wf cmd="tag" pos="RB">down</wf>
<wf cmd="ignore" pos="DT">the</wf>
<wf cmd="tag" pos="JJ">steep</wf>
<wf cmd="tag" pos="NN">slope</wf>
<wf cmd="ignore" pos="IN">along</wf>
<wf cmd="ignore" pos="WDT">which</wf>
<wf cmd="tag" pos="NN">justice</wf>
<wf cmd="ignore" pos="MD">can</wf>
<wf cmd="done" pos="VB" lemma="find" wnsn="1" lexsn="2:40:02::">find</wf>
<wf cmd="ignore" pos="DT">no</wf>
<wf cmd="tag" pos="NN">place</wf>
<wf cmd="tag" pos="NN">whereon</wf>
<wf cmd="ignore" pos="TO">to</wf>
<wf cmd="done" pos="VB" lemma="stand" wnsn="1" lexsn="2:35:00::">stand</wf>
<punc>.</punc>
</s>
<s snum="46">
<wf cmd="tag" pos="NNP">Toynbee</wf>
<wf cmd="done" pos="VB" lemma="seem" wnsn="1" lexsn="2:39:00::">seems</wf>
<wf cmd="ignore" pos="TO">to</wf>
<wf cmd="done" pos="VB" lemma="think" wnsn="1" lexsn="2:31:01::">think</wf>
<wf cmd="ignore" pos="IN">that</wf>
<wf cmd="ignore" pos="EX">there</wf>
<wf cmd="done" pos="VB" lemma="be" wnsn="4" lexsn="2:42:00::">is</wf>
<wf cmd="ignore" pos="DT">some</wf>
<wf cmd="tag" pos="JJ">other</wf>
<wf cmd="tag" pos="NN">way</wf>
<wf cmd="ignore" pos="TO">to</wf>
<wf cmd="done" pos="VB" lemma="give" wnsn="1" lexsn="2:40:03::">give</wf>
<wf cmd="tag" pos="NN">justice</wf>
<wf cmd="tag" pos="JJ">social</wf>
<wf cmd="tag" pos="NN">embodiment</wf>
<punc>.</punc>
</s>
<s snum="47">
<punc>``</punc>
<wf cmd="ignore" pos="PRP">I</wf>
<wf cmd="ignore" pos="MD">would</wf>
<wf cmd="tag" pos="RB">far</wf>
<wf cmd="tag" pos="RB">rather</wf>
<wf cmd="done" pos="VB" lemma="die" wnsn="1" lexsn="2:30:00::">die</wf>
<wf cmd="ignore" pos="IN">after</wf>
<wf cmd="ignore" pos="DT">a</wf>
<wf cmd="tag" pos="NNP">Russian</wf>
<wf cmd="tag" pos="NN">occupation</wf>
<wf cmd="tag" pos="RB">of_this</wf>
<wf cmd="tag" pos="NN">country</wf>
<punc>-</punc>
<wf cmd="ignore" pos="IN">by</wf>
<wf cmd="ignore" pos="DT">some</wf>
<wf cmd="tag" pos="JJ">deliberate</wf>
<wf cmd="tag" pos="NN">act</wf>
<wf cmd="ignore" pos="IN">of</wf>
<wf cmd="tag" pos="NN">refusal</wf>
<punc>-</punc>
<wf cmd="ignore" pos="IN">than</wf>
<wf cmd="done" pos="VB" lemma="die" wnsn="1" lexsn="2:30:00::">die</wf>
<wf cmd="tag" pos="RB">uselessly</wf>
<wf cmd="ignore" pos="IN">by</wf>
<wf cmd="tag" pos="NN">atomisation</wf>
<punc>''</punc>
<punc>.</punc>
</s>
<s snum="48">
<wf cmd="ignore" pos="MD">Would</wf>
<wf cmd="tag" pos="JJ">such</wf>
<wf cmd="ignore" pos="DT">an</wf>
<wf cmd="tag" pos="NN">act</wf>
<wf cmd="ignore" pos="IN">of</wf>
<wf cmd="tag" pos="NN">refusal</wf>
<wf cmd="done" pos="VB" lemma="be" wnsn="1" lexsn="2:42:03::">be</wf>
<wf cmd="tag" pos="JJ">useful</wf>
<punc>?</punc>
</s>
<s snum="49">
<wf cmd="ignore" pos="PRP">He</wf>
<wf cmd="done" pos="VBZ" ot="notag">does</wf>
<wf cmd="tag" pos="RB">not</wf>
<wf cmd="done" pos="VB" lemma="mean" wnsn="1" lexsn="2:32:01::">mean</wf>
<punc>,</punc>
<wf cmd="tag" pos="RB">in_fact</wf>
<wf cmd="ignore" pos="PRP">he</wf>
<wf cmd="done" pos="VB" lemma="address" wnsn="1" lexsn="2:32:00::">addresses</wf>
<wf cmd="ignore" pos="PRP">himself</wf>
<wf cmd="tag" pos="RB">specifically</wf>
<wf cmd="ignore" pos="TO">to</wf>
<wf cmd="done" pos="VB" lemma="reject" wnsn="2" lexsn="2:40:00::">reject</wf>
<wf cmd="ignore" pos="DT">the</wf>
<wf cmd="tag" pos="NN">proposition</wf>
<punc>,</punc>
<wf cmd="ignore" pos="IN">that</wf>
<punc>``</punc>
<wf cmd="ignore" pos="IN">if</wf>
<wf cmd="ignore" pos="PRP">we</wf>
<wf cmd="done" pos="VB" lemma="take" wnsn="15" lexsn="2:39:00::">took</wf>
<wf cmd="ignore" pos="DT">the</wf>
<wf cmd="tag" pos="NN">risk</wf>
<wf cmd="ignore" pos="IN">of</wf>
<wf cmd="done" pos="VB" lemma="surrender" wnsn="1" lexsn="2:33:00::">surrendering</wf>
<punc>,</punc>
<wf cmd="ignore" pos="DT">a</wf>
<wf cmd="tag" pos="JJ">new</wf>
<wf cmd="tag" pos="NN">generation</wf>
<wf cmd="ignore" pos="IN">in</wf>
<wf cmd="tag" pos="NNP">Britain</wf>
<wf cmd="ignore" pos="MD">would</wf>
<wf cmd="tag" pos="RB">soon</wf>
<wf cmd="done" pos="VB" lemma="begin" wnsn="1" lexsn="2:30:00::">begin</wf>
<wf cmd="ignore" pos="TO">to</wf>
<wf cmd="done" pos="VB" lemma="amass" wnsn="1" lexsn="2:30:00::">amass</wf>
<wf cmd="ignore" pos="PRP$">its</wf>
<wf cmd="tag" pos="NN">strength</wf>
<wf cmd="tag" pos="RB">in_secret</wf>
<wf cmd="tag" pos="RB">in_order_to</wf>
<wf cmd="done" pos="VB" lemma="reverse" wnsn="2" lexsn="2:30:01::">reverse</wf>
<wf cmd="ignore" pos="DT">the</wf>
<wf cmd="tag" pos="NNS">consequences</wf>
<wf cmd="tag" pos="RB">of_that</wf>
<wf cmd="tag" pos="NN">surrender</wf>
<punc>''</punc>
<punc>.</punc>
</s>
<s snum="50">
<wf cmd="ignore" pos="PRP">He</wf>
<wf cmd="done" pos="VB" lemma="want" wnsn="1" lexsn="2:37:00::">wants</wf>
<wf cmd="done" pos="VB" ot="notag">to</wf>
<wf cmd="done" pos="VB" lemma="be" wnsn="1" lexsn="2:42:03::">be</wf>
<punc>``</punc>
<wf cmd="tag" pos="RB">brutally</wf>
<wf cmd="tag" pos="JJ">frank</wf>
<wf cmd="ignore" pos="CC">and</wf>
<wf cmd="done" pos="VB" lemma="say" wnsn="2" lexsn="2:32:01::">say</wf>
<wf cmd="ignore" pos="IN">that</wf>
<wf cmd="ignore" pos="DT">these</wf>
<wf cmd="tag" pos="NNS">rebellions</wf>
<wf cmd="ignore" pos="MD">would</wf>
<wf cmd="done" pos="VB" lemma="be" wnsn="1" lexsn="2:42:03::">be</wf>
<wf cmd="tag" pos="JJ">hopeless</wf>
<punc>-</punc>
<wf cmd="tag" pos="RB">far</wf>
<punc>,</punc>
<wf cmd="tag" pos="RB">far</wf>
<wf cmd="tag" pos="RBR">more</wf>
<wf cmd="tag" pos="JJ">hopeless</wf>
<wf cmd="ignore" pos="IN">than</wf>
<wf cmd="done" pos="VB" lemma="be" wnsn="1" lexsn="2:42:03::">was</wf>
<wf cmd="ignore" pos="DT">the</wf>
<wf cmd="tag" pos="JJ">Hungarian</wf>
<wf cmd="tag" pos="NN">revolution</wf>
<wf cmd="ignore" pos="IN">of</wf>
<wf cmd="tag" pos="CD">1956</wf>
<punc>''</punc>
<punc>.</punc>
</s>
<s snum="51">
<wf cmd="ignore" pos="DT">This</wf>
<wf cmd="done" pos="VB" lemma="be" wnsn="1" lexsn="2:42:03::">is</wf>
<wf cmd="tag" pos="RB">not</wf>
<wf cmd="ignore" pos="DT">a</wf>
<wf cmd="tag" pos="NN">project</wf>
<wf cmd="ignore" pos="IN">for</wf>
<wf cmd="done" pos="VB" lemma="regain" wnsn="1" lexsn="2:40:00::">regaining</wf>
<wf cmd="ignore" pos="DT">the</wf>
<wf cmd="tag" pos="NN">ground</wf>
<wf cmd="ignore" pos="IN">for</wf>
<wf cmd="tag" pos="NN">limited_war</wf>
<punc>,</punc>
<wf cmd="ignore" pos="IN">by</wf>
<wf cmd="done" pos="VB" lemma="create" wnsn="1" lexsn="2:36:00::">creating</wf>
<wf cmd="ignore" pos="DT">a</wf>
<wf cmd="tag" pos="NN">monopoly</wf>
<wf cmd="ignore" pos="IN">in</wf>
<wf cmd="tag" pos="CD">one</wf>
<wf cmd="tag" pos="NN">power</wf>
<wf cmd="ignore" pos="IN">of</wf>
<wf cmd="ignore" pos="DT">the</wf>
<wf cmd="tag" pos="NN">world</wf>
<wf cmd="ignore" pos="POS">'s</wf>
<wf cmd="tag" pos="NN">arsenal</wf>
<wf cmd="ignore" pos="IN">of</wf>
<wf cmd="tag" pos="JJ">unlimited</wf>
<wf cmd="tag" pos="NNS">weapons</wf>
<punc>.</punc>
</s>
<s snum="52">
<wf cmd="ignore" pos="PRP">It</wf>
<wf cmd="done" pos="VB" lemma="be" wnsn="2" lexsn="2:42:06::">is</wf>
<wf cmd="ignore" pos="DT">a</wf>
<wf cmd="tag" pos="NN">proposal</wf>
<wf cmd="ignore" pos="IN">that</wf>
<wf cmd="tag" pos="NN">justice</wf>
<wf cmd="tag" pos="RB">now</wf>
<wf cmd="done" pos="VB" ot="notag">be</wf>
<wf cmd="done" pos="VBN" ot="idiom">served</wf>
<wf cmd="ignore" pos="IN">by</wf>
<wf cmd="tag" pos="NN">means</wf>
<wf cmd="tag" pos="JJ">other_than</wf>
<wf cmd="ignore" pos="DT">those</wf>
<wf cmd="ignore" pos="WDT">that</wf>
<wf cmd="done" pos="VBP" ot="notag">have</wf>
<wf cmd="tag" pos="RB">ever</wf>
<wf cmd="done" pos="VB" lemma="precondition" wnsn="1" lexsn="2:30:00::">preconditioned</wf>
<wf cmd="ignore" pos="DT">the</wf>
<wf cmd="tag" pos="NN">search</wf>
<wf cmd="ignore" pos="IN">for</wf>
<wf cmd="ignore" pos="PRP">it</wf>
<punc>,</punc>
<wf cmd="ignore" pos="CC">or</wf>
<wf cmd="done" pos="VB" lemma="precondition" wnsn="1" lexsn="2:30:00::">preconditioned</wf>
<wf cmd="tag" pos="RBR">more</wf>
<wf cmd="tag" pos="JJ">positive</wf>
<wf cmd="tag" pos="NN">means</wf>
<wf cmd="ignore" pos="IN">for</wf>
<wf cmd="done" pos="VB" lemma="attain" wnsn="1" lexsn="2:41:00::">attaining</wf>
<wf cmd="ignore" pos="PRP">it</wf>
<punc>,</punc>
<wf cmd="tag" pos="RB">in_the_past</wf>
<punc>.</punc>
</s>
<s snum="53">
<punc>``</punc>
<wf cmd="ignore" pos="PRP">It</wf>
<wf cmd="done" pos="VB" lemma="be" wnsn="1" lexsn="2:42:03::">is</wf>
<wf cmd="ignore" pos="DT">no</wf>
<wf cmd="tag" pos="JJ">good</wf>
<wf cmd="done" pos="VB" lemma="recommend" wnsn="1" lexsn="2:32:01::">recommending</wf>
<wf cmd="tag" pos="NN">surrender</wf>
<wf cmd="tag" pos="RB">rather_than</wf>
<wf cmd="tag" pos="JJ">nuclear</wf>
<wf cmd="tag" pos="NN">warfare</wf>
<wf cmd="ignore" pos="IN">with</wf>
<wf cmd="ignore" pos="DT">the</wf>
<wf cmd="tag" pos="NN">proviso</wf>
<wf cmd="ignore" pos="IN">that</wf>
<wf cmd="tag" pos="NN">surrender</wf>
<wf cmd="ignore" pos="MD">could</wf>
<wf cmd="done" pos="VB" ot="notag">be</wf>
<wf cmd="done" pos="VB" lemma="follow" wnsn="1" lexsn="2:38:00::">followed</wf>
<wf cmd="ignore" pos="IN">by</wf>
<wf cmd="ignore" pos="DT">the</wf>
<wf cmd="tag" pos="JJ">effective</wf>
<wf cmd="tag" pos="JJ">military</wf>
<wf cmd="tag" pos="NN">resistance</wf>
<wf cmd="ignore" pos="IN">by</wf>
<wf cmd="tag" pos="JJ">occupied</wf>
<wf cmd="tag" pos="NNS">peoples</wf>
<punc>.</punc>
</s>
<s snum="54">
<wf cmd="tag" pos="NNP">Hope</wf>
<wf cmd="ignore" pos="IN">for</wf>
<wf cmd="ignore" pos="DT">the</wf>
<wf cmd="tag" pos="NN">future</wf>
<wf cmd="ignore" pos="MD">would</wf>
<wf cmd="done" pos="VB" lemma="lie_in" wnsn="1" lexsn="2:42:00::">lie_in</wf>
<wf cmd="ignore" pos="DT">the</wf>
<wf cmd="tag" pos="JJ">natural</wf>
<wf cmd="tag" pos="NN">longing</wf>
<wf cmd="ignore" pos="IN">of</wf>
<wf cmd="ignore" pos="DT">the</wf>
<wf cmd="tag" pos="NN">human_race</wf>
<wf cmd="ignore" pos="IN">for</wf>
<wf cmd="tag" pos="NN">freedom</wf>
<wf cmd="ignore" pos="CC">and</wf>
<wf cmd="ignore" pos="DT">the</wf>
<wf cmd="tag" pos="NN">right</wf>
<wf cmd="ignore" pos="TO">to</wf>
<wf cmd="done" pos="VB" lemma="develop" wnsn="14" lexsn="2:30:10::">develop</wf>
<punc>''</punc>
<punc>.</punc>
</s>
<s snum="55">
<wf cmd="ignore" pos="DT">This</wf>
<wf cmd="done" pos="VB" lemma="be" wnsn="1" lexsn="2:42:03::">is</wf>
<wf cmd="ignore" pos="TO">to</wf>
<wf cmd="done" pos="VB" lemma="surrender" wnsn="1" lexsn="2:33:00::">surrender</wf>
<wf cmd="tag" pos="RB">in_advance</wf>
<wf cmd="ignore" pos="TO">to</wf>
<wf cmd="ignore" pos="WDT">whatever</wf>
<wf cmd="tag" pos="NN">attack</wf>
<wf cmd="ignore" pos="MD">may</wf>
<wf cmd="tag" pos="RB">yet</wf>
<wf cmd="done" pos="VB" ot="notag">be</wf>
<wf cmd="done" pos="VB" lemma="mount" wnsn="4" lexsn="2:36:00::">mounted</wf>
<punc>,</punc>
<wf cmd="ignore" pos="TO">to</wf>
<wf cmd="ignore" pos="DT">the</wf>
<wf cmd="tag" pos="RB">very</wf>
<wf cmd="tag" pos="JJ">last</wf>
<punc>;</punc>
<wf cmd="ignore" pos="PRP">it</wf>
<wf cmd="done" pos="VB" lemma="be" wnsn="1" lexsn="2:42:03::">is</wf>
<wf cmd="ignore" pos="TO">to</wf>
<wf cmd="done" pos="VB" lemma="stride" wnsn="0" lexsn="2:38:04::">stride</wf>
<wf cmd="ignore" pos="IN">along</wf>
<wf cmd="ignore" pos="DT">the</wf>
<wf cmd="tag" pos="JJ">steep</wf>
<wf cmd="tag" pos="NN">slope</wf>
<wf cmd="tag" pos="JJ">downward</wf>
<punc>.</punc>
</s>
<s snum="56">
<wf cmd="ignore" pos="DT">The</wf>
<wf cmd="tag" pos="RB">only</wf>
<wf cmd="tag" pos="JJ">contrary</wf>
<wf cmd="tag" pos="NN">action</wf>
<punc>,</punc>
<wf cmd="tag" pos="RB">in_the_future</wf>
<wf cmd="ignore" pos="IN">as</wf>
<wf cmd="tag" pos="RB">in_the_past</wf>
<punc>,</punc>
<wf cmd="done" rdf="runs_a_risk" pos="VB" lemma="run_a_risk" wnsn="1" lexsn="2:41:00::">runs</wf>
<wf cmd="ignore" pos="DT">the</wf>
<wf cmd="tag" pos="NN">risk</wf>
<wf cmd="ignore" pos="IN">of</wf>
<wf cmd="tag" pos="NN">war</wf>
<punc>;</punc>
<wf cmd="ignore" pos="CC">and</wf>
<punc>,</punc>
<wf cmd="tag" pos="RB">now</wf>
<wf cmd="ignore" pos="CC">and</wf>
<wf cmd="tag" pos="RB">in_the_future</wf>
<wf cmd="ignore" pos="IN">unlike</wf>
<wf cmd="tag" pos="RB">in_the_past</wf>
<punc>,</punc>
<wf cmd="ignore" pos="DT">any</wf>
<wf cmd="tag" pos="NN">attempt</wf>
<wf cmd="ignore" pos="TO">to</wf>
<wf cmd="done" pos="VB" lemma="repel" wnsn="1" lexsn="2:35:00::">repel</wf>
<wf cmd="tag" pos="NN">injury</wf>
<wf cmd="ignore" pos="CC">and</wf>
<wf cmd="ignore" pos="TO">to</wf>
<wf cmd="done" pos="VB" lemma="preserve" wnsn="3" lexsn="2:40:01::">preserve</wf>
<wf cmd="ignore" pos="DT">any</wf>
<wf cmd="tag" pos="JJ">particular</wf>
<wf cmd="tag" pos="JJ">civilized</wf>
<wf cmd="tag" pos="NN">attainment</wf>
<wf cmd="ignore" pos="IN">of</wf>
<wf cmd="tag" pos="NN">mankind</wf>
<wf cmd="ignore" pos="CC">or</wf>
<wf cmd="ignore" pos="PRP$">its</wf>
<wf cmd="tag" pos="JJ">provisional</wf>
<wf cmd="tag" pos="NN">justice</wf>
<wf cmd="done" rdf="runs_a_risk" pos="VB" lemma="run_a_risk" wnsn="1" lexsn="2:41:00::">runs</wf>
<wf cmd="ignore" pos="DT">some</wf>
<wf cmd="tag" pos="NN">risk</wf>
<wf cmd="ignore" pos="IN">of</wf>
<wf cmd="tag" pos="JJ">nuclear</wf>
<wf cmd="tag" pos="NN">warfare</wf>
<wf cmd="ignore" pos="CC">and</wf>
<wf cmd="ignore" pos="DT">the</wf>
<wf cmd="tag" pos="NN">danger</wf>
<wf cmd="ignore" pos="IN">that</wf>
<wf cmd="ignore" pos="DT">an</wf>
<wf cmd="tag" pos="NN">effect</wf>
<wf cmd="tag" pos="RB">of_it</wf>
<wf cmd="ignore" pos="MD">will</wf>
<punc>,</punc>
<wf cmd="ignore" pos="IN">by</wf>
<wf cmd="tag" pos="NN">human_action</wf>
<punc>,</punc>
<wf cmd="done" pos="VB" lemma="render" wnsn="1" lexsn="2:30:00::">render</wf>
<wf cmd="ignore" pos="DT">this</wf>
<wf cmd="tag" pos="NN">planet</wf>
<wf cmd="tag" pos="RBR">less</wf>
<wf cmd="tag" pos="JJ">habitable</wf>
<wf cmd="ignore" pos="IN">by</wf>
<wf cmd="ignore" pos="DT">the</wf>
<wf cmd="tag" pos="NN">human_race</wf>
<punc>.</punc>
</s>
<s snum="57">
<wf cmd="tag" pos="RB">That</wf>
<wf cmd="done" pos="VB" lemma="be" wnsn="1" lexsn="2:42:03::">is</wf>
<wf cmd="ignore" pos="WRB">why</wf>
<wf cmd="ignore" pos="PRP">it</wf>
<wf cmd="done" pos="VB" lemma="be" wnsn="1" lexsn="2:42:03::">is</wf>
<wf cmd="tag" pos="RB">so_very</wf>
<wf cmd="tag" pos="JJ">important</wf>
<wf cmd="ignore" pos="IN">that</wf>
<wf cmd="tag" pos="JJ">ethical</wf>
<wf cmd="tag" pos="NN">analysis</wf>
<wf cmd="done" pos="VB" lemma="keep" wnsn="1" lexsn="2:42:00::">keep</wf>
<wf cmd="tag" pos="JJ">clear</wf>
<wf cmd="ignore" pos="DT">the</wf>
<wf cmd="tag" pos="NN">problem</wf>
<wf cmd="tag" pos="RB">of</wf>
<wf cmd="tag" pos="NN">decision</wf>
<wf cmd="tag" pos="RB">as</wf>
<wf cmd="ignore" pos="TO">to</wf>
<punc>``</punc>
<wf cmd="tag" pos="JJ">permitted</wf>
<punc>''</punc>
<wf cmd="tag" pos="NNS">effects</wf>
<punc>,</punc>
<wf cmd="ignore" pos="CC">and</wf>
<wf cmd="tag" pos="RB">not</wf>
<wf cmd="done" pos="VB" lemma="draw_back" wnsn="1" lexsn="2:38:00::">draw_back</wf>
<wf cmd="ignore" pos="IN">in</wf>
<wf cmd="tag" pos="NN">fright</wf>
<wf cmd="ignore" pos="IN">from</wf>
<wf cmd="ignore" pos="DT">any</wf>
<wf cmd="tag" pos="JJ">conceivable</wf>
<wf cmd="tag" pos="NN">contingency</wf>
<wf cmd="ignore" pos="CC">or</wf>
<wf cmd="done" pos="VB" lemma="suffer" wnsn="4" lexsn="2:31:00::">suffer</wf>
<wf cmd="tag" pos="NN">paralysis</wf>
<wf cmd="ignore" pos="IN">of</wf>
<wf cmd="tag" pos="NN">action</wf>
<wf cmd="ignore" pos="IN">before</wf>
<wf cmd="tag" pos="NNS">possibilities</wf>
<wf cmd="ignore" pos="CC">or</wf>
<wf cmd="tag" pos="NNS">probabilities</wf>
<wf cmd="tag" pos="JJ">unrelated</wf>
<punc>,</punc>
<wf cmd="ignore" pos="CC">or</wf>
<wf cmd="tag" pos="RB">not</wf>
<wf cmd="tag" pos="RB">directly</wf>
<wf cmd="tag" pos="RB">morally</wf>
<wf cmd="tag" pos="JJ">related</wf>
<punc>,</punc>
<wf cmd="ignore" pos="TO">to</wf>
<wf cmd="ignore" pos="WP">what</wf>
<wf cmd="ignore" pos="PRP">we</wf>
<wf cmd="ignore" pos="MD">can</wf>
<wf cmd="ignore" pos="CC">and</wf>
<wf cmd="ignore" pos="MD">may</wf>
<wf cmd="ignore" pos="CC">and</wf>
<wf cmd="ignore" pos="MD">must</wf>
<wf cmd="done" pos="VB" lemma="do" wnsn="2" lexsn="2:36:01::">do</wf>
<wf cmd="tag" pos="RB">as</wf>
<wf cmd="tag" pos="JJ">long</wf>
<wf cmd="ignore" pos="IN">as</wf>
<wf cmd="tag" pos="JJ">human</wf>
<wf cmd="tag" pos="NN">history</wf>
<wf cmd="done" pos="VB" lemma="endure" wnsn="3" lexsn="2:42:00::">endures</wf>
<punc>.</punc>
</s>
</p>
<p pnum="7">
<s snum="58">
<wf cmd="tag" pos="RB">Finally</wf>
<punc>,</punc>
<wf cmd="tag" pos="RB">just_as</wf>
<wf cmd="ignore" pos="DT">no</wf>
<wf cmd="tag" pos="JJ">different</wf>
<wf cmd="tag" pos="NNS">issues</wf>
<wf cmd="done" pos="VBP" ot="notag">are</wf>
<wf cmd="done" pos="VB" lemma="pose" wnsn="1" lexsn="2:42:00::">posed</wf>
<wf cmd="ignore" pos="IN">for</wf>
<wf cmd="tag" pos="JJ">thoughtful</wf>
<wf cmd="tag" pos="NN">analysis</wf>
<wf cmd="ignore" pos="IN">by</wf>
<wf cmd="ignore" pos="DT">the</wf>
<wf cmd="done" pos="VB" lemma="foreshorten" wnsn="1" lexsn="2:30:00::">foreshortening</wf>
<wf cmd="ignore" pos="IN">of</wf>
<wf cmd="tag" pos="NN">time</wf>
<wf cmd="ignore" pos="WDT">that</wf>
<wf cmd="ignore" pos="MD">may</wf>
<wf cmd="tag" pos="RB">yet</wf>
<wf cmd="done" pos="VB" lemma="pass" wnsn="4" lexsn="2:38:03::">pass</wf>
<wf cmd="ignore" pos="IN">before</wf>
<wf cmd="ignore" pos="DT">the</wf>
<wf cmd="tag" pos="NN">end</wf>
<wf cmd="ignore" pos="IN">of</wf>
<wf cmd="tag" pos="JJ">human</wf>
<wf cmd="tag" pos="NN">life</wf>
<wf cmd="ignore" pos="IN">on</wf>
<wf cmd="ignore" pos="DT">this</wf>
<wf cmd="tag" pos="NN">earth</wf>
<punc>,</punc>
<wf cmd="ignore" pos="CC">but</wf>
<wf cmd="tag" pos="RB">only</wf>
<wf cmd="tag" pos="NN">stimulation</wf>
<wf cmd="ignore" pos="CC">and</wf>
<wf cmd="tag" pos="NN">alarm</wf>
<wf cmd="ignore" pos="TO">to</wf>
<wf cmd="ignore" pos="DT">the</wf>
<wf cmd="tag" pos="NN">imagination</wf>
<punc>,</punc>
<wf cmd="ignore" pos="DT">the</wf>
<wf cmd="tag" pos="JJ">same</wf>
<wf cmd="tag" pos="NN">thing</wf>
<wf cmd="ignore" pos="MD">must</wf>
<wf cmd="done" pos="VB" ot="notag">be</wf>
<wf cmd="done" pos="VB" lemma="say" wnsn="3" lexsn="2:32:03::">said</wf>
<wf cmd="ignore" pos="IN">in</wf>
<wf cmd="tag" pos="NN">connection</wf>
<wf cmd="ignore" pos="IN">with</wf>
<wf cmd="ignore" pos="DT">the</wf>
<wf cmd="tag" pos="NN">question</wf>
<wf cmd="tag" pos="RB">of_what</wf>
<wf cmd="ignore" pos="PRP">we</wf>
<wf cmd="ignore" pos="MD">may</wf>
<wf cmd="tag" pos="RB">perhaps</wf>
<wf cmd="tag" pos="RB">already</wf>
<wf cmd="done" pos="VB" ot="notag">be</wf>
<wf cmd="done" pos="VB" lemma="do" wnsn="2" lexsn="2:36:01::">doing</wf>
<punc>,</punc>
<wf cmd="ignore" pos="IN">by</wf>
<wf cmd="tag" pos="NN">human_action</wf>
<punc>,</punc>
<wf cmd="ignore" pos="TO">to</wf>
<wf cmd="done" pos="VB" lemma="accelerate" wnsn="1" lexsn="2:30:00::">accelerate</wf>
<wf cmd="ignore" pos="DT">this</wf>
<wf cmd="tag" pos="NN">end</wf>
<punc>.</punc>
</s>
<s snum="59">
<wf cmd="ignore" pos="PRP">We</wf>
<wf cmd="ignore" pos="MD">should</wf>
<wf cmd="tag" pos="RB">not</wf>
<wf cmd="done" pos="VB" lemma="allow" wnsn="1" lexsn="2:41:00::">allow</wf>
<wf cmd="ignore" pos="DT">the</wf>
<wf cmd="tag" pos="NN">image</wf>
<wf cmd="ignore" pos="IN">of</wf>
<wf cmd="ignore" pos="DT">an</wf>
<wf cmd="tag" pos="JJ">immanent</wf>
<wf cmd="tag" pos="NN">end</wf>
<wf cmd="done" pos="VB" lemma="bring_about" wnsn="0" lexsn="2:36:00::">brought_about</wf>
<wf cmd="tag" pos="RB">indirectly</wf>
<wf cmd="ignore" pos="IN">by</wf>
<wf cmd="ignore" pos="PRP$">our</wf>
<wf cmd="tag" pos="JJ">own</wf>
<wf cmd="tag" pos="NN">action</wf>
<wf cmd="ignore" pos="IN">in</wf>
<wf cmd="ignore" pos="DT">the</wf>
<wf cmd="done" pos="VB" lemma="continue" wnsn="1" lexsn="2:42:01::">continuing</wf>
<wf cmd="tag" pos="JJ">human</wf>
<wf cmd="tag" pos="NN">struggle</wf>
<wf cmd="ignore" pos="IN">for</wf>
<wf cmd="ignore" pos="DT">a</wf>
<wf cmd="tag" pos="RB">just</wf>
<wf cmd="tag" pos="JJ">endurable</wf>
<wf cmd="tag" pos="NN">order</wf>
<wf cmd="ignore" pos="IN">of</wf>
<wf cmd="tag" pos="NN">existence</wf>
<wf cmd="ignore" pos="TO">to</wf>
<wf cmd="done" pos="VB" lemma="blind" wnsn="2" lexsn="2:39:00::">blind</wf>
<wf cmd="ignore" pos="PRP">us</wf>
<wf cmd="ignore" pos="TO">to</wf>
<wf cmd="ignore" pos="DT">the</wf>
<wf cmd="tag" pos="NN">fact</wf>
<wf cmd="ignore" pos="IN">that</wf>
<wf cmd="ignore" pos="IN">in</wf>
<wf cmd="ignore" pos="DT">some</wf>
<wf cmd="tag" pos="NN">measure</wf>
<wf cmd="done" pos="VB" lemma="accelerate" wnsn="1" lexsn="2:30:00::">accelerating</wf>
<wf cmd="ignore" pos="DT">the</wf>
<wf cmd="tag" pos="NN">end</wf>
<wf cmd="ignore" pos="IN">of</wf>
<wf cmd="ignore" pos="PRP$">our</wf>
<wf cmd="tag" pos="NN">lease</wf>
<wf cmd="ignore" pos="MD">may</wf>
<wf cmd="done" pos="VB" lemma="be" wnsn="2" lexsn="2:42:06::">be</wf>
<wf cmd="tag" pos="CD">one</wf>
<wf cmd="tag" pos="NN">consequence</wf>
<wf cmd="ignore" pos="IN">among</wf>
<wf cmd="tag" pos="NNS">others</wf>
<wf cmd="ignore" pos="IN">of</wf>
<wf cmd="tag" pos="JJ">many</wf>
<wf cmd="tag" pos="NN">other</wf>
<wf cmd="ignore" pos="IN">of</wf>
<wf cmd="tag" pos="NN">mankind</wf>
<wf cmd="ignore" pos="POS">'s</wf>
<wf cmd="tag" pos="NNS">thrusts</wf>
<wf cmd="ignore" pos="IN">toward</wf>
<wf cmd="ignore" pos="PRP">we</wf>
<wf cmd="done" pos="VB" lemma="know" wnsn="2" lexsn="2:31:03::">know</wf>
<wf cmd="tag" pos="RB">not</wf>
<wf cmd="ignore" pos="WP">what</wf>
<wf cmd="tag" pos="NN">future</wf>
<punc>.</punc>
</s>
</p>
</context>
</contextfile>
