<contextfile concordance="brown">
<context filename="br-d14" paras="yes">
<p pnum="1">
<s snum="1">
<wf cmd="tag" pos="RB">To_what_extent</wf>
<wf cmd="ignore" pos="CC">and</wf>
<wf cmd="tag" pos="RB">in_what</wf>
<wf cmd="tag" pos="NNS">ways</wf>
<wf cmd="done" pos="VBD" ot="notag">did</wf>
<wf cmd="tag" pos="NNP">Christianity</wf>
<wf cmd="done" pos="VB" lemma="affect" wnsn="1" lexsn="2:30:00::">affect</wf>
<wf cmd="ignore" pos="DT">the</wf>
<wf cmd="tag" pos="NN">United_States_of_America</wf>
<wf cmd="ignore" pos="IN">in</wf>
<wf cmd="ignore" pos="DT">the</wf>
<wf cmd="tag" pos="JJ">nineteenth</wf>
<wf cmd="tag" pos="NN">century</wf>
<punc>?</punc>
</s>
<s snum="2">
<wf cmd="ignore" pos="WRB">How</wf>
<wf cmd="tag" pos="RB">far</wf>
<wf cmd="ignore" pos="CC">and</wf>
<wf cmd="tag" pos="RB">in_what</wf>
<wf cmd="tag" pos="NN">fashion</wf>
<wf cmd="done" pos="VB" ot="notag">did_it</wf>
<wf cmd="done" pos="VB" lemma="modify" wnsn="1" lexsn="2:30:00::">modify</wf>
<wf cmd="ignore" pos="DT">the</wf>
<wf cmd="tag" pos="JJ">new</wf>
<wf cmd="tag" pos="NN">nation</wf>
<wf cmd="ignore" pos="WDT">which</wf>
<wf cmd="done" pos="VBD" ot="notag">was</wf>
<wf cmd="done" pos="VB" lemma="emerge" wnsn="1" lexsn="2:30:00::">emerging</wf>
<wf cmd="tag" pos="RB">in_the_midst</wf>
<wf cmd="ignore" pos="IN">of</wf>
<wf cmd="ignore" pos="DT">the</wf>
<wf cmd="tag" pos="NNS">forces</wf>
<wf cmd="done" pos="VB" lemma="shape" wnsn="1" lexsn="2:31:00::">shaping</wf>
<wf cmd="ignore" pos="DT">the</wf>
<wf cmd="tag" pos="JJ">revolutionary</wf>
<wf cmd="tag" pos="NN">age</wf>
<punc>?</punc>
</s>
<s snum="3">
<wf cmd="tag" pos="RB">To_what_extent</wf>
<wf cmd="done" pos="VB" ot="notag">did_it</wf>
<wf cmd="done" pos="VB" lemma="mould" wnsn="1" lexsn="2:36:02::">mould</wf>
<wf cmd="ignore" pos="DT">the</wf>
<wf cmd="tag" pos="NNS">morals</wf>
<wf cmd="ignore" pos="CC">and</wf>
<wf cmd="ignore" pos="DT">the</wf>
<wf cmd="tag" pos="JJ">social</wf>
<punc>,</punc>
<wf cmd="tag" pos="JJ">economic</wf>
<punc>,</punc>
<wf cmd="ignore" pos="CC">and</wf>
<wf cmd="tag" pos="JJ">political</wf>
<wf cmd="tag" pos="NN">life</wf>
<wf cmd="ignore" pos="CC">and</wf>
<wf cmd="tag" pos="NNS">institutions</wf>
<wf cmd="ignore" pos="IN">of</wf>
<wf cmd="ignore" pos="DT">the</wf>
<wf cmd="tag" pos="NN">country</wf>
<punc>?</punc>
</s>
</p>
<p pnum="2">
<s snum="4">
<wf cmd="ignore" pos="DT">A</wf>
<wf cmd="tag" pos="JJ">complete</wf>
<wf cmd="tag" pos="NN">picture</wf>
<wf cmd="done" pos="VB" lemma="be" wnsn="1" lexsn="2:42:03::">is</wf>
<wf cmd="tag" pos="JJ">impossible</wf>
<punc>-</punc>
<wf cmd="tag" pos="RB">partly</wf>
<wf cmd="ignore" pos="IN">because</wf>
<wf cmd="ignore" pos="IN">of</wf>
<wf cmd="ignore" pos="DT">the</wf>
<wf cmd="tag" pos="NNS">limitations</wf>
<wf cmd="ignore" pos="IN">of</wf>
<wf cmd="tag" pos="NN">space</wf>
<punc>,</punc>
<wf cmd="tag" pos="RB">partly</wf>
<wf cmd="ignore" pos="IN">because</wf>
<wf cmd="ignore" pos="IN">for</wf>
<wf cmd="tag" pos="NNS">millions</wf>
<wf cmd="ignore" pos="IN">of</wf>
<wf cmd="tag" pos="NNS">individuals</wf>
<wf cmd="ignore" pos="WP">who</wf>
<wf cmd="done" pos="VB" lemma="profess" wnsn="2" lexsn="2:32:03::">professed</wf>
<wf cmd="tag" pos="NN">allegiance</wf>
<wf cmd="ignore" pos="TO">to</wf>
<wf cmd="ignore" pos="DT">the</wf>
<wf cmd="tag" pos="NNP">Christian</wf>
<wf cmd="tag" pos="NN">faith</wf>
<wf cmd="tag" pos="NNS">data</wf>
<wf cmd="done" pos="VB" lemma="be" wnsn="1" lexsn="2:42:03::">are</wf>
<wf cmd="tag" pos="JJ">unobtainable</wf>
<punc>.</punc>
</s>
<s snum="5">
<wf cmd="tag" pos="RB">Even</wf>
<wf cmd="tag" pos="JJR">more</wf>
<wf cmd="ignore" pos="IN">of</wf>
<wf cmd="ignore" pos="DT">an</wf>
<wf cmd="tag" pos="NN">obstacle</wf>
<wf cmd="done" pos="VB" lemma="be" wnsn="2" lexsn="2:42:06::">is</wf>
<wf cmd="ignore" pos="DT">the</wf>
<wf cmd="tag" pos="NN">difficulty</wf>
<wf cmd="ignore" pos="IN">of</wf>
<wf cmd="done" pos="VB" lemma="separate" wnsn="3" lexsn="2:31:01::">separating</wf>
<wf cmd="ignore" pos="DT">the</wf>
<wf cmd="tag" pos="NN">influence</wf>
<wf cmd="ignore" pos="IN">of</wf>
<wf cmd="tag" pos="NNP">Christianity</wf>
<wf cmd="ignore" pos="IN">from</wf>
<wf cmd="tag" pos="JJ">other</wf>
<wf cmd="tag" pos="NNS">factors</wf>
<punc>.</punc>
</s>
</p>
<p pnum="3">
<s snum="6">
<wf cmd="ignore" pos="IN">Although</wf>
<wf cmd="ignore" pos="DT">a</wf>
<wf cmd="tag" pos="JJ">complete</wf>
<wf cmd="tag" pos="NN">picture</wf>
<wf cmd="ignore" pos="MD">cannot</wf>
<wf cmd="done" pos="VB" ot="notag">be</wf>
<wf cmd="done" pos="VB" lemma="give" wnsn="11" lexsn="2:36:00::">given</wf>
<punc>,</punc>
<wf cmd="ignore" pos="PRP">we</wf>
<wf cmd="ignore" pos="MD">can</wf>
<wf cmd="done" pos="VB" lemma="indicate" wnsn="3" lexsn="2:32:00::">indicate</wf>
<wf cmd="ignore" pos="DT">some</wf>
<wf cmd="tag" pos="NNS">aspects</wf>
<wf cmd="ignore" pos="IN">of</wf>
<wf cmd="tag" pos="NN">life</wf>
<wf cmd="ignore" pos="IN">into</wf>
<wf cmd="ignore" pos="WDT">which</wf>
<wf cmd="ignore" pos="DT">the</wf>
<wf cmd="tag" pos="NNP">Christian</wf>
<wf cmd="tag" pos="NN">faith</wf>
<wf cmd="done" pos="VB" lemma="enter" wnsn="4" lexsn="2:42:00::">entered</wf>
<wf cmd="ignore" pos="IN">as</wf>
<wf cmd="tag" pos="RB">at_least</wf>
<wf cmd="tag" pos="CD">one</wf>
<wf cmd="tag" pos="JJ">creative</wf>
<wf cmd="tag" pos="NN">factor</wf>
<punc>.</punc>
</s>
<s snum="7">
<wf cmd="tag" pos="RB">At_times</wf>
<wf cmd="ignore" pos="PRP">we</wf>
<wf cmd="ignore" pos="MD">can</wf>
<wf cmd="done" pos="VB" lemma="say" wnsn="1" lexsn="2:32:00::">say</wf>
<wf cmd="ignore" pos="IN">that</wf>
<wf cmd="ignore" pos="PRP">it</wf>
<wf cmd="done" pos="VB" lemma="be" wnsn="1" lexsn="2:42:03::">was</wf>
<wf cmd="ignore" pos="DT">the</wf>
<wf cmd="tag" pos="JJ">major</wf>
<wf cmd="tag" pos="NN">factor</wf>
<punc>.</punc>
</s>
</p>
<p pnum="4">
<s snum="8">
<wf cmd="ignore" pos="WP">What</wf>
<wf cmd="ignore" pos="IN">in</wf>
<wf cmd="ignore" pos="DT">some</wf>
<wf cmd="tag" pos="NNS">ways</wf>
<wf cmd="done" pos="VB" lemma="be" wnsn="1" lexsn="2:42:03::">was</wf>
<wf cmd="tag" pos="RB">the_most</wf>
<wf cmd="tag" pos="JJ">important</wf>
<wf cmd="tag" pos="NN">aspect</wf>
<wf cmd="done" pos="VB" lemma="be" wnsn="2" lexsn="2:42:06::">was</wf>
<wf cmd="ignore" pos="DT">the</wf>
<wf cmd="tag" pos="NN">impact</wf>
<wf cmd="tag" pos="RB">individually</wf>
<wf cmd="ignore" pos="IN">on</wf>
<wf cmd="ignore" pos="DT">the</wf>
<wf cmd="tag" pos="NNS">millions</wf>
<wf cmd="ignore" pos="WP">who</wf>
<wf cmd="done" pos="VB" lemma="constitute" wnsn="1" lexsn="2:42:00::">constituted</wf>
<wf cmd="ignore" pos="DT">the</wf>
<wf cmd="tag" pos="NN">nation</wf>
<punc>.</punc>
</s>
<s snum="9">
<wf cmd="ignore" pos="IN">As</wf>
<wf cmd="ignore" pos="PRP">we</wf>
<wf cmd="done" pos="VBP" ot="notag">have</wf>
<wf cmd="done" pos="VB" lemma="see" wnsn="3" lexsn="2:39:02::">seen</wf>
<punc>,</punc>
<wf cmd="ignore" pos="DT">a</wf>
<wf cmd="tag" pos="JJ">growing</wf>
<wf cmd="tag" pos="NN">proportion</wf>
<punc>,</punc>
<wf cmd="ignore" pos="IN">although</wf>
<wf cmd="ignore" pos="IN">in</wf>
<wf cmd="tag" pos="CD">1914</wf>
<wf cmd="tag" pos="RB">still</wf>
<wf cmd="ignore" pos="DT">a</wf>
<wf cmd="tag" pos="NN">minority</wf>
<punc>,</punc>
<wf cmd="done" pos="VB" lemma="be" wnsn="2" lexsn="2:42:06::">were</wf>
<wf cmd="tag" pos="NNS">members</wf>
<wf cmd="ignore" pos="IN">of</wf>
<wf cmd="tag" pos="NNS">churches</wf>
<punc>.</punc>
</s>
<s snum="10">
<wf cmd="tag" pos="RB">Presumably</wf>
<wf cmd="ignore" pos="DT">those</wf>
<wf cmd="ignore" pos="WP">who</wf>
<wf cmd="done" pos="VBD" ot="notag">did</wf>
<wf cmd="tag" pos="RB">not</wf>
<wf cmd="done" pos="VB" lemma="have" wnsn="1" lexsn="2:40:00::">have</wf>
<wf cmd="ignore" pos="DT">a</wf>
<wf cmd="tag" pos="JJ">formal</wf>
<wf cmd="tag" pos="NN">church</wf>
<wf cmd="tag" pos="NN">connexion</wf>
<wf cmd="done" pos="VBD" ot="notag">had</wf>
<wf cmd="tag" pos="RB">also</wf>
<wf cmd="done" pos="VB" lemma="feel" wnsn="6" lexsn="2:39:01::">felt</wf>
<wf cmd="ignore" pos="DT">the</wf>
<wf cmd="tag" pos="NN">influence</wf>
<wf cmd="ignore" pos="IN">of</wf>
<wf cmd="tag" pos="NNP">Christianity</wf>
<wf cmd="ignore" pos="TO">to</wf>
<wf cmd="ignore" pos="DT">a</wf>
<wf cmd="tag" pos="JJR">greater</wf>
<wf cmd="ignore" pos="CC">or</wf>
<wf cmd="tag" pos="JJR">less</wf>
<wf cmd="tag" pos="NN">extent</wf>
<punc>.</punc>
</s>
<s snum="11">
<wf cmd="tag" pos="JJ">Many_of</wf>
<wf cmd="ignore" pos="PRP">them</wf>
<wf cmd="done" pos="VBD" ot="notag">had</wf>
<wf cmd="tag" pos="RB">once</wf>
<wf cmd="done" pos="VB" lemma="be" wnsn="2" lexsn="2:42:06::">been</wf>
<wf cmd="tag" pos="NNS">members</wf>
<wf cmd="ignore" pos="IN">of</wf>
<wf cmd="ignore" pos="DT">a</wf>
<wf cmd="tag" pos="NN">church</wf>
<wf cmd="ignore" pos="CC">or</wf>
<wf cmd="tag" pos="RB">at_least</wf>
<wf cmd="done" pos="VBD" ot="metaphor">had</wf>
<wf cmd="done" pos="VBN" ot="notag">been</wf>
<wf cmd="done" pos="VB" lemma="give" wnsn="12" lexsn="2:40:09::">given</wf>
<wf cmd="tag" pos="NN">instruction</wf>
<wf cmd="ignore" pos="IN">in</wf>
<wf cmd="tag" pos="NNP">Christianity</wf>
<wf cmd="ignore" pos="CC">but</wf>
<wf cmd="ignore" pos="IN">for</wf>
<wf cmd="tag" pos="CD">one</wf>
<wf cmd="ignore" pos="CC">or</wf>
<wf cmd="ignore" pos="DT">another</wf>
<wf cmd="tag" pos="NN">reason</wf>
<wf cmd="done" pos="VBD" ot="notag">had</wf>
<wf cmd="done" pos="VB" lemma="allow" wnsn="2" lexsn="2:32:00::">allowed</wf>
<wf cmd="ignore" pos="DT">the</wf>
<wf cmd="tag" pos="NN">connexion</wf>
<wf cmd="ignore" pos="TO">to</wf>
<wf cmd="done" pos="VB" lemma="lapse" wnsn="2" lexsn="2:30:01::">lapse</wf>
<punc>.</punc>
</s>
<s snum="12">
<wf cmd="ignore" pos="DT">The</wf>
<wf cmd="tag" pos="NN">form</wf>
<wf cmd="ignore" pos="IN">of</wf>
<wf cmd="tag" pos="NNP">Christianity</wf>
<wf cmd="tag" pos="RB">to_which</wf>
<wf cmd="ignore" pos="PRP">they</wf>
<wf cmd="done" pos="VB" ot="notag">were</wf>
<wf cmd="done" pos="VB" lemma="expose" wnsn="1" lexsn="2:39:02::">exposed</wf>
<wf cmd="done" pos="VB" lemma="be" wnsn="2" lexsn="2:42:06::">was</wf>
<wf cmd="ignore" pos="IN">for</wf>
<wf cmd="ignore" pos="DT">some</wf>
<wf cmd="ignore" pos="DT">the</wf>
<wf cmd="tag" pos="NNP">Protestantism</wf>
<wf cmd="ignore" pos="IN">of</wf>
<wf cmd="ignore" pos="DT">the</wf>
<wf cmd="tag" pos="JJR">older</wf>
<wf cmd="tag" pos="NN">stock</wf>
<punc>,</punc>
<wf cmd="ignore" pos="IN">for</wf>
<wf cmd="tag" pos="NNS">others</wf>
<wf cmd="ignore" pos="DT">the</wf>
<wf cmd="tag" pos="NNP">Protestantism</wf>
<wf cmd="ignore" pos="IN">of</wf>
<wf cmd="ignore" pos="DT">the</wf>
<wf cmd="tag" pos="JJ">nineteenth-century</wf>
<wf cmd="tag" pos="NN">immigration</wf>
<punc>;</punc>
<wf cmd="ignore" pos="IN">for</wf>
<wf cmd="tag" pos="RB">still</wf>
<wf cmd="tag" pos="NNS">others</wf>
<punc>,</punc>
<wf cmd="tag" pos="RB">mostly</wf>
<wf cmd="ignore" pos="IN">of</wf>
<wf cmd="ignore" pos="DT">the</wf>
<wf cmd="tag" pos="JJ">nineteenth-century</wf>
<wf cmd="tag" pos="NN">immigration</wf>
<punc>,</punc>
<wf cmd="ignore" pos="PRP">it</wf>
<wf cmd="done" pos="VB" lemma="be" wnsn="2" lexsn="2:42:06::">was</wf>
<wf cmd="tag" pos="NN">Roman_Catholicism</wf>
<punc>,</punc>
<wf cmd="ignore" pos="CC">and</wf>
<wf cmd="ignore" pos="IN">for</wf>
<wf cmd="ignore" pos="DT">a</wf>
<wf cmd="tag" pos="JJ">small</wf>
<wf cmd="tag" pos="NN">minority</wf>
<wf cmd="ignore" pos="PRP">it</wf>
<wf cmd="done" pos="VB" lemma="be" wnsn="2" lexsn="2:42:06::">was</wf>
<wf cmd="tag" pos="NNP">Eastern_Orthodoxy</wf>
<punc>.</punc>
</s>
<s snum="13">
<wf cmd="ignore" pos="IN">Upon</wf>
<wf cmd="tag" pos="JJ">all_of</wf>
<wf cmd="ignore" pos="PRP">them</wf>
<wf cmd="done" pos="VB" lemma="play" wnsn="9" lexsn="2:38:00::">played</wf>
<wf cmd="ignore" pos="DT">the</wf>
<wf cmd="tag" pos="JJ">intellectual</wf>
<punc>,</punc>
<wf cmd="tag" pos="JJ">social</wf>
<punc>,</punc>
<wf cmd="tag" pos="JJ">political</wf>
<punc>,</punc>
<wf cmd="ignore" pos="CC">and</wf>
<wf cmd="tag" pos="JJ">economic</wf>
<wf cmd="tag" pos="NNS">attitudes</wf>
<punc>,</punc>
<wf cmd="tag" pos="NNS">institutions</wf>
<punc>,</punc>
<wf cmd="ignore" pos="CC">and</wf>
<wf cmd="tag" pos="NNS">customs</wf>
<wf cmd="ignore" pos="IN">of</wf>
<wf cmd="ignore" pos="DT">the</wf>
<wf cmd="tag" pos="NN">nation</wf>
<punc>.</punc>
</s>
<s snum="14">
<wf cmd="ignore" pos="IN">Upon</wf>
<wf cmd="tag" pos="JJ">most_of</wf>
<wf cmd="ignore" pos="DT">these</wf>
<wf cmd="tag" pos="NNP">Christianity</wf>
<wf cmd="done" pos="VB" ot="notag">had</wf>
<wf cmd="done" pos="VB" lemma="leave" wnsn="2" lexsn="2:31:05::">left</wf>
<wf cmd="ignore" pos="DT">an</wf>
<wf cmd="tag" pos="NN">impress</wf>
<wf cmd="ignore" pos="CC">and</wf>
<wf cmd="ignore" pos="IN">through</wf>
<wf cmd="ignore" pos="PRP">them</wf>
<wf cmd="done" pos="VBD" ot="notag">had</wf>
<wf cmd="done" pos="VBN" ot="notag">had</wf>
<wf cmd="ignore" pos="DT">a</wf>
<wf cmd="tag" pos="NN">share</wf>
<wf cmd="done" pos="VB" ot="notag">in</wf>
<wf cmd="done" pos="VB" lemma="make" wnsn="2" lexsn="2:30:00::">making</wf>
<wf cmd="ignore" pos="DT">the</wf>
<wf cmd="tag" pos="JJ">individual</wf>
<wf cmd="ignore" pos="WP">what</wf>
<wf cmd="ignore" pos="PRP">he</wf>
<wf cmd="done" pos="VB" lemma="be" wnsn="2" lexsn="2:42:06::">was</wf>
<punc>.</punc>
</s>
<s snum="15">
<wf cmd="tag" pos="RB">Yet</wf>
<wf cmd="ignore" pos="TO">to</wf>
<wf cmd="done" pos="VB" lemma="determine" wnsn="1" lexsn="2:32:00::">determine</wf>
<wf cmd="tag" pos="RB">precisely</wf>
<wf cmd="tag" pos="RB">to_what_extent</wf>
<wf cmd="ignore" pos="CC">and</wf>
<wf cmd="tag" pos="RB">exactly</wf>
<wf cmd="tag" pos="RB">in_what</wf>
<wf cmd="tag" pos="NNS">ways</wf>
<wf cmd="ignore" pos="DT">any</wf>
<wf cmd="tag" pos="JJ">individual</wf>
<wf cmd="done" pos="VB" lemma="show" wnsn="4" lexsn="2:39:00::">showed</wf>
<wf cmd="ignore" pos="DT">the</wf>
<wf cmd="tag" pos="NNS">effects</wf>
<wf cmd="ignore" pos="IN">of</wf>
<wf cmd="tag" pos="NNP">Christianity</wf>
<wf cmd="ignore" pos="MD">would</wf>
<wf cmd="done" pos="VB" lemma="be" wnsn="1" lexsn="2:42:03::">be</wf>
<wf cmd="tag" pos="JJ">impossible</wf>
<punc>.</punc>
</s>
<s snum="16">
<wf cmd="tag" pos="RB">At_best</wf>
<wf cmd="tag" pos="RB">only</wf>
<wf cmd="ignore" pos="DT">an</wf>
<wf cmd="tag" pos="NN">approximation</wf>
<wf cmd="ignore" pos="MD">could</wf>
<wf cmd="done" pos="VB" ot="notag">be</wf>
<wf cmd="done" pos="VB" lemma="arrive_at" wnsn="1" lexsn="2:38:00::">arrived_at</wf>
<punc>.</punc>
</s>
<s snum="17">
<wf cmd="ignore" pos="TO">To</wf>
<wf cmd="done" pos="VB" lemma="generalize" wnsn="1" lexsn="2:32:01::">generalize</wf>
<wf cmd="ignore" pos="IN">for</wf>
<wf cmd="ignore" pos="DT">the</wf>
<wf cmd="tag" pos="JJ">entire</wf>
<wf cmd="tag" pos="NN">nation</wf>
<wf cmd="ignore" pos="MD">would</wf>
<wf cmd="done" pos="VB" lemma="be" wnsn="1" lexsn="2:42:03::">be</wf>
<wf cmd="tag" pos="JJ">absurd</wf>
<punc>.</punc>
</s>
<s snum="18">
<wf cmd="tag" pos="RB">For_instance</wf>
<punc>,</punc>
<wf cmd="ignore" pos="PRP">we</wf>
<wf cmd="ignore" pos="MD">cannot</wf>
<wf cmd="done" pos="VB" lemma="know" wnsn="3" lexsn="2:31:02::">know</wf>
<wf cmd="ignore" pos="IN">whether</wf>
<wf cmd="tag" pos="RB">even</wf>
<wf cmd="ignore" pos="IN">for</wf>
<wf cmd="tag" pos="NN">church_members</wf>
<wf cmd="ignore" pos="DT">the</wf>
<wf cmd="tag" pos="NN">degree</wf>
<wf cmd="ignore" pos="IN">of</wf>
<wf cmd="tag" pos="NN">conformity</wf>
<wf cmd="ignore" pos="TO">to</wf>
<wf cmd="tag" pos="NNP">Christian</wf>
<wf cmd="tag" pos="NNS">standards</wf>
<wf cmd="ignore" pos="IN">of</wf>
<wf cmd="tag" pos="NN">morality</wf>
<wf cmd="done" pos="VB" lemma="increase" wnsn="2" lexsn="2:30:02::">increased</wf>
<wf cmd="ignore" pos="CC">or</wf>
<wf cmd="done" pos="VB" lemma="decline" wnsn="1" lexsn="2:30:01::">declined</wf>
<wf cmd="ignore" pos="IN">as</wf>
<wf cmd="ignore" pos="DT">the</wf>
<wf cmd="tag" pos="NN">proportion</wf>
<wf cmd="ignore" pos="IN">of</wf>
<wf cmd="tag" pos="NN">church_members</wf>
<wf cmd="ignore" pos="IN">in</wf>
<wf cmd="ignore" pos="DT">the</wf>
<wf cmd="tag" pos="NN">population</wf>
<wf cmd="done" pos="VB" lemma="rise" wnsn="8" lexsn="2:30:03::">rose</wf>
<punc>.</punc>
</s>
<s snum="19">
<wf cmd="ignore" pos="DT">The</wf>
<wf cmd="tag" pos="NN">temptation</wf>
<wf cmd="done" pos="VB" lemma="be" wnsn="2" lexsn="2:42:06::">is</wf>
<wf cmd="ignore" pos="TO">to</wf>
<wf cmd="done" pos="VB" lemma="say" wnsn="2" lexsn="2:32:01::">say</wf>
<wf cmd="tag" pos="RB">that</wf>
<punc>,</punc>
<wf cmd="ignore" pos="IN">as</wf>
<wf cmd="ignore" pos="DT">the</wf>
<wf cmd="tag" pos="NN">percentage</wf>
<wf cmd="ignore" pos="IN">of</wf>
<wf cmd="tag" pos="NN">church_members</wf>
<wf cmd="done" pos="VB" lemma="mount" wnsn="2" lexsn="2:30:00::">mounted</wf>
<punc>,</punc>
<wf cmd="ignore" pos="DT">the</wf>
<wf cmd="tag" pos="NN">degree</wf>
<wf cmd="ignore" pos="IN">of</wf>
<wf cmd="tag" pos="NN">discipline</wf>
<wf cmd="done" pos="VB" lemma="exercise" wnsn="2" lexsn="2:41:00::">exercised</wf>
<wf cmd="ignore" pos="IN">by</wf>
<wf cmd="ignore" pos="DT">the</wf>
<wf cmd="tag" pos="NNS">churches</wf>
<wf cmd="done" pos="VB" lemma="lessen" wnsn="1" lexsn="2:30:00::">lessened</wf>
<wf cmd="ignore" pos="CC">and</wf>
<wf cmd="ignore" pos="DT">the</wf>
<wf cmd="tag" pos="NN">trend</wf>
<wf cmd="done" pos="VB" lemma="be" wnsn="3" lexsn="2:42:05::">was</wf>
<wf cmd="ignore" pos="IN">towards</wf>
<wf cmd="tag" pos="NN">conformity</wf>
<wf cmd="ignore" pos="TO">to</wf>
<wf cmd="ignore" pos="DT">the</wf>
<wf cmd="tag" pos="JJ">general</wf>
<wf cmd="tag" pos="NN">level</wf>
<punc>.</punc>
</s>
<s snum="20">
<wf cmd="tag" pos="RB">Yet</wf>
<wf cmd="ignore" pos="DT">this</wf>
<wf cmd="ignore" pos="MD">cannot</wf>
<wf cmd="done" pos="VB" ot="notag">be</wf>
<wf cmd="done" pos="VB" lemma="prove" wnsn="2" lexsn="2:31:00::">proved</wf>
<punc>.</punc>
</s>
<s snum="21">
<wf cmd="ignore" pos="PRP">We</wf>
<wf cmd="done" pos="VB" lemma="know" wnsn="1" lexsn="2:31:01::">know</wf>
<wf cmd="ignore" pos="IN">that</wf>
<wf cmd="ignore" pos="IN">in</wf>
<wf cmd="ignore" pos="DT">the</wf>
<wf cmd="tag" pos="JJ">early</wf>
<wf cmd="tag" pos="NN">part</wf>
<wf cmd="ignore" pos="IN">of</wf>
<wf cmd="ignore" pos="DT">the</wf>
<wf cmd="tag" pos="NN">century</wf>
<wf cmd="tag" pos="JJ">many</wf>
<wf cmd="tag" pos="NNP">Protestant</wf>
<wf cmd="tag" pos="NNS">congregations</wf>
<wf cmd="done" pos="VB" lemma="take" wnsn="1" lexsn="2:41:04::">took</wf>
<wf cmd="tag" pos="JJ">positive</wf>
<wf cmd="tag" pos="NN">action</wf>
<wf cmd="ignore" pos="IN">against</wf>
<wf cmd="tag" pos="NNS">members</wf>
<wf cmd="ignore" pos="WP">who</wf>
<wf cmd="done" pos="VB" lemma="transgress" wnsn="1" lexsn="2:41:00::">transgressed</wf>
<wf cmd="ignore" pos="DT">the</wf>
<wf cmd="tag" pos="NN">ethical_codes</wf>
<wf cmd="tag" pos="RB">to_which</wf>
<wf cmd="ignore" pos="DT">the</wf>
<wf cmd="tag" pos="NN">majority</wf>
<wf cmd="done" pos="VB" lemma="subscribe" wnsn="3" lexsn="2:32:03::">subscribed</wf>
<punc>.</punc>
</s>
<s snum="22">
<wf cmd="tag" pos="RB">Thus</wf>
<wf cmd="tag" pos="NNP">Baptist</wf>
<wf cmd="tag" pos="NNS">churches</wf>
<wf cmd="ignore" pos="IN">on</wf>
<wf cmd="ignore" pos="DT">the</wf>
<wf cmd="tag" pos="NN">frontier</wf>
<wf cmd="done" pos="VBD" ot="notag">took</wf>
<wf cmd="tag" pos="NN">cognizance</wf>
<wf cmd="ignore" pos="IN">of</wf>
<wf cmd="tag" pos="NNS">charges</wf>
<wf cmd="ignore" pos="IN">against</wf>
<wf cmd="ignore" pos="PRP$">their</wf>
<wf cmd="tag" pos="NNS">members</wf>
<wf cmd="ignore" pos="IN">of</wf>
<wf cmd="tag" pos="NN">drunkenness</wf>
<punc>,</punc>
<wf cmd="tag" pos="NN">fighting</wf>
<punc>,</punc>
<wf cmd="tag" pos="NN">malicious_gossip</wf>
<punc>,</punc>
<wf cmd="tag" pos="NN">lying</wf>
<punc>,</punc>
<wf cmd="tag" pos="NN">cheating</wf>
<punc>,</punc>
<wf cmd="tag" pos="JJ">sexual</wf>
<wf cmd="tag" pos="NNS">irregularities</wf>
<punc>,</punc>
<wf cmd="tag" pos="NN">gambling</wf>
<punc>,</punc>
<wf cmd="tag" pos="NN">horse_racing</wf>
<punc>,</punc>
<wf cmd="ignore" pos="CC">and</wf>
<wf cmd="tag" pos="NN">failure</wf>
<wf cmd="ignore" pos="TO">to</wf>
<wf cmd="done" pos="VB" lemma="pay" wnsn="3" lexsn="2:40:04::">pay</wf>
<wf cmd="tag" pos="RB">just</wf>
<wf cmd="tag" pos="NNS">debts</wf>
<punc>.</punc>
</s>
<s snum="23">
<wf cmd="ignore" pos="IN">If</wf>
<wf cmd="tag" pos="JJ">guilty</wf>
<punc>,</punc>
<wf cmd="ignore" pos="DT">the</wf>
<wf cmd="tag" pos="NN">offender</wf>
<wf cmd="ignore" pos="MD">might</wf>
<wf cmd="done" pos="VB" ot="notag">be</wf>
<wf cmd="done" pos="VB" lemma="exclude" wnsn="4" lexsn="2:32:01::">excluded</wf>
<wf cmd="ignore" pos="IN">from</wf>
<wf cmd="tag" pos="NN">membership</wf>
<punc>.</punc>
</s>
<s snum="24">
<wf cmd="ignore" pos="IN">As</wf>
<wf cmd="tag" pos="NN">church</wf>
<wf cmd="tag" pos="NN">membership</wf>
<wf cmd="done" pos="VB" lemma="burgeon" wnsn="1" lexsn="2:30:01::">burgeoned</wf>
<punc>,</punc>
<wf cmd="tag" pos="JJ">such</wf>
<wf cmd="tag" pos="NNS">measures</wf>
<wf cmd="done" pos="VB" lemma="fade" wnsn="1" lexsn="2:30:02::">faded</wf>
<wf cmd="ignore" pos="IN">into</wf>
<wf cmd="tag" pos="NN">desuetude</wf>
<punc>.</punc>
</s>
<s snum="25">
<wf cmd="ignore" pos="CC">But</wf>
<wf cmd="ignore" pos="IN">whether</wf>
<wf cmd="ignore" pos="DT">this</wf>
<wf cmd="done" pos="VB" ot="notag">was</wf>
<wf cmd="done" pos="VB" lemma="accompany" wnsn="1" lexsn="2:42:00::">accompanied</wf>
<wf cmd="done" pos="VB" ot="notag">by</wf>
<wf cmd="ignore" pos="DT">a</wf>
<wf cmd="tag" pos="JJ">general</wf>
<wf cmd="tag" pos="NN">lowering</wf>
<wf cmd="ignore" pos="IN">of</wf>
<wf cmd="ignore" pos="DT">the</wf>
<wf cmd="tag" pos="JJ">moral</wf>
<wf cmd="tag" pos="NN">life</wf>
<wf cmd="ignore" pos="IN">of</wf>
<wf cmd="ignore" pos="DT">the</wf>
<wf cmd="tag" pos="NN">membership</wf>
<wf cmd="ignore" pos="PRP">we</wf>
<wf cmd="done" pos="VBP" ot="notag">do</wf>
<wf cmd="tag" pos="RB">not</wf>
<wf cmd="done" pos="VB" lemma="know" wnsn="1" lexsn="2:31:01::">know</wf>
<punc>.</punc>
</s>
</p>
<p pnum="5">
<s snum="26">
<wf cmd="ignore" pos="WP">What</wf>
<wf cmd="ignore" pos="PRP">we</wf>
<wf cmd="ignore" pos="MD">can</wf>
<wf cmd="done" pos="VB" lemma="attempt" wnsn="1" lexsn="2:41:00::">attempt</wf>
<wf cmd="ignore" pos="IN">with</wf>
<wf cmd="ignore" pos="DT">some</wf>
<wf cmd="tag" pos="NN">hope</wf>
<wf cmd="ignore" pos="IN">of</wf>
<wf cmd="tag" pos="JJ">dependable</wf>
<wf cmd="tag" pos="NNS">conclusions</wf>
<wf cmd="done" pos="VBZ" ot="notag">is</wf>
<wf cmd="ignore" pos="TO">to</wf>
<wf cmd="done" pos="VB" lemma="point_out" wnsn="2" lexsn="2:32:03::">point_out</wf>
<wf cmd="ignore" pos="DT">the</wf>
<wf cmd="tag" pos="NN">manner</wf>
<wf cmd="tag" pos="RB">in_which</wf>
<wf cmd="tag" pos="NNP">Christianity</wf>
<wf cmd="done" pos="VB" lemma="enter" wnsn="4" lexsn="2:42:00::">entered</wf>
<wf cmd="ignore" pos="IN">into</wf>
<wf cmd="tag" pos="JJ">particular</wf>
<wf cmd="tag" pos="NNS">aspects</wf>
<wf cmd="ignore" pos="IN">of</wf>
<wf cmd="ignore" pos="DT">the</wf>
<wf cmd="tag" pos="NN">life</wf>
<wf cmd="ignore" pos="IN">of</wf>
<wf cmd="ignore" pos="DT">the</wf>
<wf cmd="tag" pos="NN">nation</wf>
<punc>.</punc>
</s>
<s snum="27">
<wf cmd="ignore" pos="PRP">We</wf>
<wf cmd="done" pos="VBP" ot="notag">have</wf>
<wf cmd="tag" pos="RB">already</wf>
<wf cmd="done" pos="VB" lemma="hint" wnsn="1" lexsn="2:32:00::">hinted</wf>
<wf cmd="ignore" pos="IN">at</wf>
<wf cmd="ignore" pos="DT">the</wf>
<wf cmd="tag" pos="NN">fashion</wf>
<wf cmd="tag" pos="RB">in_which</wf>
<wf cmd="tag" pos="NNP">Christianity</wf>
<wf cmd="done" pos="VB" lemma="contribute" wnsn="1" lexsn="2:40:01::">contributed</wf>
<wf cmd="done" pos="VB" ot="notag">to</wf>
<wf cmd="tag" pos="NN">education</wf>
<wf cmd="ignore" pos="CC">and</wf>
<wf cmd="tag" pos="RB">so</wf>
<wf cmd="ignore" pos="TO">to</wf>
<wf cmd="tag" pos="JJ">intellectual</wf>
<wf cmd="tag" pos="NN">life</wf>
<punc>.</punc>
</s>
<s snum="28">
<wf cmd="ignore" pos="PRP">We</wf>
<wf cmd="ignore" pos="MD">will</wf>
<wf cmd="tag" pos="RB">now</wf>
<wf cmd="done" pos="VB" lemma="speak" wnsn="2" lexsn="2:32:01::">speak</wf>
<wf cmd="ignore" pos="IN">of</wf>
<wf cmd="ignore" pos="DT">the</wf>
<wf cmd="tag" pos="NNS">ways</wf>
<wf cmd="tag" pos="RB">in_which</wf>
<wf cmd="ignore" pos="PRP">it</wf>
<wf cmd="done" pos="VB" lemma="help" wnsn="1" lexsn="2:41:00::">helped</wf>
<wf cmd="done" pos="VB" lemma="shape" wnsn="1" lexsn="2:31:00::">shape</wf>
<wf cmd="ignore" pos="DT">the</wf>
<wf cmd="tag" pos="NNS">ideals</wf>
<wf cmd="ignore" pos="IN">of</wf>
<wf cmd="ignore" pos="DT">the</wf>
<wf cmd="tag" pos="NN">country</wf>
<wf cmd="ignore" pos="CC">and</wf>
<wf cmd="ignore" pos="IN">of</wf>
<wf cmd="ignore" pos="DT">the</wf>
<wf cmd="tag" pos="NN">manner</wf>
<wf cmd="tag" pos="RB">in_which</wf>
<wf cmd="ignore" pos="PRP">it</wf>
<wf cmd="done" pos="VB" lemma="stimulate" wnsn="4" lexsn="2:29:00::">stimulated</wf>
<wf cmd="tag" pos="NNS">efforts</wf>
<wf cmd="ignore" pos="TO">to</wf>
<wf cmd="done" pos="VB" lemma="attain" wnsn="1" lexsn="2:41:00::">attain</wf>
<wf cmd="ignore" pos="DT">those</wf>
<wf cmd="tag" pos="NNS">ideals</wf>
<wf cmd="ignore" pos="IN">through</wf>
<wf cmd="tag" pos="NN">reform_movements</wf>
<punc>,</punc>
<wf cmd="ignore" pos="IN">through</wf>
<wf cmd="tag" pos="NNS">programmes</wf>
<wf cmd="ignore" pos="IN">for</wf>
<wf cmd="done" pos="VB" lemma="bring" wnsn="2" lexsn="2:35:04::">bringing</wf>
<wf cmd="ignore" pos="DT">the</wf>
<wf cmd="tag" pos="JJ">collective</wf>
<wf cmd="tag" pos="NN">life</wf>
<wf cmd="ignore" pos="TO">to</wf>
<wf cmd="ignore" pos="DT">the</wf>
<wf cmd="tag" pos="NN">nation</wf>
<wf cmd="ignore" pos="TO">to</wf>
<wf cmd="tag" pos="NN">conformity</wf>
<wf cmd="ignore" pos="TO">to</wf>
<wf cmd="tag" pos="NNP">Christian</wf>
<wf cmd="tag" pos="NNS">standards</wf>
<punc>,</punc>
<wf cmd="ignore" pos="CC">and</wf>
<wf cmd="ignore" pos="IN">through</wf>
<wf cmd="tag" pos="NNS">leaders</wf>
<wf cmd="ignore" pos="IN">in</wf>
<wf cmd="ignore" pos="DT">the</wf>
<wf cmd="tag" pos="NN">government</wf>
<punc>.</punc>
</s>
</p>
<p pnum="6">
<s snum="29">
<wf cmd="ignore" pos="IN">Throughout</wf>
<wf cmd="ignore" pos="DT">the</wf>
<wf cmd="tag" pos="JJ">nineteenth</wf>
<wf cmd="tag" pos="NN">century</wf>
<wf cmd="tag" pos="NNP">Christianity</wf>
<wf cmd="done" pos="VB" lemma="exert" wnsn="1" lexsn="2:34:00::">exerted</wf>
<wf cmd="ignore" pos="PRP$">its</wf>
<wf cmd="tag" pos="NN">influence</wf>
<wf cmd="ignore" pos="IN">on</wf>
<wf cmd="tag" pos="NNP">American</wf>
<wf cmd="tag" pos="NN">society</wf>
<wf cmd="tag" pos="RB">as_a_whole</wf>
<wf cmd="tag" pos="RB">primarily</wf>
<wf cmd="ignore" pos="IN">through</wf>
<wf cmd="ignore" pos="DT">the</wf>
<wf cmd="tag" pos="NNP">Protestantism</wf>
<wf cmd="ignore" pos="IN">of</wf>
<wf cmd="ignore" pos="DT">the</wf>
<wf cmd="tag" pos="JJR">older</wf>
<wf cmd="tag" pos="NN">stock</wf>
<punc>.</punc>
</s>
<s snum="30">
<wf cmd="ignore" pos="IN">By</wf>
<wf cmd="ignore" pos="DT">the</wf>
<wf cmd="tag" pos="NN">end</wf>
<wf cmd="ignore" pos="IN">of</wf>
<wf cmd="ignore" pos="DT">the</wf>
<wf cmd="tag" pos="NN">century</wf>
<wf cmd="ignore" pos="DT">the</wf>
<wf cmd="tag" pos="NN">Roman_Catholic_Church</wf>
<wf cmd="done" pos="VBD" ot="notag">was</wf>
<wf cmd="done" pos="VB" lemma="begin" wnsn="1" lexsn="2:30:00::">beginning</wf>
<wf cmd="ignore" pos="TO">to</wf>
<wf cmd="done" pos="VB" lemma="make" wnsn="2" lexsn="2:30:00::">make</wf>
<wf cmd="ignore" pos="PRP">itself</wf>
<wf cmd="done" pos="VB" lemma="feel" wnsn="6" lexsn="2:39:01::">felt</wf>
<punc>,</punc>
<wf cmd="tag" pos="RB">mainly</wf>
<wf cmd="ignore" pos="IN">through</wf>
<wf cmd="tag" pos="JJ">such</wf>
<wf cmd="tag" pos="NNS">institutions</wf>
<wf cmd="ignore" pos="IN">as</wf>
<wf cmd="tag" pos="NNS">hospitals</wf>
<wf cmd="ignore" pos="CC">but</wf>
<wf cmd="tag" pos="RB">also</wf>
<wf cmd="ignore" pos="IN">through</wf>
<wf cmd="ignore" pos="PRP$">its</wf>
<wf cmd="tag" pos="NN">attitude</wf>
<wf cmd="ignore" pos="IN">towards</wf>
<wf cmd="tag" pos="JJ">organized</wf>
<wf cmd="tag" pos="NN">labour</wf>
<punc>.</punc>
</s>
<s snum="31">
<wf cmd="ignore" pos="IN">In</wf>
<wf cmd="ignore" pos="DT">the</wf>
<wf cmd="tag" pos="JJ">twentieth</wf>
<wf cmd="tag" pos="NN">century</wf>
<wf cmd="ignore" pos="PRP$">its</wf>
<wf cmd="tag" pos="NN">influence</wf>
<wf cmd="done" pos="VB" lemma="grow" wnsn="2" lexsn="2:30:00::">grew</wf>
<punc>,</punc>
<wf cmd="ignore" pos="IN">as</wf>
<wf cmd="done" pos="VBD" ot="notag">did</wf>
<wf cmd="ignore" pos="IN">that</wf>
<wf cmd="ignore" pos="IN">of</wf>
<wf cmd="ignore" pos="DT">the</wf>
<wf cmd="tag" pos="NNP">Protestantism</wf>
<wf cmd="ignore" pos="IN">of</wf>
<wf cmd="ignore" pos="DT">the</wf>
<wf cmd="tag" pos="JJ">nineteenth-century</wf>
<wf cmd="tag" pos="NN">immigration</wf>
<punc>.</punc>
</s>
</p>
<p pnum="7">
<s snum="32">
<wf cmd="ignore" pos="DT">The</wf>
<wf cmd="tag" pos="NNS">ideals</wf>
<wf cmd="ignore" pos="IN">of</wf>
<wf cmd="ignore" pos="DT">the</wf>
<wf cmd="tag" pos="NN">country</wf>
<wf cmd="done" pos="VBD" ot="notag">were</wf>
<wf cmd="tag" pos="RB">deeply</wf>
<wf cmd="tag" pos="JJ">indebted</wf>
<wf cmd="ignore" pos="TO">to</wf>
<wf cmd="ignore" pos="DT">the</wf>
<wf cmd="tag" pos="NNP">Protestantism</wf>
<wf cmd="ignore" pos="IN">of</wf>
<wf cmd="ignore" pos="DT">the</wf>
<wf cmd="tag" pos="JJR">older</wf>
<wf cmd="tag" pos="NN">stock</wf>
<punc>.</punc>
</s>
<s snum="33">
<wf cmd="tag" pos="RB">Thus</wf>
<punc>``</punc>
<wf cmd="tag" pos="NNP">America</wf>
<punc>''</punc>
<punc>,</punc>
<wf cmd="tag" pos="RB">the_most</wf>
<wf cmd="tag" pos="RB">widely</wf>
<wf cmd="done" pos="VB" lemma="sing" wnsn="1" lexsn="2:36:01::">sung</wf>
<wf cmd="ignore" pos="IN">of</wf>
<wf cmd="ignore" pos="DT">the</wf>
<wf cmd="tag" pos="JJ">patriotic</wf>
<wf cmd="tag" pos="NNS">songs</wf>
<punc>,</punc>
<wf cmd="done" pos="VBD" ot="notag">was</wf>
<wf cmd="done" pos="VB" lemma="write" wnsn="1" lexsn="2:36:00::">written</wf>
<wf cmd="ignore" pos="IN">by</wf>
<wf cmd="ignore" pos="DT">a</wf>
<wf cmd="tag" pos="NN">New_England</wf>
<wf cmd="tag" pos="NNP">Baptist</wf>
<wf cmd="tag" pos="NN">clergyman</wf>
<punc>,</punc>
<wf cmd="tag" pos="NNP">Samuel_Francis_Smith</wf>
<punc>(</punc>
<wf cmd="tag" pos="CD">1808</wf>
<punc>-</punc>
<wf cmd="tag" pos="CD">1895</wf>
<punc>)</punc>
<punc>,</punc>
<wf cmd="ignore" pos="IN">while</wf>
<wf cmd="ignore" pos="DT">a</wf>
<wf cmd="tag" pos="NN">student</wf>
<wf cmd="ignore" pos="IN">in</wf>
<wf cmd="tag" pos="NNP">Andover_Theological_Seminary</wf>
<punc>.</punc>
</s>
<s snum="34">
<wf cmd="ignore" pos="IN">With</wf>
<wf cmd="ignore" pos="PRP$">its</wf>
<wf cmd="tag" pos="NN">zeal</wf>
<wf cmd="ignore" pos="IN">for</wf>
<wf cmd="tag" pos="NN">liberty</wf>
<wf cmd="ignore" pos="CC">and</wf>
<wf cmd="ignore" pos="PRP$">its</wf>
<wf cmd="tag" pos="NN">dependence</wf>
<wf cmd="ignore" pos="IN">on</wf>
<wf cmd="tag" pos="NNP">God</wf>
<wf cmd="ignore" pos="PRP">it</wf>
<wf cmd="done" pos="VBD" ot="metaphor">breathed</wf>
<wf cmd="ignore" pos="DT">the</wf>
<wf cmd="tag" pos="NN">spirit</wf>
<wf cmd="ignore" pos="WDT">which</wf>
<wf cmd="done" pos="VBD" ot="notag">had</wf>
<wf cmd="done" pos="VBN" ot="notag">been</wf>
<wf cmd="done" pos="VB" lemma="nourish" wnsn="1" lexsn="2:34:00::">nourished</wf>
<wf cmd="ignore" pos="IN">on</wf>
<wf cmd="ignore" pos="DT">the</wf>
<wf cmd="tag" pos="JJ">Evangelical</wf>
<wf cmd="tag" pos="NNS">revivals</wf>
<punc>.</punc>
</s>
<s snum="35">
<wf cmd="ignore" pos="DT">The</wf>
<wf cmd="tag" pos="NN">great_seal</wf>
<wf cmd="ignore" pos="IN">of</wf>
<wf cmd="ignore" pos="DT">the</wf>
<wf cmd="tag" pos="NN">United_States</wf>
<wf cmd="done" pos="VBD" ot="notag">was</wf>
<wf cmd="tag" pos="RB">obviously</wf>
<wf cmd="done" pos="VB" lemma="inspire" wnsn="1" lexsn="2:37:00::">inspired</wf>
<wf cmd="ignore" pos="IN">by</wf>
<wf cmd="ignore" pos="DT">the</wf>
<wf cmd="tag" pos="NNP">Christian</wf>
<wf cmd="tag" pos="NN">faith</wf>
<punc>.</punc>
</s>
<s snum="36">
<wf cmd="tag" pos="RB">Here</wf>
<wf cmd="done" pos="VB" lemma="be" wnsn="5" lexsn="2:42:04::">was</wf>
<wf cmd="ignore" pos="WP">what</wf>
<wf cmd="done" pos="VB" ot="notag">was</wf>
<wf cmd="done" pos="VB" lemma="call" wnsn="1" lexsn="2:32:02::">called</wf>
<wf cmd="ignore" pos="DT">the</wf>
<wf cmd="tag" pos="NN">American_dream</wf>
<punc>,</punc>
<wf cmd="tag" pos="RB">namely</wf>
<punc>,</punc>
<wf cmd="ignore" pos="DT">the</wf>
<wf cmd="tag" pos="NN">effort</wf>
<wf cmd="ignore" pos="TO">to</wf>
<wf cmd="done" pos="VB" lemma="build" wnsn="1" lexsn="2:36:00::">build</wf>
<wf cmd="ignore" pos="DT">a</wf>
<wf cmd="tag" pos="NN">structure</wf>
<wf cmd="ignore" pos="WDT">which</wf>
<wf cmd="ignore" pos="MD">would</wf>
<wf cmd="done" pos="VB" lemma="be" wnsn="1" lexsn="2:42:03::">be</wf>
<wf cmd="tag" pos="NN">something</wf>
<wf cmd="tag" pos="JJ">new</wf>
<wf cmd="ignore" pos="IN">in</wf>
<wf cmd="tag" pos="NN">history</wf>
<wf cmd="ignore" pos="CC">and</wf>
<wf cmd="ignore" pos="TO">to</wf>
<wf cmd="done" pos="VB" ot="notag">do</wf>
<wf cmd="tag" pos="RB">so</wf>
<wf cmd="ignore" pos="IN">in</wf>
<wf cmd="tag" pos="JJ">such</wf>
<wf cmd="tag" pos="NN">fashion</wf>
<wf cmd="ignore" pos="IN">that</wf>
<wf cmd="tag" pos="NNP">God</wf>
<wf cmd="ignore" pos="MD">could</wf>
<wf cmd="done" pos="VB" lemma="bless" wnsn="1" lexsn="2:32:00::">bless</wf>
<wf cmd="ignore" pos="PRP">it</wf>
<punc>.</punc>
</s>
<s snum="37">
<wf cmd="tag" pos="RB">Later</wf>
<wf cmd="ignore" pos="IN">in</wf>
<wf cmd="ignore" pos="DT">the</wf>
<wf cmd="tag" pos="NN">century</wf>
<wf cmd="ignore" pos="DT">the</wf>
<wf cmd="tag" pos="NN">dream</wf>
<wf cmd="tag" pos="RB">again</wf>
<wf cmd="done" pos="VB" lemma="find" wnsn="12" lexsn="2:30:00::">found</wf>
<wf cmd="tag" pos="NN">expression</wf>
<wf cmd="ignore" pos="IN">in</wf>
<wf cmd="ignore" pos="DT">the</wf>
<wf cmd="tag" pos="NNS">lines</wf>
<wf cmd="ignore" pos="IN">of</wf>
<wf cmd="tag" pos="NNP">Katherine_Lee_Bates</wf>
<punc>(</punc>
<wf cmd="tag" pos="CD">1859</wf>
<punc>-</punc>
<wf cmd="tag" pos="CD">1929</wf>
<punc>)</punc>
<punc>,</punc>
<wf cmd="tag" pos="NN">daughter</wf>
<wf cmd="ignore" pos="CC">and</wf>
<wf cmd="tag" pos="NN">granddaughter</wf>
<wf cmd="ignore" pos="IN">of</wf>
<wf cmd="tag" pos="NN">New_England</wf>
<wf cmd="tag" pos="NNP">Congregational</wf>
<wf cmd="tag" pos="NNS">ministers</wf>
<punc>,</punc>
<wf cmd="ignore" pos="IN">in</wf>
<wf cmd="ignore" pos="PRP$">her</wf>
<wf cmd="tag" pos="RB">widely</wf>
<wf cmd="tag" pos="JJ">sung</wf>
<wf cmd="tag" pos="NN">hymn</wf>
<punc>,</punc>
<wf cmd="done" pos="VB" lemma="write" wnsn="1" lexsn="2:36:00::">written</wf>
<wf cmd="ignore" pos="IN">in</wf>
<wf cmd="tag" pos="CD">1893</wf>
<punc>,</punc>
<punc>``</punc>
<wf cmd="tag" pos="NNP">America</wf>
<wf cmd="ignore" pos="DT">the</wf>
<wf cmd="tag" pos="JJ">Beautiful</wf>
<punc>''</punc>
<punc>,</punc>
<wf cmd="ignore" pos="IN">with</wf>
<wf cmd="ignore" pos="DT">the</wf>
<wf cmd="tag" pos="NNS">words</wf>
<punc>``</punc>
<wf cmd="tag" pos="NNP">O</wf>
<wf cmd="tag" pos="JJ">beautiful</wf>
<wf cmd="ignore" pos="IN">for</wf>
<wf cmd="tag" pos="NN">pilgrim</wf>
<wf cmd="tag" pos="NNS">feet</wf>
<wf cmd="ignore" pos="WP$">whose</wf>
<wf cmd="tag" pos="JJ">stern</wf>
<wf cmd="tag" pos="JJ">impassioned</wf>
<wf cmd="tag" pos="NN">stress</wf>
<wf cmd="ignore" pos="DT">a</wf>
<wf cmd="tag" pos="NN">thoroughfare</wf>
<wf cmd="ignore" pos="IN">for</wf>
<wf cmd="tag" pos="NN">freedom</wf>
<wf cmd="done" pos="VB" lemma="beat" wnsn="5" lexsn="2:36:00::">beat</wf>
<wf cmd="ignore" pos="IN">across</wf>
<wf cmd="ignore" pos="DT">the</wf>
<wf cmd="tag" pos="NN">wilderness</wf>
<punc>.</punc>
</s>
<s snum="38">
<wf cmd="tag" pos="NNP">America</wf>
<punc>,</punc>
<wf cmd="tag" pos="NNP">America</wf>
<punc>,</punc>
<wf cmd="tag" pos="NNP">God</wf>
<wf cmd="done" pos="VB" lemma="mend" wnsn="1" lexsn="2:30:00::">mend</wf>
<wf cmd="tag" pos="JJ">thy</wf>
<wf cmd="ignore" pos="DT">every</wf>
<wf cmd="tag" pos="NN">flaw</wf>
<punc>,</punc>
<wf cmd="done" pos="VB" lemma="confirm" wnsn="3" lexsn="2:30:00::">confirm</wf>
<wf cmd="tag" pos="JJ">thy</wf>
<wf cmd="tag" pos="NN">soul</wf>
<wf cmd="ignore" pos="IN">in</wf>
<wf cmd="tag" pos="NN">self</wf>
<wf cmd="tag" pos="NN">control</wf>
<punc>,</punc>
<wf cmd="tag" pos="JJ">thy</wf>
<wf cmd="tag" pos="NN">liberty</wf>
<wf cmd="ignore" pos="IN">in</wf>
<wf cmd="tag" pos="NN">law</wf>
<punc>.</punc>
</s>
<s snum="39">
<wf cmd="tag" pos="NNP">O</wf>
<wf cmd="tag" pos="JJ">beautiful</wf>
<wf cmd="ignore" pos="IN">for</wf>
<wf cmd="tag" pos="NN">patriot</wf>
<wf cmd="tag" pos="NN">dream</wf>
<wf cmd="ignore" pos="WDT">that</wf>
<wf cmd="done" pos="VB" lemma="see" wnsn="4" lexsn="2:36:00::">sees</wf>
<wf cmd="ignore" pos="IN">beyond</wf>
<wf cmd="ignore" pos="DT">the</wf>
<wf cmd="tag" pos="NNS">years</wf>
<wf cmd="tag" pos="JJ">thine</wf>
<wf cmd="tag" pos="NN">alabaster</wf>
<wf cmd="tag" pos="NNS">cities</wf>
<wf cmd="done" pos="VB" lemma="gleam" wnsn="2" lexsn="2:39:00::">gleam</wf>
<wf cmd="tag" pos="JJ">undimmed</wf>
<wf cmd="ignore" pos="IN">by</wf>
<wf cmd="tag" pos="JJ">human</wf>
<wf cmd="tag" pos="NNS">tears</wf>
<punc>.</punc>
</s>
<s snum="40">
<wf cmd="tag" pos="NNP">America</wf>
<punc>,</punc>
<wf cmd="tag" pos="NNP">America</wf>
<punc>,</punc>
<wf cmd="tag" pos="NNP">God</wf>
<wf cmd="done" pos="VB" lemma="shed" wnsn="2" lexsn="2:35:02::">shed</wf>
<wf cmd="ignore" pos="PRP$">His</wf>
<wf cmd="tag" pos="NN">grace</wf>
<wf cmd="ignore" pos="IN">on</wf>
<wf cmd="ignore" pos="PRP">thee</wf>
<punc>,</punc>
<wf cmd="ignore" pos="CC">and</wf>
<wf cmd="done" pos="VB" lemma="crown" wnsn="2" lexsn="2:30:01::">crown</wf>
<wf cmd="tag" pos="JJ">thy</wf>
<wf cmd="tag" pos="NN">good</wf>
<wf cmd="ignore" pos="IN">with</wf>
<wf cmd="tag" pos="NN">brotherhood</wf>
<wf cmd="ignore" pos="IN">from</wf>
<wf cmd="tag" pos="NN">sea</wf>
<wf cmd="ignore" pos="TO">to</wf>
<wf cmd="tag" pos="JJ">shining</wf>
<wf cmd="tag" pos="NN">sea</wf>
<punc>''</punc>
<punc>.</punc>
</s>
</p>
<p pnum="8">
<s snum="41">
<wf cmd="ignore" pos="DT">The</wf>
<wf cmd="tag" pos="NN">American_dream</wf>
<wf cmd="done" pos="VBD" ot="notag">was</wf>
<wf cmd="done" pos="VB" lemma="compound" wnsn="2" lexsn="2:30:00::">compounded</wf>
<wf cmd="ignore" pos="IN">of</wf>
<wf cmd="tag" pos="JJ">many</wf>
<wf cmd="tag" pos="NNS">strains</wf>
<punc>.</punc>
</s>
<s snum="42">
<wf cmd="ignore" pos="DT">Some</wf>
<wf cmd="done" pos="VB" lemma="be" wnsn="1" lexsn="2:42:03::">were</wf>
<wf cmd="tag" pos="RB">clearly</wf>
<wf cmd="ignore" pos="IN">of</wf>
<wf cmd="tag" pos="NNP">Christian</wf>
<wf cmd="tag" pos="NN">origin</wf>
<punc>,</punc>
<wf cmd="ignore" pos="IN">among</wf>
<wf cmd="ignore" pos="PRP">them</wf>
<wf cmd="ignore" pos="DT">the</wf>
<wf cmd="tag" pos="NNP">Great_Awakening</wf>
<wf cmd="ignore" pos="CC">and</wf>
<wf cmd="tag" pos="JJ">other</wf>
<wf cmd="tag" pos="NNS">revivals</wf>
<wf cmd="ignore" pos="WDT">which</wf>
<wf cmd="done" pos="VB" lemma="help" wnsn="1" lexsn="2:41:00::">helped</wf>
<wf cmd="ignore" pos="TO">to</wf>
<wf cmd="done" pos="VB" lemma="make" wnsn="2" lexsn="2:30:00::">make</wf>
<wf cmd="tag" pos="NNP">Christian</wf>
<wf cmd="tag" pos="NN">liberty</wf>
<punc>,</punc>
<wf cmd="tag" pos="NNP">Christian</wf>
<wf cmd="tag" pos="NN">equality</wf>
<punc>,</punc>
<wf cmd="ignore" pos="CC">and</wf>
<wf cmd="tag" pos="NNP">Christian</wf>
<wf cmd="tag" pos="NN">fraternity</wf>
<wf cmd="ignore" pos="DT">the</wf>
<wf cmd="tag" pos="NN">passion</wf>
<wf cmd="ignore" pos="IN">of</wf>
<wf cmd="ignore" pos="DT">the</wf>
<wf cmd="tag" pos="NN">land</wf>
<punc>.</punc>
</s>
<s snum="43">
<wf cmd="ignore" pos="DT">Some</wf>
<wf cmd="done" pos="VBP" ot="notag">have</wf>
<wf cmd="done" pos="VB" lemma="see" wnsn="5" lexsn="2:31:00::">seen</wf>
<wf cmd="tag" pos="NN">revivalism</wf>
<wf cmd="ignore" pos="CC">and</wf>
<wf cmd="ignore" pos="DT">the</wf>
<wf cmd="tag" pos="NN">search</wf>
<wf cmd="ignore" pos="IN">for</wf>
<wf cmd="tag" pos="NNP">Christian</wf>
<wf cmd="tag" pos="NN">perfection</wf>
<wf cmd="ignore" pos="IN">as</wf>
<wf cmd="ignore" pos="DT">the</wf>
<wf cmd="tag" pos="NN">fountain-head</wf>
<wf cmd="ignore" pos="IN">of</wf>
<wf cmd="ignore" pos="DT">the</wf>
<wf cmd="tag" pos="NNP">American</wf>
<wf cmd="tag" pos="NN">hope</wf>
<punc>.</punc>
</s>
<s snum="44">
<wf cmd="tag" pos="RB">Here</wf>
<punc>,</punc>
<wf cmd="tag" pos="RB">too</wf>
<punc>,</punc>
<wf cmd="ignore" pos="MD">must</wf>
<wf cmd="done" pos="VB" ot="notag">be</wf>
<wf cmd="done" pos="VB" lemma="place" wnsn="4" lexsn="2:40:00::">placed</wf>
<wf cmd="tag" pos="NNP">Unitarianism</wf>
<wf cmd="ignore" pos="CC">and</wf>
<punc>,</punc>
<wf cmd="tag" pos="RBR">less</wf>
<wf cmd="tag" pos="RB">obviously</wf>
<wf cmd="ignore" pos="IN">from</wf>
<wf cmd="tag" pos="NNP">Christian</wf>
<wf cmd="tag" pos="NN">inspiration</wf>
<punc>,</punc>
<wf cmd="tag" pos="NNP">Emerson</wf>
<punc>,</punc>
<wf cmd="tag" pos="NNP">Transcendentalism</wf>
<punc>,</punc>
<wf cmd="ignore" pos="CC">and</wf>
<wf cmd="ignore" pos="DT">the</wf>
<wf cmd="tag" pos="NN">idealism</wf>
<wf cmd="ignore" pos="IN">of</wf>
<wf cmd="tag" pos="NNP">Walt_Whitman</wf>
<punc>.</punc>
</s>
<s snum="45">
<wf cmd="ignore" pos="PRP">We</wf>
<wf cmd="ignore" pos="MD">must</wf>
<wf cmd="tag" pos="RB">also</wf>
<wf cmd="done" pos="VB" lemma="remember" wnsn="1" lexsn="2:31:00::">remember</wf>
<wf cmd="ignore" pos="DT">those</wf>
<wf cmd="ignore" pos="WP">who</wf>
<wf cmd="done" pos="VB" lemma="react" wnsn="1" lexsn="2:31:00::">reacted</wf>
<wf cmd="done" pos="VB" ot="notag">against</wf>
<wf cmd="ignore" pos="DT">the</wf>
<wf cmd="tag" pos="NN">dream</wf>
<wf cmd="ignore" pos="IN">as</wf>
<wf cmd="ignore" pos="DT">a</wf>
<wf cmd="tag" pos="RB">kind_of</wf>
<wf cmd="tag" pos="NN">myth</wf>
<punc>-</punc>
<wf cmd="ignore" pos="IN">among</wf>
<wf cmd="ignore" pos="PRP">them</wf>
<wf cmd="tag" pos="NNP">Melville</wf>
<punc>,</punc>
<wf cmd="tag" pos="NNP">Hawthorne</wf>
<punc>,</punc>
<wf cmd="ignore" pos="CC">and</wf>
<wf cmd="tag" pos="NN">Henry_James</wf>
<wf cmd="ignore" pos="DT">the</wf>
<wf cmd="tag" pos="JJR">elder</wf>
<punc>,</punc>
<wf cmd="tag" pos="JJ">all_of</wf>
<wf cmd="ignore" pos="PRP">them</wf>
<wf cmd="ignore" pos="IN">out</wf>
<wf cmd="ignore" pos="IN">of</wf>
<wf cmd="ignore" pos="DT">a</wf>
<wf cmd="tag" pos="NNP">Christian</wf>
<wf cmd="tag" pos="NN">background</wf>
<punc>.</punc>
</s>
</p>
<p pnum="9">
<s snum="46">
<wf cmd="ignore" pos="IN">With</wf>
<wf cmd="tag" pos="JJ">such</wf>
<wf cmd="ignore" pos="DT">a</wf>
<wf cmd="tag" pos="NN">dream</wf>
<wf cmd="done" pos="VB" lemma="arise" wnsn="1" lexsn="2:42:00::">arising</wf>
<punc>,</punc>
<wf cmd="tag" pos="RB">at_least</wf>
<wf cmd="tag" pos="RB">in_part</wf>
<punc>,</punc>
<wf cmd="ignore" pos="IN">from</wf>
<wf cmd="ignore" pos="DT">the</wf>
<wf cmd="tag" pos="NNP">Protestant</wf>
<wf cmd="tag" pos="NN">heritage</wf>
<wf cmd="ignore" pos="IN">of</wf>
<wf cmd="ignore" pos="DT">the</wf>
<wf cmd="tag" pos="NN">United_States</wf>
<wf cmd="ignore" pos="CC">and</wf>
<wf cmd="done" pos="VB" lemma="build" wnsn="1" lexsn="2:36:00::">built</wf>
<wf cmd="ignore" pos="IN">into</wf>
<wf cmd="ignore" pos="DT">the</wf>
<wf cmd="tag" pos="NNS">foundations</wf>
<wf cmd="ignore" pos="IN">of</wf>
<wf cmd="ignore" pos="DT">the</wf>
<wf cmd="tag" pos="NN">nation</wf>
<punc>,</punc>
<wf cmd="ignore" pos="PRP">it</wf>
<wf cmd="done" pos="VB" lemma="be" wnsn="1" lexsn="2:42:03::">is</wf>
<wf cmd="tag" pos="RB">not</wf>
<wf cmd="tag" pos="JJ">surprising</wf>
<wf cmd="ignore" pos="IN">that</wf>
<wf cmd="tag" pos="JJ">many</wf>
<wf cmd="tag" pos="NNS">efforts</wf>
<wf cmd="done" pos="VBD" ot="notag">were</wf>
<wf cmd="done" pos="VB" lemma="make" wnsn="1" lexsn="2:41:00::">made</wf>
<wf cmd="ignore" pos="TO">to</wf>
<wf cmd="done" pos="VB" ot="notag">give</wf>
<wf cmd="ignore" pos="PRP">it</wf>
<wf cmd="tag" pos="JJ">concrete</wf>
<wf cmd="tag" pos="NN">expression</wf>
<punc>.</punc>
</s>
<s snum="47">
<wf cmd="ignore" pos="DT">A</wf>
<wf cmd="tag" pos="NN">number</wf>
<wf cmd="done" pos="VB" lemma="be" wnsn="1" lexsn="2:42:03::">were</wf>
<wf cmd="ignore" pos="IN">in</wf>
<wf cmd="ignore" pos="DT">the</wf>
<wf cmd="tag" pos="NN">nature</wf>
<wf cmd="ignore" pos="IN">of</wf>
<wf cmd="tag" pos="NNS">movements</wf>
<wf cmd="ignore" pos="TO">to</wf>
<wf cmd="done" pos="VB" lemma="relieve" wnsn="7" lexsn="2:29:02::">relieve</wf>
<wf cmd="ignore" pos="CC">or</wf>
<wf cmd="done" pos="VB" lemma="remove" wnsn="6" lexsn="2:30:01::">remove</wf>
<wf cmd="tag" pos="JJ">social</wf>
<wf cmd="tag" pos="NNS">ills</wf>
<punc>.</punc>
</s>
</p>
<p pnum="10">
<s snum="48">
<wf cmd="tag" pos="RB">Significantly</wf>
<punc>,</punc>
<wf cmd="ignore" pos="DT">the</wf>
<wf cmd="tag" pos="NN">initiation</wf>
<wf cmd="ignore" pos="CC">and</wf>
<wf cmd="tag" pos="NN">leadership</wf>
<wf cmd="ignore" pos="IN">of</wf>
<wf cmd="ignore" pos="DT">a</wf>
<wf cmd="tag" pos="JJ">major</wf>
<wf cmd="tag" pos="NN">proportion</wf>
<wf cmd="ignore" pos="IN">of</wf>
<wf cmd="ignore" pos="DT">the</wf>
<wf cmd="tag" pos="NN">reform_movements</wf>
<punc>,</punc>
<wf cmd="tag" pos="RB">especially</wf>
<wf cmd="ignore" pos="DT">those</wf>
<wf cmd="ignore" pos="IN">in</wf>
<wf cmd="ignore" pos="DT">the</wf>
<wf cmd="tag" pos="NN">first_half</wf>
<wf cmd="ignore" pos="IN">of</wf>
<wf cmd="ignore" pos="DT">the</wf>
<wf cmd="tag" pos="JJ">nineteenth</wf>
<wf cmd="tag" pos="NN">century</wf>
<punc>,</punc>
<wf cmd="done" pos="VB" lemma="come" wnsn="5" lexsn="2:42:04::">came</wf>
<wf cmd="done" pos="VB" ot="notag">from</wf>
<wf cmd="tag" pos="NNS">men</wf>
<wf cmd="ignore" pos="CC">and</wf>
<wf cmd="tag" pos="NNS">women</wf>
<wf cmd="ignore" pos="IN">of</wf>
<wf cmd="tag" pos="NN">New_England</wf>
<wf cmd="tag" pos="NN">birth</wf>
<wf cmd="ignore" pos="CC">or</wf>
<wf cmd="tag" pos="NN">parentage</wf>
<wf cmd="ignore" pos="CC">and</wf>
<wf cmd="ignore" pos="IN">from</wf>
<wf cmd="ignore" pos="DT">either</wf>
<wf cmd="tag" pos="NNP">Trinitarian</wf>
<wf cmd="ignore" pos="CC">or</wf>
<wf cmd="tag" pos="NNP">Unitarian_Congregationalism</wf>
<punc>.</punc>
</s>
<s snum="49">
<wf cmd="tag" pos="JJ">Several</wf>
<wf cmd="ignore" pos="IN">of</wf>
<wf cmd="ignore" pos="DT">the</wf>
<wf cmd="tag" pos="NNS">movements</wf>
<wf cmd="done" pos="VBD" ot="notag">were</wf>
<wf cmd="done" pos="VB" lemma="give" wnsn="9" lexsn="2:36:03::">given</wf>
<wf cmd="ignore" pos="DT">a</wf>
<wf cmd="tag" pos="JJ">marked</wf>
<wf cmd="tag" pos="NN">impetus</wf>
<wf cmd="ignore" pos="IN">by</wf>
<wf cmd="tag" pos="NN">revivalism</wf>
<punc>.</punc>
</s>
<s snum="50">
<wf cmd="tag" pos="NNS">Quakers</wf>
<punc>,</punc>
<wf cmd="ignore" pos="DT">some</wf>
<wf cmd="ignore" pos="IN">from</wf>
<wf cmd="tag" pos="NN">New_England</wf>
<punc>,</punc>
<wf cmd="done" pos="VB" lemma="have" wnsn="1" lexsn="2:40:00::">had</wf>
<wf cmd="ignore" pos="DT">a</wf>
<wf cmd="tag" pos="JJR">larger</wf>
<wf cmd="tag" pos="NN">share</wf>
<wf cmd="ignore" pos="IN">than</wf>
<wf cmd="ignore" pos="PRP$">their</wf>
<wf cmd="tag" pos="JJ">proportionate</wf>
<wf cmd="tag" pos="JJ">numerical</wf>
<wf cmd="tag" pos="NN">strength</wf>
<wf cmd="ignore" pos="MD">would</wf>
<wf cmd="done" pos="VB" ot="notag">have</wf>
<wf cmd="done" pos="VB" lemma="warrant" wnsn="1" lexsn="2:32:00::">warranted</wf>
<punc>.</punc>
</s>
<s snum="51">
<wf cmd="ignore" pos="PRP">We</wf>
<wf cmd="done" pos="VB" lemma="do_well" wnsn="1" lexsn="2:42:00::">do_well</wf>
<wf cmd="ignore" pos="TO">to</wf>
<wf cmd="done" pos="VB" lemma="remind" wnsn="1" lexsn="2:31:00::">remind</wf>
<wf cmd="ignore" pos="PRP">ourselves</wf>
<wf cmd="tag" pos="RB">that</wf>
<wf cmd="ignore" pos="IN">from</wf>
<wf cmd="tag" pos="NNS">men</wf>
<wf cmd="ignore" pos="CC">and</wf>
<wf cmd="tag" pos="NNS">women</wf>
<wf cmd="ignore" pos="IN">of</wf>
<wf cmd="tag" pos="NN">New_England</wf>
<wf cmd="tag" pos="NN">ancestry</wf>
<wf cmd="tag" pos="RB">also</wf>
<wf cmd="done" pos="VB" lemma="issue" wnsn="4" lexsn="2:30:00::">issued</wf>
<wf cmd="ignore" pos="DT">the</wf>
<wf cmd="tag" pos="NNP">Church</wf>
<wf cmd="ignore" pos="IN">of</wf>
<wf cmd="tag" pos="NN">Jesus_Christ</wf>
<wf cmd="ignore" pos="IN">of</wf>
<wf cmd="tag" pos="NN">Latter</wf>
<wf cmd="tag" pos="NNP">Day_Saints</wf>
<punc>,</punc>
<wf cmd="ignore" pos="DT">the</wf>
<wf cmd="tag" pos="NNP">Seventh_Day_Adventists</wf>
<punc>,</punc>
<wf cmd="tag" pos="NN">Christian_Science</wf>
<punc>,</punc>
<wf cmd="ignore" pos="DT">the</wf>
<wf cmd="tag" pos="NNP">American_Board</wf>
<wf cmd="ignore" pos="IN">of</wf>
<wf cmd="tag" pos="NNPS">Commissioners</wf>
<wf cmd="ignore" pos="IN">for</wf>
<wf cmd="tag" pos="NNP">Foreign_Missions</wf>
<punc>,</punc>
<wf cmd="ignore" pos="DT">the</wf>
<wf cmd="tag" pos="NNP">American_Home_Missionary_Society</wf>
<punc>,</punc>
<wf cmd="ignore" pos="DT">the</wf>
<wf cmd="tag" pos="NNP">American_Bible_Society</wf>
<punc>,</punc>
<wf cmd="ignore" pos="CC">and</wf>
<wf cmd="tag" pos="NN">New_England</wf>
<wf cmd="tag" pos="NN">theology</wf>
<punc>.</punc>
</s>
<s snum="52">
<wf cmd="ignore" pos="DT">The</wf>
<wf cmd="tag" pos="NN">atmosphere</wf>
<wf cmd="done" pos="VB" lemma="be" wnsn="2" lexsn="2:42:06::">was</wf>
<wf cmd="tag" pos="CD">one</wf>
<wf cmd="ignore" pos="IN">of</wf>
<wf cmd="tag" pos="NN">optimism</wf>
<punc>,</punc>
<wf cmd="ignore" pos="IN">of</wf>
<wf cmd="tag" pos="NN">confidence</wf>
<wf cmd="ignore" pos="IN">in</wf>
<wf cmd="tag" pos="JJ">human</wf>
<wf cmd="tag" pos="NN">progress</wf>
<punc>,</punc>
<wf cmd="ignore" pos="CC">and</wf>
<wf cmd="ignore" pos="IN">of</wf>
<wf cmd="ignore" pos="DT">a</wf>
<wf cmd="tag" pos="NN">determination</wf>
<wf cmd="ignore" pos="TO">to</wf>
<wf cmd="done" pos="VB" lemma="rid" wnsn="1" lexsn="2:40:00::">rid</wf>
<wf cmd="ignore" pos="DT">the</wf>
<wf cmd="tag" pos="NN">world</wf>
<wf cmd="ignore" pos="IN">of</wf>
<wf cmd="ignore" pos="PRP$">its</wf>
<wf cmd="tag" pos="NNS">ills</wf>
<punc>.</punc>
</s>
<s snum="53">
<wf cmd="ignore" pos="DT">The</wf>
<wf cmd="tag" pos="NNP">Hopkinsian</wf>
<wf cmd="tag" pos="JJ">universal</wf>
<wf cmd="tag" pos="JJ">disinterested</wf>
<wf cmd="tag" pos="NN">benevolence</wf>
<punc>,</punc>
<wf cmd="ignore" pos="IN">although</wf>
<wf cmd="done" pos="VB" lemma="hold" wnsn="23" lexsn="2:31:10::">holding</wf>
<wf cmd="done" pos="VB" ot="notag">to</wf>
<wf cmd="tag" pos="NN">original_sin</wf>
<wf cmd="ignore" pos="CC">and</wf>
<wf cmd="ignore" pos="DT">the</wf>
<wf cmd="tag" pos="NN">doctrine</wf>
<wf cmd="ignore" pos="IN">of</wf>
<wf cmd="tag" pos="NN">election</wf>
<punc>,</punc>
<wf cmd="done" pos="VB" lemma="inspire" wnsn="1" lexsn="2:37:00::">inspired</wf>
<wf cmd="ignore" pos="PRP$">its</wf>
<wf cmd="tag" pos="NNS">adherents</wf>
<wf cmd="ignore" pos="TO">to</wf>
<wf cmd="tag" pos="JJ">heroic</wf>
<wf cmd="tag" pos="NNS">endeavours</wf>
<wf cmd="ignore" pos="IN">for</wf>
<wf cmd="tag" pos="NNS">others</wf>
<punc>,</punc>
<wf cmd="done" pos="VB" lemma="look_for" wnsn="1" lexsn="2:35:00::">looked_for</wf>
<wf cmd="ignore" pos="DT">the</wf>
<wf cmd="tag" pos="JJ">early</wf>
<wf cmd="tag" pos="NN">coming</wf>
<wf cmd="ignore" pos="IN">of</wf>
<wf cmd="ignore" pos="DT">the</wf>
<wf cmd="tag" pos="NN">Millennium</wf>
<punc>,</punc>
<wf cmd="ignore" pos="CC">and</wf>
<wf cmd="done" pos="VBD" ot="notag">was</wf>
<wf cmd="done" pos="VB" lemma="parallel" wnsn="1" lexsn="2:42:00::">paralleled</wf>
<wf cmd="ignore" pos="IN">by</wf>
<wf cmd="ignore" pos="DT">the</wf>
<wf cmd="tag" pos="NN">confidence</wf>
<wf cmd="ignore" pos="IN">in</wf>
<wf cmd="tag" pos="NN">man</wf>
<wf cmd="ignore" pos="POS">'s</wf>
<wf cmd="tag" pos="NN">ability</wf>
<wf cmd="done" pos="VB" lemma="cherish" wnsn="1" lexsn="2:37:00::">cherished</wf>
<wf cmd="ignore" pos="IN">by</wf>
<wf cmd="ignore" pos="DT">the</wf>
<wf cmd="tag" pos="NNPS">Unitarians</wf>
<punc>,</punc>
<wf cmd="tag" pos="NNP">Emerson</wf>
<punc>,</punc>
<wf cmd="ignore" pos="CC">and</wf>
<wf cmd="ignore" pos="DT">the</wf>
<wf cmd="tag" pos="NNPS">Transcendentalists</wf>
<punc>.</punc>
</s>
</p>
<p pnum="11">
<s snum="54">
<wf cmd="ignore" pos="PRP">We</wf>
<wf cmd="ignore" pos="MD">should</wf>
<wf cmd="done" pos="VB" lemma="recall" wnsn="1" lexsn="2:31:00::">recall</wf>
<wf cmd="ignore" pos="DT">the</wf>
<wf cmd="tag" pos="NN">number</wf>
<wf cmd="ignore" pos="IN">of</wf>
<wf cmd="tag" pos="NNS">movements</wf>
<wf cmd="ignore" pos="IN">for</wf>
<wf cmd="ignore" pos="DT">the</wf>
<wf cmd="tag" pos="NN">service</wf>
<wf cmd="ignore" pos="IN">of</wf>
<wf cmd="tag" pos="NN">mankind</wf>
<wf cmd="ignore" pos="WDT">which</wf>
<wf cmd="done" pos="VB" lemma="arise" wnsn="1" lexsn="2:42:00::">arose</wf>
<wf cmd="ignore" pos="IN">from</wf>
<wf cmd="ignore" pos="DT">the</wf>
<wf cmd="tag" pos="JJ">kindred</wf>
<wf cmd="tag" pos="NNP">Evangelicalism</wf>
<wf cmd="ignore" pos="IN">of</wf>
<wf cmd="tag" pos="NN">the_British</wf>
<wf cmd="tag" pos="NNP">Isles</wf>
<wf cmd="ignore" pos="CC">and</wf>
<wf cmd="ignore" pos="DT">the</wf>
<wf cmd="tag" pos="NNP">Pietism</wf>
<wf cmd="ignore" pos="IN">of</wf>
<wf cmd="ignore" pos="DT">the</wf>
<wf cmd="tag" pos="NN">Continent</wf>
<wf cmd="ignore" pos="IN">of</wf>
<wf cmd="tag" pos="NNP">Europe</wf>
<punc>-</punc>
<wf cmd="ignore" pos="IN">among</wf>
<wf cmd="ignore" pos="PRP">them</wf>
<wf cmd="tag" pos="NN">prison</wf>
<wf cmd="tag" pos="NN">reform</wf>
<punc>,</punc>
<wf cmd="tag" pos="JJ">anti-slavery</wf>
<wf cmd="tag" pos="NNS">measures</wf>
<punc>,</punc>
<wf cmd="tag" pos="NN">legislation</wf>
<wf cmd="ignore" pos="IN">for</wf>
<wf cmd="ignore" pos="DT">the</wf>
<wf cmd="tag" pos="NN">alleviation</wf>
<wf cmd="ignore" pos="IN">of</wf>
<wf cmd="tag" pos="NNS">conditions</wf>
<wf cmd="ignore" pos="IN">of</wf>
<wf cmd="tag" pos="NN">labour</wf>
<punc>,</punc>
<wf cmd="ignore" pos="DT">the</wf>
<wf cmd="tag" pos="NNP">Inner_Mission</wf>
<punc>,</punc>
<wf cmd="ignore" pos="CC">and</wf>
<wf cmd="ignore" pos="DT">the</wf>
<wf cmd="tag" pos="NN">Red_Cross</wf>
<punc>.</punc>
</s>
</p>
<p pnum="12">
<s snum="55">
<wf cmd="ignore" pos="PRP">We</wf>
<wf cmd="ignore" pos="MD">cannot</wf>
<wf cmd="done" pos="VB" lemma="take" wnsn="2" lexsn="2:40:06::">take</wf>
<wf cmd="ignore" pos="DT">the</wf>
<wf cmd="tag" pos="NN">space</wf>
<wf cmd="ignore" pos="TO">to</wf>
<wf cmd="done" pos="VB" lemma="record" wnsn="1" lexsn="2:32:00::">record</wf>
<wf cmd="ignore" pos="PDT">all</wf>
<wf cmd="ignore" pos="DT">the</wf>
<wf cmd="tag" pos="NNS">efforts</wf>
<wf cmd="ignore" pos="IN">for</wf>
<wf cmd="ignore" pos="DT">the</wf>
<wf cmd="tag" pos="NN">removal</wf>
<wf cmd="ignore" pos="CC">or</wf>
<wf cmd="tag" pos="NN">alleviation</wf>
<wf cmd="ignore" pos="IN">of</wf>
<wf cmd="tag" pos="JJ">collective</wf>
<wf cmd="tag" pos="NNS">ills</wf>
<punc>.</punc>
</s>
<s snum="56">
<wf cmd="tag" pos="JJ">A_few</wf>
<wf cmd="ignore" pos="IN">of</wf>
<wf cmd="ignore" pos="DT">the</wf>
<wf cmd="tag" pos="RBR">more</wf>
<wf cmd="tag" pos="JJ">prominent</wf>
<wf cmd="ignore" pos="MD">must</wf>
<wf cmd="done" pos="VB" lemma="serve" wnsn="1" lexsn="2:42:03::">serve</wf>
<wf cmd="done" pos="VB" ot="notag">as</wf>
<wf cmd="tag" pos="NNS">examples</wf>
<wf cmd="tag" pos="RB">of_what</wf>
<wf cmd="ignore" pos="DT">a</wf>
<wf cmd="tag" pos="JJ">complete</wf>
<wf cmd="tag" pos="NN">listing</wf>
<wf cmd="ignore" pos="CC">and</wf>
<wf cmd="tag" pos="NN">description</wf>
<wf cmd="ignore" pos="MD">would</wf>
<wf cmd="done" pos="VB" lemma="disclose" wnsn="1" lexsn="2:32:00::">disclose</wf>
<punc>.</punc>
</s>
<s snum="57">
<wf cmd="tag" pos="JJ">Several</wf>
<wf cmd="done" rdf="be_born" pos="VB" lemma="be_born" wnsn="1" lexsn="2:30:00::">were_born</wf>
<wf cmd="ignore" pos="IN">in</wf>
<wf cmd="ignore" pos="DT">the</wf>
<wf cmd="tag" pos="JJ">early</wf>
<wf cmd="tag" pos="NNS">decades</wf>
<wf cmd="ignore" pos="CC">and</wf>
<wf cmd="done" pos="VB" lemma="persist" wnsn="2" lexsn="2:30:01::">persisted</wf>
<wf cmd="ignore" pos="IN">throughout</wf>
<wf cmd="ignore" pos="DT">the</wf>
<wf cmd="tag" pos="NN">century</wf>
<punc>.</punc>
</s>
<s snum="58">
<wf cmd="tag" pos="NNS">Others</wf>
<wf cmd="done" pos="VB" lemma="be" wnsn="1" lexsn="2:42:03::">were</wf>
<wf cmd="tag" pos="JJ">ephemeral</wf>
<punc>.</punc>
</s>
<s snum="59">
<wf cmd="ignore" pos="DT">Some</wf>
<wf cmd="done" pos="VB" lemma="disappear" wnsn="1" lexsn="2:30:00::">disappeared</wf>
<wf cmd="ignore" pos="IN">with</wf>
<wf cmd="ignore" pos="DT">the</wf>
<wf cmd="tag" pos="NN">attainment</wf>
<wf cmd="ignore" pos="IN">of</wf>
<wf cmd="ignore" pos="PRP$">their</wf>
<wf cmd="tag" pos="NN">purpose</wf>
<punc>.</punc>
</s>
<s snum="60">
<wf cmd="tag" pos="RB">Still</wf>
<wf cmd="tag" pos="NNS">others</wf>
<wf cmd="done" pos="VB" lemma="spring_up" wnsn="1" lexsn="2:42:00::">sprang_up</wf>
<wf cmd="tag" pos="JJ">late</wf>
<wf cmd="ignore" pos="IN">in</wf>
<wf cmd="ignore" pos="DT">the</wf>
<wf cmd="tag" pos="NN">century</wf>
<wf cmd="ignore" pos="TO">to</wf>
<wf cmd="done" pos="VB" lemma="meet" wnsn="6" lexsn="2:41:02::">meet</wf>
<wf cmd="tag" pos="NNS">conditions</wf>
<wf cmd="ignore" pos="WDT">which</wf>
<wf cmd="done" pos="VB" lemma="arise" wnsn="1" lexsn="2:42:00::">arose</wf>
<wf cmd="ignore" pos="IN">from</wf>
<wf cmd="tag" pos="JJ">fresh</wf>
<wf cmd="tag" pos="NNS">stages</wf>
<wf cmd="ignore" pos="IN">of</wf>
<wf cmd="ignore" pos="DT">the</wf>
<wf cmd="tag" pos="JJ">revolutionary</wf>
<wf cmd="tag" pos="NN">age</wf>
<punc>.</punc>
</s>
</p>
<p pnum="13">
<s snum="61">
<wf cmd="ignore" pos="DT">The</wf>
<wf cmd="tag" pos="NN">movement</wf>
<wf cmd="ignore" pos="TO">to</wf>
<wf cmd="done" pos="VB" lemma="end" wnsn="2" lexsn="2:30:01::">end</wf>
<wf cmd="tag" pos="NNP">Negro</wf>
<wf cmd="tag" pos="NN">slavery</wf>
<wf cmd="done" pos="VB" lemma="begin" wnsn="1" lexsn="2:30:00::">began</wf>
<wf cmd="ignore" pos="IN">before</wf>
<wf cmd="tag" pos="CD">1815</wf>
<wf cmd="ignore" pos="CC">and</wf>
<wf cmd="done" pos="VB" lemma="mount" wnsn="2" lexsn="2:30:00::">mounted</wf>
<wf cmd="tag" pos="RB">after_that</wf>
<wf cmd="tag" pos="NN">year</wf>
<wf cmd="ignore" pos="IN">until</wf>
<punc>,</punc>
<wf cmd="ignore" pos="IN">as</wf>
<wf cmd="ignore" pos="DT">a</wf>
<wf cmd="tag" pos="NN">result</wf>
<wf cmd="ignore" pos="IN">of</wf>
<wf cmd="ignore" pos="DT">the</wf>
<wf cmd="tag" pos="NN">Civil_War</wf>
<punc>,</punc>
<wf cmd="tag" pos="NN">emancipation</wf>
<wf cmd="done" pos="VBD" ot="notag">was</wf>
<wf cmd="done" pos="VB" lemma="achieve" wnsn="1" lexsn="2:41:00::">achieved</wf>
<punc>.</punc>
</s>
</p>
<p pnum="14">
<s snum="62">
<wf cmd="tag" pos="NNP">Long</wf>
<wf cmd="ignore" pos="IN">before</wf>
<wf cmd="tag" pos="CD">1815</wf>
<wf cmd="ignore" pos="DT">the</wf>
<wf cmd="tag" pos="NNP">Christian</wf>
<wf cmd="tag" pos="NN">conscience</wf>
<wf cmd="done" pos="VBD" ot="notag">was</wf>
<wf cmd="done" pos="VB" lemma="lead" wnsn="5" lexsn="2:32:00::">leading</wf>
<wf cmd="ignore" pos="DT">some</wf>
<wf cmd="ignore" pos="TO">to</wf>
<wf cmd="done" pos="VB" lemma="declare" wnsn="4" lexsn="2:32:04::">declare</wf>
<wf cmd="tag" pos="NN">slavery</wf>
<wf cmd="tag" pos="JJ">wrong</wf>
<wf cmd="ignore" pos="CC">and</wf>
<wf cmd="ignore" pos="TO">to</wf>
<wf cmd="done" pos="VB" lemma="act" wnsn="2" lexsn="2:29:00::">act</wf>
<wf cmd="tag" pos="RB">accordingly</wf>
<punc>.</punc>
</s>
<s snum="63">
<wf cmd="tag" pos="RB">For_example</wf>
<punc>,</punc>
<wf cmd="ignore" pos="IN">in</wf>
<wf cmd="tag" pos="CD">1693</wf>
<wf cmd="ignore" pos="DT">the</wf>
<wf cmd="tag" pos="NNP">Philadelphia_Yearly</wf>
<wf cmd="tag" pos="NN">Meeting</wf>
<wf cmd="ignore" pos="IN">of</wf>
<wf cmd="tag" pos="NNS">Friends</wf>
<wf cmd="done" pos="VB" lemma="declare" wnsn="3" lexsn="2:32:01::">declared</wf>
<wf cmd="ignore" pos="IN">that</wf>
<wf cmd="ignore" pos="PRP$">its</wf>
<wf cmd="tag" pos="NNS">members</wf>
<wf cmd="ignore" pos="MD">should</wf>
<wf cmd="done" pos="VB" lemma="emancipate" wnsn="2" lexsn="2:41:00::">emancipate</wf>
<wf cmd="ignore" pos="PRP$">their</wf>
<wf cmd="tag" pos="NNS">slaves</wf>
<wf cmd="ignore" pos="CC">and</wf>
<wf cmd="ignore" pos="IN">in</wf>
<wf cmd="tag" pos="CD">1776</wf>
<wf cmd="ignore" pos="PRP">it</wf>
<wf cmd="done" pos="VB" lemma="determine" wnsn="3" lexsn="2:31:01::">determined</wf>
<wf cmd="ignore" pos="TO">to</wf>
<wf cmd="done" pos="VB" lemma="exclude" wnsn="4" lexsn="2:32:01::">exclude</wf>
<wf cmd="ignore" pos="IN">from</wf>
<wf cmd="tag" pos="NN">membership</wf>
<wf cmd="ignore" pos="DT">all</wf>
<wf cmd="ignore" pos="WP">who</wf>
<wf cmd="done" pos="VBD" ot="notag">did</wf>
<wf cmd="tag" pos="RB">not</wf>
<wf cmd="done" pos="VB" lemma="comply" wnsn="1" lexsn="2:41:00::">comply</wf>
<punc>.</punc>
</s>
<s snum="64">
<wf cmd="ignore" pos="IN">In</wf>
<wf cmd="ignore" pos="DT">the</wf>
<wf cmd="tag" pos="NN">latter</wf>
<wf cmd="tag" pos="NN">year</wf>
<wf cmd="tag" pos="NNP">Samuel_Hopkins</wf>
<punc>,</punc>
<wf cmd="ignore" pos="IN">from</wf>
<wf cmd="ignore" pos="WP">whom</wf>
<wf cmd="ignore" pos="DT">the</wf>
<wf cmd="tag" pos="NNP">Hopkinsian</wf>
<wf cmd="tag" pos="NN">strain</wf>
<wf cmd="ignore" pos="IN">of</wf>
<wf cmd="tag" pos="NN">New_England</wf>
<wf cmd="tag" pos="NN">theology</wf>
<wf cmd="done" pos="VB" lemma="take" wnsn="10" lexsn="2:31:01::">took</wf>
<wf cmd="ignore" pos="PRP$">its</wf>
<wf cmd="tag" pos="NN">name</wf>
<punc>,</punc>
<wf cmd="done" pos="VB" lemma="ask" wnsn="2" lexsn="2:32:01::">asked</wf>
<wf cmd="ignore" pos="DT">the</wf>
<wf cmd="tag" pos="NNP">Continental_Congress</wf>
<wf cmd="ignore" pos="TO">to</wf>
<wf cmd="done" pos="VB" lemma="abolish" wnsn="1" lexsn="2:41:00::">abolish</wf>
<wf cmd="tag" pos="NN">slavery</wf>
<punc>.</punc>
</s>
<s snum="65">
<wf cmd="ignore" pos="IN">As</wf>
<wf cmd="ignore" pos="PRP">we</wf>
<wf cmd="done" pos="VBP" ot="notag">have</wf>
<wf cmd="done" pos="VB" lemma="see" wnsn="6" lexsn="2:31:02::">seen</wf>
<punc>,</punc>
<wf cmd="tag" pos="NNP">Methodism</wf>
<wf cmd="tag" pos="JJ">early</wf>
<wf cmd="done" pos="VB" lemma="take" wnsn="1" lexsn="2:41:04::">took</wf>
<wf cmd="done" pos="VB" ot="notag">a</wf>
<wf cmd="tag" pos="NN">stand</wf>
<wf cmd="ignore" pos="IN">against</wf>
<wf cmd="tag" pos="NN">slavery</wf>
<punc>.</punc>
</s>
<s snum="66">
<wf cmd="done" pos="VB" lemma="begin" wnsn="1" lexsn="2:30:00::">Beginning</wf>
<wf cmd="tag" pos="RB">at_least</wf>
<wf cmd="tag" pos="RB">as</wf>
<wf cmd="tag" pos="RB">far</wf>
<wf cmd="tag" pos="RB">back</wf>
<wf cmd="ignore" pos="IN">as</wf>
<wf cmd="tag" pos="CD">1789</wf>
<wf cmd="tag" pos="JJ">various</wf>
<wf cmd="tag" pos="NNP">Baptist</wf>
<wf cmd="tag" pos="NNS">bodies</wf>
<wf cmd="done" pos="VB" lemma="condemn" wnsn="1" lexsn="2:32:00::">condemned</wf>
<wf cmd="tag" pos="NN">slavery</wf>
<punc>.</punc>
</s>
</p>
<p pnum="15">
<s snum="67">
<wf cmd="ignore" pos="IN">After</wf>
<wf cmd="tag" pos="CD">1815</wf>
<wf cmd="tag" pos="JJ">anti-slavery</wf>
<wf cmd="tag" pos="NN">sentiment</wf>
<wf cmd="done" pos="VB" lemma="mount" wnsn="2" lexsn="2:30:00::">mounted</wf>
<punc>,</punc>
<wf cmd="tag" pos="RB">chiefly</wf>
<wf cmd="ignore" pos="IN">among</wf>
<wf cmd="tag" pos="NNPS">Protestants</wf>
<wf cmd="ignore" pos="CC">and</wf>
<wf cmd="ignore" pos="DT">those</wf>
<wf cmd="ignore" pos="IN">of</wf>
<wf cmd="tag" pos="NNP">Protestant</wf>
<wf cmd="tag" pos="NN">background</wf>
<wf cmd="ignore" pos="IN">of</wf>
<wf cmd="ignore" pos="DT">the</wf>
<wf cmd="tag" pos="JJR">older</wf>
<wf cmd="tag" pos="NN">stock</wf>
<punc>.</punc>
</s>
<s snum="68">
<wf cmd="ignore" pos="DT">The</wf>
<wf cmd="tag" pos="JJ">nineteenth-century</wf>
<wf cmd="tag" pos="NN">immigration</wf>
<punc>,</punc>
<wf cmd="ignore" pos="IN">whether</wf>
<wf cmd="tag" pos="NNP">Protestant</wf>
<wf cmd="ignore" pos="CC">or</wf>
<wf cmd="tag" pos="NN">Roman_Catholic</wf>
<punc>,</punc>
<wf cmd="done" pos="VBD" ot="notag">was</wf>
<wf cmd="tag" pos="RB">not</wf>
<wf cmd="tag" pos="RB">so_much</wf>
<wf cmd="done" pos="VB" lemma="concern" wnsn="2" lexsn="2:42:01::">concerned</wf>
<punc>,</punc>
<wf cmd="ignore" pos="IN">for</wf>
<wf cmd="tag" pos="JJ">very_few</wf>
<wf cmd="ignore" pos="IN">if</wf>
<wf cmd="ignore" pos="DT">any</wf>
<wf cmd="ignore" pos="IN">among</wf>
<wf cmd="ignore" pos="PRP">them</wf>
<wf cmd="done" pos="VB" lemma="hold" wnsn="4" lexsn="2:40:00::">held</wf>
<wf cmd="tag" pos="NNS">slaves</wf>
<punc>:</punc>
</s>
<s snum="69">
<wf cmd="ignore" pos="PRP">they</wf>
<wf cmd="done" pos="VB" lemma="be" wnsn="3" lexsn="2:42:05::">were</wf>
<wf cmd="tag" pos="RB">mostly</wf>
<wf cmd="ignore" pos="IN">in</wf>
<wf cmd="ignore" pos="DT">the</wf>
<wf cmd="tag" pos="NNP">Northern</wf>
<wf cmd="tag" pos="NNS">states</wf>
<wf cmd="ignore" pos="WRB">where</wf>
<wf cmd="tag" pos="NN">slavery</wf>
<wf cmd="done" pos="VBD" ot="notag">had</wf>
<wf cmd="done" pos="VB" lemma="disappear" wnsn="1" lexsn="2:30:00::">disappeared</wf>
<wf cmd="ignore" pos="CC">or</wf>
<wf cmd="done" pos="VB" lemma="be" wnsn="1" lexsn="2:42:03::">was</wf>
<wf cmd="done" pos="VB" ot="notag">on</wf>
<wf cmd="ignore" pos="DT">the</wf>
<wf cmd="tag" pos="NN">way</wf>
<wf cmd="tag" pos="JJ">out</wf>
<punc>,</punc>
<wf cmd="ignore" pos="CC">or</wf>
<wf cmd="done" pos="VB" lemma="be" wnsn="1" lexsn="2:42:03::">were</wf>
<wf cmd="tag" pos="RB">too</wf>
<wf cmd="tag" pos="JJ">poverty-stricken</wf>
<wf cmd="ignore" pos="TO">to</wf>
<wf cmd="done" pos="VB" lemma="own" wnsn="1" lexsn="2:40:00::">own</wf>
<wf cmd="tag" pos="NNS">slaves</wf>
<punc>.</punc>
</s>
</p>
<p pnum="16">
<s snum="70">
<wf cmd="ignore" pos="DT">The</wf>
<wf cmd="tag" pos="JJ">anti-slavery</wf>
<wf cmd="tag" pos="NN">movement</wf>
<wf cmd="done" pos="VB" ot="idiom">took_many_forms</wf>
<punc>.</punc>
</s>
<s snum="71">
<wf cmd="tag" pos="NNP">Benjamin_Lundy</wf>
<punc>(</punc>
<wf cmd="tag" pos="CD">1789</wf>
<punc>-</punc>
<wf cmd="tag" pos="CD">1839</wf>
<punc>)</punc>
<punc>,</punc>
<wf cmd="ignore" pos="DT">a</wf>
<wf cmd="tag" pos="NNP">Quaker</wf>
<punc>,</punc>
<wf cmd="done" pos="VB" lemma="be" wnsn="1" lexsn="2:42:03::">was</wf>
<wf cmd="ignore" pos="DT">a</wf>
<wf cmd="tag" pos="NN">pioneer</wf>
<wf cmd="ignore" pos="IN">in</wf>
<wf cmd="done" pos="VB" lemma="prepare" wnsn="1" lexsn="2:30:00::">preparing</wf>
<wf cmd="ignore" pos="DT">the</wf>
<wf cmd="tag" pos="NN">way</wf>
<wf cmd="ignore" pos="IN">for</wf>
<wf cmd="tag" pos="JJ">anti-slavery</wf>
<wf cmd="tag" pos="NNS">societies</wf>
<punc>.</punc>
</s>
<s snum="72">
<wf cmd="ignore" pos="PRP">It</wf>
<wf cmd="done" pos="VB" lemma="be" wnsn="2" lexsn="2:42:06::">was</wf>
<wf cmd="ignore" pos="PRP">he</wf>
<wf cmd="ignore" pos="WP">who</wf>
<wf cmd="done" pos="VB" lemma="turn" wnsn="1" lexsn="2:38:00::">turned</wf>
<wf cmd="ignore" pos="DT">the</wf>
<wf cmd="tag" pos="NN">attention</wf>
<wf cmd="ignore" pos="IN">of</wf>
<wf cmd="tag" pos="NNP">William_Lloyd_Garrison</wf>
<punc>(</punc>
<wf cmd="tag" pos="CD">1805</wf>
<punc>-</punc>
<wf cmd="tag" pos="CD">1879</wf>
<punc>)</punc>
<wf cmd="ignore" pos="TO">to</wf>
<wf cmd="ignore" pos="DT">the</wf>
<wf cmd="tag" pos="NN">subject</wf>
<punc>.</punc>
</s>
<s snum="73">
<wf cmd="tag" pos="NNP">Garrison</wf>
<punc>,</punc>
<wf cmd="tag" pos="NNP">Massachusetts</wf>
<wf cmd="tag" pos="JJ">born</wf>
<wf cmd="ignore" pos="IN">of</wf>
<wf cmd="tag" pos="NNP">Nova_Scotian</wf>
<wf cmd="tag" pos="NN">parentage</wf>
<punc>,</punc>
<wf cmd="done" pos="VB" lemma="be" wnsn="1" lexsn="2:42:03::">was</wf>
<wf cmd="tag" pos="RB">by_temperament</wf>
<wf cmd="ignore" pos="CC">and</wf>
<wf cmd="tag" pos="NN">conviction</wf>
<wf cmd="ignore" pos="DT">a</wf>
<wf cmd="tag" pos="NN">reformer</wf>
<punc>.</punc>
</s>
<s snum="74">
<wf cmd="tag" pos="RB">Chiefly</wf>
<wf cmd="done" pos="VB" lemma="remember" wnsn="2" lexsn="2:31:01::">remembered</wf>
<wf cmd="ignore" pos="IN">because</wf>
<wf cmd="ignore" pos="IN">of</wf>
<wf cmd="ignore" pos="PRP$">his</wf>
<wf cmd="tag" pos="JJ">incessant</wf>
<wf cmd="tag" pos="NN">advocacy</wf>
<wf cmd="ignore" pos="IN">of</wf>
<punc>``</punc>
<wf cmd="tag" pos="JJ">immediate</wf>
<wf cmd="ignore" pos="CC">and</wf>
<wf cmd="tag" pos="JJ">unconditional</wf>
<wf cmd="tag" pos="NN">abolition</wf>
<punc>''</punc>
<punc>,</punc>
<wf cmd="ignore" pos="PRP">he</wf>
<wf cmd="tag" pos="RB">also</wf>
<wf cmd="done" pos="VB" lemma="espouse" wnsn="1" lexsn="2:40:00::">espoused</wf>
<wf cmd="ignore" pos="DT">a</wf>
<wf cmd="tag" pos="JJ">great</wf>
<wf cmd="tag" pos="NN">variety</wf>
<wf cmd="ignore" pos="IN">of</wf>
<wf cmd="tag" pos="JJ">other</wf>
<wf cmd="tag" pos="NNS">causes</wf>
<punc>-</punc>
<wf cmd="ignore" pos="IN">among</wf>
<wf cmd="ignore" pos="PRP">them</wf>
<wf cmd="tag" pos="NNS">women</wf>
<wf cmd="ignore" pos="POS">'s</wf>
<wf cmd="tag" pos="NNS">rights</wf>
<punc>,</punc>
<wf cmd="tag" pos="NN">prohibition</wf>
<punc>,</punc>
<wf cmd="ignore" pos="CC">and</wf>
<wf cmd="tag" pos="NN">justice</wf>
<wf cmd="ignore" pos="TO">to</wf>
<wf cmd="ignore" pos="DT">the</wf>
<wf cmd="tag" pos="NNPS">Indians</wf>
<punc>.</punc>
</s>
<s snum="75">
<wf cmd="tag" pos="RB">Incurably</wf>
<wf cmd="tag" pos="JJ">optimistic</wf>
<punc>,</punc>
<wf cmd="tag" pos="JJ">dogmatic</wf>
<punc>,</punc>
<wf cmd="ignore" pos="CC">and</wf>
<wf cmd="tag" pos="RB">utterly</wf>
<wf cmd="tag" pos="JJ">fearless</wf>
<punc>,</punc>
<wf cmd="ignore" pos="IN">in</wf>
<wf cmd="ignore" pos="PRP$">his</wf>
<wf cmd="tag" pos="NN">youth</wf>
<wf cmd="ignore" pos="DT">a</wf>
<wf cmd="tag" pos="JJ">devout</wf>
<wf cmd="tag" pos="NNP">Baptist</wf>
<punc>,</punc>
<wf cmd="tag" pos="RB">in_spite_of</wf>
<wf cmd="ignore" pos="PRP$">his</wf>
<wf cmd="tag" pos="NN">friendship</wf>
<wf cmd="ignore" pos="IN">for</wf>
<wf cmd="ignore" pos="DT">the</wf>
<wf cmd="tag" pos="NNP">Quaker</wf>
<wf cmd="tag" pos="NN">poet</wf>
<wf cmd="tag" pos="NNP">John_Greenleaf_Whittier</wf>
<punc>(</punc>
<wf cmd="tag" pos="CD">1807</wf>
<punc>-</punc>
<wf cmd="tag" pos="CD">1892</wf>
<punc>)</punc>
<wf cmd="ignore" pos="PRP">he</wf>
<wf cmd="tag" pos="RB">eventually</wf>
<wf cmd="done" pos="VB" lemma="attack" wnsn="2" lexsn="2:32:00::">attacked</wf>
<wf cmd="ignore" pos="DT">the</wf>
<wf cmd="tag" pos="NN">orthodox_churches</wf>
<wf cmd="ignore" pos="IN">for</wf>
<wf cmd="ignore" pos="WP">what</wf>
<wf cmd="ignore" pos="PRP">he</wf>
<wf cmd="done" pos="VB" lemma="deem" wnsn="1" lexsn="2:31:00::">deemed</wf>
<wf cmd="ignore" pos="PRP$">their</wf>
<wf cmd="tag" pos="JJ">cowardly</wf>
<wf cmd="done" pos="VB" lemma="compromise" wnsn="1" lexsn="2:32:01::">compromising</wf>
<wf cmd="ignore" pos="IN">on</wf>
<wf cmd="ignore" pos="DT">the</wf>
<wf cmd="tag" pos="NN">slavery</wf>
<wf cmd="tag" pos="NN">issue</wf>
<wf cmd="ignore" pos="CC">and</wf>
<wf cmd="ignore" pos="IN">in</wf>
<wf cmd="ignore" pos="PRP$">his</wf>
<wf cmd="tag" pos="RB">invariably</wf>
<wf cmd="tag" pos="JJ">ardent</wf>
<wf cmd="tag" pos="NN">manner</wf>
<wf cmd="done" pos="VB" lemma="be" wnsn="1" lexsn="2:42:03::">was</wf>
<wf cmd="tag" pos="RB">emphatically</wf>
<wf cmd="tag" pos="JJ">unorthodox</wf>
<wf cmd="ignore" pos="CC">and</wf>
<wf cmd="done" pos="VB" lemma="deny" wnsn="2" lexsn="2:32:01::">denied</wf>
<wf cmd="ignore" pos="DT">the</wf>
<wf cmd="tag" pos="JJ">plenary</wf>
<wf cmd="tag" pos="NN">inspiration</wf>
<wf cmd="ignore" pos="IN">of</wf>
<wf cmd="ignore" pos="DT">the</wf>
<wf cmd="tag" pos="NNP">Bible</wf>
<punc>.</punc>
</s>
</p>
<p pnum="17">
<s snum="76">
<wf cmd="ignore" pos="DT">A</wf>
<wf cmd="tag" pos="JJ">marked</wf>
<wf cmd="tag" pos="NN">impulse</wf>
<wf cmd="done" pos="VB" lemma="come" wnsn="2" lexsn="2:38:04::">came</wf>
<wf cmd="done" pos="VB" ot="notag">to</wf>
<wf cmd="ignore" pos="DT">the</wf>
<wf cmd="tag" pos="JJ">anti-slavery</wf>
<wf cmd="tag" pos="NN">movement</wf>
<wf cmd="ignore" pos="IN">through</wf>
<wf cmd="ignore" pos="DT">the</wf>
<wf cmd="tag" pos="NNP">Finney</wf>
<wf cmd="tag" pos="NNS">revivals</wf>
<punc>.</punc>
</s>
<s snum="77">
<wf cmd="tag" pos="NNP">Finney</wf>
<wf cmd="ignore" pos="PRP">himself</wf>
<punc>,</punc>
<wf cmd="ignore" pos="IN">while</wf>
<wf cmd="done" pos="VB" lemma="oppose" wnsn="1" lexsn="2:32:01::">opposed</wf>
<wf cmd="ignore" pos="TO">to</wf>
<wf cmd="tag" pos="NN">slavery</wf>
<punc>,</punc>
<wf cmd="done" pos="VB" lemma="place" wnsn="1" lexsn="2:35:00::">placed</wf>
<wf cmd="ignore" pos="PRP$">his</wf>
<wf cmd="tag" pos="JJ">chief</wf>
<wf cmd="tag" pos="NN">emphasis</wf>
<wf cmd="ignore" pos="IN">on</wf>
<wf cmd="tag" pos="NN">evangelism</wf>
<punc>,</punc>
<wf cmd="ignore" pos="CC">but</wf>
<wf cmd="ignore" pos="IN">from</wf>
<wf cmd="ignore" pos="PRP$">his</wf>
<wf cmd="tag" pos="NNS">converts</wf>
<wf cmd="done" pos="VB" lemma="issue" wnsn="4" lexsn="2:30:00::">issued</wf>
<wf cmd="tag" pos="JJ">much</wf>
<wf cmd="ignore" pos="IN">of</wf>
<wf cmd="ignore" pos="DT">the</wf>
<wf cmd="tag" pos="NN">leadership</wf>
<wf cmd="ignore" pos="IN">of</wf>
<wf cmd="ignore" pos="DT">the</wf>
<wf cmd="tag" pos="JJ">anti-slavery</wf>
<wf cmd="tag" pos="NN">campaign</wf>
<punc>.</punc>
</s>
<s snum="78">
<wf cmd="tag" pos="NNP">Theodore_Dwight_Weld</wf>
<punc>(</punc>
<wf cmd="tag" pos="CD">1803</wf>
<punc>-</punc>
<wf cmd="tag" pos="CD">1895</wf>
<punc>)</punc>
<wf cmd="done" pos="VB" lemma="be" wnsn="1" lexsn="2:42:03::">was</wf>
<wf cmd="tag" pos="RB">especially</wf>
<wf cmd="tag" pos="JJ">active</wf>
<punc>.</punc>
</s>
<s snum="79">
<wf cmd="tag" pos="NNP">Weld</wf>
<wf cmd="done" pos="VB" lemma="be" wnsn="1" lexsn="2:42:03::">was</wf>
<wf cmd="ignore" pos="DT">the</wf>
<wf cmd="tag" pos="NN">son</wf>
<wf cmd="ignore" pos="CC">and</wf>
<wf cmd="tag" pos="NN">grandson</wf>
<wf cmd="ignore" pos="IN">of</wf>
<wf cmd="tag" pos="NN">New_England</wf>
<wf cmd="tag" pos="NNP">Congregational</wf>
<wf cmd="tag" pos="NNS">ministers</wf>
<punc>.</punc>
</s>
<s snum="80">
<wf cmd="ignore" pos="IN">As</wf>
<wf cmd="ignore" pos="DT">a</wf>
<wf cmd="tag" pos="NN">youth</wf>
<wf cmd="ignore" pos="PRP">he</wf>
<wf cmd="done" pos="VB" lemma="become" wnsn="2" lexsn="2:42:01::">became</wf>
<wf cmd="tag" pos="NN">one</wf>
<wf cmd="ignore" pos="IN">of</wf>
<wf cmd="tag" pos="NNP">Finney</wf>
<wf cmd="ignore" pos="POS">'s</wf>
<wf cmd="tag" pos="NN">band</wf>
<wf cmd="ignore" pos="IN">of</wf>
<wf cmd="tag" pos="NNS">evangelists</wf>
<wf cmd="ignore" pos="CC">and</wf>
<wf cmd="done" pos="VB" lemma="give" wnsn="18" lexsn="2:32:03::">gave</wf>
<wf cmd="ignore" pos="PRP">himself</wf>
<wf cmd="ignore" pos="TO">to</wf>
<wf cmd="done" pos="VB" lemma="win" wnsn="2" lexsn="2:40:00::">winning</wf>
<wf cmd="tag" pos="NN">young_men</wf>
<punc>.</punc>
</s>
<s snum="81">
<wf cmd="ignore" pos="DT">A</wf>
<wf cmd="tag" pos="JJ">strong</wf>
<wf cmd="tag" pos="NN">temperance</wf>
<wf cmd="tag" pos="NN">advocate</wf>
<punc>,</punc>
<wf cmd="ignore" pos="IN">through</wf>
<wf cmd="ignore" pos="DT">the</wf>
<wf cmd="tag" pos="NN">influence</wf>
<wf cmd="ignore" pos="IN">of</wf>
<wf cmd="ignore" pos="DT">a</wf>
<wf cmd="tag" pos="JJ">favorite</wf>
<wf cmd="tag" pos="NN">teacher</wf>
<punc>,</punc>
<wf cmd="tag" pos="NNP">Charles_Stewart</wf>
<punc>,</punc>
<wf cmd="ignore" pos="DT">another</wf>
<wf cmd="tag" pos="NNP">Finney</wf>
<wf cmd="tag" pos="NN">convert</wf>
<punc>,</punc>
<wf cmd="ignore" pos="PRP">he</wf>
<wf cmd="done" pos="VB" lemma="devote" wnsn="1" lexsn="2:32:00::">devoted</wf>
<wf cmd="ignore" pos="PRP">himself</wf>
<wf cmd="ignore" pos="TO">to</wf>
<wf cmd="ignore" pos="DT">the</wf>
<wf cmd="tag" pos="JJ">anti-slavery</wf>
<wf cmd="tag" pos="NN">cause</wf>
<punc>.</punc>
</s>
<s snum="82">
<wf cmd="ignore" pos="DT">A</wf>
<wf cmd="tag" pos="NN">group</wf>
<wf cmd="ignore" pos="IN">of</wf>
<wf cmd="tag" pos="NN">young_men</wf>
<wf cmd="done" pos="VB" lemma="influence" wnsn="1" lexsn="2:41:00::">influenced</wf>
<wf cmd="ignore" pos="IN">by</wf>
<wf cmd="ignore" pos="PRP">him</wf>
<wf cmd="done" pos="VB" lemma="enrol" wnsn="1" lexsn="2:41:00::">enrolled</wf>
<wf cmd="ignore" pos="IN">in</wf>
<wf cmd="tag" pos="NNP">Lane_Theological_Seminary</wf>
<wf cmd="ignore" pos="CC">and</wf>
<wf cmd="done" pos="VB" lemma="have" wnsn="0" lexsn="2:42:05::">had</wf>
<wf cmd="done" pos="VB" ot="notag">to</wf>
<wf cmd="done" pos="VB" lemma="leave" wnsn="1" lexsn="2:38:01::">leave</wf>
<wf cmd="ignore" pos="IN">because</wf>
<wf cmd="ignore" pos="IN">of</wf>
<wf cmd="ignore" pos="PRP$">their</wf>
<wf cmd="tag" pos="JJ">open</wf>
<wf cmd="tag" pos="JJ">anti-slavery</wf>
<wf cmd="tag" pos="NN">position</wf>
<punc>.</punc>
</s>
<s snum="83">
<wf cmd="ignore" pos="DT">The</wf>
<wf cmd="tag" pos="NN">majority</wf>
<wf cmd="tag" pos="RB">then</wf>
<wf cmd="done" pos="VB" lemma="go_to" wnsn="0" lexsn="2:38:00::">went_to</wf>
<wf cmd="ignore" pos="DT">the</wf>
<wf cmd="tag" pos="NN">infant</wf>
<wf cmd="tag" pos="NNP">Oberlin</wf>
<punc>.</punc>
</s>
<s snum="84">
<wf cmd="ignore" pos="PRP">They</wf>
<wf cmd="tag" pos="RB">and_others</wf>
<wf cmd="done" pos="VB" lemma="employ" wnsn="1" lexsn="2:34:00::">employed</wf>
<wf cmd="ignore" pos="DT">some</wf>
<wf cmd="ignore" pos="IN">of</wf>
<wf cmd="tag" pos="NNP">Finney</wf>
<wf cmd="ignore" pos="POS">'s</wf>
<wf cmd="tag" pos="NNS">techniques</wf>
<wf cmd="ignore" pos="IN">as</wf>
<wf cmd="ignore" pos="PRP">they</wf>
<wf cmd="done" pos="VB" lemma="seek" wnsn="3" lexsn="2:41:00::">sought</wf>
<wf cmd="ignore" pos="TO">to</wf>
<wf cmd="done" pos="VB" lemma="win" wnsn="2" lexsn="2:40:00::">win</wf>
<wf cmd="tag" pos="NNS">adherents</wf>
<wf cmd="ignore" pos="TO">to</wf>
<wf cmd="ignore" pos="DT">the</wf>
<wf cmd="tag" pos="NN">cause</wf>
<punc>.</punc>
</s>
<s snum="85">
<wf cmd="tag" pos="NNP">Weld</wf>
<wf cmd="done" pos="VB" lemma="contribute" wnsn="1" lexsn="2:40:01::">contributed</wf>
<wf cmd="done" pos="VB" ot="notag">to</wf>
<wf cmd="ignore" pos="DT">the</wf>
<wf cmd="tag" pos="JJ">anti-slavery</wf>
<wf cmd="tag" pos="NNS">convictions</wf>
<wf cmd="ignore" pos="IN">of</wf>
<wf cmd="tag" pos="JJ">such</wf>
<wf cmd="tag" pos="NNS">men</wf>
<wf cmd="ignore" pos="IN">as</wf>
<wf cmd="tag" pos="NNP">Joshua_R._Giddings</wf>
<wf cmd="ignore" pos="CC">and</wf>
<wf cmd="tag" pos="NNP">Edwin_M._Stanton</wf>
<punc>,</punc>
<wf cmd="done" pos="VB" lemma="enlist" wnsn="3" lexsn="2:33:01::">enlisted</wf>
<wf cmd="tag" pos="NNP">John_Quincy_Adams</wf>
<punc>,</punc>
<wf cmd="ignore" pos="CC">and</wf>
<wf cmd="done" pos="VB" lemma="help" wnsn="1" lexsn="2:41:00::">helped</wf>
<wf cmd="done" pos="VB" lemma="provide" wnsn="1" lexsn="2:40:00::">provide</wf>
<wf cmd="tag" pos="NNS">ideas</wf>
<wf cmd="ignore" pos="WDT">which</wf>
<wf cmd="done" pos="VB" lemma="underlie" wnsn="1" lexsn="2:42:00::">underlay</wf>
<wf cmd="tag" pos="NNP">Harriet_Beecher_Stowe</wf>
<wf cmd="ignore" pos="POS">'s</wf>
<wf cmd="tag" pos="NN">Uncle_Tom</wf>
<wf cmd="ignore" pos="POS">'s</wf>
<wf cmd="tag" pos="NNP">Cabin</wf>
<punc>.</punc>
</s>
<s snum="86">
<wf cmd="ignore" pos="PRP">He</wf>
<wf cmd="done" pos="VB" lemma="shun" wnsn="1" lexsn="2:32:00::">shunned</wf>
<wf cmd="tag" pos="NN">publicity</wf>
<wf cmd="ignore" pos="IN">for</wf>
<wf cmd="ignore" pos="PRP">himself</wf>
<wf cmd="ignore" pos="CC">and</wf>
<wf cmd="done" pos="VB" lemma="seek" wnsn="3" lexsn="2:41:00::">sought</wf>
<wf cmd="ignore" pos="TO">to</wf>
<wf cmd="done" pos="VB" lemma="avoid" wnsn="2" lexsn="2:41:01::">avoid</wf>
<wf cmd="tag" pos="NN">fame</wf>
<punc>.</punc>
</s>
</p>
<p pnum="18">
<s snum="87">
<wf cmd="tag" pos="NNP">Wendell_Phillips</wf>
<punc>(</punc>
<wf cmd="tag" pos="CD">1811</wf>
<punc>-</punc>
<wf cmd="tag" pos="CD">1884</wf>
<punc>)</punc>
<punc>,</punc>
<wf cmd="ignore" pos="IN">from</wf>
<wf cmd="ignore" pos="DT">a</wf>
<wf cmd="tag" pos="JJ">prominent</wf>
<wf cmd="tag" pos="NNP">Massachusetts</wf>
<wf cmd="tag" pos="NN">family</wf>
<punc>,</punc>
<wf cmd="ignore" pos="IN">in</wf>
<wf cmd="ignore" pos="PRP$">his</wf>
<wf cmd="tag" pos="NNS">teens</wf>
<wf cmd="done" pos="VBD" ot="notag">was</wf>
<wf cmd="done" pos="VB" lemma="convert" wnsn="3" lexsn="2:30:01::">converted</wf>
<wf cmd="ignore" pos="IN">under</wf>
<wf cmd="ignore" pos="DT">the</wf>
<wf cmd="tag" pos="NN">preaching</wf>
<wf cmd="ignore" pos="IN">of</wf>
<wf cmd="tag" pos="NNP">Lyman_Beecher</wf>
<punc>.</punc>
</s>
<s snum="88">
<wf cmd="ignore" pos="IN">Although</wf>
<wf cmd="ignore" pos="PRP">he</wf>
<wf cmd="tag" pos="RB">later</wf>
<wf cmd="done" pos="VB" lemma="break_with" wnsn="1" lexsn="2:41:00::">broke_with</wf>
<wf cmd="ignore" pos="DT">the</wf>
<wf cmd="tag" pos="NNS">churches</wf>
<wf cmd="ignore" pos="IN">because</wf>
<wf cmd="ignore" pos="PRP">he</wf>
<wf cmd="done" pos="VB" lemma="believe" wnsn="1" lexsn="2:31:00::">believed</wf>
<wf cmd="ignore" pos="IN">that</wf>
<wf cmd="ignore" pos="PRP">they</wf>
<wf cmd="done" pos="VB" lemma="be" wnsn="1" lexsn="2:42:03::">were</wf>
<wf cmd="tag" pos="RB">insufficiently</wf>
<wf cmd="tag" pos="JJ">outspoken</wf>
<wf cmd="ignore" pos="IN">against</wf>
<wf cmd="tag" pos="JJ">social</wf>
<wf cmd="tag" pos="NNS">evils</wf>
<punc>,</punc>
<wf cmd="ignore" pos="PRP">he</wf>
<wf cmd="done" pos="VB" lemma="remain" wnsn="1" lexsn="2:30:00::">remained</wf>
<wf cmd="ignore" pos="DT">a</wf>
<wf cmd="tag" pos="JJ">devout</wf>
<wf cmd="tag" pos="NNP">Christian</wf>
<punc>.</punc>
</s>
<s snum="89">
<wf cmd="ignore" pos="PRP">He</wf>
<wf cmd="done" pos="VB" ot="notag">was</wf>
<wf cmd="done" pos="VB" lemma="remember" wnsn="2" lexsn="2:31:01::">remembered</wf>
<wf cmd="tag" pos="RB">chiefly</wf>
<wf cmd="ignore" pos="IN">for</wf>
<wf cmd="ignore" pos="PRP$">his</wf>
<wf cmd="tag" pos="JJ">fearless</wf>
<wf cmd="tag" pos="NN">advocacy</wf>
<wf cmd="ignore" pos="IN">of</wf>
<wf cmd="tag" pos="NN">abolition</wf>
<punc>,</punc>
<wf cmd="ignore" pos="CC">but</wf>
<wf cmd="ignore" pos="PRP">he</wf>
<wf cmd="tag" pos="RB">also</wf>
<wf cmd="done" pos="VB" lemma="stand" wnsn="0" lexsn="2:32:02::">stood</wf>
<wf cmd="done" pos="VB" ot="notag">for</wf>
<wf cmd="tag" pos="JJ">equal</wf>
<wf cmd="tag" pos="NNS">rights</wf>
<wf cmd="ignore" pos="IN">for</wf>
<wf cmd="tag" pos="NNS">women</wf>
<punc>,</punc>
<wf cmd="ignore" pos="IN">for</wf>
<wf cmd="tag" pos="NN">opportunity</wf>
<wf cmd="ignore" pos="IN">for</wf>
<wf cmd="ignore" pos="DT">the</wf>
<wf cmd="tag" pos="NNS">freedmen</wf>
<punc>,</punc>
<wf cmd="ignore" pos="CC">and</wf>
<wf cmd="ignore" pos="IN">for</wf>
<wf cmd="tag" pos="NN">prohibition</wf>
<punc>.</punc>
</s>
</p>
<p pnum="19">
<s snum="90">
<wf cmd="ignore" pos="DT">The</wf>
<wf cmd="tag" pos="JJ">anti-slavery</wf>
<wf cmd="tag" pos="NN">movement</wf>
<wf cmd="ignore" pos="CC">and</wf>
<wf cmd="tag" pos="JJ">other</wf>
<wf cmd="tag" pos="JJ">contemporary</wf>
<wf cmd="tag" pos="NNS">reforms</wf>
<wf cmd="ignore" pos="CC">and</wf>
<wf cmd="tag" pos="NNS">philanthropies</wf>
<wf cmd="done" pos="VBD" ot="notag">were</wf>
<wf cmd="done" pos="VB" lemma="give" wnsn="1" lexsn="2:40:03::">given</wf>
<wf cmd="tag" pos="NN">leadership</wf>
<wf cmd="ignore" pos="CC">and</wf>
<wf cmd="tag" pos="JJ">financial</wf>
<wf cmd="tag" pos="NN">undergirding</wf>
<wf cmd="ignore" pos="IN">by</wf>
<wf cmd="tag" pos="NNP">Arthur_Tappan</wf>
<punc>(</punc>
<wf cmd="tag" pos="CD">1786</wf>
<punc>-</punc>
<wf cmd="tag" pos="CD">1865</wf>
<punc>)</punc>
<wf cmd="ignore" pos="CC">and</wf>
<wf cmd="ignore" pos="PRP$">his</wf>
<wf cmd="tag" pos="JJR">younger</wf>
<wf cmd="tag" pos="NN">brother</wf>
<punc>,</punc>
<wf cmd="tag" pos="NNP">Lewis_Tappan</wf>
<punc>(</punc>
<wf cmd="tag" pos="CD">1788</wf>
<punc>-</punc>
<wf cmd="tag" pos="CD">1873</wf>
<punc>)</punc>
<punc>.</punc>
</s>
</p>
</context>
</contextfile>
