<contextfile concordance="brown">
<context filename="br-d09" paras="yes">
<p pnum="1">
<s snum="1">
<wf cmd="tag" pos="JJ">Few</wf>
<wf cmd="tag" pos="NNS">persons</wf>
<wf cmd="ignore" pos="WP">who</wf>
<wf cmd="done" pos="VB" lemma="join" wnsn="1" lexsn="2:41:00::">join</wf>
<wf cmd="ignore" pos="DT">the</wf>
<wf cmd="tag" pos="NNP">Church</wf>
<wf cmd="done" pos="VB" lemma="be" wnsn="1" lexsn="2:42:03::">are</wf>
<wf cmd="tag" pos="JJ">insincere</wf>
<punc>.</punc>
</s>
<s snum="2">
<wf cmd="ignore" pos="PRP">They</wf>
<wf cmd="tag" pos="RB">earnestly</wf>
<wf cmd="done" pos="VB" lemma="desire" wnsn="1" lexsn="2:37:00::">desire</wf>
<wf cmd="ignore" pos="TO">to</wf>
<wf cmd="done" pos="VB" lemma="do" wnsn="2" lexsn="2:36:01::">do</wf>
<wf cmd="ignore" pos="DT">the</wf>
<wf cmd="ignore" pos="MD">will</wf>
<wf cmd="ignore" pos="IN">of</wf>
<wf cmd="tag" pos="NNP">God</wf>
<punc>.</punc>
</s>
<s snum="3">
<wf cmd="ignore" pos="WRB">When</wf>
<wf cmd="ignore" pos="PRP">they</wf>
<wf cmd="done" pos="VB" ot="idiom">fall_by_the_wayside</wf>
<wf cmd="ignore" pos="CC">and</wf>
<wf cmd="done" pos="VB" lemma="fail" wnsn="1" lexsn="2:41:02::">fail</wf>
<wf cmd="ignore" pos="TO">to</wf>
<wf cmd="done" pos="VB" lemma="achieve" wnsn="1" lexsn="2:41:00::">achieve</wf>
<wf cmd="tag" pos="NNP">Christian</wf>
<wf cmd="tag" pos="NN">stature</wf>
<punc>,</punc>
<wf cmd="ignore" pos="PRP">it</wf>
<wf cmd="done" pos="VB" lemma="be" wnsn="2" lexsn="2:42:06::">is</wf>
<wf cmd="ignore" pos="DT">an</wf>
<wf cmd="tag" pos="NN">indictment</wf>
<wf cmd="ignore" pos="IN">of</wf>
<wf cmd="ignore" pos="DT">the</wf>
<wf cmd="tag" pos="NNP">Church</wf>
<punc>.</punc>
</s>
<s snum="4">
<wf cmd="ignore" pos="DT">These</wf>
<wf cmd="tag" pos="NNS">fatalities</wf>
<wf cmd="done" pos="VB" lemma="be" wnsn="2" lexsn="2:42:06::">are</wf>
<wf cmd="tag" pos="JJ">dramatic</wf>
<wf cmd="tag" pos="NN">evidence</wf>
<wf cmd="ignore" pos="IN">of</wf>
<punc>``</punc>
<wf cmd="tag" pos="RB">halfway</wf>
<wf cmd="tag" pos="NN">evangelism</wf>
<punc>''</punc>
<punc>,</punc>
<wf cmd="ignore" pos="DT">a</wf>
<wf cmd="tag" pos="NN">failure</wf>
<wf cmd="ignore" pos="TO">to</wf>
<wf cmd="done" pos="VB" lemma="follow_through" wnsn="0" lexsn="2:41:00::">follow_through</wf>
<punc>.</punc>
</s>
<s snum="5">
<wf cmd="ignore" pos="DT">A</wf>
<wf cmd="tag" pos="NN">program</wf>
<wf cmd="ignore" pos="IN">of</wf>
<wf cmd="tag" pos="NNP">Lay_Visitation_Evangelism</wf>
<wf cmd="ignore" pos="MD">can</wf>
<wf cmd="done" pos="VB" lemma="end" wnsn="1" lexsn="2:42:00::">end</wf>
<wf cmd="ignore" pos="IN">in</wf>
<wf cmd="tag" pos="JJ">dismal</wf>
<wf cmd="tag" pos="NN">defeat</wf>
<wf cmd="ignore" pos="IN">with</wf>
<wf cmd="tag" pos="NN">half</wf>
<wf cmd="ignore" pos="DT">the</wf>
<wf cmd="tag" pos="JJ">new</wf>
<wf cmd="tag" pos="NNS">members</wf>
<wf cmd="done" pos="VB" lemma="drift" wnsn="3" lexsn="2:38:01::">drifting</wf>
<wf cmd="tag" pos="RB">away</wf>
<wf cmd="ignore" pos="IN">unless</wf>
<wf cmd="tag" pos="JJ">practical</wf>
<wf cmd="tag" pos="NNS">plans</wf>
<wf cmd="ignore" pos="CC">and</wf>
<wf cmd="tag" pos="JJ">strenuous</wf>
<wf cmd="tag" pos="NNS">efforts</wf>
<wf cmd="done" pos="VBP" ot="notag">are</wf>
<wf cmd="done" pos="VB" lemma="make" wnsn="1" lexsn="2:41:00::">made</wf>
<wf cmd="ignore" pos="TO">to</wf>
<wf cmd="done" pos="VB" lemma="keep" wnsn="1" lexsn="2:42:00::">keep</wf>
<wf cmd="ignore" pos="PRP">them</wf>
<wf cmd="ignore" pos="IN">in</wf>
<wf cmd="ignore" pos="DT">the</wf>
<wf cmd="tag" pos="JJ">active</wf>
<wf cmd="tag" pos="NN">fellowship</wf>
<punc>.</punc>
</s>
</p>
<p pnum="2">
<s snum="6">
<wf cmd="ignore" pos="DT">The</wf>
<wf cmd="tag" pos="NN">work</wf>
<wf cmd="ignore" pos="IN">of</wf>
<wf cmd="tag" pos="NNP">Lay_Visitation_Evangelism</wf>
<wf cmd="done" pos="VBZ" ot="notag">is</wf>
<wf cmd="tag" pos="RB">not</wf>
<wf cmd="done" pos="VB" lemma="complete" wnsn="1" lexsn="2:30:02::">completed</wf>
<wf cmd="ignore" pos="WRB">when</wf>
<wf cmd="tag" pos="JJ">all_of</wf>
<wf cmd="ignore" pos="DT">the</wf>
<wf cmd="tag" pos="NNS">persons</wf>
<wf cmd="ignore" pos="IN">on</wf>
<wf cmd="ignore" pos="DT">the</wf>
<wf cmd="tag" pos="NNP">Responsibility_List</wf>
<wf cmd="done" pos="VBP" ot="notag">have</wf>
<wf cmd="done" pos="VBN" ot="notag">been</wf>
<wf cmd="done" pos="VB" lemma="interview" wnsn="1" lexsn="2:32:00::">interviewed</wf>
<punc>.</punc>
</s>
<s snum="7">
<wf cmd="ignore" pos="IN">In</wf>
<wf cmd="ignore" pos="DT">the</wf>
<wf cmd="tag" pos="JJ">average</wf>
<wf cmd="tag" pos="NN">situation</wf>
<wf cmd="ignore" pos="IN">about</wf>
<wf cmd="tag" pos="NN">one-third</wf>
<wf cmd="ignore" pos="IN">of</wf>
<wf cmd="ignore" pos="DT">those</wf>
<wf cmd="done" pos="VB" lemma="visit" wnsn="3" lexsn="2:41:00::">visited</wf>
<wf cmd="done" pos="VB" lemma="make" wnsn="16" lexsn="2:36:12::">make</wf>
<wf cmd="tag" pos="NNS">commitments</wf>
<wf cmd="ignore" pos="TO">to</wf>
<wf cmd="tag" pos="NNP">Christ</wf>
<wf cmd="ignore" pos="CC">and</wf>
<wf cmd="ignore" pos="DT">the</wf>
<wf cmd="tag" pos="NNP">Church</wf>
<punc>.</punc>
</s>
<s snum="8">
<wf cmd="ignore" pos="DT">The</wf>
<wf cmd="tag" pos="NN">pastor</wf>
<wf cmd="ignore" pos="CC">and</wf>
<wf cmd="ignore" pos="DT">the</wf>
<wf cmd="tag" pos="NNP">Membership</wf>
<wf cmd="tag" pos="NN">Preparation</wf>
<wf cmd="ignore" pos="CC">and</wf>
<wf cmd="tag" pos="NNP">Assimilation_Committee</wf>
<wf cmd="ignore" pos="MD">must</wf>
<wf cmd="done" pos="VB" lemma="follow_through" wnsn="0" lexsn="2:41:00::">follow_through</wf>
<wf cmd="tag" pos="RB">immediately</wf>
<wf cmd="ignore" pos="IN">with</wf>
<wf cmd="ignore" pos="DT">a</wf>
<wf cmd="tag" pos="RB">carefully</wf>
<wf cmd="tag" pos="JJ">planned</wf>
<wf cmd="tag" pos="NN">program</wf>
<punc>.</punc>
</s>
<s snum="9">
<wf cmd="ignore" pos="DT">The</wf>
<wf cmd="tag" pos="JJ">first</wf>
<wf cmd="tag" pos="CD">thirty</wf>
<wf cmd="ignore" pos="TO">to</wf>
<wf cmd="tag" pos="CD">sixty</wf>
<wf cmd="tag" pos="NNS">days</wf>
<wf cmd="ignore" pos="IN">after</wf>
<wf cmd="tag" pos="NNS">individuals</wf>
<wf cmd="done" pos="VBP" ot="notag">make</wf>
<wf cmd="ignore" pos="PRP$">their</wf>
<wf cmd="tag" pos="NN">decision</wf>
<wf cmd="ignore" pos="MD">will</wf>
<wf cmd="done" pos="VB" lemma="determine" wnsn="2" lexsn="2:31:02::">determine</wf>
<wf cmd="ignore" pos="PRP$">their</wf>
<wf cmd="tag" pos="NN">interest</wf>
<wf cmd="ignore" pos="CC">and</wf>
<wf cmd="tag" pos="NN">participation</wf>
<wf cmd="ignore" pos="IN">in</wf>
<wf cmd="ignore" pos="DT">the</wf>
<wf cmd="tag" pos="NN">life</wf>
<wf cmd="ignore" pos="IN">of</wf>
<wf cmd="ignore" pos="DT">the</wf>
<wf cmd="tag" pos="NNP">Church</wf>
<punc>.</punc>
</s>
<s snum="10">
<wf cmd="tag" pos="NN">Neglect</wf>
<wf cmd="done" pos="VB" lemma="mean" wnsn="2" lexsn="2:42:00::">means</wf>
<wf cmd="tag" pos="JJ">spiritual</wf>
<wf cmd="tag" pos="NN">paralysis</wf>
<wf cmd="ignore" pos="CC">or</wf>
<wf cmd="tag" pos="NN">death</wf>
<punc>.</punc>
</s>
</p>
<p pnum="3">
<s snum="11">
<wf cmd="tag" pos="NNP">Churches</wf>
<wf cmd="ignore" pos="WDT">that</wf>
<wf cmd="done" pos="VB" lemma="have" wnsn="2" lexsn="2:42:00::">have</wf>
<wf cmd="ignore" pos="DT">a</wf>
<wf cmd="tag" pos="RB">carefully</wf>
<wf cmd="tag" pos="JJ">planned</wf>
<wf cmd="tag" pos="NN">program</wf>
<wf cmd="ignore" pos="IN">of</wf>
<wf cmd="tag" pos="NN">membership</wf>
<wf cmd="tag" pos="NN">preparation</wf>
<wf cmd="ignore" pos="CC">and</wf>
<wf cmd="tag" pos="NN">assimilation</wf>
<wf cmd="tag" pos="RB">often</wf>
<wf cmd="done" pos="VB" lemma="keep" wnsn="3" lexsn="2:40:00::">keep</wf>
<wf cmd="tag" pos="CD">85</wf>
<wf cmd="ignore" pos="TO">to</wf>
<wf cmd="tag" pos="CD">90</wf>
<wf cmd="tag" pos="NN">per_cent</wf>
<wf cmd="ignore" pos="IN">of</wf>
<wf cmd="ignore" pos="PRP$">their</wf>
<wf cmd="tag" pos="JJ">new</wf>
<wf cmd="tag" pos="NNS">members</wf>
<wf cmd="tag" pos="JJ">loyal</wf>
<wf cmd="ignore" pos="CC">and</wf>
<wf cmd="tag" pos="JJ">active</wf>
<punc>.</punc>
</s>
<s snum="12">
<wf cmd="ignore" pos="DT">This</wf>
<wf cmd="done" pos="VB" lemma="be" wnsn="2" lexsn="2:42:06::">is</wf>
<wf cmd="ignore" pos="DT">the</wf>
<wf cmd="tag" pos="NN">answer</wf>
<wf cmd="ignore" pos="TO">to</wf>
<wf cmd="ignore" pos="DT">the</wf>
<wf cmd="tag" pos="NN">problem</wf>
<wf cmd="ignore" pos="IN">of</wf>
<punc>``</punc>
<wf cmd="tag" pos="NN">membership</wf>
<wf cmd="tag" pos="NN">delinquency</wf>
<punc>''</punc>
<punc>.</punc>
</s>
</p>
<p pnum="4">
<s snum="13">
<wf cmd="ignore" pos="PRP">It</wf>
<wf cmd="done" pos="VB" ot="notag">is</wf>
<wf cmd="tag" pos="JJ">important</wf>
<wf cmd="ignore" pos="IN">that</wf>
<wf cmd="tag" pos="NNS">persons</wf>
<wf cmd="done" pos="VB" lemma="desire" wnsn="1" lexsn="2:37:00::">desiring</wf>
<wf cmd="ignore" pos="TO">to</wf>
<wf cmd="done" pos="VB" lemma="unite" wnsn="2" lexsn="2:30:00::">unite</wf>
<wf cmd="ignore" pos="IN">with</wf>
<wf cmd="ignore" pos="DT">the</wf>
<wf cmd="tag" pos="NNP">Church</wf>
<wf cmd="done" pos="VB" ot="notag">be</wf>
<wf cmd="done" pos="VB" lemma="prepare_for" wnsn="1" lexsn="2:30:00::">prepared_for</wf>
<wf cmd="ignore" pos="DT">this</wf>
<wf cmd="tag" pos="NN">experience</wf>
<wf cmd="tag" pos="RB">so_that</wf>
<wf cmd="ignore" pos="PRP">it</wf>
<wf cmd="ignore" pos="MD">may</wf>
<wf cmd="done" pos="VB" lemma="be" wnsn="1" lexsn="2:42:03::">be</wf>
<wf cmd="tag" pos="JJ">meaningful</wf>
<wf cmd="ignore" pos="CC">and</wf>
<wf cmd="tag" pos="RB">spiritually</wf>
<wf cmd="tag" pos="JJ">significant</wf>
<punc>.</punc>
</s>
<s snum="14">
<wf cmd="ignore" pos="PRP">It</wf>
<wf cmd="done" pos="VB" lemma="be" wnsn="1" lexsn="2:42:03::">is</wf>
<wf cmd="tag" pos="JJ">unfair</wf>
<wf cmd="ignore" pos="CC">and</wf>
<wf cmd="tag" pos="JJ">unchristian</wf>
<wf cmd="ignore" pos="TO">to</wf>
<wf cmd="done" pos="VB" lemma="ask" wnsn="2" lexsn="2:32:01::">ask</wf>
<wf cmd="ignore" pos="DT">a</wf>
<wf cmd="tag" pos="NN">person</wf>
<wf cmd="ignore" pos="TO">to</wf>
<wf cmd="done" pos="VB" lemma="take" wnsn="20" lexsn="2:40:15::">take</wf>
<wf cmd="ignore" pos="DT">the</wf>
<wf cmd="tag" pos="JJ">sacred</wf>
<wf cmd="tag" pos="NN">vows</wf>
<wf cmd="ignore" pos="IN">of</wf>
<wf cmd="tag" pos="NNP">Church</wf>
<wf cmd="tag" pos="NN">membership</wf>
<wf cmd="ignore" pos="IN">before</wf>
<wf cmd="ignore" pos="PRP">he</wf>
<wf cmd="done" pos="VBZ" ot="notag">has</wf>
<wf cmd="done" pos="VBN" ot="notag">been</wf>
<wf cmd="tag" pos="RB">carefully</wf>
<wf cmd="done" pos="VB" lemma="instruct" wnsn="1" lexsn="2:32:00::">instructed</wf>
<wf cmd="done" pos="VBG" ot="notag">concerning</wf>
<wf cmd="ignore" pos="PRP$">their</wf>
<wf cmd="tag" pos="NNS">implications</wf>
<punc>.</punc>
</s>
</p>
<p pnum="5">
<s snum="15">
<wf cmd="tag" pos="NN">Preparation</wf>
<wf cmd="ignore" pos="IN">for</wf>
<wf cmd="tag" pos="NNP">Church</wf>
<wf cmd="tag" pos="NN">membership</wf>
<wf cmd="done" pos="VB" lemma="begin" wnsn="1" lexsn="2:30:00::">begins</wf>
<wf cmd="tag" pos="RB">immediately</wf>
<wf cmd="ignore" pos="IN">after</wf>
<wf cmd="ignore" pos="DT">the</wf>
<wf cmd="tag" pos="NN">commitment</wf>
<wf cmd="done" pos="VB" ot="notag">is_received</wf>
<punc>.</punc>
</s>
</p>
<p pnum="6">
<s snum="16">
<wf cmd="ignore" pos="DT">The</wf>
<wf cmd="tag" pos="NN">pastor</wf>
<wf cmd="done" pos="VB" lemma="write" wnsn="1" lexsn="2:36:00::">writes</wf>
<wf cmd="ignore" pos="DT">a</wf>
<wf cmd="tag" pos="NN">personal_letter</wf>
<wf cmd="ignore" pos="TO">to</wf>
<wf cmd="ignore" pos="DT">each</wf>
<wf cmd="tag" pos="JJ">individual</wf>
<punc>,</punc>
<wf cmd="done" pos="VB" lemma="express" wnsn="2" lexsn="2:32:00::">expressing</wf>
<wf cmd="ignore" pos="PRP$">his</wf>
<wf cmd="tag" pos="NN">joy</wf>
<wf cmd="ignore" pos="IN">over</wf>
<wf cmd="ignore" pos="DT">the</wf>
<wf cmd="tag" pos="NN">decision</wf>
<punc>,</punc>
<wf cmd="done" pos="VB" lemma="assure" wnsn="2" lexsn="2:32:00::">assuring</wf>
<wf cmd="ignore" pos="PRP">him</wf>
<wf cmd="ignore" pos="IN">of</wf>
<wf cmd="ignore" pos="DT">a</wf>
<wf cmd="tag" pos="JJ">pastoral</wf>
<wf cmd="tag" pos="NN">call</wf>
<wf cmd="ignore" pos="IN">at</wf>
<wf cmd="ignore" pos="DT">the</wf>
<wf cmd="tag" pos="RBS">earliest</wf>
<wf cmd="tag" pos="JJ">convenient</wf>
<wf cmd="tag" pos="NN">time</wf>
<punc>,</punc>
<wf cmd="ignore" pos="CC">and</wf>
<wf cmd="done" pos="VB" lemma="outline" wnsn="1" lexsn="2:32:00::">outlining</wf>
<wf cmd="ignore" pos="DT">the</wf>
<wf cmd="tag" pos="NN">plan</wf>
<wf cmd="ignore" pos="IN">for</wf>
<wf cmd="tag" pos="NN">membership</wf>
<wf cmd="tag" pos="NN">preparation</wf>
<wf cmd="tag" pos="NNS">classes</wf>
<wf cmd="ignore" pos="CC">and</wf>
<wf cmd="tag" pos="NNP">Membership_Sunday</wf>
<punc>.</punc>
</s>
<s snum="17">
<wf cmd="ignore" pos="DT">Some</wf>
<wf cmd="tag" pos="NNS">pastors</wf>
<wf cmd="done" pos="VB" lemma="write" wnsn="1" lexsn="2:36:00::">write</wf>
<wf cmd="ignore" pos="DT">a</wf>
<wf cmd="tag" pos="NN">letter</wf>
<wf cmd="ignore" pos="DT">the</wf>
<wf cmd="tag" pos="JJ">same</wf>
<wf cmd="tag" pos="NN">night</wf>
<wf cmd="ignore" pos="DT">the</wf>
<wf cmd="tag" pos="NN">decision</wf>
<wf cmd="done" pos="VBZ" ot="notag">is</wf>
<wf cmd="done" pos="VB" lemma="report" wnsn="3" lexsn="2:32:03::">reported</wf>
<wf cmd="ignore" pos="IN">by</wf>
<wf cmd="ignore" pos="DT">the</wf>
<wf cmd="tag" pos="NNS">visitors</wf>
<punc>.</punc>
</s>
<s snum="18">
<wf cmd="ignore" pos="PRP">It</wf>
<wf cmd="ignore" pos="MD">should</wf>
<wf cmd="tag" pos="RB">not</wf>
<wf cmd="done" pos="VB" ot="notag">be</wf>
<wf cmd="done" pos="VB" lemma="postpone" wnsn="1" lexsn="2:42:00::">postponed</wf>
<wf cmd="tag" pos="RB">later</wf>
<wf cmd="ignore" pos="IN">than</wf>
<wf cmd="ignore" pos="DT">the</wf>
<wf cmd="tag" pos="JJ">next</wf>
<wf cmd="tag" pos="NN">day</wf>
<punc>.</punc>
</s>
<s snum="19">
<wf cmd="ignore" pos="DT">A</wf>
<wf cmd="tag" pos="JJ">helpful</wf>
<wf cmd="tag" pos="NN">leaflet</wf>
<wf cmd="ignore" pos="MD">may</wf>
<wf cmd="done" pos="VB" ot="notag">be</wf>
<wf cmd="done" pos="VB" lemma="enclose" wnsn="1" lexsn="2:35:01::">enclosed</wf>
<wf cmd="ignore" pos="IN">in</wf>
<wf cmd="ignore" pos="DT">the</wf>
<wf cmd="tag" pos="NN">letter</wf>
<punc>.</punc>
</s>
</p>
<p pnum="7">
<s snum="20">
<wf cmd="ignore" pos="DT">The</wf>
<wf cmd="tag" pos="NN">pastor</wf>
<wf cmd="done" pos="VB" lemma="call" wnsn="6" lexsn="2:41:00::">calls</wf>
<wf cmd="done" pos="VB" ot="notag">in</wf>
<wf cmd="ignore" pos="DT">the</wf>
<wf cmd="tag" pos="NN">home</wf>
<wf cmd="ignore" pos="IN">of</wf>
<wf cmd="ignore" pos="DT">each</wf>
<wf cmd="tag" pos="JJ">individual</wf>
<wf cmd="ignore" pos="CC">or</wf>
<wf cmd="tag" pos="NN">family</wf>
<wf cmd="ignore" pos="IN">for</wf>
<wf cmd="ignore" pos="DT">a</wf>
<wf cmd="tag" pos="JJ">spiritual</wf>
<wf cmd="tag" pos="NN">guidance</wf>
<wf cmd="tag" pos="NN">conference</wf>
<punc>.</punc>
</s>
<s snum="21">
<wf cmd="ignore" pos="IN">If</wf>
<wf cmd="tag" pos="JJ">possible</wf>
<punc>,</punc>
<wf cmd="ignore" pos="PRP">he</wf>
<wf cmd="ignore" pos="MD">should</wf>
<wf cmd="done" pos="VB" ot="notag">make</wf>
<wf cmd="ignore" pos="DT">an</wf>
<wf cmd="tag" pos="NN">appointment</wf>
<wf cmd="tag" pos="JJ">in_order</wf>
<wf cmd="ignore" pos="IN">that</wf>
<wf cmd="ignore" pos="DT">all</wf>
<wf cmd="tag" pos="NNS">persons</wf>
<wf cmd="tag" pos="JJ">involved</wf>
<wf cmd="ignore" pos="MD">may</wf>
<wf cmd="done" pos="VB" lemma="be" wnsn="3" lexsn="2:42:05::">be</wf>
<wf cmd="tag" pos="JJ">present</wf>
<punc>.</punc>
</s>
<s snum="22">
<wf cmd="ignore" pos="DT">This</wf>
<wf cmd="done" pos="VB" lemma="be" wnsn="2" lexsn="2:42:06::">is</wf>
<wf cmd="tag" pos="RB">not</wf>
<wf cmd="ignore" pos="DT">a</wf>
<wf cmd="tag" pos="JJ">social</wf>
<wf cmd="tag" pos="NN">call</wf>
<punc>.</punc>
</s>
<s snum="23">
<wf cmd="ignore" pos="PRP">It</wf>
<wf cmd="done" pos="VB" lemma="be" wnsn="2" lexsn="2:42:06::">is</wf>
<wf cmd="tag" pos="RB">definitely</wf>
<wf cmd="ignore" pos="DT">a</wf>
<punc>``</punc>
<wf cmd="tag" pos="JJ">spiritual</wf>
<wf cmd="tag" pos="NN">guidance</wf>
<wf cmd="tag" pos="NN">conference</wf>
<punc>''</punc>
<punc>.</punc>
</s>
<s snum="24">
<wf cmd="ignore" pos="PRP">He</wf>
<wf cmd="ignore" pos="MD">will</wf>
<wf cmd="done" pos="VB" lemma="discuss" wnsn="2" lexsn="2:32:00::">discuss</wf>
<wf cmd="ignore" pos="DT">the</wf>
<wf cmd="tag" pos="NN">significance</wf>
<wf cmd="ignore" pos="IN">of</wf>
<wf cmd="tag" pos="NNP">Christian</wf>
<wf cmd="tag" pos="NN">commitment</wf>
<punc>,</punc>
<wf cmd="ignore" pos="DT">the</wf>
<wf cmd="tag" pos="NN">necessity</wf>
<wf cmd="ignore" pos="IN">of</wf>
<wf cmd="tag" pos="NN">family</wf>
<wf cmd="tag" pos="NN">religion</wf>
<wf cmd="ignore" pos="CC">and</wf>
<wf cmd="tag" pos="JJ">private</wf>
<wf cmd="tag" pos="NNS">devotions</wf>
<punc>,</punc>
<wf cmd="ignore" pos="CC">and</wf>
<wf cmd="ignore" pos="DT">the</wf>
<wf cmd="tag" pos="NN">importance</wf>
<wf cmd="ignore" pos="IN">of</wf>
<wf cmd="ignore" pos="DT">the</wf>
<wf cmd="tag" pos="NN">membership</wf>
<wf cmd="tag" pos="NN">preparation</wf>
<wf cmd="tag" pos="NNS">sessions</wf>
<punc>.</punc>
</s>
<s snum="25">
<wf cmd="ignore" pos="EX">There</wf>
<wf cmd="ignore" pos="MD">may</wf>
<wf cmd="done" pos="VB" lemma="be" wnsn="4" lexsn="2:42:00::">be</wf>
<wf cmd="tag" pos="NNS">problems</wf>
<wf cmd="ignore" pos="IN">of</wf>
<wf cmd="tag" pos="NN">conduct</wf>
<wf cmd="ignore" pos="CC">or</wf>
<wf cmd="tag" pos="NNS">questions</wf>
<wf cmd="ignore" pos="IN">of</wf>
<wf cmd="tag" pos="NN">belief</wf>
<wf cmd="ignore" pos="WDT">which</wf>
<wf cmd="ignore" pos="MD">will</wf>
<wf cmd="done" pos="VB" lemma="require" wnsn="1" lexsn="2:42:00::">require</wf>
<wf cmd="ignore" pos="PRP$">his</wf>
<wf cmd="tag" pos="NN">counsel</wf>
<punc>.</punc>
</s>
<s snum="26">
<wf cmd="ignore" pos="DT">Each</wf>
<wf cmd="tag" pos="NN">conference</wf>
<wf cmd="ignore" pos="MD">should</wf>
<wf cmd="done" pos="VB" ot="notag">be</wf>
<wf cmd="done" pos="VB" lemma="conclude" wnsn="2" lexsn="2:31:01::">concluded</wf>
<wf cmd="tag" pos="RB">naturally</wf>
<wf cmd="ignore" pos="IN">with</wf>
<wf cmd="tag" pos="NN">prayer</wf>
<punc>.</punc>
</s>
<s snum="27">
<wf cmd="tag" pos="RB">A_piece</wf>
<wf cmd="ignore" pos="IN">of</wf>
<wf cmd="tag" pos="JJ">devotional</wf>
<wf cmd="tag" pos="NN">material</wf>
<punc>,</punc>
<wf cmd="tag" pos="JJ">such_as</wf>
<wf cmd="ignore" pos="DT">The</wf>
<wf cmd="tag" pos="NNP">Upper_Room</wf>
<punc>,</punc>
<wf cmd="ignore" pos="MD">may</wf>
<wf cmd="done" pos="VB" ot="notag">be_left</wf>
<wf cmd="ignore" pos="IN">in</wf>
<wf cmd="ignore" pos="DT">each</wf>
<wf cmd="tag" pos="NN">home</wf>
<punc>.</punc>
</s>
</p>
<p pnum="8">
<s snum="28">
<wf cmd="ignore" pos="DT">A</wf>
<wf cmd="tag" pos="NN">minimum</wf>
<wf cmd="ignore" pos="IN">of</wf>
<wf cmd="tag" pos="CD">four</wf>
<wf cmd="tag" pos="NNS">sessions</wf>
<wf cmd="ignore" pos="IN">of</wf>
<wf cmd="tag" pos="NN">preparation</wf>
<wf cmd="ignore" pos="IN">for</wf>
<wf cmd="tag" pos="NN">membership</wf>
<wf cmd="done" pos="VB" lemma="be" wnsn="1" lexsn="2:42:03::">is</wf>
<wf cmd="tag" pos="JJ">necessary</wf>
<wf cmd="ignore" pos="IN">for</wf>
<wf cmd="tag" pos="NNS">adults</wf>
<punc>.</punc>
</s>
<s snum="29">
<wf cmd="ignore" pos="DT">Some</wf>
<wf cmd="tag" pos="NNS">churches</wf>
<wf cmd="done" pos="VB" lemma="require" wnsn="2" lexsn="2:32:01::">require</wf>
<wf cmd="tag" pos="JJR">more</wf>
<punc>.</punc>
</s>
<s snum="30">
<wf cmd="tag" pos="NN">None</wf>
<wf cmd="ignore" pos="MD">should</wf>
<wf cmd="done" pos="VB" lemma="ask" wnsn="2" lexsn="2:32:01::">ask</wf>
<wf cmd="tag" pos="JJR">less</wf>
<punc>.</punc>
</s>
<s snum="31">
<wf cmd="ignore" pos="DT">Those</wf>
<wf cmd="ignore" pos="WP">who</wf>
<wf cmd="done" pos="VB" lemma="join" wnsn="1" lexsn="2:41:00::">join</wf>
<wf cmd="ignore" pos="DT">the</wf>
<wf cmd="tag" pos="NNP">Church</wf>
<wf cmd="done" pos="VB" ot="notag">need_to</wf>
<wf cmd="done" pos="VB" ot="notag">be</wf>
<wf cmd="done" pos="VB" lemma="instruct" wnsn="1" lexsn="2:32:00::">instructed</wf>
<wf cmd="ignore" pos="IN">in</wf>
<wf cmd="ignore" pos="DT">the</wf>
<wf cmd="tag" pos="NN">faith</wf>
<wf cmd="ignore" pos="CC">and</wf>
<wf cmd="ignore" pos="DT">the</wf>
<wf cmd="tag" pos="NN">meaning</wf>
<wf cmd="ignore" pos="IN">of</wf>
<wf cmd="tag" pos="NNP">Christian</wf>
<wf cmd="tag" pos="NN">discipleship</wf>
<wf cmd="ignore" pos="IN">before</wf>
<wf cmd="ignore" pos="PRP">they</wf>
<wf cmd="done" pos="VB" lemma="take" wnsn="20" lexsn="2:40:15::">take</wf>
<wf cmd="ignore" pos="DT">the</wf>
<wf cmd="tag" pos="JJ">sacred</wf>
<wf cmd="tag" pos="NN">vows</wf>
<punc>.</punc>
</s>
<s snum="32">
<wf cmd="ignore" pos="PRP">They</wf>
<wf cmd="ignore" pos="MD">will</wf>
<wf cmd="done" pos="VB" lemma="have" wnsn="1" lexsn="2:40:00::">have</wf>
<wf cmd="ignore" pos="DT">a</wf>
<wf cmd="tag" pos="JJR">greater</wf>
<wf cmd="tag" pos="NN">appreciation</wf>
<wf cmd="ignore" pos="IN">for</wf>
<wf cmd="ignore" pos="DT">the</wf>
<wf cmd="tag" pos="NNP">Church</wf>
<wf cmd="ignore" pos="CC">and</wf>
<wf cmd="ignore" pos="DT">a</wf>
<wf cmd="tag" pos="RBR">deeper</wf>
<wf cmd="tag" pos="NN">devotion</wf>
<wf cmd="tag" pos="RB">to_it</wf>
<wf cmd="ignore" pos="IN">if</wf>
<wf cmd="tag" pos="NN">membership</wf>
<wf cmd="done" pos="VB" lemma="require" wnsn="2" lexsn="2:32:01::">requires</wf>
<wf cmd="tag" pos="NN">something</wf>
<wf cmd="ignore" pos="IN">of</wf>
<wf cmd="ignore" pos="PRP">them</wf>
<punc>.</punc>
</s>
</p>
<p pnum="9">
<s snum="33">
<wf cmd="tag" pos="JJ">Many</wf>
<wf cmd="tag" pos="NNS">churches</wf>
<wf cmd="done" pos="VB" lemma="find" wnsn="5" lexsn="2:31:10::">find</wf>
<wf cmd="ignore" pos="DT">the</wf>
<wf cmd="tag" pos="NN">Sunday_school</wf>
<wf cmd="tag" pos="NN">hour</wf>
<wf cmd="ignore" pos="TO">to</wf>
<wf cmd="done" pos="VB" lemma="be" wnsn="1" lexsn="2:42:03::">be</wf>
<wf cmd="tag" pos="RB">the_most</wf>
<wf cmd="tag" pos="JJ">practical</wf>
<wf cmd="tag" pos="NN">time</wf>
<wf cmd="ignore" pos="IN">for</wf>
<wf cmd="tag" pos="NN">adult</wf>
<wf cmd="tag" pos="NN">preparation</wf>
<wf cmd="tag" pos="NNS">classes</wf>
<punc>.</punc>
</s>
<s snum="34">
<wf cmd="tag" pos="NNS">Others</wf>
<wf cmd="done" pos="VB" lemma="meet" wnsn="7" lexsn="2:41:00::">meet</wf>
<wf cmd="ignore" pos="IN">on</wf>
<wf cmd="tag" pos="NNP">Sunday</wf>
<wf cmd="tag" pos="NN">night</wf>
<punc>,</punc>
<wf cmd="ignore" pos="IN">at</wf>
<wf cmd="ignore" pos="DT">the</wf>
<wf cmd="tag" pos="JJ">mid-week</wf>
<wf cmd="tag" pos="NN">service</wf>
<punc>,</punc>
<wf cmd="ignore" pos="CC">or</wf>
<wf cmd="ignore" pos="IN">for</wf>
<wf cmd="ignore" pos="DT">a</wf>
<wf cmd="tag" pos="NN">series</wf>
<wf cmd="ignore" pos="IN">of</wf>
<wf cmd="tag" pos="CD">four</wf>
<wf cmd="tag" pos="NNS">nights</wf>
<punc>.</punc>
</s>
<s snum="35">
<wf cmd="ignore" pos="DT">Some</wf>
<wf cmd="tag" pos="NNS">pastors</wf>
<wf cmd="done" pos="VB" lemma="have" wnsn="8" lexsn="2:36:00::">have</wf>
<wf cmd="tag" pos="CD">two</wf>
<wf cmd="tag" pos="NNS">sessions</wf>
<wf cmd="ignore" pos="IN">in</wf>
<wf cmd="tag" pos="CD">one</wf>
<wf cmd="tag" pos="NN">evening</wf>
<punc>,</punc>
<wf cmd="ignore" pos="IN">with</wf>
<wf cmd="ignore" pos="DT">a</wf>
<wf cmd="tag" pos="NN">refreshment</wf>
<wf cmd="tag" pos="NN">period</wf>
<wf cmd="tag" pos="RB">between</wf>
<punc>.</punc>
</s>
</p>
<p pnum="10">
<s snum="36">
<wf cmd="ignore" pos="DT">The</wf>
<wf cmd="tag" pos="NNS">sessions</wf>
<wf cmd="ignore" pos="MD">should</wf>
<wf cmd="done" pos="VB" lemma="cover" wnsn="5" lexsn="2:32:01::">cover</wf>
<wf cmd="tag" pos="CD">four</wf>
<wf cmd="tag" pos="JJ">major</wf>
<wf cmd="tag" pos="NNS">areas</wf>
<punc>:</punc>
</s>
</p>
<p pnum="15">
<s snum="37">
<wf cmd="ignore" pos="DT">The</wf>
<wf cmd="tag" pos="NNP">Christian_Faith</wf>
<wf cmd="tag" pos="NN">History</wf>
<wf cmd="ignore" pos="IN">of</wf>
<wf cmd="ignore" pos="DT">the</wf>
<wf cmd="tag" pos="NNP">Church_Duties</wf>
<wf cmd="ignore" pos="IN">of</wf>
<wf cmd="tag" pos="NNP">Church_Membership</wf>
<wf cmd="ignore" pos="DT">The</wf>
<wf cmd="tag" pos="JJ">Local</wf>
<wf cmd="tag" pos="NNP">Church</wf>
<wf cmd="ignore" pos="CC">and</wf>
<wf cmd="ignore" pos="PRP$">Its</wf>
<wf cmd="tag" pos="NN">Program</wf>
<wf cmd="tag" pos="JJ">Following</wf>
<wf cmd="ignore" pos="DT">each</wf>
<wf cmd="tag" pos="NN">instruction</wf>
<wf cmd="tag" pos="NN">period</wf>
<wf cmd="tag" pos="RB">a_piece</wf>
<wf cmd="ignore" pos="IN">of</wf>
<wf cmd="tag" pos="NN">literature</wf>
<wf cmd="done" pos="VB" lemma="deal" wnsn="1" lexsn="2:32:08::">dealing</wf>
<wf cmd="tag" pos="DT">with</wf>
<wf cmd="tag" pos="DT">the</wf>
<wf cmd="tag" pos="NN">topic</wf>
<wf cmd="ignore" pos="MD">should</wf>
<wf cmd="done" pos="VB" ot="notag">be</wf>
<wf cmd="done" pos="VB" lemma="hand" wnsn="1" lexsn="2:40:00::">handed</wf>
<wf cmd="ignore" pos="DT">each</wf>
<wf cmd="tag" pos="CD">one</wf>
<wf cmd="ignore" pos="IN">for</wf>
<wf cmd="tag" pos="JJ">further</wf>
<wf cmd="tag" pos="NN">reading</wf>
<wf cmd="ignore" pos="IN">during</wf>
<wf cmd="ignore" pos="DT">the</wf>
<wf cmd="tag" pos="NN">week</wf>
<punc>.</punc>
</s>
<s snum="38">
<wf cmd="ignore" pos="DT">This</wf>
<wf cmd="tag" pos="NN">procedure</wf>
<wf cmd="done" pos="VB" lemma="be" wnsn="1" lexsn="2:42:03::">is</wf>
<wf cmd="tag" pos="JJ">much</wf>
<wf cmd="tag" pos="RBR">more</wf>
<wf cmd="tag" pos="JJ">effective</wf>
<wf cmd="ignore" pos="IN">than</wf>
<wf cmd="done" pos="VB" lemma="give_out" wnsn="2" lexsn="2:40:00::">giving_out</wf>
<wf cmd="ignore" pos="DT">a</wf>
<wf cmd="tag" pos="NN">membership</wf>
<wf cmd="tag" pos="NN">packet</wf>
<punc>.</punc>
</s>
</p>
<p pnum="16">
<s snum="39">
<wf cmd="tag" pos="JJS">Most</wf>
<wf cmd="tag" pos="NNS">pastors</wf>
<wf cmd="done" pos="VB" lemma="find" wnsn="2" lexsn="2:39:02::">find</wf>
<wf cmd="ignore" pos="IN">that</wf>
<wf cmd="ignore" pos="DT">the</wf>
<wf cmd="tag" pos="JJ">fourth</wf>
<wf cmd="tag" pos="NN">session</wf>
<wf cmd="ignore" pos="MD">should</wf>
<wf cmd="done" pos="VB" lemma="take" wnsn="2" lexsn="2:40:06::">take</wf>
<wf cmd="tag" pos="RB">at_least</wf>
<wf cmd="tag" pos="CD">two</wf>
<wf cmd="tag" pos="NNS">hours</wf>
<wf cmd="ignore" pos="CC">and</wf>
<wf cmd="tag" pos="RB">therefore</wf>
<wf cmd="done" pos="VB" lemma="hold" wnsn="3" lexsn="2:36:00::">hold</wf>
<wf cmd="ignore" pos="PRP">it</wf>
<wf cmd="ignore" pos="IN">on</wf>
<wf cmd="ignore" pos="DT">a</wf>
<wf cmd="tag" pos="NN">week</wf>
<wf cmd="tag" pos="NN">night</wf>
<wf cmd="tag" pos="RB">prior</wf>
<wf cmd="ignore" pos="TO">to</wf>
<wf cmd="tag" pos="NN">Reception</wf>
<wf cmd="tag" pos="NNP">Sunday</wf>
<punc>.</punc>
</s>
<s snum="40">
<wf cmd="tag" pos="RB">In_this</wf>
<wf cmd="tag" pos="NN">session</wf>
<wf cmd="ignore" pos="DT">the</wf>
<wf cmd="tag" pos="NNS">persons</wf>
<wf cmd="done" pos="VB" lemma="seek" wnsn="1" lexsn="2:40:00::">seeking</wf>
<wf cmd="tag" pos="NN">membership</wf>
<wf cmd="done" pos="VBP" ot="notag">are</wf>
<wf cmd="done" pos="VB" lemma="provide" wnsn="1" lexsn="2:40:00::">provided</wf>
<wf cmd="tag" pos="NN">information</wf>
<wf cmd="done" pos="VBG" ot="notag">concerning</wf>
<wf cmd="ignore" pos="DT">the</wf>
<wf cmd="tag" pos="NN">work</wf>
<wf cmd="ignore" pos="IN">of</wf>
<wf cmd="ignore" pos="DT">the</wf>
<wf cmd="tag" pos="NN">denomination</wf>
<wf cmd="tag" pos="RB">as_well</wf>
<wf cmd="ignore" pos="IN">as</wf>
<wf cmd="ignore" pos="DT">the</wf>
<wf cmd="tag" pos="NN">program</wf>
<wf cmd="ignore" pos="CC">and</wf>
<wf cmd="tag" pos="NNS">activities</wf>
<wf cmd="ignore" pos="IN">of</wf>
<wf cmd="ignore" pos="DT">the</wf>
<wf cmd="tag" pos="JJ">local</wf>
<wf cmd="tag" pos="NN">church</wf>
<punc>.</punc>
</s>
<s snum="41">
<wf cmd="ignore" pos="DT">The</wf>
<wf cmd="tag" pos="JJ">lay</wf>
<wf cmd="tag" pos="NN">leadership</wf>
<wf cmd="ignore" pos="IN">of</wf>
<wf cmd="ignore" pos="DT">the</wf>
<wf cmd="tag" pos="NN">church</wf>
<wf cmd="ignore" pos="MD">may</wf>
<wf cmd="done" pos="VB" ot="notag">be</wf>
<wf cmd="done" pos="VB" lemma="invite" wnsn="4" lexsn="2:32:00::">invited</wf>
<wf cmd="ignore" pos="TO">to</wf>
<wf cmd="done" pos="VB" lemma="speak" wnsn="1" lexsn="2:32:00::">speak</wf>
<wf cmd="ignore" pos="IN">on</wf>
<wf cmd="ignore" pos="DT">the</wf>
<wf cmd="tag" pos="JJ">various</wf>
<wf cmd="tag" pos="NNS">phases</wf>
<wf cmd="ignore" pos="IN">of</wf>
<wf cmd="tag" pos="NN">church</wf>
<wf cmd="tag" pos="NN">life</wf>
<punc>,</punc>
<wf cmd="tag" pos="NN">service</wf>
<wf cmd="tag" pos="NNS">opportunities</wf>
<punc>,</punc>
<wf cmd="ignore" pos="DT">the</wf>
<wf cmd="tag" pos="NN">church</wf>
<wf cmd="tag" pos="NN">school</wf>
<punc>,</punc>
<wf cmd="tag" pos="NNS">missions</wf>
<punc>,</punc>
<wf cmd="tag" pos="NNS">men</wf>
<wf cmd="ignore" pos="POS">'s</wf>
<wf cmd="tag" pos="NN">work</wf>
<punc>,</punc>
<wf cmd="tag" pos="NNS">women</wf>
<wf cmd="ignore" pos="POS">'s</wf>
<wf cmd="tag" pos="NN">work</wf>
<punc>,</punc>
<wf cmd="tag" pos="NN">youth</wf>
<wf cmd="tag" pos="NN">program</wf>
<punc>,</punc>
<wf cmd="tag" pos="NN">social_activities</wf>
<punc>,</punc>
<wf cmd="ignore" pos="CC">and</wf>
<wf cmd="tag" pos="NNS">finances</wf>
<punc>.</punc>
</s>
<s snum="42">
<wf cmd="ignore" pos="DT">The</wf>
<wf cmd="tag" pos="NN">budget</wf>
<wf cmd="ignore" pos="IN">of</wf>
<wf cmd="ignore" pos="DT">the</wf>
<wf cmd="tag" pos="NN">church</wf>
<wf cmd="ignore" pos="MD">may</wf>
<wf cmd="done" pos="VB" ot="notag">be_presented</wf>
<wf cmd="ignore" pos="CC">and</wf>
<wf cmd="tag" pos="NNS">pledges</wf>
<wf cmd="done" pos="VB" lemma="solicit" wnsn="1" lexsn="2:32:00::">solicited</wf>
<wf cmd="ignore" pos="IN">at</wf>
<wf cmd="ignore" pos="DT">this</wf>
<wf cmd="tag" pos="NN">session</wf>
<punc>.</punc>
</s>
<s snum="43">
<wf cmd="ignore" pos="DT">An</wf>
<punc>``</punc>
<wf cmd="tag" pos="NN">interest</wf>
<wf cmd="tag" pos="NN">finder</wf>
<punc>''</punc>
<wf cmd="ignore" pos="CC">or</wf>
<punc>``</punc>
<wf cmd="tag" pos="NN">talent</wf>
<wf cmd="tag" pos="NN">sheet</wf>
<punc>''</punc>
<wf cmd="ignore" pos="MD">may</wf>
<wf cmd="done" pos="VB" ot="notag">be</wf>
<wf cmd="done" pos="VB" lemma="fill_out" wnsn="1" lexsn="2:32:00::">filled_out</wf>
<wf cmd="ignore" pos="IN">by</wf>
<wf cmd="ignore" pos="DT">each</wf>
<wf cmd="tag" pos="NN">person</wf>
<punc>.</punc>
</s>
<s snum="44">
<punc>(</punc>
<wf cmd="done" pos="VB" ot="notag">See</wf>
<wf cmd="tag" pos="NN">sample</wf>
<wf cmd="ignore" pos="IN">on</wf>
<wf cmd="tag" pos="NN">pp</wf>
<wf cmd="tag" pos="CD">.78</wf>
<punc>-</punc>
<wf cmd="tag" pos="CD">79</wf>
<punc>.</punc>
<punc>)</punc>
</s>
<s snum="45">
<wf cmd="ignore" pos="DT">The</wf>
<wf cmd="tag" pos="JJ">fourth</wf>
<wf cmd="tag" pos="NN">session</wf>
<wf cmd="ignore" pos="MD">may</wf>
<wf cmd="done" pos="VB" ot="notag">be</wf>
<wf cmd="done" pos="VB" lemma="conclude" wnsn="2" lexsn="2:31:01::">concluded</wf>
<wf cmd="ignore" pos="IN">with</wf>
<wf cmd="ignore" pos="DT">a</wf>
<wf cmd="tag" pos="NN">tour</wf>
<wf cmd="ignore" pos="IN">of</wf>
<wf cmd="ignore" pos="DT">the</wf>
<wf cmd="tag" pos="NN">church</wf>
<wf cmd="tag" pos="NNS">facilities</wf>
<wf cmd="ignore" pos="CC">and</wf>
<wf cmd="tag" pos="NNS">refreshments</wf>
<punc>.</punc>
</s>
<s snum="46">
<wf cmd="ignore" pos="DT">The</wf>
<wf cmd="tag" pos="JJ">social</wf>
<wf cmd="tag" pos="NN">time</wf>
<wf cmd="done" pos="VB" lemma="give" wnsn="2" lexsn="2:40:05::">gives</wf>
<wf cmd="ignore" pos="DT">an</wf>
<wf cmd="tag" pos="NN">opportunity</wf>
<wf cmd="ignore" pos="IN">for</wf>
<wf cmd="tag" pos="NN">church</wf>
<wf cmd="tag" pos="NNS">leaders</wf>
<wf cmd="ignore" pos="TO">to</wf>
<wf cmd="done" pos="VB" lemma="become" wnsn="1" lexsn="2:30:00::">become</wf>
<wf cmd="tag" pos="JJ">acquainted_with</wf>
<wf cmd="ignore" pos="DT">the</wf>
<wf cmd="tag" pos="JJ">new</wf>
<wf cmd="tag" pos="NNS">members</wf>
<punc>.</punc>
</s>
</p>
<p pnum="17">
<s snum="47">
<wf cmd="ignore" pos="IN">In</wf>
<wf cmd="done" pos="VB" lemma="conduct" wnsn="1" lexsn="2:41:00::">conducting</wf>
<wf cmd="ignore" pos="DT">the</wf>
<wf cmd="tag" pos="NNP">Membership_Preparation-Inquirers</wf>
<punc>'</punc>
<wf cmd="tag" pos="NNP">Class</wf>
<punc>,</punc>
<wf cmd="ignore" pos="DT">the</wf>
<wf cmd="tag" pos="NN">pastor</wf>
<wf cmd="ignore" pos="MD">should</wf>
<wf cmd="done" pos="VB" lemma="plan" wnsn="2" lexsn="2:31:00::">plan</wf>
<wf cmd="ignore" pos="DT">a</wf>
<wf cmd="tag" pos="NN">variety</wf>
<wf cmd="ignore" pos="IN">of</wf>
<wf cmd="tag" pos="NN">teaching</wf>
<wf cmd="tag" pos="NNS">techniques</wf>
<wf cmd="tag" pos="RB">in_order_to</wf>
<wf cmd="done" pos="VB" lemma="develop" wnsn="12" lexsn="2:30:01::">develop</wf>
<wf cmd="tag" pos="JJR">greater</wf>
<wf cmd="tag" pos="NN">interest</wf>
<wf cmd="ignore" pos="IN">on</wf>
<wf cmd="ignore" pos="DT">the</wf>
<wf cmd="tag" pos="NN">part</wf>
<wf cmd="ignore" pos="IN">of</wf>
<wf cmd="ignore" pos="DT">the</wf>
<wf cmd="tag" pos="NN">class</wf>
<punc>.</punc>
</s>
<s snum="48">
<wf cmd="ignore" pos="DT">The</wf>
<wf cmd="tag" pos="JJ">following</wf>
<wf cmd="done" pos="VBP" ot="notag">have</wf>
<wf cmd="done" pos="VB" ot="notag">been_found</wf>
<wf cmd="tag" pos="JJ">effective</wf>
<punc>.</punc>
</s>
</p>
<p pnum="18">
<s snum="49">
<wf cmd="done" pos="VB" lemma="extend" wnsn="1" lexsn="2:30:01::">Extend</wf>
<wf cmd="ignore" pos="DT">the</wf>
<wf cmd="tag" pos="NN">number</wf>
<wf cmd="ignore" pos="IN">of</wf>
<wf cmd="tag" pos="NNS">classes</wf>
<punc>.</punc>
</s>
<s snum="50">
<wf cmd="ignore" pos="DT">Some</wf>
<wf cmd="tag" pos="NNS">churches</wf>
<wf cmd="done" pos="VB" lemma="have" wnsn="8" lexsn="2:36:00::">have</wf>
<wf cmd="tag" pos="CD">six</wf>
<wf cmd="ignore" pos="CC">or</wf>
<wf cmd="tag" pos="JJR">more</wf>
<wf cmd="tag" pos="NN">training</wf>
<wf cmd="tag" pos="NNS">sessions</wf>
<wf cmd="ignore" pos="IN">of</wf>
<wf cmd="tag" pos="CD">two</wf>
<wf cmd="tag" pos="NNS">hours</wf>
<wf cmd="ignore" pos="DT">each</wf>
<punc>,</punc>
<wf cmd="tag" pos="RB">generally</wf>
<wf cmd="done" pos="VB" lemma="hold" wnsn="3" lexsn="2:36:00::">held</wf>
<wf cmd="done" pos="VB" ot="notag">on</wf>
<wf cmd="tag" pos="NNP">Sunday</wf>
<wf cmd="tag" pos="NN">night</wf>
<wf cmd="ignore" pos="CC">or</wf>
<wf cmd="ignore" pos="IN">during</wf>
<wf cmd="ignore" pos="DT">the</wf>
<wf cmd="tag" pos="NN">week</wf>
<punc>.</punc>
</s>
<s snum="51">
<wf cmd="ignore" pos="DT">This</wf>
<wf cmd="done" pos="VB" lemma="give" wnsn="2" lexsn="2:40:05::">gives</wf>
<wf cmd="tag" pos="JJR">greater</wf>
<wf cmd="tag" pos="NN">opportunity</wf>
<wf cmd="ignore" pos="IN">for</wf>
<wf cmd="ignore" pos="DT">the</wf>
<wf cmd="done" pos="VB" lemma="learn" wnsn="1" lexsn="2:31:00::">learning</wf>
<wf cmd="tag" pos="NN">process</wf>
<punc>.</punc>
</s>
</p>
<p pnum="19">
<s snum="52">
<wf cmd="done" pos="VB" lemma="use" wnsn="1" lexsn="2:34:01::">Use</wf>
<wf cmd="tag" pos="NN">dramatization</wf>
<punc>-</punc>
<wf cmd="tag" pos="RB">for_example</wf>
<punc>,</punc>
<wf cmd="ignore" pos="IN">in</wf>
<wf cmd="done" pos="VB" lemma="discuss" wnsn="2" lexsn="2:32:00::">discussing</wf>
<wf cmd="ignore" pos="DT">the</wf>
<wf cmd="tag" pos="NNP">Lord</wf>
<wf cmd="ignore" pos="POS">'s</wf>
<wf cmd="tag" pos="NNP">Supper</wf>
<wf cmd="ignore" pos="CC">or</wf>
<wf cmd="tag" pos="NN">church</wf>
<wf cmd="tag" pos="NN">symbolism</wf>
<punc>.</punc>
</s>
</p>
<p pnum="20">
<s snum="53">
<wf cmd="done" pos="VB" lemma="use" wnsn="1" lexsn="2:34:01::">Use</wf>
<wf cmd="tag" pos="JJ">audio-visual</wf>
<wf cmd="tag" pos="NNS">aids</wf>
<punc>.</punc>
</s>
<s snum="54">
<wf cmd="ignore" pos="DT">Some</wf>
<wf cmd="tag" pos="JJ">excellent</wf>
<wf cmd="tag" pos="NNS">filmstrips</wf>
<wf cmd="ignore" pos="IN">with</wf>
<wf cmd="tag" pos="NNS">recordings</wf>
<wf cmd="ignore" pos="CC">and</wf>
<wf cmd="tag" pos="NN">motion_pictures</wf>
<wf cmd="ignore" pos="MD">may</wf>
<wf cmd="done" pos="VB" ot="notag">be</wf>
<wf cmd="done" pos="VB" lemma="secure" wnsn="1" lexsn="2:40:00::">secured</wf>
<wf cmd="ignore" pos="IN">from</wf>
<wf cmd="ignore" pos="PRP$">your</wf>
<wf cmd="tag" pos="JJ">denominational</wf>
<wf cmd="tag" pos="NN">headquarters</wf>
<wf cmd="ignore" pos="TO">to</wf>
<wf cmd="done" pos="VB" lemma="enrich" wnsn="1" lexsn="2:30:00::">enrich</wf>
<wf cmd="ignore" pos="DT">the</wf>
<wf cmd="tag" pos="NN">class</wf>
<wf cmd="tag" pos="NN">session</wf>
<punc>.</punc>
</s>
</p>
<p pnum="21">
<s snum="55">
<wf cmd="done" pos="VB" lemma="have" wnsn="2" lexsn="2:42:00::">Have</wf>
<wf cmd="ignore" pos="DT">a</wf>
<punc>``</punc>
<wf cmd="tag" pos="NN">Question</wf>
<wf cmd="tag" pos="NNP">Box</wf>
<punc>''</punc>
<punc>.</punc>
</s>
<s snum="56">
<wf cmd="ignore" pos="DT">Some</wf>
<wf cmd="tag" pos="JJ">new</wf>
<wf cmd="tag" pos="NNS">members</wf>
<wf cmd="ignore" pos="MD">will</wf>
<wf cmd="done" pos="VB" lemma="hesitate" wnsn="1" lexsn="2:42:00::">hesitate</wf>
<wf cmd="ignore" pos="TO">to</wf>
<wf cmd="done" pos="VB" lemma="ask" wnsn="1" lexsn="2:32:00::">ask</wf>
<wf cmd="tag" pos="NNS">questions</wf>
<wf cmd="tag" pos="RB">audibly</wf>
<punc>.</punc>
</s>
<s snum="57">
<wf cmd="done" pos="VB" lemma="urge" wnsn="1" lexsn="2:32:00::">Urge</wf>
<wf cmd="ignore" pos="PRP">them</wf>
<wf cmd="ignore" pos="TO">to</wf>
<wf cmd="done" pos="VB" lemma="write" wnsn="1" lexsn="2:36:00::">write</wf>
<wf cmd="ignore" pos="IN">out</wf>
<wf cmd="ignore" pos="PRP$">their</wf>
<wf cmd="tag" pos="NNS">questions</wf>
<wf cmd="ignore" pos="IN">for</wf>
<wf cmd="ignore" pos="DT">the</wf>
<wf cmd="tag" pos="NN">box</wf>
<punc>.</punc>
</s>
</p>
<p pnum="22">
<s snum="58">
<wf cmd="done" pos="VB" lemma="use" wnsn="1" lexsn="2:34:01::">Use</wf>
<wf cmd="ignore" pos="DT">a</wf>
<wf cmd="tag" pos="NN">textbook</wf>
<wf cmd="ignore" pos="IN">with</wf>
<wf cmd="tag" pos="JJ">assigned</wf>
<wf cmd="tag" pos="NNS">readings</wf>
<wf cmd="tag" pos="RB">each_week</wf>
<punc>.</punc>
</s>
</p>
<p pnum="23">
<s snum="59">
<wf cmd="done" pos="VB" lemma="select" wnsn="1" lexsn="2:31:00::">Select</wf>
<wf cmd="tag" pos="NN">class</wf>
<wf cmd="tag" pos="NNS">members</wf>
<wf cmd="ignore" pos="IN">for</wf>
<wf cmd="tag" pos="NN">reports</wf>
<wf cmd="done" pos="VB" ot="notag">on</wf>
<wf cmd="tag" pos="JJ">various</wf>
<wf cmd="tag" pos="NNS">phases</wf>
<wf cmd="ignore" pos="IN">of</wf>
<wf cmd="ignore" pos="DT">the</wf>
<wf cmd="tag" pos="NN">study</wf>
<punc>.</punc>
</s>
</p>
<p pnum="24">
<s snum="60">
<wf cmd="done" pos="VB" lemma="conduct" wnsn="1" lexsn="2:41:00::">Conduct</wf>
<wf cmd="tag" pos="NNS">examinations</wf>
<punc>,</punc>
<wf cmd="done" pos="VB" lemma="use" wnsn="1" lexsn="2:34:01::">using</wf>
<wf cmd="ignore" pos="DT">a</wf>
<wf cmd="tag" pos="JJ">true-false</wf>
<wf cmd="tag" pos="NN">check</wf>
<wf cmd="tag" pos="NN">sheet</wf>
<punc>.</punc>
</s>
</p>
<p pnum="25">
<s snum="61">
<wf cmd="done" pos="VB" lemma="ask" wnsn="2" lexsn="2:32:01::">Ask</wf>
<wf cmd="ignore" pos="DT">each</wf>
<wf cmd="tag" pos="NN">member</wf>
<wf cmd="ignore" pos="TO">to</wf>
<wf cmd="done" pos="VB" lemma="write" wnsn="1" lexsn="2:36:00::">write</wf>
<wf cmd="ignore" pos="DT">a</wf>
<wf cmd="tag" pos="NN">statement</wf>
<wf cmd="ignore" pos="IN">on</wf>
<wf cmd="tag" pos="JJ">such</wf>
<wf cmd="tag" pos="NNS">topics</wf>
<wf cmd="ignore" pos="IN">as</wf>
<punc>:</punc>
<punc>``</punc>
<wf cmd="ignore" pos="WP">What</wf>
<wf cmd="tag" pos="NNP">Christ</wf>
<wf cmd="done" pos="VB" lemma="mean" wnsn="3" lexsn="2:32:03::">Means</wf>
<wf cmd="ignore" pos="TO">to</wf>
<wf cmd="ignore" pos="PRP">Me</wf>
<punc>''</punc>
<punc>,</punc>
<punc>``</punc>
<wf cmd="ignore" pos="WP">What</wf>
<wf cmd="ignore" pos="DT">the</wf>
<wf cmd="tag" pos="NN">Church</wf>
<wf cmd="done" pos="VB" lemma="mean" wnsn="3" lexsn="2:32:03::">Means</wf>
<wf cmd="ignore" pos="TO">to</wf>
<wf cmd="ignore" pos="PRP">Me</wf>
<punc>''</punc>
<punc>,</punc>
<punc>``</punc>
<wf cmd="ignore" pos="WRB">Why</wf>
<wf cmd="done" pos="VB" lemma="join" wnsn="1" lexsn="2:41:00::">Join</wf>
<wf cmd="ignore" pos="DT">the</wf>
<wf cmd="tag" pos="NN">Church</wf>
<punc>''</punc>
<punc>,</punc>
<punc>``</punc>
<wf cmd="ignore" pos="DT">The</wf>
<wf cmd="tag" pos="NNP">Duties</wf>
<wf cmd="ignore" pos="IN">of</wf>
<wf cmd="tag" pos="NN">Church_Members</wf>
<punc>''</punc>
<punc>,</punc>
<wf cmd="ignore" pos="FW">etc.</wf>
<punc>.</punc>
</s>
</p>
<p pnum="26">
<s snum="62">
<wf cmd="done" pos="VB" lemma="assign" wnsn="1" lexsn="2:41:00::">Assign</wf>
<wf cmd="ignore" pos="DT">a</wf>
<wf cmd="tag" pos="NN">series</wf>
<wf cmd="ignore" pos="IN">of</wf>
<wf cmd="tag" pos="NN">catechism</wf>
<wf cmd="tag" pos="NNS">questions</wf>
<wf cmd="ignore" pos="TO">to</wf>
<wf cmd="done" pos="VB" ot="notag">be</wf>
<wf cmd="done" pos="VB" lemma="memorize" wnsn="1" lexsn="2:31:00::">memorized</wf>
<punc>.</punc>
</s>
</p>
<p pnum="27">
<s snum="63">
<wf cmd="done" pos="VB" lemma="invite" wnsn="4" lexsn="2:32:00::">Invite</wf>
<wf cmd="tag" pos="NN">class</wf>
<wf cmd="tag" pos="NNS">members</wf>
<wf cmd="ignore" pos="TO">to</wf>
<wf cmd="done" pos="VB" lemma="share_in" wnsn="0" lexsn="2:41:00::">share_in</wf>
<wf cmd="ignore" pos="DT">an</wf>
<wf cmd="tag" pos="JJ">extra</wf>
<wf cmd="tag" pos="NN">period</wf>
<wf cmd="ignore" pos="IN">of</wf>
<wf cmd="tag" pos="NNP">Bible</wf>
<wf cmd="tag" pos="NN">study</wf>
<wf cmd="tag" pos="RB">each_week</wf>
<punc>.</punc>
</s>
</p>
<p pnum="28">
<s snum="64">
<wf cmd="done" pos="VB" lemma="ask" wnsn="2" lexsn="2:32:01::">Ask</wf>
<wf cmd="ignore" pos="DT">each</wf>
<wf cmd="tag" pos="JJ">new</wf>
<wf cmd="tag" pos="NN">member</wf>
<wf cmd="ignore" pos="TO">to</wf>
<wf cmd="done" pos="VB" lemma="bring" wnsn="1" lexsn="2:38:00::">bring</wf>
<wf cmd="ignore" pos="PRP$">his</wf>
<wf cmd="tag" pos="NNP">Pledge</wf>
<wf cmd="ignore" pos="IN">of</wf>
<wf cmd="tag" pos="NN">Loyalty</wf>
<wf cmd="ignore" pos="TO">to</wf>
<wf cmd="ignore" pos="DT">the</wf>
<wf cmd="tag" pos="NN">Reception</wf>
<wf cmd="tag" pos="NNP">Service</wf>
<punc>.</punc>
</s>
</p>
<p pnum="29">
<s snum="65">
<wf cmd="ignore" pos="EX">There</wf>
<wf cmd="done" pos="VB" lemma="be" wnsn="4" lexsn="2:42:00::">is</wf>
<wf cmd="ignore" pos="DT">a</wf>
<wf cmd="done" pos="VB" lemma="grow" wnsn="2" lexsn="2:30:00::">growing</wf>
<wf cmd="tag" pos="NN">conviction</wf>
<wf cmd="ignore" pos="IN">among</wf>
<wf cmd="tag" pos="NNS">pastors</wf>
<wf cmd="ignore" pos="CC">and</wf>
<wf cmd="tag" pos="NNP">Church</wf>
<wf cmd="tag" pos="NNS">leaders</wf>
<wf cmd="ignore" pos="IN">that</wf>
<wf cmd="ignore" pos="DT">all</wf>
<wf cmd="ignore" pos="DT">those</wf>
<wf cmd="ignore" pos="WP">who</wf>
<wf cmd="done" pos="VB" lemma="come" wnsn="2" lexsn="2:38:04::">come</wf>
<wf cmd="done" pos="VB" ot="notag">into</wf>
<wf cmd="ignore" pos="DT">the</wf>
<wf cmd="tag" pos="NN">fellowship</wf>
<wf cmd="ignore" pos="IN">of</wf>
<wf cmd="ignore" pos="DT">the</wf>
<wf cmd="tag" pos="NNP">Church</wf>
<wf cmd="done" pos="VB" lemma="need" wnsn="1" lexsn="2:42:00::">need</wf>
<wf cmd="tag" pos="JJ">preparatory</wf>
<wf cmd="tag" pos="NN">training</wf>
<punc>,</punc>
<wf cmd="done" pos="VB" lemma="include" wnsn="1" lexsn="2:42:00::">including</wf>
<wf cmd="ignore" pos="DT">those</wf>
<wf cmd="done" pos="VB" lemma="come" wnsn="2" lexsn="2:38:04::">coming</wf>
<wf cmd="done" pos="VB" ot="notag">by</wf>
<wf cmd="tag" pos="NN">transfer</wf>
<wf cmd="ignore" pos="IN">of</wf>
<wf cmd="tag" pos="NN">membership</wf>
<punc>.</punc>
</s>
<s snum="66">
<wf cmd="tag" pos="NNP">George_E._Sweazey</wf>
<wf cmd="done" pos="VB" lemma="write" wnsn="2" lexsn="2:32:00::">writes</wf>
<punc>:</punc>
<punc>``</punc>
<wf cmd="ignore" pos="EX">There</wf>
<wf cmd="done" pos="VB" lemma="be" wnsn="1" lexsn="2:42:03::">is</wf>
<wf cmd="tag" pos="NN">danger</wf>
<wf cmd="ignore" pos="IN">in</wf>
<wf cmd="done" pos="VB" lemma="try" wnsn="1" lexsn="2:41:00::">trying</wf>
<wf cmd="ignore" pos="TO">to</wf>
<wf cmd="done" pos="VB" lemma="make" wnsn="2" lexsn="2:30:00::">make</wf>
<wf cmd="tag" pos="NN">admission</wf>
<wf cmd="ignore" pos="TO">to</wf>
<wf cmd="ignore" pos="DT">the</wf>
<wf cmd="tag" pos="NNP">Church</wf>
<wf cmd="tag" pos="RB">so</wf>
<wf cmd="tag" pos="JJ">easy</wf>
<wf cmd="ignore" pos="CC">and</wf>
<wf cmd="tag" pos="JJ">painless</wf>
<wf cmd="ignore" pos="IN">that</wf>
<wf cmd="tag" pos="NNS">people</wf>
<wf cmd="ignore" pos="MD">will</wf>
<wf cmd="tag" pos="RB">scarcely</wf>
<wf cmd="done" pos="VB" lemma="know" wnsn="1" lexsn="2:31:01::">know</wf>
<wf cmd="ignore" pos="IN">that</wf>
<wf cmd="tag" pos="NN">anything</wf>
<wf cmd="done" pos="VBZ" ot="notag">has</wf>
<wf cmd="done" pos="VB" lemma="happen" wnsn="1" lexsn="2:30:00::">happened</wf>
<punc>''</punc>
<punc>.</punc>
</s>
</p>
<p pnum="30">
<s snum="67">
<wf cmd="tag" pos="NNS">People</wf>
<wf cmd="done" pos="VB" lemma="appreciate" wnsn="1" lexsn="2:37:00::">appreciate</wf>
<wf cmd="tag" pos="NNS">experiences</wf>
<wf cmd="ignore" pos="IN">that</wf>
<wf cmd="done" pos="VB" lemma="demand" wnsn="2" lexsn="2:42:00::">demand</wf>
<wf cmd="tag" pos="NN">something</wf>
<wf cmd="ignore" pos="IN">of</wf>
<wf cmd="ignore" pos="PRP">them</wf>
<punc>.</punc>
</s>
<s snum="68">
<wf cmd="ignore" pos="DT">Those</wf>
<wf cmd="ignore" pos="WP">who</wf>
<wf cmd="done" pos="VB" lemma="transfer" wnsn="4" lexsn="2:38:00::">transfer</wf>
<wf cmd="ignore" pos="PRP$">their</wf>
<wf cmd="tag" pos="NN">membership</wf>
<wf cmd="done" pos="VB" lemma="be" wnsn="1" lexsn="2:42:03::">are</wf>
<wf cmd="ignore" pos="DT">no</wf>
<wf cmd="tag" pos="NN">exception</wf>
<wf cmd="ignore" pos="TO">to</wf>
<wf cmd="ignore" pos="DT">the</wf>
<wf cmd="tag" pos="NN">rule</wf>
<punc>.</punc>
</s>
<s snum="69">
<wf cmd="ignore" pos="IN">For</wf>
<wf cmd="tag" pos="JJ">most_of</wf>
<wf cmd="ignore" pos="PRP">them</wf>
<punc>,</punc>
<wf cmd="ignore" pos="PRP">it</wf>
<wf cmd="ignore" pos="MD">will</wf>
<wf cmd="done" pos="VB" lemma="be" wnsn="2" lexsn="2:42:06::">be</wf>
<wf cmd="ignore" pos="PRP$">their</wf>
<wf cmd="tag" pos="JJ">first</wf>
<wf cmd="tag" pos="NN">experience</wf>
<wf cmd="ignore" pos="IN">in</wf>
<wf cmd="tag" pos="NN">membership</wf>
<wf cmd="tag" pos="NN">training</wf>
<punc>,</punc>
<wf cmd="ignore" pos="IN">since</wf>
<wf cmd="ignore" pos="DT">this</wf>
<wf cmd="done" pos="VB" lemma="be" wnsn="2" lexsn="2:42:06::">is</wf>
<wf cmd="ignore" pos="DT">a</wf>
<wf cmd="tag" pos="JJ">recent</wf>
<wf cmd="tag" pos="NN">development</wf>
<wf cmd="ignore" pos="IN">in</wf>
<wf cmd="tag" pos="JJ">many</wf>
<wf cmd="tag" pos="NNS">churches</wf>
<punc>.</punc>
</s>
<s snum="70">
<wf cmd="ignore" pos="DT">Those</wf>
<wf cmd="done" pos="VB" lemma="come" wnsn="2" lexsn="2:38:04::">coming</wf>
<wf cmd="done" pos="VB" ot="notag">from</wf>
<wf cmd="tag" pos="JJ">other</wf>
<wf cmd="tag" pos="NNS">denominations</wf>
<wf cmd="ignore" pos="MD">will</wf>
<wf cmd="done" pos="VB" lemma="welcome" wnsn="1" lexsn="2:40:00::">welcome</wf>
<wf cmd="ignore" pos="DT">the</wf>
<wf cmd="tag" pos="NN">opportunity</wf>
<wf cmd="ignore" pos="TO">to</wf>
<wf cmd="done" pos="VB" lemma="become" wnsn="1" lexsn="2:30:00::">become</wf>
<wf cmd="tag" pos="JJ">informed</wf>
<punc>.</punc>
</s>
</p>
<p pnum="31">
<s snum="71">
<wf cmd="ignore" pos="DT">The</wf>
<wf cmd="tag" pos="JJ">preparatory</wf>
<wf cmd="tag" pos="NN">class</wf>
<wf cmd="done" pos="VB" lemma="be" wnsn="2" lexsn="2:42:06::">is</wf>
<wf cmd="ignore" pos="DT">an</wf>
<wf cmd="tag" pos="JJ">introductory</wf>
<wf cmd="tag" pos="JJ">face-to-face</wf>
<wf cmd="tag" pos="NN">group</wf>
<wf cmd="tag" pos="RB">in_which</wf>
<wf cmd="tag" pos="JJ">new</wf>
<wf cmd="tag" pos="NNS">members</wf>
<wf cmd="done" pos="VB" lemma="become" wnsn="1" lexsn="2:30:00::">become</wf>
<wf cmd="tag" pos="JJ">acquainted_with</wf>
<wf cmd="tag" pos="CD">one</wf>
<wf cmd="ignore" pos="DT">another</wf>
<punc>.</punc>
</s>
<s snum="72">
<wf cmd="ignore" pos="PRP">It</wf>
<wf cmd="done" pos="VB" lemma="provide" wnsn="1" lexsn="2:40:00::">provides</wf>
<wf cmd="ignore" pos="DT">a</wf>
<wf cmd="tag" pos="JJ">natural</wf>
<wf cmd="tag" pos="NN">transition</wf>
<wf cmd="ignore" pos="IN">into</wf>
<wf cmd="ignore" pos="DT">the</wf>
<wf cmd="tag" pos="NN">life</wf>
<wf cmd="ignore" pos="IN">of</wf>
<wf cmd="ignore" pos="DT">the</wf>
<wf cmd="tag" pos="JJ">local</wf>
<wf cmd="tag" pos="NN">church</wf>
<wf cmd="ignore" pos="CC">and</wf>
<wf cmd="ignore" pos="PRP$">its</wf>
<wf cmd="tag" pos="NNS">organizations</wf>
<punc>.</punc>
</s>
</p>
<p pnum="32">
<s snum="73">
<wf cmd="ignore" pos="DT">The</wf>
<wf cmd="tag" pos="JJ">total</wf>
<wf cmd="tag" pos="NN">process</wf>
<wf cmd="ignore" pos="IN">of</wf>
<wf cmd="tag" pos="NN">evangelism</wf>
<wf cmd="done" pos="VB" lemma="reach" wnsn="2" lexsn="2:38:00::">reaches</wf>
<wf cmd="ignore" pos="DT">the</wf>
<wf cmd="tag" pos="NN">crescendo</wf>
<wf cmd="ignore" pos="WRB">when</wf>
<wf cmd="ignore" pos="DT">the</wf>
<wf cmd="tag" pos="NN">group</wf>
<wf cmd="ignore" pos="IN">of</wf>
<wf cmd="tag" pos="JJ">new</wf>
<wf cmd="tag" pos="NNS">members</wf>
<wf cmd="done" pos="VB" lemma="stand" wnsn="1" lexsn="2:35:00::">stands</wf>
<wf cmd="ignore" pos="IN">before</wf>
<wf cmd="ignore" pos="DT">the</wf>
<wf cmd="tag" pos="NN">congregation</wf>
<wf cmd="ignore" pos="TO">to</wf>
<wf cmd="done" pos="VB" lemma="declare" wnsn="1" lexsn="2:32:00::">declare</wf>
<wf cmd="tag" pos="RB">publicly</wf>
<wf cmd="ignore" pos="PRP$">their</wf>
<wf cmd="tag" pos="NN">faith</wf>
<wf cmd="ignore" pos="CC">and</wf>
<wf cmd="ignore" pos="TO">to</wf>
<wf cmd="done" pos="VB" ot="notag">be</wf>
<wf cmd="done" pos="VB" lemma="receive" wnsn="5" lexsn="2:35:00::">received</wf>
<wf cmd="ignore" pos="IN">into</wf>
<wf cmd="ignore" pos="DT">the</wf>
<wf cmd="tag" pos="NN">fellowship</wf>
<wf cmd="ignore" pos="IN">of</wf>
<wf cmd="ignore" pos="DT">the</wf>
<wf cmd="tag" pos="NNP">Church</wf>
<punc>.</punc>
</s>
<s snum="74">
<wf cmd="ignore" pos="DT">This</wf>
<wf cmd="ignore" pos="MD">should</wf>
<wf cmd="done" pos="VB" lemma="be" wnsn="2" lexsn="2:42:06::">be</wf>
<wf cmd="ignore" pos="DT">a</wf>
<wf cmd="tag" pos="JJ">high</wf>
<wf cmd="tag" pos="NN">moment</wf>
<wf cmd="ignore" pos="IN">in</wf>
<wf cmd="ignore" pos="PRP$">their</wf>
<wf cmd="tag" pos="NNS">lives</wf>
<punc>,</punc>
<wf cmd="ignore" pos="DT">a</wf>
<wf cmd="tag" pos="JJ">never-to-be-forgotten</wf>
<wf cmd="tag" pos="NN">experience</wf>
<punc>.</punc>
</s>
<s snum="75">
<wf cmd="ignore" pos="PRP">They</wf>
<wf cmd="ignore" pos="MD">should</wf>
<wf cmd="done" pos="VB" lemma="sense" wnsn="1" lexsn="2:39:00::">sense</wf>
<wf cmd="ignore" pos="DT">the</wf>
<wf cmd="tag" pos="JJ">tremendous</wf>
<wf cmd="tag" pos="NN">significance</wf>
<wf cmd="ignore" pos="IN">of</wf>
<wf cmd="done" pos="VB" lemma="join" wnsn="1" lexsn="2:41:00::">joining</wf>
<wf cmd="ignore" pos="DT">the</wf>
<wf cmd="tag" pos="JJ">spiritual</wf>
<wf cmd="tag" pos="NN">succession</wf>
<wf cmd="done" pos="VB" lemma="reach" wnsn="6" lexsn="2:42:00::">reaching</wf>
<wf cmd="tag" pos="RB">back</wf>
<wf cmd="ignore" pos="TO">to</wf>
<wf cmd="tag" pos="NNP">Christ</wf>
<wf cmd="ignore" pos="PRP$">our</wf>
<wf cmd="tag" pos="NNP">Lord</wf>
<wf cmd="ignore" pos="CC">and</wf>
<wf cmd="tag" pos="RB">forward</wf>
<wf cmd="ignore" pos="TO">to</wf>
<wf cmd="ignore" pos="DT">an</wf>
<wf cmd="tag" pos="JJ">eternal</wf>
<wf cmd="tag" pos="NN">fellowship</wf>
<wf cmd="ignore" pos="IN">with</wf>
<wf cmd="ignore" pos="DT">the</wf>
<wf cmd="tag" pos="NNS">saints</wf>
<wf cmd="ignore" pos="IN">of</wf>
<wf cmd="ignore" pos="DT">the</wf>
<wf cmd="tag" pos="NNS">ages</wf>
<punc>.</punc>
</s>
</p>
<p pnum="33">
<s snum="76">
<wf cmd="ignore" pos="DT">Every</wf>
<wf cmd="tag" pos="NN">detail</wf>
<wf cmd="ignore" pos="IN">of</wf>
<wf cmd="ignore" pos="DT">the</wf>
<wf cmd="tag" pos="NN">service</wf>
<wf cmd="done" pos="VB" lemma="merit" wnsn="1" lexsn="2:42:04::">merits</wf>
<wf cmd="tag" pos="JJ">careful</wf>
<wf cmd="tag" pos="NN">attention</wf>
<punc>-</punc>
<wf cmd="ignore" pos="DT">the</wf>
<wf cmd="tag" pos="NNS">hymns</wf>
<punc>,</punc>
<wf cmd="ignore" pos="DT">the</wf>
<wf cmd="tag" pos="NN">sermon</wf>
<punc>,</punc>
<wf cmd="ignore" pos="DT">the</wf>
<wf cmd="tag" pos="NN">ritual</wf>
<punc>,</punc>
<wf cmd="ignore" pos="DT">the</wf>
<wf cmd="tag" pos="NN">right_hand</wf>
<wf cmd="ignore" pos="IN">of</wf>
<wf cmd="tag" pos="NN">fellowship</wf>
<punc>,</punc>
<wf cmd="ignore" pos="DT">the</wf>
<wf cmd="tag" pos="NN">introduction</wf>
<wf cmd="ignore" pos="TO">to</wf>
<wf cmd="ignore" pos="DT">the</wf>
<wf cmd="tag" pos="NN">congregation</wf>
<punc>,</punc>
<wf cmd="ignore" pos="DT">the</wf>
<wf cmd="tag" pos="NN">welcome</wf>
<wf cmd="ignore" pos="IN">of</wf>
<wf cmd="ignore" pos="DT">the</wf>
<wf cmd="tag" pos="NN">congregation</wf>
<punc>.</punc>
</s>
<s snum="77">
<wf cmd="ignore" pos="DT">This</wf>
<wf cmd="done" pos="VB" lemma="be" wnsn="2" lexsn="2:42:06::">is</wf>
<wf cmd="ignore" pos="DT">a</wf>
<wf cmd="tag" pos="JJ">vital</wf>
<wf cmd="tag" pos="NN">part</wf>
<wf cmd="ignore" pos="IN">of</wf>
<wf cmd="ignore" pos="PRP$">their</wf>
<wf cmd="tag" pos="JJ">spiritual</wf>
<wf cmd="tag" pos="NN">growth</wf>
<wf cmd="ignore" pos="CC">and</wf>
<wf cmd="tag" pos="NN">assimilation</wf>
<punc>.</punc>
</s>
<s snum="78">
<wf cmd="ignore" pos="PRP">It</wf>
<wf cmd="ignore" pos="MD">will</wf>
<wf cmd="done" pos="VB" lemma="help" wnsn="1" lexsn="2:41:00::">help</wf>
<wf cmd="ignore" pos="TO">to</wf>
<wf cmd="done" pos="VB" lemma="determine" wnsn="2" lexsn="2:31:02::">determine</wf>
<wf cmd="ignore" pos="DT">the</wf>
<wf cmd="tag" pos="NN">attitude</wf>
<wf cmd="ignore" pos="IN">of</wf>
<wf cmd="ignore" pos="DT">the</wf>
<wf cmd="tag" pos="JJ">new</wf>
<wf cmd="tag" pos="NNS">members</wf>
<wf cmd="ignore" pos="IN">toward</wf>
<wf cmd="ignore" pos="DT">the</wf>
<wf cmd="tag" pos="NNP">Church</wf>
<punc>.</punc>
</s>
<s snum="79">
<wf cmd="ignore" pos="PRP">It</wf>
<wf cmd="ignore" pos="MD">can</wf>
<wf cmd="done" pos="VB" lemma="mean" wnsn="2" lexsn="2:42:00::">mean</wf>
<wf cmd="ignore" pos="DT">the</wf>
<wf cmd="tag" pos="NN">difference</wf>
<wf cmd="ignore" pos="IN">between</wf>
<wf cmd="tag" pos="NN">participation</wf>
<wf cmd="ignore" pos="CC">and</wf>
<wf cmd="tag" pos="NN">inaction</wf>
<punc>,</punc>
<wf cmd="tag" pos="JJ">spiritual</wf>
<wf cmd="tag" pos="NN">growth</wf>
<wf cmd="ignore" pos="CC">and</wf>
<wf cmd="tag" pos="NN">decay</wf>
<punc>.</punc>
</s>
</p>
<p pnum="34">
<s snum="80">
<wf cmd="ignore" pos="DT">The</wf>
<wf cmd="tag" pos="NN">worship</wf>
<wf cmd="tag" pos="NN">service</wf>
<wf cmd="done" pos="VB" lemma="be" wnsn="2" lexsn="2:42:06::">is</wf>
<wf cmd="ignore" pos="DT">the</wf>
<wf cmd="tag" pos="JJ">natural</wf>
<wf cmd="ignore" pos="CC">and</wf>
<wf cmd="tag" pos="JJ">logical</wf>
<wf cmd="tag" pos="NN">time</wf>
<wf cmd="ignore" pos="TO">to</wf>
<wf cmd="done" pos="VB" lemma="receive" wnsn="5" lexsn="2:35:00::">receive</wf>
<wf cmd="tag" pos="JJ">new</wf>
<wf cmd="tag" pos="NNS">members</wf>
<wf cmd="ignore" pos="IN">into</wf>
<wf cmd="ignore" pos="DT">the</wf>
<wf cmd="tag" pos="NNP">Church</wf>
<punc>.</punc>
</s>
<s snum="81">
<wf cmd="ignore" pos="DT">The</wf>
<wf cmd="tag" pos="NN">atmosphere</wf>
<wf cmd="ignore" pos="IN">for</wf>
<wf cmd="ignore" pos="DT">this</wf>
<wf cmd="tag" pos="JJ">momentous</wf>
<wf cmd="tag" pos="NN">experience</wf>
<wf cmd="ignore" pos="MD">can</wf>
<wf cmd="done" pos="VB" ot="notag">be</wf>
<wf cmd="done" pos="VB" lemma="create" wnsn="1" lexsn="2:36:00::">created</wf>
<wf cmd="tag" pos="JJS">most</wf>
<wf cmd="tag" pos="RB">effectively</wf>
<wf cmd="ignore" pos="IN">through</wf>
<wf cmd="ignore" pos="DT">the</wf>
<wf cmd="tag" pos="NN">worship</wf>
<wf cmd="tag" pos="NN">experience</wf>
<punc>.</punc>
</s>
<s snum="82">
<wf cmd="tag" pos="RB">Psychologically</wf>
<wf cmd="ignore" pos="DT">the</wf>
<wf cmd="tag" pos="NN">reception</wf>
<wf cmd="ignore" pos="MD">should</wf>
<wf cmd="done" pos="VB" lemma="be" wnsn="2" lexsn="2:42:06::">be</wf>
<wf cmd="ignore" pos="DT">the</wf>
<wf cmd="tag" pos="NN">climax</wf>
<punc>,</punc>
<wf cmd="done" pos="VB" lemma="follow" wnsn="8" lexsn="2:42:02::">following</wf>
<wf cmd="ignore" pos="DT">the</wf>
<wf cmd="tag" pos="NN">sermon</wf>
<punc>.</punc>
</s>
</p>
<p pnum="35">
<s snum="83">
<wf cmd="done" pos="VB" lemma="ask" wnsn="2" lexsn="2:32:01::">Ask</wf>
<wf cmd="ignore" pos="DT">the</wf>
<wf cmd="tag" pos="JJ">new</wf>
<wf cmd="tag" pos="NNS">members</wf>
<wf cmd="ignore" pos="TO">to</wf>
<wf cmd="done" pos="VB" lemma="meet" wnsn="2" lexsn="2:41:01::">meet</wf>
<wf cmd="tag" pos="CD">thirty</wf>
<wf cmd="tag" pos="NNS">minutes</wf>
<wf cmd="ignore" pos="IN">before</wf>
<wf cmd="ignore" pos="DT">the</wf>
<wf cmd="tag" pos="NN">service</wf>
<wf cmd="ignore" pos="TO">to</wf>
<wf cmd="done" pos="VB" lemma="complete" wnsn="3" lexsn="2:41:00::">complete</wf>
<punc>``</punc>
<wf cmd="tag" pos="NN">talent</wf>
<wf cmd="tag" pos="NNS">sheets</wf>
<punc>''</punc>
<wf cmd="ignore" pos="CC">and</wf>
<wf cmd="tag" pos="NN">pledge</wf>
<wf cmd="tag" pos="NNS">cards</wf>
<punc>.</punc>
</s>
<s snum="84">
<wf cmd="ignore" pos="DT">Some</wf>
<wf cmd="tag" pos="NNS">denominations</wf>
<wf cmd="done" pos="VB" lemma="ask" wnsn="2" lexsn="2:32:01::">ask</wf>
<wf cmd="tag" pos="JJ">new</wf>
<wf cmd="tag" pos="NNS">members</wf>
<wf cmd="ignore" pos="TO">to</wf>
<wf cmd="done" pos="VB" lemma="sign" wnsn="1" lexsn="2:32:02::">sign</wf>
<wf cmd="tag" pos="RB">personally</wf>
<wf cmd="ignore" pos="DT">the</wf>
<wf cmd="tag" pos="JJ">chronological</wf>
<wf cmd="tag" pos="NN">membership</wf>
<wf cmd="tag" pos="NN">register</wf>
<punc>.</punc>
</s>
<s snum="85">
<wf cmd="done" pos="VB" lemma="provide" wnsn="1" lexsn="2:40:00::">Provide</wf>
<wf cmd="ignore" pos="DT">a</wf>
<wf cmd="tag" pos="NN">name</wf>
<wf cmd="tag" pos="NN">card</wf>
<wf cmd="ignore" pos="IN">for</wf>
<wf cmd="ignore" pos="DT">each</wf>
<wf cmd="tag" pos="JJ">new</wf>
<wf cmd="tag" pos="NN">member</wf>
<punc>.</punc>
</s>
<s snum="86">
<wf cmd="done" pos="VB" lemma="outline" wnsn="1" lexsn="2:32:00::">Outline</wf>
<wf cmd="tag" pos="NNS">plans</wf>
<wf cmd="ignore" pos="IN">for</wf>
<wf cmd="ignore" pos="DT">the</wf>
<wf cmd="tag" pos="JJ">entire</wf>
<wf cmd="tag" pos="NN">service</wf>
<punc>.</punc>
</s>
</p>
<p pnum="36">
<s snum="87">
<wf cmd="done" pos="VB" lemma="arrange" wnsn="0" lexsn="2:36:04::">Arrange</wf>
<wf cmd="ignore" pos="DT">a</wf>
<wf cmd="tag" pos="JJ">reserved</wf>
<wf cmd="tag" pos="NN">section</wf>
<wf cmd="ignore" pos="IN">in</wf>
<wf cmd="ignore" pos="DT">the</wf>
<wf cmd="tag" pos="NN">sanctuary</wf>
<wf cmd="ignore" pos="WRB">where</wf>
<wf cmd="ignore" pos="DT">all</wf>
<wf cmd="tag" pos="JJ">new</wf>
<wf cmd="tag" pos="NNS">members</wf>
<wf cmd="ignore" pos="MD">may</wf>
<wf cmd="done" pos="VB" lemma="sit" wnsn="1" lexsn="2:35:00::">sit</wf>
<wf cmd="tag" pos="RB">together</wf>
<punc>.</punc>
</s>
<s snum="88">
<wf cmd="tag" pos="NNS">Sponsors</wf>
<wf cmd="ignore" pos="MD">may</wf>
<wf cmd="done" pos="VB" lemma="sit" wnsn="1" lexsn="2:35:00::">sit</wf>
<wf cmd="ignore" pos="IN">with</wf>
<wf cmd="ignore" pos="PRP">them</wf>
<wf cmd="tag" pos="RB">also</wf>
<punc>.</punc>
</s>
</p>
<p pnum="37">
<s snum="89">
<wf cmd="done" pos="VB" lemma="invite" wnsn="4" lexsn="2:32:00::">Invite</wf>
<wf cmd="tag" pos="NNS">sponsors</wf>
<wf cmd="ignore" pos="CC">or</wf>
<wf cmd="tag" pos="NNP">Fellowship</wf>
<wf cmd="tag" pos="NNS">Friends</wf>
<wf cmd="ignore" pos="TO">to</wf>
<wf cmd="done" pos="VB" lemma="stand" wnsn="3" lexsn="2:42:03::">stand</wf>
<wf cmd="tag" pos="RB">back</wf>
<wf cmd="ignore" pos="IN">of</wf>
<wf cmd="ignore" pos="DT">the</wf>
<wf cmd="tag" pos="JJ">new</wf>
<wf cmd="tag" pos="NNS">members</wf>
<wf cmd="ignore" pos="IN">in</wf>
<wf cmd="ignore" pos="DT">the</wf>
<wf cmd="tag" pos="NN">reception</wf>
<wf cmd="tag" pos="NN">service</wf>
<punc>.</punc>
</s>
</p>
<p pnum="38">
<s snum="90">
<wf cmd="done" pos="VB" lemma="give" wnsn="3" lexsn="2:40:00::">Give</wf>
<wf cmd="ignore" pos="DT">each</wf>
<wf cmd="tag" pos="JJ">new</wf>
<wf cmd="tag" pos="NN">member</wf>
<wf cmd="ignore" pos="DT">a</wf>
<wf cmd="tag" pos="NN">certificate</wf>
<wf cmd="ignore" pos="IN">of</wf>
<wf cmd="tag" pos="NN">membership</wf>
<punc>.</punc>
</s>
</p>
<p pnum="39">
<s snum="91">
<wf cmd="done" pos="VB" lemma="introduce" wnsn="1" lexsn="2:32:00::">Introduce</wf>
<wf cmd="ignore" pos="DT">each</wf>
<wf cmd="tag" pos="JJ">new</wf>
<wf cmd="tag" pos="NN">member</wf>
<wf cmd="ignore" pos="TO">to</wf>
<wf cmd="ignore" pos="DT">the</wf>
<wf cmd="tag" pos="NN">congregation</wf>
<punc>,</punc>
<wf cmd="done" pos="VB" lemma="ask" wnsn="2" lexsn="2:32:01::">asking</wf>
<wf cmd="ignore" pos="PRP">him</wf>
<wf cmd="ignore" pos="TO">to</wf>
<wf cmd="done" pos="VB" lemma="face" wnsn="4" lexsn="2:42:02::">face</wf>
<wf cmd="ignore" pos="DT">the</wf>
<wf cmd="tag" pos="NN">congregation</wf>
<punc>.</punc>
</s>
</p>
<p pnum="40">
<s snum="92">
<wf cmd="done" pos="VB" lemma="lead" wnsn="10" lexsn="2:36:00::">Lead</wf>
<wf cmd="ignore" pos="DT">the</wf>
<wf cmd="tag" pos="NN">congregation</wf>
<wf cmd="ignore" pos="IN">in</wf>
<wf cmd="ignore" pos="DT">a</wf>
<wf cmd="tag" pos="NN">response</wf>
<wf cmd="ignore" pos="IN">of</wf>
<wf cmd="tag" pos="JJ">welcome</wf>
<punc>.</punc>
</s>
</p>
<p pnum="41">
<s snum="93">
<wf cmd="done" pos="VB" lemma="have" wnsn="8" lexsn="2:36:00::">Have</wf>
<wf cmd="done" pos="VB" ot="notag">a</wf>
<wf cmd="tag" pos="NN">reception</wf>
<wf cmd="ignore" pos="IN">for</wf>
<wf cmd="tag" pos="JJ">new</wf>
<wf cmd="tag" pos="NNS">members</wf>
<wf cmd="ignore" pos="IN">in</wf>
<wf cmd="ignore" pos="DT">the</wf>
<wf cmd="tag" pos="NN">parlor</wf>
<wf cmd="ignore" pos="CC">or</wf>
<wf cmd="tag" pos="JJ">social</wf>
<wf cmd="tag" pos="NN">hall</wf>
<wf cmd="tag" pos="RB">immediately</wf>
<wf cmd="ignore" pos="IN">after</wf>
<wf cmd="ignore" pos="DT">the</wf>
<wf cmd="tag" pos="NN">service</wf>
<punc>.</punc>
</s>
</p>
<p pnum="42">
<s snum="94">
<wf cmd="done" pos="VB" lemma="take" wnsn="16" lexsn="2:32:02::">Take</wf>
<wf cmd="done" pos="VB" ot="notag">a</wf>
<wf cmd="tag" pos="NN">picture</wf>
<wf cmd="ignore" pos="IN">of</wf>
<wf cmd="ignore" pos="DT">the</wf>
<wf cmd="tag" pos="NN">group</wf>
<wf cmd="ignore" pos="IN">of</wf>
<wf cmd="tag" pos="JJ">new</wf>
<wf cmd="tag" pos="NNS">members</wf>
<wf cmd="ignore" pos="TO">to</wf>
<wf cmd="done" pos="VB" ot="notag">be</wf>
<wf cmd="done" pos="VB" lemma="put_in" wnsn="1" lexsn="2:30:00::">put_in</wf>
<wf cmd="ignore" pos="DT">the</wf>
<wf cmd="tag" pos="NN">church</wf>
<wf cmd="tag" pos="NN">paper</wf>
<wf cmd="ignore" pos="CC">or</wf>
<wf cmd="done" pos="VB" lemma="place" wnsn="1" lexsn="2:35:00::">placed</wf>
<wf cmd="ignore" pos="IN">on</wf>
<wf cmd="ignore" pos="DT">the</wf>
<wf cmd="tag" pos="NN">bulletin_board</wf>
<punc>.</punc>
</s>
</p>
<p pnum="43">
<s snum="95">
<wf cmd="done" pos="VB" lemma="have" wnsn="8" lexsn="2:36:00::">Have</wf>
<wf cmd="ignore" pos="DT">a</wf>
<wf cmd="tag" pos="NN">fellowship</wf>
<wf cmd="tag" pos="NN">luncheon</wf>
<wf cmd="ignore" pos="CC">or</wf>
<wf cmd="tag" pos="NN">dinner</wf>
<wf cmd="ignore" pos="IN">with</wf>
<wf cmd="tag" pos="JJ">new</wf>
<wf cmd="tag" pos="NNS">members</wf>
<wf cmd="ignore" pos="IN">as</wf>
<wf cmd="tag" pos="NNS">guests</wf>
<punc>.</punc>
</s>
</p>
<p pnum="44">
<s snum="96">
<wf cmd="ignore" pos="DT">The</wf>
<wf cmd="tag" pos="NN">church</wf>
<wf cmd="done" pos="VB" lemma="be" wnsn="2" lexsn="2:42:06::">is</wf>
<punc>``</punc>
<wf cmd="ignore" pos="DT">the</wf>
<wf cmd="tag" pos="NN">family</wf>
<wf cmd="ignore" pos="IN">of</wf>
<wf cmd="tag" pos="NNP">God</wf>
<punc>''</punc>
<punc>.</punc>
</s>
<s snum="97">
<wf cmd="ignore" pos="DT">The</wf>
<wf cmd="tag" pos="NNS">members</wf>
<wf cmd="ignore" pos="IN">of</wf>
<wf cmd="ignore" pos="DT">the</wf>
<punc>``</punc>
<wf cmd="tag" pos="NN">family</wf>
<punc>''</punc>
<wf cmd="done" pos="VBP" ot="notag">are</wf>
<wf cmd="done" pos="VB" lemma="draw_together" wnsn="1" lexsn="2:35:00::">drawn_together</wf>
<wf cmd="ignore" pos="IN">by</wf>
<wf cmd="ignore" pos="DT">a</wf>
<wf cmd="tag" pos="JJ">common</wf>
<wf cmd="tag" pos="NN">love</wf>
<wf cmd="ignore" pos="IN">for</wf>
<wf cmd="tag" pos="NNP">Christ</wf>
<wf cmd="ignore" pos="CC">and</wf>
<wf cmd="ignore" pos="DT">a</wf>
<wf cmd="tag" pos="JJ">sincere</wf>
<wf cmd="tag" pos="NN">devotion</wf>
<wf cmd="ignore" pos="TO">to</wf>
<wf cmd="ignore" pos="PRP$">His</wf>
<wf cmd="tag" pos="NNP">Kingdom</wf>
<punc>.</punc>
</s>
<s snum="98">
<wf cmd="ignore" pos="DT">Every</wf>
<wf cmd="tag" pos="NN">member</wf>
<wf cmd="ignore" pos="IN">of</wf>
<wf cmd="ignore" pos="DT">the</wf>
<wf cmd="tag" pos="NN">family</wf>
<wf cmd="ignore" pos="MD">must</wf>
<wf cmd="done" pos="VB" lemma="have" wnsn="1" lexsn="2:40:00::">have</wf>
<wf cmd="ignore" pos="DT">a</wf>
<wf cmd="tag" pos="JJ">vital</wf>
<wf cmd="tag" pos="NN">place</wf>
<wf cmd="ignore" pos="IN">in</wf>
<wf cmd="ignore" pos="PRP$">its</wf>
<wf cmd="tag" pos="NN">life</wf>
<punc>.</punc>
</s>
<s snum="99">
<wf cmd="ignore" pos="DT">This</wf>
<wf cmd="done" pos="VB" lemma="be" wnsn="2" lexsn="2:42:06::">is</wf>
<wf cmd="ignore" pos="DT">no</wf>
<wf cmd="tag" pos="JJ">spectator-type</wf>
<wf cmd="tag" pos="NN">experience</wf>
<punc>;</punc>
<wf cmd="tag" pos="NN">everyone</wf>
<wf cmd="done" pos="VBZ" ot="notag">is</wf>
<wf cmd="ignore" pos="TO">to</wf>
<wf cmd="done" pos="VB" lemma="be" wnsn="2" lexsn="2:42:06::">be</wf>
<wf cmd="ignore" pos="DT">a</wf>
<wf cmd="tag" pos="NN">participant</wf>
<punc>.</punc>
</s>
</p>
<p pnum="45">
<s snum="100">
<wf cmd="tag" pos="RB">Yet</wf>
<wf cmd="tag" pos="RB">the_most</wf>
<wf cmd="tag" pos="JJ">difficult</wf>
<wf cmd="tag" pos="NN">problem</wf>
<wf cmd="ignore" pos="IN">in</wf>
<wf cmd="ignore" pos="DT">the</wf>
<wf cmd="tag" pos="NNP">Church</wf>
<wf cmd="ignore" pos="POS">'s</wf>
<wf cmd="tag" pos="NN">program</wf>
<wf cmd="ignore" pos="IN">of</wf>
<wf cmd="tag" pos="NN">evangelism</wf>
<wf cmd="done" pos="VB" lemma="be" wnsn="5" lexsn="2:42:04::">is</wf>
<wf cmd="tag" pos="NN">right</wf>
<wf cmd="ignore" pos="IN">at</wf>
<wf cmd="ignore" pos="DT">this</wf>
<wf cmd="tag" pos="NN">point</wf>
<punc>-</punc>
<wf cmd="done" pos="VB" lemma="help" wnsn="1" lexsn="2:41:00::">helping</wf>
<wf cmd="tag" pos="JJ">new</wf>
<wf cmd="tag" pos="NNS">members</wf>
<wf cmd="ignore" pos="TO">to</wf>
<wf cmd="done" pos="VB" lemma="become" wnsn="1" lexsn="2:30:00::">become</wf>
<wf cmd="done" pos="VB" lemma="participate" wnsn="1" lexsn="2:41:00::">participating</wf>
<punc>,</punc>
<wf cmd="done" pos="VB" lemma="grow" wnsn="5" lexsn="2:30:04::">growing</wf>
<wf cmd="tag" pos="NNS">parts</wf>
<wf cmd="ignore" pos="IN">of</wf>
<wf cmd="ignore" pos="DT">the</wf>
<wf cmd="tag" pos="NN">fellowship</wf>
<punc>.</punc>
</s>
<s snum="101">
<wf cmd="tag" pos="RB">Very</wf>
<wf cmd="tag" pos="RB">easily</wf>
<wf cmd="ignore" pos="PRP">they</wf>
<wf cmd="ignore" pos="MD">may</wf>
<wf cmd="done" pos="VB" ot="notag">be</wf>
<wf cmd="done" pos="VB" lemma="neglect" wnsn="3" lexsn="2:31:05::">neglected</wf>
<wf cmd="ignore" pos="CC">and</wf>
<wf cmd="tag" pos="RB">eventually</wf>
<wf cmd="done" pos="VB" lemma="join" wnsn="1" lexsn="2:41:00::">join</wf>
<wf cmd="ignore" pos="DT">the</wf>
<wf cmd="tag" pos="NNS">ranks</wf>
<wf cmd="ignore" pos="IN">of</wf>
<wf cmd="ignore" pos="DT">the</wf>
<wf cmd="tag" pos="JJ">unconcerned</wf>
<wf cmd="ignore" pos="CC">and</wf>
<wf cmd="tag" pos="JJ">inactive</wf>
<punc>.</punc>
</s>
</p>
<p pnum="46">
<s snum="102">
<wf cmd="ignore" pos="DT">A</wf>
<wf cmd="tag" pos="NN">study</wf>
<wf cmd="ignore" pos="IN">of</wf>
<wf cmd="tag" pos="JJ">major</wf>
<wf cmd="tag" pos="JJ">denominational</wf>
<wf cmd="tag" pos="NN">membership</wf>
<wf cmd="tag" pos="NNS">statistics</wf>
<wf cmd="ignore" pos="IN">over</wf>
<wf cmd="ignore" pos="DT">a</wf>
<wf cmd="tag" pos="JJ">twenty-year</wf>
<wf cmd="tag" pos="NN">period</wf>
<wf cmd="done" pos="VB" lemma="reveal" wnsn="2" lexsn="2:32:00::">revealed</wf>
<wf cmd="ignore" pos="DT">the</wf>
<wf cmd="tag" pos="JJ">appalling</wf>
<wf cmd="tag" pos="NN">fact</wf>
<wf cmd="ignore" pos="IN">that</wf>
<wf cmd="tag" pos="RB">nearly</wf>
<wf cmd="tag" pos="CD">40</wf>
<wf cmd="tag" pos="NN">per_cent</wf>
<wf cmd="ignore" pos="IN">of</wf>
<wf cmd="ignore" pos="DT">those</wf>
<wf cmd="ignore" pos="WP">who</wf>
<wf cmd="done" pos="VB" lemma="join" wnsn="1" lexsn="2:41:00::">joined</wf>
<wf cmd="ignore" pos="DT">the</wf>
<wf cmd="tag" pos="NNP">Church</wf>
<wf cmd="done" pos="VBD" ot="notag">were</wf>
<wf cmd="done" pos="VB" lemma="lose" wnsn="1" lexsn="2:40:02::">lost</wf>
<wf cmd="ignore" pos="TO">to</wf>
<wf cmd="ignore" pos="DT">the</wf>
<wf cmd="tag" pos="NNP">Church</wf>
<wf cmd="ignore" pos="IN">within</wf>
<wf cmd="tag" pos="CD">seven</wf>
<wf cmd="tag" pos="NNS">years</wf>
<punc>.</punc>
</s>
<s snum="103">
<wf cmd="tag" pos="CD">One</wf>
<wf cmd="tag" pos="NN">denomination</wf>
<wf cmd="done" pos="VB" lemma="have" wnsn="2" lexsn="2:42:00::">had</wf>
<wf cmd="ignore" pos="DT">a</wf>
<wf cmd="tag" pos="NN">membership</wf>
<wf cmd="ignore" pos="IN">of</wf>
<wf cmd="tag" pos="CD">1419833</wf>
<wf cmd="ignore" pos="IN">at</wf>
<wf cmd="ignore" pos="DT">the</wf>
<wf cmd="tag" pos="NN">beginning</wf>
<wf cmd="ignore" pos="IN">of</wf>
<wf cmd="ignore" pos="DT">the</wf>
<wf cmd="tag" pos="NN">period</wf>
<wf cmd="ignore" pos="IN">under</wf>
<wf cmd="tag" pos="NN">study</wf>
<punc>,</punc>
<wf cmd="ignore" pos="CC">and</wf>
<wf cmd="tag" pos="CD">twenty</wf>
<wf cmd="tag" pos="NNS">years</wf>
<wf cmd="tag" pos="RB">later</wf>
<wf cmd="ignore" pos="PRP$">its</wf>
<wf cmd="tag" pos="NN">membership</wf>
<wf cmd="done" pos="VB" lemma="stand" wnsn="7" lexsn="2:42:06::">stood</wf>
<wf cmd="ignore" pos="IN">at</wf>
<wf cmd="tag" pos="CD">1541991</wf>
<punc>-</punc>
<wf cmd="ignore" pos="DT">a</wf>
<wf cmd="tag" pos="JJ">net</wf>
<wf cmd="tag" pos="NN">growth</wf>
<wf cmd="ignore" pos="IN">of</wf>
<wf cmd="tag" pos="RB">only</wf>
<wf cmd="tag" pos="CD">122158</wf>
<punc>.</punc>
</s>
<s snum="104">
<wf cmd="tag" pos="RB">Yet</wf>
<wf cmd="ignore" pos="IN">during</wf>
<wf cmd="ignore" pos="DT">the</wf>
<wf cmd="tag" pos="JJ">same</wf>
<wf cmd="tag" pos="NN">period</wf>
<wf cmd="ignore" pos="EX">there</wf>
<wf cmd="done" pos="VB" lemma="be" wnsn="5" lexsn="2:42:04::">were</wf>
<wf cmd="tag" pos="CD">1080062</wf>
<wf cmd="tag" pos="NNS">additions</wf>
<punc>.</punc>
</s>
<s snum="105">
<wf cmd="ignore" pos="DT">Another</wf>
<wf cmd="tag" pos="JJ">major</wf>
<wf cmd="tag" pos="NN">church</wf>
<wf cmd="tag" pos="NN">body</wf>
<wf cmd="done" pos="VB" lemma="have" wnsn="2" lexsn="2:42:00::">had</wf>
<wf cmd="tag" pos="CD">4499608</wf>
<wf cmd="tag" pos="NNS">members</wf>
<wf cmd="ignore" pos="CC">and</wf>
<wf cmd="tag" pos="CD">twenty</wf>
<wf cmd="tag" pos="NNS">years</wf>
<wf cmd="tag" pos="RB">later</wf>
<wf cmd="ignore" pos="PRP$">its</wf>
<wf cmd="tag" pos="NN">membership</wf>
<wf cmd="done" pos="VB" lemma="stand" wnsn="7" lexsn="2:42:06::">stood</wf>
<wf cmd="ignore" pos="IN">at</wf>
<wf cmd="tag" pos="CD">4622444</wf>
<punc>.</punc>
</s>
<s snum="106">
<wf cmd="ignore" pos="IN">During</wf>
<wf cmd="ignore" pos="DT">this</wf>
<wf cmd="tag" pos="NN">time</wf>
<wf cmd="tag" pos="CD">4122354</wf>
<wf cmd="tag" pos="JJ">new</wf>
<wf cmd="tag" pos="NNS">members</wf>
<wf cmd="done" pos="VBD" ot="notag">were</wf>
<wf cmd="done" pos="VB" lemma="bring" wnsn="1" lexsn="2:38:00::">brought</wf>
<wf cmd="ignore" pos="IN">into</wf>
<wf cmd="ignore" pos="DT">the</wf>
<wf cmd="tag" pos="NN">fellowship</wf>
<punc>.</punc>
</s>
<s snum="107">
<wf cmd="tag" pos="RB">Still</wf>
<wf cmd="ignore" pos="DT">another</wf>
<wf cmd="tag" pos="NN">denomination</wf>
<wf cmd="done" pos="VB" lemma="have" wnsn="2" lexsn="2:42:00::">had</wf>
<wf cmd="tag" pos="CD">7360187</wf>
<wf cmd="tag" pos="NNS">members</wf>
<wf cmd="tag" pos="CD">twenty</wf>
<wf cmd="tag" pos="NNS">years</wf>
<wf cmd="tag" pos="RB">ago</wf>
<punc>.</punc>
</s>
<s snum="108">
<wf cmd="ignore" pos="IN">During</wf>
<wf cmd="ignore" pos="DT">this</wf>
<wf cmd="tag" pos="NN">period</wf>
<wf cmd="tag" pos="CD">7484268</wf>
<wf cmd="tag" pos="NNS">members</wf>
<wf cmd="done" pos="VB" ot="notag">were</wf>
<wf cmd="done" pos="VB" lemma="receive" wnsn="5" lexsn="2:35:00::">received</wf>
<punc>,</punc>
<wf cmd="tag" pos="RB">yet</wf>
<wf cmd="ignore" pos="DT">the</wf>
<wf cmd="tag" pos="JJ">net</wf>
<wf cmd="tag" pos="NN">membership</wf>
<wf cmd="tag" pos="RB">now</wf>
<wf cmd="done" pos="VB" lemma="be" wnsn="6" lexsn="2:42:07::">is</wf>
<wf cmd="tag" pos="RB">only</wf>
<wf cmd="tag" pos="CD">9910741</wf>
<punc>.</punc>
</s>
<s snum="109">
<wf cmd="ignore" pos="DT">These</wf>
<wf cmd="tag" pos="NNS">figures</wf>
<wf cmd="done" pos="VB" lemma="indicate" wnsn="1" lexsn="2:32:01::">indicate</wf>
<wf cmd="ignore" pos="IN">that</wf>
<wf cmd="ignore" pos="PRP">we</wf>
<wf cmd="done" pos="VBP" ot="notag">are</wf>
<wf cmd="done" pos="VB" lemma="lose" wnsn="1" lexsn="2:40:02::">losing</wf>
<wf cmd="tag" pos="RB">almost</wf>
<wf cmd="tag" pos="JJ">as_many</wf>
<wf cmd="ignore" pos="IN">as</wf>
<wf cmd="ignore" pos="PRP">we</wf>
<wf cmd="done" pos="VBP" ot="notag">are</wf>
<wf cmd="done" pos="VB" lemma="receive" wnsn="5" lexsn="2:35:00::">receiving</wf>
<wf cmd="ignore" pos="IN">into</wf>
<wf cmd="tag" pos="NN">membership</wf>
<punc>.</punc>
</s>
</p>
<p pnum="47">
<s snum="110">
<wf cmd="ignore" pos="DT">This</wf>
<wf cmd="tag" pos="NN">problem</wf>
<wf cmd="done" pos="VBZ" ot="notag">is</wf>
<wf cmd="done" pos="VB" lemma="illustrate" wnsn="1" lexsn="2:32:00::">illustrated</wf>
<wf cmd="ignore" pos="IN">by</wf>
<wf cmd="ignore" pos="DT">the</wf>
<wf cmd="tag" pos="NN">fact</wf>
<wf cmd="ignore" pos="IN">that</wf>
<wf cmd="tag" pos="JJ">many</wf>
<wf cmd="tag" pos="JJ">local</wf>
<wf cmd="tag" pos="NNS">churches</wf>
<wf cmd="done" pos="VB" lemma="drop" wnsn="5" lexsn="2:41:01::">drop</wf>
<wf cmd="ignore" pos="IN">from</wf>
<wf cmd="ignore" pos="DT">the</wf>
<wf cmd="tag" pos="JJ">active</wf>
<wf cmd="tag" pos="NN">membership</wf>
<wf cmd="tag" pos="NNS">rolls</wf>
<wf cmd="tag" pos="RB">each_year</wf>
<wf cmd="tag" pos="JJ">as_many</wf>
<wf cmd="ignore" pos="IN">as</wf>
<wf cmd="ignore" pos="PRP">they</wf>
<wf cmd="done" pos="VB" lemma="receive" wnsn="5" lexsn="2:35:00::">receive</wf>
<wf cmd="ignore" pos="IN">into</wf>
<wf cmd="ignore" pos="DT">the</wf>
<wf cmd="tag" pos="NN">fellowship</wf>
<punc>.</punc>
</s>
<s snum="111">
<wf cmd="tag" pos="NNS">Studies</wf>
<wf cmd="ignore" pos="IN">of</wf>
<wf cmd="tag" pos="NN">membership</wf>
<wf cmd="tag" pos="NNS">trends</wf>
<punc>,</punc>
<wf cmd="tag" pos="RB">even</wf>
<wf cmd="ignore" pos="IN">in</wf>
<wf cmd="ignore" pos="DT">some</wf>
<wf cmd="tag" pos="NNS">areas</wf>
<wf cmd="ignore" pos="WRB">where</wf>
<wf cmd="tag" pos="NN">population</wf>
<wf cmd="done" pos="VBZ" ot="notag">is</wf>
<wf cmd="done" pos="VB" lemma="expand" wnsn="4" lexsn="2:30:01::">expanding</wf>
<punc>,</punc>
<wf cmd="done" pos="VB" lemma="show" wnsn="3" lexsn="2:32:00::">show</wf>
<wf cmd="ignore" pos="IN">that</wf>
<wf cmd="tag" pos="NNS">numbers</wf>
<wf cmd="ignore" pos="IN">of</wf>
<wf cmd="tag" pos="NNS">churches</wf>
<wf cmd="done" pos="VBP" ot="notag">have</wf>
<wf cmd="done" pos="VB" lemma="have" wnsn="2" lexsn="2:42:00::">had</wf>
<wf cmd="tag" pos="JJ">little</wf>
<wf cmd="tag" pos="JJ">net</wf>
<wf cmd="tag" pos="NN">increase</wf>
<punc>,</punc>
<wf cmd="ignore" pos="IN">though</wf>
<wf cmd="tag" pos="JJ">many</wf>
<wf cmd="tag" pos="JJ">new</wf>
<wf cmd="tag" pos="NNS">members</wf>
<wf cmd="done" pos="VB" ot="notag">were</wf>
<wf cmd="done" pos="VB" lemma="receive" wnsn="5" lexsn="2:35:00::">received</wf>
<punc>.</punc>
</s>
<s snum="112">
<wf cmd="tag" pos="NN">Something</wf>
<wf cmd="done" pos="VB" lemma="be" wnsn="2" lexsn="2:42:06::">is</wf>
<wf cmd="tag" pos="JJ">wrong</wf>
<wf cmd="ignore" pos="WRB">when</wf>
<wf cmd="ignore" pos="DT">these</wf>
<wf cmd="tag" pos="NNS">things</wf>
<wf cmd="done" pos="VB" lemma="happen" wnsn="1" lexsn="2:30:00::">happen</wf>
<punc>.</punc>
</s>
<s snum="113">
<wf cmd="ignore" pos="DT">The</wf>
<wf cmd="tag" pos="JJ">local</wf>
<punc>``</punc>
<wf cmd="tag" pos="NN">family</wf>
<wf cmd="ignore" pos="IN">of</wf>
<wf cmd="tag" pos="NNP">God</wf>
<punc>''</punc>
<wf cmd="done" pos="VBZ" ot="notag">has</wf>
<wf cmd="done" pos="VB" lemma="fail" wnsn="3" lexsn="2:37:00::">failed</wf>
<wf cmd="ignore" pos="PRP$">its</wf>
<wf cmd="tag" pos="JJ">new</wf>
<wf cmd="tag" pos="NNS">members</wf>
<wf cmd="ignore" pos="IN">through</wf>
<wf cmd="tag" pos="NN">neglect</wf>
<wf cmd="ignore" pos="CC">and</wf>
<wf cmd="tag" pos="NN">unconcern</wf>
<wf cmd="ignore" pos="IN">for</wf>
<wf cmd="ignore" pos="PRP$">their</wf>
<wf cmd="tag" pos="JJ">spiritual</wf>
<wf cmd="tag" pos="NN">welfare</wf>
<punc>.</punc>
</s>
</p>
<p pnum="48">
<s snum="114">
<wf cmd="tag" pos="NN">New</wf>
<wf cmd="tag" pos="NNS">members</wf>
<wf cmd="ignore" pos="MD">can</wf>
<wf cmd="done" pos="VB" lemma="become" wnsn="2" lexsn="2:42:01::">become</wf>
<wf cmd="done" pos="VB" lemma="participate" wnsn="1" lexsn="2:41:00::">participating</wf>
<punc>,</punc>
<wf cmd="done" pos="VB" lemma="grow" wnsn="5" lexsn="2:30:04::">growing</wf>
<wf cmd="tag" pos="NNS">members</wf>
<punc>.</punc>
</s>
<s snum="115">
<wf cmd="ignore" pos="CC">But</wf>
<wf cmd="ignore" pos="DT">this</wf>
<wf cmd="ignore" pos="MD">will</wf>
<wf cmd="tag" pos="RB">not</wf>
<wf cmd="done" pos="VB" lemma="happen" wnsn="1" lexsn="2:30:00::">happen</wf>
<wf cmd="tag" pos="RB">merely</wf>
<wf cmd="ignore" pos="IN">through</wf>
<wf cmd="ignore" pos="DT">the</wf>
<wf cmd="tag" pos="NN">natural_process</wf>
<wf cmd="ignore" pos="IN">of</wf>
<wf cmd="tag" pos="JJ">social</wf>
<wf cmd="tag" pos="NN">life</wf>
<punc>.</punc>
</s>
<s snum="116">
<wf cmd="ignore" pos="PRP">It</wf>
<wf cmd="ignore" pos="MD">must</wf>
<wf cmd="done" pos="VB" ot="notag">be</wf>
<wf cmd="done" pos="VB" lemma="plan" wnsn="2" lexsn="2:31:00::">planned</wf>
<wf cmd="ignore" pos="CC">and</wf>
<wf cmd="tag" pos="RB">carefully</wf>
<wf cmd="done" pos="VB" lemma="develop" wnsn="2" lexsn="2:36:00::">developed</wf>
<punc>.</punc>
</s>
<s snum="117">
<wf cmd="ignore" pos="DT">The</wf>
<wf cmd="tag" pos="JJ">entire</wf>
<wf cmd="tag" pos="NN">membership</wf>
<wf cmd="ignore" pos="IN">of</wf>
<wf cmd="ignore" pos="DT">the</wf>
<wf cmd="tag" pos="JJ">local</wf>
<wf cmd="tag" pos="NN">church</wf>
<wf cmd="ignore" pos="MD">must</wf>
<wf cmd="done" pos="VB" ot="notag">be</wf>
<wf cmd="done" pos="VB" lemma="alert" wnsn="1" lexsn="2:32:00::">alerted</wf>
<wf cmd="done" pos="VB" ot="notag">to</wf>
<wf cmd="ignore" pos="PRP$">their</wf>
<wf cmd="tag" pos="NN">part</wf>
<wf cmd="tag" pos="RB">in_this</wf>
<wf cmd="tag" pos="JJ">dynamic</wf>
<wf cmd="tag" pos="NN">process</wf>
<punc>.</punc>
</s>
</p>
<p pnum="49">
<s snum="118">
<wf cmd="ignore" pos="IN">If</wf>
<wf cmd="ignore" pos="DT">the</wf>
<wf cmd="tag" pos="NN">church</wf>
<wf cmd="done" pos="VBZ" ot="notag">has</wf>
<wf cmd="done" pos="VB" lemma="follow" wnsn="5" lexsn="2:41:00::">followed</wf>
<wf cmd="ignore" pos="DT">the</wf>
<wf cmd="tag" pos="NN">plan</wf>
<wf cmd="ignore" pos="IN">of</wf>
<wf cmd="tag" pos="NN">cultivation</wf>
<wf cmd="ignore" pos="IN">of</wf>
<wf cmd="tag" pos="NNS">prospects</wf>
<wf cmd="ignore" pos="CC">and</wf>
<wf cmd="done" pos="VB" lemma="carry_through" wnsn="1" lexsn="2:36:00::">carried_through</wf>
<wf cmd="ignore" pos="DT">a</wf>
<wf cmd="tag" pos="NN">program</wf>
<wf cmd="ignore" pos="IN">of</wf>
<wf cmd="tag" pos="NN">membership</wf>
<wf cmd="tag" pos="NN">preparation</wf>
<wf cmd="ignore" pos="IN">as</wf>
<wf cmd="done" pos="VB" lemma="outline" wnsn="1" lexsn="2:32:00::">outlined</wf>
<wf cmd="tag" pos="RBR">earlier</wf>
<wf cmd="tag" pos="RB">in_this</wf>
<wf cmd="tag" pos="NN">book</wf>
<punc>,</punc>
<wf cmd="ignore" pos="DT">the</wf>
<wf cmd="tag" pos="NN">process</wf>
<wf cmd="ignore" pos="IN">of</wf>
<wf cmd="tag" pos="NN">assimilation</wf>
<wf cmd="ignore" pos="CC">and</wf>
<wf cmd="tag" pos="NN">growth</wf>
<wf cmd="ignore" pos="MD">will</wf>
<wf cmd="done" pos="VB" ot="notag">be</wf>
<wf cmd="tag" pos="RB">well</wf>
<wf cmd="tag" pos="JJ">under_way</wf>
<punc>.</punc>
</s>
<s snum="119">
<wf cmd="ignore" pos="DT">Those</wf>
<wf cmd="ignore" pos="WP">who</wf>
<wf cmd="done" pos="VB" lemma="enter" wnsn="1" lexsn="2:38:00::">enter</wf>
<wf cmd="ignore" pos="DT">the</wf>
<wf cmd="tag" pos="NN">front_door</wf>
<wf cmd="ignore" pos="IN">of</wf>
<wf cmd="ignore" pos="DT">the</wf>
<wf cmd="tag" pos="NN">church</wf>
<wf cmd="tag" pos="RB">intelligently</wf>
<wf cmd="ignore" pos="CC">and</wf>
<wf cmd="ignore" pos="IN">with</wf>
<wf cmd="tag" pos="NNP">Christian</wf>
<wf cmd="tag" pos="NN">dedication</wf>
<wf cmd="ignore" pos="MD">will</wf>
<wf cmd="tag" pos="RB">not</wf>
<wf cmd="tag" pos="RB">so</wf>
<wf cmd="tag" pos="RB">easily</wf>
<wf cmd="done" pos="VB" lemma="step" wnsn="1" lexsn="2:38:00::">step</wf>
<wf cmd="ignore" pos="IN">through</wf>
<wf cmd="ignore" pos="DT">the</wf>
<wf cmd="tag" pos="JJ">back</wf>
<wf cmd="tag" pos="NN">door</wf>
<wf cmd="ignore" pos="IN">because</wf>
<wf cmd="ignore" pos="IN">of</wf>
<wf cmd="tag" pos="JJ">lost</wf>
<wf cmd="tag" pos="NN">interest</wf>
<punc>.</punc>
</s>
</p>
<p pnum="50">
<s snum="120">
<wf cmd="tag" pos="RB">However</wf>
<punc>,</punc>
<wf cmd="ignore" pos="PRP">it</wf>
<wf cmd="done" pos="VB" lemma="be" wnsn="1" lexsn="2:42:03::">is</wf>
<wf cmd="tag" pos="RB">not</wf>
<wf cmd="tag" pos="RB">enough</wf>
<wf cmd="ignore" pos="TO">to</wf>
<wf cmd="done" pos="VB" lemma="bring" wnsn="2" lexsn="2:35:04::">bring</wf>
<wf cmd="tag" pos="NNS">persons</wf>
<wf cmd="ignore" pos="TO">to</wf>
<wf cmd="tag" pos="NNP">Christian</wf>
<wf cmd="tag" pos="NN">commitment</wf>
<wf cmd="ignore" pos="CC">and</wf>
<wf cmd="done" pos="VB" lemma="train" wnsn="1" lexsn="2:31:01::">train</wf>
<wf cmd="ignore" pos="PRP">them</wf>
<wf cmd="ignore" pos="IN">in</wf>
<wf cmd="ignore" pos="DT">the</wf>
<wf cmd="tag" pos="NN">meaning</wf>
<wf cmd="ignore" pos="IN">of</wf>
<wf cmd="tag" pos="NNP">Christian</wf>
<wf cmd="tag" pos="NN">discipleship</wf>
<punc>.</punc>
</s>
<s snum="121">
<wf cmd="ignore" pos="WRB">When</wf>
<wf cmd="ignore" pos="PRP">they</wf>
<wf cmd="done" pos="VB" lemma="unite" wnsn="2" lexsn="2:30:00::">unite</wf>
<wf cmd="ignore" pos="IN">with</wf>
<wf cmd="ignore" pos="DT">the</wf>
<wf cmd="tag" pos="NNP">Church</wf>
<wf cmd="ignore" pos="PRP">they</wf>
<wf cmd="ignore" pos="MD">must</wf>
<wf cmd="done" pos="VB" lemma="find" wnsn="1" lexsn="2:40:02::">find</wf>
<wf cmd="tag" pos="RB">in_this</wf>
<wf cmd="tag" pos="NN">fellowship</wf>
<wf cmd="ignore" pos="DT">the</wf>
<wf cmd="tag" pos="NN">satisfaction</wf>
<wf cmd="ignore" pos="IN">of</wf>
<wf cmd="ignore" pos="PRP$">their</wf>
<wf cmd="tag" pos="JJ">basic</wf>
<wf cmd="tag" pos="JJ">spiritual</wf>
<wf cmd="tag" pos="NNS">needs</wf>
<wf cmd="ignore" pos="CC">or</wf>
<wf cmd="ignore" pos="PRP">they</wf>
<wf cmd="ignore" pos="MD">will</wf>
<wf cmd="tag" pos="RB">never</wf>
<wf cmd="done" pos="VB" lemma="mature" wnsn="1" lexsn="2:30:00::">mature</wf>
<wf cmd="ignore" pos="IN">into</wf>
<wf cmd="tag" pos="JJ">effective</wf>
<wf cmd="tag" pos="NNPS">Christians</wf>
<punc>.</punc>
</s>
</p>
<p pnum="51">
<s snum="122">
<wf cmd="ignore" pos="DT">The</wf>
<wf cmd="tag" pos="NNP">Church</wf>
<wf cmd="done" pos="VB" lemma="expect" wnsn="2" lexsn="2:32:00::">expects</wf>
<wf cmd="tag" pos="JJ">certain</wf>
<wf cmd="tag" pos="NNS">things</wf>
<wf cmd="ignore" pos="IN">of</wf>
<wf cmd="ignore" pos="DT">those</wf>
<wf cmd="ignore" pos="WP">who</wf>
<wf cmd="done" pos="VB" lemma="become" wnsn="2" lexsn="2:42:01::">become</wf>
<wf cmd="tag" pos="NNS">members</wf>
<punc>.</punc>
</s>
<s snum="123">
<wf cmd="ignore" pos="DT">The</wf>
<wf cmd="tag" pos="JJ">new</wf>
<wf cmd="tag" pos="NNS">members</wf>
<wf cmd="tag" pos="RB">justifiably</wf>
<wf cmd="done" pos="VB" lemma="expect" wnsn="2" lexsn="2:32:00::">expect</wf>
<wf cmd="ignore" pos="DT">some</wf>
<wf cmd="tag" pos="NNS">things</wf>
<wf cmd="ignore" pos="IN">from</wf>
<wf cmd="ignore" pos="PRP$">their</wf>
<wf cmd="tag" pos="NN">church</wf>
<wf cmd="tag" pos="NN">family</wf>
<punc>:</punc>
</s>
</p>
</context>
</contextfile>
