<contextfile concordance="brown">
<context filename="br-e10" paras="yes">
<p pnum="1">
<s snum="1">
<wf cmd="ignore" pos="DT">The</wf>
<wf cmd="tag" pos="JJ">average</wf>
<wf cmd="tag" pos="NN">reader</wf>
<wf cmd="tag" pos="RB">of_this</wf>
<wf cmd="tag" pos="NN">magazine</wf>
<wf cmd="done" pos="VB" lemma="own" wnsn="1" lexsn="2:40:00::">owns</wf>
<wf cmd="tag" pos="RB">more_than</wf>
<wf cmd="tag" pos="CD">one</wf>
<wf cmd="tag" pos="NN">gun</wf>
<punc>(</punc>
<wf cmd="ignore" pos="PRP">we</wf>
<wf cmd="done" pos="VB" lemma="run" wnsn="15" lexsn="2:30:07::">ran</wf>
<wf cmd="ignore" pos="DT">a</wf>
<wf cmd="tag" pos="NN">survey</wf>
<wf cmd="ignore" pos="TO">to</wf>
<wf cmd="done" pos="VB" lemma="find_out" wnsn="1" lexsn="2:32:00::">find_out</wf>
<punc>)</punc>
<wf cmd="ignore" pos="CC">but</wf>
<wf cmd="ignore" pos="PRP">he</wf>
<wf cmd="done" rdf="is" pos="VB" lemma="be" wnsn="1" lexsn="2:42:03::">'s</wf>
<wf cmd="tag" pos="RB">always</wf>
<wf cmd="ignore" pos="IN">on</wf>
<wf cmd="ignore" pos="DT">the</wf>
<wf cmd="tag" pos="NN">lookout</wf>
<wf cmd="ignore" pos="IN">for</wf>
<wf cmd="tag" pos="JJ">new</wf>
<wf cmd="ignore" pos="CC">and</wf>
<wf cmd="tag" pos="JJR">better</wf>
<wf cmd="tag" pos="NNS">arms</wf>
<punc>.</punc>
</s>
<s snum="2">
<wf cmd="ignore" pos="PRP">He</wf>
<wf cmd="done" rdf="is" pos="VB" lemma="be" wnsn="1" lexsn="2:42:03::">'s</wf>
<wf cmd="tag" pos="RB">more_than</wf>
<wf cmd="ignore" pos="DT">a</wf>
<wf cmd="tag" pos="NN">reader</wf>
<wf cmd="ignore" pos="IN">of</wf>
<wf cmd="tag" pos="JJ">outdoor</wf>
<wf cmd="tag" pos="NNS">articles</wf>
<punc>;</punc>
<wf cmd="ignore" pos="PRP">he</wf>
<wf cmd="done" rdf="is" pos="VB" lemma="be" wnsn="1" lexsn="2:42:03::">'s</wf>
<wf cmd="ignore" pos="DT">a</wf>
<wf cmd="tag" pos="JJ">real</wf>
<wf cmd="tag" pos="NN">hunter</wf>
<wf cmd="ignore" pos="CC">and</wf>
<wf cmd="tag" pos="NN">shooter</wf>
<punc>,</punc>
<wf cmd="tag" pos="JJ">eager</wf>
<wf cmd="ignore" pos="TO">to</wf>
<wf cmd="done" pos="VB" lemma="improve" wnsn="1" lexsn="2:30:01::">improve</wf>
<wf cmd="ignore" pos="PRP$">his</wf>
<wf cmd="tag" pos="NN">sport</wf>
<punc>.</punc>
</s>
<s snum="3">
<wf cmd="ignore" pos="UH">Well</wf>
<punc>,</punc>
<wf cmd="ignore" pos="IN">if</wf>
<wf cmd="ignore" pos="PRP">you</wf>
<wf cmd="done" rdf="are" pos="VB" lemma="be" wnsn="1" lexsn="2:42:03::">'re</wf>
<wf cmd="ignore" pos="IN">that</wf>
<wf cmd="tag" pos="RB">kind_of</wf>
<wf cmd="tag" pos="NN">sportsman</wf>
<wf cmd="ignore" pos="PRP">we</wf>
<wf cmd="done" rdf="are" pos="VB" lemma="be" wnsn="3" lexsn="2:42:05::">'re</wf>
<wf cmd="tag" pos="RB">here</wf>
<wf cmd="ignore" pos="TO">to</wf>
<wf cmd="done" pos="VB" lemma="help" wnsn="1" lexsn="2:41:00::">help</wf>
<wf cmd="ignore" pos="PRP">you</wf>
<punc>.</punc>
</s>
<s snum="4">
<wf cmd="ignore" pos="PRP">You</wf>
<wf cmd="done" pos="VBP" ot="notag">'ve</wf>
<wf cmd="tag" pos="RB">probably</wf>
<wf cmd="done" pos="VBN" ot="notag">given</wf>
<wf cmd="tag" pos="JJ">a_lot_of</wf>
<wf cmd="tag" pos="NN">Christmas-season</wf>
<wf cmd="tag" pos="NN">thought</wf>
<wf cmd="ignore" pos="TO">to</wf>
<wf cmd="ignore" pos="DT">the</wf>
<wf cmd="tag" pos="NNS">guns</wf>
<wf cmd="ignore" pos="IN">in</wf>
<wf cmd="ignore" pos="PRP$">your</wf>
<wf cmd="tag" pos="NN">rack</wf>
<punc>,</punc>
<wf cmd="ignore" pos="CC">but</wf>
<wf cmd="ignore" pos="PRP">it</wf>
<wf cmd="done" rdf="is" pos="VB" lemma="be" wnsn="1" lexsn="2:42:03::">'s</wf>
<wf cmd="tag" pos="RB">not</wf>
<wf cmd="tag" pos="JJ">easy</wf>
<wf cmd="ignore" pos="TO">to</wf>
<wf cmd="done" pos="VB" lemma="decide" wnsn="1" lexsn="2:31:00::">decide</wf>
<wf cmd="ignore" pos="IN">on</wf>
<wf cmd="ignore" pos="DT">a</wf>
<wf cmd="tag" pos="JJ">new</wf>
<wf cmd="tag" pos="CD">one</wf>
<punc>.</punc>
</s>
<s snum="5">
<wf cmd="ignore" pos="PRP">You</wf>
<wf cmd="tag" pos="RB">still</wf>
<wf cmd="done" pos="VB" lemma="have" wnsn="9" lexsn="2:40:01::">have</wf>
<wf cmd="tag" pos="NN">time</wf>
<wf cmd="ignore" pos="TO">to</wf>
<wf cmd="done" pos="VB" lemma="drop" wnsn="6" lexsn="2:32:00::">drop</wf>
<wf cmd="tag" pos="JJ">a_few</wf>
<wf cmd="tag" pos="NNS">hints</wf>
<wf cmd="ignore" pos="IN">about</wf>
<wf cmd="ignore" pos="DT">the</wf>
<wf cmd="tag" pos="NNS">gifts</wf>
<wf cmd="ignore" pos="PRP">you</wf>
<wf cmd="ignore" pos="MD">'d</wf>
<wf cmd="done" pos="VB" lemma="appreciate" wnsn="1" lexsn="2:37:00::">appreciate</wf>
<wf cmd="tag" pos="JJS">most</wf>
<punc>;</punc>
<wf cmd="ignore" pos="DT">the</wf>
<wf cmd="tag" pos="NN">time</wf>
<wf cmd="ignore" pos="TO">to</wf>
<wf cmd="done" pos="VB" lemma="decide" wnsn="1" lexsn="2:31:00::">decide</wf>
<wf cmd="ignore" pos="IN">on</wf>
<wf cmd="ignore" pos="PRP">them</wf>
<wf cmd="done" pos="VB" lemma="be" wnsn="2" lexsn="2:42:06::">is</wf>
<wf cmd="tag" pos="RB">now</wf>
<punc>.</punc>
</s>
<s snum="6">
<wf cmd="ignore" pos="IN">As</wf>
<wf cmd="ignore" pos="DT">a</wf>
<wf cmd="tag" pos="NNP">Christmas</wf>
<wf cmd="tag" pos="NN">service</wf>
<punc>,</punc>
<wf cmd="ignore" pos="PRP">I</wf>
<wf cmd="done" pos="VBP" ot="notag">'ve</wf>
<wf cmd="done" rdf="taken_a_look" pos="VB" lemma="take_a_look" wnsn="1" lexsn="2:39:00::">taken</wf>
<wf cmd="ignore" pos="DT">a</wf>
<wf cmd="tag" pos="NN">close</wf>
<wf cmd="tag" pos="NN">look</wf>
<wf cmd="done" pos="VB" ot="notag">at</wf>
<wf cmd="ignore" pos="DT">this</wf>
<wf cmd="tag" pos="NN">year</wf>
<wf cmd="ignore" pos="POS">'s</wf>
<wf cmd="tag" pos="NN">crop</wf>
<wf cmd="ignore" pos="IN">of</wf>
<wf cmd="tag" pos="JJ">new</wf>
<wf cmd="tag" pos="NNS">models</wf>
<punc>.</punc>
</s>
<s snum="7">
<wf cmd="tag" pos="RB">Here</wf>
<wf cmd="ignore" pos="PRP">they</wf>
<wf cmd="done" pos="VB" lemma="be" wnsn="5" lexsn="2:42:04::">are</wf>
<punc>,</punc>
<wf cmd="ignore" pos="IN">with</wf>
<wf cmd="ignore" pos="PRP$">my</wf>
<wf cmd="tag" pos="NNS">comments</wf>
<wf cmd="ignore" pos="CC">and</wf>
<wf cmd="tag" pos="NNS">judgments</wf>
<punc>.</punc>
</s>
<s snum="8">
<wf cmd="done" pos="VB" lemma="read" wnsn="1" lexsn="2:31:00::">Read</wf>
<wf cmd="tag" pos="RB">on</wf>
<punc>,</punc>
<wf cmd="done" pos="VB" lemma="take" wnsn="10" lexsn="2:31:01::">take</wf>
<wf cmd="ignore" pos="PRP$">your</wf>
<wf cmd="tag" pos="NN">pick</wf>
<punc>-</punc>
<wf cmd="ignore" pos="CC">and</wf>
<wf cmd="done" pos="VB" lemma="start" wnsn="1" lexsn="2:30:00::">start</wf>
<wf cmd="done" pos="VB" lemma="drop" wnsn="6" lexsn="2:32:00::">dropping</wf>
<wf cmd="ignore" pos="DT">those</wf>
<wf cmd="tag" pos="NNS">hints</wf>
<punc>.</punc>
</s>
</p>
<p pnum="2">
<s snum="9">
<wf cmd="tag" pos="NNP">First</wf>
<wf cmd="ignore" pos="IN">on</wf>
<wf cmd="ignore" pos="PRP$">my</wf>
<wf cmd="tag" pos="JJ">own</wf>
<wf cmd="tag" pos="NN">list</wf>
<wf cmd="ignore" pos="MD">would</wf>
<wf cmd="done" pos="VB" lemma="be" wnsn="3" lexsn="2:42:05::">be</wf>
<wf cmd="tag" pos="CD">two</wf>
<wf cmd="tag" pos="NNS">arms</wf>
<punc>-</punc>
<wf cmd="ignore" pos="DT">a</wf>
<wf cmd="tag" pos="NN">rifle</wf>
<wf cmd="ignore" pos="CC">and</wf>
<wf cmd="ignore" pos="DT">a</wf>
<wf cmd="tag" pos="NN">handgun</wf>
<punc>-</punc>
<wf cmd="tag" pos="RB">that</wf>
<wf cmd="done" pos="VB" lemma="qualify" wnsn="1" lexsn="2:42:00::">qualify</wf>
<wf cmd="ignore" pos="IN">as</wf>
<wf cmd="tag" pos="JJ">new</wf>
<wf cmd="ignore" pos="IN">in</wf>
<wf cmd="ignore" pos="DT">the</wf>
<wf cmd="tag" pos="JJS">strictest</wf>
<wf cmd="tag" pos="NN">sense</wf>
<punc>.</punc>
</s>
<s snum="10">
<wf cmd="ignore" pos="IN">For</wf>
<wf cmd="ignore" pos="PRP">me</wf>
<punc>,</punc>
<wf cmd="ignore" pos="DT">a</wf>
<wf cmd="tag" pos="JJ">changed</wf>
<wf cmd="tag" pos="NN">barrel</wf>
<wf cmd="tag" pos="NN">length</wf>
<wf cmd="ignore" pos="CC">or</wf>
<wf cmd="ignore" pos="DT">an</wf>
<wf cmd="tag" pos="JJ">improved</wf>
<wf cmd="tag" pos="NN">stock</wf>
<wf cmd="done" pos="VBZ" ot="notag">does</wf>
<wf cmd="tag" pos="RB">n't</wf>
<wf cmd="done" pos="VB" lemma="constitute" wnsn="1" lexsn="2:42:00::">constitute</wf>
<wf cmd="ignore" pos="DT">a</wf>
<wf cmd="tag" pos="RB">truly</wf>
<wf cmd="tag" pos="JJ">new</wf>
<wf cmd="tag" pos="NN">design</wf>
<punc>.</punc>
</s>
<s snum="11">
<wf cmd="tag" pos="JJ">Such</wf>
<wf cmd="tag" pos="NNS">modifications</wf>
<wf cmd="done" pos="VB" lemma="be" wnsn="1" lexsn="2:42:03::">are</wf>
<wf cmd="ignore" pos="DT">all</wf>
<wf cmd="ignore" pos="IN">for</wf>
<wf cmd="ignore" pos="DT">the</wf>
<wf cmd="tag" pos="JJS">best</wf>
<wf cmd="ignore" pos="CC">but</wf>
<wf cmd="ignore" pos="PRP">it</wf>
<wf cmd="done" pos="VB" lemma="take" wnsn="14" lexsn="2:42:00::">takes</wf>
<wf cmd="tag" pos="NN">something</wf>
<wf cmd="tag" pos="RB">as</wf>
<wf cmd="tag" pos="JJ">different</wf>
<wf cmd="ignore" pos="IN">as</wf>
<wf cmd="ignore" pos="DT">a</wf>
<wf cmd="tag" pos="NN">Deerstalker</wf>
<wf cmd="ignore" pos="CC">or</wf>
<wf cmd="ignore" pos="DT">a</wf>
<wf cmd="tag" pos="NNP">Jet</wf>
<wf cmd="ignore" pos="TO">to</wf>
<wf cmd="done" pos="VB" lemma="change" wnsn="1" lexsn="2:30:01::">change</wf>
<wf cmd="tag" pos="NN">arms-making</wf>
<wf cmd="tag" pos="NNS">concepts</wf>
<punc>.</punc>
</s>
</p>
<p pnum="3">
<s snum="12">
<wf cmd="tag" pos="NNP">Bill_Ruger</wf>
<wf cmd="ignore" pos="POS">'s</wf>
<wf cmd="tag" pos="JJ">long-awaited</wf>
<wf cmd="tag" pos="NN">Deerstalker</wf>
<punc>(</punc>
<wf cmd="ignore" pos="IN">under</wf>
<punc>$</punc>
<wf cmd="tag" pos="CD">110</wf>
<punc>)</punc>
<wf cmd="done" pos="VB" lemma="be" wnsn="1" lexsn="2:42:03::">is</wf>
<wf cmd="ignore" pos="DT">a</wf>
<wf cmd="tag" pos="JJ">new</wf>
<wf cmd="tag" pos="NN">rifle</wf>
<wf cmd="tag" pos="NN">action</wf>
<wf cmd="ignore" pos="IN">in</wf>
<wf cmd="ignore" pos="DT">a</wf>
<wf cmd="tag" pos="NN">caliber</wf>
<wf cmd="ignore" pos="IN">that</wf>
<wf cmd="done" pos="VB" lemma="upset" wnsn="1" lexsn="2:30:00::">upsets</wf>
<wf cmd="ignore" pos="DT">all</wf>
<wf cmd="ignore" pos="DT">the</wf>
<wf cmd="tag" pos="JJ">modern</wf>
<wf cmd="tag" pos="NN">theory</wf>
<wf cmd="ignore" pos="IN">of</wf>
<wf cmd="tag" pos="JJ">high-velocity</wf>
<wf cmd="tag" pos="NNS">fans</wf>
<punc>;</punc>
<wf cmd="ignore" pos="PRP">it</wf>
<wf cmd="done" rdf="is" pos="VB" lemma="be" wnsn="1" lexsn="2:42:03::">'s</wf>
<wf cmd="ignore" pos="DT">a</wf>
<wf cmd="tag" pos="JJ">short</wf>
<punc>,</punc>
<wf cmd="tag" pos="NN">light</wf>
<punc>,</punc>
<wf cmd="tag" pos="JJ">quick-handling</wf>
<punc>,</punc>
<wf cmd="tag" pos="JJ">fast-firing</wf>
<wf cmd="tag" pos="JJ">little</wf>
<wf cmd="tag" pos="NN">timber</wf>
<wf cmd="tag" pos="NN">gun</wf>
<wf cmd="done" pos="VB" lemma="design" wnsn="2" lexsn="2:31:00::">designed</wf>
<wf cmd="ignore" pos="TO">to</wf>
<wf cmd="done" pos="VB" lemma="push" wnsn="1" lexsn="2:38:00::">push</wf>
<wf cmd="ignore" pos="DT">a</wf>
<wf cmd="tag" pos="JJ">heavy</wf>
<wf cmd="tag" pos="NN">slug</wf>
<wf cmd="ignore" pos="IN">at</wf>
<wf cmd="tag" pos="JJ">modest</wf>
<wf cmd="tag" pos="NN">velocity</wf>
<wf cmd="ignore" pos="CC">but</wf>
<wf cmd="ignore" pos="IN">with</wf>
<wf cmd="tag" pos="JJ">lots_of</wf>
<wf cmd="tag" pos="NN">killing</wf>
<wf cmd="tag" pos="NN">power</wf>
<wf cmd="ignore" pos="CC">and</wf>
<wf cmd="tag" pos="JJ">ample</wf>
<wf cmd="tag" pos="NN">range</wf>
<wf cmd="ignore" pos="IN">for</wf>
<wf cmd="ignore" pos="PRP$">our</wf>
<wf cmd="tag" pos="RBS">most</wf>
<wf cmd="tag" pos="JJ">popular</wf>
<wf cmd="tag" pos="NN">big_game</wf>
<punc>-</punc>
<wf cmd="tag" pos="NN">whitetail</wf>
<punc>.</punc>
</s>
</p>
<p pnum="4">
<s snum="13">
<wf cmd="tag" pos="NNP">Ruger</wf>
<wf cmd="done" pos="VB" lemma="report" wnsn="1" lexsn="2:32:00::">reports</wf>
<wf cmd="tag" pos="RB">that</wf>
<wf cmd="ignore" pos="IN">on</wf>
<wf cmd="ignore" pos="PRP$">his</wf>
<wf cmd="tag" pos="JJ">recent</wf>
<wf cmd="tag" pos="JJ">African</wf>
<wf cmd="tag" pos="NN">safari</wf>
<wf cmd="ignore" pos="DT">the</wf>
<wf cmd="tag" pos="JJ">little</wf>
<wf cmd="tag" pos="CD">.44</wf>
<wf cmd="tag" pos="NN">Magnum</wf>
<wf cmd="tag" pos="NN">cartridge</wf>
<wf cmd="done" pos="VB" lemma="be" wnsn="1" lexsn="2:42:03::">was</wf>
<wf cmd="ignore" pos="DT">a</wf>
<wf cmd="tag" pos="JJ">real</wf>
<wf cmd="tag" pos="NN">work</wf>
<wf cmd="tag" pos="NN">horse</wf>
<punc>.</punc>
</s>
<s snum="14">
<wf cmd="tag" pos="JJ">Small</wf>
<wf cmd="tag" pos="NN">antelope</wf>
<wf cmd="done" pos="VBD" ot="notag">were</wf>
<wf cmd="tag" pos="RB">generally</wf>
<wf cmd="done" pos="VB" lemma="grass" wnsn="1" lexsn="2:33:00::">grassed</wf>
<wf cmd="ignore" pos="IN">with</wf>
<wf cmd="tag" pos="NN">one_shot</wf>
<punc>,</punc>
<wf cmd="ignore" pos="CC">and</wf>
<wf cmd="ignore" pos="DT">the</wf>
<wf cmd="tag" pos="CD">.44</wf>
<wf cmd="tag" pos="NN">Magnum</wf>
<wf cmd="tag" pos="NN">carbine</wf>
<wf cmd="tag" pos="RB">also</wf>
<wf cmd="done" pos="VB" lemma="bag" wnsn="1" lexsn="2:35:01::">bagged</wf>
<wf cmd="tag" pos="NN">reedbuck</wf>
<punc>,</punc>
<wf cmd="tag" pos="NN">kob</wf>
<wf cmd="ignore" pos="CC">and</wf>
<wf cmd="tag" pos="NN">wart</wf>
<wf cmd="tag" pos="NN">hog</wf>
<wf cmd="ignore" pos="IN">with</wf>
<wf cmd="tag" pos="JJ">deadly</wf>
<wf cmd="tag" pos="NN">efficiency</wf>
<punc>;</punc>
<wf cmd="ignore" pos="DT">these</wf>
<wf cmd="done" pos="VB" lemma="be" wnsn="1" lexsn="2:42:03::">are</wf>
<wf cmd="tag" pos="RB">fairly</wf>
<wf cmd="tag" pos="JJ">large</wf>
<punc>,</punc>
<wf cmd="tag" pos="JJ">tough</wf>
<wf cmd="tag" pos="NNS">animals</wf>
<punc>.</punc>
</s>
</p>
<p pnum="5">
<s snum="15">
<wf cmd="ignore" pos="DT">The</wf>
<wf cmd="tag" pos="NN">deadliness</wf>
<wf cmd="ignore" pos="IN">of</wf>
<wf cmd="ignore" pos="DT">the</wf>
<wf cmd="tag" pos="CD">.44</wf>
<wf cmd="tag" pos="NN">Magnum</wf>
<wf cmd="ignore" pos="IN">in</wf>
<wf cmd="ignore" pos="DT">a</wf>
<wf cmd="tag" pos="NN">rifle</wf>
<wf cmd="done" pos="VB" lemma="come" wnsn="0" lexsn="2:42:01::">comes</wf>
<wf cmd="ignore" pos="IN">as</wf>
<wf cmd="ignore" pos="DT">no</wf>
<wf cmd="tag" pos="NN">surprise</wf>
<wf cmd="ignore" pos="TO">to</wf>
<wf cmd="ignore" pos="PRP">me</wf>
<punc>.</punc>
</s>
<s snum="16">
<wf cmd="tag" pos="RB">At_least</wf>
<wf cmd="tag" pos="CD">five</wf>
<wf cmd="tag" pos="NNS">years</wf>
<wf cmd="tag" pos="RB">ago</wf>
<punc>,</punc>
<wf cmd="tag" pos="NNP">Tom_Robinson</wf>
<wf cmd="ignore" pos="IN">of</wf>
<wf cmd="tag" pos="NNP">Marlin</wf>
<wf cmd="done" pos="VB" lemma="make_up" wnsn="2" lexsn="2:36:03::">made_up</wf>
<wf cmd="ignore" pos="DT">an</wf>
<wf cmd="ignore" pos="IN">over</wf>
<punc>/</punc>
<wf cmd="ignore" pos="IN">under</wf>
<wf cmd="tag" pos="JJ">double</wf>
<wf cmd="tag" pos="NN">rifle</wf>
<wf cmd="ignore" pos="IN">for</wf>
<wf cmd="ignore" pos="PRP">me</wf>
<wf cmd="tag" pos="RB">in_this</wf>
<wf cmd="tag" pos="NN">caliber</wf>
<punc>,</punc>
<wf cmd="done" pos="VB" lemma="use" wnsn="1" lexsn="2:34:01::">using</wf>
<wf cmd="ignore" pos="DT">the</wf>
<wf cmd="tag" pos="RB">now</wf>
<wf cmd="tag" pos="JJ">defunct</wf>
<wf cmd="tag" pos="NN">Model</wf>
<wf cmd="tag" pos="CD">90</wf>
<wf cmd="tag" pos="NN">action</wf>
<wf cmd="ignore" pos="IN">in</wf>
<wf cmd="tag" pos="CD">20</wf>
<punc>-</punc>
<wf cmd="tag" pos="NN">gauge</wf>
<wf cmd="tag" pos="NN">size</wf>
<punc>.</punc>
</s>
<s snum="17">
<wf cmd="ignore" pos="IN">After</wf>
<wf cmd="done" pos="VB" lemma="figure_out" wnsn="1" lexsn="2:31:00::">figuring_out</wf>
<wf cmd="ignore" pos="WRB">how</wf>
<wf cmd="ignore" pos="TO">to</wf>
<wf cmd="done" pos="VB" lemma="regulate" wnsn="1" lexsn="2:30:00::">regulate</wf>
<wf cmd="ignore" pos="DT">the</wf>
<wf cmd="tag" pos="NNS">barrels</wf>
<wf cmd="tag" pos="RB">so_that</wf>
<wf cmd="ignore" pos="PRP">they</wf>
<wf cmd="done" pos="VB" lemma="shoot" wnsn="3" lexsn="2:33:00::">shot</wf>
<wf cmd="ignore" pos="TO">to</wf>
<wf cmd="ignore" pos="DT">the</wf>
<wf cmd="tag" pos="JJ">same</wf>
<wf cmd="tag" pos="NN">point</wf>
<wf cmd="ignore" pos="IN">of</wf>
<wf cmd="tag" pos="NN">impact</wf>
<punc>,</punc>
<wf cmd="ignore" pos="PRP">we</wf>
<wf cmd="done" pos="VB" lemma="fire" wnsn="2" lexsn="2:33:00::">fired</wf>
<wf cmd="ignore" pos="DT">this</wf>
<wf cmd="tag" pos="JJ">little</wf>
<wf cmd="tag" pos="CD">20</wf>
<punc>-</punc>
<wf cmd="tag" pos="JJ">inch-barrel</wf>
<wf cmd="tag" pos="NN">job</wf>
<wf cmd="ignore" pos="IN">on</wf>
<wf cmd="ignore" pos="PRP$">my</wf>
<wf cmd="tag" pos="NN">home_range</wf>
<wf cmd="ignore" pos="CC">and</wf>
<wf cmd="ignore" pos="IN">in</wf>
<wf cmd="tag" pos="NNP">Marlin</wf>
<wf cmd="ignore" pos="POS">'s</wf>
<wf cmd="tag" pos="JJ">underground</wf>
<wf cmd="tag" pos="NN">test</wf>
<wf cmd="tag" pos="NN">gallery</wf>
<punc>.</punc>
</s>
<s snum="18">
<wf cmd="ignore" pos="PRP">We</wf>
<wf cmd="tag" pos="RB">quickly</wf>
<wf cmd="done" pos="VB" lemma="ran_into" wnsn="0" lexsn="2:38:01::">ran_into</wf>
<wf cmd="ignore" pos="DT">the</wf>
<wf cmd="tag" pos="JJ">same</wf>
<wf cmd="tag" pos="NN">trouble</wf>
<wf cmd="ignore" pos="WDT">that</wf>
<wf cmd="done" pos="VB" lemma="plague" wnsn="2" lexsn="2:37:00::">plagued</wf>
<wf cmd="tag" pos="NNP">Bill_Ruger</wf>
<wf cmd="ignore" pos="IN">in</wf>
<wf cmd="ignore" pos="PRP$">his</wf>
<wf cmd="tag" pos="JJ">first</wf>
<wf cmd="tag" pos="NNS">experiments</wf>
<punc>:</punc>
<wf cmd="tag" pos="CD">Three</wf>
<wf cmd="ignore" pos="CC">or</wf>
<wf cmd="tag" pos="CD">four</wf>
<wf cmd="tag" pos="NNS">bullets</wf>
<wf cmd="ignore" pos="MD">would</wf>
<wf cmd="done" pos="VB" ot="notag">be</wf>
<wf cmd="done" pos="VB" lemma="place" wnsn="1" lexsn="2:35:00::">placed</wf>
<wf cmd="tag" pos="RB">well</wf>
<wf cmd="ignore" pos="IN">in</wf>
<wf cmd="ignore" pos="DT">a</wf>
<wf cmd="tag" pos="JJ">six-inch</wf>
<wf cmd="tag" pos="NN">bull</wf>
<wf cmd="ignore" pos="IN">at</wf>
<wf cmd="tag" pos="CD">100</wf>
<wf cmd="tag" pos="NNS">yards</wf>
<wf cmd="tag" pos="RB">and_then</wf>
<punc>,</punc>
<wf cmd="tag" pos="RB">unaccountably</wf>
<punc>,</punc>
<wf cmd="tag" pos="CD">one</wf>
<wf cmd="ignore" pos="MD">could</wf>
<wf cmd="done" pos="VB" lemma="stray" wnsn="0" lexsn="2:38:02::">stray</wf>
<wf cmd="tag" pos="RB">far</wf>
<wf cmd="ignore" pos="IN">out</wf>
<wf cmd="ignore" pos="IN">of</wf>
<wf cmd="ignore" pos="DT">the</wf>
<wf cmd="tag" pos="NN">group</wf>
<punc>.</punc>
</s>
</p>
<p pnum="6">
<s snum="19">
<wf cmd="tag" pos="NNP">Ruger</wf>
<wf cmd="done" pos="VB" lemma="learn" wnsn="2" lexsn="2:31:01::">learned</wf>
<wf cmd="ignore" pos="IN">that</wf>
<wf cmd="ignore" pos="DT">this</wf>
<wf cmd="done" pos="VB" lemma="be" wnsn="5" lexsn="2:42:04::">was</wf>
<wf cmd="ignore" pos="IN">because</wf>
<wf cmd="ignore" pos="DT">the</wf>
<wf cmd="tag" pos="JJR">higher</wf>
<wf cmd="tag" pos="NN">velocity</wf>
<wf cmd="done" pos="VB" lemma="achieve" wnsn="1" lexsn="2:41:00::">achieved</wf>
<wf cmd="ignore" pos="IN">in</wf>
<wf cmd="ignore" pos="DT">a</wf>
<wf cmd="tag" pos="JJ">long</wf>
<wf cmd="tag" pos="NN">barrel</wf>
<wf cmd="done" pos="VBD" ot="notag">was</wf>
<wf cmd="done" pos="VB" lemma="upset" wnsn="1" lexsn="2:30:00::">upsetting</wf>
<wf cmd="ignore" pos="DT">the</wf>
<wf cmd="tag" pos="NN">shape</wf>
<wf cmd="ignore" pos="IN">of</wf>
<wf cmd="ignore" pos="DT">the</wf>
<wf cmd="tag" pos="JJ">unjacketed</wf>
<wf cmd="tag" pos="NN">revolver</wf>
<wf cmd="tag" pos="NN">bullet</wf>
<punc>.</punc>
</s>
<s snum="20">
<wf cmd="ignore" pos="DT">The</wf>
<wf cmd="tag" pos="JJ">new</wf>
<punc>,</punc>
<wf cmd="tag" pos="JJ">jacketed</wf>
<wf cmd="tag" pos="NN">slug</wf>
<wf cmd="ignore" pos="IN">in</wf>
<wf cmd="tag" pos="CD">.44</wf>
<wf cmd="tag" pos="NN">Magnum</wf>
<wf cmd="done" pos="VB" lemma="correct" wnsn="2" lexsn="2:41:01::">corrected</wf>
<wf cmd="ignore" pos="DT">this</wf>
<punc>.</punc>
</s>
<s snum="21">
<wf cmd="ignore" pos="CC">But</wf>
<wf cmd="tag" pos="RB">even</wf>
<wf cmd="ignore" pos="IN">without</wf>
<wf cmd="tag" pos="JJ">jacketed</wf>
<wf cmd="tag" pos="NNS">bullets</wf>
<punc>,</punc>
<wf cmd="ignore" pos="PRP">I</wf>
<wf cmd="done" pos="VB" lemma="have" wnsn="1" lexsn="2:40:00::">had</wf>
<wf cmd="tag" pos="RB">enough</wf>
<wf cmd="tag" pos="NN">faith</wf>
<wf cmd="ignore" pos="IN">in</wf>
<wf cmd="ignore" pos="PRP$">my</wf>
<wf cmd="tag" pos="JJ">double</wf>
<wf cmd="ignore" pos="TO">to</wf>
<wf cmd="done" pos="VB" lemma="take" wnsn="7" lexsn="2:38:10::">take</wf>
<wf cmd="ignore" pos="PRP">it</wf>
<wf cmd="ignore" pos="IN">on</wf>
<wf cmd="ignore" pos="DT">an</wf>
<wf cmd="tag" pos="NN">opening-day</wf>
<wf cmd="tag" pos="NN">deer</wf>
<wf cmd="tag" pos="NN">hunt</wf>
<wf cmd="ignore" pos="IN">that</wf>
<wf cmd="tag" pos="JJ">first</wf>
<wf cmd="tag" pos="NN">year</wf>
<punc>.</punc>
</s>
<s snum="22">
<wf cmd="ignore" pos="IN">Within</wf>
<wf cmd="tag" pos="NN">half</wf>
<wf cmd="ignore" pos="DT">an</wf>
<wf cmd="tag" pos="NN">hour</wf>
<wf cmd="ignore" pos="PRP">I</wf>
<wf cmd="done" pos="VB" lemma="jump" wnsn="2" lexsn="2:38:04::">jumped</wf>
<wf cmd="ignore" pos="DT">a</wf>
<wf cmd="tag" pos="JJ">six-point</wf>
<wf cmd="tag" pos="NN">buck</wf>
<wf cmd="ignore" pos="IN">that</wf>
<wf cmd="done" pos="VB" lemma="hop-skip" wnsn="1" lexsn="2:38:00::">hop-skipped</wf>
<wf cmd="ignore" pos="IN">through</wf>
<wf cmd="ignore" pos="DT">a</wf>
<wf cmd="tag" pos="NN">rhododendron</wf>
<wf cmd="tag" pos="NN">thicket</wf>
<punc>,</punc>
<wf cmd="ignore" pos="CC">and</wf>
<wf cmd="ignore" pos="PRP">I</wf>
<wf cmd="done" pos="VB" lemma="catch" wnsn="3" lexsn="2:35:13::">caught</wf>
<wf cmd="ignore" pos="PRP">him</wf>
<wf cmd="tag" pos="RB">just</wf>
<wf cmd="ignore" pos="IN">behind</wf>
<wf cmd="ignore" pos="DT">the</wf>
<wf cmd="tag" pos="JJ">left</wf>
<wf cmd="tag" pos="NN">foreleg</wf>
<wf cmd="ignore" pos="IN">at</wf>
<wf cmd="tag" pos="CD">60</wf>
<wf cmd="tag" pos="NNS">yards</wf>
<punc>.</punc>
</s>
<s snum="23">
<wf cmd="ignore" pos="PRP">He</wf>
<wf cmd="done" pos="VB" lemma="move" wnsn="1" lexsn="2:38:03::">moved</wf>
<wf cmd="tag" pos="RB">only</wf>
<wf cmd="ignore" pos="IN">about</wf>
<wf cmd="tag" pos="CD">30</wf>
<wf cmd="tag" pos="NNS">feet</wf>
<wf cmd="ignore" pos="IN">after</wf>
<wf cmd="ignore" pos="DT">the</wf>
<wf cmd="tag" pos="CD">240</wf>
<punc>-</punc>
<wf cmd="tag" pos="NN">grain</wf>
<wf cmd="tag" pos="NN">slug</wf>
<wf cmd="done" pos="VB" lemma="hit" wnsn="2" lexsn="2:35:01::">hit</wf>
<wf cmd="ignore" pos="PRP">him</wf>
<punc>-</punc>
<wf cmd="ignore" pos="CC">and</wf>
<wf cmd="ignore" pos="DT">this</wf>
<wf cmd="done" pos="VB" lemma="be" wnsn="5" lexsn="2:42:04::">was</wf>
<wf cmd="tag" pos="RB">after</wf>
<wf cmd="ignore" pos="DT">the</wf>
<wf cmd="tag" pos="NN">bullet</wf>
<wf cmd="done" pos="VBD" ot="notag">had</wf>
<wf cmd="done" pos="VB" lemma="pass_through" wnsn="3" lexsn="2:38:01::">passed_through</wf>
<wf cmd="ignore" pos="DT">a</wf>
<wf cmd="tag" pos="NN">sapling</wf>
<punc>.</punc>
</s>
</p>
<p pnum="7">
<s snum="24">
<wf cmd="tag" pos="CD">Three</wf>
<wf cmd="tag" pos="JJR">more</wf>
<wf cmd="tag" pos="NN">deer</wf>
<wf cmd="done" pos="VBP" ot="notag">have</wf>
<wf cmd="done" pos="VB" lemma="fall" wnsn="7" lexsn="2:42:00::">fallen</wf>
<wf cmd="done" pos="VB" ot="notag">to</wf>
<wf cmd="ignore" pos="DT">this</wf>
<wf cmd="tag" pos="JJ">same</wf>
<wf cmd="tag" pos="NN">gun</wf>
<punc>,</punc>
<wf cmd="ignore" pos="CC">and</wf>
<wf cmd="ignore" pos="DT">all</wf>
<wf cmd="done" pos="VB" lemma="be" wnsn="1" lexsn="2:42:03::">were</wf>
<wf cmd="tag" pos="JJ">one-shot</wf>
<wf cmd="tag" pos="NN">kills</wf>
<punc>.</punc>
</s>
<s snum="25">
<wf cmd="ignore" pos="PRP$">My</wf>
<wf cmd="tag" pos="JJ">double</wf>
<wf cmd="done" pos="VBD" ot="notag">was</wf>
<wf cmd="done" pos="VB" lemma="make" wnsn="6" lexsn="2:36:01::">made</wf>
<wf cmd="ignore" pos="IN">with</wf>
<wf cmd="tag" pos="JJ">standard-weight</wf>
<wf cmd="tag" pos="NN">revolver</wf>
<wf cmd="tag" pos="NNS">barrels</wf>
<punc>(</punc>
<wf cmd="ignore" pos="IN">before</wf>
<wf cmd="done" pos="VB" lemma="cut" wnsn="1" lexsn="2:35:00::">cutting</wf>
<wf cmd="done" pos="VB" ot="notag">to</wf>
<wf cmd="tag" pos="NN">revolver</wf>
<wf cmd="tag" pos="NN">length</wf>
<punc>)</punc>
<punc>,</punc>
<wf cmd="ignore" pos="CC">and</wf>
<wf cmd="ignore" pos="IN">although</wf>
<wf cmd="ignore" pos="PRP">it</wf>
<wf cmd="done" pos="VB" lemma="compare" wnsn="2" lexsn="2:42:00::">compares</wf>
<wf cmd="tag" pos="RB">well</wf>
<wf cmd="tag" pos="RB">in_other_respects</wf>
<punc>,</punc>
<wf cmd="ignore" pos="PRP">it</wf>
<wf cmd="done" rdf="is" pos="VB" lemma="be" wnsn="1" lexsn="2:42:03::">'s</wf>
<wf cmd="tag" pos="RB">considerably</wf>
<wf cmd="tag" pos="JJR">heavier</wf>
<wf cmd="ignore" pos="IN">than</wf>
<wf cmd="ignore" pos="DT">the</wf>
<wf cmd="tag" pos="NN">Deerstalker</wf>
<punc>,</punc>
<wf cmd="ignore" pos="WDT">which</wf>
<wf cmd="tag" pos="RB">only</wf>
<wf cmd="done" pos="VB" lemma="scale" wnsn="1" lexsn="2:42:00::">scales</wf>
<wf cmd="ignore" pos="IN">about</wf>
<wf cmd="tag" pos="CD">6</wf>
<punc>-</punc>
<wf cmd="tag" pos="CD">1</wf>
<wf cmd="tag" pos="CD">2</wf>
<wf cmd="tag" pos="NNS">pounds</wf>
<punc>.</punc>
</s>
</p>
<p pnum="8">
<s snum="26">
<wf cmd="ignore" pos="IN">If</wf>
<wf cmd="tag" pos="RB">ever</wf>
<wf cmd="ignore" pos="DT">a</wf>
<wf cmd="tag" pos="NN">rifle</wf>
<wf cmd="done" pos="VB" lemma="meet" wnsn="4" lexsn="2:34:00::">met</wf>
<wf cmd="ignore" pos="DT">the</wf>
<wf cmd="tag" pos="NN">needs</wf>
<wf cmd="ignore" pos="IN">of</wf>
<wf cmd="ignore" pos="DT">the</wf>
<wf cmd="tag" pos="NN">whitetail</wf>
<wf cmd="tag" pos="NN">hunter</wf>
<punc>,</punc>
<wf cmd="ignore" pos="DT">this</wf>
<wf cmd="done" pos="VB" lemma="be" wnsn="2" lexsn="2:42:06::">is</wf>
<wf cmd="ignore" pos="PRP">it</wf>
<punc>.</punc>
</s>
<s snum="27">
<wf cmd="ignore" pos="DT">The</wf>
<wf cmd="tag" pos="NN">Deerstalker</wf>
<wf cmd="done" pos="VB" lemma="point" wnsn="3" lexsn="2:33:00::">points</wf>
<wf cmd="ignore" pos="IN">with</wf>
<wf cmd="ignore" pos="DT">the</wf>
<wf cmd="tag" pos="NN">ease</wf>
<punc>,</punc>
<wf cmd="tag" pos="NN">speed</wf>
<wf cmd="ignore" pos="CC">and</wf>
<wf cmd="tag" pos="NN">precision</wf>
<wf cmd="ignore" pos="IN">of</wf>
<wf cmd="ignore" pos="DT">a</wf>
<wf cmd="tag" pos="JJ">fine</wf>
<wf cmd="tag" pos="JJ">imported</wf>
<wf cmd="tag" pos="JJ">double</wf>
<wf cmd="tag" pos="NN">shotgun</wf>
<punc>,</punc>
<wf cmd="ignore" pos="CC">and</wf>
<wf cmd="ignore" pos="PRP$">its</wf>
<wf cmd="tag" pos="NN">trigger</wf>
<wf cmd="tag" pos="NN">pull</wf>
<wf cmd="done" pos="VB" lemma="be" wnsn="1" lexsn="2:42:03::">is</wf>
<wf cmd="tag" pos="NN">light</wf>
<wf cmd="ignore" pos="CC">and</wf>
<wf cmd="tag" pos="JJ">sharp</wf>
<punc>.</punc>
</s>
<s snum="28">
<wf cmd="ignore" pos="DT">The</wf>
<wf cmd="tag" pos="CD">240</wf>
<punc>-</punc>
<wf cmd="tag" pos="NN">grain</wf>
<wf cmd="tag" pos="NN">bullet</wf>
<wf cmd="done" pos="VB" lemma="leave" wnsn="1" lexsn="2:38:01::">leaves</wf>
<wf cmd="ignore" pos="DT">the</wf>
<wf cmd="tag" pos="NN">muzzle</wf>
<wf cmd="ignore" pos="IN">at</wf>
<wf cmd="tag" pos="CD">1850</wf>
<wf cmd="tag" pos="NNS">fps</wf>
<punc>,</punc>
<wf cmd="ignore" pos="WDT">which</wf>
<wf cmd="done" pos="VB" lemma="give" wnsn="1" lexsn="2:40:03::">gives</wf>
<wf cmd="ignore" pos="PRP">it</wf>
<wf cmd="ignore" pos="PDT">all</wf>
<wf cmd="ignore" pos="DT">the</wf>
<wf cmd="tag" pos="NN">smash</wf>
<wf cmd="done" pos="VB" lemma="need" wnsn="1" lexsn="2:42:00::">needed</wf>
<wf cmd="ignore" pos="IN">at</wf>
<wf cmd="tag" pos="NNS">woods</wf>
<wf cmd="tag" pos="NNS">ranges</wf>
<punc>.</punc>
</s>
<s snum="29">
<wf cmd="ignore" pos="IN">With</wf>
<wf cmd="tag" pos="CD">five</wf>
<wf cmd="tag" pos="NNS">shots</wf>
<wf cmd="ignore" pos="IN">at</wf>
<wf cmd="ignore" pos="DT">the</wf>
<wf cmd="tag" pos="JJ">immediate</wf>
<wf cmd="tag" pos="NN">command</wf>
<wf cmd="ignore" pos="IN">of</wf>
<wf cmd="ignore" pos="DT">the</wf>
<wf cmd="tag" pos="NN">hunter</wf>
<wf cmd="ignore" pos="POS">'s</wf>
<wf cmd="tag" pos="NN">trigger</wf>
<wf cmd="tag" pos="NN">finger</wf>
<punc>,</punc>
<wf cmd="ignore" pos="DT">the</wf>
<wf cmd="tag" pos="NN">gun</wf>
<wf cmd="ignore" pos="CC">and</wf>
<wf cmd="tag" pos="NN">load</wf>
<wf cmd="done" pos="VB" lemma="be" wnsn="2" lexsn="2:42:06::">are</wf>
<wf cmd="ignore" pos="DT">a</wf>
<wf cmd="tag" pos="JJ">deadly</wf>
<wf cmd="tag" pos="NN">combination</wf>
<punc>.</punc>
</s>
</p>
<p pnum="9">
<s snum="30">
<wf cmd="ignore" pos="DT">The</wf>
<wf cmd="tag" pos="JJ">second</wf>
<wf cmd="tag" pos="RB">really</wf>
<wf cmd="tag" pos="JJ">new</wf>
<wf cmd="tag" pos="NN">development</wf>
<wf cmd="ignore" pos="DT">this</wf>
<wf cmd="tag" pos="NN">year</wf>
<wf cmd="done" pos="VB" lemma="be" wnsn="2" lexsn="2:42:06::">was</wf>
<wf cmd="ignore" pos="DT">a</wf>
<wf cmd="tag" pos="NN">revolver</wf>
<wf cmd="done" pos="VB" lemma="handle" wnsn="1" lexsn="2:41:00::">handling</wf>
<wf cmd="ignore" pos="DT">a</wf>
<wf cmd="tag" pos="JJ">different</wf>
<wf cmd="tag" pos="RB">sort_of</wf>
<wf cmd="tag" pos="NN">varmint</wf>
<wf cmd="tag" pos="NN">load</wf>
<punc>-</punc>
<wf cmd="ignore" pos="DT">the</wf>
<wf cmd="tag" pos="CD">.22</wf>
<wf cmd="tag" pos="NNP">Remington_Jet</wf>
<wf cmd="tag" pos="NN">Magnum</wf>
<wf cmd="tag" pos="NNP">Center_Fire</wf>
<punc>.</punc>
</s>
<s snum="31">
<wf cmd="tag" pos="RB">At_present</wf>
<wf cmd="ignore" pos="PRP">it</wf>
<wf cmd="done" rdf="is" pos="VB" lemma="be" wnsn="1" lexsn="2:42:03::">'s</wf>
<wf cmd="tag" pos="JJ">available</wf>
<wf cmd="ignore" pos="IN">in</wf>
<wf cmd="tag" pos="CD">one</wf>
<wf cmd="tag" pos="NN">model</wf>
<punc>,</punc>
<wf cmd="ignore" pos="DT">the</wf>
<wf cmd="tag" pos="JJ">fine</wf>
<wf cmd="ignore" pos="CC">and</wf>
<wf cmd="tag" pos="JJ">familiar</wf>
<wf cmd="tag" pos="NNP">Smith</wf>
<punc>+</punc>
<wf cmd="tag" pos="NNP">Wesson</wf>
<wf cmd="tag" pos="NN">Magnum</wf>
<wf cmd="tag" pos="NN">revolver</wf>
<punc>(</punc>
<wf cmd="ignore" pos="IN">about</wf>
<punc>$</punc>
<wf cmd="tag" pos="CD">110</wf>
<punc>)</punc>
<punc>,</punc>
<wf cmd="tag" pos="JJ">long</wf>
<wf cmd="ignore" pos="DT">a</wf>
<wf cmd="tag" pos="JJ">top-quality</wf>
<wf cmd="tag" pos="NN">handgun</wf>
<wf cmd="ignore" pos="IN">among</wf>
<wf cmd="tag" pos="NN">target</wf>
<wf cmd="tag" pos="NNS">arms</wf>
<punc>.</punc>
</s>
<s snum="32">
<wf cmd="ignore" pos="DT">The</wf>
<wf cmd="tag" pos="NN">velocity</wf>
<wf cmd="tag" pos="RB">of_this</wf>
<wf cmd="tag" pos="CD">.22</wf>
<punc>-</punc>
<wf cmd="tag" pos="NN">caliber</wf>
<punc>,</punc>
<wf cmd="tag" pos="CD">40</wf>
<punc>-</punc>
<wf cmd="tag" pos="NN">grain</wf>
<wf cmd="tag" pos="NN">bullet</wf>
<wf cmd="done" pos="VBZ" ot="notag">is</wf>
<wf cmd="done" pos="VB" lemma="rate" wnsn="1" lexsn="2:31:00::">rated</wf>
<wf cmd="ignore" pos="IN">at</wf>
<wf cmd="ignore" pos="DT">a</wf>
<wf cmd="tag" pos="RB">very</wf>
<wf cmd="tag" pos="JJ">hot</wf>
<wf cmd="tag" pos="CD">2460</wf>
<wf cmd="tag" pos="NNS">fps</wf>
<punc>,</punc>
<wf cmd="ignore" pos="CC">and</wf>
<wf cmd="ignore" pos="PRP">it</wf>
<wf cmd="done" rdf="is" pos="VB" lemma="be" wnsn="2" lexsn="2:42:06::">'s</wf>
<wf cmd="ignore" pos="DT">the</wf>
<wf cmd="tag" pos="JJS">flattest</wf>
<wf cmd="tag" pos="NN">shooting</wf>
<wf cmd="ignore" pos="IN">of</wf>
<wf cmd="ignore" pos="DT">any</wf>
<wf cmd="tag" pos="NN">revolver</wf>
<wf cmd="tag" pos="NN">cartridge</wf>
<punc>,</punc>
<wf cmd="ignore" pos="IN">with</wf>
<wf cmd="ignore" pos="DT">a</wf>
<wf cmd="tag" pos="JJ">mid-range</wf>
<wf cmd="tag" pos="NN">rise</wf>
<wf cmd="ignore" pos="IN">of</wf>
<wf cmd="ignore" pos="IN">about</wf>
<wf cmd="ignore" pos="DT">an</wf>
<wf cmd="tag" pos="NN">inch</wf>
<wf cmd="ignore" pos="IN">over</wf>
<wf cmd="ignore" pos="DT">a</wf>
<wf cmd="tag" pos="CD">100</wf>
<punc>-</punc>
<wf cmd="tag" pos="NN">yard</wf>
<wf cmd="tag" pos="NN">range</wf>
<punc>.</punc>
</s>
<s snum="33">
<wf cmd="ignore" pos="DT">This</wf>
<wf cmd="done" pos="VB" lemma="be" wnsn="2" lexsn="2:42:06::">is</wf>
<wf cmd="ignore" pos="DT">a</wf>
<wf cmd="tag" pos="NN">varmint</wf>
<wf cmd="tag" pos="NN">load</wf>
<punc>,</punc>
<wf cmd="tag" pos="JJ">pure_and_simple</wf>
<punc>;</punc>
<wf cmd="ignore" pos="PRP">it</wf>
<wf cmd="done" rdf="is" pos="VB" lemma="be" wnsn="1" lexsn="2:42:03::">'s</wf>
<wf cmd="tag" pos="JJ">much</wf>
<wf cmd="tag" pos="RB">too</wf>
<wf cmd="tag" pos="JJ">explosive</wf>
<wf cmd="ignore" pos="IN">for</wf>
<wf cmd="tag" pos="JJ">small</wf>
<wf cmd="tag" pos="JJ">edible</wf>
<wf cmd="tag" pos="NN">game</wf>
<punc>.</punc>
</s>
<s snum="34">
<wf cmd="ignore" pos="PRP">It</wf>
<wf cmd="ignore" pos="MD">can</wf>
<wf cmd="done" pos="VB" lemma="cut" wnsn="1" lexsn="2:35:00::">cut</wf>
<wf cmd="ignore" pos="DT">a</wf>
<wf cmd="tag" pos="NN">red_squirrel</wf>
<wf cmd="tag" pos="RB">neatly</wf>
<wf cmd="ignore" pos="IN">in</wf>
<wf cmd="tag" pos="CD">two</wf>
<wf cmd="ignore" pos="CC">or</wf>
<wf cmd="done" pos="VB" lemma="burst" wnsn="1" lexsn="2:30:00::">burst</wf>
<wf cmd="ignore" pos="DT">a</wf>
<wf cmd="tag" pos="NN">crow</wf>
<wf cmd="ignore" pos="IN">into</wf>
<wf cmd="ignore" pos="DT">a</wf>
<wf cmd="tag" pos="NN">flurry</wf>
<wf cmd="ignore" pos="IN">of</wf>
<wf cmd="tag" pos="NNS">feathers</wf>
<punc>.</punc>
</s>
</p>
<p pnum="10">
<s snum="35">
<wf cmd="tag" pos="RB">The_most</wf>
<wf cmd="tag" pos="JJ">intriguing</wf>
<wf cmd="tag" pos="NN">aspect</wf>
<wf cmd="ignore" pos="IN">of</wf>
<wf cmd="ignore" pos="DT">the</wf>
<wf cmd="tag" pos="NNP">S</wf>
<punc>+</punc>
<wf cmd="tag" pos="NNP">W</wf>
<wf cmd="tag" pos="NN">Magnum</wf>
<wf cmd="done" pos="VB" lemma="chamber" wnsn="1" lexsn="2:42:00::">chambered</wf>
<wf cmd="ignore" pos="IN">for</wf>
<wf cmd="ignore" pos="DT">the</wf>
<wf cmd="tag" pos="JJ">new</wf>
<wf cmd="tag" pos="NNP">Jet</wf>
<wf cmd="done" pos="VB" lemma="be" wnsn="2" lexsn="2:42:06::">is</wf>
<wf cmd="ignore" pos="IN">that</wf>
<wf cmd="ignore" pos="PRP">it</wf>
<wf cmd="ignore" pos="MD">can</wf>
<wf cmd="tag" pos="RB">also</wf>
<wf cmd="done" pos="VB" lemma="fire" wnsn="1" lexsn="2:33:01::">fire</wf>
<wf cmd="tag" pos="JJ">standard</wf>
<wf cmd="tag" pos="CD">.22</wf>
<wf cmd="tag" pos="NNS">rim-fires</wf>
<wf cmd="ignore" pos="IN">by</wf>
<wf cmd="tag" pos="RB">means</wf>
<wf cmd="ignore" pos="IN">of</wf>
<wf cmd="tag" pos="NN">adapter</wf>
<wf cmd="tag" pos="NNS">sleeves</wf>
<wf cmd="ignore" pos="IN">in</wf>
<wf cmd="ignore" pos="DT">the</wf>
<wf cmd="tag" pos="NNS">chambers</wf>
<punc>.</punc>
</s>
<s snum="36">
<wf cmd="ignore" pos="PRP">You</wf>
<wf cmd="ignore" pos="MD">may</wf>
<wf cmd="tag" pos="RB">therefore</wf>
<wf cmd="done" pos="VB" lemma="convert" wnsn="1" lexsn="2:30:00::">convert</wf>
<wf cmd="ignore" pos="DT">the</wf>
<wf cmd="tag" pos="NN">gun</wf>
<wf cmd="ignore" pos="IN">into</wf>
<wf cmd="ignore" pos="DT">a</wf>
<wf cmd="tag" pos="JJ">small-game</wf>
<wf cmd="ignore" pos="CC">and</wf>
<wf cmd="tag" pos="JJ">plinking</wf>
<wf cmd="tag" pos="NN">arm</wf>
<punc>,</punc>
<wf cmd="ignore" pos="IN">although</wf>
<wf cmd="ignore" pos="DT">the</wf>
<wf cmd="tag" pos="NN">difference</wf>
<wf cmd="ignore" pos="IN">in</wf>
<wf cmd="ignore" pos="DT">the</wf>
<wf cmd="tag" pos="NN">point</wf>
<wf cmd="ignore" pos="IN">of</wf>
<wf cmd="tag" pos="NN">impact</wf>
<punc>(</punc>
<wf cmd="tag" pos="NNP">Jet</wf>
<wf cmd="ignore" pos="IN">vs.</wf>
<wf cmd="tag" pos="JJ">rim-fire</wf>
<punc>)</punc>
<wf cmd="ignore" pos="MD">can</wf>
<wf cmd="done" pos="VB" lemma="be" wnsn="1" lexsn="2:42:03::">be</wf>
<wf cmd="tag" pos="RB">somewhat</wf>
<wf cmd="tag" pos="JJ">disconcerting</wf>
<punc>.</punc>
</s>
<s snum="37">
<wf cmd="ignore" pos="DT">The</wf>
<wf cmd="tag" pos="NN">accuracy</wf>
<wf cmd="ignore" pos="IN">of</wf>
<wf cmd="ignore" pos="DT">the</wf>
<wf cmd="tag" pos="NNP">Jet</wf>
<wf cmd="tag" pos="NN">cartridge</wf>
<wf cmd="done" pos="VB" lemma="be" wnsn="1" lexsn="2:42:03::">is</wf>
<wf cmd="tag" pos="JJ">fine</wf>
<punc>;</punc>
<wf cmd="ignore" pos="PRP">I</wf>
<wf cmd="done" pos="VB" lemma="test" wnsn="1" lexsn="2:41:00::">tested</wf>
<wf cmd="ignore" pos="PRP">it</wf>
<wf cmd="ignore" pos="IN">in</wf>
<wf cmd="ignore" pos="PRP$">my</wf>
<wf cmd="tag" pos="NN">scoped</wf>
<wf cmd="tag" pos="NNP">S</wf>
<punc>+</punc>
<wf cmd="tag" pos="NNP">W</wf>
<wf cmd="ignore" pos="CC">and</wf>
<wf cmd="ignore" pos="PRP">it</wf>
<wf cmd="done" pos="VB" lemma="be" wnsn="1" lexsn="2:42:03::">was</wf>
<wf cmd="tag" pos="JJ">good</wf>
<wf cmd="tag" pos="RB">enough</wf>
<wf cmd="ignore" pos="TO">to</wf>
<wf cmd="done" pos="VB" lemma="allow" wnsn="1" lexsn="2:41:00::">allow</wf>
<wf cmd="ignore" pos="PRP">me</wf>
<wf cmd="ignore" pos="TO">to</wf>
<wf cmd="done" pos="VB" lemma="hit" wnsn="2" lexsn="2:35:01::">hit</wf>
<wf cmd="ignore" pos="DT">a</wf>
<wf cmd="tag" pos="NN">chuck</wf>
<wf cmd="ignore" pos="IN">with</wf>
<wf cmd="ignore" pos="DT">every</wf>
<wf cmd="tag" pos="NN">shot</wf>
<wf cmd="ignore" pos="IN">at</wf>
<wf cmd="tag" pos="CD">100</wf>
<wf cmd="tag" pos="NNS">yards</wf>
<wf cmd="ignore" pos="IN">if</wf>
<wf cmd="ignore" pos="PRP">I</wf>
<wf cmd="done" pos="VB" lemma="do" wnsn="1" lexsn="2:41:01::">did</wf>
<wf cmd="ignore" pos="PRP$">my</wf>
<wf cmd="tag" pos="NN">part</wf>
<wf cmd="ignore" pos="IN">by</wf>
<wf cmd="done" pos="VB" lemma="hold" wnsn="2" lexsn="2:35:00::">holding</wf>
<wf cmd="ignore" pos="DT">the</wf>
<wf cmd="tag" pos="NN">handgun</wf>
<wf cmd="tag" pos="RB">steadily</wf>
<punc>.</punc>
</s>
</p>
<p pnum="11">
<s snum="38">
<wf cmd="ignore" pos="DT">The</wf>
<wf cmd="tag" pos="NN">fact</wf>
<wf cmd="ignore" pos="IN">that</wf>
<wf cmd="ignore" pos="DT">the</wf>
<wf cmd="tag" pos="NN">Deerstalker</wf>
<wf cmd="ignore" pos="CC">and</wf>
<wf cmd="ignore" pos="DT">the</wf>
<wf cmd="tag" pos="NNP">Jet</wf>
<wf cmd="done" pos="VB" lemma="be" wnsn="1" lexsn="2:42:03::">were</wf>
<wf cmd="ignore" pos="DT">the</wf>
<wf cmd="tag" pos="RB">only</wf>
<wf cmd="tag" pos="RB">completely</wf>
<wf cmd="tag" pos="JJ">new</wf>
<wf cmd="tag" pos="NNS">designs</wf>
<wf cmd="ignore" pos="DT">this</wf>
<wf cmd="tag" pos="NN">year</wf>
<wf cmd="done" pos="VBZ" ot="notag">does</wf>
<wf cmd="tag" pos="RB">n't</wf>
<wf cmd="done" pos="VB" lemma="mean" wnsn="2" lexsn="2:42:00::">mean</wf>
<wf cmd="ignore" pos="IN">that</wf>
<wf cmd="tag" pos="CD">1961</wf>
<wf cmd="done" pos="VBD" ot="notag">did</wf>
<wf cmd="tag" pos="RB">n't</wf>
<wf cmd="done" pos="VB" lemma="see" wnsn="3" lexsn="2:39:02::">see</wf>
<wf cmd="tag" pos="NNS">changes</wf>
<wf cmd="ignore" pos="IN">in</wf>
<wf cmd="tag" pos="NNS">models</wf>
<punc>,</punc>
<wf cmd="tag" pos="NNS">actions</wf>
<wf cmd="ignore" pos="CC">and</wf>
<wf cmd="tag" pos="NNS">calibers</wf>
<punc>.</punc>
</s>
<s snum="39">
<wf cmd="tag" pos="RB">Aside</wf>
<wf cmd="ignore" pos="IN">from</wf>
<wf cmd="ignore" pos="DT">the</wf>
<wf cmd="tag" pos="NNP">Ruger</wf>
<wf cmd="tag" pos="NN">carbine</wf>
<punc>,</punc>
<wf cmd="tag" pos="JJ">a_number_of</wf>
<wf cmd="tag" pos="NN">hunting</wf>
<wf cmd="tag" pos="NNS">rifles</wf>
<wf cmd="done" pos="VBP" ot="notag">have</wf>
<wf cmd="done" pos="VBN" ot="notag">been</wf>
<wf cmd="done" pos="VB" lemma="introduce" wnsn="2" lexsn="2:36:00::">introduced</wf>
<wf cmd="tag" pos="RB">for_the_first_time</wf>
<punc>.</punc>
</s>
<s snum="40">
<wf cmd="tag" pos="RB">Here</wf>
<wf cmd="done" pos="VB" lemma="be" wnsn="3" lexsn="2:42:05::">are</wf>
<wf cmd="ignore" pos="DT">the</wf>
<wf cmd="tag" pos="NNS">brands</wf>
<punc>(</punc>
<wf cmd="tag" pos="RB">in_alphabetical_order</wf>
<punc>)</punc>
<wf cmd="ignore" pos="CC">and</wf>
<wf cmd="ignore" pos="DT">the</wf>
<wf cmd="tag" pos="JJ">new</wf>
<wf cmd="tag" pos="NNS">models</wf>
<punc>.</punc>
</s>
</p>
<p pnum="12">
<s snum="41">
<wf cmd="tag" pos="NNS">Newcomers</wf>
<wf cmd="ignore" pos="TO">to</wf>
<wf cmd="ignore" pos="DT">the</wf>
<wf cmd="tag" pos="NNP">American</wf>
<wf cmd="tag" pos="NN">hunter</wf>
<wf cmd="done" pos="VB" lemma="be" wnsn="2" lexsn="2:42:06::">are</wf>
<wf cmd="ignore" pos="DT">the</wf>
<wf cmd="tag" pos="NNP">Browning</wf>
<wf cmd="tag" pos="NN">group</wf>
<wf cmd="ignore" pos="IN">of</wf>
<wf cmd="tag" pos="JJ">bolt-action</wf>
<punc>,</punc>
<wf cmd="tag" pos="JJ">high-power</wf>
<wf cmd="tag" pos="NNS">rifles</wf>
<punc>.</punc>
</s>
<s snum="42">
<wf cmd="ignore" pos="PRP">They</wf>
<wf cmd="done" pos="VB" lemma="have" wnsn="2" lexsn="2:42:00::">have</wf>
<wf cmd="tag" pos="JJ">fine</wf>
<wf cmd="tag" pos="NNP">FN</wf>
<wf cmd="tag" pos="NNS">actions</wf>
<wf cmd="ignore" pos="CC">and</wf>
<wf cmd="ignore" pos="DT">a</wf>
<wf cmd="tag" pos="JJ">better-than-average</wf>
<wf cmd="tag" pos="NN">finish</wf>
<wf cmd="ignore" pos="IN">on</wf>
<wf cmd="ignore" pos="PDT">both</wf>
<wf cmd="ignore" pos="DT">the</wf>
<wf cmd="tag" pos="NN">metal</wf>
<wf cmd="ignore" pos="CC">and</wf>
<wf cmd="ignore" pos="DT">the</wf>
<wf cmd="tag" pos="NN">stock</wf>
<wf cmd="tag" pos="NN">wood</wf>
<punc>.</punc>
</s>
<s snum="43">
<wf cmd="tag" pos="NN">Barrel</wf>
<wf cmd="tag" pos="NNS">weights</wf>
<wf cmd="done" pos="VB" lemma="vary" wnsn="3" lexsn="2:42:01::">vary</wf>
<wf cmd="tag" pos="RB">sensibly</wf>
<wf cmd="ignore" pos="IN">with</wf>
<wf cmd="ignore" pos="DT">the</wf>
<wf cmd="tag" pos="JJ">various</wf>
<wf cmd="tag" pos="NNS">calibers</wf>
<wf cmd="tag" pos="JJ">available</wf>
<punc>,</punc>
<wf cmd="ignore" pos="CC">and</wf>
<wf cmd="ignore" pos="DT">these</wf>
<wf cmd="done" pos="VB" lemma="include" wnsn="1" lexsn="2:42:00::">include</wf>
<wf cmd="ignore" pos="DT">the</wf>
<wf cmd="tag" pos="JJ">standard</wf>
<wf cmd="tag" pos="NNS">bores</wf>
<punc>(</punc>
<wf cmd="ignore" pos="IN">about</wf>
<punc>$</punc>
<wf cmd="tag" pos="CD">165</wf>
<punc>)</punc>
<wf cmd="ignore" pos="CC">plus</wf>
<wf cmd="ignore" pos="DT">the</wf>
<wf cmd="tag" pos="NNS">Magnums</wf>
<punc>(</punc>
<wf cmd="ignore" pos="IN">around</wf>
<punc>$</punc>
<wf cmd="tag" pos="CD">170</wf>
<punc>)</punc>
<punc>;</punc>
<wf cmd="ignore" pos="DT">the</wf>
<wf cmd="tag" pos="NN">latter</wf>
<wf cmd="done" pos="VB" lemma="include" wnsn="1" lexsn="2:42:00::">include</wf>
<wf cmd="ignore" pos="DT">the</wf>
<wf cmd="tag" pos="CD">.264</wf>
<punc>,</punc>
<wf cmd="tag" pos="CD">.300</wf>
<wf cmd="tag" pos="NNP">H</wf>
<punc>+</punc>
<wf cmd="tag" pos="NNP">H</wf>
<punc>,</punc>
<wf cmd="tag" pos="CD">.338</wf>
<punc>,</punc>
<wf cmd="tag" pos="CD">.375</wf>
<wf cmd="ignore" pos="CC">and</wf>
<wf cmd="tag" pos="CD">.458</wf>
<punc>.</punc>
</s>
<s snum="44">
<wf cmd="tag" pos="JJ">Shotgun-type</wf>
<wf cmd="tag" pos="NN">rubber</wf>
<wf cmd="tag" pos="NN">recoil</wf>
<wf cmd="tag" pos="NNS">pads</wf>
<wf cmd="done" pos="VB" lemma="be" wnsn="1" lexsn="2:42:03::">are</wf>
<wf cmd="tag" pos="JJ">standard</wf>
<wf cmd="ignore" pos="IN">on</wf>
<wf cmd="tag" pos="JJ">all_of</wf>
<wf cmd="ignore" pos="DT">the</wf>
<wf cmd="tag" pos="NNS">Magnums</wf>
<wf cmd="ignore" pos="IN">except</wf>
<wf cmd="ignore" pos="DT">the</wf>
<wf cmd="tag" pos="CD">.264</wf>
<punc>.</punc>
</s>
<s snum="45">
<wf cmd="tag" pos="NN">Stock</wf>
<wf cmd="tag" pos="NNS">designs</wf>
<wf cmd="done" pos="VB" lemma="be" wnsn="1" lexsn="2:42:03::">are</wf>
<wf cmd="tag" pos="JJ">excellent</wf>
<wf cmd="ignore" pos="IN">for</wf>
<wf cmd="tag" pos="NN">use</wf>
<wf cmd="ignore" pos="IN">with</wf>
<wf cmd="tag" pos="NNS">scopes</wf>
<punc>.</punc>
</s>
</p>
<p pnum="13">
<s snum="46">
<wf cmd="tag" pos="NNP">Colt</wf>
<wf cmd="ignore" pos="POS">'s</wf>
<wf cmd="tag" pos="JJ">center-fire</wf>
<wf cmd="tag" pos="CD">1961</wf>
<wf cmd="tag" pos="NNS">rifles</wf>
<wf cmd="done" pos="VBP" ot="notag">are</wf>
<wf cmd="ignore" pos="DT">all</wf>
<wf cmd="done" pos="VB" lemma="make" wnsn="6" lexsn="2:36:01::">made</wf>
<wf cmd="ignore" pos="IN">with</wf>
<wf cmd="tag" pos="NN">Sako</wf>
<wf cmd="tag" pos="NNS">actions</wf>
<punc>,</punc>
<wf cmd="tag" pos="RB">regardless_of</wf>
<wf cmd="tag" pos="NN">caliber</wf>
<punc>.</punc>
</s>
<s snum="47">
<wf cmd="ignore" pos="DT">The</wf>
<wf cmd="tag" pos="CD">.222</wf>
<wf cmd="ignore" pos="POS">'s</wf>
<wf cmd="done" pos="VB" lemma="have" wnsn="2" lexsn="2:42:00::">have</wf>
<wf cmd="ignore" pos="DT">the</wf>
<wf cmd="tag" pos="JJ">short</wf>
<wf cmd="tag" pos="NN">action</wf>
<punc>;</punc>
<wf cmd="ignore" pos="DT">the</wf>
<wf cmd="tag" pos="CD">.243</wf>
<wf cmd="ignore" pos="CC">and</wf>
<wf cmd="tag" pos="CD">.308</wf>
<punc>,</punc>
<wf cmd="ignore" pos="DT">the</wf>
<wf cmd="tag" pos="NN">medium</wf>
<wf cmd="tag" pos="NN">action</wf>
<punc>,</punc>
<wf cmd="ignore" pos="CC">and</wf>
<wf cmd="ignore" pos="DT">the</wf>
<wf cmd="tag" pos="CD">.270</wf>
<punc>,</punc>
<punc>*</punc>
<punc>*</punc>
<wf cmd="tag" pos="NN">f</wf>
<wf cmd="ignore" pos="CC">and</wf>
<wf cmd="ignore" pos="DT">the</wf>
<wf cmd="tag" pos="NNS">Magnums</wf>
<punc>,</punc>
<wf cmd="ignore" pos="DT">the</wf>
<wf cmd="tag" pos="JJ">long</wf>
<wf cmd="tag" pos="NN">action</wf>
<punc>(</punc>
<wf cmd="ignore" pos="IN">about</wf>
<punc>$</punc>
<wf cmd="tag" pos="CD">135</wf>
<wf cmd="ignore" pos="IN">for</wf>
<wf cmd="ignore" pos="DT">the</wf>
<wf cmd="tag" pos="NNP">Standard</wf>
<wf cmd="tag" pos="NN">Coltsman</wf>
<wf cmd="ignore" pos="CC">and</wf>
<punc>$</punc>
<wf cmd="tag" pos="CD">200</wf>
<wf cmd="ignore" pos="IN">for</wf>
<wf cmd="ignore" pos="DT">the</wf>
<wf cmd="tag" pos="NNP">Custom</wf>
<wf cmd="tag" pos="NN">version</wf>
<punc>)</punc>
<punc>.</punc>
</s>
<s snum="48">
<wf cmd="tag" pos="RB">Previously</wf>
<punc>,</punc>
<wf cmd="tag" pos="NNP">FN</wf>
<wf cmd="tag" pos="NNS">actions</wf>
<wf cmd="done" pos="VBD" ot="notag">were</wf>
<wf cmd="done" pos="VB" lemma="use" wnsn="1" lexsn="2:34:01::">used</wf>
<wf cmd="ignore" pos="IN">for</wf>
<wf cmd="ignore" pos="DT">the</wf>
<wf cmd="tag" pos="JJR">larger</wf>
<wf cmd="tag" pos="NNS">cartridges</wf>
<punc>.</punc>
</s>
</p>
<p pnum="14">
<s snum="49">
<wf cmd="tag" pos="NNP">High</wf>
<wf cmd="tag" pos="JJ">standard</wf>
<wf cmd="done" pos="VBZ" ot="notag">has</wf>
<wf cmd="done" pos="VB" lemma="introduce" wnsn="2" lexsn="2:36:00::">introduced</wf>
<wf cmd="ignore" pos="DT">a</wf>
<wf cmd="tag" pos="CD">.22</wf>
<wf cmd="tag" pos="NN">auto</wf>
<punc>,</punc>
<wf cmd="ignore" pos="DT">the</wf>
<wf cmd="tag" pos="NN">Sport-King</wf>
<punc>,</punc>
<wf cmd="ignore" pos="IN">in</wf>
<wf cmd="tag" pos="CD">two</wf>
<wf cmd="tag" pos="NNS">grades</wf>
<punc>-</punc>
<wf cmd="tag" pos="NN">field</wf>
<wf cmd="ignore" pos="CC">and</wf>
<wf cmd="tag" pos="JJ">special</wf>
<punc>(</punc>
<wf cmd="tag" pos="RB">less_than</wf>
<punc>$</punc>
<wf cmd="tag" pos="CD">45</wf>
<wf cmd="ignore" pos="CC">and</wf>
<wf cmd="tag" pos="RB">just</wf>
<wf cmd="ignore" pos="IN">over</wf>
<punc>$</punc>
<wf cmd="tag" pos="CD">45</wf>
<punc>,</punc>
<wf cmd="tag" pos="RB">respectively</wf>
<punc>)</punc>
<punc>.</punc>
</s>
<s snum="50">
<wf cmd="ignore" pos="PRP">It</wf>
<wf cmd="done" rdf="is" pos="VB" lemma="be" wnsn="1" lexsn="2:42:03::">'s</wf>
<wf cmd="ignore" pos="DT">a</wf>
<wf cmd="tag" pos="JJ">streamlined</wf>
<wf cmd="tag" pos="NN">rifle</wf>
<punc>,</punc>
<wf cmd="tag" pos="RB">fast</wf>
<wf cmd="ignore" pos="CC">and</wf>
<wf cmd="tag" pos="JJ">well-made</wf>
<punc>.</punc>
</s>
</p>
<p pnum="15">
<s snum="51">
<wf cmd="ignore" pos="IN">Among</wf>
<wf cmd="tag" pos="CD">.22</wf>
<wf cmd="tag" pos="NN">Magnum</wf>
<wf cmd="tag" pos="JJ">Rim-Fire</wf>
<wf cmd="tag" pos="NNS">rifles</wf>
<punc>,</punc>
<wf cmd="tag" pos="CD">1961</wf>
<wf cmd="ignore" pos="POS">'s</wf>
<wf cmd="tag" pos="JJ">lone</wf>
<wf cmd="tag" pos="NN">newcomer</wf>
<wf cmd="done" pos="VB" lemma="be" wnsn="2" lexsn="2:42:06::">was</wf>
<wf cmd="ignore" pos="DT">the</wf>
<wf cmd="tag" pos="NNP">Kodiak</wf>
<wf cmd="tag" pos="NN">Model</wf>
<wf cmd="tag" pos="CD">260</wf>
<wf cmd="tag" pos="NN">autoloader</wf>
<punc>(</punc>
<wf cmd="ignore" pos="IN">around</wf>
<punc>$</punc>
<wf cmd="tag" pos="CD">60</wf>
<punc>)</punc>
<punc>.</punc>
</s>
<s snum="52">
<wf cmd="tag" pos="RB">Previously</wf>
<wf cmd="tag" pos="JJ">known</wf>
<wf cmd="ignore" pos="IN">as</wf>
<wf cmd="tag" pos="NNP">Jefferson_Arms</wf>
<punc>,</punc>
<wf cmd="tag" pos="NNP">Kodiak</wf>
<wf cmd="done" pos="VBZ" ot="notag">has</wf>
<wf cmd="done" pos="VB" lemma="give" wnsn="1" lexsn="2:40:03::">given</wf>
<wf cmd="ignore" pos="DT">this</wf>
<wf cmd="tag" pos="CD">11</wf>
<punc>-</punc>
<wf cmd="tag" pos="NN">shot</wf>
<wf cmd="tag" pos="JJ">hammerless</wf>
<wf cmd="tag" pos="NN">job</wf>
<wf cmd="ignore" pos="DT">an</wf>
<wf cmd="tag" pos="RB">exceptionally</wf>
<wf cmd="tag" pos="JJ">fine</wf>
<wf cmd="tag" pos="NN">stock</wf>
<wf cmd="tag" pos="NN">design</wf>
<punc>,</punc>
<wf cmd="ignore" pos="CC">and</wf>
<wf cmd="ignore" pos="DT">the</wf>
<wf cmd="tag" pos="CD">260</wf>
<wf cmd="done" pos="VB" lemma="be" wnsn="1" lexsn="2:42:03::">is</wf>
<wf cmd="done" pos="VB" ot="notag">the</wf>
<wf cmd="tag" pos="JJ">first</wf>
<wf cmd="tag" pos="NN">autoloader</wf>
<wf cmd="ignore" pos="TO">to</wf>
<wf cmd="done" pos="VB" lemma="handle" wnsn="1" lexsn="2:41:00::">handle</wf>
<wf cmd="tag" pos="CD">.22</wf>
<wf cmd="tag" pos="NN">Magnum</wf>
<wf cmd="tag" pos="NNS">rim-fires</wf>
<punc>.</punc>
</s>
</p>
<p pnum="16">
<s snum="53">
<wf cmd="tag" pos="NNP">Marlin</wf>
<wf cmd="done" pos="VBZ" ot="notag">has</wf>
<wf cmd="done" pos="VB" lemma="make" wnsn="16" lexsn="2:36:12::">made</wf>
<wf cmd="tag" pos="CD">two</wf>
<wf cmd="tag" pos="NNS">contributions</wf>
<wf cmd="ignore" pos="TO">to</wf>
<wf cmd="ignore" pos="DT">the</wf>
<wf cmd="tag" pos="NN">harvest</wf>
<wf cmd="ignore" pos="IN">of</wf>
<wf cmd="tag" pos="JJ">new</wf>
<wf cmd="tag" pos="NNS">offerings</wf>
<punc>.</punc>
</s>
<s snum="54">
<wf cmd="ignore" pos="DT">The</wf>
<wf cmd="tag" pos="NN">Model</wf>
<wf cmd="tag" pos="CD">99</wf>
<punc>(</punc>
<wf cmd="ignore" pos="IN">under</wf>
<punc>$</punc>
<wf cmd="tag" pos="CD">45</wf>
<punc>)</punc>
<wf cmd="done" pos="VB" lemma="be" wnsn="2" lexsn="2:42:06::">is</wf>
<wf cmd="ignore" pos="DT">a</wf>
<wf cmd="tag" pos="JJ">light-weight</wf>
<punc>,</punc>
<wf cmd="tag" pos="JJ">streamlined</wf>
<wf cmd="tag" pos="CD">.22</wf>
<wf cmd="tag" pos="JJ">rim-fire</wf>
<wf cmd="tag" pos="NN">auto</wf>
<wf cmd="ignore" pos="IN">with</wf>
<wf cmd="ignore" pos="DT">a</wf>
<wf cmd="tag" pos="JJ">tubular</wf>
<wf cmd="tag" pos="NN">magazine</wf>
<wf cmd="ignore" pos="WDT">that</wf>
<wf cmd="done" pos="VB" lemma="hold" wnsn="10" lexsn="2:35:01::">holds</wf>
<wf cmd="tag" pos="CD">18</wf>
<wf cmd="tag" pos="NNP">Long</wf>
<wf cmd="tag" pos="NNS">Rifles</wf>
<punc>.</punc>
</s>
<s snum="55">
<wf cmd="ignore" pos="PRP">It</wf>
<wf cmd="done" rdf="is" pos="VB" lemma="be" wnsn="1" lexsn="2:42:03::">'s</wf>
<wf cmd="tag" pos="RB">extremely</wf>
<wf cmd="tag" pos="JJ">accurate</wf>
<wf cmd="ignore" pos="IN">for</wf>
<wf cmd="ignore" pos="DT">an</wf>
<wf cmd="tag" pos="NN">auto</wf>
<punc>,</punc>
<wf cmd="ignore" pos="CC">and</wf>
<wf cmd="ignore" pos="DT">the</wf>
<wf cmd="tag" pos="NN">test</wf>
<wf cmd="tag" pos="NN">rifle</wf>
<wf cmd="ignore" pos="PRP">I</wf>
<wf cmd="done" pos="VB" lemma="try" wnsn="2" lexsn="2:41:01::">tried</wf>
<wf cmd="done" pos="VB" lemma="be" wnsn="1" lexsn="2:42:03::">was</wf>
<wf cmd="tag" pos="RB">completely</wf>
<wf cmd="tag" pos="JJ">trouble-free</wf>
<wf cmd="ignore" pos="IN">in</wf>
<wf cmd="tag" pos="NN">functioning</wf>
<punc>.</punc>
</s>
<s snum="56">
<wf cmd="ignore" pos="DT">The</wf>
<wf cmd="tag" pos="CD">989</wf>
<punc>(</punc>
<wf cmd="ignore" pos="IN">about</wf>
<punc>$</punc>
<wf cmd="tag" pos="CD">40</wf>
<punc>)</punc>
<wf cmd="done" pos="VB" lemma="be" wnsn="1" lexsn="2:42:03::">is</wf>
<wf cmd="ignore" pos="DT">an</wf>
<wf cmd="tag" pos="RB">even</wf>
<wf cmd="tag" pos="JJR">newer</wf>
<wf cmd="tag" pos="CD">.22</wf>
<wf cmd="tag" pos="NN">auto</wf>
<punc>,</punc>
<wf cmd="ignore" pos="DT">this</wf>
<wf cmd="tag" pos="CD">one</wf>
<wf cmd="ignore" pos="IN">with</wf>
<wf cmd="ignore" pos="DT">a</wf>
<wf cmd="tag" pos="CD">seven</wf>
<punc>-</punc>
<wf cmd="ignore" pos="CC">or</wf>
<wf cmd="tag" pos="CD">12</wf>
<punc>-</punc>
<wf cmd="tag" pos="NN">shot</wf>
<wf cmd="tag" pos="NN">clip</wf>
<punc>.</punc>
</s>
</p>
<p pnum="17">
<s snum="57">
<wf cmd="tag" pos="RB">Once_again</wf>
<wf cmd="ignore" pos="DT">the</wf>
<wf cmd="tag" pos="JJ">Mossberg</wf>
<wf cmd="tag" pos="JJ">Targo</wf>
<wf cmd="tag" pos="NN">outfit</wf>
<wf cmd="done" pos="VBZ" ot="notag">has</wf>
<wf cmd="done" pos="VB" lemma="appear" wnsn="2" lexsn="2:30:00::">appeared</wf>
<punc>,</punc>
<wf cmd="ignore" pos="CC">but</wf>
<wf cmd="ignore" pos="DT">this</wf>
<wf cmd="tag" pos="NN">time</wf>
<wf cmd="ignore" pos="IN">as</wf>
<wf cmd="ignore" pos="DT">a</wf>
<wf cmd="tag" pos="JJ">bolt-action</wf>
<wf cmd="tag" pos="NN">rifle-shotgun</wf>
<wf cmd="tag" pos="NN">combination</wf>
<punc>.</punc>
</s>
<s snum="58">
<wf cmd="ignore" pos="DT">The</wf>
<wf cmd="tag" pos="NN">bore</wf>
<wf cmd="done" pos="VB" lemma="be" wnsn="1" lexsn="2:42:03::">is</wf>
<wf cmd="tag" pos="JJ">unrifled</wf>
<wf cmd="ignore" pos="CC">but</wf>
<wf cmd="done" pos="VBZ" ot="notag">is</wf>
<wf cmd="done" pos="VB" lemma="provide" wnsn="1" lexsn="2:40:00::">provided</wf>
<wf cmd="ignore" pos="IN">with</wf>
<wf cmd="ignore" pos="DT">an</wf>
<wf cmd="tag" pos="NN">insert</wf>
<wf cmd="tag" pos="NN">tube</wf>
<wf cmd="ignore" pos="WDT">which</wf>
<wf cmd="done" pos="VB" lemma="be" wnsn="1" lexsn="2:42:03::">is</wf>
<wf cmd="tag" pos="JJ">rifled</wf>
<wf cmd="ignore" pos="CC">and</wf>
<wf cmd="ignore" pos="WDT">which</wf>
<punc>,</punc>
<wf cmd="tag" pos="RB">surprisingly</wf>
<punc>,</punc>
<wf cmd="done" pos="VB" lemma="give" wnsn="2" lexsn="2:40:05::">gives</wf>
<wf cmd="tag" pos="RB">pretty</wf>
<wf cmd="tag" pos="JJ">fair</wf>
<wf cmd="tag" pos="NN">accuracy</wf>
<wf cmd="tag" pos="RB">even_though</wf>
<wf cmd="ignore" pos="PRP">it</wf>
<wf cmd="done" rdf="is" pos="VB" lemma="be" wnsn="1" lexsn="2:42:03::">'s</wf>
<wf cmd="tag" pos="RB">only</wf>
<wf cmd="tag" pos="CD">3</wf>
<punc>-</punc>
<wf cmd="tag" pos="CD">1</wf>
<wf cmd="tag" pos="CD">2</wf>
<wf cmd="tag" pos="NNS">inches</wf>
<wf cmd="tag" pos="JJ">long</wf>
<punc>.</punc>
</s>
<s snum="59">
<wf cmd="ignore" pos="PRP">You</wf>
<wf cmd="ignore" pos="MD">can</wf>
<wf cmd="done" pos="VB" lemma="unscrew" wnsn="1" lexsn="2:35:00::">unscrew</wf>
<wf cmd="ignore" pos="DT">this</wf>
<wf cmd="tag" pos="NN">tube</wf>
<wf cmd="ignore" pos="CC">and</wf>
<wf cmd="done" pos="VB" lemma="replace" wnsn="1" lexsn="2:30:00::">replace</wf>
<wf cmd="ignore" pos="PRP">it</wf>
<wf cmd="ignore" pos="IN">with</wf>
<wf cmd="ignore" pos="DT">a</wf>
<wf cmd="tag" pos="NN">smoothbore</wf>
<wf cmd="tag" pos="NN">insert</wf>
<wf cmd="ignore" pos="IN">for</wf>
<wf cmd="tag" pos="NN">use</wf>
<wf cmd="ignore" pos="IN">with</wf>
<wf cmd="tag" pos="CD">.22</wf>
<wf cmd="tag" pos="NNS">shotshells</wf>
<punc>-</punc>
<wf cmd="ignore" pos="TO">to</wf>
<wf cmd="done" pos="VB" lemma="break" wnsn="4" lexsn="2:35:01::">break</wf>
<wf cmd="ignore" pos="DT">the</wf>
<wf cmd="tag" pos="JJ">little</wf>
<wf cmd="tag" pos="JJ">Targo</wf>
<wf cmd="tag" pos="NN">clay</wf>
<wf cmd="tag" pos="NNS">targets</wf>
<punc>.</punc>
</s>
<s snum="60">
<wf cmd="ignore" pos="DT">A</wf>
<wf cmd="tag" pos="NN">trap</wf>
<wf cmd="ignore" pos="IN">for</wf>
<wf cmd="done" pos="VB" lemma="throw" wnsn="1" lexsn="2:35:00::">throwing</wf>
<wf cmd="ignore" pos="DT">these</wf>
<wf cmd="tag" pos="JJ">miniature</wf>
<wf cmd="tag" pos="NNS">clays</wf>
<wf cmd="done" pos="VB" lemma="fasten" wnsn="2" lexsn="2:35:00::">fastens</wf>
<wf cmd="ignore" pos="TO">to</wf>
<wf cmd="ignore" pos="DT">the</wf>
<wf cmd="tag" pos="NN">barrel</wf>
<wf cmd="tag" pos="RB">so_that</wf>
<wf cmd="ignore" pos="DT">the</wf>
<wf cmd="tag" pos="NN">shooter</wf>
<wf cmd="ignore" pos="MD">can</wf>
<wf cmd="done" pos="VB" lemma="throw" wnsn="1" lexsn="2:35:00::">throw</wf>
<wf cmd="ignore" pos="PRP$">his</wf>
<wf cmd="tag" pos="JJ">own</wf>
<wf cmd="tag" pos="NNS">targets</wf>
<punc>.</punc>
</s>
<s snum="61">
<wf cmd="ignore" pos="DT">A</wf>
<wf cmd="tag" pos="NN">spring</wf>
<wf cmd="tag" pos="NN">trap</wf>
<wf cmd="ignore" pos="IN">for</wf>
<wf cmd="tag" pos="JJ">solid</wf>
<wf cmd="tag" pos="NN">mounting</wf>
<wf cmd="ignore" pos="CC">and</wf>
<wf cmd="ignore" pos="DT">a</wf>
<wf cmd="tag" pos="JJ">regular</wf>
<wf cmd="tag" pos="NN">hand</wf>
<wf cmd="tag" pos="NN">trap</wf>
<wf cmd="done" rdf="be_available" pos="VB" lemma="be" wnsn="1" lexsn="2:42:03::">are</wf>
<wf cmd="tag" pos="RB">also</wf>
<wf cmd="tag" pos="JJ">available</wf>
<punc>.</punc>
</s>
<s snum="62">
<wf cmd="ignore" pos="PRP">You</wf>
<wf cmd="ignore" pos="MD">can</wf>
<wf cmd="done" pos="VB" lemma="have" wnsn="1" lexsn="2:40:00::">have</wf>
<wf cmd="ignore" pos="PRP$">your</wf>
<wf cmd="tag" pos="NN">choice</wf>
<wf cmd="ignore" pos="IN">of</wf>
<wf cmd="ignore" pos="DT">a</wf>
<wf cmd="tag" pos="JJ">seven-shot</wf>
<wf cmd="tag" pos="NN">repeater</wf>
<punc>,</punc>
<wf cmd="ignore" pos="DT">the</wf>
<wf cmd="tag" pos="CD">340</wf>
<wf cmd="tag" pos="NNP">TR</wf>
<punc>(</punc>
<wf cmd="ignore" pos="IN">about</wf>
<punc>$</punc>
<wf cmd="tag" pos="CD">40</wf>
<punc>)</punc>
<wf cmd="ignore" pos="CC">or</wf>
<wf cmd="ignore" pos="DT">a</wf>
<wf cmd="tag" pos="JJ">single-shot</wf>
<punc>,</punc>
<wf cmd="ignore" pos="DT">the</wf>
<wf cmd="tag" pos="CD">320</wf>
<wf cmd="tag" pos="NNP">TR</wf>
<punc>(</punc>
<punc>$</punc>
<wf cmd="tag" pos="CD">10</wf>
<wf cmd="tag" pos="JJR">less</wf>
<punc>)</punc>
<punc>.</punc>
</s>
</p>
<p pnum="18">
<s snum="63">
<wf cmd="ignore" pos="DT">The</wf>
<wf cmd="tag" pos="JJ">Targo</wf>
<wf cmd="done" pos="VB" lemma="be" wnsn="1" lexsn="2:42:03::">is</wf>
<wf cmd="ignore" pos="DT">a</wf>
<wf cmd="tag" pos="JJ">good</wf>
<wf cmd="tag" pos="NN">outfit</wf>
<wf cmd="ignore" pos="IN">for</wf>
<wf cmd="tag" pos="NN">fun</wf>
<wf cmd="tag" pos="NN">shooting</wf>
<wf cmd="ignore" pos="CC">or</wf>
<wf cmd="ignore" pos="IN">for</wf>
<wf cmd="tag" pos="JJ">economic</wf>
<wf cmd="tag" pos="NN">wing-shooting</wf>
<wf cmd="tag" pos="NN">practice</wf>
<punc>,</punc>
<wf cmd="ignore" pos="CC">but</wf>
<wf cmd="ignore" pos="PRP">it</wf>
<wf cmd="done" rdf="is" pos="VB" lemma="be" wnsn="1" lexsn="2:42:03::">'s</wf>
<wf cmd="tag" pos="JJR">tougher</wf>
<wf cmd="ignore" pos="IN">than</wf>
<wf cmd="ignore" pos="PRP">it</wf>
<wf cmd="done" pos="VB" lemma="look" wnsn="2" lexsn="2:39:01::">looks</wf>
<wf cmd="done" pos="VB" ot="notag">to</wf>
<wf cmd="done" pos="VB" lemma="run_up" wnsn="1" lexsn="2:30:00::">run_up</wf>
<wf cmd="ignore" pos="DT">a</wf>
<wf cmd="tag" pos="NN">score</wf>
<wf cmd="ignore" pos="IN">on</wf>
<wf cmd="ignore" pos="DT">the</wf>
<wf cmd="tag" pos="NN">clay</wf>
<wf cmd="tag" pos="NNS">birds</wf>
<punc>.</punc>
</s>
<s snum="64">
<wf cmd="ignore" pos="PRP">They</wf>
<wf cmd="ignore" pos="MD">'ll</wf>
<wf cmd="done" pos="VB" lemma="travel" wnsn="1" lexsn="2:38:00::">travel</wf>
<wf cmd="tag" pos="CD">50</wf>
<wf cmd="tag" pos="NNS">feet</wf>
<wf cmd="ignore" pos="CC">or</wf>
<wf cmd="tag" pos="JJR">more</wf>
<wf cmd="ignore" pos="WRB">when</wf>
<wf cmd="done" pos="VB" lemma="throw" wnsn="1" lexsn="2:35:00::">thrown</wf>
<wf cmd="ignore" pos="IN">from</wf>
<wf cmd="ignore" pos="DT">the</wf>
<wf cmd="tag" pos="NN">spring</wf>
<wf cmd="tag" pos="NN">trap</wf>
<wf cmd="ignore" pos="CC">but</wf>
<wf cmd="ignore" pos="PRP">it</wf>
<wf cmd="done" rdf="is" pos="VB" lemma="be" wnsn="1" lexsn="2:42:03::">'s</wf>
<wf cmd="tag" pos="RB">almost</wf>
<wf cmd="tag" pos="JJ">impossible</wf>
<wf cmd="ignore" pos="TO">to</wf>
<wf cmd="done" pos="VB" lemma="break" wnsn="4" lexsn="2:35:01::">break</wf>
<wf cmd="tag" pos="CD">one</wf>
<wf cmd="ignore" pos="IN">after</wf>
<wf cmd="ignore" pos="PRP">it</wf>
<wf cmd="done" pos="VB" lemma="pass" wnsn="2" lexsn="2:38:05::">passes</wf>
<wf cmd="ignore" pos="DT">the</wf>
<wf cmd="tag" pos="CD">35</wf>
<punc>-</punc>
<wf cmd="tag" pos="NN">foot</wf>
<wf cmd="tag" pos="NN">mark</wf>
<punc>.</punc>
</s>
<s snum="65">
<wf cmd="ignore" pos="DT">The</wf>
<wf cmd="tag" pos="NN">combination</wf>
<wf cmd="ignore" pos="IN">of</wf>
<wf cmd="tag" pos="JJ">thin</wf>
<wf cmd="tag" pos="NN">pattern</wf>
<wf cmd="ignore" pos="CC">and</wf>
<wf cmd="tag" pos="RB">very</wf>
<wf cmd="tag" pos="JJ">tiny</wf>
<wf cmd="tag" pos="NNS">pellets</wf>
<wf cmd="done" pos="VB" ot="notag">makes</wf>
<wf cmd="done" pos="VB" ot="notag">it</wf>
<wf cmd="tag" pos="JJ">necessary</wf>
<wf cmd="ignore" pos="TO">to</wf>
<wf cmd="done" pos="VB" ot="idiom">get_on</wf>
<wf cmd="tag" pos="NN">the_birds</wf>
<punc>,</punc>
<wf cmd="tag" pos="RB">right_now</wf>
<punc>!</punc>
</s>
</p>
<p pnum="19">
<s snum="66">
<wf cmd="tag" pos="NNP">Big</wf>
<wf cmd="tag" pos="NN">Magnum</wf>
<wf cmd="tag" pos="NNS">calibers</wf>
<wf cmd="done" pos="VB" lemma="appear" wnsn="2" lexsn="2:30:00::">appeared</wf>
<wf cmd="ignore" pos="IN">in</wf>
<wf cmd="ignore" pos="DT">the</wf>
<wf cmd="tag" pos="NNP">Remington</wf>
<wf cmd="tag" pos="NN">line</wf>
<wf cmd="ignore" pos="IN">for</wf>
<wf cmd="tag" pos="CD">1961</wf>
<punc>,</punc>
<wf cmd="ignore" pos="IN">with</wf>
<wf cmd="ignore" pos="DT">the</wf>
<wf cmd="tag" pos="NN">addition</wf>
<wf cmd="ignore" pos="IN">of</wf>
<wf cmd="ignore" pos="DT">the</wf>
<wf cmd="tag" pos="CD">.375</wf>
<wf cmd="ignore" pos="CC">and</wf>
<wf cmd="tag" pos="CD">.458</wf>
<wf cmd="ignore" pos="TO">to</wf>
<wf cmd="ignore" pos="DT">the</wf>
<wf cmd="tag" pos="NN">list</wf>
<wf cmd="ignore" pos="IN">of</wf>
<wf cmd="tag" pos="NN">Model</wf>
<wf cmd="tag" pos="CD">725</wf>
<wf cmd="ignore" pos="POS">'s</wf>
<punc>.</punc>
</s>
<s snum="67">
<wf cmd="ignore" pos="DT">These</wf>
<wf cmd="done" pos="VBP" ot="notag">are</wf>
<wf cmd="done" pos="VB" lemma="make" wnsn="6" lexsn="2:36:01::">made</wf>
<wf cmd="ignore" pos="IN">on</wf>
<wf cmd="tag" pos="JJ">special</wf>
<wf cmd="tag" pos="NN">order</wf>
<wf cmd="tag" pos="RB">only</wf>
<punc>,</punc>
<wf cmd="ignore" pos="IN">in</wf>
<wf cmd="tag" pos="NNP">Kodiak</wf>
<wf cmd="tag" pos="NN">grade</wf>
<punc>(</punc>
<wf cmd="ignore" pos="IN">about</wf>
<punc>$</punc>
<wf cmd="tag" pos="CD">310</wf>
<punc>)</punc>
<punc>,</punc>
<wf cmd="ignore" pos="IN">with</wf>
<wf cmd="tag" pos="NN">integral</wf>
<wf cmd="tag" pos="NN">muzzle</wf>
<wf cmd="tag" pos="NNS">brakes</wf>
<wf cmd="ignore" pos="CC">and</wf>
<wf cmd="tag" pos="JJ">heavy</wf>
<wf cmd="tag" pos="NN">rubber</wf>
<wf cmd="tag" pos="NN">recoil</wf>
<wf cmd="tag" pos="NNS">pads</wf>
<punc>;</punc>
<wf cmd="ignore" pos="PRP">they</wf>
<wf cmd="done" pos="VB" lemma="weigh" wnsn="1" lexsn="2:42:01::">weigh</wf>
<wf cmd="ignore" pos="IN">around</wf>
<wf cmd="tag" pos="CD">nine</wf>
<wf cmd="tag" pos="NNS">pounds</wf>
<punc>.</punc>
</s>
</p>
<p pnum="20">
<s snum="68">
<wf cmd="ignore" pos="DT">A</wf>
<wf cmd="tag" pos="JJ">shortened</wf>
<wf cmd="tag" pos="NN">version</wf>
<wf cmd="ignore" pos="IN">of</wf>
<wf cmd="ignore" pos="DT">the</wf>
<wf cmd="tag" pos="RB">highly</wf>
<wf cmd="tag" pos="JJ">regarded</wf>
<wf cmd="tag" pos="NNP">Remington</wf>
<wf cmd="tag" pos="CD">742</wf>
<wf cmd="tag" pos="NN">autoloader</wf>
<wf cmd="tag" pos="RB">also</wf>
<wf cmd="done" pos="VB" lemma="appear" wnsn="2" lexsn="2:30:00::">appeared</wf>
<wf cmd="ignore" pos="IN">in</wf>
<wf cmd="tag" pos="CD">1961</wf>
<punc>.</punc>
</s>
<s snum="69">
<wf cmd="ignore" pos="DT">This</wf>
<wf cmd="tag" pos="NN">carbine</wf>
<punc>(</punc>
<wf cmd="ignore" pos="IN">under</wf>
<punc>$</punc>
<wf cmd="tag" pos="CD">140</wf>
<punc>,</punc>
<wf cmd="ignore" pos="IN">about</wf>
<punc>$</punc>
<wf cmd="tag" pos="CD">15</wf>
<wf cmd="tag" pos="JJR">more</wf>
<wf cmd="ignore" pos="IN">for</wf>
<wf cmd="ignore" pos="DT">a</wf>
<wf cmd="tag" pos="JJ">deluxe</wf>
<wf cmd="tag" pos="NN">grade</wf>
<punc>)</punc>
<wf cmd="done" pos="VB" lemma="have" wnsn="2" lexsn="2:42:00::">has</wf>
<wf cmd="ignore" pos="DT">an</wf>
<wf cmd="tag" pos="CD">18</wf>
<punc>-</punc>
<wf cmd="tag" pos="CD">1</wf>
<wf cmd="tag" pos="CD">2</wf>
<punc>-</punc>
<wf cmd="tag" pos="NN">inch</wf>
<wf cmd="tag" pos="NN">barrel</wf>
<wf cmd="ignore" pos="CC">and</wf>
<wf cmd="done" pos="VBD" ot="notag">was</wf>
<wf cmd="tag" pos="RB">obviously</wf>
<wf cmd="done" pos="VB" lemma="inspire" wnsn="3" lexsn="2:32:00::">inspired</wf>
<wf cmd="ignore" pos="IN">by</wf>
<wf cmd="ignore" pos="DT">the</wf>
<wf cmd="tag" pos="NN">popularity</wf>
<wf cmd="ignore" pos="IN">of</wf>
<wf cmd="tag" pos="JJ">last</wf>
<wf cmd="tag" pos="NN">year</wf>
<wf cmd="ignore" pos="POS">'s</wf>
<wf cmd="tag" pos="NN">Model</wf>
<wf cmd="tag" pos="CD">760</wf>
<wf cmd="tag" pos="NN">pump</wf>
<wf cmd="ignore" pos="IN">with</wf>
<wf cmd="ignore" pos="DT">a</wf>
<wf cmd="tag" pos="NN">short-barrel</wf>
<punc>.</punc>
</s>
<s snum="70">
<wf cmd="ignore" pos="DT">This</wf>
<wf cmd="tag" pos="NN">design</wf>
<wf cmd="done" pos="VB" lemma="be" wnsn="1" lexsn="2:42:03::">is</wf>
<wf cmd="tag" pos="JJ">hard</wf>
<wf cmd="ignore" pos="TO">to</wf>
<wf cmd="done" pos="VB" lemma="beat" wnsn="1" lexsn="2:33:00::">beat</wf>
<wf cmd="ignore" pos="IN">for</wf>
<wf cmd="tag" pos="NN">timber</wf>
<wf cmd="tag" pos="NN">hunting</wf>
<wf cmd="ignore" pos="CC">or</wf>
<wf cmd="ignore" pos="IN">for</wf>
<wf cmd="done" pos="VB" lemma="pack" wnsn="1" lexsn="2:35:00::">packing</wf>
<wf cmd="ignore" pos="IN">in</wf>
<wf cmd="ignore" pos="DT">a</wf>
<wf cmd="tag" pos="NN">saddle</wf>
<wf cmd="tag" pos="NN">scabbard</wf>
<punc>.</punc>
</s>
<s snum="71">
<wf cmd="tag" pos="RB">Presently</wf>
<punc>,</punc>
<wf cmd="ignore" pos="DT">the</wf>
<wf cmd="tag" pos="CD">742</wf>
<wf cmd="tag" pos="NN">C</wf>
<wf cmd="done" pos="VB" lemma="be" wnsn="1" lexsn="2:42:03::">is</wf>
<wf cmd="tag" pos="JJ">available</wf>
<wf cmd="ignore" pos="IN">in</wf>
<punc>*</punc>
<punc>*</punc>
<wf cmd="tag" pos="NN">f</wf>
<punc>.</punc>
</s>
</p>
<p pnum="21">
<s snum="72">
<wf cmd="ignore" pos="DT">The</wf>
<wf cmd="tag" pos="JJS">latest</wf>
<wf cmd="tag" pos="NNS">versions</wf>
<wf cmd="ignore" pos="IN">of</wf>
<wf cmd="ignore" pos="DT">the</wf>
<wf cmd="tag" pos="JJ">famous</wf>
<wf cmd="tag" pos="NNP">Savage</wf>
<wf cmd="tag" pos="NN">Model</wf>
<wf cmd="tag" pos="CD">99</wf>
<wf cmd="done" pos="VB" lemma="be" wnsn="2" lexsn="2:42:06::">are</wf>
<wf cmd="ignore" pos="DT">the</wf>
<wf cmd="tag" pos="CD">99</wf>
<wf cmd="tag" pos="NN">Featherweight</wf>
<punc>(</punc>
<wf cmd="ignore" pos="IN">about</wf>
<punc>$</punc>
<wf cmd="tag" pos="CD">125</wf>
<punc>)</punc>
<wf cmd="ignore" pos="CC">and</wf>
<wf cmd="ignore" pos="DT">the</wf>
<wf cmd="tag" pos="CD">99</wf>
<wf cmd="tag" pos="NNP">Deluxe</wf>
<punc>(</punc>
<wf cmd="ignore" pos="IN">under</wf>
<punc>$</punc>
<wf cmd="tag" pos="CD">135</wf>
<punc>)</punc>
<punc>,</punc>
<wf cmd="ignore" pos="WDT">which</wf>
<wf cmd="done" pos="VB" lemma="have" wnsn="2" lexsn="2:42:00::">have</wf>
<wf cmd="ignore" pos="DT">a</wf>
<wf cmd="tag" pos="JJ">top-tang</wf>
<wf cmd="tag" pos="NN">safety</wf>
<wf cmd="ignore" pos="CC">and</wf>
<wf cmd="tag" pos="JJ">improved</wf>
<wf cmd="tag" pos="NN">trigger</wf>
<wf cmd="tag" pos="NN">design</wf>
<punc>.</punc>
</s>
<s snum="73">
<wf cmd="ignore" pos="DT">The</wf>
<wf cmd="tag" pos="NN">replacement</wf>
<wf cmd="ignore" pos="IN">of</wf>
<wf cmd="ignore" pos="DT">the</wf>
<wf cmd="tag" pos="NN">slide-lock</wf>
<wf cmd="tag" pos="NN">side</wf>
<wf cmd="tag" pos="NN">safety_catch</wf>
<wf cmd="ignore" pos="MD">will</wf>
<wf cmd="done" pos="VB" lemma="make" wnsn="2" lexsn="2:30:00::">make</wf>
<wf cmd="ignore" pos="DT">this</wf>
<wf cmd="tag" pos="JJ">lever-action</wf>
<wf cmd="tag" pos="JJ">favorite</wf>
<wf cmd="tag" pos="RBR">more</wf>
<wf cmd="tag" pos="JJ">appealing</wf>
<wf cmd="ignore" pos="IN">than</wf>
<wf cmd="tag" pos="RB">ever</wf>
<wf cmd="ignore" pos="IN">since</wf>
<wf cmd="ignore" pos="DT">the</wf>
<wf cmd="tag" pos="JJ">new</wf>
<wf cmd="tag" pos="NN">safety</wf>
<wf cmd="done" pos="VB" lemma="be" wnsn="1" lexsn="2:42:03::">is</wf>
<wf cmd="tag" pos="JJR">easier</wf>
<wf cmd="ignore" pos="CC">and</wf>
<wf cmd="tag" pos="RBR">faster</wf>
<wf cmd="ignore" pos="TO">to</wf>
<wf cmd="done" pos="VB" lemma="operate" wnsn="3" lexsn="2:35:00::">operate</wf>
<punc>.</punc>
</s>
</p>
<p pnum="22">
<s snum="74">
<wf cmd="ignore" pos="DT">A</wf>
<wf cmd="tag" pos="JJ">fresh</wf>
<wf cmd="tag" pos="NN">crop</wf>
<wf cmd="ignore" pos="IN">of</wf>
<wf cmd="tag" pos="NNS">beginners</wf>
<punc>'</punc>
<wf cmd="tag" pos="NNS">guns</wf>
<wf cmd="done" pos="VB" lemma="show_up" wnsn="1" lexsn="2:30:00::">showed_up</wf>
<wf cmd="ignore" pos="IN">in</wf>
<wf cmd="tag" pos="CD">1961</wf>
<punc>,</punc>
<wf cmd="ignore" pos="CC">and</wf>
<wf cmd="ignore" pos="PRP">they</wf>
<wf cmd="done" rdf="are" pos="VB" lemma="be" wnsn="1" lexsn="2:42:03::">'re</wf>
<wf cmd="tag" pos="JJ">good</wf>
<wf cmd="tag" pos="NNS">bets</wf>
<wf cmd="ignore" pos="IN">for</wf>
<wf cmd="ignore" pos="PRP$">your</wf>
<wf cmd="tag" pos="NN">Christmas_gift</wf>
<wf cmd="tag" pos="NN">list</wf>
<wf cmd="ignore" pos="IN">if</wf>
<wf cmd="ignore" pos="PRP">you</wf>
<wf cmd="done" pos="VBP" ot="notag">'re</wf>
<wf cmd="done" pos="VB" lemma="wonder" wnsn="1" lexsn="2:31:00::">wondering</wf>
<wf cmd="ignore" pos="WP">what</wf>
<wf cmd="ignore" pos="TO">to</wf>
<wf cmd="done" pos="VB" lemma="get" wnsn="1" lexsn="2:40:00::">get</wf>
<wf cmd="ignore" pos="IN">for</wf>
<wf cmd="ignore" pos="DT">a</wf>
<wf cmd="tag" pos="NN">youngster</wf>
<punc>.</punc>
</s>
<s snum="75">
<wf cmd="tag" pos="RB">The_most</wf>
<wf cmd="tag" pos="JJ">unusual</wf>
<wf cmd="ignore" pos="IN">of</wf>
<wf cmd="ignore" pos="PRP">them</wf>
<wf cmd="done" pos="VB" lemma="be" wnsn="2" lexsn="2:42:06::">is</wf>
<wf cmd="ignore" pos="DT">the</wf>
<wf cmd="tag" pos="NNP">Ithaca</wf>
<wf cmd="tag" pos="CD">49</wf>
<punc>(</punc>
<wf cmd="ignore" pos="IN">about</wf>
<punc>$</punc>
<wf cmd="tag" pos="CD">20</wf>
<punc>,</punc>
<punc>$</punc>
<wf cmd="tag" pos="CD">5</wf>
<wf cmd="ignore" pos="IN">for</wf>
<wf cmd="ignore" pos="DT">a</wf>
<wf cmd="tag" pos="NN">saddle</wf>
<wf cmd="tag" pos="NN">scabbard</wf>
<punc>)</punc>
<punc>-</punc>
<wf cmd="ignore" pos="DT">a</wf>
<wf cmd="tag" pos="JJ">lever-action</wf>
<wf cmd="tag" pos="JJ">single-shot</wf>
<wf cmd="done" pos="VB" lemma="pattern" wnsn="1" lexsn="2:36:00::">patterned</wf>
<wf cmd="ignore" pos="IN">after</wf>
<wf cmd="ignore" pos="DT">the</wf>
<wf cmd="tag" pos="JJ">famous</wf>
<wf cmd="tag" pos="NNP">Winchester</wf>
<wf cmd="tag" pos="JJ">lever-action</wf>
<wf cmd="ignore" pos="CC">and</wf>
<wf cmd="done" pos="VB" lemma="feature" wnsn="2" lexsn="2:42:01::">featuring</wf>
<wf cmd="ignore" pos="DT">the</wf>
<wf cmd="tag" pos="JJ">Western</wf>
<wf cmd="tag" pos="NN">look</wf>
<punc>.</punc>
</s>
<s snum="76">
<wf cmd="ignore" pos="IN">Because</wf>
<wf cmd="ignore" pos="IN">of</wf>
<wf cmd="ignore" pos="PRP$">its</wf>
<wf cmd="tag" pos="JJ">traditional</wf>
<wf cmd="tag" pos="NNS">lines</wf>
<punc>,</punc>
<wf cmd="ignore" pos="PRP">it</wf>
<wf cmd="tag" pos="RB">probably</wf>
<wf cmd="done" pos="VB" lemma="have" wnsn="2" lexsn="2:42:00::">has</wf>
<wf cmd="tag" pos="JJR">more</wf>
<wf cmd="tag" pos="NN">kid</wf>
<wf cmd="tag" pos="NN">appeal</wf>
<wf cmd="ignore" pos="IN">than</wf>
<wf cmd="ignore" pos="DT">any</wf>
<wf cmd="tag" pos="JJ">other</wf>
<wf cmd="tag" pos="NN">model</wf>
<punc>.</punc>
</s>
<s snum="77">
<wf cmd="ignore" pos="DT">The</wf>
<wf cmd="tag" pos="NN">action</wf>
<wf cmd="done" pos="VB" lemma="be" wnsn="2" lexsn="2:42:06::">is</wf>
<wf cmd="ignore" pos="DT">a</wf>
<wf cmd="tag" pos="NN">drop-block</wf>
<punc>,</punc>
<wf cmd="done" pos="VB" lemma="handle" wnsn="1" lexsn="2:41:00::">handling</wf>
<wf cmd="ignore" pos="DT">all</wf>
<wf cmd="ignore" pos="DT">the</wf>
<wf cmd="tag" pos="JJ">standard</wf>
<wf cmd="tag" pos="CD">.22</wf>
<wf cmd="tag" pos="NNS">rim-fires</wf>
<punc>.</punc>
</s>
</p>
<p pnum="23">
<s snum="78">
<wf cmd="tag" pos="NNP">Marlin</wf>
<wf cmd="ignore" pos="POS">'s</wf>
<wf cmd="tag" pos="JJS">latest</wf>
<wf cmd="done" pos="VBZ" ot="notag">is</wf>
<wf cmd="tag" pos="RB">also</wf>
<wf cmd="done" pos="VB" lemma="design" wnsn="2" lexsn="2:31:00::">designed</wf>
<wf cmd="ignore" pos="IN">for</wf>
<wf cmd="ignore" pos="DT">the</wf>
<wf cmd="tag" pos="JJ">beginning</wf>
<wf cmd="tag" pos="NN">shooter</wf>
<punc>,</punc>
<wf cmd="ignore" pos="IN">although</wf>
<wf cmd="ignore" pos="PRP">it</wf>
<wf cmd="done" rdf="is" pos="VB" lemma="be" wnsn="1" lexsn="2:42:03::">'s</wf>
<wf cmd="ignore" pos="DT">a</wf>
<wf cmd="tag" pos="JJ">full-sized</wf>
<wf cmd="tag" pos="NN">rifle</wf>
<wf cmd="ignore" pos="IN">with</wf>
<wf cmd="tag" pos="NN">plenty</wf>
<wf cmd="ignore" pos="IN">of</wf>
<wf cmd="tag" pos="NN">barrel</wf>
<wf cmd="tag" pos="NN">weight</wf>
<wf cmd="ignore" pos="CC">and</wf>
<wf cmd="tag" pos="JJ">ample</wf>
<wf cmd="tag" pos="NN">stock</wf>
<punc>.</punc>
</s>
<s snum="79">
<wf cmd="ignore" pos="DT">This</wf>
<wf cmd="done" pos="VB" lemma="be" wnsn="2" lexsn="2:42:06::">is</wf>
<wf cmd="ignore" pos="DT">the</wf>
<wf cmd="tag" pos="NN">Model</wf>
<wf cmd="tag" pos="CD">122</wf>
<punc>(</punc>
<wf cmd="ignore" pos="IN">about</wf>
<punc>$</punc>
<wf cmd="tag" pos="CD">20</wf>
<punc>)</punc>
<punc>;</punc>
<wf cmd="ignore" pos="PRP">it</wf>
<wf cmd="done" rdf="is" pos="VB" lemma="be" wnsn="1" lexsn="2:42:03::">'s</wf>
<wf cmd="ignore" pos="DT">a</wf>
<wf cmd="tag" pos="JJ">single-shot</wf>
<wf cmd="tag" pos="JJ">bolt-action</wf>
<wf cmd="ignore" pos="IN">with</wf>
<wf cmd="ignore" pos="DT">an</wf>
<wf cmd="tag" pos="JJ">automatic</wf>
<wf cmd="tag" pos="NN">safety</wf>
<punc>-</punc>
<wf cmd="tag" pos="NN">i.</wf>
<wf cmd="tag" pos="NNP">e.</wf>
<punc>,</punc>
<wf cmd="ignore" pos="DT">the</wf>
<wf cmd="tag" pos="NN">safety</wf>
<wf cmd="done" pos="VB" lemma="go_on" wnsn="5" lexsn="2:35:00::">goes_on</wf>
<wf cmd="ignore" pos="DT">every</wf>
<wf cmd="tag" pos="NN">time</wf>
<wf cmd="ignore" pos="DT">the</wf>
<wf cmd="tag" pos="NN">bolt</wf>
<wf cmd="done" pos="VB" ot="notag">is_lifted</wf>
<wf cmd="ignore" pos="CC">and</wf>
<wf cmd="ignore" pos="DT">the</wf>
<wf cmd="tag" pos="NN">gun</wf>
<wf cmd="done" pos="VB" lemma="cock" wnsn="2" lexsn="2:35:00::">cocked</wf>
<wf cmd="ignore" pos="IN">for</wf>
<wf cmd="ignore" pos="DT">the</wf>
<wf cmd="tag" pos="JJ">next</wf>
<wf cmd="tag" pos="NN">shot</wf>
<punc>.</punc>
</s>
<s snum="80">
<wf cmd="tag" pos="NNP">Stock</wf>
<wf cmd="tag" pos="NN">design</wf>
<wf cmd="done" pos="VB" lemma="be" wnsn="1" lexsn="2:42:03::">is</wf>
<wf cmd="tag" pos="JJ">excellent</wf>
<punc>,</punc>
<wf cmd="ignore" pos="CC">and</wf>
<wf cmd="ignore" pos="DT">this</wf>
<wf cmd="tag" pos="NN">model</wf>
<wf cmd="done" pos="VB" lemma="be" wnsn="2" lexsn="2:42:06::">is</wf>
<wf cmd="ignore" pos="DT">a</wf>
<wf cmd="tag" pos="JJ">good</wf>
<wf cmd="tag" pos="JJ">first</wf>
<wf cmd="tag" pos="NN">gun</wf>
<punc>.</punc>
</s>
<s snum="81">
<wf cmd="ignore" pos="DT">Another</wf>
<wf cmd="tag" pos="NN">boy</wf>
<wf cmd="ignore" pos="POS">'s</wf>
<wf cmd="tag" pos="NN">model</wf>
<wf cmd="done" pos="VB" lemma="be" wnsn="2" lexsn="2:42:06::">is</wf>
<wf cmd="ignore" pos="DT">the</wf>
<wf cmd="tag" pos="CD">.22</wf>
<wf cmd="tag" pos="JJ">single-shot</wf>
<wf cmd="tag" pos="NNP">Remington</wf>
<wf cmd="tag" pos="CD">514</wf>
<wf cmd="tag" pos="NN">C</wf>
<punc>(</punc>
<wf cmd="ignore" pos="IN">around</wf>
<punc>$</punc>
<wf cmd="tag" pos="CD">20</wf>
<punc>)</punc>
<punc>,</punc>
<wf cmd="ignore" pos="WDT">which</wf>
<wf cmd="done" pos="VB" lemma="come_with" wnsn="1" lexsn="2:42:00::">comes_with</wf>
<wf cmd="ignore" pos="DT">a</wf>
<wf cmd="tag" pos="CD">21</wf>
<punc>-</punc>
<wf cmd="tag" pos="NN">inch</wf>
<wf cmd="tag" pos="NN">barrel</wf>
<wf cmd="ignore" pos="CC">and</wf>
<wf cmd="ignore" pos="DT">a</wf>
<wf cmd="tag" pos="JJ">short</wf>
<punc>-</punc>
<wf cmd="tag" pos="CD">12</wf>
<punc>-</punc>
<wf cmd="tag" pos="CD">1</wf>
<wf cmd="tag" pos="CD">2</wf>
<punc>-</punc>
<wf cmd="tag" pos="NN">inch</wf>
<punc>-</punc>
<wf cmd="tag" pos="NN">stock</wf>
<punc>;</punc>
<wf cmd="ignore" pos="PRP">it</wf>
<wf cmd="done" rdf="is" pos="VB" lemma="be" wnsn="1" lexsn="2:42:03::">'s</wf>
<wf cmd="tag" pos="RB">just_right</wf>
<wf cmd="ignore" pos="IN">for</wf>
<wf cmd="ignore" pos="DT">a</wf>
<wf cmd="tag" pos="NN">boy</wf>
<wf cmd="ignore" pos="IN">of</wf>
<wf cmd="tag" pos="CD">12</wf>
<punc>-</punc>
<wf cmd="tag" pos="CD">1</wf>
<wf cmd="tag" pos="CD">2</wf>
<punc>.</punc>
</s>
</p>
<p pnum="24">
<s snum="82">
<wf cmd="ignore" pos="DT">A</wf>
<wf cmd="tag" pos="NN">beginner</wf>
<wf cmd="ignore" pos="POS">'s</wf>
<wf cmd="tag" pos="NN">shotgun</wf>
<wf cmd="done" pos="VBZ" ot="notag">has</wf>
<wf cmd="tag" pos="RB">also</wf>
<wf cmd="done" pos="VBN" ot="notag">been</wf>
<wf cmd="done" pos="VB" lemma="introduce" wnsn="2" lexsn="2:36:00::">introduced</wf>
<wf cmd="ignore" pos="DT">this</wf>
<wf cmd="tag" pos="NN">year</wf>
<punc>.</punc>
</s>
<s snum="83">
<wf cmd="ignore" pos="DT">The</wf>
<wf cmd="tag" pos="JJ">single-barrel</wf>
<wf cmd="tag" pos="NNP">Stevens</wf>
<wf cmd="tag" pos="CD">940</wf>
<wf cmd="tag" pos="NNP">Y</wf>
<punc>(</punc>
<wf cmd="ignore" pos="IN">under</wf>
<punc>$</punc>
<wf cmd="tag" pos="CD">35</wf>
<punc>)</punc>
<wf cmd="done" pos="VBZ" ot="notag">is</wf>
<wf cmd="done" pos="VB" lemma="make" wnsn="6" lexsn="2:36:01::">made</wf>
<wf cmd="ignore" pos="IN">with</wf>
<wf cmd="ignore" pos="DT">a</wf>
<wf cmd="tag" pos="NN">side</wf>
<wf cmd="tag" pos="NN">lever</wf>
<wf cmd="tag" pos="RB">rather_than</wf>
<wf cmd="ignore" pos="DT">a</wf>
<wf cmd="tag" pos="JJ">top-tang</wf>
<wf cmd="tag" pos="NN">lever</wf>
<wf cmd="ignore" pos="IN">because</wf>
<wf cmd="tag" pos="JJ">many</wf>
<wf cmd="tag" pos="NNS">youngsters</wf>
<wf cmd="done" pos="VB" lemma="be" wnsn="1" lexsn="2:42:03::">are</wf>
<wf cmd="tag" pos="RB">n't</wf>
<wf cmd="tag" pos="JJ">strong</wf>
<wf cmd="tag" pos="RB">enough</wf>
<wf cmd="ignore" pos="TO">to</wf>
<wf cmd="done" pos="VB" lemma="operate" wnsn="3" lexsn="2:35:00::">operate</wf>
<wf cmd="ignore" pos="DT">a</wf>
<wf cmd="tag" pos="JJ">top</wf>
<wf cmd="tag" pos="NN">tang</wf>
<wf cmd="ignore" pos="TO">to</wf>
<wf cmd="done" pos="VB" lemma="open" wnsn="1" lexsn="2:35:00::">open</wf>
<wf cmd="ignore" pos="DT">a</wf>
<wf cmd="tag" pos="NN">gun</wf>
<punc>-</punc>
<wf cmd="ignore" pos="CC">and</wf>
<wf cmd="ignore" pos="DT">the</wf>
<wf cmd="tag" pos="NN">side</wf>
<wf cmd="tag" pos="NN">lever</wf>
<wf cmd="done" pos="VBZ" ot="notag">does</wf>
<wf cmd="tag" pos="RB">indeed</wf>
<wf cmd="done" pos="VB" lemma="open" wnsn="3" lexsn="2:35:06::">open</wf>
<wf cmd="tag" pos="RB">very</wf>
<wf cmd="tag" pos="RB">easily</wf>
<punc>.</punc>
</s>
<s snum="84">
<wf cmd="ignore" pos="DT">This</wf>
<wf cmd="tag" pos="NN">gun</wf>
<wf cmd="done" pos="VB" lemma="have" wnsn="2" lexsn="2:42:00::">has</wf>
<wf cmd="ignore" pos="DT">a</wf>
<wf cmd="tag" pos="CD">12</wf>
<punc>-</punc>
<wf cmd="tag" pos="CD">1</wf>
<wf cmd="tag" pos="CD">2</wf>
<punc>-</punc>
<wf cmd="tag" pos="NN">inch</wf>
<wf cmd="tag" pos="NN">stock</wf>
<wf cmd="ignore" pos="CC">and</wf>
<wf cmd="done" pos="VB" lemma="be" wnsn="1" lexsn="2:42:03::">is</wf>
<wf cmd="tag" pos="JJ">available</wf>
<wf cmd="ignore" pos="IN">in</wf>
<wf cmd="ignore" pos="DT">either</wf>
<wf cmd="tag" pos="CD">20</wf>
<wf cmd="ignore" pos="CC">or</wf>
<wf cmd="tag" pos="CD">.410</wf>
<wf cmd="tag" pos="NN">gauge</wf>
<punc>.</punc>
</s>
<s snum="85">
<wf cmd="ignore" pos="EX">There</wf>
<wf cmd="done" pos="VBZ" ot="notag">'s</wf>
<wf cmd="ignore" pos="DT">another</wf>
<wf cmd="tag" pos="NN">addition</wf>
<wf cmd="ignore" pos="TO">to</wf>
<wf cmd="ignore" pos="DT">the</wf>
<wf cmd="tag" pos="NNP">Stevens</wf>
<wf cmd="tag" pos="NN">line</wf>
<punc>,</punc>
<wf cmd="ignore" pos="DT">the</wf>
<wf cmd="tag" pos="JJ">pump-action</wf>
<wf cmd="tag" pos="NN">Model</wf>
<wf cmd="tag" pos="CD">77</wf>
<wf cmd="ignore" pos="IN">in</wf>
<wf cmd="tag" pos="CD">.410</wf>
<punc>(</punc>
<wf cmd="ignore" pos="IN">under</wf>
<punc>$</punc>
<wf cmd="tag" pos="CD">75</wf>
<punc>)</punc>
<punc>,</punc>
<wf cmd="ignore" pos="WDT">which</wf>
<wf cmd="ignore" pos="PRP">you</wf>
<wf cmd="ignore" pos="MD">may</wf>
<wf cmd="ignore" pos="CC">or</wf>
<wf cmd="done" pos="VB" ot="notag">may_not</wf>
<wf cmd="done" pos="VB" lemma="consider" wnsn="1" lexsn="2:31:00::">consider</wf>
<wf cmd="ignore" pos="DT">a</wf>
<wf cmd="tag" pos="NN">kid</wf>
<wf cmd="ignore" pos="POS">'s</wf>
<wf cmd="tag" pos="NN">gun</wf>
<punc>;</punc>
<wf cmd="tag" pos="JJ">many</wf>
<wf cmd="tag" pos="JJ">experienced</wf>
<wf cmd="tag" pos="NNS">hunters</wf>
<wf cmd="done" pos="VB" lemma="like" wnsn="2" lexsn="2:37:05::">like</wf>
<wf cmd="ignore" pos="DT">this</wf>
<wf cmd="tag" pos="NN">gauge</wf>
<wf cmd="ignore" pos="CC">and</wf>
<wf cmd="tag" pos="NN">type</wf>
<wf cmd="ignore" pos="IN">of</wf>
<wf cmd="tag" pos="NN">scattergun</wf>
<wf cmd="tag" pos="RB">too</wf>
<punc>.</punc>
</s>
</p>
<p pnum="25">
<s snum="86">
<wf cmd="ignore" pos="IN">Although</wf>
<wf cmd="ignore" pos="EX">there</wf>
<wf cmd="done" pos="VB" lemma="be" wnsn="5" lexsn="2:42:04::">were</wf>
<wf cmd="ignore" pos="DT">no</wf>
<wf cmd="tag" pos="JJ">startling</wf>
<wf cmd="tag" pos="NNS">developments</wf>
<wf cmd="ignore" pos="IN">in</wf>
<wf cmd="tag" pos="NN">shotgun</wf>
<wf cmd="tag" pos="NN">design</wf>
<wf cmd="ignore" pos="DT">this</wf>
<wf cmd="tag" pos="NN">year</wf>
<punc>,</punc>
<wf cmd="tag" pos="JJ">a_number_of</wf>
<wf cmd="tag" pos="JJ">new</wf>
<wf cmd="tag" pos="NNS">models</wf>
<wf cmd="ignore" pos="CC">and</wf>
<wf cmd="tag" pos="NNS">variations</wf>
<wf cmd="ignore" pos="IN">of</wf>
<wf cmd="tag" pos="JJ">existing</wf>
<wf cmd="tag" pos="NNS">models</wf>
<wf cmd="done" pos="VBD" ot="notag">did</wf>
<wf cmd="done" pos="VBN" ot="notag">hit</wf>
<wf cmd="ignore" pos="DT">the</wf>
<wf cmd="tag" pos="NN">market</wf>
<punc>.</punc>
</s>
<s snum="87">
<wf cmd="tag" pos="RB">For_example</wf>
<punc>,</punc>
<wf cmd="ignore" pos="DT">a</wf>
<wf cmd="tag" pos="NNP">Browning</wf>
<wf cmd="tag" pos="NN">trap</wf>
<wf cmd="tag" pos="NN">version</wf>
<wf cmd="ignore" pos="IN">of</wf>
<wf cmd="ignore" pos="DT">the</wf>
<wf cmd="tag" pos="NN">Superposed</wf>
<wf cmd="ignore" pos="IN">over</wf>
<punc>/</punc>
<wf cmd="tag" pos="RB">under</wf>
<punc>,</punc>
<wf cmd="ignore" pos="DT">the</wf>
<wf cmd="tag" pos="NNP">Broadway</wf>
<punc>(</punc>
<wf cmd="ignore" pos="IN">from</wf>
<punc>$</punc>
<wf cmd="tag" pos="CD">350</wf>
<wf cmd="tag" pos="RB">up</wf>
<punc>,</punc>
<wf cmd="tag" pos="JJ">depending_on</wf>
<wf cmd="tag" pos="NN">grade</wf>
<punc>)</punc>
<punc>,</punc>
<wf cmd="done" pos="VB" lemma="differ" wnsn="1" lexsn="2:42:00::">differs</wf>
<wf cmd="ignore" pos="IN">from</wf>
<wf cmd="tag" pos="JJ">standard</wf>
<wf cmd="tag" pos="NNS">models</wf>
<wf cmd="tag" pos="RB">in_that</wf>
<wf cmd="ignore" pos="PRP">it</wf>
<wf cmd="done" pos="VB" lemma="be" wnsn="1" lexsn="2:42:03::">is</wf>
<wf cmd="tag" pos="JJ">equipped</wf>
<wf cmd="ignore" pos="IN">with</wf>
<wf cmd="ignore" pos="DT">a</wf>
<wf cmd="tag" pos="JJ">full</wf>
<wf cmd="tag" pos="NN">beavertail</wf>
<wf cmd="tag" pos="NN">fore</wf>
<wf cmd="tag" pos="NN">end</wf>
<punc>,</punc>
<wf cmd="ignore" pos="DT">a</wf>
<wf cmd="tag" pos="NN">cushion</wf>
<wf cmd="tag" pos="NN">recoil</wf>
<wf cmd="tag" pos="NN">pad</wf>
<wf cmd="ignore" pos="CC">and</wf>
<wf cmd="ignore" pos="DT">a</wf>
<wf cmd="tag" pos="JJ">barrel-wide</wf>
<wf cmd="tag" pos="JJ">ventilated</wf>
<wf cmd="tag" pos="NN">rib</wf>
<wf cmd="ignore" pos="IN">for</wf>
<wf cmd="tag" pos="RB">fast</wf>
<wf cmd="tag" pos="NN">sighting</wf>
<punc>.</punc>
</s>
</p>
<p pnum="26">
<s snum="88">
<wf cmd="ignore" pos="DT">The</wf>
<wf cmd="tag" pos="NNP">Colt</wf>
<wf cmd="tag" pos="NN">line</wf>
<wf cmd="tag" pos="RB">now</wf>
<wf cmd="done" pos="VB" lemma="include" wnsn="1" lexsn="2:42:00::">includes</wf>
<wf cmd="ignore" pos="DT">a</wf>
<wf cmd="tag" pos="JJ">new</wf>
<wf cmd="tag" pos="NN">scattergun</wf>
<punc>,</punc>
<wf cmd="ignore" pos="DT">the</wf>
<wf cmd="tag" pos="NNP">Standard</wf>
<wf cmd="ignore" pos="CC">or</wf>
<wf cmd="tag" pos="NNP">Custom_Pump</wf>
<wf cmd="tag" pos="NN">Model</wf>
<punc>(</punc>
<wf cmd="ignore" pos="IN">about</wf>
<punc>$</punc>
<wf cmd="tag" pos="CD">90</wf>
<wf cmd="ignore" pos="CC">and</wf>
<punc>$</punc>
<wf cmd="tag" pos="CD">150</wf>
<punc>,</punc>
<wf cmd="tag" pos="RB">respectively</wf>
<punc>)</punc>
<wf cmd="ignore" pos="IN">in</wf>
<wf cmd="tag" pos="CD">12</wf>
<punc>,</punc>
<wf cmd="tag" pos="CD">16</wf>
<wf cmd="ignore" pos="CC">and</wf>
<wf cmd="tag" pos="CD">20</wf>
<punc>.</punc>
</s>
</p>
<p pnum="27">
<s snum="89">
<wf cmd="tag" pos="NNP">Firearms_International</wf>
<wf cmd="done" pos="VBZ" ot="notag">has</wf>
<wf cmd="done" pos="VB" lemma="introduce" wnsn="2" lexsn="2:36:00::">introduced</wf>
<wf cmd="ignore" pos="DT">another</wf>
<wf cmd="tag" pos="NN">import</wf>
<punc>,</punc>
<wf cmd="ignore" pos="DT">this</wf>
<wf cmd="tag" pos="CD">one</wf>
<wf cmd="ignore" pos="IN">from</wf>
<wf cmd="tag" pos="NNP">Finland</wf>
<punc>.</punc>
</s>
<s snum="90">
<wf cmd="ignore" pos="PRP">It</wf>
<wf cmd="done" pos="VBZ" ot="notag">'s</wf>
<wf cmd="ignore" pos="DT">the</wf>
<wf cmd="tag" pos="NN">Valmet</wf>
<punc>(</punc>
<wf cmd="ignore" pos="IN">about</wf>
<punc>$</punc>
<wf cmd="tag" pos="CD">170</wf>
<punc>)</punc>
<punc>,</punc>
<wf cmd="ignore" pos="DT">a</wf>
<wf cmd="tag" pos="CD">12</wf>
<punc>-</punc>
<wf cmd="tag" pos="NN">gauge</wf>
<wf cmd="ignore" pos="IN">over</wf>
<punc>/</punc>
<wf cmd="ignore" pos="IN">under</wf>
<wf cmd="tag" pos="RB">very_much_like</wf>
<wf cmd="ignore" pos="DT">the</wf>
<wf cmd="tag" pos="JJ">old</wf>
<wf cmd="tag" pos="NNP">Remington</wf>
<wf cmd="tag" pos="CD">32</wf>
<punc>-</punc>
<wf cmd="ignore" pos="WDT">which</wf>
<wf cmd="done" pos="VB" lemma="be" wnsn="1" lexsn="2:42:03::">was</wf>
<wf cmd="tag" pos="RB">so</wf>
<wf cmd="tag" pos="JJ">fine</wf>
<wf cmd="ignore" pos="DT">a</wf>
<wf cmd="tag" pos="NN">gun</wf>
<wf cmd="ignore" pos="IN">that</wf>
<wf cmd="tag" pos="NN">today</wf>
<wf cmd="ignore" pos="DT">a</wf>
<wf cmd="tag" pos="JJ">used</wf>
<wf cmd="tag" pos="CD">one</wf>
<wf cmd="tag" pos="RB">still</wf>
<wf cmd="done" pos="VB" lemma="bring" wnsn="9" lexsn="2:40:00::">brings</wf>
<wf cmd="tag" pos="JJ">high</wf>
<wf cmd="tag" pos="NNS">prices</wf>
<punc>.</punc>
</s>
</p>
<p pnum="28">
<s snum="91">
<wf cmd="tag" pos="NNP">High_Standard</wf>
<wf cmd="done" pos="VBZ" ot="notag">has</wf>
<wf cmd="tag" pos="RB">also</wf>
<wf cmd="done" pos="VB" lemma="add" wnsn="1" lexsn="2:30:00::">added</wf>
<wf cmd="tag" pos="CD">two</wf>
<wf cmd="tag" pos="NNS">models</wf>
<wf cmd="ignore" pos="TO">to</wf>
<wf cmd="ignore" pos="PRP$">its</wf>
<wf cmd="tag" pos="NN">line</wf>
<punc>.</punc>
</s>
<s snum="92">
<wf cmd="ignore" pos="DT">The</wf>
<wf cmd="tag" pos="JJ">Supermatic</wf>
<wf cmd="tag" pos="NNP">Trophy</wf>
<punc>(</punc>
<wf cmd="tag" pos="NNS">prices</wf>
<wf cmd="done" pos="VB" lemma="begin" wnsn="2" lexsn="2:42:00::">begin</wf>
<wf cmd="ignore" pos="IN">at</wf>
<wf cmd="tag" pos="RB">less_than</wf>
<punc>$</punc>
<wf cmd="tag" pos="CD">135</wf>
<wf cmd="ignore" pos="CC">and</wf>
<wf cmd="done" pos="VB" lemma="depend_on" wnsn="1" lexsn="2:42:00::">depend_on</wf>
<wf cmd="tag" pos="NN">grade</wf>
<wf cmd="ignore" pos="CC">and</wf>
<wf cmd="tag" pos="JJ">optional</wf>
<wf cmd="tag" pos="NNS">features</wf>
<punc>)</punc>
<wf cmd="done" pos="VB" lemma="be" wnsn="2" lexsn="2:42:06::">is</wf>
<wf cmd="ignore" pos="DT">a</wf>
<wf cmd="tag" pos="CD">12</wf>
<punc>-</punc>
<wf cmd="tag" pos="NN">gauge</wf>
<wf cmd="tag" pos="NN">auto</wf>
<punc>.</punc>
</s>
<s snum="93">
<wf cmd="ignore" pos="DT">The</wf>
<wf cmd="tag" pos="JJ">Flite-King</wf>
<wf cmd="tag" pos="NNP">Trophy</wf>
<punc>(</punc>
<wf cmd="done" pos="VB" lemma="begin" wnsn="2" lexsn="2:42:00::">beginning</wf>
<wf cmd="ignore" pos="IN">at</wf>
<wf cmd="tag" pos="RB">just</wf>
<wf cmd="ignore" pos="IN">over</wf>
<punc>$</punc>
<wf cmd="tag" pos="CD">85</wf>
<punc>)</punc>
<wf cmd="done" pos="VB" lemma="be" wnsn="2" lexsn="2:42:06::">is</wf>
<wf cmd="ignore" pos="DT">a</wf>
<wf cmd="tag" pos="NN">pump</wf>
<wf cmd="tag" pos="NN">gun</wf>
<wf cmd="ignore" pos="IN">in</wf>
<wf cmd="tag" pos="CD">12</wf>
<wf cmd="ignore" pos="CC">or</wf>
<wf cmd="tag" pos="CD">16</wf>
<punc>.</punc>
</s>
<s snum="94">
<wf cmd="ignore" pos="CC">Either</wf>
<wf cmd="tag" pos="NN">model</wf>
<wf cmd="done" pos="VB" lemma="be" wnsn="1" lexsn="2:42:03::">is</wf>
<wf cmd="ignore" pos="DT">a</wf>
<wf cmd="tag" pos="RB">very</wf>
<wf cmd="tag" pos="JJ">good</wf>
<wf cmd="tag" pos="NN">dollar</wf>
<wf cmd="tag" pos="NN">value</wf>
<punc>.</punc>
</s>
</p>
<p pnum="29">
<s snum="95">
<wf cmd="tag" pos="JJ">Mossberg</wf>
<wf cmd="ignore" pos="POS">'s</wf>
<wf cmd="tag" pos="JJS">latest</wf>
<wf cmd="tag" pos="NN">contribution</wf>
<wf cmd="ignore" pos="TO">to</wf>
<wf cmd="ignore" pos="DT">the</wf>
<wf cmd="tag" pos="NN">field</wf>
<wf cmd="done" pos="VB" lemma="be" wnsn="2" lexsn="2:42:06::">is</wf>
<wf cmd="ignore" pos="DT">the</wf>
<wf cmd="tag" pos="NN">Model</wf>
<wf cmd="tag" pos="CD">500</wf>
<punc>(</punc>
<wf cmd="ignore" pos="IN">from</wf>
<punc>$</punc>
<wf cmd="tag" pos="CD">73.50</wf>
<punc>)</punc>
<punc>;</punc>
<wf cmd="ignore" pos="DT">this</wf>
<wf cmd="done" pos="VB" lemma="be" wnsn="2" lexsn="2:42:06::">is</wf>
<wf cmd="ignore" pos="DT">an</wf>
<wf cmd="tag" pos="JJ">improved</wf>
<wf cmd="tag" pos="NN">version</wf>
<wf cmd="ignore" pos="IN">of</wf>
<wf cmd="ignore" pos="DT">the</wf>
<wf cmd="tag" pos="JJ">old</wf>
<wf cmd="tag" pos="NN">Model</wf>
<wf cmd="tag" pos="CD">200</wf>
<punc>,</punc>
<wf cmd="ignore" pos="DT">a</wf>
<wf cmd="tag" pos="JJ">pump-action</wf>
<wf cmd="tag" pos="CD">12</wf>
<punc>-</punc>
<wf cmd="tag" pos="NN">gauge</wf>
<wf cmd="tag" pos="NN">shotgun</wf>
<punc>.</punc>
</s>
<s snum="96">
<wf cmd="done" pos="VB" ot="notag">See</wf>
<wf cmd="tag" pos="NN">page</wf>
<wf cmd="tag" pos="CD">24</wf>
<wf cmd="ignore" pos="IN">for</wf>
<wf cmd="ignore" pos="DT">a</wf>
<wf cmd="tag" pos="JJ">complete</wf>
<wf cmd="tag" pos="NN">report</wf>
<wf cmd="done" pos="VB" ot="notag">on</wf>
<wf cmd="ignore" pos="PRP">it</wf>
<punc>.</punc>
</s>
</p>
<p pnum="30">
<s snum="97">
<wf cmd="tag" pos="RB">Aside</wf>
<wf cmd="ignore" pos="IN">from</wf>
<wf cmd="ignore" pos="DT">the</wf>
<wf cmd="tag" pos="CD">.22</wf>
<wf cmd="tag" pos="NNP">Jet</wf>
<punc>-</punc>
<wf cmd="ignore" pos="WDT">which</wf>
<wf cmd="ignore" pos="PRP">I</wf>
<wf cmd="done" pos="VB" lemma="couple" wnsn="1" lexsn="2:35:02::">coupled</wf>
<wf cmd="ignore" pos="IN">with</wf>
<wf cmd="ignore" pos="DT">the</wf>
<wf cmd="tag" pos="NN">Deerstalker</wf>
<wf cmd="tag" pos="NN">carbine</wf>
<wf cmd="ignore" pos="IN">as</wf>
<wf cmd="tag" pos="CD">one</wf>
<wf cmd="ignore" pos="IN">of</wf>
<wf cmd="ignore" pos="DT">the</wf>
<wf cmd="tag" pos="NN">year</wf>
<wf cmd="ignore" pos="POS">'s</wf>
<wf cmd="tag" pos="CD">two</wf>
<wf cmd="tag" pos="JJS">biggest</wf>
<wf cmd="tag" pos="NNS">developments</wf>
<punc>-</punc>
<wf cmd="tag" pos="JJ">few</wf>
<wf cmd="tag" pos="JJ">significant</wf>
<wf cmd="tag" pos="NNS">innovations</wf>
<wf cmd="done" pos="VB" lemma="appear" wnsn="2" lexsn="2:30:00::">appeared</wf>
<wf cmd="ignore" pos="IN">among</wf>
<wf cmd="tag" pos="CD">1961</wf>
<wf cmd="ignore" pos="POS">'s</wf>
<wf cmd="tag" pos="NNS">handguns</wf>
<punc>.</punc>
</s>
</p>
</context>
</contextfile>
