<contextfile concordance="brown">
<context filename="br-e03" paras="yes">
<p pnum="1">
<s snum="1">
<wf cmd="tag" pos="CD">Five</wf>
<punc>,</punc>
<wf cmd="tag" pos="CD">four</wf>
<punc>,</punc>
<wf cmd="tag" pos="CD">three</wf>
<punc>,</punc>
<wf cmd="tag" pos="CD">two</wf>
<punc>,</punc>
<wf cmd="tag" pos="CD">one</wf>
<punc>,</punc>
<wf cmd="done" pos="VB" lemma="fire" wnsn="5" lexsn="2:33:02::">fire</wf>
<punc>!</punc>
</s>
<s snum="2">
<wf cmd="ignore" pos="DT">The</wf>
<wf cmd="tag" pos="JJ">tremendous</wf>
<wf cmd="tag" pos="NN">energy</wf>
<wf cmd="done" pos="VB" lemma="release" wnsn="1" lexsn="2:35:00::">released</wf>
<wf cmd="ignore" pos="IN">by</wf>
<wf cmd="tag" pos="NN">giant</wf>
<wf cmd="tag" pos="NN">rocket_engines</wf>
<wf cmd="tag" pos="RB">perhaps</wf>
<wf cmd="ignore" pos="MD">can</wf>
<wf cmd="done" pos="VB" ot="notag">be</wf>
<wf cmd="done" pos="VB" lemma="feel" wnsn="3" lexsn="2:39:00::">felt</wf>
<wf cmd="tag" pos="RB">much</wf>
<wf cmd="tag" pos="JJR">better</wf>
<wf cmd="ignore" pos="IN">than</wf>
<wf cmd="ignore" pos="PRP">it</wf>
<wf cmd="ignore" pos="MD">can</wf>
<wf cmd="done" pos="VB" ot="notag">be</wf>
<wf cmd="done" pos="VB" lemma="hear" wnsn="1" lexsn="2:39:00::">heard</wf>
<punc>.</punc>
</s>
<s snum="3">
<wf cmd="ignore" pos="DT">The</wf>
<wf cmd="tag" pos="JJ">pulsating</wf>
<wf cmd="tag" pos="NN">vibration</wf>
<wf cmd="ignore" pos="IN">of</wf>
<wf cmd="tag" pos="NN">energy</wf>
<wf cmd="tag" pos="NNS">clutches</wf>
<wf cmd="ignore" pos="IN">at</wf>
<wf cmd="tag" pos="NN">the_pit</wf>
<wf cmd="ignore" pos="IN">of</wf>
<wf cmd="ignore" pos="PRP$">your</wf>
<wf cmd="tag" pos="NN">stomach</wf>
<punc>.</punc>
</s>
</p>
<p pnum="2">
<s snum="4">
<wf cmd="tag" pos="RB">Never</wf>
<wf cmd="ignore" pos="IN">before</wf>
<wf cmd="done" pos="VBZ" ot="notag">has</wf>
<wf cmd="ignore" pos="DT">the</wf>
<wf cmd="tag" pos="NN">introduction</wf>
<wf cmd="ignore" pos="IN">of</wf>
<wf cmd="ignore" pos="DT">a</wf>
<wf cmd="tag" pos="NN">weapon</wf>
<wf cmd="done" pos="VB" lemma="cause" wnsn="1" lexsn="2:36:00::">caused</wf>
<wf cmd="tag" pos="RB">so_much</wf>
<wf cmd="tag" pos="NN">apprehension</wf>
<wf cmd="ignore" pos="CC">and</wf>
<wf cmd="tag" pos="NN">fear</wf>
<punc>.</punc>
</s>
<s snum="5">
<wf cmd="tag" pos="NN">Nuclear_weapons</wf>
<wf cmd="done" pos="VB" lemma="be" wnsn="1" lexsn="2:42:03::">are</wf>
<wf cmd="tag" pos="JJ">fearsome</wf>
<punc>,</punc>
<wf cmd="ignore" pos="CC">but</wf>
<wf cmd="ignore" pos="DT">the</wf>
<wf cmd="tag" pos="JJ">long-range</wf>
<wf cmd="tag" pos="NN">ballistic_missile</wf>
<wf cmd="done" pos="VB" lemma="give" wnsn="1" lexsn="2:40:03::">gives</wf>
<wf cmd="ignore" pos="PRP">them</wf>
<wf cmd="ignore" pos="DT">a</wf>
<wf cmd="tag" pos="NN">stealth</wf>
<wf cmd="ignore" pos="CC">and</wf>
<wf cmd="tag" pos="JJ">merciless</wf>
<wf cmd="tag" pos="NN">swiftness</wf>
<wf cmd="ignore" pos="WDT">which</wf>
<wf cmd="done" pos="VB" lemma="be" wnsn="1" lexsn="2:42:03::">is</wf>
<wf cmd="tag" pos="JJ">much</wf>
<wf cmd="tag" pos="RBR">more</wf>
<wf cmd="tag" pos="JJ">terrifying</wf>
<punc>.</punc>
</s>
</p>
<p pnum="3">
<s snum="6">
<wf cmd="ignore" pos="DT">A</wf>
<wf cmd="tag" pos="JJ">great</wf>
<wf cmd="tag" pos="JJ">many</wf>
<wf cmd="tag" pos="NNS">writers</wf>
<wf cmd="done" pos="VBP" ot="notag">are</wf>
<wf cmd="done" pos="VB" lemma="bewitch" wnsn="1" lexsn="2:37:00::">bewitched</wf>
<wf cmd="ignore" pos="IN">by</wf>
<wf cmd="ignore" pos="DT">the</wf>
<wf cmd="tag" pos="RB">apparently</wf>
<wf cmd="tag" pos="JJ">overwhelming</wf>
<wf cmd="tag" pos="NN">advantage</wf>
<wf cmd="ignore" pos="DT">an</wf>
<wf cmd="tag" pos="NN">attacker</wf>
<wf cmd="ignore" pos="MD">would</wf>
<wf cmd="done" pos="VB" lemma="have" wnsn="2" lexsn="2:42:00::">have</wf>
<wf cmd="ignore" pos="IN">if</wf>
<wf cmd="ignore" pos="PRP">he</wf>
<wf cmd="done" pos="VBD" ot="notag">were</wf>
<wf cmd="ignore" pos="TO">to</wf>
<wf cmd="done" pos="VB" lemma="strike" wnsn="4" lexsn="2:33:00::">strike</wf>
<wf cmd="ignore" pos="IN">with</wf>
<wf cmd="tag" pos="JJ">complete</wf>
<wf cmd="tag" pos="NN">surprise</wf>
<wf cmd="done" pos="VB" lemma="use" wnsn="1" lexsn="2:34:01::">using</wf>
<wf cmd="tag" pos="JJ">nuclear</wf>
<wf cmd="tag" pos="NNS">rockets</wf>
<punc>.</punc>
</s>
<s snum="7">
<wf cmd="ignore" pos="PRP">It</wf>
<wf cmd="done" pos="VB" lemma="be" wnsn="1" lexsn="2:42:03::">is</wf>
<wf cmd="tag" pos="RB">relatively</wf>
<wf cmd="tag" pos="JJ">easy</wf>
<wf cmd="ignore" pos="TO">to</wf>
<wf cmd="done" pos="VB" lemma="go" wnsn="2" lexsn="2:41:00::">go</wf>
<wf cmd="ignore" pos="DT">a</wf>
<wf cmd="tag" pos="NN">step</wf>
<wf cmd="tag" pos="JJ">further</wf>
<wf cmd="ignore" pos="CC">and</wf>
<wf cmd="done" pos="VB" lemma="reason" wnsn="1" lexsn="2:31:01::">reason</wf>
<wf cmd="ignore" pos="IN">that</wf>
<wf cmd="ignore" pos="DT">an</wf>
<wf cmd="tag" pos="NN">attacker</wf>
<punc>,</punc>
<wf cmd="ignore" pos="IN">in</wf>
<wf cmd="tag" pos="NN">possession</wf>
<wf cmd="ignore" pos="IN">of</wf>
<wf cmd="tag" pos="JJ">such</wf>
<wf cmd="tag" pos="JJ">absolute</wf>
<wf cmd="tag" pos="NN">power</wf>
<punc>,</punc>
<wf cmd="ignore" pos="MD">would</wf>
<wf cmd="tag" pos="RB">simultaneously</wf>
<wf cmd="done" pos="VB" lemma="destroy" wnsn="1" lexsn="2:36:00::">destroy</wf>
<wf cmd="ignore" pos="PRP$">his</wf>
<wf cmd="tag" pos="NN">opponent</wf>
<wf cmd="ignore" pos="POS">'s</wf>
<wf cmd="tag" pos="NNS">cities</wf>
<wf cmd="ignore" pos="CC">and</wf>
<wf cmd="tag" pos="NNS">people</wf>
<punc>.</punc>
</s>
<s snum="8">
<wf cmd="ignore" pos="IN">With</wf>
<wf cmd="ignore" pos="DT">a</wf>
<wf cmd="tag" pos="NN">nation</wf>
<wf cmd="tag" pos="JJ">defenseless</wf>
<wf cmd="ignore" pos="IN">before</wf>
<wf cmd="ignore" pos="PRP">it</wf>
<punc>,</punc>
<wf cmd="ignore" pos="WRB">why</wf>
<wf cmd="ignore" pos="MD">would</wf>
<wf cmd="ignore" pos="DT">the</wf>
<wf cmd="tag" pos="NN">attacker</wf>
<wf cmd="done" pos="VB" lemma="spare" wnsn="1" lexsn="2:41:00::">spare</wf>
<wf cmd="ignore" pos="DT">the</wf>
<wf cmd="tag" pos="NN">victim</wf>
<wf cmd="ignore" pos="POS">'s</wf>
<wf cmd="tag" pos="NNS">people</wf>
<punc>?</punc>
</s>
<s snum="9">
<wf cmd="ignore" pos="MD">Would</wf>
<wf cmd="tag" pos="RB">n't</wf>
<wf cmd="ignore" pos="DT">the</wf>
<wf cmd="tag" pos="JJ">wanton</wf>
<wf cmd="tag" pos="NN">destruction</wf>
<wf cmd="ignore" pos="IN">of</wf>
<wf cmd="tag" pos="NNS">cities</wf>
<wf cmd="ignore" pos="CC">and</wf>
<wf cmd="tag" pos="NNS">people</wf>
<wf cmd="done" pos="VB" lemma="be" wnsn="2" lexsn="2:42:06::">be</wf>
<wf cmd="ignore" pos="DT">the</wf>
<wf cmd="tag" pos="JJ">logical</wf>
<wf cmd="tag" pos="NN">act</wf>
<wf cmd="ignore" pos="IN">of</wf>
<wf cmd="tag" pos="JJ">complete</wf>
<wf cmd="tag" pos="NN">subjugation</wf>
<punc>?</punc>
</s>
<s snum="10">
<wf cmd="ignore" pos="DT">The</wf>
<wf cmd="tag" pos="NN">nation</wf>
<wf cmd="ignore" pos="MD">would</wf>
<wf cmd="done" pos="VB" ot="notag">be</wf>
<wf cmd="tag" pos="RB">utterly</wf>
<wf cmd="done" pos="VB" lemma="devastate" wnsn="1" lexsn="2:30:00::">devastated</wf>
<punc>.</punc>
</s>
<s snum="11">
<wf cmd="ignore" pos="DT">The</wf>
<wf cmd="ignore" pos="MD">will</wf>
<wf cmd="ignore" pos="IN">of</wf>
<wf cmd="ignore" pos="PRP$">its</wf>
<wf cmd="tag" pos="NNS">people</wf>
<punc>,</punc>
<wf cmd="tag" pos="RB">so</wf>
<wf cmd="tag" pos="JJ">crucial</wf>
<wf cmd="tag" pos="RB">in_time</wf>
<wf cmd="ignore" pos="IN">of</wf>
<wf cmd="tag" pos="NN">peril</wf>
<punc>,</punc>
<wf cmd="ignore" pos="MD">would</wf>
<wf cmd="done" pos="VB" ot="notag">be</wf>
<wf cmd="done" pos="VB" lemma="break" wnsn="4" lexsn="2:35:01::">broken</wf>
<punc>.</punc>
</s>
</p>
<p pnum="4">
<s snum="12">
<wf cmd="tag" pos="NN">Nuclear_weapons</wf>
<wf cmd="done" pos="VBP" ot="notag">have</wf>
<wf cmd="done" pos="VB" lemma="give" wnsn="1" lexsn="2:40:03::">given</wf>
<wf cmd="ignore" pos="DT">the</wf>
<wf cmd="tag" pos="NN">world</wf>
<wf cmd="ignore" pos="DT">the</wf>
<wf cmd="tag" pos="NN">means</wf>
<wf cmd="ignore" pos="IN">for</wf>
<wf cmd="tag" pos="NN">self-destruction</wf>
<wf cmd="ignore" pos="IN">in</wf>
<wf cmd="tag" pos="NNS">hours</wf>
<wf cmd="ignore" pos="CC">or</wf>
<wf cmd="tag" pos="NNS">days</wf>
<punc>;</punc>
<wf cmd="ignore" pos="CC">and</wf>
<wf cmd="tag" pos="RB">now</wf>
<wf cmd="tag" pos="NNS">rockets</wf>
<wf cmd="done" pos="VBP" ot="notag">have</wf>
<wf cmd="done" pos="VB" lemma="give" wnsn="1" lexsn="2:40:03::">given</wf>
<wf cmd="ignore" pos="PRP">it</wf>
<wf cmd="ignore" pos="DT">the</wf>
<wf cmd="tag" pos="NNS">means</wf>
<wf cmd="ignore" pos="TO">to</wf>
<wf cmd="done" pos="VB" lemma="destroy" wnsn="1" lexsn="2:36:00::">destroy</wf>
<wf cmd="ignore" pos="PRP">itself</wf>
<wf cmd="ignore" pos="IN">in</wf>
<wf cmd="tag" pos="NNS">minutes</wf>
<punc>.</punc>
</s>
<s snum="13">
<wf cmd="ignore" pos="IN">At</wf>
<wf cmd="ignore" pos="DT">this</wf>
<wf cmd="tag" pos="NN">point</wf>
<wf cmd="ignore" pos="PRP">it</wf>
<wf cmd="ignore" pos="MD">should</wf>
<wf cmd="done" pos="VB" lemma="be" wnsn="1" lexsn="2:42:03::">be</wf>
<wf cmd="tag" pos="RB">painfully</wf>
<wf cmd="tag" pos="JJ">obvious</wf>
<wf cmd="ignore" pos="IN">that</wf>
<wf cmd="tag" pos="NNS">cities</wf>
<punc>,</punc>
<wf cmd="done" pos="VB" lemma="be" wnsn="1" lexsn="2:42:03::">being</wf>
<punc>``</punc>
<wf cmd="tag" pos="JJ">soft</wf>
<punc>''</punc>
<punc>,</punc>
<wf cmd="ignore" pos="CC">and</wf>
<wf cmd="ignore" pos="DT">the</wf>
<wf cmd="tag" pos="NNS">people</wf>
<wf cmd="ignore" pos="IN">within</wf>
<wf cmd="ignore" pos="PRP">them</wf>
<wf cmd="done" pos="VB" lemma="be" wnsn="1" lexsn="2:42:03::">are</wf>
<wf cmd="tag" pos="RB">ideally</wf>
<wf cmd="tag" pos="JJ">suited</wf>
<wf cmd="ignore" pos="TO">to</wf>
<wf cmd="tag" pos="NN">destruction</wf>
<wf cmd="ignore" pos="IN">by</wf>
<wf cmd="tag" pos="NN">nuclear_weapons</wf>
<punc>.</punc>
</s>
</p>
<p pnum="5">
<s snum="14">
<wf cmd="tag" pos="RB">However</wf>
<punc>,</punc>
<wf cmd="ignore" pos="IN">because</wf>
<wf cmd="ignore" pos="DT">this</wf>
<wf cmd="tag" pos="NN">vulnerability</wf>
<wf cmd="done" pos="VB" lemma="be" wnsn="1" lexsn="2:42:03::">is</wf>
<wf cmd="tag" pos="JJ">mutual</wf>
<punc>,</punc>
<wf cmd="ignore" pos="PRP">it</wf>
<wf cmd="done" pos="VB" lemma="be" wnsn="1" lexsn="2:42:03::">is</wf>
<wf cmd="ignore" pos="TO">to</wf>
<wf cmd="ignore" pos="DT">the</wf>
<wf cmd="tag" pos="NN">advantage</wf>
<wf cmd="ignore" pos="IN">of</wf>
<wf cmd="ignore" pos="DT">neither</wf>
<wf cmd="tag" pos="NN">side</wf>
<wf cmd="ignore" pos="TO">to</wf>
<wf cmd="done" pos="VB" lemma="destroy" wnsn="1" lexsn="2:36:00::">destroy</wf>
<wf cmd="ignore" pos="DT">the</wf>
<wf cmd="tag" pos="NN">opponent</wf>
<wf cmd="ignore" pos="POS">'s</wf>
<wf cmd="tag" pos="NNS">cities</wf>
<punc>,</punc>
<wf cmd="tag" pos="RB">at_least</wf>
<wf cmd="tag" pos="NN">so_long</wf>
<wf cmd="ignore" pos="IN">as</wf>
<wf cmd="ignore" pos="DT">the</wf>
<wf cmd="tag" pos="NN">opponent</wf>
<wf cmd="done" pos="VB" lemma="have" wnsn="1" lexsn="2:40:00::">has</wf>
<wf cmd="tag" pos="NN">nuclear_weapons</wf>
<wf cmd="ignore" pos="IN">with</wf>
<wf cmd="ignore" pos="WDT">which</wf>
<wf cmd="ignore" pos="TO">to</wf>
<wf cmd="done" pos="VB" lemma="effect" wnsn="1" lexsn="2:36:00::">effect</wf>
<wf cmd="tag" pos="NN">reprisal</wf>
<punc>.</punc>
</s>
<s snum="15">
<wf cmd="ignore" pos="PRP">It</wf>
<wf cmd="ignore" pos="MD">should</wf>
<wf cmd="done" pos="VB" lemma="be" wnsn="1" lexsn="2:42:03::">be</wf>
<wf cmd="tag" pos="RB">appallingly</wf>
<wf cmd="tag" pos="JJ">apparent</wf>
<wf cmd="ignore" pos="IN">that</wf>
<wf cmd="tag" pos="NN">city-trading</wf>
<wf cmd="done" pos="VB" lemma="be" wnsn="1" lexsn="2:42:03::">is</wf>
<wf cmd="tag" pos="RB">not</wf>
<wf cmd="ignore" pos="DT">a</wf>
<wf cmd="tag" pos="JJ">profitable</wf>
<wf cmd="tag" pos="JJ">military</wf>
<wf cmd="tag" pos="NN">tactic</wf>
<punc>.</punc>
</s>
</p>
<p pnum="6">
<s snum="16">
<wf cmd="tag" pos="NNPS">ICBMs</wf>
<wf cmd="done" pos="VBP" ot="notag">have</wf>
<wf cmd="done" pos="VB" lemma="give" wnsn="1" lexsn="2:40:03::">given</wf>
<wf cmd="ignore" pos="PRP">us</wf>
<wf cmd="ignore" pos="DT">a</wf>
<wf cmd="tag" pos="NN">capability</wf>
<wf cmd="ignore" pos="WDT">which</wf>
<wf cmd="ignore" pos="MD">could</wf>
<wf cmd="done" pos="VB" ot="notag">be</wf>
<wf cmd="done" pos="VB" lemma="use" wnsn="1" lexsn="2:34:01::">used</wf>
<wf cmd="ignore" pos="IN">in</wf>
<wf cmd="tag" pos="CD">two</wf>
<wf cmd="tag" pos="JJ">different</wf>
<wf cmd="tag" pos="NNS">ways</wf>
<punc>.</punc>
</s>
<s snum="17">
<wf cmd="ignore" pos="PRP">They</wf>
<wf cmd="ignore" pos="MD">could</wf>
<wf cmd="done" pos="VB" ot="notag">be</wf>
<wf cmd="done" pos="VB" lemma="use" wnsn="1" lexsn="2:34:01::">used</wf>
<wf cmd="ignore" pos="TO">to</wf>
<wf cmd="done" pos="VB" lemma="attack" wnsn="1" lexsn="2:33:00::">attack</wf>
<wf cmd="ignore" pos="DT">a</wf>
<wf cmd="tag" pos="NN">nation</wf>
<wf cmd="ignore" pos="POS">'s</wf>
<wf cmd="tag" pos="NNS">people</wf>
<punc>(</punc>
<wf cmd="ignore" pos="WDT">which</wf>
<wf cmd="ignore" pos="MD">would</wf>
<wf cmd="tag" pos="RB">inevitably</wf>
<wf cmd="done" pos="VB" lemma="mean" wnsn="2" lexsn="2:42:00::">mean</wf>
<wf cmd="ignore" pos="DT">the</wf>
<wf cmd="tag" pos="NN">loss</wf>
<wf cmd="ignore" pos="IN">of</wf>
<wf cmd="ignore" pos="DT">the</wf>
<wf cmd="tag" pos="NN">attacker</wf>
<wf cmd="ignore" pos="POS">'s</wf>
<wf cmd="tag" pos="JJ">own</wf>
<wf cmd="tag" pos="NNS">people</wf>
<punc>)</punc>
<punc>,</punc>
<wf cmd="ignore" pos="CC">or</wf>
<wf cmd="ignore" pos="PRP">they</wf>
<wf cmd="ignore" pos="MD">could</wf>
<wf cmd="done" pos="VB" ot="notag">be</wf>
<wf cmd="done" pos="VB" lemma="use" wnsn="1" lexsn="2:34:01::">used</wf>
<wf cmd="ignore" pos="IN">with</wf>
<wf cmd="tag" pos="NN">discrimination</wf>
<wf cmd="ignore" pos="TO">to</wf>
<wf cmd="done" pos="VB" lemma="destroy" wnsn="1" lexsn="2:36:00::">destroy</wf>
<wf cmd="ignore" pos="DT">the</wf>
<wf cmd="tag" pos="NN">enemy</wf>
<wf cmd="ignore" pos="POS">'s</wf>
<wf cmd="tag" pos="NN">military_force</wf>
<punc>.</punc>
</s>
</p>
<p pnum="7">
<s snum="18">
<wf cmd="ignore" pos="IN">If</wf>
<wf cmd="ignore" pos="PRP$">our</wf>
<wf cmd="tag" pos="JJ">national</wf>
<wf cmd="tag" pos="NN">interest</wf>
<wf cmd="done" pos="VB" lemma="lie_in" wnsn="1" lexsn="2:42:00::">lies_in</wf>
<wf cmd="done" pos="VB" lemma="be" wnsn="1" lexsn="2:42:03::">being</wf>
<wf cmd="tag" pos="JJ">able_to</wf>
<wf cmd="done" pos="VB" lemma="fight" wnsn="2" lexsn="2:33:01::">fight</wf>
<wf cmd="ignore" pos="CC">and</wf>
<wf cmd="done" pos="VB" lemma="win" wnsn="1" lexsn="2:33:00::">win</wf>
<wf cmd="ignore" pos="DT">a</wf>
<wf cmd="tag" pos="NN">war</wf>
<wf cmd="tag" pos="RB">rather_than</wf>
<wf cmd="done" pos="VB" lemma="commit" wnsn="1" lexsn="2:41:00::">committing</wf>
<wf cmd="tag" pos="JJ">national</wf>
<wf cmd="tag" pos="NN">suicide</wf>
<punc>,</punc>
<wf cmd="tag" pos="RB">then</wf>
<wf cmd="ignore" pos="PRP">we</wf>
<wf cmd="ignore" pos="MD">must</wf>
<wf cmd="done" pos="VB" lemma="take" wnsn="1" lexsn="2:41:04::">take</wf>
<wf cmd="ignore" pos="DT">a</wf>
<wf cmd="tag" pos="JJ">much</wf>
<wf cmd="tag" pos="RBR">more</wf>
<wf cmd="tag" pos="JJ">penetrating</wf>
<wf cmd="tag" pos="NN">look</wf>
<wf cmd="done" pos="VB" ot="notag">at</wf>
<wf cmd="tag" pos="NN">ballistic_missiles</wf>
<punc>.</punc>
</s>
<s snum="19">
<wf cmd="ignore" pos="PRP">We</wf>
<wf cmd="ignore" pos="MD">must</wf>
<wf cmd="done" pos="VB" lemma="determine" wnsn="5" lexsn="2:31:00::">determine</wf>
<wf cmd="ignore" pos="IN">whether</wf>
<wf cmd="tag" pos="NNS">missiles</wf>
<wf cmd="ignore" pos="MD">can</wf>
<wf cmd="done" pos="VB" lemma="win" wnsn="1" lexsn="2:33:00::">win</wf>
<wf cmd="ignore" pos="DT">a</wf>
<wf cmd="tag" pos="NN">war</wf>
<wf cmd="ignore" pos="DT">all</wf>
<wf cmd="ignore" pos="IN">by</wf>
<wf cmd="ignore" pos="PRP">themselves</wf>
<punc>.</punc>
</s>
<s snum="20">
<wf cmd="ignore" pos="PRP">We</wf>
<wf cmd="ignore" pos="MD">must</wf>
<wf cmd="done" pos="VB" lemma="make" wnsn="3" lexsn="2:36:00::">make</wf>
<wf cmd="tag" pos="JJ">certain</wf>
<wf cmd="ignore" pos="IN">that</wf>
<wf cmd="ignore" pos="DT">the</wf>
<wf cmd="tag" pos="NN">aircraft</wf>
<wf cmd="done" pos="VB" lemma="be" wnsn="1" lexsn="2:42:03::">is</wf>
<wf cmd="tag" pos="JJ">finished</wf>
<wf cmd="ignore" pos="IN">before</wf>
<wf cmd="ignore" pos="PRP">we</wf>
<wf cmd="done" pos="VB" lemma="give" wnsn="3" lexsn="2:40:00::">give</wf>
<wf cmd="ignore" pos="DT">the</wf>
<wf cmd="tag" pos="JJ">entire</wf>
<wf cmd="tag" pos="NN">job</wf>
<wf cmd="ignore" pos="TO">to</wf>
<wf cmd="ignore" pos="DT">the</wf>
<wf cmd="tag" pos="NN">missile</wf>
<punc>.</punc>
</s>
</p>
<p pnum="8">
<s snum="21">
<wf cmd="tag" pos="NNS">Missiles</wf>
<wf cmd="done" pos="VB" lemma="be" wnsn="1" lexsn="2:42:03::">are</wf>
<wf cmd="tag" pos="RB">very</wf>
<wf cmd="tag" pos="JJ">valuable</wf>
<wf cmd="tag" pos="NNS">weapons</wf>
<punc>,</punc>
<wf cmd="ignore" pos="CC">but</wf>
<wf cmd="ignore" pos="PRP">they</wf>
<wf cmd="tag" pos="RB">also</wf>
<wf cmd="done" pos="VB" lemma="have" wnsn="2" lexsn="2:42:00::">have</wf>
<wf cmd="ignore" pos="PRP$">their</wf>
<wf cmd="tag" pos="RB">too</wf>
<wf cmd="tag" pos="JJ">little</wf>
<wf cmd="tag" pos="JJ">known</wf>
<wf cmd="tag" pos="NNS">limitations</wf>
<punc>.</punc>
</s>
</p>
<p pnum="9">
<s snum="22">
<wf cmd="ignore" pos="IN">Because</wf>
<wf cmd="ignore" pos="IN">of</wf>
<wf cmd="ignore" pos="DT">a</wf>
<wf cmd="tag" pos="NN">missile</wf>
<wf cmd="ignore" pos="POS">'s</wf>
<wf cmd="tag" pos="NN">ballistic_trajectory</wf>
<punc>,</punc>
<wf cmd="ignore" pos="DT">the</wf>
<wf cmd="tag" pos="NN">location</wf>
<wf cmd="ignore" pos="IN">of</wf>
<wf cmd="ignore" pos="DT">a</wf>
<wf cmd="tag" pos="JJ">fixed</wf>
<wf cmd="tag" pos="NN">target</wf>
<wf cmd="ignore" pos="MD">must</wf>
<wf cmd="done" pos="VB" ot="notag">be</wf>
<wf cmd="done" pos="VB" lemma="know" wnsn="1" lexsn="2:31:01::">known</wf>
<wf cmd="tag" pos="RB">quite</wf>
<wf cmd="tag" pos="RB">accurately</wf>
<punc>.</punc>
</s>
<s snum="23">
<wf cmd="done" pos="VB" lemma="place" wnsn="4" lexsn="2:40:00::">Placing</wf>
<wf cmd="tag" pos="NNS">missiles</wf>
<wf cmd="ignore" pos="IN">in</wf>
<wf cmd="tag" pos="NNS">submarines</wf>
<punc>,</punc>
<wf cmd="ignore" pos="IN">on</wf>
<wf cmd="tag" pos="NNS">barges</wf>
<punc>,</punc>
<wf cmd="tag" pos="NNS">railroads</wf>
<punc>,</punc>
<wf cmd="tag" pos="NNS">highways</wf>
<punc>,</punc>
<wf cmd="tag" pos="NN">surface</wf>
<wf cmd="tag" pos="NNS">vessels</wf>
<wf cmd="ignore" pos="CC">and</wf>
<wf cmd="tag" pos="RB">in_the_air</wf>
<wf cmd="done" pos="VB" lemma="provide" wnsn="1" lexsn="2:40:00::">provides</wf>
<wf cmd="ignore" pos="PRP">them</wf>
<wf cmd="ignore" pos="IN">with</wf>
<wf cmd="tag" pos="JJ">passive</wf>
<wf cmd="tag" pos="NN">protection</wf>
<wf cmd="ignore" pos="IN">by</wf>
<wf cmd="done" pos="VB" lemma="take_advantage" wnsn="1" lexsn="2:40:00::">taking_advantage</wf>
<wf cmd="ignore" pos="IN">of</wf>
<wf cmd="ignore" pos="DT">the</wf>
<wf cmd="tag" pos="JJS">gravest</wf>
<wf cmd="tag" pos="NN">weakness</wf>
<wf cmd="ignore" pos="IN">of</wf>
<wf cmd="tag" pos="JJ">long-range</wf>
<wf cmd="tag" pos="NN">ballistic_missiles</wf>
<wf cmd="tag" pos="NN">today</wf>
<punc>-</punc>
<wf cmd="ignore" pos="DT">the</wf>
<wf cmd="tag" pos="JJ">extreme</wf>
<wf cmd="tag" pos="NN">difficulty</wf>
<wf cmd="ignore" pos="IN">of</wf>
<wf cmd="done" pos="VB" lemma="destroy" wnsn="1" lexsn="2:36:00::">destroying</wf>
<wf cmd="ignore" pos="DT">a</wf>
<wf cmd="tag" pos="JJ">mobile</wf>
<wf cmd="ignore" pos="CC">or</wf>
<wf cmd="tag" pos="JJ">moving</wf>
<wf cmd="tag" pos="NN">target</wf>
<wf cmd="ignore" pos="IN">with</wf>
<wf cmd="tag" pos="JJ">such</wf>
<wf cmd="tag" pos="NNS">weapons</wf>
<punc>.</punc>
</s>
<s snum="24">
<wf cmd="tag" pos="CD">One</wf>
<wf cmd="ignore" pos="MD">must</wf>
<wf cmd="tag" pos="JJ">first</wf>
<wf cmd="done" pos="VB" lemma="detect" wnsn="1" lexsn="2:39:00::">detect</wf>
<wf cmd="ignore" pos="DT">a</wf>
<wf cmd="tag" pos="JJ">fleeting</wf>
<wf cmd="tag" pos="JJ">mobile</wf>
<wf cmd="ignore" pos="CC">or</wf>
<wf cmd="tag" pos="JJ">moving</wf>
<wf cmd="tag" pos="NN">target</wf>
<punc>,</punc>
<wf cmd="done" pos="VB" lemma="decide" wnsn="1" lexsn="2:31:00::">decide</wf>
<wf cmd="ignore" pos="IN">that</wf>
<wf cmd="ignore" pos="PRP">it</wf>
<wf cmd="done" pos="VB" lemma="be" wnsn="1" lexsn="2:42:03::">is</wf>
<wf cmd="tag" pos="JJ">worthy</wf>
<wf cmd="done" pos="JJ" ot="notag">of</wf>
<wf cmd="tag" pos="NN">destruction</wf>
<punc>,</punc>
<wf cmd="done" pos="VB" lemma="select" wnsn="1" lexsn="2:31:00::">select</wf>
<wf cmd="ignore" pos="DT">the</wf>
<wf cmd="tag" pos="NN">missile</wf>
<wf cmd="ignore" pos="TO">to</wf>
<wf cmd="done" pos="VB" ot="notag">be</wf>
<wf cmd="done" pos="VB" lemma="fire" wnsn="2" lexsn="2:33:00::">fired</wf>
<wf cmd="ignore" pos="IN">against</wf>
<wf cmd="ignore" pos="DT">the</wf>
<wf cmd="tag" pos="NN">target</wf>
<punc>,</punc>
<wf cmd="done" pos="VB" lemma="compute" wnsn="1" lexsn="2:31:00::">compute</wf>
<wf cmd="tag" pos="NNS">ballistics</wf>
<wf cmd="ignore" pos="IN">for</wf>
<wf cmd="ignore" pos="DT">the</wf>
<wf cmd="tag" pos="NN">flight</wf>
<punc>,</punc>
<wf cmd="ignore" pos="CC">and</wf>
<wf cmd="done" pos="VB" lemma="prepare" wnsn="1" lexsn="2:30:00::">prepare</wf>
<wf cmd="ignore" pos="DT">the</wf>
<wf cmd="tag" pos="NN">missile</wf>
<wf cmd="ignore" pos="IN">for</wf>
<wf cmd="done" pos="VB" lemma="fire" wnsn="5" lexsn="2:33:02::">firing</wf>
<punc>.</punc>
</s>
</p>
<p pnum="10">
<s snum="25">
<wf cmd="tag" pos="RB">Even</wf>
<wf cmd="ignore" pos="IN">if</wf>
<wf cmd="ignore" pos="PDT">all</wf>
<wf cmd="ignore" pos="DT">these</wf>
<wf cmd="tag" pos="NNS">operations</wf>
<wf cmd="ignore" pos="MD">could</wf>
<wf cmd="done" pos="VB" ot="notag">be_performed</wf>
<wf cmd="tag" pos="RB">instantaneously</wf>
<punc>,</punc>
<wf cmd="ignore" pos="DT">the</wf>
<wf cmd="tag" pos="NNP">ICBM</wf>
<wf cmd="tag" pos="RB">still</wf>
<wf cmd="done" pos="VB" lemma="have" wnsn="2" lexsn="2:42:00::">has</wf>
<wf cmd="ignore" pos="DT">a</wf>
<wf cmd="tag" pos="NN">time</wf>
<wf cmd="ignore" pos="IN">of</wf>
<wf cmd="tag" pos="NN">flight</wf>
<wf cmd="ignore" pos="TO">to</wf>
<wf cmd="ignore" pos="DT">the</wf>
<wf cmd="tag" pos="NN">target</wf>
<wf cmd="ignore" pos="IN">of</wf>
<wf cmd="ignore" pos="IN">about</wf>
<wf cmd="tag" pos="NN">30_minutes</wf>
<punc>.</punc>
</s>
<s snum="26">
<wf cmd="tag" pos="RB">Therefore</wf>
<punc>,</punc>
<wf cmd="ignore" pos="IN">if</wf>
<wf cmd="ignore" pos="DT">the</wf>
<wf cmd="tag" pos="NN">target</wf>
<wf cmd="ignore" pos="MD">can</wf>
<wf cmd="tag" pos="RB">significantly</wf>
<wf cmd="done" pos="VB" lemma="change" wnsn="1" lexsn="2:30:01::">change</wf>
<wf cmd="ignore" pos="PRP$">its</wf>
<wf cmd="tag" pos="NN">location</wf>
<wf cmd="ignore" pos="IN">in</wf>
<wf cmd="tag" pos="NN">something</wf>
<wf cmd="tag" pos="RB">less_than</wf>
<wf cmd="tag" pos="NN">30_minutes</wf>
<punc>,</punc>
<wf cmd="ignore" pos="DT">the</wf>
<wf cmd="tag" pos="NN">probability</wf>
<wf cmd="ignore" pos="IN">of</wf>
<wf cmd="done" pos="VBG" ot="notag">having</wf>
<wf cmd="done" pos="VB" lemma="destroy" wnsn="1" lexsn="2:36:00::">destroyed</wf>
<wf cmd="ignore" pos="PRP">it</wf>
<wf cmd="done" pos="VBZ" ot="notag">is</wf>
<wf cmd="tag" pos="RB">drastically</wf>
<wf cmd="done" pos="VB" lemma="lower" wnsn="2" lexsn="2:30:01::">lowered</wf>
<punc>.</punc>
</s>
</p>
<p pnum="11">
<s snum="27">
<wf cmd="ignore" pos="IN">Because</wf>
<wf cmd="tag" pos="RB">of_this</wf>
<punc>,</punc>
<wf cmd="ignore" pos="PRP">it</wf>
<wf cmd="ignore" pos="MD">would</wf>
<wf cmd="done" pos="VB" lemma="appear" wnsn="1" lexsn="2:39:00::">appear</wf>
<wf cmd="tag" pos="JJ">inevitable</wf>
<wf cmd="ignore" pos="IN">that</wf>
<wf cmd="ignore" pos="DT">an</wf>
<wf cmd="tag" pos="JJ">increasing</wf>
<wf cmd="tag" pos="NN">percentage</wf>
<wf cmd="ignore" pos="IN">of</wf>
<wf cmd="tag" pos="JJ">strategic</wf>
<wf cmd="tag" pos="NNS">missiles</wf>
<wf cmd="ignore" pos="MD">will</wf>
<wf cmd="done" pos="VB" lemma="seek" wnsn="1" lexsn="2:40:00::">seek</wf>
<wf cmd="tag" pos="NN">self-protection</wf>
<wf cmd="ignore" pos="IN">in</wf>
<wf cmd="tag" pos="NN">mobility</wf>
<punc>-</punc>
<wf cmd="tag" pos="RB">at_least</wf>
<wf cmd="ignore" pos="IN">until</wf>
<wf cmd="tag" pos="NN">missile</wf>
<wf cmd="tag" pos="NNS">defenses</wf>
<wf cmd="done" pos="VBP" ot="notag">are</wf>
<wf cmd="done" pos="VB" lemma="perfect" wnsn="1" lexsn="2:30:00::">perfected</wf>
<wf cmd="ignore" pos="WDT">which</wf>
<wf cmd="done" pos="VB" lemma="have" wnsn="2" lexsn="2:42:00::">have</wf>
<wf cmd="ignore" pos="DT">an</wf>
<wf cmd="tag" pos="RB">exceedingly</wf>
<wf cmd="tag" pos="JJ">high</wf>
<wf cmd="tag" pos="NN">kill</wf>
<wf cmd="tag" pos="NN">probability</wf>
<punc>.</punc>
</s>
</p>
<p pnum="12">
<s snum="28">
<wf cmd="tag" pos="RB">In_order_to</wf>
<wf cmd="done" pos="VB" lemma="destroy" wnsn="1" lexsn="2:36:00::">destroy</wf>
<wf cmd="ignore" pos="DT">the</wf>
<wf cmd="tag" pos="NN">enemy</wf>
<wf cmd="ignore" pos="POS">'s</wf>
<wf cmd="tag" pos="JJ">mobile</wf>
<punc>,</punc>
<wf cmd="tag" pos="JJ">moving</wf>
<punc>,</punc>
<wf cmd="ignore" pos="CC">or</wf>
<wf cmd="tag" pos="RB">imprecisely</wf>
<wf cmd="tag" pos="JJ">located</wf>
<wf cmd="tag" pos="JJ">strategic</wf>
<wf cmd="tag" pos="NNS">forces</wf>
<punc>,</punc>
<wf cmd="ignore" pos="PRP">we</wf>
<wf cmd="ignore" pos="MD">must</wf>
<wf cmd="done" pos="VB" lemma="have" wnsn="2" lexsn="2:42:00::">have</wf>
<wf cmd="ignore" pos="DT">a</wf>
<wf cmd="tag" pos="NN">hunter-killer</wf>
<wf cmd="tag" pos="NN">capability</wf>
<wf cmd="tag" pos="RB">in_addition</wf>
<wf cmd="ignore" pos="TO">to</wf>
<wf cmd="ignore" pos="PRP$">our</wf>
<wf cmd="tag" pos="NNS">missiles</wf>
<punc>.</punc>
</s>
<s snum="29">
<wf cmd="ignore" pos="IN">Until</wf>
<wf cmd="ignore" pos="DT">this</wf>
<wf cmd="tag" pos="NN">hunter-killer</wf>
<wf cmd="tag" pos="NN">operation</wf>
<wf cmd="ignore" pos="MD">can</wf>
<wf cmd="done" pos="VB" ot="notag">be_performed</wf>
<wf cmd="ignore" pos="IN">by</wf>
<wf cmd="tag" pos="NN">spacecraft</wf>
<punc>,</punc>
<wf cmd="tag" pos="JJ">manned</wf>
<wf cmd="tag" pos="NN">aircraft</wf>
<wf cmd="done" pos="VB" lemma="appear" wnsn="1" lexsn="2:39:00::">appear</wf>
<wf cmd="ignore" pos="TO">to</wf>
<wf cmd="done" pos="VB" lemma="be" wnsn="7" lexsn="2:42:02::">be</wf>
<wf cmd="ignore" pos="DT">the</wf>
<wf cmd="tag" pos="RB">only</wf>
<wf cmd="tag" pos="NN">means</wf>
<wf cmd="tag" pos="JJ">available</wf>
<wf cmd="ignore" pos="TO">to</wf>
<wf cmd="ignore" pos="PRP">us</wf>
<punc>.</punc>
</s>
</p>
<p pnum="13">
<s snum="30">
<wf cmd="ignore" pos="PRP">It</wf>
<wf cmd="done" pos="VB" lemma="seem" wnsn="2" lexsn="2:39:01::">seems</wf>
<wf cmd="tag" pos="JJ">reasonable</wf>
<wf cmd="ignore" pos="IN">that</wf>
<wf cmd="ignore" pos="IN">if</wf>
<wf cmd="tag" pos="JJ">general</wf>
<wf cmd="tag" pos="JJ">nuclear</wf>
<wf cmd="tag" pos="NN">war</wf>
<wf cmd="done" pos="VBZ" ot="notag">is</wf>
<wf cmd="tag" pos="RB">not</wf>
<wf cmd="ignore" pos="TO">to</wf>
<wf cmd="done" pos="VB" lemma="be" wnsn="1" lexsn="2:42:03::">be</wf>
<wf cmd="tag" pos="CD">one</wf>
<wf cmd="tag" pos="JJ">cataclysmic</wf>
<wf cmd="tag" pos="NN">act</wf>
<wf cmd="ignore" pos="IN">of</wf>
<wf cmd="done" pos="VB" lemma="burn" wnsn="1" lexsn="2:30:02::">burning</wf>
<wf cmd="ignore" pos="DT">each</wf>
<wf cmd="tag" pos="JJ">other</wf>
<wf cmd="ignore" pos="POS">'s</wf>
<wf cmd="tag" pos="NNS">citizens</wf>
<wf cmd="ignore" pos="TO">to</wf>
<wf cmd="tag" pos="NNS">cinders</wf>
<punc>,</punc>
<wf cmd="ignore" pos="PRP">we</wf>
<wf cmd="ignore" pos="MD">must</wf>
<wf cmd="done" pos="VB" lemma="have" wnsn="1" lexsn="2:40:00::">have</wf>
<wf cmd="ignore" pos="DT">a</wf>
<wf cmd="tag" pos="JJ">manned</wf>
<wf cmd="tag" pos="JJ">strategic</wf>
<wf cmd="tag" pos="NN">force</wf>
<wf cmd="ignore" pos="IN">of</wf>
<wf cmd="tag" pos="JJ">long-endurance</wf>
<wf cmd="tag" pos="NN">aircraft</wf>
<wf cmd="tag" pos="JJ">capable_of</wf>
<wf cmd="done" pos="VB" lemma="go_into" wnsn="1" lexsn="2:38:00::">going_into</wf>
<wf cmd="tag" pos="NNP">China</wf>
<wf cmd="ignore" pos="CC">or</wf>
<wf cmd="tag" pos="NNP">Russia</wf>
<wf cmd="ignore" pos="TO">to</wf>
<wf cmd="done" pos="VB" lemma="find" wnsn="3" lexsn="2:40:00::">find</wf>
<wf cmd="ignore" pos="CC">and</wf>
<wf cmd="done" pos="VB" lemma="destroy" wnsn="1" lexsn="2:36:00::">destroy</wf>
<wf cmd="ignore" pos="PRP$">their</wf>
<wf cmd="tag" pos="JJ">strategic</wf>
<wf cmd="tag" pos="NNS">forces</wf>
<wf cmd="ignore" pos="WDT">which</wf>
<wf cmd="done" pos="VB" lemma="continue" wnsn="1" lexsn="2:42:01::">continued</wf>
<wf cmd="ignore" pos="TO">to</wf>
<wf cmd="done" pos="VB" lemma="threaten" wnsn="1" lexsn="2:42:00::">threaten</wf>
<wf cmd="ignore" pos="PRP">us</wf>
<punc>.</punc>
</s>
</p>
<p pnum="14">
<s snum="31">
<wf cmd="done" pos="VB" ot="notag">Let</wf>
<wf cmd="ignore" pos="PRP">us</wf>
<wf cmd="done" pos="VB" lemma="suppose" wnsn="1" lexsn="2:32:00::">suppose</wf>
<wf cmd="ignore" pos="DT">the</wf>
<wf cmd="tag" pos="NNPS">Russians</wf>
<wf cmd="done" pos="VB" lemma="decide" wnsn="1" lexsn="2:31:00::">decide</wf>
<wf cmd="ignore" pos="TO">to</wf>
<wf cmd="done" pos="VB" lemma="build" wnsn="1" lexsn="2:36:00::">build</wf>
<wf cmd="ignore" pos="DT">a</wf>
<wf cmd="tag" pos="JJ">rail-mobile</wf>
<wf cmd="tag" pos="NNP">ICBM</wf>
<wf cmd="tag" pos="NN">force</wf>
<punc>.</punc>
</s>
<s snum="32">
<wf cmd="ignore" pos="PRP">It</wf>
<wf cmd="done" pos="VB" lemma="be" wnsn="1" lexsn="2:42:03::">is</wf>
<wf cmd="tag" pos="RB">entirely</wf>
<wf cmd="tag" pos="JJ">feasible</wf>
<wf cmd="ignore" pos="TO">to</wf>
<wf cmd="done" pos="VB" lemma="employ" wnsn="1" lexsn="2:34:00::">employ</wf>
<wf cmd="tag" pos="NN">aircraft</wf>
<wf cmd="tag" pos="JJ">such_as</wf>
<wf cmd="ignore" pos="DT">the</wf>
<wf cmd="tag" pos="NNP">B-52</wf>
<wf cmd="ignore" pos="CC">or</wf>
<wf cmd="tag" pos="NNP">B-70</wf>
<wf cmd="ignore" pos="IN">in</wf>
<wf cmd="tag" pos="NN">hunter-killer</wf>
<wf cmd="tag" pos="NNS">operations</wf>
<wf cmd="ignore" pos="IN">against</wf>
<wf cmd="tag" pos="JJ">Soviet</wf>
<wf cmd="tag" pos="JJ">railway-based</wf>
<wf cmd="tag" pos="NNS">missiles</wf>
<punc>.</punc>
</s>
<s snum="33">
<wf cmd="ignore" pos="IN">If</wf>
<wf cmd="ignore" pos="PRP">we</wf>
<wf cmd="done" pos="VB" lemma="stop" wnsn="2" lexsn="2:42:00::">stop</wf>
<wf cmd="done" pos="VB" lemma="think" wnsn="3" lexsn="2:31:00::">thinking</wf>
<wf cmd="tag" pos="JJ">in_terms_of</wf>
<wf cmd="tag" pos="JJ">tremendous</wf>
<wf cmd="tag" pos="JJ">multimegaton</wf>
<wf cmd="tag" pos="NN">nuclear_weapons</wf>
<wf cmd="ignore" pos="CC">and</wf>
<wf cmd="done" pos="VB" lemma="consider" wnsn="2" lexsn="2:39:00::">consider</wf>
<wf cmd="done" pos="VB" lemma="employ" wnsn="1" lexsn="2:34:00::">employing</wf>
<wf cmd="tag" pos="RB">much</wf>
<wf cmd="tag" pos="JJR">smaller</wf>
<wf cmd="tag" pos="NN">nuclear_weapons</wf>
<wf cmd="ignore" pos="WDT">which</wf>
<wf cmd="ignore" pos="MD">may</wf>
<wf cmd="done" pos="VB" lemma="be" wnsn="1" lexsn="2:42:03::">be</wf>
<wf cmd="tag" pos="RBR">more</wf>
<wf cmd="tag" pos="JJ">appropriate</wf>
<wf cmd="ignore" pos="IN">for</wf>
<wf cmd="tag" pos="RBS">most</wf>
<wf cmd="tag" pos="JJ">important</wf>
<wf cmd="tag" pos="JJ">military</wf>
<wf cmd="tag" pos="NNS">targets</wf>
<punc>,</punc>
<wf cmd="ignore" pos="PRP">it</wf>
<wf cmd="ignore" pos="MD">would</wf>
<wf cmd="done" pos="VB" lemma="seem" wnsn="2" lexsn="2:39:01::">seem</wf>
<wf cmd="ignore" pos="IN">that</wf>
<wf cmd="ignore" pos="DT">the</wf>
<wf cmd="tag" pos="NNP">B-52</wf>
<wf cmd="ignore" pos="CC">or</wf>
<wf cmd="tag" pos="NNP">B-70</wf>
<wf cmd="ignore" pos="MD">could</wf>
<wf cmd="done" pos="VB" lemma="carry" wnsn="7" lexsn="2:42:03::">carry</wf>
<wf cmd="ignore" pos="DT">a</wf>
<wf cmd="tag" pos="JJ">great</wf>
<wf cmd="tag" pos="JJ">many</wf>
<wf cmd="tag" pos="JJ">small</wf>
<wf cmd="tag" pos="NN">nuclear_weapons</wf>
<punc>.</punc>
</s>
</p>
<p pnum="15">
<s snum="34">
<wf cmd="ignore" pos="DT">An</wf>
<wf cmd="tag" pos="NN">aircraft</wf>
<wf cmd="ignore" pos="IN">with</wf>
<wf cmd="ignore" pos="DT">a</wf>
<wf cmd="tag" pos="NN">load</wf>
<wf cmd="ignore" pos="IN">of</wf>
<wf cmd="tag" pos="JJ">small</wf>
<wf cmd="tag" pos="NN">nuclear_weapons</wf>
<wf cmd="ignore" pos="MD">could</wf>
<wf cmd="tag" pos="RB">very</wf>
<wf cmd="tag" pos="RB">conceivably</wf>
<wf cmd="done" pos="VB" ot="notag">be</wf>
<wf cmd="done" pos="VB" lemma="give" wnsn="3" lexsn="2:40:00::">given</wf>
<wf cmd="ignore" pos="DT">a</wf>
<wf cmd="tag" pos="NN">mission</wf>
<wf cmd="ignore" pos="TO">to</wf>
<wf cmd="done" pos="VB" lemma="suppress" wnsn="1" lexsn="2:30:00::">suppress</wf>
<wf cmd="ignore" pos="DT">all</wf>
<wf cmd="tag" pos="NNS">trains</wf>
<wf cmd="done" pos="VB" lemma="operate" wnsn="2" lexsn="2:35:03::">operating</wf>
<wf cmd="ignore" pos="IN">within</wf>
<wf cmd="ignore" pos="DT">a</wf>
<wf cmd="tag" pos="JJ">specified</wf>
<wf cmd="tag" pos="NN">geographic_area</wf>
<wf cmd="ignore" pos="IN">of</wf>
<wf cmd="tag" pos="NNP">Russia</wf>
<punc>-</punc>
<wf cmd="done" pos="VB" lemma="provide" wnsn="1" lexsn="2:40:00::">provided</wf>
<wf cmd="ignore" pos="IN">that</wf>
<wf cmd="ignore" pos="PRP">we</wf>
<wf cmd="done" pos="VBD" ot="notag">had</wf>
<wf cmd="done" pos="VB" lemma="use" wnsn="1" lexsn="2:34:01::">used</wf>
<wf cmd="ignore" pos="DT">some</wf>
<wf cmd="ignore" pos="IN">of</wf>
<wf cmd="ignore" pos="PRP$">our</wf>
<wf cmd="tag" pos="NNPS">ICBMs</wf>
<wf cmd="ignore" pos="TO">to</wf>
<wf cmd="done" pos="VB" lemma="degrade" wnsn="1" lexsn="2:35:00::">degrade</wf>
<wf cmd="tag" pos="NNP">Russia</wf>
<wf cmd="ignore" pos="POS">'s</wf>
<wf cmd="tag" pos="NN">air_defenses</wf>
<wf cmd="ignore" pos="IN">before</wf>
<wf cmd="ignore" pos="PRP$">our</wf>
<wf cmd="tag" pos="NNS">bombers</wf>
<wf cmd="done" pos="VB" lemma="get" wnsn="5" lexsn="2:38:00::">got</wf>
<wf cmd="ignore" pos="EX">there</wf>
<punc>.</punc>
</s>
<s snum="35">
<wf cmd="ignore" pos="DT">The</wf>
<wf cmd="tag" pos="NN">aircraft</wf>
<wf cmd="ignore" pos="MD">could</wf>
<wf cmd="done" pos="VB" ot="notag">be</wf>
<wf cmd="done" pos="VB" lemma="use" wnsn="1" lexsn="2:34:01::">used</wf>
<wf cmd="ignore" pos="TO">to</wf>
<wf cmd="done" pos="VB" lemma="destroy" wnsn="1" lexsn="2:36:00::">destroy</wf>
<wf cmd="tag" pos="JJ">other</wf>
<wf cmd="tag" pos="JJ">mobile</wf>
<punc>,</punc>
<wf cmd="tag" pos="JJ">fleeting</wf>
<punc>,</punc>
<wf cmd="ignore" pos="CC">and</wf>
<wf cmd="tag" pos="RB">imprecisely</wf>
<wf cmd="tag" pos="JJ">located</wf>
<wf cmd="tag" pos="NNS">targets</wf>
<wf cmd="tag" pos="RB">as_well</wf>
<wf cmd="ignore" pos="IN">as</wf>
<wf cmd="ignore" pos="DT">the</wf>
<wf cmd="tag" pos="JJ">known</wf>
<punc>,</punc>
<wf cmd="tag" pos="JJ">fixed</wf>
<wf cmd="ignore" pos="CC">and</wf>
<wf cmd="tag" pos="JJ">hardened</wf>
<wf cmd="tag" pos="NNS">targets</wf>
<wf cmd="ignore" pos="WDT">which</wf>
<wf cmd="ignore" pos="MD">can</wf>
<wf cmd="tag" pos="RB">also</wf>
<wf cmd="done" pos="VB" ot="notag">be</wf>
<wf cmd="done" pos="VB" lemma="destroy" wnsn="2" lexsn="2:35:00::">destroyed</wf>
<wf cmd="ignore" pos="IN">by</wf>
<wf cmd="tag" pos="NN">missile</wf>
<punc>.</punc>
</s>
</p>
<p pnum="16">
<s snum="36">
<wf cmd="ignore" pos="WRB">Why</wf>
<punc>,</punc>
<wf cmd="tag" pos="RB">then</wf>
<punc>,</punc>
<wf cmd="done" pos="VBP" ot="notag">are</wf>
<wf cmd="tag" pos="RB">n't</wf>
<wf cmd="ignore" pos="PRP">we</wf>
<wf cmd="done" pos="VB" lemma="plan" wnsn="2" lexsn="2:31:00::">planning</wf>
<wf cmd="ignore" pos="DT">a</wf>
<wf cmd="tag" pos="JJR">larger</wf>
<punc>,</punc>
<wf cmd="tag" pos="RBR">more</wf>
<wf cmd="tag" pos="JJ">important</wf>
<wf cmd="tag" pos="NN">role</wf>
<wf cmd="ignore" pos="IN">for</wf>
<wf cmd="tag" pos="JJ">manned</wf>
<wf cmd="tag" pos="JJ">military</wf>
<wf cmd="tag" pos="NN">aircraft</wf>
<punc>?</punc>
</s>
<s snum="37">
<wf cmd="done" pos="VB" ot="notag">Is</wf>
<wf cmd="done" pos="VB" ot="notag">there</wf>
<wf cmd="ignore" pos="DT">any</wf>
<wf cmd="tag" pos="JJ">other</wf>
<wf cmd="tag" pos="NN">way</wf>
<wf cmd="ignore" pos="TO">to</wf>
<wf cmd="done" pos="VB" lemma="do" wnsn="1" lexsn="2:41:01::">do</wf>
<wf cmd="done" pos="VB" ot="notag">the</wf>
<wf cmd="tag" pos="NN">job</wf>
<punc>?</punc>
</s>
</p>
<p pnum="17">
<s snum="38">
<wf cmd="tag" pos="NN">Survivability</wf>
<wf cmd="ignore" pos="IN">of</wf>
<wf cmd="ignore" pos="PRP$">our</wf>
<wf cmd="tag" pos="JJ">strategic</wf>
<wf cmd="tag" pos="NNS">forces</wf>
<punc>(</punc>
<wf cmd="tag" pos="NNP">Polaris</wf>
<punc>,</punc>
<wf cmd="tag" pos="JJ">mobile</wf>
<wf cmd="ignore" pos="CC">and</wf>
<wf cmd="tag" pos="JJ">hardened</wf>
<wf cmd="tag" pos="NNP">Minuteman</wf>
<punc>,</punc>
<wf cmd="tag" pos="JJ">hardened</wf>
<wf cmd="tag" pos="NNP">Atlas</wf>
<wf cmd="ignore" pos="CC">and</wf>
<wf cmd="tag" pos="NNP">Titan</wf>
<punc>,</punc>
<wf cmd="ignore" pos="CC">and</wf>
<wf cmd="tag" pos="JJ">airborne</wf>
<wf cmd="tag" pos="NN">Skybolt</wf>
<punc>)</punc>
<wf cmd="done" pos="VB" lemma="mean" wnsn="2" lexsn="2:42:00::">means</wf>
<wf cmd="ignore" pos="IN">that</wf>
<wf cmd="ignore" pos="PRP">it</wf>
<wf cmd="ignore" pos="MD">will</wf>
<wf cmd="done" pos="VB" lemma="take" wnsn="2" lexsn="2:40:06::">take</wf>
<wf cmd="ignore" pos="DT">some</wf>
<wf cmd="tag" pos="NN">time</wf>
<punc>,</punc>
<wf cmd="tag" pos="RB">perhaps</wf>
<wf cmd="tag" pos="NNS">weeks</wf>
<punc>,</punc>
<wf cmd="ignore" pos="TO">to</wf>
<wf cmd="done" pos="VB" lemma="destroy" wnsn="2" lexsn="2:35:00::">destroy</wf>
<wf cmd="ignore" pos="DT">a</wf>
<wf cmd="tag" pos="JJ">strategic</wf>
<wf cmd="tag" pos="NN">force</wf>
<punc>.</punc>
</s>
<s snum="39">
<wf cmd="tag" pos="NNP">War</wf>
<punc>,</punc>
<wf cmd="ignore" pos="IN">under</wf>
<wf cmd="ignore" pos="DT">these</wf>
<wf cmd="tag" pos="NNS">circumstances</wf>
<punc>,</punc>
<wf cmd="ignore" pos="MD">cannot</wf>
<wf cmd="done" pos="VB" lemma="be" wnsn="2" lexsn="2:42:06::">be</wf>
<wf cmd="tag" pos="CD">one</wf>
<wf cmd="tag" pos="JJ">massive</wf>
<wf cmd="tag" pos="NN">exchange</wf>
<wf cmd="ignore" pos="IN">of</wf>
<wf cmd="tag" pos="JJ">nuclear</wf>
<wf cmd="tag" pos="NN">devastation</wf>
<punc>.</punc>
</s>
<s snum="40">
<wf cmd="tag" pos="NNPS">Forces</wf>
<wf cmd="ignore" pos="MD">will</wf>
<wf cmd="done" pos="VB" lemma="survive" wnsn="2" lexsn="2:42:02::">survive</wf>
<wf cmd="ignore" pos="DT">a</wf>
<wf cmd="tag" pos="NN">surprise_attack</wf>
<punc>,</punc>
<wf cmd="ignore" pos="CC">and</wf>
<wf cmd="ignore" pos="DT">these</wf>
<wf cmd="tag" pos="NNS">forces</wf>
<wf cmd="ignore" pos="MD">will</wf>
<wf cmd="done" pos="VB" lemma="give" wnsn="1" lexsn="2:40:03::">give</wf>
<wf cmd="tag" pos="NN">depth</wf>
<punc>,</punc>
<wf cmd="ignore" pos="CC">or</wf>
<wf cmd="tag" pos="JJ">considerable</wf>
<wf cmd="tag" pos="NN">duration</wf>
<punc>,</punc>
<wf cmd="ignore" pos="TO">to</wf>
<wf cmd="ignore" pos="DT">the</wf>
<wf cmd="tag" pos="NN">conflict</wf>
<punc>.</punc>
</s>
</p>
<p pnum="18">
<s snum="41">
<wf cmd="ignore" pos="DT">The</wf>
<wf cmd="tag" pos="NNS">forces</wf>
<wf cmd="ignore" pos="WDT">which</wf>
<wf cmd="done" pos="VB" lemma="survive" wnsn="2" lexsn="2:42:02::">survive</wf>
<wf cmd="ignore" pos="DT">the</wf>
<wf cmd="tag" pos="JJ">initial</wf>
<wf cmd="tag" pos="NN">attack</wf>
<wf cmd="ignore" pos="MD">must</wf>
<wf cmd="done" pos="VB" ot="notag">be_found</wf>
<wf cmd="ignore" pos="CC">and</wf>
<wf cmd="done" pos="VB" lemma="destroy" wnsn="1" lexsn="2:36:00::">destroyed</wf>
<punc>.</punc>
</s>
<s snum="42">
<wf cmd="tag" pos="RB">Even</wf>
<wf cmd="tag" pos="JJ">mobile</wf>
<wf cmd="tag" pos="NNS">forces</wf>
<wf cmd="ignore" pos="MD">must</wf>
<wf cmd="done" pos="VB" ot="notag">be_found</wf>
<wf cmd="ignore" pos="CC">and</wf>
<wf cmd="done" pos="VB" lemma="destroy" wnsn="1" lexsn="2:36:00::">destroyed</wf>
<punc>.</punc>
</s>
<s snum="43">
<wf cmd="ignore" pos="CC">But</wf>
<punc>,</punc>
<wf cmd="ignore" pos="WRB">how</wf>
<wf cmd="done" pos="VBZ" ot="notag">does</wf>
<wf cmd="tag" pos="CD">one</wf>
<wf cmd="done" pos="VB" lemma="go_about" wnsn="1" lexsn="2:41:00::">go_about</wf>
<wf cmd="ignore" pos="DT">the</wf>
<wf cmd="tag" pos="NN">job</wf>
<wf cmd="ignore" pos="IN">of</wf>
<wf cmd="done" pos="VB" lemma="find" wnsn="3" lexsn="2:40:00::">finding</wf>
<wf cmd="ignore" pos="CC">and</wf>
<wf cmd="done" pos="VB" lemma="destroy" wnsn="1" lexsn="2:36:00::">destroying</wf>
<wf cmd="tag" pos="JJ">mobile</wf>
<wf cmd="tag" pos="NNS">forces</wf>
<punc>?</punc>
</s>
<s snum="44">
<wf cmd="ignore" pos="PRP">They</wf>
<wf cmd="done" pos="VB" lemma="be" wnsn="1" lexsn="2:42:03::">are</wf>
<wf cmd="tag" pos="RB">not</wf>
<wf cmd="tag" pos="JJ">susceptible_to</wf>
<wf cmd="tag" pos="JJ">wholesale</wf>
<wf cmd="tag" pos="NN">destruction</wf>
<wf cmd="ignore" pos="IN">by</wf>
<wf cmd="tag" pos="NN">ballistic_missile</wf>
<punc>.</punc>
</s>
</p>
<p pnum="19">
<s snum="45">
<wf cmd="tag" pos="RB">Some_day</wf>
<punc>,</punc>
<wf cmd="tag" pos="JJ">many</wf>
<wf cmd="tag" pos="NNS">years</wf>
<wf cmd="tag" pos="RB">in_the_future</wf>
<punc>,</punc>
<wf cmd="tag" pos="JJ">true</wf>
<wf cmd="tag" pos="NN">spacecraft</wf>
<wf cmd="ignore" pos="MD">will</wf>
<wf cmd="done" pos="VB" lemma="be" wnsn="1" lexsn="2:42:03::">be</wf>
<wf cmd="tag" pos="JJ">able_to</wf>
<wf cmd="done" pos="VB" lemma="find" wnsn="3" lexsn="2:40:00::">find</wf>
<wf cmd="ignore" pos="CC">and</wf>
<wf cmd="done" pos="VB" lemma="destroy" wnsn="1" lexsn="2:36:00::">destroy</wf>
<wf cmd="tag" pos="JJ">mobile</wf>
<wf cmd="tag" pos="NNS">targets</wf>
<punc>.</punc>
</s>
<s snum="46">
<wf cmd="ignore" pos="CC">But</wf>
<wf cmd="ignore" pos="IN">until</wf>
<wf cmd="ignore" pos="PRP">we</wf>
<wf cmd="done" pos="VB" lemma="have" wnsn="1" lexsn="2:40:00::">have</wf>
<wf cmd="ignore" pos="DT">an</wf>
<wf cmd="tag" pos="JJ">effective</wf>
<wf cmd="tag" pos="NN">spacecraft</wf>
<punc>,</punc>
<wf cmd="ignore" pos="DT">the</wf>
<wf cmd="tag" pos="NN">answer</wf>
<wf cmd="ignore" pos="TO">to</wf>
<wf cmd="ignore" pos="DT">the</wf>
<wf cmd="tag" pos="NN">hunter-killer</wf>
<wf cmd="tag" pos="NN">problem</wf>
<wf cmd="done" pos="VB" lemma="be" wnsn="2" lexsn="2:42:06::">is</wf>
<wf cmd="tag" pos="JJ">manned</wf>
<wf cmd="tag" pos="NN">aircraft</wf>
<punc>.</punc>
</s>
</p>
<p pnum="20">
<s snum="47">
<wf cmd="tag" pos="RB">However</wf>
<punc>,</punc>
<wf cmd="ignore" pos="DT">the</wf>
<wf cmd="tag" pos="NN">aircraft</wf>
<wf cmd="ignore" pos="WDT">which</wf>
<wf cmd="ignore" pos="PRP">we</wf>
<wf cmd="done" pos="VB" lemma="have" wnsn="1" lexsn="2:40:00::">have</wf>
<wf cmd="tag" pos="NN">today</wf>
<wf cmd="done" pos="VBP" ot="notag">are</wf>
<wf cmd="done" pos="VB" lemma="tie" wnsn="3" lexsn="2:30:01::">tied</wf>
<wf cmd="ignore" pos="TO">to</wf>
<wf cmd="tag" pos="JJ">large</wf>
<punc>,</punc>
<punc>``</punc>
<wf cmd="tag" pos="JJ">soft</wf>
<punc>''</punc>
<wf cmd="tag" pos="NNS">airfields</wf>
<punc>.</punc>
</s>
<s snum="48">
<wf cmd="tag" pos="NNP">Nuclear</wf>
<wf cmd="tag" pos="NNS">rockets</wf>
<wf cmd="ignore" pos="MD">can</wf>
<wf cmd="done" pos="VB" lemma="destroy" wnsn="1" lexsn="2:36:00::">destroy</wf>
<wf cmd="tag" pos="NNS">airfields</wf>
<wf cmd="ignore" pos="IN">with</wf>
<wf cmd="tag" pos="NN">ease</wf>
<punc>.</punc>
</s>
<s snum="49">
<wf cmd="tag" pos="RB">Here</wf>
<wf cmd="tag" pos="RB">then</wf>
<wf cmd="done" pos="VB" lemma="be" wnsn="5" lexsn="2:42:04::">is</wf>
<wf cmd="ignore" pos="PRP$">our</wf>
<wf cmd="tag" pos="NN">problem</wf>
<punc>:</punc>
<wf cmd="tag" pos="NN">aircraft</wf>
<wf cmd="done" pos="VB" lemma="be" wnsn="1" lexsn="2:42:03::">are</wf>
<wf cmd="tag" pos="JJ">vital</wf>
<wf cmd="ignore" pos="TO">to</wf>
<wf cmd="done" pos="VB" lemma="win" wnsn="1" lexsn="2:33:00::">winning</wf>
<wf cmd="ignore" pos="DT">a</wf>
<wf cmd="tag" pos="NN">war</wf>
<wf cmd="tag" pos="NN">today</wf>
<wf cmd="ignore" pos="IN">because</wf>
<wf cmd="ignore" pos="PRP">they</wf>
<wf cmd="ignore" pos="MD">can</wf>
<wf cmd="done" pos="VB" lemma="perform" wnsn="2" lexsn="2:41:02::">perform</wf>
<wf cmd="ignore" pos="DT">those</wf>
<wf cmd="tag" pos="NNS">missions</wf>
<wf cmd="ignore" pos="WDT">which</wf>
<wf cmd="ignore" pos="DT">a</wf>
<wf cmd="tag" pos="NN">missile</wf>
<wf cmd="done" pos="VB" lemma="be" wnsn="1" lexsn="2:42:03::">is</wf>
<wf cmd="tag" pos="RB">totally</wf>
<wf cmd="tag" pos="JJ">incapable_of</wf>
<wf cmd="done" pos="VB" lemma="perform" wnsn="1" lexsn="2:36:00::">performing</wf>
<punc>;</punc>
<wf cmd="ignore" pos="CC">but</wf>
<wf cmd="ignore" pos="DT">the</wf>
<wf cmd="tag" pos="NN">airfield</wf>
<punc>,</punc>
<wf cmd="tag" pos="RB">on_which</wf>
<wf cmd="ignore" pos="DT">the</wf>
<wf cmd="tag" pos="NN">aircraft</wf>
<wf cmd="done" pos="VB" lemma="be" wnsn="1" lexsn="2:42:03::">is</wf>
<wf cmd="tag" pos="RB">completely</wf>
<wf cmd="tag" pos="JJ">dependent</wf>
<punc>,</punc>
<wf cmd="done" pos="VBZ" ot="notag">is</wf>
<wf cmd="done" pos="VB" lemma="doom" wnsn="1" lexsn="2:32:01::">doomed</wf>
<wf cmd="ignore" pos="IN">by</wf>
<wf cmd="ignore" pos="DT">the</wf>
<wf cmd="tag" pos="NN">missile</wf>
<punc>.</punc>
</s>
<s snum="50">
<wf cmd="ignore" pos="DT">This</wf>
<wf cmd="done" pos="VB" lemma="make" wnsn="2" lexsn="2:30:00::">makes</wf>
<wf cmd="tag" pos="NN">today</wf>
<wf cmd="ignore" pos="POS">'s</wf>
<wf cmd="tag" pos="NN">aircraft</wf>
<wf cmd="ignore" pos="DT">a</wf>
<wf cmd="tag" pos="JJ">one-shot</wf>
<punc>,</punc>
<wf cmd="ignore" pos="CC">or</wf>
<wf cmd="tag" pos="CD">one</wf>
<wf cmd="tag" pos="NN">mission</wf>
<punc>,</punc>
<wf cmd="tag" pos="NN">weapon</wf>
<punc>.</punc>
</s>
<s snum="51">
<wf cmd="tag" pos="NNS">Aircraft</wf>
<wf cmd="done" pos="VB" lemma="be" wnsn="1" lexsn="2:42:03::">are</wf>
<wf cmd="tag" pos="JJ">mighty</wf>
<wf cmd="tag" pos="JJ">expensive</wf>
<wf cmd="ignore" pos="IN">if</wf>
<wf cmd="ignore" pos="PRP">you</wf>
<wf cmd="ignore" pos="MD">can</wf>
<wf cmd="done" pos="VB" lemma="use" wnsn="1" lexsn="2:34:01::">use</wf>
<wf cmd="ignore" pos="PRP">them</wf>
<wf cmd="tag" pos="RB">only</wf>
<wf cmd="tag" pos="RB">once</wf>
<punc>.</punc>
</s>
</p>
<p pnum="21">
<s snum="52">
<wf cmd="ignore" pos="DT">This</wf>
<wf cmd="done" pos="VB" lemma="be" wnsn="2" lexsn="2:42:06::">is</wf>
<wf cmd="ignore" pos="DT">the</wf>
<wf cmd="tag" pos="NN">point</wf>
<wf cmd="tag" pos="RB">on_which</wf>
<wf cmd="tag" pos="RB">so</wf>
<wf cmd="tag" pos="JJ">many</wf>
<wf cmd="tag" pos="NNS">people</wf>
<wf cmd="done" pos="VBP" ot="notag">have</wf>
<wf cmd="done" pos="VB" lemma="write_off" wnsn="1" lexsn="2:31:00::">written_off</wf>
<wf cmd="ignore" pos="DT">the</wf>
<wf cmd="tag" pos="NN">aircraft</wf>
<wf cmd="ignore" pos="IN">in</wf>
<wf cmd="tag" pos="NN">favor</wf>
<wf cmd="ignore" pos="IN">of</wf>
<wf cmd="ignore" pos="DT">the</wf>
<wf cmd="tag" pos="NN">missile</wf>
<punc>.</punc>
</s>
<s snum="53">
<wf cmd="ignore" pos="CC">But</wf>
<wf cmd="done" pos="VB" lemma="remember" wnsn="2" lexsn="2:31:01::">remember</wf>
<wf cmd="ignore" pos="DT">this</wf>
<punc>-</punc>
<wf cmd="ignore" pos="PRP">it</wf>
<wf cmd="done" pos="VB" lemma="be" wnsn="2" lexsn="2:42:06::">is</wf>
<wf cmd="tag" pos="RB">n't</wf>
<wf cmd="ignore" pos="DT">the</wf>
<wf cmd="tag" pos="NN">aircraft</wf>
<wf cmd="ignore" pos="WDT">which</wf>
<wf cmd="done" pos="VB" lemma="be" wnsn="1" lexsn="2:42:03::">is</wf>
<wf cmd="tag" pos="JJ">vulnerable</wf>
<wf cmd="ignore" pos="TO">to</wf>
<wf cmd="tag" pos="JJ">nuclear</wf>
<wf cmd="tag" pos="NNS">rockets</wf>
<punc>,</punc>
<wf cmd="ignore" pos="PRP">it</wf>
<wf cmd="done" pos="VB" lemma="be" wnsn="2" lexsn="2:42:06::">is</wf>
<wf cmd="ignore" pos="DT">the</wf>
<wf cmd="tag" pos="NN">airfield</wf>
<punc>.</punc>
</s>
<s snum="54">
<wf cmd="done" pos="VB" lemma="eliminate" wnsn="2" lexsn="2:42:01::">Eliminate</wf>
<wf cmd="ignore" pos="DT">the</wf>
<wf cmd="tag" pos="NN">vulnerability</wf>
<wf cmd="ignore" pos="IN">of</wf>
<wf cmd="tag" pos="NN">aircraft</wf>
<wf cmd="tag" pos="RB">on_the_ground</wf>
<wf cmd="ignore" pos="CC">and</wf>
<wf cmd="ignore" pos="PRP">you</wf>
<wf cmd="done" pos="VBP" ot="notag">have</wf>
<wf cmd="tag" pos="RB">essentially</wf>
<wf cmd="done" pos="VB" lemma="eliminate" wnsn="2" lexsn="2:42:01::">eliminated</wf>
<wf cmd="ignore" pos="PRP$">its</wf>
<wf cmd="tag" pos="NN">vulnerability</wf>
<wf cmd="ignore" pos="TO">to</wf>
<wf cmd="tag" pos="JJ">long-range</wf>
<wf cmd="tag" pos="NN">ballistic_missiles</wf>
<punc>.</punc>
</s>
</p>
<p pnum="22">
<s snum="55">
<wf cmd="ignore" pos="EX">There</wf>
<wf cmd="done" pos="VB" lemma="be" wnsn="4" lexsn="2:42:00::">are</wf>
<wf cmd="tag" pos="CD">four</wf>
<wf cmd="tag" pos="RB">rather</wf>
<wf cmd="tag" pos="JJ">obvious</wf>
<wf cmd="tag" pos="NNS">ways</wf>
<wf cmd="ignore" pos="TO">to</wf>
<wf cmd="done" pos="VB" lemma="reduce" wnsn="1" lexsn="2:30:00::">reduce</wf>
<wf cmd="ignore" pos="CC">or</wf>
<wf cmd="done" pos="VB" lemma="eliminate" wnsn="2" lexsn="2:42:01::">eliminate</wf>
<wf cmd="ignore" pos="DT">the</wf>
<wf cmd="tag" pos="NN">vulnerability</wf>
<wf cmd="ignore" pos="IN">of</wf>
<wf cmd="tag" pos="NN">aircraft</wf>
<wf cmd="tag" pos="RB">on_the_ground</wf>
<punc>:</punc>
</s>
</p>
<p pnum="23">
<s snum="56">
<wf cmd="done" pos="VB" lemma="put" wnsn="1" lexsn="2:35:00::">Put</wf>
<wf cmd="tag" pos="NN">aircraft</wf>
<wf cmd="ignore" pos="IN">in</wf>
<punc>``</punc>
<wf cmd="tag" pos="JJ">bomb-proof</wf>
<punc>''</punc>
<wf cmd="tag" pos="NNS">hangars</wf>
<wf cmd="ignore" pos="WRB">when</wf>
<wf cmd="ignore" pos="PRP">they</wf>
<wf cmd="done" pos="VB" lemma="be" wnsn="3" lexsn="2:42:05::">are</wf>
<wf cmd="tag" pos="RB">on_the_ground</wf>
<punc>.</punc>
</s>
</p>
<p pnum="24">
<s snum="57">
<wf cmd="done" pos="VB" lemma="build" wnsn="1" lexsn="2:36:00::">Build</wf>
<wf cmd="tag" pos="JJ">long-range</wf>
<wf cmd="tag" pos="NN">aircraft</wf>
<wf cmd="ignore" pos="WDT">which</wf>
<wf cmd="ignore" pos="MD">can</wf>
<wf cmd="done" pos="VB" lemma="take_off" wnsn="3" lexsn="2:38:02::">take_off</wf>
<wf cmd="ignore" pos="IN">from</wf>
<wf cmd="tag" pos="JJ">small</wf>
<punc>(</punc>
<wf cmd="tag" pos="CD">3000</wf>
<punc>-</punc>
<wf cmd="tag" pos="NN">foot</wf>
<punc>)</punc>
<wf cmd="tag" pos="NNS">airfields</wf>
<wf cmd="ignore" pos="IN">with</wf>
<wf cmd="tag" pos="NNS">runways</wf>
<punc>.</punc>
</s>
<s snum="58">
<wf cmd="ignore" pos="IN">If</wf>
<wf cmd="ignore" pos="PRP">we</wf>
<wf cmd="ignore" pos="MD">could</wf>
<wf cmd="done" pos="VB" lemma="use" wnsn="1" lexsn="2:34:01::">use</wf>
<wf cmd="ignore" pos="DT">all</wf>
<wf cmd="ignore" pos="DT">the</wf>
<wf cmd="tag" pos="JJ">small</wf>
<wf cmd="tag" pos="NNS">airfields</wf>
<wf cmd="ignore" pos="PRP">we</wf>
<wf cmd="done" pos="VB" lemma="have" wnsn="1" lexsn="2:40:00::">have</wf>
<wf cmd="tag" pos="RB">in_this</wf>
<wf cmd="tag" pos="NN">country</wf>
<punc>,</punc>
<wf cmd="ignore" pos="PRP">we</wf>
<wf cmd="ignore" pos="MD">could</wf>
<wf cmd="done" pos="VB" lemma="disperse" wnsn="1" lexsn="2:35:00::">disperse</wf>
<wf cmd="ignore" pos="PRP$">our</wf>
<wf cmd="tag" pos="JJ">strategic</wf>
<wf cmd="tag" pos="NN">aircraft</wf>
<wf cmd="ignore" pos="IN">by</wf>
<wf cmd="ignore" pos="DT">a</wf>
<wf cmd="tag" pos="NN">factor</wf>
<wf cmd="ignore" pos="IN">of</wf>
<wf cmd="tag" pos="CD">10</wf>
<wf cmd="ignore" pos="CC">or</wf>
<wf cmd="tag" pos="JJR">more</wf>
<punc>.</punc>
</s>
</p>
<p pnum="25">
<s snum="59">
<wf cmd="done" pos="VB" lemma="use" wnsn="1" lexsn="2:34:01::">Use</wf>
<wf cmd="tag" pos="JJ">nuclear</wf>
<wf cmd="tag" pos="NNS">propulsions</wf>
<wf cmd="ignore" pos="TO">to</wf>
<wf cmd="done" pos="VB" lemma="keep" wnsn="1" lexsn="2:42:00::">keep</wf>
<wf cmd="ignore" pos="PRP$">our</wf>
<wf cmd="tag" pos="JJ">long-range</wf>
<wf cmd="tag" pos="JJ">military</wf>
<wf cmd="tag" pos="NN">aircraft</wf>
<wf cmd="tag" pos="RB">in_the_air</wf>
<wf cmd="ignore" pos="IN">for</wf>
<wf cmd="ignore" pos="DT">the</wf>
<wf cmd="tag" pos="NN">majority</wf>
<wf cmd="ignore" pos="IN">of</wf>
<wf cmd="ignore" pos="PRP$">their</wf>
<wf cmd="tag" pos="JJ">useful</wf>
<wf cmd="tag" pos="NN">life</wf>
<punc>.</punc>
</s>
</p>
<p pnum="26">
<s snum="60">
<wf cmd="done" pos="VB" lemma="use" wnsn="1" lexsn="2:34:01::">Using</wf>
<wf cmd="tag" pos="RB">very</wf>
<wf cmd="tag" pos="JJ">high</wf>
<wf cmd="tag" pos="JJ">thrust-to-weight</wf>
<wf cmd="tag" pos="NN">ratio</wf>
<wf cmd="tag" pos="NNS">engines</wf>
<punc>,</punc>
<wf cmd="done" pos="VB" lemma="develop" wnsn="1" lexsn="2:36:01::">develop</wf>
<wf cmd="ignore" pos="DT">a</wf>
<wf cmd="tag" pos="JJ">vertical-takeoff-and-landing</wf>
<punc>(</punc>
<wf cmd="tag" pos="NNP">VTOL</wf>
<punc>)</punc>
<wf cmd="tag" pos="JJ">long-range</wf>
<wf cmd="tag" pos="JJ">military</wf>
<wf cmd="tag" pos="NN">aircraft</wf>
<punc>.</punc>
</s>
</p>
<p pnum="27">
<s snum="61">
<wf cmd="ignore" pos="PRP">We</wf>
<wf cmd="done" pos="VB" lemma="have" wnsn="1" lexsn="2:40:00::">have</wf>
<wf cmd="ignore" pos="DT">the</wf>
<wf cmd="tag" pos="NN">technology</wf>
<wf cmd="tag" pos="NN">today</wf>
<wf cmd="ignore" pos="IN">with</wf>
<wf cmd="ignore" pos="WDT">which</wf>
<wf cmd="ignore" pos="TO">to</wf>
<wf cmd="done" pos="VB" lemma="build" wnsn="1" lexsn="2:36:00::">build</wf>
<wf cmd="tag" pos="NN">aircraft</wf>
<wf cmd="tag" pos="NNS">shelters</wf>
<wf cmd="ignore" pos="WDT">which</wf>
<wf cmd="ignore" pos="MD">could</wf>
<wf cmd="done" pos="VB" lemma="withstand" wnsn="1" lexsn="2:42:00::">withstand</wf>
<wf cmd="tag" pos="RB">at_least</wf>
<wf cmd="tag" pos="CD">200</wf>
<wf cmd="tag" pos="NNS">psi</wf>
<punc>.</punc>
</s>
<s snum="62">
<wf cmd="ignore" pos="PRP">We</wf>
<wf cmd="ignore" pos="MD">could</wf>
<wf cmd="done" pos="VB" lemma="put" wnsn="1" lexsn="2:35:00::">put</wf>
<wf cmd="ignore" pos="DT">a</wf>
<wf cmd="tag" pos="NN">portion</wf>
<wf cmd="ignore" pos="IN">of</wf>
<wf cmd="ignore" pos="PRP$">our</wf>
<wf cmd="tag" pos="JJ">strategic</wf>
<wf cmd="tag" pos="NNS">bombers</wf>
<wf cmd="ignore" pos="IN">in</wf>
<wf cmd="tag" pos="JJ">such</wf>
<wf cmd="tag" pos="NNS">shelters</wf>
<punc>.</punc>
</s>
</p>
<p pnum="28">
<s snum="63">
<wf cmd="tag" pos="JJ">Large</wf>
<punc>,</punc>
<wf cmd="tag" pos="JJ">long-range</wf>
<wf cmd="tag" pos="NNS">bombers</wf>
<wf cmd="ignore" pos="MD">can</wf>
<wf cmd="done" pos="VB" ot="notag">be</wf>
<wf cmd="done" pos="VB" lemma="develop" wnsn="1" lexsn="2:36:01::">developed</wf>
<wf cmd="ignore" pos="WDT">which</wf>
<wf cmd="ignore" pos="MD">would</wf>
<wf cmd="done" pos="VB" lemma="have" wnsn="2" lexsn="2:42:00::">have</wf>
<wf cmd="ignore" pos="DT">the</wf>
<wf cmd="tag" pos="NN">capability</wf>
<wf cmd="ignore" pos="TO">to</wf>
<wf cmd="done" pos="VB" lemma="take_off" wnsn="1" lexsn="2:38:00::">take_off</wf>
<wf cmd="ignore" pos="IN">from</wf>
<wf cmd="tag" pos="CD">3000</wf>
<punc>-</punc>
<wf cmd="tag" pos="NN">foot</wf>
<wf cmd="tag" pos="NNS">runways</wf>
<punc>,</punc>
<wf cmd="ignore" pos="CC">but</wf>
<wf cmd="ignore" pos="PRP">they</wf>
<wf cmd="ignore" pos="MD">would</wf>
<wf cmd="done" pos="VB" lemma="require" wnsn="1" lexsn="2:42:00::">require</wf>
<wf cmd="tag" pos="RBR">more</wf>
<wf cmd="tag" pos="JJ">powerful</wf>
<wf cmd="tag" pos="NNS">engines</wf>
<wf cmd="ignore" pos="IN">than</wf>
<wf cmd="ignore" pos="PRP">we</wf>
<wf cmd="done" pos="VB" lemma="have" wnsn="1" lexsn="2:40:00::">have</wf>
<wf cmd="tag" pos="NN">today</wf>
<punc>.</punc>
</s>
<s snum="64">
<wf cmd="ignore" pos="EX">There</wf>
<wf cmd="done" pos="VB" lemma="be" wnsn="4" lexsn="2:42:00::">is</wf>
<wf cmd="tag" pos="JJ">little</wf>
<wf cmd="tag" pos="NN">enthusiasm</wf>
<wf cmd="ignore" pos="IN">for</wf>
<wf cmd="done" pos="VB" lemma="spend" wnsn="2" lexsn="2:40:00::">spending</wf>
<wf cmd="tag" pos="NN">money</wf>
<wf cmd="ignore" pos="TO">to</wf>
<wf cmd="done" pos="VB" lemma="develop" wnsn="1" lexsn="2:36:01::">develop</wf>
<wf cmd="tag" pos="RBR">more</wf>
<wf cmd="tag" pos="JJ">powerful</wf>
<wf cmd="tag" pos="NNS">engines</wf>
<wf cmd="ignore" pos="IN">because</wf>
<wf cmd="ignore" pos="IN">of</wf>
<wf cmd="ignore" pos="DT">the</wf>
<wf cmd="tag" pos="NN">erroneous_belief</wf>
<wf cmd="ignore" pos="IN">that</wf>
<wf cmd="ignore" pos="DT">the</wf>
<wf cmd="tag" pos="NN">aircraft</wf>
<wf cmd="done" pos="VBZ" ot="notag">has</wf>
<wf cmd="done" pos="VBN" ot="notag">been</wf>
<wf cmd="done" pos="VB" lemma="make" wnsn="3" lexsn="2:36:00::">made</wf>
<wf cmd="tag" pos="JJ">obsolete</wf>
<wf cmd="ignore" pos="IN">by</wf>
<wf cmd="ignore" pos="DT">the</wf>
<wf cmd="tag" pos="NN">missile</wf>
<punc>.</punc>
</s>
</p>
<p pnum="29">
<s snum="65">
<wf cmd="ignore" pos="DT">This</wf>
<wf cmd="tag" pos="JJ">same</wf>
<wf cmd="tag" pos="NN">preoccupation</wf>
<wf cmd="ignore" pos="IN">with</wf>
<wf cmd="tag" pos="NNS">missiles</wf>
<wf cmd="ignore" pos="IN">at</wf>
<wf cmd="ignore" pos="DT">the</wf>
<wf cmd="tag" pos="NN">expense</wf>
<wf cmd="ignore" pos="IN">of</wf>
<wf cmd="tag" pos="NN">aircraft</wf>
<wf cmd="done" pos="VBZ" ot="notag">has</wf>
<wf cmd="done" pos="VB" lemma="result" wnsn="2" lexsn="2:42:02::">resulted</wf>
<wf cmd="done" pos="VB" ot="notag">in</wf>
<wf cmd="ignore" pos="PRP$">our</wf>
<wf cmd="tag" pos="JJ">half-hearted</wf>
<wf cmd="tag" pos="NN">effort</wf>
<wf cmd="ignore" pos="TO">to</wf>
<wf cmd="done" pos="VB" lemma="develop" wnsn="1" lexsn="2:36:01::">develop</wf>
<wf cmd="tag" pos="JJ">nuclear</wf>
<wf cmd="tag" pos="NN">propulsion</wf>
<wf cmd="ignore" pos="IN">for</wf>
<wf cmd="tag" pos="NN">aircraft</wf>
<punc>.</punc>
</s>
<s snum="66">
<wf cmd="tag" pos="CD">One</wf>
<wf cmd="tag" pos="RB">seldom</wf>
<wf cmd="done" pos="VB" lemma="hear" wnsn="1" lexsn="2:39:00::">hears</wf>
<wf cmd="ignore" pos="DT">the</wf>
<wf cmd="tag" pos="NN">analogy</wf>
<punc>``</punc>
<wf cmd="tag" pos="JJ">nuclear</wf>
<wf cmd="tag" pos="NN">propulsion</wf>
<wf cmd="ignore" pos="MD">will</wf>
<wf cmd="done" pos="VB" lemma="do" wnsn="8" lexsn="2:36:00::">do</wf>
<wf cmd="ignore" pos="IN">for</wf>
<wf cmd="ignore" pos="DT">the</wf>
<wf cmd="tag" pos="NN">aircraft</wf>
<wf cmd="ignore" pos="WP">what</wf>
<wf cmd="ignore" pos="PRP">it</wf>
<wf cmd="done" pos="VBZ" ot="notag">has</wf>
<wf cmd="tag" pos="RB">already</wf>
<wf cmd="done" pos="VB" lemma="do" wnsn="8" lexsn="2:36:00::">done</wf>
<wf cmd="ignore" pos="IN">for</wf>
<wf cmd="ignore" pos="DT">the</wf>
<wf cmd="tag" pos="NN">submarine</wf>
<punc>''</punc>
<punc>.</punc>
</s>
</p>
<p pnum="30">
<s snum="67">
<wf cmd="ignore" pos="IN">If</wf>
<punc>,</punc>
<wf cmd="tag" pos="RB">for_some_reason</wf>
<wf cmd="tag" pos="JJ">such_as</wf>
<wf cmd="tag" pos="NN">economy</wf>
<punc>,</punc>
<wf cmd="ignore" pos="PRP">we</wf>
<wf cmd="done" pos="VBP" ot="notag">are</wf>
<wf cmd="tag" pos="RB">not</wf>
<wf cmd="done" pos="VB" ot="notag">going_to</wf>
<wf cmd="done" pos="VB" lemma="develop" wnsn="1" lexsn="2:36:01::">develop</wf>
<wf cmd="tag" pos="NN">aircraft</wf>
<wf cmd="tag" pos="JJ">nuclear</wf>
<wf cmd="tag" pos="NN">propulsion</wf>
<wf cmd="ignore" pos="IN">with</wf>
<wf cmd="ignore" pos="DT">a</wf>
<wf cmd="tag" pos="NN">sense</wf>
<wf cmd="ignore" pos="IN">of</wf>
<wf cmd="tag" pos="JJ">national</wf>
<wf cmd="tag" pos="NN">urgency</wf>
<punc>,</punc>
<wf cmd="tag" pos="RB">then</wf>
<wf cmd="ignore" pos="PRP">we</wf>
<wf cmd="ignore" pos="MD">should</wf>
<wf cmd="done" rdf="turn_to" pos="VB" lemma="turn_to" wnsn="0" lexsn="2:31:00::">turn</wf>
<wf cmd="ignore" pos="PRP$">our</wf>
<wf cmd="tag" pos="NN">effort</wf>
<wf cmd="ignore" pos="TO">to</wf>
<wf cmd="done" pos="VB" lemma="develop" wnsn="1" lexsn="2:36:01::">developing</wf>
<wf cmd="tag" pos="NN">jet_engines</wf>
<wf cmd="ignore" pos="IN">with</wf>
<wf cmd="ignore" pos="DT">a</wf>
<wf cmd="tag" pos="JJ">thrust-to-weight</wf>
<wf cmd="tag" pos="NN">ratio</wf>
<wf cmd="ignore" pos="IN">of</wf>
<wf cmd="tag" pos="CD">12</wf>
<wf cmd="ignore" pos="CC">or</wf>
<wf cmd="tag" pos="CD">15</wf>
<wf cmd="ignore" pos="TO">to</wf>
<wf cmd="tag" pos="CD">one</wf>
<punc>.</punc>
</s>
<s snum="68">
<wf cmd="ignore" pos="IN">With</wf>
<wf cmd="tag" pos="NNS">powerplants</wf>
<wf cmd="tag" pos="JJ">such_as</wf>
<wf cmd="ignore" pos="DT">these</wf>
<punc>,</punc>
<wf cmd="tag" pos="JJ">vertical</wf>
<wf cmd="tag" pos="NN">takeoff</wf>
<wf cmd="ignore" pos="CC">and</wf>
<wf cmd="tag" pos="NN">landing</wf>
<wf cmd="tag" pos="NN">combat</wf>
<wf cmd="tag" pos="NN">aircraft</wf>
<wf cmd="ignore" pos="MD">could</wf>
<wf cmd="done" pos="VB" ot="notag">be</wf>
<wf cmd="done" pos="VB" lemma="build" wnsn="1" lexsn="2:36:00::">built</wf>
<punc>.</punc>
</s>
<s snum="69">
<wf cmd="tag" pos="RB">For_example</wf>
<punc>,</punc>
<wf cmd="ignore" pos="DT">a</wf>
<wf cmd="tag" pos="CD">12</wf>
<punc>-</punc>
<wf cmd="tag" pos="JJ">to-one</wf>
<wf cmd="tag" pos="NN">engine</wf>
<wf cmd="ignore" pos="MD">would</wf>
<wf cmd="done" pos="VB" lemma="power" wnsn="1" lexsn="2:34:00::">power</wf>
<wf cmd="ignore" pos="DT">a</wf>
<wf cmd="tag" pos="JJ">supersonic</wf>
<wf cmd="tag" pos="NNP">VTOL</wf>
<wf cmd="tag" pos="NN">fighter</wf>
<punc>.</punc>
</s>
<s snum="70">
<wf cmd="ignore" pos="IN">With</wf>
<wf cmd="ignore" pos="DT">a</wf>
<wf cmd="tag" pos="CD">15</wf>
<punc>-</punc>
<wf cmd="tag" pos="JJ">to-one</wf>
<wf cmd="tag" pos="NN">engine</wf>
<punc>,</punc>
<wf cmd="ignore" pos="DT">a</wf>
<wf cmd="tag" pos="JJ">supersonic</wf>
<wf cmd="tag" pos="NN">aircraft</wf>
<wf cmd="done" pos="VB" lemma="weigh" wnsn="1" lexsn="2:42:01::">weighing</wf>
<wf cmd="tag" pos="CD">300000</wf>
<wf cmd="tag" pos="NNS">pounds</wf>
<wf cmd="ignore" pos="MD">could</wf>
<wf cmd="done" pos="VB" lemma="rise" wnsn="1" lexsn="2:38:00::">rise</wf>
<wf cmd="tag" pos="RB">vertically</wf>
<punc>.</punc>
</s>
<s snum="71">
<wf cmd="ignore" pos="DT">The</wf>
<wf cmd="tag" pos="NN">reason</wf>
<wf cmd="ignore" pos="IN">that</wf>
<wf cmd="ignore" pos="PRP">we</wf>
<wf cmd="done" pos="VBP" ot="notag">are</wf>
<wf cmd="tag" pos="RB">not</wf>
<wf cmd="done" pos="VB" lemma="go_ahead" wnsn="1" lexsn="2:32:00::">going_ahead</wf>
<wf cmd="tag" pos="JJ">full</wf>
<wf cmd="tag" pos="NN">speed</wf>
<wf cmd="ignore" pos="TO">to</wf>
<wf cmd="done" pos="VB" lemma="develop" wnsn="1" lexsn="2:36:01::">develop</wf>
<wf cmd="tag" pos="JJ">high</wf>
<wf cmd="tag" pos="JJ">thrust-to-weight</wf>
<wf cmd="tag" pos="NNS">engines</wf>
<wf cmd="done" pos="VB" lemma="be" wnsn="2" lexsn="2:42:06::">is</wf>
<wf cmd="ignore" pos="IN">that</wf>
<wf cmd="ignore" pos="PRP">it</wf>
<wf cmd="ignore" pos="MD">would</wf>
<wf cmd="done" pos="VB" lemma="cost" wnsn="1" lexsn="2:42:00::">cost</wf>
<wf cmd="tag" pos="RB">perhaps</wf>
<wf cmd="tag" pos="JJ">a_billion</wf>
<wf cmd="tag" pos="NNS">dollars</wf>
<punc>-</punc>
<wf cmd="ignore" pos="CC">and</wf>
<wf cmd="ignore" pos="PRP">you</wf>
<wf cmd="done" pos="VBP" ot="notag">do</wf>
<wf cmd="tag" pos="RB">n't</wf>
<wf cmd="done" pos="VB" lemma="spend" wnsn="2" lexsn="2:40:00::">spend</wf>
<wf cmd="ignore" pos="IN">that</wf>
<wf cmd="tag" pos="RB">sort_of</wf>
<wf cmd="tag" pos="NN">money</wf>
<wf cmd="ignore" pos="IN">if</wf>
<wf cmd="tag" pos="NN">aircraft</wf>
<wf cmd="done" pos="VB" lemma="be" wnsn="1" lexsn="2:42:03::">are</wf>
<wf cmd="tag" pos="JJ">obsolete</wf>
<punc>.</punc>
</s>
</p>
<p pnum="31">
<s snum="72">
<wf cmd="ignore" pos="WRB">When</wf>
<wf cmd="tag" pos="NN">aircraft</wf>
<wf cmd="done" pos="VB" lemma="be" wnsn="1" lexsn="2:42:03::">are</wf>
<wf cmd="tag" pos="RB">no_longer</wf>
<wf cmd="tag" pos="JJ">helpless</wf>
<wf cmd="ignore" pos="IN">on</wf>
<wf cmd="tag" pos="NNS">airfields</wf>
<punc>,</punc>
<wf cmd="ignore" pos="PRP">they</wf>
<wf cmd="done" pos="VB" lemma="be" wnsn="1" lexsn="2:42:03::">are</wf>
<wf cmd="tag" pos="RB">no_longer</wf>
<wf cmd="tag" pos="JJ">vulnerable</wf>
<wf cmd="ignore" pos="TO">to</wf>
<wf cmd="tag" pos="NNPS">ICBMs</wf>
<punc>.</punc>
</s>
<s snum="73">
<wf cmd="ignore" pos="IN">If</wf>
<wf cmd="ignore" pos="PRP$">our</wf>
<wf cmd="tag" pos="NNP">SAC</wf>
<wf cmd="tag" pos="NNS">bombers</wf>
<wf cmd="done" pos="VB" lemma="be" wnsn="1" lexsn="2:42:03::">were</wf>
<punc>,</punc>
<wf cmd="tag" pos="NN">today</wf>
<punc>,</punc>
<wf cmd="tag" pos="JJ">capable_of</wf>
<wf cmd="done" pos="VB" lemma="survive" wnsn="2" lexsn="2:42:02::">surviving</wf>
<wf cmd="ignore" pos="DT">a</wf>
<wf cmd="tag" pos="NN">surprise</wf>
<wf cmd="tag" pos="NN">missile</wf>
<wf cmd="tag" pos="NN">attack</wf>
<wf cmd="ignore" pos="CC">and</wf>
<wf cmd="ignore" pos="IN">because</wf>
<wf cmd="ignore" pos="IN">of</wf>
<wf cmd="tag" pos="JJ">infinite</wf>
<wf cmd="tag" pos="NN">dispersion</wf>
<wf cmd="ignore" pos="CC">or</wf>
<wf cmd="tag" pos="JJ">long</wf>
<wf cmd="tag" pos="NN">endurance</wf>
<wf cmd="done" pos="VB" lemma="have" wnsn="1" lexsn="2:40:00::">had</wf>
<wf cmd="ignore" pos="DT">the</wf>
<wf cmd="tag" pos="NN">capability</wf>
<wf cmd="ignore" pos="TO">to</wf>
<wf cmd="done" pos="VB" lemma="strike" wnsn="4" lexsn="2:33:00::">strike</wf>
<wf cmd="ignore" pos="IN">at</wf>
<wf cmd="tag" pos="NNP">Russia</wf>
<wf cmd="tag" pos="RB">again</wf>
<punc>,</punc>
<wf cmd="ignore" pos="CC">and</wf>
<wf cmd="tag" pos="RB">again</wf>
<punc>,</punc>
<wf cmd="ignore" pos="CC">and</wf>
<wf cmd="tag" pos="RB">again</wf>
<punc>,</punc>
<wf cmd="ignore" pos="DT">those</wf>
<wf cmd="tag" pos="NNS">bombers</wf>
<wf cmd="ignore" pos="MD">would</wf>
<wf cmd="tag" pos="RB">unquestionably</wf>
<wf cmd="done" pos="VB" lemma="assure" wnsn="1" lexsn="2:32:03::">assure</wf>
<wf cmd="ignore" pos="PRP$">our</wf>
<wf cmd="tag" pos="JJ">military</wf>
<wf cmd="tag" pos="NN">dominance</wf>
<punc>.</punc>
</s>
</p>
<p pnum="32">
<s snum="74">
<wf cmd="ignore" pos="PRP">We</wf>
<wf cmd="ignore" pos="MD">would</wf>
<wf cmd="done" pos="VB" lemma="have" wnsn="1" lexsn="2:40:00::">have</wf>
<wf cmd="ignore" pos="DT">the</wf>
<wf cmd="tag" pos="NNS">means</wf>
<wf cmd="ignore" pos="TO">to</wf>
<wf cmd="done" pos="VB" lemma="seek_out" wnsn="1" lexsn="2:35:00::">seek_out</wf>
<wf cmd="ignore" pos="CC">and</wf>
<wf cmd="done" pos="VB" lemma="destroy" wnsn="2" lexsn="2:35:00::">destroy</wf>
<wf cmd="ignore" pos="DT">the</wf>
<wf cmd="tag" pos="NN">enemy</wf>
<wf cmd="ignore" pos="POS">'s</wf>
<wf cmd="tag" pos="NN">force</wf>
<punc>-</punc>
<wf cmd="ignore" pos="IN">whether</wf>
<wf cmd="ignore" pos="PRP">it</wf>
<wf cmd="done" pos="VB" lemma="be" wnsn="1" lexsn="2:42:03::">were</wf>
<wf cmd="tag" pos="JJ">fixed</wf>
<wf cmd="ignore" pos="CC">or</wf>
<wf cmd="tag" pos="JJ">mobile</wf>
<punc>.</punc>
</s>
<s snum="75">
<wf cmd="ignore" pos="IN">With</wf>
<wf cmd="tag" pos="JJ">such</wf>
<wf cmd="ignore" pos="DT">a</wf>
<wf cmd="tag" pos="NN">force</wf>
<wf cmd="ignore" pos="IN">of</wf>
<wf cmd="tag" pos="JJ">manned</wf>
<wf cmd="tag" pos="NNS">bombers</wf>
<wf cmd="ignore" pos="PRP">we</wf>
<wf cmd="ignore" pos="MD">could</wf>
<wf cmd="done" pos="VB" lemma="bring" wnsn="3" lexsn="2:36:00::">bring</wf>
<wf cmd="tag" pos="JJ">enormous</wf>
<wf cmd="tag" pos="NN">pressure</wf>
<wf cmd="ignore" pos="TO">to</wf>
<wf cmd="done" pos="VB" lemma="bear_on" wnsn="2" lexsn="2:30:00::">bear_on</wf>
<wf cmd="ignore" pos="DT">an</wf>
<wf cmd="tag" pos="NN">enemy</wf>
<punc>,</punc>
<wf cmd="ignore" pos="CC">and</wf>
<wf cmd="ignore" pos="DT">this</wf>
<wf cmd="tag" pos="NN">pressure</wf>
<wf cmd="ignore" pos="MD">would</wf>
<wf cmd="done" pos="VB" lemma="be" wnsn="1" lexsn="2:42:03::">be</wf>
<wf cmd="tag" pos="JJ">selective</wf>
<wf cmd="ignore" pos="CC">and</wf>
<wf cmd="tag" pos="RB">extremely</wf>
<wf cmd="tag" pos="JJ">discriminating</wf>
<punc>.</punc>
</s>
<s snum="76">
<wf cmd="ignore" pos="DT">No</wf>
<wf cmd="tag" pos="NN">need</wf>
<wf cmd="done" pos="VB" ot="notag">to</wf>
<wf cmd="done" pos="VB" lemma="kill" wnsn="1" lexsn="2:35:00::">kill</wf>
<wf cmd="ignore" pos="DT">an</wf>
<wf cmd="tag" pos="JJ">entire</wf>
<wf cmd="tag" pos="NN">city</wf>
<wf cmd="ignore" pos="CC">and</wf>
<wf cmd="ignore" pos="DT">all</wf>
<wf cmd="ignore" pos="PRP$">its</wf>
<wf cmd="tag" pos="NNS">people</wf>
<wf cmd="ignore" pos="IN">because</wf>
<wf cmd="ignore" pos="PRP">we</wf>
<wf cmd="done" pos="VB" lemma="lack" wnsn="1" lexsn="2:42:00::">lacked</wf>
<wf cmd="ignore" pos="DT">the</wf>
<wf cmd="tag" pos="NN">precision</wf>
<wf cmd="ignore" pos="CC">and</wf>
<wf cmd="tag" pos="NN">reconnaissance</wf>
<wf cmd="ignore" pos="TO">to</wf>
<wf cmd="tag" pos="RB">selectively</wf>
<wf cmd="done" pos="VB" lemma="disarm" wnsn="1" lexsn="2:33:00::">disarm</wf>
<wf cmd="ignore" pos="DT">the</wf>
<wf cmd="tag" pos="NN">enemy</wf>
<wf cmd="ignore" pos="POS">'s</wf>
<wf cmd="tag" pos="NN">military_force</wf>
<punc>.</punc>
</s>
</p>
<p pnum="33">
<s snum="77">
<wf cmd="ignore" pos="PRP$">Our</wf>
<wf cmd="tag" pos="JJ">first</wf>
<wf cmd="tag" pos="NN">necessity</wf>
<punc>,</punc>
<wf cmd="ignore" pos="IN">at</wf>
<wf cmd="ignore" pos="DT">the</wf>
<wf cmd="tag" pos="JJ">very</wf>
<wf cmd="tag" pos="NN">outset</wf>
<wf cmd="ignore" pos="IN">of</wf>
<wf cmd="tag" pos="NN">war</wf>
<punc>,</punc>
<wf cmd="done" pos="VB" lemma="be" wnsn="2" lexsn="2:42:06::">is</wf>
<wf cmd="tag" pos="JJ">post-attack</wf>
<wf cmd="tag" pos="NN">reconnaissance</wf>
<punc>.</punc>
</s>
<s snum="78">
<wf cmd="ignore" pos="IN">In</wf>
<wf cmd="tag" pos="JJ">a_few</wf>
<wf cmd="tag" pos="NNS">years</wf>
<wf cmd="ignore" pos="PRP">we</wf>
<wf cmd="ignore" pos="MD">will</wf>
<wf cmd="done" pos="VB" lemma="have" wnsn="1" lexsn="2:40:00::">have</wf>
<wf cmd="tag" pos="NNP">SAMOS</wf>
<punc>(</punc>
<wf cmd="tag" pos="JJ">semiautomatic</wf>
<wf cmd="tag" pos="NN">missile</wf>
<wf cmd="tag" pos="NN">observation</wf>
<wf cmd="tag" pos="NN">system</wf>
<punc>)</punc>
<punc>.</punc>
</s>
<s snum="79">
<wf cmd="ignore" pos="CC">But</wf>
<wf cmd="ignore" pos="IN">in</wf>
<wf cmd="ignore" pos="DT">the</wf>
<wf cmd="tag" pos="NN">case</wf>
<wf cmd="ignore" pos="IN">of</wf>
<wf cmd="tag" pos="JJ">moving</wf>
<wf cmd="tag" pos="NNS">targets</wf>
<punc>,</punc>
<wf cmd="ignore" pos="CC">and</wf>
<wf cmd="tag" pos="NNS">targets</wf>
<wf cmd="ignore" pos="WDT">which</wf>
<wf cmd="done" pos="VB" lemma="have" wnsn="2" lexsn="2:42:00::">have</wf>
<wf cmd="tag" pos="JJ">limited</wf>
<wf cmd="tag" pos="NN">mobility</wf>
<punc>,</punc>
<wf cmd="ignore" pos="WP">what</wf>
<wf cmd="ignore" pos="MD">will</wf>
<wf cmd="ignore" pos="PRP$">their</wf>
<wf cmd="tag" pos="NN">location</wf>
<wf cmd="done" pos="VB" lemma="be" wnsn="2" lexsn="2:42:06::">be</wf>
<wf cmd="ignore" pos="WRB">when</wf>
<wf cmd="ignore" pos="PRP">it</wf>
<wf cmd="done" pos="VB" lemma="be" wnsn="5" lexsn="2:42:04::">is</wf>
<wf cmd="tag" pos="NN">time</wf>
<wf cmd="ignore" pos="TO">to</wf>
<wf cmd="done" pos="VB" lemma="destroy" wnsn="1" lexsn="2:36:00::">destroy</wf>
<wf cmd="ignore" pos="PRP">them</wf>
<punc>?</punc>
</s>
<s snum="80">
<wf cmd="ignore" pos="WP">What</wf>
<wf cmd="tag" pos="NNS">targets</wf>
<wf cmd="done" pos="VBP" ot="notag">have</wf>
<wf cmd="ignore" pos="PRP">we</wf>
<wf cmd="tag" pos="RB">successfully</wf>
<wf cmd="done" pos="VB" lemma="knock_out" wnsn="1" lexsn="2:30:01::">knocked_out</wf>
<punc>?</punc>
</s>
<s snum="81">
<wf cmd="ignore" pos="DT">A</wf>
<wf cmd="tag" pos="NN">ballistic_missile</wf>
<wf cmd="ignore" pos="MD">cannot</wf>
<punc>,</punc>
<wf cmd="tag" pos="NN">today</wf>
<punc>,</punc>
<wf cmd="done" pos="VB" lemma="tell" wnsn="2" lexsn="2:32:00::">tell</wf>
<wf cmd="ignore" pos="PRP">you</wf>
<wf cmd="ignore" pos="IN">if</wf>
<wf cmd="ignore" pos="PRP">it</wf>
<wf cmd="done" pos="VB" lemma="be" wnsn="1" lexsn="2:42:03::">was</wf>
<wf cmd="tag" pos="JJ">successful</wf>
<wf cmd="ignore" pos="CC">or</wf>
<wf cmd="tag" pos="JJ">unsuccessful</wf>
<punc>.</punc>
</s>
<s snum="82">
<wf cmd="ignore" pos="WP">What</wf>
<wf cmd="tag" pos="NNS">targets</wf>
<wf cmd="tag" pos="RB">still</wf>
<wf cmd="done" pos="VB" lemma="remain" wnsn="3" lexsn="2:42:05::">remain</wf>
<wf cmd="ignore" pos="TO">to</wf>
<wf cmd="done" pos="VB" ot="notag">be</wf>
<wf cmd="done" pos="VB" lemma="hit" wnsn="2" lexsn="2:35:01::">hit</wf>
<punc>?</punc>
</s>
<s snum="83">
<wf cmd="ignore" pos="DT">These</wf>
<wf cmd="tag" pos="JJ">crucial</wf>
<wf cmd="tag" pos="NNS">questions</wf>
<wf cmd="ignore" pos="MD">must</wf>
<wf cmd="done" pos="VB" ot="notag">be</wf>
<wf cmd="done" pos="VB" lemma="answer" wnsn="1" lexsn="2:32:00::">answered</wf>
<wf cmd="ignore" pos="IN">by</wf>
<wf cmd="tag" pos="JJ">post-attack</wf>
<wf cmd="tag" pos="NN">reconnaissance</wf>
<punc>.</punc>
</s>
<s snum="84">
<wf cmd="tag" pos="NNP">SAMOS</wf>
<wf cmd="ignore" pos="MD">will</wf>
<wf cmd="done" pos="VB" lemma="be" wnsn="1" lexsn="2:42:03::">be</wf>
<wf cmd="tag" pos="JJ">hard_put</wf>
<wf cmd="ignore" pos="TO">to</wf>
<wf cmd="done" pos="VB" lemma="see" wnsn="1" lexsn="2:39:00::">see</wf>
<wf cmd="done" pos="VB" ot="notag">through</wf>
<wf cmd="tag" pos="NNS">clouds</wf>
<punc>-</punc>
<wf cmd="ignore" pos="CC">and</wf>
<wf cmd="ignore" pos="TO">to</wf>
<wf cmd="done" pos="VB" lemma="see" wnsn="1" lexsn="2:39:00::">see</wf>
<wf cmd="ignore" pos="IN">in</wf>
<wf cmd="ignore" pos="DT">the</wf>
<wf cmd="tag" pos="NN">dark</wf>
<punc>.</punc>
</s>
</p>
<p pnum="34">
<s snum="85">
<wf cmd="tag" pos="RB">Even</wf>
<wf cmd="ignore" pos="IN">if</wf>
<wf cmd="ignore" pos="DT">this</wf>
<wf cmd="done" pos="VB" lemma="be" wnsn="1" lexsn="2:42:03::">is</wf>
<wf cmd="tag" pos="RB">some_day</wf>
<wf cmd="tag" pos="JJ">possible</wf>
<punc>,</punc>
<wf cmd="ignore" pos="EX">there</wf>
<wf cmd="done" pos="VB" lemma="remain" wnsn="3" lexsn="2:42:05::">remains</wf>
<wf cmd="ignore" pos="DT">the</wf>
<wf cmd="tag" pos="CD">30</wf>
<punc>-</punc>
<wf cmd="tag" pos="NN">minute</wf>
<wf cmd="tag" pos="NN">time</wf>
<wf cmd="ignore" pos="IN">of</wf>
<wf cmd="tag" pos="NN">flight</wf>
<wf cmd="ignore" pos="IN">of</wf>
<wf cmd="ignore" pos="DT">a</wf>
<wf cmd="tag" pos="NN">missile</wf>
<wf cmd="ignore" pos="TO">to</wf>
<wf cmd="ignore" pos="PRP$">its</wf>
<wf cmd="tag" pos="JJ">overseas</wf>
<wf cmd="tag" pos="NN">target</wf>
<punc>.</punc>
</s>
<s snum="86">
<wf cmd="ignore" pos="IN">If</wf>
<wf cmd="ignore" pos="DT">the</wf>
<wf cmd="tag" pos="NN">target</wf>
<wf cmd="ignore" pos="MD">can</wf>
<wf cmd="done" pos="VB" lemma="change" wnsn="1" lexsn="2:30:01::">change</wf>
<wf cmd="ignore" pos="PRP$">its</wf>
<wf cmd="tag" pos="NN">position</wf>
<wf cmd="tag" pos="RB">significantly</wf>
<wf cmd="ignore" pos="IN">during</wf>
<wf cmd="ignore" pos="DT">the</wf>
<wf cmd="tag" pos="NN">30_minutes</wf>
<wf cmd="ignore" pos="DT">the</wf>
<wf cmd="tag" pos="NN">missile</wf>
<wf cmd="done" pos="VB" lemma="be" wnsn="3" lexsn="2:42:05::">is</wf>
<wf cmd="tag" pos="RB">in_the_air</wf>
<wf cmd="ignore" pos="IN">on</wf>
<wf cmd="ignore" pos="PRP$">its</wf>
<wf cmd="tag" pos="NN">way</wf>
<punc>,</punc>
<wf cmd="ignore" pos="DT">the</wf>
<wf cmd="tag" pos="NN">probability</wf>
<wf cmd="ignore" pos="IN">of</wf>
<wf cmd="ignore" pos="DT">the</wf>
<wf cmd="tag" pos="NN">missile</wf>
<wf cmd="done" pos="VB" lemma="destroy" wnsn="2" lexsn="2:35:00::">destroying</wf>
<wf cmd="ignore" pos="DT">the</wf>
<wf cmd="tag" pos="NN">target</wf>
<wf cmd="done" pos="VBZ" ot="notag">is</wf>
<wf cmd="tag" pos="RB">drastically</wf>
<wf cmd="done" pos="VB" lemma="reduce" wnsn="1" lexsn="2:30:00::">reduced</wf>
<punc>.</punc>
</s>
</p>
<p pnum="35">
<s snum="87">
<wf cmd="tag" pos="JJ">Pre-attack</wf>
<wf cmd="tag" pos="NN">reconnaissance</wf>
<wf cmd="done" pos="VB" lemma="be" wnsn="1" lexsn="2:42:03::">is</wf>
<wf cmd="tag" pos="JJ">vital</wf>
<wf cmd="ignore" pos="CC">but</wf>
<wf cmd="tag" pos="RB">only</wf>
<wf cmd="tag" pos="JJ">post-attack</wf>
<wf cmd="tag" pos="NN">reconnaissance</wf>
<wf cmd="ignore" pos="MD">will</wf>
<wf cmd="done" pos="VB" lemma="allow" wnsn="1" lexsn="2:41:00::">allow</wf>
<wf cmd="ignore" pos="PRP">us</wf>
<wf cmd="ignore" pos="TO">to</wf>
<wf cmd="done" pos="VB" lemma="terminate" wnsn="1" lexsn="2:30:01::">terminate</wf>
<wf cmd="ignore" pos="DT">the</wf>
<wf cmd="tag" pos="NN">war</wf>
<wf cmd="tag" pos="RB">favorably</wf>
<punc>.</punc>
</s>
<s snum="88">
<wf cmd="ignore" pos="PRP">It</wf>
<wf cmd="ignore" pos="MD">would</wf>
<wf cmd="done" pos="VB" lemma="be" wnsn="1" lexsn="2:42:03::">be</wf>
<wf cmd="tag" pos="JJ">priceless</wf>
<wf cmd="ignore" pos="TO">to</wf>
<wf cmd="done" pos="VB" lemma="have" wnsn="1" lexsn="2:40:00::">have</wf>
<wf cmd="ignore" pos="DT">an</wf>
<wf cmd="tag" pos="NN">aircraft</wf>
<wf cmd="ignore" pos="TO">to</wf>
<wf cmd="done" pos="VB" lemma="gather" wnsn="1" lexsn="2:35:00::">gather</wf>
<wf cmd="ignore" pos="IN">that</wf>
<wf cmd="tag" pos="JJ">post-attack</wf>
<wf cmd="tag" pos="NN">reconnaissance</wf>
<punc>.</punc>
</s>
<s snum="89">
<wf cmd="ignore" pos="PRP">It</wf>
<wf cmd="ignore" pos="MD">could</wf>
<wf cmd="done" pos="VB" lemma="operate" wnsn="2" lexsn="2:35:03::">operate</wf>
<wf cmd="ignore" pos="IN">under</wf>
<wf cmd="ignore" pos="DT">the</wf>
<wf cmd="tag" pos="NNS">clouds</wf>
<wf cmd="ignore" pos="CC">and</wf>
<wf cmd="done" pos="VB" lemma="perform" wnsn="2" lexsn="2:41:02::">perform</wf>
<wf cmd="tag" pos="JJ">infrared</wf>
<wf cmd="tag" pos="NN">photography</wf>
<wf cmd="ignore" pos="IN">through</wf>
<wf cmd="tag" pos="NNS">clouds</wf>
<wf cmd="ignore" pos="CC">and</wf>
<wf cmd="ignore" pos="IN">at</wf>
<wf cmd="tag" pos="NN">night</wf>
<punc>.</punc>
</s>
</p>
<p pnum="36">
<s snum="90">
<wf cmd="ignore" pos="PRP">It</wf>
<wf cmd="ignore" pos="MD">would</wf>
<wf cmd="done" pos="VB" lemma="be" wnsn="1" lexsn="2:42:03::">be</wf>
<wf cmd="tag" pos="RB">even</wf>
<wf cmd="tag" pos="RBR">more</wf>
<wf cmd="tag" pos="JJ">valuable</wf>
<wf cmd="ignore" pos="IN">because</wf>
<wf cmd="ignore" pos="IN">that</wf>
<wf cmd="tag" pos="JJ">same</wf>
<wf cmd="tag" pos="NN">aircraft</wf>
<wf cmd="ignore" pos="MD">could</wf>
<wf cmd="tag" pos="RB">immediately</wf>
<wf cmd="done" pos="VB" lemma="destroy" wnsn="2" lexsn="2:35:00::">destroy</wf>
<wf cmd="ignore" pos="DT">any</wf>
<wf cmd="tag" pos="NNS">targets</wf>
<wf cmd="ignore" pos="PRP">it</wf>
<wf cmd="done" pos="VB" lemma="discover" wnsn="1" lexsn="2:39:03::">discovered</wf>
<punc>-</punc>
<wf cmd="ignore" pos="DT">no</wf>
<wf cmd="tag" pos="NN">need</wf>
<wf cmd="done" pos="VB" ot="notag">to</wf>
<wf cmd="done" pos="VB" lemma="wait" wnsn="3" lexsn="2:31:00::">wait</wf>
<wf cmd="done" pos="VB" ot="notag">for</wf>
<wf cmd="ignore" pos="DT">a</wf>
<wf cmd="tag" pos="NN">missile</wf>
<wf cmd="ignore" pos="TO">to</wf>
<wf cmd="done" pos="VB" lemma="come" wnsn="2" lexsn="2:38:04::">come</wf>
<wf cmd="tag" pos="RB">all_the_way</wf>
<wf cmd="ignore" pos="IN">from</wf>
<wf cmd="ignore" pos="DT">the</wf>
<wf cmd="tag" pos="NN">United_States</wf>
<wf cmd="ignore" pos="IN">with</wf>
<wf cmd="ignore" pos="DT">the</wf>
<wf cmd="tag" pos="NN">chance</wf>
<wf cmd="ignore" pos="IN">that</wf>
<wf cmd="ignore" pos="DT">the</wf>
<wf cmd="tag" pos="NN">target</wf>
<punc>,</punc>
<wf cmd="ignore" pos="IN">if</wf>
<wf cmd="ignore" pos="PRP">it</wf>
<wf cmd="done" pos="VB" lemma="be" wnsn="1" lexsn="2:42:03::">were</wf>
<wf cmd="tag" pos="JJ">mobile</wf>
<punc>,</punc>
<wf cmd="ignore" pos="MD">would</wf>
<wf cmd="done" pos="VB" lemma="be" wnsn="1" lexsn="2:42:03::">be</wf>
<wf cmd="tag" pos="JJ">gone</wf>
<punc>.</punc>
</s>
</p>
<p pnum="37">
<s snum="91">
<wf cmd="ignore" pos="DT">A</wf>
<wf cmd="tag" pos="JJ">large</wf>
<wf cmd="tag" pos="NN">aircraft</wf>
<punc>,</punc>
<wf cmd="tag" pos="JJ">such_as</wf>
<wf cmd="ignore" pos="DT">the</wf>
<wf cmd="tag" pos="NNP">B-52</wf>
<wf cmd="ignore" pos="CC">or</wf>
<wf cmd="tag" pos="NNP">B-70</wf>
<punc>,</punc>
<wf cmd="ignore" pos="MD">could</wf>
<wf cmd="done" pos="VB" lemma="carry" wnsn="7" lexsn="2:42:03::">carry</wf>
<wf cmd="tag" pos="RB">perhaps</wf>
<wf cmd="tag" pos="CD">50</wf>
<wf cmd="ignore" pos="CC">or</wf>
<wf cmd="tag" pos="CD">100</wf>
<wf cmd="tag" pos="JJ">small</wf>
<wf cmd="tag" pos="NN">nuclear_weapons</wf>
<punc>.</punc>
</s>
<s snum="92">
<wf cmd="tag" pos="JJ">Few</wf>
<wf cmd="tag" pos="NNS">people</wf>
<wf cmd="done" pos="VB" lemma="realize" wnsn="2" lexsn="2:31:00::">realize</wf>
<wf cmd="ignore" pos="IN">that</wf>
<wf cmd="tag" pos="CD">one</wf>
<wf cmd="tag" pos="NN">kiloton</wf>
<wf cmd="ignore" pos="IN">of</wf>
<wf cmd="tag" pos="JJ">nuclear</wf>
<wf cmd="tag" pos="JJ">explosive</wf>
<wf cmd="tag" pos="NN">power</wf>
<wf cmd="ignore" pos="MD">will</wf>
<wf cmd="done" pos="VB" lemma="create" wnsn="1" lexsn="2:36:00::">create</wf>
<wf cmd="tag" pos="CD">1000</wf>
<wf cmd="tag" pos="NNS">psi</wf>
<wf cmd="tag" pos="NN">overpressure</wf>
<wf cmd="ignore" pos="IN">at</wf>
<wf cmd="tag" pos="CD">100</wf>
<wf cmd="tag" pos="NNS">feet</wf>
<punc>.</punc>
</s>
<s snum="93">
<wf cmd="ignore" pos="CC">Or</wf>
<wf cmd="done" pos="VB" lemma="put" wnsn="3" lexsn="2:32:00::">put</wf>
<wf cmd="ignore" pos="DT">another</wf>
<wf cmd="tag" pos="NN">way</wf>
<punc>,</punc>
<wf cmd="ignore" pos="DT">the</wf>
<wf cmd="tag" pos="JJS">hardest</wf>
<wf cmd="tag" pos="NN">missile</wf>
<wf cmd="tag" pos="NN">site</wf>
<wf cmd="done" pos="VB" lemma="plan" wnsn="3" lexsn="2:36:00::">planned</wf>
<wf cmd="tag" pos="NN">today</wf>
<wf cmd="ignore" pos="MD">could</wf>
<wf cmd="done" pos="VB" ot="notag">be</wf>
<wf cmd="done" pos="VB" lemma="destroy" wnsn="2" lexsn="2:35:00::">destroyed</wf>
<wf cmd="ignore" pos="IN">by</wf>
<wf cmd="done" pos="VB" lemma="place" wnsn="1" lexsn="2:35:00::">placing</wf>
<wf cmd="ignore" pos="DT">a</wf>
<wf cmd="tag" pos="JJ">one-kiloton</wf>
<wf cmd="tag" pos="NN">warhead</wf>
<punc>(</punc>
<wf cmd="tag" pos="CD">1</wf>
<wf cmd="tag" pos="CD">20</wf>
<wf cmd="ignore" pos="DT">th</wf>
<wf cmd="ignore" pos="DT">the</wf>
<wf cmd="tag" pos="NN">size</wf>
<wf cmd="ignore" pos="IN">of</wf>
<wf cmd="ignore" pos="DT">those</wf>
<wf cmd="done" pos="VB" lemma="use" wnsn="1" lexsn="2:34:01::">used</wf>
<wf cmd="ignore" pos="IN">in</wf>
<wf cmd="tag" pos="NNP">Hiroshima</wf>
<wf cmd="ignore" pos="CC">and</wf>
<wf cmd="tag" pos="NNP">Nagasaki</wf>
<punc>)</punc>
<wf cmd="ignore" pos="IN">within</wf>
<wf cmd="tag" pos="CD">100</wf>
<wf cmd="ignore" pos="TO">to</wf>
<wf cmd="tag" pos="CD">200</wf>
<wf cmd="tag" pos="NNS">feet</wf>
<wf cmd="ignore" pos="IN">of</wf>
<wf cmd="ignore" pos="DT">the</wf>
<wf cmd="tag" pos="NN">target</wf>
<punc>!</punc>
</s>
</p>
<p pnum="38">
<s snum="94">
<wf cmd="ignore" pos="PRP">It</wf>
<wf cmd="done" pos="VB" lemma="be" wnsn="2" lexsn="2:42:06::">is</wf>
<wf cmd="ignore" pos="PRP$">our</wf>
<wf cmd="tag" pos="NN">lack</wf>
<wf cmd="ignore" pos="IN">of</wf>
<wf cmd="tag" pos="JJ">extreme</wf>
<wf cmd="tag" pos="NN">accuracy</wf>
<wf cmd="ignore" pos="WDT">which</wf>
<wf cmd="done" pos="VB" lemma="force" wnsn="2" lexsn="2:36:00::">forces</wf>
<wf cmd="ignore" pos="DT">the</wf>
<wf cmd="tag" pos="NN">use</wf>
<wf cmd="ignore" pos="IN">of</wf>
<wf cmd="tag" pos="RB">very</wf>
<wf cmd="tag" pos="JJ">large</wf>
<wf cmd="tag" pos="NN">yield</wf>
<wf cmd="tag" pos="NN">nuclear_weapons</wf>
<punc>.</punc>
</s>
</p>
<p pnum="39">
<s snum="95">
<wf cmd="tag" pos="NN">Today</wf>
<wf cmd="ignore" pos="PRP">we</wf>
<wf cmd="done" pos="VB" lemma="have" wnsn="1" lexsn="2:40:00::">have</wf>
<wf cmd="tag" pos="JJ">side-looking</wf>
<wf cmd="tag" pos="NN">radar</wf>
<wf cmd="ignore" pos="WDT">which</wf>
<wf cmd="done" pos="VB" lemma="have" wnsn="2" lexsn="2:42:00::">has</wf>
<wf cmd="tag" pos="JJ">such</wf>
<wf cmd="tag" pos="JJ">high</wf>
<wf cmd="tag" pos="NN">resolution</wf>
<wf cmd="ignore" pos="IN">that</wf>
<wf cmd="ignore" pos="DT">the</wf>
<wf cmd="tag" pos="NN">radar</wf>
<wf cmd="tag" pos="NN">picture</wf>
<wf cmd="tag" pos="RB">clearly</wf>
<wf cmd="done" pos="VB" lemma="show" wnsn="0" lexsn="2:39:04::">shows</wf>
<wf cmd="tag" pos="JJ">individual</wf>
<wf cmd="tag" pos="NNS">buildings</wf>
<punc>,</punc>
<wf cmd="tag" pos="NNS">runways</wf>
<punc>,</punc>
<wf cmd="tag" pos="NNS">taxi-ways</wf>
<punc>,</punc>
<wf cmd="tag" pos="JJ">separate</wf>
<wf cmd="tag" pos="NN">spans</wf>
<wf cmd="ignore" pos="IN">of</wf>
<wf cmd="tag" pos="NNS">bridges</wf>
<punc>,</punc>
<wf cmd="ignore" pos="FW">etc.</wf>
<punc>.</punc>
</s>
<s snum="96">
<wf cmd="ignore" pos="IN">With</wf>
<wf cmd="ignore" pos="DT">these</wf>
<wf cmd="tag" pos="JJ">keen</wf>
<punc>``</punc>
<wf cmd="tag" pos="NNS">eyes</wf>
<punc>''</punc>
<wf cmd="ignore" pos="CC">and</wf>
<wf cmd="tag" pos="JJ">small</wf>
<wf cmd="tag" pos="NN">nuclear_weapons</wf>
<wf cmd="done" pos="VB" lemma="deliver" wnsn="2" lexsn="2:35:00::">delivered</wf>
<wf cmd="ignore" pos="IN">with</wf>
<wf cmd="tag" pos="NN">accuracy</wf>
<punc>,</punc>
<wf cmd="tag" pos="NN">military_forces</wf>
<wf cmd="ignore" pos="MD">can</wf>
<wf cmd="done" pos="VB" ot="notag">be</wf>
<wf cmd="tag" pos="RB">directly</wf>
<wf cmd="done" pos="VB" lemma="attack" wnsn="1" lexsn="2:33:00::">attacked</wf>
<wf cmd="ignore" pos="IN">with</wf>
<wf cmd="tag" pos="JJ">minimum</wf>
<wf cmd="tag" pos="NN">damage</wf>
<wf cmd="ignore" pos="TO">to</wf>
<wf cmd="tag" pos="NN">urban_areas</wf>
<punc>.</punc>
</s>
</p>
<p pnum="40">
<s snum="97">
<wf cmd="ignore" pos="IN">If</wf>
<wf cmd="ignore" pos="PRP">we</wf>
<wf cmd="done" pos="VB" lemma="fail" wnsn="1" lexsn="2:41:02::">fail</wf>
<wf cmd="ignore" pos="TO">to</wf>
<wf cmd="done" pos="VB" lemma="develop" wnsn="1" lexsn="2:36:01::">develop</wf>
<wf cmd="ignore" pos="DT">the</wf>
<wf cmd="tag" pos="NNS">means</wf>
<wf cmd="ignore" pos="TO">to</wf>
<wf cmd="done" pos="VB" lemma="hunt_down" wnsn="1" lexsn="2:33:00::">hunt_down</wf>
<wf cmd="ignore" pos="CC">and</wf>
<wf cmd="done" pos="VB" lemma="destroy" wnsn="2" lexsn="2:35:00::">destroy</wf>
<wf cmd="ignore" pos="DT">the</wf>
<wf cmd="tag" pos="NN">enemy</wf>
<wf cmd="ignore" pos="POS">'s</wf>
<wf cmd="tag" pos="NN">military_force</wf>
<wf cmd="ignore" pos="IN">with</wf>
<wf cmd="tag" pos="JJ">extreme</wf>
<wf cmd="tag" pos="NN">care</wf>
<wf cmd="ignore" pos="CC">and</wf>
<wf cmd="tag" pos="NN">precision</wf>
<punc>,</punc>
<wf cmd="ignore" pos="CC">and</wf>
<wf cmd="ignore" pos="IN">if</wf>
<wf cmd="tag" pos="NN">war</wf>
<wf cmd="done" pos="VB" lemma="come" wnsn="2" lexsn="2:38:04::">comes</wf>
<wf cmd="done" pos="VB" ot="notag">in</wf>
<wf cmd="tag" pos="NN">spite</wf>
<wf cmd="ignore" pos="IN">of</wf>
<wf cmd="ignore" pos="PRP$">our</wf>
<wf cmd="tag" pos="RBS">most</wf>
<wf cmd="tag" pos="JJ">ardent</wf>
<wf cmd="tag" pos="NNS">desires</wf>
<wf cmd="ignore" pos="IN">for</wf>
<wf cmd="tag" pos="NN">peace</wf>
<punc>,</punc>
<wf cmd="ignore" pos="PRP$">our</wf>
<wf cmd="tag" pos="NN">choice</wf>
<wf cmd="ignore" pos="IN">of</wf>
<wf cmd="tag" pos="NNS">alternatives</wf>
<wf cmd="ignore" pos="MD">will</wf>
<wf cmd="done" pos="VB" lemma="be" wnsn="1" lexsn="2:42:03::">be</wf>
<wf cmd="tag" pos="RB">truly</wf>
<wf cmd="tag" pos="JJ">frightening</wf>
<punc>.</punc>
</s>
</p>
</context>
</contextfile>
