<contextfile concordance="brown">
<context filename="br-e12" paras="yes">
<p pnum="1">
<s snum="1">
<wf cmd="ignore" pos="DT">Those</wf>
<wf cmd="ignore" pos="WP">who</wf>
<wf cmd="done" pos="VBP" ot="notag">have</wf>
<wf cmd="tag" pos="RB">never</wf>
<wf cmd="done" pos="VB" lemma="travel" wnsn="1" lexsn="2:38:00::">traveled</wf>
<wf cmd="ignore" pos="DT">the</wf>
<wf cmd="tag" pos="NN">width</wf>
<wf cmd="ignore" pos="CC">and</wf>
<wf cmd="tag" pos="NN">length</wf>
<wf cmd="tag" pos="RB">of_this</wf>
<wf cmd="tag" pos="NN">land</wf>
<wf cmd="ignore" pos="MD">cannot</wf>
<wf cmd="done" pos="VB" lemma="conceive" wnsn="1" lexsn="2:36:00::">conceive</wf>
<punc>,</punc>
<wf cmd="ignore" pos="IN">on</wf>
<wf cmd="ignore" pos="DT">the</wf>
<wf cmd="tag" pos="NN">basis</wf>
<wf cmd="ignore" pos="IN">of</wf>
<wf cmd="tag" pos="NN">textbook</wf>
<wf cmd="tag" pos="NN">description</wf>
<wf cmd="tag" pos="RB">alone</wf>
<punc>,</punc>
<wf cmd="ignore" pos="DT">the</wf>
<wf cmd="tag" pos="JJ">overwhelming</wf>
<wf cmd="tag" pos="NN">space</wf>
<wf cmd="ignore" pos="CC">and</wf>
<wf cmd="tag" pos="NN">variety</wf>
<wf cmd="tag" pos="RB">of_this</wf>
<wf cmd="tag" pos="NN">country</wf>
<wf cmd="done" pos="VB" lemma="hold" wnsn="1" lexsn="2:42:00::">held</wf>
<wf cmd="tag" pos="RB">together</wf>
<wf cmd="ignore" pos="IN">under</wf>
<wf cmd="tag" pos="CD">one</wf>
<wf cmd="tag" pos="NN">government</wf>
<punc>.</punc>
</s>
<s snum="2">
<wf cmd="ignore" pos="DT">The</wf>
<wf cmd="tag" pos="NN">miracle</wf>
<wf cmd="ignore" pos="IN">of</wf>
<wf cmd="tag" pos="JJ">democratic</wf>
<wf cmd="tag" pos="NNP">America</wf>
<wf cmd="done" pos="VB" lemma="come_home" wnsn="1" lexsn="2:31:13::">comes_home</wf>
<wf cmd="done" pos="VB" ot="notag">to</wf>
<wf cmd="tag" pos="CD">one</wf>
<wf cmd="tag" pos="JJS">most</wf>
<wf cmd="tag" pos="RB">strongly</wf>
<wf cmd="tag" pos="RB">only</wf>
<wf cmd="ignore" pos="WRB">when</wf>
<wf cmd="tag" pos="CD">one</wf>
<wf cmd="done" pos="VBZ" ot="notag">has</wf>
<wf cmd="done" pos="VB" lemma="see" wnsn="13" lexsn="2:41:10::">seen</wf>
<wf cmd="ignore" pos="DT">the</wf>
<wf cmd="tag" pos="JJ">endless</wf>
<wf cmd="tag" pos="NNP">Great_Plains</wf>
<wf cmd="ignore" pos="IN">of</wf>
<wf cmd="ignore" pos="DT">the</wf>
<wf cmd="tag" pos="NNP">Midwest</wf>
<punc>;</punc>
<wf cmd="ignore" pos="DT">the</wf>
<wf cmd="tag" pos="JJ">sky-reaching</wf>
<wf cmd="tag" pos="NNS">peaks</wf>
<wf cmd="ignore" pos="IN">of</wf>
<wf cmd="ignore" pos="DT">the</wf>
<wf cmd="tag" pos="NNP">Northwest</wf>
<wf cmd="tag" pos="NNS">mountains</wf>
<punc>;</punc>
<wf cmd="ignore" pos="DT">the</wf>
<wf cmd="tag" pos="JJ">smoke-filled</wf>
<punc>,</punc>
<wf cmd="tag" pos="JJ">art-filled</wf>
<punc>,</punc>
<wf cmd="tag" pos="JJ">drama-filled</wf>
<wf cmd="tag" pos="NN">life</wf>
<wf cmd="ignore" pos="IN">of</wf>
<wf cmd="ignore" pos="DT">the</wf>
<wf cmd="tag" pos="JJ">great</wf>
<wf cmd="tag" pos="NNS">cities</wf>
<wf cmd="ignore" pos="IN">of</wf>
<wf cmd="ignore" pos="DT">the</wf>
<wf cmd="tag" pos="NNP">East</wf>
<punc>;</punc>
<wf cmd="ignore" pos="DT">the</wf>
<wf cmd="tag" pos="JJ">lush</wf>
<wf cmd="ignore" pos="CC">and</wf>
<wf cmd="tag" pos="JJ">historic</wf>
<wf cmd="tag" pos="NN">charm</wf>
<wf cmd="ignore" pos="IN">of</wf>
<wf cmd="ignore" pos="DT">the</wf>
<wf cmd="tag" pos="NNP">South</wf>
<punc>.</punc>
</s>
<s snum="3">
<wf cmd="tag" pos="RB">Now</wf>
<punc>,</punc>
<wf cmd="done" pos="TO" ot="complexprep">to_add_to</wf>
<wf cmd="ignore" pos="DT">the</wf>
<wf cmd="tag" pos="RB">already</wf>
<wf cmd="tag" pos="JJ">unbelievable</wf>
<wf cmd="tag" pos="NNS">extremes</wf>
<wf cmd="done" pos="VB" lemma="find" wnsn="2" lexsn="2:39:02::">found</wf>
<wf cmd="ignore" pos="IN">in</wf>
<wf cmd="tag" pos="CD">one</wf>
<wf cmd="tag" pos="NN">nation</wf>
<punc>,</punc>
<wf cmd="ignore" pos="PRP">we</wf>
<wf cmd="done" pos="VB" lemma="have" wnsn="2" lexsn="2:42:00::">have</wf>
<wf cmd="ignore" pos="DT">the</wf>
<wf cmd="tag" pos="CD">two</wf>
<wf cmd="tag" pos="JJ">new</wf>
<wf cmd="tag" pos="NNS">states</wf>
<wf cmd="ignore" pos="IN">of</wf>
<wf cmd="tag" pos="NNP">Hawaii</wf>
<wf cmd="ignore" pos="CC">and</wf>
<wf cmd="tag" pos="NNP">Alaska</wf>
<punc>.</punc>
</s>
</p>
<p pnum="2">
<s snum="4">
<wf cmd="ignore" pos="TO">To</wf>
<wf cmd="done" pos="VB" lemma="hope" wnsn="1" lexsn="2:37:01::">hope</wf>
<wf cmd="ignore" pos="TO">to</wf>
<wf cmd="done" pos="VB" lemma="cover" wnsn="1" lexsn="2:35:00::">cover</wf>
<wf cmd="tag" pos="RB">just</wf>
<wf cmd="tag" pos="CD">one</wf>
<wf cmd="tag" pos="NN">region</wf>
<wf cmd="tag" pos="RB">of_this</wf>
<wf cmd="tag" pos="NN">land</wf>
<wf cmd="ignore" pos="CC">and</wf>
<wf cmd="ignore" pos="TO">to</wf>
<wf cmd="done" pos="VB" lemma="enjoy" wnsn="1" lexsn="2:37:00::">enjoy</wf>
<wf cmd="tag" pos="JJ">all_of</wf>
<wf cmd="ignore" pos="PRP$">its</wf>
<wf cmd="tag" pos="NNS">sights</wf>
<wf cmd="ignore" pos="CC">and</wf>
<wf cmd="tag" pos="NNS">events</wf>
<wf cmd="ignore" pos="CC">and</wf>
<punc>,</punc>
<wf cmd="tag" pos="RB">of_course</wf>
<punc>,</punc>
<wf cmd="ignore" pos="TO">to</wf>
<wf cmd="done" pos="VB" lemma="bring_back" wnsn="1" lexsn="2:38:00::">bring_back</wf>
<wf cmd="tag" pos="NNS">pictures</wf>
<wf cmd="ignore" pos="IN">of</wf>
<wf cmd="ignore" pos="PRP$">your</wf>
<wf cmd="tag" pos="NNS">experiences</wf>
<punc>,</punc>
<wf cmd="done" pos="VB" lemma="require" wnsn="1" lexsn="2:42:00::">requires</wf>
<wf cmd="tag" pos="NN">advance</wf>
<wf cmd="tag" pos="NN">planning</wf>
<punc>.</punc>
</s>
<s snum="5">
<wf cmd="ignore" pos="IN">For</wf>
<wf cmd="ignore" pos="DT">this</wf>
<wf cmd="tag" pos="NN">reason</wf>
<punc>,</punc>
<wf cmd="tag" pos="NNP">U._S._Camera</wf>
<wf cmd="done" pos="VBZ" ot="notag">has</wf>
<wf cmd="done" pos="VB" lemma="prepare" wnsn="4" lexsn="2:36:00::">prepared</wf>
<wf cmd="ignore" pos="DT">this</wf>
<wf cmd="tag" pos="JJ">special</wf>
<wf cmd="tag" pos="NNP">U._S._A.</wf>
<wf cmd="tag" pos="NN">vacation</wf>
<wf cmd="tag" pos="NN">feature</wf>
<punc>.</punc>
</s>
<s snum="6">
<wf cmd="ignore" pos="PRP">We</wf>
<wf cmd="done" pos="VB" lemma="divide" wnsn="1" lexsn="2:41:00::">divided</wf>
<wf cmd="ignore" pos="DT">the</wf>
<wf cmd="tag" pos="NN">country</wf>
<wf cmd="ignore" pos="IN">into</wf>
<wf cmd="tag" pos="CD">five</wf>
<wf cmd="tag" pos="NNS">regions</wf>
<wf cmd="ignore" pos="CC">plus</wf>
<wf cmd="tag" pos="NNP">Hawaii</wf>
<wf cmd="ignore" pos="CC">and</wf>
<wf cmd="tag" pos="NNP">Alaska</wf>
<wf cmd="ignore" pos="CC">and</wf>
<wf cmd="ignore" pos="IN">in</wf>
<wf cmd="ignore" pos="DT">each</wf>
<wf cmd="done" pos="VBZ" ot="notag">is</wf>
<wf cmd="done" pos="VB" lemma="include" wnsn="1" lexsn="2:42:00::">included</wf>
<wf cmd="ignore" pos="DT">a</wf>
<wf cmd="tag" pos="JJ">general</wf>
<wf cmd="tag" pos="NN">description</wf>
<wf cmd="ignore" pos="IN">of</wf>
<wf cmd="ignore" pos="DT">the</wf>
<wf cmd="tag" pos="NN">area</wf>
<wf cmd="ignore" pos="CC">plus</wf>
<wf cmd="tag" pos="JJ">specific</wf>
<wf cmd="tag" pos="NNS">recommendations</wf>
<wf cmd="ignore" pos="IN">of</wf>
<wf cmd="tag" pos="NNS">places</wf>
<wf cmd="ignore" pos="CC">and</wf>
<wf cmd="tag" pos="NNS">events</wf>
<wf cmd="ignore" pos="TO">to</wf>
<wf cmd="done" pos="VB" lemma="cover" wnsn="7" lexsn="2:38:00::">cover</wf>
<punc>.</punc>
</s>
<s snum="7">
<wf cmd="ignore" pos="DT">Any</wf>
<wf cmd="tag" pos="JJ">special</wf>
<wf cmd="tag" pos="JJ">photographic</wf>
<wf cmd="tag" pos="NNS">requirements</wf>
<wf cmd="done" pos="VBP" ot="notag">are</wf>
<wf cmd="tag" pos="RB">also</wf>
<wf cmd="done" pos="VB" lemma="give" wnsn="2" lexsn="2:40:05::">given</wf>
<punc>.</punc>
</s>
</p>
<p pnum="3">
<s snum="8">
<wf cmd="done" pos="VB" lemma="use" wnsn="1" lexsn="2:34:01::">Use</wf>
<wf cmd="ignore" pos="DT">this</wf>
<wf cmd="tag" pos="NN">section</wf>
<wf cmd="ignore" pos="TO">to</wf>
<wf cmd="done" pos="VB" lemma="plan" wnsn="3" lexsn="2:36:00::">plan</wf>
<wf cmd="tag" pos="RB">now</wf>
<wf cmd="ignore" pos="TO">to</wf>
<wf cmd="done" pos="VB" lemma="make" wnsn="2" lexsn="2:30:00::">make</wf>
<wf cmd="done" pos="VB" ot="notag">the</wf>
<wf cmd="tag" pos="NN">most</wf>
<wf cmd="done" pos="VB" ot="notag">of</wf>
<wf cmd="ignore" pos="PRP$">your</wf>
<wf cmd="tag" pos="NN">vacation</wf>
<wf cmd="ignore" pos="IN">in</wf>
<wf cmd="tag" pos="JJ">photogenic</wf>
<wf cmd="tag" pos="NNP">America</wf>
<punc>.</punc>
</s>
</p>
<p pnum="4">
<s snum="9">
<wf cmd="tag" pos="NNP">Birthplace</wf>
<wf cmd="ignore" pos="IN">of</wf>
<wf cmd="ignore" pos="DT">the</wf>
<wf cmd="tag" pos="NN">nation</wf>
<punc>,</punc>
<wf cmd="ignore" pos="DT">the</wf>
<wf cmd="tag" pos="NNP">Northeast</wf>
<wf cmd="done" pos="VB" lemma="offer" wnsn="1" lexsn="2:40:02::">offers</wf>
<wf cmd="tag" pos="JJ">historic</wf>
<wf cmd="tag" pos="NNS">battlefields</wf>
<punc>;</punc>
<wf cmd="tag" pos="JJ">lovely</wf>
<wf cmd="tag" pos="JJ">old</wf>
<wf cmd="tag" pos="NNS">villages</wf>
<wf cmd="ignore" pos="CC">and</wf>
<wf cmd="ignore" pos="DT">a</wf>
<wf cmd="tag" pos="JJ">rugged</wf>
<wf cmd="tag" pos="NN">seashore</wf>
<wf cmd="ignore" pos="IN">among</wf>
<wf cmd="ignore" pos="PRP$">its</wf>
<wf cmd="tag" pos="JJ">many</wf>
<wf cmd="tag" pos="JJ">worthwhile</wf>
<wf cmd="tag" pos="NNS">sights</wf>
<punc>.</punc>
</s>
<s snum="10">
<wf cmd="ignore" pos="DT">The</wf>
<wf cmd="tag" pos="JJ">rolling</wf>
<wf cmd="tag" pos="NNS">farms</wf>
<wf cmd="ignore" pos="IN">of</wf>
<wf cmd="tag" pos="NNP">Maryland</wf>
<punc>,</punc>
<wf cmd="ignore" pos="DT">the</wf>
<wf cmd="tag" pos="JJ">peerless</wf>
<wf cmd="tag" pos="NN">metropolis</wf>
<wf cmd="ignore" pos="IN">of</wf>
<wf cmd="tag" pos="NN">New_York_City</wf>
<punc>,</punc>
<wf cmd="ignore" pos="DT">the</wf>
<wf cmd="tag" pos="JJ">verdant</wf>
<wf cmd="tag" pos="NNS">mountains</wf>
<wf cmd="ignore" pos="IN">of</wf>
<wf cmd="tag" pos="NNP">Vermont</wf>
<wf cmd="ignore" pos="MD">can</wf>
<wf cmd="ignore" pos="DT">all</wf>
<wf cmd="done" pos="VB" ot="notag">be</wf>
<wf cmd="done" pos="VB" lemma="include" wnsn="2" lexsn="2:31:00::">included</wf>
<wf cmd="done" pos="VB" ot="notag">in</wf>
<wf cmd="ignore" pos="PRP$">your</wf>
<wf cmd="tag" pos="NNP">Northeast</wf>
<wf cmd="tag" pos="NN">vacation</wf>
<punc>.</punc>
</s>
</p>
<p pnum="5">
<s snum="11">
<wf cmd="ignore" pos="IN">By</wf>
<wf cmd="tag" pos="NN">automobile</wf>
<wf cmd="ignore" pos="IN">from</wf>
<wf cmd="tag" pos="NN">New_York</wf>
<punc>,</punc>
<wf cmd="tag" pos="RB">for_example</wf>
<punc>,</punc>
<wf cmd="ignore" pos="PRP">you</wf>
<wf cmd="ignore" pos="MD">can</wf>
<wf cmd="done" pos="VB" lemma="take" wnsn="9" lexsn="2:38:02::">take</wf>
<wf cmd="ignore" pos="DT">a</wf>
<wf cmd="tag" pos="CD">one</wf>
<wf cmd="ignore" pos="CC">or</wf>
<wf cmd="tag" pos="JJ">two-day</wf>
<wf cmd="tag" pos="NN">tour</wf>
<wf cmd="ignore" pos="TO">to</wf>
<wf cmd="tag" pos="NNP">Annapolis</wf>
<punc>,</punc>
<wf cmd="tag" pos="NNP">Maryland</wf>
<wf cmd="ignore" pos="TO">to</wf>
<wf cmd="done" pos="VB" lemma="see" wnsn="13" lexsn="2:41:10::">see</wf>
<wf cmd="ignore" pos="DT">the</wf>
<wf cmd="tag" pos="JJ">colonial</wf>
<wf cmd="tag" pos="NNS">homes</wf>
<wf cmd="ignore" pos="CC">and</wf>
<wf cmd="ignore" pos="DT">the</wf>
<wf cmd="tag" pos="NNP">U._S.</wf>
<wf cmd="tag" pos="NN">Naval_Academy</wf>
<punc>(</punc>
<wf cmd="ignore" pos="WRB">where</wf>
<wf cmd="ignore" pos="PRP">you</wf>
<wf cmd="ignore" pos="MD">can</wf>
<wf cmd="done" pos="VB" lemma="shoot" wnsn="4" lexsn="2:32:01::">shoot</wf>
<wf cmd="ignore" pos="DT">the</wf>
<wf cmd="tag" pos="NN">dress</wf>
<wf cmd="tag" pos="NN">parade</wf>
<wf cmd="ignore" pos="IN">on</wf>
<wf cmd="tag" pos="NNS">Wednesdays</wf>
<punc>)</punc>
<punc>;</punc>
<wf cmd="ignore" pos="TO">to</wf>
<wf cmd="tag" pos="NNP">Washington</wf>
<punc>,</punc>
<wf cmd="tag" pos="NNP">D._C.</wf>
<punc>,</punc>
<wf cmd="ignore" pos="IN">for</wf>
<wf cmd="ignore" pos="DT">an</wf>
<wf cmd="tag" pos="JJ">eye-filling</wf>
<wf cmd="tag" pos="NN">tour</wf>
<wf cmd="ignore" pos="IN">of</wf>
<wf cmd="ignore" pos="DT">the</wf>
<wf cmd="tag" pos="NN">city</wf>
<punc>;</punc>
<wf cmd="ignore" pos="CC">or</wf>
<wf cmd="ignore" pos="TO">to</wf>
<wf cmd="tag" pos="NNP">Lancaster</wf>
<punc>,</punc>
<wf cmd="tag" pos="NNP">Pa.</wf>
<punc>,</punc>
<wf cmd="ignore" pos="DT">the</wf>
<wf cmd="tag" pos="NN">center</wf>
<wf cmd="ignore" pos="IN">of</wf>
<wf cmd="ignore" pos="DT">the</wf>
<wf cmd="tag" pos="NN">Pennsylvania_Dutch</wf>
<wf cmd="tag" pos="NN">country</wf>
<punc>;</punc>
<wf cmd="tag" pos="NNP">Philadelphia</wf>
<wf cmd="ignore" pos="IN">with</wf>
<wf cmd="ignore" pos="PRP$">its</wf>
<wf cmd="tag" pos="JJ">historic</wf>
<wf cmd="tag" pos="NNS">buildings</wf>
<wf cmd="ignore" pos="CC">and</wf>
<wf cmd="tag" pos="JJ">nearby</wf>
<wf cmd="tag" pos="NNP">Valley_Forge</wf>
<punc>;</punc>
<wf cmd="ignore" pos="TO">to</wf>
<wf cmd="tag" pos="NNP">West_Point</wf>
<punc>,</punc>
<wf cmd="tag" pos="NNP">N._Y.</wf>
<punc>,</punc>
<wf cmd="ignore" pos="DT">the</wf>
<wf cmd="tag" pos="JJ">famous</wf>
<wf cmd="tag" pos="NN">military_academy</wf>
<wf cmd="ignore" pos="IN">in</wf>
<wf cmd="ignore" pos="DT">a</wf>
<wf cmd="tag" pos="JJ">beautiful</wf>
<wf cmd="tag" pos="NN">setting</wf>
<wf cmd="done" pos="VB" ot="notag">on</wf>
<wf cmd="ignore" pos="DT">the</wf>
<wf cmd="tag" pos="NN">Hudson_River</wf>
<punc>.</punc>
</s>
</p>
<p pnum="6">
<s snum="12">
<wf cmd="tag" pos="NN">New_England</wf>
<wf cmd="done" pos="VB" lemma="deserve" wnsn="1" lexsn="2:42:00::">deserves</wf>
<wf cmd="ignore" pos="IN">as</wf>
<wf cmd="tag" pos="JJ">much</wf>
<wf cmd="ignore" pos="IN">of</wf>
<wf cmd="ignore" pos="PRP$">your</wf>
<wf cmd="tag" pos="NN">vacation</wf>
<wf cmd="tag" pos="NN">time</wf>
<wf cmd="ignore" pos="IN">as</wf>
<wf cmd="ignore" pos="PRP">you</wf>
<wf cmd="ignore" pos="MD">can</wf>
<wf cmd="done" pos="VB" lemma="afford" wnsn="1" lexsn="2:34:00::">afford</wf>
<wf cmd="ignore" pos="IN">with</wf>
<wf cmd="tag" pos="JJ">such</wf>
<wf cmd="tag" pos="NNS">areas</wf>
<wf cmd="ignore" pos="IN">as</wf>
<wf cmd="tag" pos="NNP">Cape_Cod</wf>
<wf cmd="done" pos="VB" lemma="provide" wnsn="1" lexsn="2:40:00::">providing</wf>
<wf cmd="tag" pos="JJ">wonderful</wf>
<wf cmd="tag" pos="NNS">beaches</wf>
<punc>,</punc>
<wf cmd="tag" pos="NNS">artists</wf>
<punc>'</punc>
<wf cmd="tag" pos="NNS">colonies</wf>
<wf cmd="ignore" pos="CC">and</wf>
<wf cmd="tag" pos="JJ">quaint</wf>
<wf cmd="tag" pos="NNS">townships</wf>
<punc>.</punc>
</s>
<s snum="13">
<wf cmd="ignore" pos="IN">From</wf>
<wf cmd="tag" pos="RB">here</wf>
<wf cmd="ignore" pos="PRP">you</wf>
<wf cmd="ignore" pos="MD">can</wf>
<wf cmd="tag" pos="RB">easily</wf>
<wf cmd="done" pos="VB" lemma="include" wnsn="3" lexsn="2:30:00::">include</wf>
<wf cmd="ignore" pos="DT">a</wf>
<wf cmd="tag" pos="NN">side</wf>
<wf cmd="tag" pos="NN">trip</wf>
<wf cmd="ignore" pos="TO">to</wf>
<wf cmd="ignore" pos="DT">the</wf>
<wf cmd="tag" pos="JJ">old</wf>
<wf cmd="tag" pos="NN">whaling</wf>
<wf cmd="tag" pos="NN">port</wf>
<wf cmd="ignore" pos="IN">of</wf>
<wf cmd="tag" pos="NNP">Nantucket</wf>
<punc>,</punc>
<wf cmd="tag" pos="NNP">Massachusetts</wf>
<punc>,</punc>
<wf cmd="ignore" pos="WDT">which</wf>
<wf cmd="done" pos="VB" lemma="look" wnsn="2" lexsn="2:39:01::">looks</wf>
<wf cmd="tag" pos="RB">just_as</wf>
<wf cmd="ignore" pos="PRP">it</wf>
<wf cmd="ignore" pos="MD">must</wf>
<wf cmd="done" pos="VB" ot="notag">have</wf>
<wf cmd="tag" pos="CD">two</wf>
<wf cmd="tag" pos="NNS">centuries</wf>
<wf cmd="tag" pos="RB">ago</wf>
<punc>.</punc>
</s>
</p>
<p pnum="7">
<s snum="14">
<wf cmd="ignore" pos="IN">At</wf>
<wf cmd="tag" pos="NNP">Sturbridge_Village</wf>
<punc>,</punc>
<wf cmd="tag" pos="NNP">Massachusetts</wf>
<punc>,</punc>
<wf cmd="ignore" pos="PRP">you</wf>
<wf cmd="ignore" pos="MD">'ll</wf>
<wf cmd="done" pos="VB" lemma="find" wnsn="1" lexsn="2:40:02::">find</wf>
<wf cmd="ignore" pos="DT">a</wf>
<wf cmd="tag" pos="JJ">completely-restored</wf>
<wf cmd="tag" pos="NN">New_England</wf>
<wf cmd="tag" pos="NN">town</wf>
<punc>.</punc>
</s>
<s snum="15">
<wf cmd="tag" pos="NNP">North</wf>
<wf cmd="ignore" pos="TO">to</wf>
<wf cmd="tag" pos="NNP">Acadia</wf>
<wf cmd="tag" pos="NN">National_Park</wf>
<punc>,</punc>
<wf cmd="tag" pos="NNP">Maine</wf>
<punc>,</punc>
<wf cmd="ignore" pos="IN">with</wf>
<wf cmd="tag" pos="NNS">views</wf>
<wf cmd="ignore" pos="IN">of</wf>
<wf cmd="ignore" pos="DT">a</wf>
<wf cmd="tag" pos="JJ">rockbound</wf>
<wf cmd="tag" pos="NN">coast</wf>
<wf cmd="ignore" pos="CC">and</wf>
<wf cmd="tag" pos="JJ">dark</wf>
<punc>,</punc>
<wf cmd="tag" pos="JJ">magnificent</wf>
<wf cmd="tag" pos="NNS">forests</wf>
<punc>.</punc>
</s>
</p>
<p pnum="8">
<s snum="16">
<wf cmd="tag" pos="CD">One</wf>
<wf cmd="ignore" pos="IN">of</wf>
<wf cmd="tag" pos="RB">the_most</wf>
<wf cmd="tag" pos="JJ">exciting</wf>
<wf cmd="tag" pos="NNS">ways</wf>
<wf cmd="ignore" pos="TO">to</wf>
<wf cmd="done" pos="VB" lemma="end" wnsn="2" lexsn="2:30:01::">end</wf>
<wf cmd="ignore" pos="DT">a</wf>
<wf cmd="tag" pos="NNP">Northeast</wf>
<wf cmd="tag" pos="NN">vacation</wf>
<wf cmd="ignore" pos="MD">would</wf>
<wf cmd="done" pos="VB" lemma="be" wnsn="1" lexsn="2:42:03::">be</wf>
<wf cmd="ignore" pos="IN">with</wf>
<wf cmd="ignore" pos="DT">a</wf>
<wf cmd="tag" pos="NN">week</wf>
<wf cmd="ignore" pos="IN">in</wf>
<wf cmd="tag" pos="NN">New_York_City</wf>
<punc>.</punc>
</s>
<s snum="17">
<wf cmd="done" pos="VB" lemma="return" wnsn="1" lexsn="2:38:00::">Return</wf>
<wf cmd="ignore" pos="IN">through</wf>
<wf cmd="tag" pos="NN">New_England</wf>
<punc>,</punc>
<wf cmd="done" pos="VB" lemma="stop" wnsn="4" lexsn="2:38:02::">stopping</wf>
<wf cmd="ignore" pos="IN">for</wf>
<wf cmd="ignore" pos="DT">a</wf>
<wf cmd="tag" pos="NN">visit</wf>
<wf cmd="ignore" pos="TO">to</wf>
<wf cmd="tag" pos="NNP">Lake_Champlain</wf>
<wf cmd="ignore" pos="WRB">where</wf>
<wf cmd="ignore" pos="PRP">you</wf>
<wf cmd="ignore" pos="MD">can</wf>
<wf cmd="done" pos="VB" lemma="take" wnsn="9" lexsn="2:38:02::">take</wf>
<wf cmd="ignore" pos="DT">a</wf>
<wf cmd="tag" pos="NN">boat</wf>
<wf cmd="tag" pos="NN">ride</wf>
<wf cmd="ignore" pos="CC">and</wf>
<wf cmd="done" pos="VB" lemma="go_to" wnsn="0" lexsn="2:38:00::">go_to</wf>
<wf cmd="tag" pos="NNP">Ethan_Allen_Park</wf>
<punc>.</punc>
</s>
<s snum="18">
<wf cmd="ignore" pos="EX">There</wf>
<wf cmd="ignore" pos="PRP">you</wf>
<wf cmd="ignore" pos="MD">'ll</wf>
<wf cmd="done" pos="VB" lemma="witness" wnsn="1" lexsn="2:39:00::">witness</wf>
<wf cmd="ignore" pos="DT">a</wf>
<wf cmd="tag" pos="NN">view</wf>
<wf cmd="ignore" pos="WDT">which</wf>
<wf cmd="done" pos="VB" lemma="include" wnsn="1" lexsn="2:42:00::">includes</wf>
<wf cmd="ignore" pos="DT">the</wf>
<wf cmd="tag" pos="NNP">Adirondack_Mts.</wf>
<wf cmd="ignore" pos="CC">and</wf>
<wf cmd="ignore" pos="DT">the</wf>
<wf cmd="tag" pos="NNP">Winooski_River</wf>
<punc>.</punc>
</s>
</p>
<p pnum="9">
<s snum="19">
<wf cmd="tag" pos="RB">Now</wf>
<wf cmd="ignore" pos="PRP">you</wf>
<wf cmd="done" rdf="are" pos="VB" lemma="be" wnsn="1" lexsn="2:42:03::">'re</wf>
<wf cmd="tag" pos="JJ">ready</wf>
<wf cmd="ignore" pos="IN">for</wf>
<wf cmd="ignore" pos="DT">a</wf>
<wf cmd="tag" pos="NN">whirlwind</wf>
<wf cmd="tag" pos="NN">sightseeing</wf>
<wf cmd="tag" pos="NN">tour</wf>
<wf cmd="ignore" pos="IN">of</wf>
<wf cmd="tag" pos="NNP">America</wf>
<wf cmd="ignore" pos="POS">'s</wf>
<wf cmd="tag" pos="RBS">most</wf>
<wf cmd="tag" pos="JJ">exciting</wf>
<wf cmd="tag" pos="NN">city</wf>
<punc>.</punc>
</s>
<s snum="20">
<wf cmd="ignore" pos="DT">The</wf>
<wf cmd="tag" pos="NN">skyline</wf>
<punc>,</punc>
<wf cmd="ignore" pos="DT">the</wf>
<wf cmd="tag" pos="NNS">bridges</wf>
<punc>,</punc>
<wf cmd="tag" pos="NNP">Broadway</wf>
<punc>,</punc>
<wf cmd="ignore" pos="CC">and</wf>
<wf cmd="ignore" pos="DT">the</wf>
<wf cmd="tag" pos="NN">Staten_Island</wf>
<wf cmd="tag" pos="NN">ferry</wf>
<wf cmd="done" pos="VB" lemma="be" wnsn="2" lexsn="2:42:06::">are</wf>
<wf cmd="tag" pos="RB">only</wf>
<wf cmd="tag" pos="JJ">a_few</wf>
<wf cmd="ignore" pos="IN">of</wf>
<wf cmd="ignore" pos="DT">the</wf>
<wf cmd="tag" pos="NNS">spots</wf>
<wf cmd="ignore" pos="TO">to</wf>
<wf cmd="done" pos="VB" lemma="put_on" wnsn="2" lexsn="2:30:00::">put_on</wf>
<wf cmd="ignore" pos="PRP$">your</wf>
<punc>``</punc>
<wf cmd="ignore" pos="MD">must</wf>
<punc>''</punc>
<wf cmd="tag" pos="NN">list</wf>
<wf cmd="ignore" pos="IN">for</wf>
<wf cmd="tag" pos="NN">New_York_City</wf>
<punc>.</punc>
</s>
</p>
<p pnum="10">
<s snum="21">
<wf cmd="ignore" pos="DT">Some</wf>
<wf cmd="tag" pos="NNS">tips</wf>
<wf cmd="ignore" pos="IN">for</wf>
<wf cmd="tag" pos="NN">shooting</wf>
<wf cmd="ignore" pos="IN">in</wf>
<wf cmd="tag" pos="JJ">Northeastern</wf>
<wf cmd="tag" pos="NNS">locales</wf>
<punc>:</punc>
<wf cmd="ignore" pos="IN">In</wf>
<wf cmd="tag" pos="NN">New_York_City</wf>
<wf cmd="done" pos="VBP" ot="notag">do</wf>
<wf cmd="tag" pos="RB">n't</wf>
<wf cmd="done" pos="VB" lemma="miss" wnsn="3" lexsn="2:42:01::">miss</wf>
<wf cmd="tag" pos="NN">coverage</wf>
<wf cmd="ignore" pos="IN">of</wf>
<wf cmd="ignore" pos="DT">the</wf>
<wf cmd="tag" pos="NN">United_Nations</wf>
<punc>.</punc>
</s>
<s snum="22">
<wf cmd="ignore" pos="DT">These</wf>
<wf cmd="tag" pos="JJ">striking</wf>
<punc>,</punc>
<wf cmd="tag" pos="JJ">modernistic</wf>
<wf cmd="tag" pos="NNS">buildings</wf>
<wf cmd="ignore" pos="IN">on</wf>
<wf cmd="ignore" pos="DT">the</wf>
<wf cmd="tag" pos="NNP">East_River</wf>
<wf cmd="done" pos="VB" lemma="be" wnsn="1" lexsn="2:42:03::">are</wf>
<wf cmd="tag" pos="JJ">open_to</wf>
<wf cmd="ignore" pos="DT">the</wf>
<wf cmd="tag" pos="JJ">public</wf>
<wf cmd="ignore" pos="CC">and</wf>
<wf cmd="ignore" pos="DT">every</wf>
<wf cmd="tag" pos="NN">weekday</wf>
<wf cmd="tag" pos="JJ">guided</wf>
<wf cmd="tag" pos="NNS">tours</wf>
<wf cmd="done" pos="VB" lemma="be" wnsn="1" lexsn="2:42:03::">are</wf>
<wf cmd="tag" pos="JJ">available</wf>
<punc>.</punc>
</s>
<s snum="23">
<wf cmd="tag" pos="NNPS">Pictures</wf>
<wf cmd="ignore" pos="MD">can</wf>
<wf cmd="done" pos="VB" ot="notag">be</wf>
<wf cmd="done" pos="VB" lemma="take" wnsn="16" lexsn="2:32:02::">taken</wf>
<wf cmd="done" pos="VB" ot="notag">in</wf>
<wf cmd="ignore" pos="DT">the</wf>
<wf cmd="tag" pos="JJ">public</wf>
<wf cmd="tag" pos="NNS">areas</wf>
<wf cmd="ignore" pos="CC">and</wf>
<wf cmd="ignore" pos="WRB">when</wf>
<wf cmd="tag" pos="NN">on_tours</wf>
<punc>.</punc>
</s>
<s snum="24">
<wf cmd="tag" pos="RB">However</wf>
<punc>,</punc>
<wf cmd="ignore" pos="DT">the</wf>
<wf cmd="tag" pos="NN">use</wf>
<wf cmd="ignore" pos="IN">of</wf>
<wf cmd="tag" pos="NNS">tripods</wf>
<wf cmd="done" pos="VBZ" ot="notag">is</wf>
<wf cmd="tag" pos="RB">not</wf>
<wf cmd="done" pos="VB" lemma="allow" wnsn="1" lexsn="2:41:00::">allowed</wf>
<punc>.</punc>
</s>
<s snum="25">
<wf cmd="tag" pos="NNS">Photos</wf>
<wf cmd="ignore" pos="IN">of</wf>
<wf cmd="tag" pos="NNP">Conference</wf>
<wf cmd="tag" pos="NNS">Rooms</wf>
<wf cmd="ignore" pos="CC">and</wf>
<wf cmd="ignore" pos="DT">the</wf>
<wf cmd="tag" pos="NN">General_Assembly</wf>
<wf cmd="tag" pos="NNP">Hall</wf>
<wf cmd="ignore" pos="MD">can</wf>
<wf cmd="done" pos="VB" ot="notag">be</wf>
<wf cmd="done" pos="VB" lemma="make" wnsn="3" lexsn="2:36:00::">made</wf>
<wf cmd="ignore" pos="WRB">when</wf>
<wf cmd="ignore" pos="DT">these</wf>
<wf cmd="tag" pos="NNS">rooms</wf>
<wf cmd="done" pos="VBP" ot="notag">are</wf>
<wf cmd="tag" pos="RB">not</wf>
<wf cmd="done" pos="VBG" ot="notag">being</wf>
<wf cmd="done" pos="VB" lemma="use" wnsn="1" lexsn="2:34:01::">used</wf>
<wf cmd="ignore" pos="IN">for</wf>
<wf cmd="tag" pos="NNS">meetings</wf>
<punc>.</punc>
</s>
<s snum="26">
<wf cmd="tag" pos="NN">Flash</wf>
<wf cmd="done" pos="VBZ" ot="notag">is</wf>
<wf cmd="done" pos="VB" lemma="allow" wnsn="1" lexsn="2:41:00::">allowed</wf>
<punc>,</punc>
<wf cmd="tag" pos="JJ">subject_to</wf>
<wf cmd="ignore" pos="IN">above</wf>
<wf cmd="tag" pos="NNS">restrictions</wf>
<punc>.</punc>
</s>
</p>
<p pnum="11">
<s snum="27">
<wf cmd="ignore" pos="IN">Around</wf>
<wf cmd="tag" pos="NN">New_England</wf>
<punc>,</punc>
<wf cmd="ignore" pos="PRP">you</wf>
<wf cmd="ignore" pos="MD">'ll</wf>
<wf cmd="tag" pos="RB">no_doubt</wf>
<wf cmd="done" pos="VB" lemma="want" wnsn="1" lexsn="2:37:00::">want</wf>
<wf cmd="ignore" pos="DT">a</wf>
<wf cmd="tag" pos="NN">color</wf>
<wf cmd="tag" pos="NN">shot</wf>
<wf cmd="ignore" pos="IN">of</wf>
<wf cmd="tag" pos="CD">one</wf>
<wf cmd="ignore" pos="IN">of</wf>
<wf cmd="ignore" pos="DT">the</wf>
<wf cmd="tag" pos="JJ">picturesque</wf>
<wf cmd="tag" pos="NNS">lighthouses</wf>
<punc>.</punc>
</s>
<s snum="28">
<wf cmd="done" pos="VB" lemma="be" wnsn="1" lexsn="2:42:03::">Be</wf>
<wf cmd="tag" pos="JJ">careful</wf>
<wf cmd="tag" pos="RB">here</wf>
<wf cmd="tag" pos="RB">not</wf>
<wf cmd="ignore" pos="TO">to</wf>
<wf cmd="done" pos="VB" lemma="overexpose" wnsn="1" lexsn="2:39:01::">overexpose</wf>
<wf cmd="ignore" pos="DT">this</wf>
<wf cmd="tag" pos="NN">subject</wf>
<wf cmd="ignore" pos="IN">since</wf>
<wf cmd="ignore" pos="PRP">they</wf>
<wf cmd="done" pos="VB" lemma="be" wnsn="1" lexsn="2:42:03::">are</wf>
<wf cmd="tag" pos="RB">extremely</wf>
<wf cmd="tag" pos="JJ">bright</wf>
<wf cmd="ignore" pos="CC">and</wf>
<wf cmd="tag" pos="JJ">light-reflecting</wf>
<punc>.</punc>
</s>
<s snum="29">
<wf cmd="ignore" pos="IN">In</wf>
<wf cmd="tag" pos="NN">color</wf>
<punc>,</punc>
<wf cmd="tag" pos="CD">1</wf>
<wf cmd="tag" pos="CD">50</wf>
<wf cmd="ignore" pos="DT">th</wf>
<wf cmd="ignore" pos="IN">of</wf>
<wf cmd="ignore" pos="DT">a</wf>
<wf cmd="tag" pos="NN">second</wf>
<wf cmd="ignore" pos="IN">between</wf>
<punc>*</punc>
<punc>*</punc>
<wf cmd="tag" pos="NN">f</wf>
<wf cmd="ignore" pos="CC">and</wf>
<punc>*</punc>
<punc>*</punc>
<wf cmd="tag" pos="NN">f</wf>
<wf cmd="ignore" pos="MD">will</wf>
<wf cmd="done" pos="VB" lemma="do" wnsn="7" lexsn="2:42:01::">do</wf>
<wf cmd="ignore" pos="IN">for</wf>
<wf cmd="tag" pos="JJ">bright</wf>
<punc>,</punc>
<wf cmd="tag" pos="JJ">frontal</wf>
<wf cmd="tag" pos="NN">sunlight</wf>
<punc>.</punc>
</s>
</p>
<p pnum="12">
<s snum="30">
<wf cmd="ignore" pos="DT">The</wf>
<wf cmd="tag" pos="NNP">Southern</wf>
<wf cmd="tag" pos="NN">United_States</wf>
<punc>,</punc>
<wf cmd="done" pos="VB" lemma="extend" wnsn="2" lexsn="2:42:03::">extending</wf>
<wf cmd="ignore" pos="IN">from</wf>
<wf cmd="tag" pos="NNP">Florida</wf>
<wf cmd="ignore" pos="IN">in</wf>
<wf cmd="ignore" pos="DT">the</wf>
<wf cmd="tag" pos="JJ">east</wf>
<wf cmd="ignore" pos="TO">to</wf>
<wf cmd="tag" pos="NNP">Texas</wf>
<wf cmd="ignore" pos="IN">in</wf>
<wf cmd="ignore" pos="DT">the</wf>
<wf cmd="tag" pos="NN">west</wf>
<punc>,</punc>
<wf cmd="tag" pos="RB">still</wf>
<wf cmd="done" pos="VB" lemma="maintain" wnsn="2" lexsn="2:40:00::">maintains</wf>
<wf cmd="ignore" pos="PRP$">its</wf>
<wf cmd="tag" pos="JJ">unique</wf>
<wf cmd="tag" pos="NN">flavor</wf>
<wf cmd="ignore" pos="IN">of</wf>
<wf cmd="tag" pos="JJ">gracious</wf>
<wf cmd="tag" pos="NN">living</wf>
<wf cmd="ignore" pos="CC">and</wf>
<wf cmd="tag" pos="JJ">historical</wf>
<wf cmd="tag" pos="NN">elegance</wf>
<punc>.</punc>
</s>
<s snum="31">
<wf cmd="ignore" pos="PRP">It</wf>
<wf cmd="done" pos="VB" lemma="encompass" wnsn="1" lexsn="2:42:00::">encompasses</wf>
<wf cmd="ignore" pos="IN">in</wf>
<wf cmd="ignore" pos="PRP$">its</wf>
<wf cmd="tag" pos="NN">expanse</wf>
<wf cmd="tag" pos="NNS">areas</wf>
<wf cmd="ignore" pos="WRB">where</wf>
<wf cmd="ignore" pos="DT">the</wf>
<wf cmd="tag" pos="JJ">natural</wf>
<wf cmd="tag" pos="NN">beauty</wf>
<wf cmd="done" pos="VB" lemma="encourage" wnsn="2" lexsn="2:37:00::">encourages</wf>
<wf cmd="ignore" pos="DT">a</wf>
<wf cmd="tag" pos="NN">vacation</wf>
<wf cmd="ignore" pos="IN">of</wf>
<wf cmd="tag" pos="JJ">quiet</wf>
<wf cmd="tag" pos="NN">contemplation</wf>
<punc>,</punc>
<wf cmd="tag" pos="RB">on_the_one_hand</wf>
<punc>,</punc>
<wf cmd="ignore" pos="TO">to</wf>
<wf cmd="tag" pos="NNS">places</wf>
<wf cmd="ignore" pos="WRB">where</wf>
<wf cmd="tag" pos="NN">entertainment</wf>
<wf cmd="ignore" pos="CC">and</wf>
<wf cmd="tag" pos="NNS">spectacles</wf>
<wf cmd="ignore" pos="IN">of</wf>
<wf cmd="ignore" pos="DT">all</wf>
<wf cmd="tag" pos="NNS">sorts</wf>
<wf cmd="done" pos="VBP" ot="notag">have</wf>
<wf cmd="done" pos="VBN" ot="notag">been</wf>
<wf cmd="done" pos="VB" lemma="provide" wnsn="1" lexsn="2:40:00::">provided</wf>
<wf cmd="done" pos="VB" ot="notag">for</wf>
<wf cmd="ignore" pos="DT">the</wf>
<wf cmd="tag" pos="NN">tourist</wf>
<wf cmd="ignore" pos="IN">with</wf>
<wf cmd="tag" pos="NN">camera</wf>
<punc>.</punc>
</s>
</p>
<p pnum="13">
<s snum="32">
<wf cmd="ignore" pos="IN">Of</wf>
<wf cmd="tag" pos="JJ">special</wf>
<wf cmd="tag" pos="NN">interest</wf>
<wf cmd="ignore" pos="DT">this</wf>
<wf cmd="tag" pos="NN">anniversary</wf>
<wf cmd="tag" pos="NN">year</wf>
<wf cmd="ignore" pos="IN">of</wf>
<wf cmd="ignore" pos="DT">the</wf>
<wf cmd="tag" pos="NN">war_between_the_states</wf>
<wf cmd="done" pos="VB" lemma="be" wnsn="4" lexsn="2:42:00::">are</wf>
<wf cmd="ignore" pos="DT">the</wf>
<wf cmd="tag" pos="JJ">many</wf>
<wf cmd="tag" pos="NN">Civil_War</wf>
<wf cmd="tag" pos="NNS">battlefields</wf>
<wf cmd="ignore" pos="WRB">where</wf>
<punc>,</punc>
<wf cmd="tag" pos="JJ">likely</wf>
<wf cmd="ignore" pos="IN">as</wf>
<wf cmd="tag" pos="RB">not</wf>
<punc>,</punc>
<wf cmd="ignore" pos="PRP">you</wf>
<wf cmd="ignore" pos="MD">'ll</wf>
<wf cmd="done" pos="VB" lemma="catch" wnsn="15" lexsn="2:39:02::">catch</wf>
<wf cmd="ignore" pos="DT">some</wf>
<wf cmd="tag" pos="NN">memorial</wf>
<wf cmd="tag" pos="NNS">re-enactments</wf>
<punc>.</punc>
</s>
<s snum="33">
<wf cmd="ignore" pos="IN">Among</wf>
<wf cmd="ignore" pos="DT">the</wf>
<wf cmd="tag" pos="NNS">locales</wf>
<wf cmd="ignore" pos="TO">to</wf>
<wf cmd="done" pos="VB" lemma="visit" wnsn="1" lexsn="2:41:02::">visit</wf>
<wf cmd="done" pos="VB" lemma="be" wnsn="1" lexsn="2:42:03::">are</wf>
<wf cmd="tag" pos="NNP">Shiloh</wf>
<punc>,</punc>
<wf cmd="tag" pos="NNP">Tennessee</wf>
<punc>;</punc>
<wf cmd="tag" pos="NNP">Lookout_Mountain</wf>
<punc>,</punc>
<wf cmd="tag" pos="NNP">Tennessee</wf>
<punc>;</punc>
<wf cmd="tag" pos="NNP">Vicksburg</wf>
<punc>,</punc>
<wf cmd="tag" pos="NNP">Mississippi</wf>
<punc>;</punc>
<wf cmd="tag" pos="NNP">Richmond</wf>
<punc>,</punc>
<wf cmd="tag" pos="NNP">Virginia</wf>
<punc>;</punc>
<wf cmd="tag" pos="NNP">Petersburg</wf>
<punc>,</punc>
<wf cmd="tag" pos="NNP">Virginia</wf>
<punc>,</punc>
<wf cmd="ignore" pos="CC">and</wf>
<wf cmd="tag" pos="NNP">Fredericksburg</wf>
<punc>,</punc>
<wf cmd="tag" pos="NNP">Virginia</wf>
<punc>.</punc>
</s>
</p>
<p pnum="14">
<s snum="34">
<wf cmd="tag" pos="NNP">Florida</wf>
<wf cmd="done" pos="VB" lemma="provide" wnsn="1" lexsn="2:40:00::">provides</wf>
<wf cmd="tag" pos="JJ">tropical</wf>
<wf cmd="tag" pos="NNS">scenes</wf>
<wf cmd="tag" pos="JJ">unequalled</wf>
<wf cmd="ignore" pos="IN">in</wf>
<wf cmd="ignore" pos="DT">the</wf>
<wf cmd="tag" pos="NN">United_States</wf>
<punc>.</punc>
</s>
<s snum="35">
<wf cmd="ignore" pos="IN">At</wf>
<wf cmd="tag" pos="NNP">Cypress</wf>
<wf cmd="tag" pos="NNPS">Gardens</wf>
<wf cmd="tag" pos="JJ">special</wf>
<wf cmd="tag" pos="NNS">bleachers</wf>
<wf cmd="done" pos="VBP" ot="notag">are</wf>
<wf cmd="done" pos="VB" lemma="set_up" wnsn="2" lexsn="2:36:00::">set_up</wf>
<wf cmd="ignore" pos="IN">for</wf>
<wf cmd="tag" pos="NNS">photographers</wf>
<wf cmd="ignore" pos="IN">at</wf>
<wf cmd="tag" pos="NN">water-ski</wf>
<wf cmd="tag" pos="NNS">shows</wf>
<wf cmd="ignore" pos="CC">and</wf>
<wf cmd="tag" pos="JJ">lovely</wf>
<wf cmd="tag" pos="NNS">models</wf>
<wf cmd="done" pos="VB" lemma="pose" wnsn="2" lexsn="2:39:00::">pose</wf>
<wf cmd="ignore" pos="IN">for</wf>
<wf cmd="tag" pos="NNS">pictures</wf>
<wf cmd="ignore" pos="IN">in</wf>
<wf cmd="tag" pos="NN">garden</wf>
<wf cmd="tag" pos="NNS">settings</wf>
<punc>.</punc>
</s>
<s snum="36">
<wf cmd="tag" pos="NN">Silver</wf>
<wf cmd="tag" pos="NNP">Springs</wf>
<wf cmd="done" pos="VB" lemma="feature" wnsn="1" lexsn="2:42:00::">features</wf>
<wf cmd="tag" pos="JJ">glass-bottom</wf>
<wf cmd="tag" pos="NN">boat</wf>
<wf cmd="tag" pos="NNS">rides</wf>
<wf cmd="ignore" pos="CC">and</wf>
<wf cmd="ignore" pos="IN">in</wf>
<wf cmd="tag" pos="NNP">Everglades</wf>
<wf cmd="tag" pos="NN">National_Park</wf>
<wf cmd="ignore" pos="EX">there</wf>
<wf cmd="done" pos="VB" lemma="be" wnsn="5" lexsn="2:42:04::">are</wf>
<wf cmd="tag" pos="NNS">opportunities</wf>
<wf cmd="ignore" pos="TO">to</wf>
<wf cmd="done" pos="VB" lemma="photograph" wnsn="1" lexsn="2:32:00::">photograph</wf>
<wf cmd="tag" pos="JJ">rare</wf>
<wf cmd="tag" pos="NN">wildlife</wf>
<punc>.</punc>
</s>
<s snum="37">
<wf cmd="tag" pos="NNP">Miami_Beach</wf>
<wf cmd="ignore" pos="CC">and</wf>
<wf cmd="tag" pos="NNS">surroundings</wf>
<wf cmd="done" pos="VB" lemma="feature" wnsn="1" lexsn="2:42:00::">feature</wf>
<wf cmd="tag" pos="JJ">fabulous</wf>
<punc>``</punc>
<wf cmd="tag" pos="NN">hotel</wf>
<wf cmd="tag" pos="NN">row</wf>
<punc>''</punc>
<punc>,</punc>
<wf cmd="tag" pos="JJ">palm-studded</wf>
<wf cmd="tag" pos="NNS">beaches</wf>
<wf cmd="ignore" pos="CC">plus</wf>
<wf cmd="ignore" pos="DT">the</wf>
<wf cmd="tag" pos="NNP">Miami_Seaquarium</wf>
<wf cmd="ignore" pos="CC">and</wf>
<wf cmd="tag" pos="NNP">Parrot_Jungle</wf>
<punc>.</punc>
</s>
</p>
<p pnum="15">
<s snum="38">
<wf cmd="tag" pos="CD">One</wf>
<wf cmd="ignore" pos="IN">of</wf>
<wf cmd="tag" pos="RB">the_most</wf>
<wf cmd="tag" pos="JJ">delightful</wf>
<wf cmd="tag" pos="NNS">spots</wf>
<wf cmd="ignore" pos="IN">in</wf>
<wf cmd="ignore" pos="DT">a</wf>
<wf cmd="tag" pos="JJ">southern</wf>
<wf cmd="tag" pos="NN">tour</wf>
<wf cmd="done" pos="VB" lemma="be" wnsn="2" lexsn="2:42:06::">is</wf>
<wf cmd="ignore" pos="DT">the</wf>
<wf cmd="tag" pos="NN">city</wf>
<wf cmd="ignore" pos="IN">of</wf>
<wf cmd="tag" pos="NN">New_Orleans</wf>
<punc>.</punc>
</s>
<s snum="39">
<wf cmd="ignore" pos="DT">The</wf>
<wf cmd="tag" pos="JJ">famous</wf>
<wf cmd="tag" pos="NN">old_French</wf>
<wf cmd="ignore" pos="CC">and</wf>
<wf cmd="tag" pos="JJ">Spanish</wf>
<wf cmd="tag" pos="NNS">buildings</wf>
<wf cmd="ignore" pos="IN">with</wf>
<wf cmd="ignore" pos="PRP$">their</wf>
<wf cmd="tag" pos="JJ">elaborate</wf>
<wf cmd="tag" pos="NN">wrought_iron</wf>
<wf cmd="tag" pos="NNS">balconies</wf>
<wf cmd="ignore" pos="CC">and</wf>
<wf cmd="ignore" pos="DT">the</wf>
<wf cmd="tag" pos="JJ">narrow</wf>
<wf cmd="tag" pos="NNS">streets</wf>
<wf cmd="ignore" pos="IN">of</wf>
<wf cmd="ignore" pos="DT">the</wf>
<wf cmd="tag" pos="NN">Latin_Quarter</wf>
<wf cmd="done" pos="VB" lemma="present" wnsn="1" lexsn="2:39:00::">present</wf>
<wf cmd="ignore" pos="DT">an</wf>
<wf cmd="tag" pos="NNP">Old_World</wf>
<wf cmd="tag" pos="NN">scene</wf>
<punc>.</punc>
</s>
</p>
<p pnum="16">
<s snum="40">
<wf cmd="ignore" pos="IN">For</wf>
<wf cmd="tag" pos="NN">restoration</wf>
<wf cmd="ignore" pos="IN">of</wf>
<wf cmd="tag" pos="JJ">early</wf>
<wf cmd="tag" pos="NNP">American</wf>
<wf cmd="tag" pos="NN">life</wf>
<wf cmd="ignore" pos="DT">the</wf>
<wf cmd="tag" pos="NNS">places</wf>
<wf cmd="ignore" pos="TO">to</wf>
<wf cmd="done" pos="VB" lemma="visit" wnsn="1" lexsn="2:41:02::">visit</wf>
<wf cmd="done" pos="VB" lemma="be" wnsn="2" lexsn="2:42:06::">are</wf>
<wf cmd="tag" pos="NNP">Williamsburg</wf>
<punc>,</punc>
<wf cmd="tag" pos="NNP">Jamestown</wf>
<wf cmd="ignore" pos="CC">and</wf>
<wf cmd="tag" pos="NNP">Yorktown</wf>
<punc>,</punc>
<wf cmd="tag" pos="NNP">Virginia</wf>
<punc>.</punc>
</s>
<s snum="41">
<wf cmd="ignore" pos="DT">Another</wf>
<wf cmd="tag" pos="NNP">Virginia</wf>
<wf cmd="tag" pos="NN">sight</wf>
<wf cmd="ignore" pos="CC">and</wf>
<wf cmd="ignore" pos="DT">a</wf>
<wf cmd="tag" pos="JJ">photographic</wf>
<wf cmd="tag" pos="NN">adventure</wf>
<wf cmd="done" pos="VB" lemma="be" wnsn="2" lexsn="2:42:06::">are</wf>
<wf cmd="ignore" pos="DT">the</wf>
<wf cmd="tag" pos="NNP">Luray_Caverns</wf>
<punc>,</punc>
<wf cmd="done" pos="VB" lemma="light" wnsn="1" lexsn="2:30:00::">lit</wf>
<wf cmd="ignore" pos="IN">by</wf>
<wf cmd="tag" pos="NNS">photofloodlights</wf>
<punc>.</punc>
</s>
</p>
<p pnum="17">
<s snum="42">
<wf cmd="ignore" pos="DT">The</wf>
<wf cmd="tag" pos="JJ">great</wf>
<wf cmd="tag" pos="NN">state</wf>
<wf cmd="ignore" pos="IN">of</wf>
<wf cmd="tag" pos="NNP">Texas</wf>
<wf cmd="done" pos="VB" lemma="offer" wnsn="1" lexsn="2:40:02::">offers</wf>
<wf cmd="tag" pos="JJ">metropolitan</wf>
<wf cmd="tag" pos="NNS">attractions</wf>
<wf cmd="tag" pos="JJ">such_as</wf>
<wf cmd="ignore" pos="DT">the</wf>
<wf cmd="tag" pos="NNP">Dallas_Fair_Park</wf>
<wf cmd="ignore" pos="IN">with</wf>
<wf cmd="ignore" pos="PRP$">its</wf>
<wf cmd="tag" pos="NN">art</wf>
<wf cmd="ignore" pos="CC">and</wf>
<wf cmd="tag" pos="NN">natural_history</wf>
<wf cmd="tag" pos="NNS">museums</wf>
<punc>.</punc>
</s>
<s snum="43">
<wf cmd="ignore" pos="IN">In</wf>
<wf cmd="tag" pos="NN">contrast</wf>
<wf cmd="done" pos="VB" lemma="be" wnsn="4" lexsn="2:42:00::">are</wf>
<wf cmd="ignore" pos="DT">the</wf>
<wf cmd="tag" pos="JJ">vast</wf>
<wf cmd="tag" pos="JJ">open</wf>
<wf cmd="tag" pos="NNS">stretches</wf>
<wf cmd="ignore" pos="IN">of</wf>
<wf cmd="tag" pos="NN">ranch</wf>
<wf cmd="tag" pos="NN">country</wf>
<wf cmd="ignore" pos="CC">and</wf>
<wf cmd="tag" pos="NN">oil_wells</wf>
<punc>.</punc>
</s>
<s snum="44">
<wf cmd="ignore" pos="IN">In</wf>
<wf cmd="tag" pos="NNP">San_Antonio</wf>
<wf cmd="done" pos="VB" lemma="visit" wnsn="1" lexsn="2:41:02::">visit</wf>
<wf cmd="ignore" pos="DT">the</wf>
<wf cmd="tag" pos="JJ">famous</wf>
<wf cmd="tag" pos="NNP">Alamo</wf>
<wf cmd="ignore" pos="CC">and</wf>
<wf cmd="done" pos="VB" lemma="photograph" wnsn="1" lexsn="2:32:00::">photograph</wf>
<wf cmd="tag" pos="CD">18</wf>
<wf cmd="ignore" pos="DT">th</wf>
<wf cmd="tag" pos="NNP">Century</wf>
<wf cmd="tag" pos="JJ">Spanish</wf>
<wf cmd="tag" pos="NNS">buildings</wf>
<wf cmd="ignore" pos="CC">and</wf>
<wf cmd="tag" pos="NNS">churches</wf>
<punc>.</punc>
</s>
</p>
<p pnum="18">
<s snum="45">
<wf cmd="ignore" pos="DT">The</wf>
<wf cmd="tag" pos="NNP">Great_Smoky</wf>
<wf cmd="tag" pos="NNPS">Mountains</wf>
<wf cmd="done" pos="VB" lemma="be" wnsn="2" lexsn="2:42:06::">is</wf>
<wf cmd="ignore" pos="DT">another</wf>
<wf cmd="tag" pos="NN">area</wf>
<wf cmd="ignore" pos="IN">of</wf>
<wf cmd="ignore" pos="DT">the</wf>
<wf cmd="tag" pos="NNP">South</wf>
<wf cmd="tag" pos="RB">well</wf>
<wf cmd="tag" pos="JJ">worth</wf>
<wf cmd="ignore" pos="DT">a</wf>
<wf cmd="tag" pos="NN">visit</wf>
<punc>.</punc>
</s>
<s snum="46">
<wf cmd="ignore" pos="IN">Along</wf>
<wf cmd="ignore" pos="DT">the</wf>
<wf cmd="tag" pos="CD">127</wf>
<punc>-</punc>
<wf cmd="tag" pos="NN">mile</wf>
<wf cmd="tag" pos="NN">route</wf>
<wf cmd="ignore" pos="IN">through</wf>
<wf cmd="tag" pos="NNP">Great_Smoky</wf>
<wf cmd="tag" pos="NNPS">Mountains</wf>
<wf cmd="tag" pos="NN">National_Park</wf>
<wf cmd="ignore" pos="PRP">you</wf>
<wf cmd="ignore" pos="MD">can</wf>
<wf cmd="done" pos="VB" lemma="photograph" wnsn="1" lexsn="2:32:00::">photograph</wf>
<wf cmd="ignore" pos="DT">the</wf>
<wf cmd="tag" pos="JJ">breath-taking</wf>
<wf cmd="tag" pos="NNS">peaks</wf>
<punc>,</punc>
<wf cmd="tag" pos="NNS">gorges</wf>
<wf cmd="ignore" pos="CC">and</wf>
<wf cmd="tag" pos="NNS">valleys</wf>
<wf cmd="ignore" pos="WDT">which</wf>
<wf cmd="done" pos="VB" lemma="come" wnsn="1" lexsn="2:38:00::">come</wf>
<wf cmd="done" pos="VB" ot="notag">into</wf>
<wf cmd="tag" pos="NN">view</wf>
<wf cmd="ignore" pos="IN">at</wf>
<wf cmd="ignore" pos="DT">every</wf>
<wf cmd="tag" pos="NN">turn</wf>
<punc>.</punc>
</s>
<s snum="47">
<wf cmd="tag" pos="NNP">Gatlinburg</wf>
<punc>,</punc>
<wf cmd="tag" pos="NNP">Tennessee</wf>
<punc>,</punc>
<wf cmd="done" pos="VB" lemma="be" wnsn="2" lexsn="2:42:06::">is</wf>
<wf cmd="ignore" pos="DT">the</wf>
<wf cmd="tag" pos="NN">center</wf>
<wf cmd="tag" pos="RB">of_this</wf>
<wf cmd="tag" pos="NN">area</wf>
<punc>.</punc>
</s>
<s snum="48">
<wf cmd="ignore" pos="DT">Another</wf>
<wf cmd="tag" pos="JJ">scenic</wf>
<wf cmd="tag" pos="NN">spot</wf>
<wf cmd="ignore" pos="IN">in</wf>
<wf cmd="tag" pos="NNP">Tennessee</wf>
<wf cmd="done" pos="VB" lemma="be" wnsn="2" lexsn="2:42:06::">is</wf>
<wf cmd="tag" pos="NNP">Chattanooga</wf>
<wf cmd="ignore" pos="WRB">where</wf>
<wf cmd="ignore" pos="DT">the</wf>
<wf cmd="tag" pos="NNP">Rock_City</wf>
<wf cmd="tag" pos="NNPS">Gardens</wf>
<wf cmd="done" pos="VB" lemma="be" wnsn="1" lexsn="2:42:03::">are</wf>
<wf cmd="tag" pos="RB">not</wf>
<wf cmd="ignore" pos="TO">to</wf>
<wf cmd="done" pos="VB" ot="notag">be</wf>
<wf cmd="done" pos="VB" lemma="miss" wnsn="3" lexsn="2:42:01::">missed</wf>
<punc>.</punc>
</s>
</p>
<p pnum="19">
<s snum="49">
<wf cmd="tag" pos="JJ">Beautiful</wf>
<wf cmd="tag" pos="NNS">homes</wf>
<wf cmd="ignore" pos="CC">and</wf>
<wf cmd="tag" pos="NNS">gardens</wf>
<wf cmd="done" pos="VB" lemma="be" wnsn="2" lexsn="2:42:06::">are</wf>
<wf cmd="tag" pos="NNS">trademarks</wf>
<wf cmd="ignore" pos="IN">of</wf>
<wf cmd="ignore" pos="DT">the</wf>
<wf cmd="tag" pos="NNP">South</wf>
<wf cmd="ignore" pos="CC">and</wf>
<wf cmd="tag" pos="NNS">cities</wf>
<wf cmd="tag" pos="RB">particularly</wf>
<wf cmd="done" pos="VB" lemma="note" wnsn="2" lexsn="2:39:00::">noted</wf>
<wf cmd="ignore" pos="IN">for</wf>
<wf cmd="ignore" pos="PRP">them</wf>
<wf cmd="done" pos="VB" lemma="be" wnsn="2" lexsn="2:42:06::">are</wf>
<wf cmd="tag" pos="NNP">Charleston</wf>
<punc>,</punc>
<wf cmd="tag" pos="NNP">S._C.</wf>
<punc>,</punc>
<wf cmd="tag" pos="NNP">Natchez</wf>
<punc>,</punc>
<wf cmd="tag" pos="NNP">Miss.</wf>
<punc>,</punc>
<wf cmd="ignore" pos="CC">and</wf>
<wf cmd="tag" pos="NNP">Savannah</wf>
<punc>,</punc>
<wf cmd="tag" pos="NNP">Ga.</wf>
<punc>.</punc>
</s>
<s snum="50">
<wf cmd="ignore" pos="IN">At</wf>
<wf cmd="tag" pos="NNP">Charlottesville</wf>
<punc>,</punc>
<wf cmd="tag" pos="NNP">Va.</wf>
<punc>,</punc>
<wf cmd="done" pos="VB" lemma="shoot" wnsn="4" lexsn="2:32:01::">shoot</wf>
<wf cmd="tag" pos="NNP">Monticello</wf>
<wf cmd="ignore" pos="CC">and</wf>
<wf cmd="ignore" pos="DT">the</wf>
<wf cmd="tag" pos="JJ">beautiful</wf>
<wf cmd="tag" pos="NNS">buildings</wf>
<wf cmd="ignore" pos="IN">of</wf>
<wf cmd="ignore" pos="DT">the</wf>
<wf cmd="tag" pos="NNP">University</wf>
<punc>.</punc>
</s>
</p>
<p pnum="20">
<s snum="51">
<wf cmd="tag" pos="NN">Foliage</wf>
<wf cmd="done" pos="VB" lemma="be" wnsn="2" lexsn="2:42:06::">is</wf>
<wf cmd="ignore" pos="DT">the</wf>
<wf cmd="tag" pos="JJ">outstanding</wf>
<wf cmd="tag" pos="NN">photo</wf>
<wf cmd="tag" pos="NN">subject</wf>
<wf cmd="ignore" pos="IN">in</wf>
<wf cmd="tag" pos="JJ">many_of</wf>
<wf cmd="ignore" pos="DT">the</wf>
<wf cmd="tag" pos="NNP">Southern</wf>
<wf cmd="tag" pos="NNS">locales</wf>
<wf cmd="done" pos="VB" lemma="mention" wnsn="1" lexsn="2:32:02::">mentioned</wf>
<wf cmd="tag" pos="RB">above</wf>
<wf cmd="ignore" pos="CC">and</wf>
<wf cmd="ignore" pos="DT">some</wf>
<wf cmd="tag" pos="JJ">specific</wf>
<wf cmd="tag" pos="NNS">tips</wf>
<wf cmd="ignore" pos="IN">on</wf>
<wf cmd="ignore" pos="WRB">how</wf>
<wf cmd="ignore" pos="CC">and</wf>
<wf cmd="ignore" pos="WRB">where</wf>
<wf cmd="ignore" pos="TO">to</wf>
<wf cmd="done" pos="VB" lemma="shoot" wnsn="4" lexsn="2:32:01::">shoot</wf>
<wf cmd="ignore" pos="PRP">it</wf>
<wf cmd="done" pos="VB" lemma="be" wnsn="1" lexsn="2:42:03::">are</wf>
<wf cmd="tag" pos="JJ">in_order</wf>
<punc>.</punc>
</s>
<s snum="52">
<wf cmd="tag" pos="RB">For_example</wf>
<punc>,</punc>
<wf cmd="ignore" pos="DT">the</wf>
<wf cmd="tag" pos="NN">Chamber_of_Commerce</wf>
<wf cmd="ignore" pos="IN">of</wf>
<wf cmd="tag" pos="NNP">Gatlinburg</wf>
<punc>,</punc>
<wf cmd="tag" pos="NNP">Tennessee</wf>
<punc>,</punc>
<wf cmd="done" pos="VB" lemma="sponsor" wnsn="1" lexsn="2:40:00::">sponsors</wf>
<wf cmd="tag" pos="JJ">special</wf>
<wf cmd="tag" pos="NN">camera</wf>
<wf cmd="tag" pos="NNS">tours</wf>
<wf cmd="ignore" pos="IN">into</wf>
<wf cmd="ignore" pos="DT">the</wf>
<wf cmd="tag" pos="NNP">Great_Smoky</wf>
<wf cmd="tag" pos="NNPS">Mountains</wf>
<wf cmd="ignore" pos="TO">to</wf>
<wf cmd="done" pos="VB" lemma="get" wnsn="1" lexsn="2:40:00::">get</wf>
<wf cmd="tag" pos="NNS">pictures</wf>
<wf cmd="ignore" pos="IN">of</wf>
<wf cmd="ignore" pos="DT">the</wf>
<wf cmd="tag" pos="NN">profusion</wf>
<wf cmd="ignore" pos="IN">of</wf>
<wf cmd="tag" pos="NN">wild_flowers</wf>
<wf cmd="done" pos="VB" lemma="flourish" wnsn="1" lexsn="2:30:01::">flourishing</wf>
<wf cmd="ignore" pos="IN">in</wf>
<wf cmd="ignore" pos="DT">these</wf>
<wf cmd="tag" pos="JJ">wooded</wf>
<wf cmd="tag" pos="NNS">regions</wf>
<punc>.</punc>
</s>
</p>
<p pnum="21">
<s snum="53">
<wf cmd="tag" pos="NN">Exposure</wf>
<wf cmd="tag" pos="NNS">problems</wf>
<wf cmd="ignore" pos="MD">may</wf>
<wf cmd="done" pos="VB" lemma="occur" wnsn="1" lexsn="2:30:00::">occur</wf>
<wf cmd="ignore" pos="IN">in</wf>
<wf cmd="ignore" pos="DT">these</wf>
<wf cmd="tag" pos="NN">forest</wf>
<wf cmd="tag" pos="NNS">areas</wf>
<wf cmd="ignore" pos="WRB">where</wf>
<wf cmd="tag" pos="JJ">uneven</wf>
<wf cmd="tag" pos="NN">lighting</wf>
<wf cmd="done" pos="VB" lemma="result" wnsn="1" lexsn="2:42:00::">results</wf>
<wf cmd="ignore" pos="IN">from</wf>
<wf cmd="tag" pos="NNS">shafts</wf>
<wf cmd="ignore" pos="IN">of</wf>
<wf cmd="tag" pos="NN">sunlight</wf>
<wf cmd="done" pos="VB" lemma="filter" wnsn="2" lexsn="2:35:01::">filtering</wf>
<wf cmd="ignore" pos="IN">through</wf>
<wf cmd="ignore" pos="DT">the</wf>
<wf cmd="tag" pos="JJ">overhead</wf>
<wf cmd="tag" pos="NNS">branches</wf>
<punc>.</punc>
</s>
<s snum="54">
<wf cmd="tag" pos="JJS">Best</wf>
<wf cmd="tag" pos="NN">solution</wf>
<wf cmd="done" pos="VB" lemma="be" wnsn="2" lexsn="2:42:06::">is</wf>
<wf cmd="ignore" pos="TO">to</wf>
<wf cmd="done" pos="VB" lemma="find" wnsn="1" lexsn="2:40:02::">find</wf>
<wf cmd="ignore" pos="DT">an</wf>
<wf cmd="tag" pos="NN">area</wf>
<wf cmd="tag" pos="RB">that</wf>
<wf cmd="done" pos="VB" lemma="be" wnsn="1" lexsn="2:42:03::">is</wf>
<wf cmd="tag" pos="RB">predominantly</wf>
<wf cmd="tag" pos="NN">sunlight</wf>
<wf cmd="ignore" pos="CC">or</wf>
<wf cmd="tag" pos="NN">shade</wf>
<punc>.</punc>
</s>
<s snum="55">
<wf cmd="ignore" pos="IN">In</wf>
<wf cmd="ignore" pos="DT">any</wf>
<wf cmd="tag" pos="NN">instance</wf>
<punc>,</punc>
<wf cmd="ignore" pos="PRP">you</wf>
<wf cmd="ignore" pos="MD">should</wf>
<wf cmd="done" pos="VB" lemma="determine" wnsn="1" lexsn="2:32:00::">determine</wf>
<wf cmd="ignore" pos="DT">the</wf>
<wf cmd="tag" pos="NN">exposure</wf>
<wf cmd="done" pos="VBG" ot="notag">according</wf>
<wf cmd="ignore" pos="TO">to</wf>
<wf cmd="ignore" pos="DT">the</wf>
<wf cmd="tag" pos="NN">type</wf>
<wf cmd="ignore" pos="IN">of</wf>
<wf cmd="tag" pos="NN">light</wf>
<wf cmd="ignore" pos="WDT">which</wf>
<wf cmd="done" pos="VB" lemma="fall" wnsn="8" lexsn="2:42:04::">falls</wf>
<wf cmd="done" pos="VB" ot="notag">on</wf>
<wf cmd="tag" pos="JJ">most_of</wf>
<wf cmd="ignore" pos="DT">the</wf>
<wf cmd="tag" pos="NN">subject_area</wf>
<punc>.</punc>
</s>
</p>
<p pnum="22">
<s snum="56">
<wf cmd="done" pos="VB" lemma="try" wnsn="2" lexsn="2:41:01::">Try</wf>
<wf cmd="ignore" pos="DT">some</wf>
<wf cmd="tag" pos="NNS">closeups</wf>
<wf cmd="ignore" pos="IN">on</wf>
<wf cmd="tag" pos="NNP">Southern</wf>
<wf cmd="tag" pos="NNS">blossoms</wf>
<wf cmd="ignore" pos="TO">to</wf>
<wf cmd="done" pos="VB" lemma="provide" wnsn="1" lexsn="2:40:00::">provide</wf>
<wf cmd="ignore" pos="DT">a</wf>
<wf cmd="tag" pos="JJ">welcome</wf>
<wf cmd="tag" pos="NN">contrast</wf>
<wf cmd="ignore" pos="IN">with</wf>
<wf cmd="ignore" pos="DT">the</wf>
<wf cmd="tag" pos="JJ">many</wf>
<wf cmd="tag" pos="JJ">long-view</wf>
<wf cmd="tag" pos="NNS">scenics</wf>
<wf cmd="ignore" pos="PRP">you</wf>
<wf cmd="ignore" pos="MD">'ll</wf>
<wf cmd="done" pos="VB" ot="notag">be</wf>
<wf cmd="done" pos="VB" lemma="make" wnsn="3" lexsn="2:36:00::">making</wf>
<punc>.</punc>
</s>
</p>
<p pnum="23">
<s snum="57">
<wf cmd="ignore" pos="IN">For</wf>
<wf cmd="tag" pos="NN">shooting</wf>
<wf cmd="ignore" pos="DT">the</wf>
<wf cmd="tag" pos="NNS">interiors</wf>
<wf cmd="ignore" pos="IN">of</wf>
<wf cmd="ignore" pos="DT">the</wf>
<wf cmd="tag" pos="JJ">famous</wf>
<wf cmd="ignore" pos="FW">ante-bellum</wf>
<wf cmd="tag" pos="NNP">Southern</wf>
<wf cmd="tag" pos="NNS">mansions</wf>
<wf cmd="done" pos="VB" lemma="make" wnsn="3" lexsn="2:36:00::">make</wf>
<wf cmd="tag" pos="JJ">sure</wf>
<wf cmd="ignore" pos="PRP$">your</wf>
<wf cmd="tag" pos="NN">equipment</wf>
<wf cmd="done" pos="VB" lemma="include" wnsn="1" lexsn="2:42:00::">includes</wf>
<wf cmd="ignore" pos="DT">a</wf>
<wf cmd="tag" pos="NN">tripod</wf>
<punc>.</punc>
</s>
<s snum="58">
<wf cmd="tag" pos="JJ">Enough</wf>
<wf cmd="tag" pos="NN">daylight</wf>
<wf cmd="done" pos="VB" lemma="be" wnsn="1" lexsn="2:42:03::">is</wf>
<wf cmd="tag" pos="RB">usually</wf>
<wf cmd="tag" pos="JJ">available</wf>
<wf cmd="ignore" pos="IN">from</wf>
<wf cmd="ignore" pos="DT">the</wf>
<wf cmd="tag" pos="NNS">windows</wf>
<punc>,</punc>
<wf cmd="ignore" pos="CC">but</wf>
<wf cmd="ignore" pos="IN">if</wf>
<wf cmd="ignore" pos="PRP">you</wf>
<wf cmd="done" pos="VB" lemma="have" wnsn="1" lexsn="2:40:00::">have</wf>
<wf cmd="tag" pos="JJ">synchronized</wf>
<wf cmd="tag" pos="NN">flash</wf>
<punc>-</punc>
<wf cmd="done" pos="VB" lemma="use" wnsn="1" lexsn="2:34:01::">use</wf>
<wf cmd="ignore" pos="PRP">it</wf>
<punc>.</punc>
</s>
</p>
<p pnum="24">
<s snum="59">
<wf cmd="ignore" pos="IN">For</wf>
<wf cmd="ignore" pos="DT">some</wf>
<wf cmd="tag" pos="JJ">unusual</wf>
<wf cmd="tag" pos="JJ">photographic</wf>
<wf cmd="tag" pos="NNS">subjects</wf>
<punc>,</punc>
<wf cmd="ignore" pos="IN">if</wf>
<wf cmd="ignore" pos="PRP$">your</wf>
<wf cmd="tag" pos="NN">vacation</wf>
<wf cmd="done" pos="VB" lemma="take" wnsn="3" lexsn="2:38:09::">takes</wf>
<wf cmd="ignore" pos="PRP">you</wf>
<wf cmd="tag" pos="JJ">nearby</wf>
<punc>,</punc>
<wf cmd="done" pos="VB" lemma="try" wnsn="2" lexsn="2:41:01::">try</wf>
<wf cmd="ignore" pos="DT">these</wf>
<wf cmd="tag" pos="NNS">events</wf>
<punc>:</punc>
<wf cmd="ignore" pos="DT">the</wf>
<wf cmd="tag" pos="CD">600</wf>
<punc>-</punc>
<wf cmd="tag" pos="NN">mile</wf>
<wf cmd="tag" pos="NN">auto</wf>
<wf cmd="tag" pos="NN">race</wf>
<wf cmd="ignore" pos="IN">in</wf>
<wf cmd="tag" pos="NNP">Charlotte</wf>
<punc>,</punc>
<wf cmd="tag" pos="NNP">N._C.</wf>
<punc>,</punc>
<wf cmd="ignore" pos="IN">on</wf>
<wf cmd="tag" pos="NNP">May</wf>
<wf cmd="tag" pos="CD">27</wf>
<punc>;</punc>
<wf cmd="ignore" pos="DT">the</wf>
<wf cmd="tag" pos="NNP">Florida_Folk_Festival</wf>
<punc>,</punc>
<wf cmd="tag" pos="NNP">White_Springs</wf>
<punc>,</punc>
<wf cmd="tag" pos="NNP">May</wf>
<wf cmd="tag" pos="CD">5</wf>
<punc>-</punc>
<wf cmd="tag" pos="CD">7</wf>
<punc>;</punc>
<wf cmd="tag" pos="NN">Singing</wf>
<wf cmd="ignore" pos="IN">on</wf>
<wf cmd="ignore" pos="DT">the</wf>
<wf cmd="tag" pos="NNP">Mountain</wf>
<wf cmd="ignore" pos="IN">in</wf>
<wf cmd="tag" pos="NNP">Linville</wf>
<punc>,</punc>
<wf cmd="tag" pos="NN">North_Carolina</wf>
<punc>,</punc>
<wf cmd="ignore" pos="IN">on</wf>
<wf cmd="tag" pos="NNP">June</wf>
<wf cmd="tag" pos="CD">25</wf>
<punc>.</punc>
</s>
<s snum="60">
<wf cmd="tag" pos="NNP">Peak</wf>
<wf cmd="tag" pos="NN">action</wf>
<wf cmd="tag" pos="NN">photography</wf>
<wf cmd="done" pos="VB" lemma="be" wnsn="2" lexsn="2:42:06::">is</wf>
<wf cmd="ignore" pos="PRP$">your</wf>
<wf cmd="tag" pos="NN">goal</wf>
<wf cmd="ignore" pos="IN">at</wf>
<wf cmd="tag" pos="NNP">Miami</wf>
<wf cmd="ignore" pos="POS">'s</wf>
<wf cmd="tag" pos="NNP">Seaquarium</wf>
<wf cmd="ignore" pos="CC">and</wf>
<wf cmd="ignore" pos="DT">the</wf>
<wf cmd="tag" pos="NNP">Cypress</wf>
<wf cmd="tag" pos="NNPS">Gardens</wf>
<wf cmd="tag" pos="NN">waterskiing</wf>
<wf cmd="tag" pos="NNS">events</wf>
<punc>.</punc>
</s>
</p>
<p pnum="25">
<s snum="61">
<wf cmd="ignore" pos="DT">A</wf>
<wf cmd="tag" pos="JJ">pleasant</wf>
<wf cmd="tag" pos="NN">start</wf>
<wf cmd="ignore" pos="TO">to</wf>
<wf cmd="ignore" pos="PRP$">your</wf>
<wf cmd="tag" pos="JJ">midwestern</wf>
<wf cmd="tag" pos="NN">vacation</wf>
<wf cmd="done" pos="VB" lemma="be" wnsn="2" lexsn="2:42:06::">is</wf>
<wf cmd="tag" pos="JJ">a_few</wf>
<wf cmd="tag" pos="NNS">days</wf>
<wf cmd="done" pos="VB" lemma="spend" wnsn="1" lexsn="2:42:00::">spent</wf>
<wf cmd="ignore" pos="IN">in</wf>
<wf cmd="tag" pos="JJ">cosmopolitan</wf>
<wf cmd="tag" pos="NNP">Chicago</wf>
<punc>.</punc>
</s>
<s snum="62">
<wf cmd="tag" pos="NN">Lake_Michigan</wf>
<wf cmd="done" pos="VB" lemma="offer" wnsn="1" lexsn="2:40:02::">offers</wf>
<wf cmd="tag" pos="NN">swimming</wf>
<wf cmd="ignore" pos="CC">and</wf>
<wf cmd="tag" pos="NNS">pictures</wf>
<wf cmd="ignore" pos="WDT">which</wf>
<wf cmd="done" pos="VB" lemma="combine" wnsn="1" lexsn="2:42:00::">combine</wf>
<wf cmd="tag" pos="NNS">cityscapes</wf>
<wf cmd="ignore" pos="IN">with</wf>
<wf cmd="tag" pos="NNS">beaches</wf>
<punc>.</punc>
</s>
<s snum="63">
<wf cmd="ignore" pos="DT">A</wf>
<wf cmd="tag" pos="NN">visit</wf>
<wf cmd="ignore" pos="TO">to</wf>
<wf cmd="tag" pos="NNP">Chicago</wf>
<wf cmd="ignore" pos="POS">'s</wf>
<wf cmd="tag" pos="NNS">museums</wf>
<wf cmd="ignore" pos="CC">and</wf>
<wf cmd="ignore" pos="DT">a</wf>
<wf cmd="tag" pos="NN">stroll</wf>
<wf cmd="ignore" pos="IN">around</wf>
<wf cmd="tag" pos="JJ">broad</wf>
<wf cmd="tag" pos="NNP">Michigan_Avenue</wf>
<wf cmd="ignore" pos="MD">will</wf>
<wf cmd="done" pos="VB" lemma="unfold" wnsn="2" lexsn="2:39:00::">unfold</wf>
<wf cmd="tag" pos="JJ">many</wf>
<wf cmd="tag" pos="JJ">photogenic</wf>
<wf cmd="tag" pos="NN">subjects</wf>
<wf cmd="done" pos="VB" ot="notag">to</wf>
<wf cmd="ignore" pos="DT">the</wf>
<wf cmd="tag" pos="JJ">alert</wf>
<wf cmd="tag" pos="NN">photographer</wf>
<punc>.</punc>
</s>
</p>
<p pnum="26">
<s snum="64">
<wf cmd="tag" pos="NNP">Wisconsin_Dells</wf>
<punc>,</punc>
<wf cmd="ignore" pos="WRB">where</wf>
<wf cmd="tag" pos="RB">fantastically</wf>
<wf cmd="tag" pos="JJ">scenic</wf>
<wf cmd="tag" pos="NNS">rocks</wf>
<wf cmd="done" pos="VB" lemma="carve" wnsn="1" lexsn="2:35:01::">carved</wf>
<wf cmd="ignore" pos="IN">by</wf>
<wf cmd="ignore" pos="DT">the</wf>
<wf cmd="tag" pos="NN">Wisconsin_River</wf>
<wf cmd="done" pos="VB" lemma="be" wnsn="1" lexsn="2:42:03::">are</wf>
<wf cmd="tag" pos="JJ">overgrown</wf>
<wf cmd="ignore" pos="IN">with</wf>
<wf cmd="tag" pos="NN">fern</wf>
<wf cmd="ignore" pos="CC">and</wf>
<wf cmd="tag" pos="JJ">other</wf>
<wf cmd="tag" pos="NN">foliage</wf>
<punc>,</punc>
<wf cmd="done" pos="VB" lemma="rate" wnsn="2" lexsn="2:42:01::">rates</wf>
<wf cmd="ignore" pos="DT">a</wf>
<wf cmd="tag" pos="NN">stopover</wf>
<wf cmd="ignore" pos="WRB">when</wf>
<wf cmd="done" pos="VB" lemma="travel" wnsn="2" lexsn="2:38:04::">traveling</wf>
<wf cmd="ignore" pos="IN">from</wf>
<wf cmd="tag" pos="NNP">Chicago</wf>
<punc>.</punc>
</s>
</p>
<p pnum="27">
<s snum="65">
<wf cmd="ignore" pos="DT">The</wf>
<wf cmd="tag" pos="NNS">farmlands</wf>
<wf cmd="done" pos="VB" lemma="form" wnsn="2" lexsn="2:42:00::">forming</wf>
<wf cmd="ignore" pos="DT">the</wf>
<wf cmd="tag" pos="NN">heart</wf>
<wf cmd="ignore" pos="IN">of</wf>
<wf cmd="tag" pos="NNP">America</wf>
<wf cmd="done" pos="VB" lemma="stretch" wnsn="1" lexsn="2:42:00::">stretch</wf>
<wf cmd="tag" pos="RB">out</wf>
<wf cmd="ignore" pos="IN">across</wf>
<wf cmd="ignore" pos="DT">the</wf>
<wf cmd="tag" pos="NNP">Midwest</wf>
<wf cmd="ignore" pos="IN">from</wf>
<wf cmd="tag" pos="NNP">Chicago</wf>
<punc>.</punc>
</s>
<s snum="66">
<wf cmd="ignore" pos="IN">In</wf>
<wf cmd="tag" pos="NN">North_Dakota</wf>
<wf cmd="ignore" pos="DT">the</wf>
<wf cmd="tag" pos="RB">strangely</wf>
<wf cmd="tag" pos="JJ">beautiful</wf>
<wf cmd="tag" pos="NNS">Badlands</wf>
<wf cmd="ignore" pos="MD">will</wf>
<wf cmd="done" pos="VB" lemma="challenge" wnsn="2" lexsn="2:32:00::">challenge</wf>
<wf cmd="ignore" pos="PRP">you</wf>
<wf cmd="ignore" pos="TO">to</wf>
<wf cmd="done" pos="VB" lemma="translate" wnsn="2" lexsn="2:30:01::">translate</wf>
<wf cmd="ignore" pos="PRP$">its</wf>
<wf cmd="tag" pos="NN">wonder</wf>
<wf cmd="tag" pos="RB">on</wf>
<wf cmd="ignore" pos="TO">to</wf>
<wf cmd="tag" pos="NN">film</wf>
<punc>.</punc>
</s>
<s snum="67">
<wf cmd="ignore" pos="IN">While</wf>
<wf cmd="tag" pos="RB">here</wf>
<punc>,</punc>
<wf cmd="done" pos="VB" lemma="visit" wnsn="1" lexsn="2:41:02::">visit</wf>
<wf cmd="tag" pos="NN">Theodore_Roosevelt</wf>
<wf cmd="tag" pos="NN">National_Park</wf>
<wf cmd="ignore" pos="IN">for</wf>
<wf cmd="ignore" pos="PRP$">its</wf>
<wf cmd="tag" pos="JJ">spectacular</wf>
<wf cmd="tag" pos="NN">scenery</wf>
<punc>.</punc>
</s>
</p>
<p pnum="28">
<s snum="68">
<wf cmd="ignore" pos="DT">Another</wf>
<wf cmd="tag" pos="NN">spot</wf>
<wf cmd="ignore" pos="IN">with</wf>
<wf cmd="ignore" pos="DT">an</wf>
<wf cmd="tag" pos="JJ">image-provoking</wf>
<wf cmd="tag" pos="NN">name</wf>
<wf cmd="done" pos="VB" lemma="be" wnsn="2" lexsn="2:42:06::">is</wf>
<wf cmd="ignore" pos="DT">the</wf>
<wf cmd="tag" pos="NNP">Black_Hills</wf>
<wf cmd="ignore" pos="WRB">where</wf>
<wf cmd="ignore" pos="PRP">you</wf>
<wf cmd="ignore" pos="MD">can</wf>
<wf cmd="done" pos="VB" lemma="visit" wnsn="1" lexsn="2:41:02::">visit</wf>
<wf cmd="ignore" pos="DT">the</wf>
<wf cmd="tag" pos="JJ">old</wf>
<wf cmd="tag" pos="NN">frontier</wf>
<wf cmd="tag" pos="NN">mining</wf>
<wf cmd="tag" pos="NN">town</wf>
<wf cmd="ignore" pos="IN">of</wf>
<wf cmd="tag" pos="NNP">Deadwood</wf>
<punc>.</punc>
</s>
<s snum="69">
<wf cmd="ignore" pos="DT">The</wf>
<wf cmd="tag" pos="NNP">Black_Hills</wf>
<wf cmd="tag" pos="NN">Passion_Play</wf>
<wf cmd="done" pos="VBZ" ot="notag">is</wf>
<wf cmd="done" pos="VB" lemma="produce" wnsn="6" lexsn="2:39:00::">produced</wf>
<wf cmd="ignore" pos="DT">every</wf>
<wf cmd="tag" pos="NN">summer</wf>
<wf cmd="ignore" pos="CC">and</wf>
<wf cmd="done" pos="VB" lemma="be" wnsn="2" lexsn="2:42:06::">is</wf>
<wf cmd="ignore" pos="DT">a</wf>
<wf cmd="tag" pos="NN">pageant</wf>
<wf cmd="tag" pos="JJ">worth</wf>
<wf cmd="done" pos="VB" lemma="see" wnsn="7" lexsn="2:39:03::">seeing</wf>
<wf cmd="ignore" pos="CC">and</wf>
<wf cmd="done" pos="VB" lemma="shoot" wnsn="4" lexsn="2:32:01::">shooting</wf>
<punc>.</punc>
</s>
</p>
<p pnum="29">
<s snum="70">
<wf cmd="tag" pos="RB">Of_course</wf>
<punc>,</punc>
<wf cmd="ignore" pos="IN">while</wf>
<wf cmd="tag" pos="RB">in_this</wf>
<wf cmd="tag" pos="NN">vicinity</wf>
<wf cmd="ignore" pos="PRP">you</wf>
<wf cmd="done" pos="VBD" ot="notag">won</wf>
<wf cmd="tag" pos="RB">n't</wf>
<wf cmd="done" pos="VB" ot="notag">want</wf>
<wf cmd="done" pos="VB" ot="notag">to</wf>
<wf cmd="done" pos="VB" lemma="miss" wnsn="3" lexsn="2:42:01::">miss</wf>
<wf cmd="ignore" pos="DT">a</wf>
<wf cmd="tag" pos="NN">visit</wf>
<wf cmd="ignore" pos="TO">to</wf>
<wf cmd="tag" pos="NNP">Mount_Rushmore_National_Memorial</wf>
<wf cmd="ignore" pos="WRB">where</wf>
<wf cmd="tag" pos="RB">on_the_side</wf>
<wf cmd="ignore" pos="IN">of</wf>
<wf cmd="ignore" pos="DT">a</wf>
<wf cmd="tag" pos="NN">mountain</wf>
<wf cmd="done" pos="VB" lemma="be" wnsn="3" lexsn="2:42:05::">are</wf>
<wf cmd="ignore" pos="DT">the</wf>
<wf cmd="tag" pos="JJ">famous</wf>
<wf cmd="tag" pos="NNS">sculptures</wf>
<wf cmd="ignore" pos="IN">of</wf>
<wf cmd="tag" pos="NNS">Presidents</wf>
<wf cmd="tag" pos="NNP">Washington</wf>
<punc>,</punc>
<wf cmd="tag" pos="NNP">Lincoln</wf>
<punc>,</punc>
<wf cmd="tag" pos="NNP">Jefferson</wf>
<wf cmd="ignore" pos="CC">and</wf>
<wf cmd="tag" pos="NN">Theodore_Roosevelt</wf>
<punc>.</punc>
</s>
</p>
<p pnum="30">
<s snum="71">
<wf cmd="ignore" pos="IN">In</wf>
<wf cmd="tag" pos="NNP">Missouri</wf>
<punc>(</punc>
<wf cmd="ignore" pos="WDT">which</wf>
<wf cmd="ignore" pos="PRP">we</wf>
<wf cmd="done" pos="VBP" ot="notag">are</wf>
<wf cmd="done" pos="VB" lemma="include" wnsn="2" lexsn="2:31:00::">including</wf>
<wf cmd="ignore" pos="IN">in</wf>
<wf cmd="ignore" pos="PRP$">our</wf>
<wf cmd="tag" pos="JJ">general</wf>
<wf cmd="tag" pos="NNP">Midwest</wf>
<wf cmd="tag" pos="NN">region</wf>
<punc>)</punc>
<wf cmd="ignore" pos="PRP">you</wf>
<wf cmd="ignore" pos="MD">can</wf>
<wf cmd="done" pos="VB" lemma="glance" wnsn="1" lexsn="2:39:00::">glance</wf>
<wf cmd="ignore" pos="IN">into</wf>
<wf cmd="tag" pos="NNP">Mark_Twain</wf>
<wf cmd="ignore" pos="POS">'s</wf>
<wf cmd="tag" pos="NN">birthplace</wf>
<wf cmd="ignore" pos="IN">at</wf>
<wf cmd="tag" pos="NNP">Hannibal</wf>
<punc>,</punc>
<wf cmd="done" pos="VB" lemma="see" wnsn="13" lexsn="2:41:10::">see</wf>
<wf cmd="ignore" pos="DT">the</wf>
<wf cmd="tag" pos="NNS">landmarks</wf>
<wf cmd="ignore" pos="IN">of</wf>
<wf cmd="ignore" pos="PRP$">his</wf>
<wf cmd="tag" pos="NN">life</wf>
<wf cmd="ignore" pos="CC">and</wf>
<wf cmd="tag" pos="NNS">writings</wf>
<wf cmd="ignore" pos="CC">and</wf>
<wf cmd="done" pos="VB" lemma="visualize" wnsn="1" lexsn="2:36:00::">visualize</wf>
<wf cmd="ignore" pos="WRB">where</wf>
<wf cmd="tag" pos="NNP">Huck_Finn</wf>
<wf cmd="done" pos="VB" lemma="hatch" wnsn="2" lexsn="2:36:00::">hatched</wf>
<wf cmd="ignore" pos="PRP$">his</wf>
<wf cmd="tag" pos="JJ">boyish</wf>
<wf cmd="tag" pos="NN">mischief</wf>
<punc>.</punc>
</s>
</p>
<p pnum="31">
<s snum="72">
<wf cmd="tag" pos="RB">Similarly</wf>
<wf cmd="ignore" pos="IN">in</wf>
<wf cmd="tag" pos="NNP">Illinois</wf>
<wf cmd="ignore" pos="EX">there</wf>
<wf cmd="done" pos="VB" lemma="be" wnsn="3" lexsn="2:42:05::">is</wf>
<wf cmd="tag" pos="NNP">Lincoln</wf>
<wf cmd="tag" pos="NN">country</wf>
<wf cmd="ignore" pos="TO">to</wf>
<wf cmd="done" pos="VB" ot="notag">be</wf>
<wf cmd="done" pos="VB" lemma="see" wnsn="13" lexsn="2:41:10::">seen</wf>
<punc>-</punc>
<wf cmd="ignore" pos="PRP$">his</wf>
<wf cmd="tag" pos="NN">tomb</wf>
<wf cmd="ignore" pos="CC">and</wf>
<wf cmd="tag" pos="JJ">other</wf>
<wf cmd="tag" pos="NNS">landmarks</wf>
<punc>.</punc>
</s>
</p>
<p pnum="32">
<s snum="73">
<wf cmd="tag" pos="NNP">Minnesota</wf>
<punc>,</punc>
<wf cmd="tag" pos="JJ">fabled</wf>
<wf cmd="tag" pos="NN">land</wf>
<wf cmd="ignore" pos="IN">of</wf>
<wf cmd="tag" pos="NNS">waters</wf>
<punc>,</punc>
<wf cmd="done" pos="VB" lemma="be" wnsn="2" lexsn="2:42:06::">is</wf>
<wf cmd="ignore" pos="IN">in</wf>
<wf cmd="ignore" pos="PRP">itself</wf>
<punc>,</punc>
<wf cmd="tag" pos="JJ">ideal</wf>
<wf cmd="tag" pos="NN">vacationland</wf>
<punc>,</punc>
<wf cmd="done" pos="VB" lemma="have" wnsn="1" lexsn="2:40:00::">having</wf>
<wf cmd="ignore" pos="IN">within</wf>
<wf cmd="ignore" pos="PRP$">its</wf>
<wf cmd="tag" pos="NNS">borders</wf>
<wf cmd="tag" pos="CD">10000</wf>
<wf cmd="tag" pos="NNS">lakes</wf>
<punc>!</punc>
</s>
<s snum="74">
<wf cmd="tag" pos="NNP">Itasca_State_Park</wf>
<punc>,</punc>
<wf cmd="ignore" pos="WRB">where</wf>
<wf cmd="ignore" pos="DT">the</wf>
<wf cmd="tag" pos="NN">Mississippi_River</wf>
<wf cmd="done" pos="VB" lemma="begin" wnsn="2" lexsn="2:42:00::">begins</wf>
<punc>,</punc>
<wf cmd="done" pos="VB" lemma="be" wnsn="2" lexsn="2:42:06::">is</wf>
<wf cmd="tag" pos="CD">one</wf>
<wf cmd="ignore" pos="IN">of</wf>
<wf cmd="ignore" pos="DT">the</wf>
<wf cmd="tag" pos="JJ">outstanding</wf>
<wf cmd="tag" pos="NN">tourist</wf>
<wf cmd="tag" pos="NNS">spots</wf>
<wf cmd="ignore" pos="IN">in</wf>
<wf cmd="tag" pos="NNP">Minnesota</wf>
<punc>.</punc>
</s>
</p>
<p pnum="33">
<s snum="75">
<wf cmd="tag" pos="NNS">Mementoes</wf>
<wf cmd="ignore" pos="IN">of</wf>
<wf cmd="ignore" pos="DT">the</wf>
<wf cmd="tag" pos="NNP">Old_West</wf>
<wf cmd="done" pos="VB" lemma="recall" wnsn="1" lexsn="2:31:00::">recall</wf>
<wf cmd="ignore" pos="DT">the</wf>
<wf cmd="tag" pos="NNS">days</wf>
<wf cmd="ignore" pos="IN">of</wf>
<wf cmd="tag" pos="NNP">Wyatt_Earp</wf>
<wf cmd="ignore" pos="IN">in</wf>
<wf cmd="tag" pos="NNP">Dodge_City</wf>
<punc>,</punc>
<wf cmd="tag" pos="NNP">Nebraska</wf>
<punc>,</punc>
<wf cmd="ignore" pos="WRB">where</wf>
<wf cmd="tag" pos="JJ">present-day</wf>
<wf cmd="tag" pos="NNS">cowboys</wf>
<wf cmd="done" pos="VB" lemma="add" wnsn="3" lexsn="2:40:00::">add</wf>
<wf cmd="ignore" pos="DT">a</wf>
<wf cmd="tag" pos="JJ">colorful</wf>
<wf cmd="tag" pos="JJ">human</wf>
<wf cmd="tag" pos="NN">interest</wf>
<wf cmd="tag" pos="NN">note</wf>
<wf cmd="ignore" pos="TO">to</wf>
<wf cmd="ignore" pos="PRP$">your</wf>
<wf cmd="tag" pos="NN">vacation</wf>
<wf cmd="tag" pos="NN">shooting</wf>
<punc>.</punc>
</s>
</p>
<p pnum="34">
<s snum="76">
<wf cmd="ignore" pos="IN">Of</wf>
<wf cmd="tag" pos="JJ">current</wf>
<wf cmd="tag" pos="NN">interest</wf>
<wf cmd="done" pos="VB" lemma="be" wnsn="1" lexsn="2:42:03::">is</wf>
<wf cmd="tag" pos="NNP">Abilene</wf>
<punc>,</punc>
<wf cmd="tag" pos="NNP">Kansas</wf>
<punc>,</punc>
<wf cmd="ignore" pos="DT">the</wf>
<wf cmd="tag" pos="NN">birthplace</wf>
<wf cmd="ignore" pos="IN">of</wf>
<wf cmd="tag" pos="NNP">ex-President_Eisenhower</wf>
<punc>.</punc>
</s>
<s snum="77">
<wf cmd="ignore" pos="EX">There</wf>
<wf cmd="done" pos="VBZ" ot="notag">'s</wf>
<wf cmd="ignore" pos="DT">a</wf>
<wf cmd="tag" pos="NN">museum</wf>
<wf cmd="tag" pos="RB">here</wf>
<wf cmd="ignore" pos="CC">and</wf>
<wf cmd="tag" pos="RB">also</wf>
<wf cmd="tag" pos="NNP">Old_Abilene_Town</wf>
<punc>,</punc>
<wf cmd="ignore" pos="DT">a</wf>
<wf cmd="tag" pos="NN">reconstruction</wf>
<wf cmd="ignore" pos="IN">of</wf>
<wf cmd="ignore" pos="DT">the</wf>
<wf cmd="tag" pos="NNS">cattle</wf>
<wf cmd="tag" pos="NN">boomtown</wf>
<wf cmd="ignore" pos="IN">of</wf>
<wf cmd="ignore" pos="DT">the</wf>
<wf cmd="tag" pos="CD">70</wf>
<wf cmd="ignore" pos="POS">'s</wf>
<wf cmd="ignore" pos="CC">and</wf>
<wf cmd="tag" pos="CD">80</wf>
<wf cmd="ignore" pos="POS">'s</wf>
<punc>.</punc>
</s>
</p>
<p pnum="35">
<s snum="78">
<wf cmd="ignore" pos="IN">For</wf>
<wf cmd="ignore" pos="DT">a</wf>
<wf cmd="tag" pos="NN">resort</wf>
<wf cmd="tag" pos="NN">area</wf>
<punc>,</punc>
<wf cmd="tag" pos="NNP">Mackinack_Island</wf>
<punc>,</punc>
<wf cmd="tag" pos="NNP">Michigan</wf>
<punc>,</punc>
<wf cmd="done" pos="VB" lemma="be" wnsn="2" lexsn="2:42:06::">is</wf>
<wf cmd="ignore" pos="DT">the</wf>
<wf cmd="tag" pos="NN">place</wf>
<wf cmd="ignore" pos="TO">to</wf>
<wf cmd="done" pos="VB" lemma="visit" wnsn="1" lexsn="2:41:02::">visit</wf>
<punc>.</punc>
</s>
<s snum="79">
<wf cmd="ignore" pos="PRP">It</wf>
<wf cmd="tag" pos="RB">truly</wf>
<wf cmd="done" pos="VB" lemma="relive" wnsn="1" lexsn="2:31:00::">relives</wf>
<wf cmd="ignore" pos="DT">another</wf>
<wf cmd="tag" pos="NN">age</wf>
<wf cmd="ignore" pos="IN">for</wf>
<wf cmd="ignore" pos="DT">the</wf>
<wf cmd="tag" pos="NNS">inhabitants</wf>
<wf cmd="tag" pos="NN">use</wf>
<wf cmd="tag" pos="NNS">carriages</wf>
<wf cmd="tag" pos="RB">rather_than</wf>
<wf cmd="tag" pos="NNS">autos</wf>
<wf cmd="ignore" pos="CC">and</wf>
<wf cmd="tag" pos="JJ">old</wf>
<wf cmd="tag" pos="JJ">British</wf>
<wf cmd="ignore" pos="CC">and</wf>
<wf cmd="tag" pos="JJ">French</wf>
<wf cmd="tag" pos="NNS">forts</wf>
<wf cmd="done" pos="VB" ot="notag">are_left</wf>
<wf cmd="tag" pos="JJ">intact</wf>
<wf cmd="ignore" pos="IN">for</wf>
<wf cmd="tag" pos="NNS">tourists</wf>
<wf cmd="ignore" pos="TO">to</wf>
<wf cmd="done" pos="VB" lemma="visit" wnsn="1" lexsn="2:41:02::">visit</wf>
<wf cmd="ignore" pos="CC">and</wf>
<wf cmd="done" pos="VB" lemma="record" wnsn="1" lexsn="2:32:00::">record</wf>
<punc>.</punc>
</s>
</p>
<p pnum="36">
<s snum="80">
<wf cmd="tag" pos="NN">Night</wf>
<wf cmd="tag" pos="NNS">scenes</wf>
<wf cmd="ignore" pos="MD">will</wf>
<wf cmd="done" pos="VB" lemma="add" wnsn="3" lexsn="2:40:00::">add</wf>
<wf cmd="ignore" pos="DT">an</wf>
<wf cmd="tag" pos="JJ">exciting</wf>
<wf cmd="tag" pos="NN">touch</wf>
<wf cmd="ignore" pos="TO">to</wf>
<wf cmd="ignore" pos="PRP$">your</wf>
<wf cmd="tag" pos="NN">vacation</wf>
<wf cmd="tag" pos="NN">travelogue</wf>
<wf cmd="ignore" pos="CC">and</wf>
<wf cmd="ignore" pos="WP">what</wf>
<wf cmd="tag" pos="JJR">better</wf>
<wf cmd="tag" pos="NN">place</wf>
<wf cmd="ignore" pos="TO">to</wf>
<wf cmd="done" pos="VB" lemma="take" wnsn="16" lexsn="2:32:02::">take</wf>
<wf cmd="ignore" pos="PRP">them</wf>
<wf cmd="tag" pos="RB">then</wf>
<wf cmd="ignore" pos="IN">along</wf>
<wf cmd="tag" pos="NNP">Chicago</wf>
<wf cmd="ignore" pos="POS">'s</wf>
<wf cmd="tag" pos="NNP">Lake_Shore_Drive</wf>
<punc>?</punc>
</s>
<s snum="81">
<wf cmd="tag" pos="RB">Just</wf>
<wf cmd="ignore" pos="IN">after</wf>
<wf cmd="tag" pos="NN">sunset</wf>
<wf cmd="done" pos="VB" lemma="be" wnsn="2" lexsn="2:42:06::">is</wf>
<wf cmd="ignore" pos="DT">a</wf>
<wf cmd="tag" pos="JJ">good</wf>
<wf cmd="tag" pos="NN">time</wf>
<wf cmd="ignore" pos="TO">to</wf>
<wf cmd="done" pos="VB" lemma="record" wnsn="1" lexsn="2:32:00::">record</wf>
<wf cmd="ignore" pos="DT">the</wf>
<wf cmd="tag" pos="NN">city</wf>
<wf cmd="tag" pos="NNS">lights</wf>
<wf cmd="ignore" pos="IN">in</wf>
<wf cmd="tag" pos="NN">color</wf>
<wf cmd="ignore" pos="IN">since</wf>
<wf cmd="ignore" pos="PRP">you</wf>
<wf cmd="done" pos="VB" lemma="get" wnsn="1" lexsn="2:40:00::">get</wf>
<wf cmd="ignore" pos="DT">a</wf>
<punc>``</punc>
<wf cmd="tag" pos="JJ">fill-in</wf>
<punc>''</punc>
<wf cmd="tag" pos="NN">light</wf>
<wf cmd="ignore" pos="IN">from</wf>
<wf cmd="ignore" pos="DT">the</wf>
<wf cmd="tag" pos="NN">sky</wf>
<punc>.</punc>
</s>
</p>
<p pnum="37">
<s snum="82">
<wf cmd="ignore" pos="DT">Another</wf>
<wf cmd="tag" pos="NN">memo</wf>
<wf cmd="ignore" pos="IN">for</wf>
<wf cmd="tag" pos="NNS">sightseers</wf>
<punc>:</punc>
<wf cmd="done" pos="VB" lemma="bring" wnsn="4" lexsn="2:35:00::">bring</wf>
<wf cmd="ignore" pos="PRP$">your</wf>
<wf cmd="tag" pos="NN">camera</wf>
<wf cmd="tag" pos="RB">along</wf>
<wf cmd="ignore" pos="TO">to</wf>
<wf cmd="tag" pos="NNS">museums</wf>
<punc>.</punc>
</s>
<s snum="83">
<wf cmd="tag" pos="NNS">Photos</wf>
<wf cmd="ignore" pos="IN">of</wf>
<wf cmd="tag" pos="JJ">historic</wf>
<wf cmd="tag" pos="NN">dioramas</wf>
<wf cmd="ignore" pos="IN">of</wf>
<wf cmd="ignore" pos="DT">the</wf>
<wf cmd="tag" pos="NN">area</wf>
<wf cmd="ignore" pos="PRP">you</wf>
<wf cmd="done" pos="VB" lemma="visit" wnsn="1" lexsn="2:41:02::">visit</wf>
<wf cmd="ignore" pos="MD">will</wf>
<wf cmd="done" pos="VB" lemma="add" wnsn="3" lexsn="2:40:00::">add</wf>
<wf cmd="tag" pos="NN">depth</wf>
<wf cmd="ignore" pos="CC">and</wf>
<wf cmd="tag" pos="NN">background</wf>
<wf cmd="ignore" pos="TO">to</wf>
<wf cmd="ignore" pos="PRP$">your</wf>
<wf cmd="tag" pos="NN">vacation</wf>
<wf cmd="tag" pos="NN">photo</wf>
<wf cmd="tag" pos="NN">story</wf>
<punc>.</punc>
</s>
<s snum="84">
<wf cmd="tag" pos="RB">Again</wf>
<punc>,</punc>
<wf cmd="done" pos="VB" lemma="be" wnsn="1" lexsn="2:42:03::">be</wf>
<wf cmd="tag" pos="JJ">sure</wf>
<wf cmd="ignore" pos="PRP$">your</wf>
<wf cmd="tag" pos="NN">tripod</wf>
<wf cmd="done" pos="VB" lemma="be" wnsn="1" lexsn="2:42:03::">is</wf>
<wf cmd="tag" pos="JJ">handy</wf>
<wf cmd="ignore" pos="IN">for</wf>
<wf cmd="ignore" pos="DT">those</wf>
<wf cmd="tag" pos="JJ">sometimes-necessary</wf>
<wf cmd="tag" pos="NN">time_exposures</wf>
<punc>.</punc>
</s>
</p>
<p pnum="38">
<s snum="85">
<wf cmd="tag" pos="JJ">Special</wf>
<wf cmd="tag" pos="NNS">events</wf>
<wf cmd="ignore" pos="CC">and</wf>
<wf cmd="ignore" pos="PRP$">their</wf>
<wf cmd="tag" pos="NNS">dates</wf>
<wf cmd="ignore" pos="WDT">which</wf>
<wf cmd="ignore" pos="MD">will</wf>
<wf cmd="done" pos="VB" lemma="make" wnsn="2" lexsn="2:30:00::">make</wf>
<wf cmd="tag" pos="JJ">interesting</wf>
<wf cmd="tag" pos="NN">shooting</wf>
<wf cmd="ignore" pos="IN">in</wf>
<wf cmd="ignore" pos="DT">the</wf>
<wf cmd="tag" pos="NNP">Midwest</wf>
<wf cmd="tag" pos="NN">area</wf>
<punc>,</punc>
<wf cmd="done" pos="VB" lemma="include" wnsn="1" lexsn="2:42:00::">include</wf>
<wf cmd="ignore" pos="DT">the</wf>
<wf cmd="tag" pos="NN">following</wf>
<punc>:</punc>
</s>
</p>
<p pnum="39">
<s snum="86">
<wf cmd="ignore" pos="DT">A</wf>
<wf cmd="tag" pos="NN">re-enactment</wf>
<wf cmd="ignore" pos="IN">of</wf>
<wf cmd="ignore" pos="DT">the</wf>
<wf cmd="tag" pos="NNP">Battle</wf>
<wf cmd="ignore" pos="IN">of</wf>
<wf cmd="tag" pos="NNP">Lexington</wf>
<punc>,</punc>
<wf cmd="tag" pos="NNP">May</wf>
<wf cmd="tag" pos="CD">18</wf>
<wf cmd="ignore" pos="DT">th</wf>
<wf cmd="ignore" pos="IN">at</wf>
<wf cmd="tag" pos="NNP">Lexington</wf>
<punc>,</punc>
<wf cmd="tag" pos="NNP">Missouri</wf>
<punc>;</punc>
<wf cmd="ignore" pos="DT">the</wf>
<wf cmd="tag" pos="JJ">world-renowned</wf>
<wf cmd="tag" pos="CD">500</wf>
<punc>-</punc>
<wf cmd="tag" pos="NN">mile</wf>
<wf cmd="tag" pos="NN">auto</wf>
<wf cmd="tag" pos="NN">race</wf>
<wf cmd="ignore" pos="IN">at</wf>
<wf cmd="tag" pos="NNP">Indianapolis</wf>
<punc>,</punc>
<wf cmd="tag" pos="NNP">Indiana</wf>
<punc>,</punc>
<wf cmd="ignore" pos="CC">plus</wf>
<wf cmd="ignore" pos="DT">a</wf>
<wf cmd="tag" pos="NN">festival</wf>
<wf cmd="ignore" pos="IN">from</wf>
<wf cmd="tag" pos="NNP">May</wf>
<wf cmd="tag" pos="CD">27</wf>
<punc>-</punc>
<wf cmd="tag" pos="CD">30</wf>
<punc>;</punc>
<punc>``</punc>
<wf cmd="tag" pos="NNP">Song</wf>
<wf cmd="ignore" pos="IN">of</wf>
<wf cmd="tag" pos="NNP">Hiawatha</wf>
<punc>''</punc>
<punc>,</punc>
<wf cmd="ignore" pos="IN">in</wf>
<wf cmd="tag" pos="NNP">Elgin</wf>
<punc>,</punc>
<wf cmd="tag" pos="NNP">Illinois</wf>
<punc>,</punc>
<wf cmd="ignore" pos="IN">from</wf>
<wf cmd="tag" pos="NNP">June</wf>
<wf cmd="tag" pos="CD">20</wf>
<wf cmd="ignore" pos="TO">to</wf>
<wf cmd="tag" pos="CD">24</wf>
<wf cmd="ignore" pos="DT">th</wf>
<punc>.</punc>
</s>
<s snum="87">
<wf cmd="tag" pos="NNP">Michigan</wf>
<wf cmd="done" pos="VB" lemma="offer" wnsn="1" lexsn="2:40:02::">offers</wf>
<wf cmd="ignore" pos="DT">the</wf>
<wf cmd="tag" pos="JJ">lovely</wf>
<wf cmd="tag" pos="NNP">Tulip_Festival</wf>
<wf cmd="ignore" pos="IN">in</wf>
<wf cmd="tag" pos="NNP">Holland</wf>
<punc>,</punc>
<wf cmd="tag" pos="NNP">Michigan</wf>
<punc>,</punc>
<wf cmd="tag" pos="NNP">May</wf>
<wf cmd="tag" pos="CD">12</wf>
<punc>-</punc>
<wf cmd="tag" pos="CD">14</wf>
<punc>;</punc>
<wf cmd="ignore" pos="DT">the</wf>
<wf cmd="tag" pos="NNP">USGA_Open</wf>
<wf cmd="ignore" pos="IN">in</wf>
<wf cmd="tag" pos="NNP">Birmingham</wf>
<wf cmd="ignore" pos="IN">from</wf>
<wf cmd="tag" pos="NNP">June</wf>
<wf cmd="tag" pos="CD">15</wf>
<punc>-</punc>
<wf cmd="tag" pos="CD">17</wf>
<punc>;</punc>
<wf cmd="ignore" pos="CC">and</wf>
<wf cmd="ignore" pos="DT">the</wf>
<wf cmd="tag" pos="NNP">International_Freedom_Festival</wf>
<wf cmd="ignore" pos="IN">in</wf>
<wf cmd="tag" pos="NNP">Detroit</wf>
<punc>,</punc>
<wf cmd="tag" pos="NNP">June</wf>
<wf cmd="tag" pos="CD">29</wf>
<punc>-</punc>
<wf cmd="tag" pos="NNP">July</wf>
<wf cmd="tag" pos="CD">4</wf>
<punc>.</punc>
</s>
</p>
<p pnum="40">
<s snum="88">
<wf cmd="ignore" pos="IN">For</wf>
<wf cmd="tag" pos="JJ">early</wf>
<wf cmd="tag" pos="NNS">vacationers</wf>
<wf cmd="ignore" pos="EX">there</wf>
<wf cmd="done" pos="VBZ" ot="notag">'s</wf>
<wf cmd="ignore" pos="DT">the</wf>
<wf cmd="tag" pos="JJ">fun-filled</wf>
<wf cmd="tag" pos="NNP">Fishing_Derby</wf>
<wf cmd="ignore" pos="IN">in</wf>
<wf cmd="tag" pos="NN">Hot_Springs</wf>
<punc>,</punc>
<wf cmd="tag" pos="NNP">Arkansas</wf>
<punc>,</punc>
<wf cmd="tag" pos="NNP">April</wf>
<wf cmd="tag" pos="CD">19</wf>
<punc>-</punc>
<wf cmd="tag" pos="CD">23</wf>
<punc>,</punc>
<wf cmd="ignore" pos="CC">and</wf>
<wf cmd="ignore" pos="DT">the</wf>
<wf cmd="tag" pos="NNP">Arkansas_Band_Festival</wf>
<wf cmd="ignore" pos="IN">in</wf>
<wf cmd="tag" pos="NN">Hot_Springs</wf>
<punc>,</punc>
<wf cmd="tag" pos="NNP">April</wf>
<wf cmd="tag" pos="CD">20</wf>
<punc>-</punc>
<wf cmd="tag" pos="CD">22</wf>
<punc>.</punc>
</s>
</p>
<p pnum="41">
<s snum="89">
<wf cmd="ignore" pos="DT">A</wf>
<wf cmd="tag" pos="JJ">Western</wf>
<wf cmd="tag" pos="NN">vacation</wf>
<wf cmd="done" pos="VB" lemma="be" wnsn="1" lexsn="2:42:03::">is</wf>
<wf cmd="tag" pos="RB">practically</wf>
<wf cmd="tag" pos="JJ">synonymous</wf>
<wf cmd="ignore" pos="IN">with</wf>
<wf cmd="ignore" pos="DT">a</wf>
<wf cmd="tag" pos="NN">visit</wf>
<wf cmd="ignore" pos="TO">to</wf>
<wf cmd="tag" pos="RB">at_least</wf>
<wf cmd="tag" pos="CD">one</wf>
<wf cmd="ignore" pos="IN">of</wf>
<wf cmd="ignore" pos="DT">the</wf>
<wf cmd="tag" pos="JJ">magnificent</wf>
<wf cmd="tag" pos="NN">national_parks</wf>
<wf cmd="tag" pos="RB">in_this</wf>
<wf cmd="tag" pos="NN">area</wf>
<punc>.</punc>
</s>
<s snum="90">
<wf cmd="ignore" pos="DT">A</wf>
<wf cmd="tag" pos="NN">tour</wf>
<wf cmd="ignore" pos="IN">of</wf>
<wf cmd="tag" pos="JJ">several</wf>
<wf cmd="ignore" pos="IN">of</wf>
<wf cmd="ignore" pos="PRP">them</wf>
<wf cmd="done" pos="VB" lemma="be" wnsn="1" lexsn="2:42:03::">is</wf>
<wf cmd="tag" pos="JJ">possible</wf>
<wf cmd="ignore" pos="IN">in</wf>
<wf cmd="ignore" pos="DT">a</wf>
<wf cmd="tag" pos="JJ">two-week</wf>
<wf cmd="tag" pos="NN">vacation</wf>
<wf cmd="ignore" pos="IN">while</wf>
<wf cmd="ignore" pos="DT">a</wf>
<wf cmd="tag" pos="NN">stay</wf>
<wf cmd="done" pos="VB" ot="notag">at</wf>
<wf cmd="tag" pos="RB">just</wf>
<wf cmd="tag" pos="CD">one</wf>
<wf cmd="ignore" pos="IN">of</wf>
<wf cmd="ignore" pos="DT">these</wf>
<wf cmd="tag" pos="JJ">natural</wf>
<wf cmd="tag" pos="NN">beauty_spots</wf>
<wf cmd="ignore" pos="MD">can</wf>
<wf cmd="done" pos="VB" lemma="be" wnsn="1" lexsn="2:42:03::">be</wf>
<wf cmd="ignore" pos="IN">of</wf>
<wf cmd="tag" pos="JJ">equal</wf>
<wf cmd="tag" pos="NN">reward</wf>
<punc>.</punc>
</s>
</p>
<p pnum="42">
<s snum="91">
<wf cmd="ignore" pos="IN">In</wf>
<wf cmd="tag" pos="NNP">California</wf>
<wf cmd="done" pos="VB" lemma="be" wnsn="3" lexsn="2:42:05::">is</wf>
<wf cmd="tag" pos="JJ">located</wf>
<wf cmd="tag" pos="CD">one</wf>
<wf cmd="ignore" pos="IN">of</wf>
<wf cmd="tag" pos="RB">the_most</wf>
<wf cmd="tag" pos="JJ">popular</wf>
<wf cmd="ignore" pos="IN">of</wf>
<wf cmd="ignore" pos="DT">the</wf>
<wf cmd="tag" pos="NN">national_parks</wf>
<punc>-</punc>
<wf cmd="tag" pos="NNP">Yosemite</wf>
<punc>.</punc>
</s>
<s snum="92">
<wf cmd="ignore" pos="IN">Among</wf>
<wf cmd="ignore" pos="PRP$">its</wf>
<wf cmd="tag" pos="JJS">most</wf>
<wf cmd="tag" pos="JJ">spectacular</wf>
<wf cmd="tag" pos="NNS">features</wf>
<wf cmd="done" pos="VB" lemma="be" wnsn="2" lexsn="2:42:06::">are</wf>
<wf cmd="ignore" pos="PRP$">its</wf>
<wf cmd="tag" pos="NNS">falls</wf>
<punc>,</punc>
<wf cmd="ignore" pos="DT">the</wf>
<wf cmd="tag" pos="JJS">highest</wf>
<wf cmd="done" pos="VB" lemma="be" wnsn="1" lexsn="2:42:03::">being</wf>
<wf cmd="tag" pos="NNP">Upper_Yosemite</wf>
<wf cmd="ignore" pos="WDT">which</wf>
<wf cmd="done" pos="VB" lemma="drop" wnsn="2" lexsn="2:38:00::">drops</wf>
<wf cmd="tag" pos="CD">2425</wf>
<wf cmd="tag" pos="NNS">feet</wf>
<punc>.</punc>
</s>
<s snum="93">
<wf cmd="ignore" pos="DT">The</wf>
<wf cmd="tag" pos="NNP">Sequoia_Grove</wf>
<wf cmd="done" pos="VB" lemma="present" wnsn="1" lexsn="2:39:00::">presents</wf>
<wf cmd="ignore" pos="DT">another</wf>
<wf cmd="tag" pos="JJ">unique</wf>
<wf cmd="tag" pos="NN">aspect</wf>
<wf cmd="ignore" pos="IN">of</wf>
<wf cmd="tag" pos="NNP">Yosemite</wf>
<punc>,</punc>
<wf cmd="ignore" pos="IN">for</wf>
<wf cmd="ignore" pos="DT">these</wf>
<wf cmd="tag" pos="JJ">ancient</wf>
<wf cmd="tag" pos="NN">giant</wf>
<wf cmd="tag" pos="NNS">trees</wf>
<wf cmd="done" pos="VB" lemma="be" wnsn="2" lexsn="2:42:06::">are</wf>
<wf cmd="ignore" pos="DT">a</wf>
<wf cmd="tag" pos="NN">sight</wf>
<wf cmd="tag" pos="RB">never</wf>
<wf cmd="ignore" pos="TO">to</wf>
<wf cmd="done" pos="VB" ot="notag">be</wf>
<wf cmd="done" pos="VB" lemma="forget" wnsn="1" lexsn="2:31:01::">forgotten</wf>
<punc>.</punc>
</s>
</p>
<p pnum="43">
<s snum="94">
<wf cmd="ignore" pos="IN">In</wf>
<wf cmd="ignore" pos="DT">the</wf>
<wf cmd="tag" pos="NNP">Utah</wf>
<wf cmd="tag" pos="NN">area</wf>
<wf cmd="done" pos="VB" lemma="be" wnsn="4" lexsn="2:42:00::">are</wf>
<wf cmd="tag" pos="NNP">Zion</wf>
<wf cmd="tag" pos="NN">National_Park</wf>
<wf cmd="ignore" pos="CC">and</wf>
<wf cmd="tag" pos="NNP">Bryce_Canyon</wf>
<wf cmd="tag" pos="NN">National_Park</wf>
<punc>.</punc>
</s>
<s snum="95">
<wf cmd="tag" pos="JJ">Fantastic</wf>
<wf cmd="tag" pos="NNS">colors</wf>
<wf cmd="done" pos="VBP" ot="notag">are</wf>
<wf cmd="ignore" pos="TO">to</wf>
<wf cmd="done" pos="VB" ot="notag">be</wf>
<wf cmd="done" pos="VB" lemma="see" wnsn="1" lexsn="2:39:00::">seen</wf>
<wf cmd="ignore" pos="IN">in</wf>
<wf cmd="ignore" pos="DT">the</wf>
<wf cmd="tag" pos="JJ">fanciful</wf>
<wf cmd="tag" pos="NNS">formations</wf>
<wf cmd="ignore" pos="IN">of</wf>
<wf cmd="tag" pos="JJ">eroded</wf>
<wf cmd="tag" pos="NN">rock</wf>
<wf cmd="ignore" pos="WDT">which</wf>
<wf cmd="done" pos="VB" lemma="loom" wnsn="1" lexsn="2:42:02::">loom</wf>
<wf cmd="ignore" pos="IN">out</wf>
<wf cmd="ignore" pos="IN">of</wf>
<wf cmd="ignore" pos="DT">the</wf>
<wf cmd="tag" pos="JJ">semiarid</wf>
<wf cmd="tag" pos="NN">country</wf>
<wf cmd="ignore" pos="IN">in</wf>
<wf cmd="ignore" pos="DT">both</wf>
<wf cmd="tag" pos="NNS">parks</wf>
<punc>.</punc>
</s>
</p>
<p pnum="44">
<s snum="96">
<wf cmd="tag" pos="NNP">Colorado</wf>
<wf cmd="ignore" pos="POS">'s</wf>
<wf cmd="tag" pos="NNP">Grand_Canyon</wf>
<punc>,</punc>
<wf cmd="tag" pos="RB">probably</wf>
<wf cmd="tag" pos="RB">the_most</wf>
<wf cmd="tag" pos="JJ">famous</wf>
<wf cmd="tag" pos="NN">landmark</wf>
<wf cmd="ignore" pos="IN">of</wf>
<wf cmd="ignore" pos="DT">the</wf>
<wf cmd="tag" pos="NN">United_States</wf>
<punc>,</punc>
<wf cmd="ignore" pos="MD">can</wf>
<wf cmd="done" pos="VB" lemma="be" wnsn="2" lexsn="2:42:06::">be</wf>
<wf cmd="ignore" pos="DT">the</wf>
<wf cmd="tag" pos="NN">highpoint</wf>
<wf cmd="ignore" pos="IN">of</wf>
<wf cmd="ignore" pos="PRP$">your</wf>
<wf cmd="tag" pos="JJ">Western</wf>
<wf cmd="tag" pos="NN">vacation</wf>
<punc>.</punc>
</s>
</p>
</context>
</contextfile>
