<contextfile concordance="brown">
<context filename="br-f06" paras="yes">
<p pnum="1">
<s snum="1">
<wf cmd="done" pos="VBP" ot="notag">Are</wf>
<wf cmd="ignore" pos="PRP">you</wf>
<wf cmd="done" pos="VB" lemma="retire" wnsn="1" lexsn="2:41:01::">retiring</wf>
<wf cmd="tag" pos="RB">now</wf>
<punc>?</punc>
</s>
<s snum="2">
<wf cmd="ignore" pos="IN">If</wf>
<wf cmd="tag" pos="RB">so</wf>
<punc>,</punc>
<wf cmd="done" pos="VBP" ot="notag">are</wf>
<wf cmd="ignore" pos="PRP">you</wf>
<wf cmd="done" pos="VB" lemma="say" wnsn="1" lexsn="2:32:00::">saying</wf>
<punc>,</punc>
<punc>``</punc>
<wf cmd="ignore" pos="WRB">Where</wf>
<wf cmd="done" pos="VBD" ot="notag">did</wf>
<wf cmd="ignore" pos="DT">the</wf>
<wf cmd="tag" pos="JJ">last</wf>
<wf cmd="tag" pos="JJ">few</wf>
<wf cmd="tag" pos="NNS">years</wf>
<wf cmd="done" pos="VB" lemma="go" wnsn="1" lexsn="2:38:00::">go</wf>
<punc>?</punc>
</s>
<s snum="3">
<wf cmd="ignore" pos="WRB">How</wf>
<wf cmd="done" pos="VBD" ot="notag">did</wf>
<wf cmd="ignore" pos="PRP">I</wf>
<wf cmd="done" pos="VB" lemma="get" wnsn="2" lexsn="2:30:00::">get</wf>
<wf cmd="done" pos="VB" ot="notag">to</wf>
<wf cmd="done" pos="VB" lemma="be" wnsn="1" lexsn="2:42:03::">be</wf>
<wf cmd="tag" pos="CD">sixty-five</wf>
<wf cmd="tag" pos="RB">so</wf>
<wf cmd="tag" pos="RB">fast</wf>
<punc>?</punc>
</s>
<s snum="4">
<wf cmd="ignore" pos="WP">What</wf>
<wf cmd="done" pos="VBP" ot="notag">do</wf>
<wf cmd="ignore" pos="PRP">I</wf>
<wf cmd="done" pos="VB" lemma="do" wnsn="6" lexsn="2:41:02::">do</wf>
<wf cmd="tag" pos="RB">now</wf>
<punc>''</punc>
<punc>?</punc>
</s>
</p>
<p pnum="2">
<s snum="5">
<wf cmd="ignore" pos="UH">Yes</wf>
<punc>,</punc>
<wf cmd="tag" pos="NN">retirement</wf>
<wf cmd="done" pos="VB" lemma="seem" wnsn="1" lexsn="2:39:00::">seems</wf>
<wf cmd="ignore" pos="TO">to</wf>
<wf cmd="done" pos="VB" lemma="creep" wnsn="2" lexsn="2:38:04::">creep</wf>
<wf cmd="ignore" pos="IN">upon</wf>
<wf cmd="ignore" pos="PRP">you</wf>
<wf cmd="tag" pos="RB">suddenly</wf>
<punc>.</punc>
</s>
<s snum="6">
<wf cmd="tag" pos="RB">Somehow</wf>
<wf cmd="ignore" pos="PRP">we</wf>
<wf cmd="tag" pos="NNS">old-timers</wf>
<wf cmd="tag" pos="RB">never</wf>
<wf cmd="done" pos="VB" lemma="figure" wnsn="3" lexsn="2:36:00::">figured</wf>
<wf cmd="ignore" pos="PRP">we</wf>
<wf cmd="ignore" pos="MD">would</wf>
<wf cmd="tag" pos="RB">ever</wf>
<wf cmd="done" pos="VB" lemma="retire" wnsn="1" lexsn="2:41:01::">retire</wf>
<punc>.</punc>
</s>
<s snum="7">
<wf cmd="ignore" pos="PRP">We</wf>
<wf cmd="tag" pos="RB">always</wf>
<wf cmd="done" pos="VB" lemma="think" wnsn="2" lexsn="2:31:03::">thought</wf>
<wf cmd="ignore" pos="PRP">we</wf>
<wf cmd="ignore" pos="MD">would</wf>
<wf cmd="done" pos="VB" lemma="die" wnsn="1" lexsn="2:30:00::">die</wf>
<wf cmd="ignore" pos="IN">with</wf>
<wf cmd="ignore" pos="PRP$">our</wf>
<wf cmd="tag" pos="NNS">boots</wf>
<wf cmd="tag" pos="RB">on</wf>
<punc>.</punc>
</s>
<s snum="8">
<wf cmd="tag" pos="RB">Out_of_the_blue</wf>
<wf cmd="done" pos="VB" lemma="come" wnsn="2" lexsn="2:38:04::">comes</wf>
<wf cmd="tag" pos="NN">talk</wf>
<wf cmd="ignore" pos="IN">of</wf>
<wf cmd="tag" pos="NN">pension</wf>
<wf cmd="tag" pos="NNS">plans</wf>
<punc>.</punc>
</s>
<s snum="9">
<wf cmd="tag" pos="JJ">Compulsory</wf>
<wf cmd="tag" pos="NN">retirement</wf>
<wf cmd="ignore" pos="IN">at</wf>
<wf cmd="tag" pos="CD">sixty-five</wf>
<wf cmd="done" pos="VB" lemma="loom" wnsn="1" lexsn="2:42:02::">looms</wf>
<wf cmd="ignore" pos="IN">on</wf>
<wf cmd="ignore" pos="PRP$">our</wf>
<wf cmd="tag" pos="NN">horizon</wf>
<punc>.</punc>
</s>
<s snum="10">
<wf cmd="tag" pos="RB">Still</wf>
<punc>,</punc>
<wf cmd="ignore" pos="PRP">it</wf>
<wf cmd="done" pos="VB" lemma="seem" wnsn="1" lexsn="2:39:00::">seems</wf>
<wf cmd="ignore" pos="IN">in</wf>
<wf cmd="ignore" pos="DT">the</wf>
<wf cmd="tag" pos="JJ">far</wf>
<wf cmd="tag" pos="NN">future</wf>
<punc>.</punc>
</s>
<s snum="11">
<wf cmd="tag" pos="RB">Suddenly</wf>
<punc>,</punc>
<wf cmd="tag" pos="RB">one_day</wf>
<punc>,</punc>
<wf cmd="ignore" pos="IN">up</wf>
<wf cmd="ignore" pos="PRP">it</wf>
<wf cmd="done" rdf="pops_up" pos="VB" lemma="pop_up" wnsn="1" lexsn="2:39:00::">pops</wf>
<punc>!</punc>
</s>
<s snum="12">
<wf cmd="tag" pos="JJ">Sixty-five</wf>
<wf cmd="tag" pos="NNS">years</wf>
<wf cmd="ignore" pos="CC">and</wf>
<wf cmd="ignore" pos="PRP">you</wf>
<wf cmd="done" pos="VBP" ot="notag">'ve</wf>
<wf cmd="done" pos="VB" ot="notag">had_it</wf>
<punc>!</punc>
</s>
</p>
<p pnum="3">
<s snum="13">
<wf cmd="tag" pos="RB">So</wf>
<punc>,</punc>
<wf cmd="tag" pos="RB">now</wf>
<wf cmd="ignore" pos="WP">what</wf>
<punc>?</punc>
</s>
<s snum="14">
<wf cmd="ignore" pos="UH">Oh</wf>
<wf cmd="tag" pos="JJ">sure</wf>
<punc>!</punc>
</s>
<s snum="15">
<wf cmd="ignore" pos="PRP">You</wf>
<wf cmd="done" pos="VBP" ot="notag">'ve</wf>
<wf cmd="done" pos="VB" lemma="think_about" wnsn="2" lexsn="2:31:03::">thought_about</wf>
<wf cmd="ignore" pos="PRP">it</wf>
<wf cmd="ignore" pos="IN">before</wf>
<wf cmd="ignore" pos="IN">in</wf>
<wf cmd="ignore" pos="DT">a</wf>
<wf cmd="tag" pos="JJ">hazy</wf>
<wf cmd="tag" pos="RB">sort_of</wf>
<wf cmd="tag" pos="NN">way</wf>
<punc>.</punc>
</s>
<s snum="16">
<wf cmd="ignore" pos="CC">But</wf>
<punc>!</punc>
</s>
<s snum="17">
<wf cmd="ignore" pos="PRP">It</wf>
<wf cmd="tag" pos="RB">never</wf>
<wf cmd="done" pos="VB" lemma="seem" wnsn="1" lexsn="2:39:00::">seemed</wf>
<wf cmd="tag" pos="JJ">real</wf>
<punc>;</punc>
<wf cmd="tag" pos="RB">never</wf>
<wf cmd="done" pos="VB" lemma="seem" wnsn="1" lexsn="2:39:00::">seemed</wf>
<wf cmd="ignore" pos="IN">as</wf>
<wf cmd="ignore" pos="IN">if</wf>
<wf cmd="ignore" pos="PRP">it</wf>
<wf cmd="ignore" pos="MD">could</wf>
<wf cmd="done" pos="VB" lemma="happen" wnsn="1" lexsn="2:30:00::">happen</wf>
<wf cmd="done" pos="VB" ot="notag">to</wf>
<wf cmd="ignore" pos="PRP">you</wf>
<punc>;</punc>
<wf cmd="tag" pos="RB">only</wf>
<wf cmd="ignore" pos="TO">to</wf>
<wf cmd="ignore" pos="DT">the</wf>
<wf cmd="tag" pos="JJ">other</wf>
<wf cmd="tag" pos="NN">fellow</wf>
<punc>.</punc>
</s>
</p>
<p pnum="4">
<s snum="18">
<wf cmd="tag" pos="RB">Now</wf>
<punc>!</punc>
</s>
<s snum="19">
<wf cmd="tag" pos="RB">Here</wf>
<wf cmd="ignore" pos="PRP">it</wf>
<wf cmd="done" pos="VB" lemma="be" wnsn="3" lexsn="2:42:05::">is</wf>
<punc>!</punc>
</s>
<s snum="20">
<wf cmd="ignore" pos="WRB">How</wf>
<wf cmd="done" pos="VBP" ot="notag">am</wf>
<wf cmd="ignore" pos="PRP">I</wf>
<wf cmd="done" pos="VB" ot="notag">going_to</wf>
<wf cmd="done" pos="VB" lemma="live" wnsn="4" lexsn="2:42:01::">live</wf>
<punc>?</punc>
</s>
<s snum="21">
<wf cmd="ignore" pos="WP">What</wf>
<wf cmd="done" pos="VBP" ot="notag">am</wf>
<wf cmd="ignore" pos="PRP">I</wf>
<wf cmd="done" pos="VB" ot="notag">going_to</wf>
<wf cmd="done" pos="VB" lemma="do" wnsn="6" lexsn="2:41:02::">do</wf>
<punc>?</punc>
</s>
<s snum="22">
<wf cmd="ignore" pos="WRB">Where</wf>
<wf cmd="done" pos="VBP" ot="notag">do</wf>
<wf cmd="ignore" pos="PRP">I</wf>
<wf cmd="done" pos="VB" lemma="go" wnsn="2" lexsn="2:41:00::">go</wf>
<wf cmd="ignore" pos="IN">from</wf>
<wf cmd="tag" pos="RB">here</wf>
<punc>?</punc>
</s>
</p>
<p pnum="5">
<s snum="23">
<wf cmd="ignore" pos="DT">A</wf>
<wf cmd="tag" pos="JJ">great</wf>
<wf cmd="tag" pos="JJ">many</wf>
<wf cmd="tag" pos="JJ">retired</wf>
<wf cmd="tag" pos="NNS">people</wf>
<wf cmd="done" pos="VB" lemma="be" wnsn="2" lexsn="2:42:06::">are</wf>
<wf cmd="ignore" pos="DT">the</wf>
<wf cmd="tag" pos="JJ">so-called</wf>
<wf cmd="tag" pos="JJ">white</wf>
<wf cmd="tag" pos="NN">collar</wf>
<wf cmd="tag" pos="NNS">workers</wf>
<punc>.</punc>
</s>
<s snum="24">
<wf cmd="done" pos="VBP" ot="notag">Are</wf>
<wf cmd="ignore" pos="PRP">you</wf>
<wf cmd="tag" pos="CD">one</wf>
<wf cmd="ignore" pos="IN">of</wf>
<wf cmd="ignore" pos="DT">these</wf>
<punc>?</punc>
</s>
</p>
<p pnum="6">
<s snum="25">
<wf cmd="ignore" pos="IN">If</wf>
<wf cmd="tag" pos="RB">so</wf>
<punc>,</punc>
<wf cmd="ignore" pos="PRP">you</wf>
<wf cmd="done" pos="VB" lemma="be" wnsn="1" lexsn="2:42:03::">are</wf>
<wf cmd="ignore" pos="IN">of</wf>
<wf cmd="ignore" pos="DT">the</wf>
<wf cmd="tag" pos="NN">old_school</wf>
<punc>.</punc>
</s>
<s snum="26">
<wf cmd="ignore" pos="PRP">You</wf>
<wf cmd="done" pos="VB" lemma="be" wnsn="1" lexsn="2:42:03::">are</wf>
<wf cmd="tag" pos="JJ">conscientious</wf>
<punc>,</punc>
<wf cmd="tag" pos="JJ">hard</wf>
<wf cmd="tag" pos="NN">working</wf>
<punc>,</punc>
<wf cmd="tag" pos="JJ">honest</wf>
<punc>,</punc>
<wf cmd="tag" pos="JJ">accurate</wf>
<punc>,</punc>
<wf cmd="ignore" pos="DT">a</wf>
<wf cmd="tag" pos="JJ">good</wf>
<wf cmd="tag" pos="NN">penman</wf>
<punc>,</punc>
<wf cmd="ignore" pos="CC">and</wf>
<wf cmd="ignore" pos="DT">a</wf>
<wf cmd="tag" pos="NN">stickler</wf>
<wf cmd="ignore" pos="IN">for</wf>
<wf cmd="ignore" pos="DT">a</wf>
<wf cmd="tag" pos="NN">job</wf>
<wf cmd="tag" pos="RB">well</wf>
<wf cmd="done" pos="VB" lemma="do" wnsn="2" lexsn="2:36:01::">done</wf>
<punc>,</punc>
<wf cmd="ignore" pos="IN">with</wf>
<wf cmd="ignore" pos="DT">no</wf>
<wf cmd="tag" pos="NN">loose_ends</wf>
<punc>.</punc>
</s>
<s snum="27">
<wf cmd="tag" pos="NN">Everything</wf>
<wf cmd="ignore" pos="MD">must</wf>
<wf cmd="done" pos="VB" lemma="balance" wnsn="2" lexsn="2:40:00::">balance</wf>
<wf cmd="ignore" pos="TO">to</wf>
<wf cmd="ignore" pos="DT">the</wf>
<wf cmd="tag" pos="JJ">last</wf>
<wf cmd="tag" pos="NN">penny</wf>
<punc>.</punc>
</s>
<s snum="28">
<wf cmd="tag" pos="RB">Also</wf>
<wf cmd="ignore" pos="PRP">you</wf>
<wf cmd="ignore" pos="MD">can</wf>
<wf cmd="done" pos="VB" lemma="spell" wnsn="1" lexsn="2:32:00::">spell</wf>
<punc>,</punc>
<wf cmd="ignore" pos="IN">without</wf>
<wf cmd="done" pos="VB" lemma="consult" wnsn="2" lexsn="2:32:01::">consulting</wf>
<wf cmd="ignore" pos="DT">a</wf>
<wf cmd="tag" pos="NN">dictionary</wf>
<wf cmd="ignore" pos="IN">for</wf>
<wf cmd="tag" pos="JJ">every_other</wf>
<wf cmd="tag" pos="NN">word</wf>
<punc>.</punc>
</s>
<s snum="29">
<wf cmd="ignore" pos="PRP">You</wf>
<wf cmd="tag" pos="RB">never</wf>
<wf cmd="done" pos="VB" lemma="be" wnsn="1" lexsn="2:42:03::">are</wf>
<wf cmd="tag" pos="JJ">late</wf>
<wf cmd="ignore" pos="IN">for</wf>
<wf cmd="tag" pos="NN">work</wf>
<wf cmd="ignore" pos="CC">and</wf>
<wf cmd="tag" pos="RB">seldom</wf>
<wf cmd="tag" pos="JJ">absent</wf>
<punc>.</punc>
</s>
</p>
<p pnum="7">
<s snum="30">
<wf cmd="tag" pos="RB">Actually</wf>
<punc>,</punc>
<wf cmd="ignore" pos="PRP">you</wf>
<wf cmd="ignore" pos="MD">can</wf>
<wf cmd="done" pos="VB" lemma="take" wnsn="11" lexsn="2:40:05::">take</wf>
<wf cmd="ignore" pos="DT">no</wf>
<wf cmd="tag" pos="JJ">special</wf>
<wf cmd="tag" pos="NN">credit</wf>
<wf cmd="ignore" pos="IN">for</wf>
<wf cmd="ignore" pos="DT">this</wf>
<punc>.</punc>
</s>
<s snum="31">
<wf cmd="ignore" pos="PRP">It</wf>
<wf cmd="done" pos="VB" lemma="be" wnsn="2" lexsn="2:42:06::">is</wf>
<wf cmd="ignore" pos="DT">the</wf>
<wf cmd="tag" pos="NN">way</wf>
<wf cmd="ignore" pos="PRP">you</wf>
<wf cmd="done" pos="VBD" ot="notag">were</wf>
<wf cmd="done" pos="VB" lemma="teach" wnsn="1" lexsn="2:32:00::">taught</wf>
<wf cmd="ignore" pos="CC">and</wf>
<wf cmd="ignore" pos="PRP$">your</wf>
<wf cmd="tag" pos="NN">way_of_life</wf>
<punc>.</punc>
</s>
<s snum="32">
<wf cmd="ignore" pos="DT">All</wf>
<wf cmd="ignore" pos="DT">this</wf>
<wf cmd="done" pos="VB" lemma="be" wnsn="2" lexsn="2:42:06::">is</wf>
<wf cmd="tag" pos="JJ">standard</wf>
<wf cmd="tag" pos="NN">equipment</wf>
<wf cmd="ignore" pos="IN">for</wf>
<wf cmd="ignore" pos="DT">a</wf>
<wf cmd="tag" pos="NN">man</wf>
<wf cmd="ignore" pos="IN">of</wf>
<wf cmd="ignore" pos="PRP$">your</wf>
<wf cmd="tag" pos="NN">day</wf>
<punc>;</punc>
<wf cmd="ignore" pos="PRP$">your</wf>
<wf cmd="tag" pos="NN">stock</wf>
<wf cmd="ignore" pos="IN">in</wf>
<wf cmd="tag" pos="NN">trade</wf>
<punc>;</punc>
<wf cmd="ignore" pos="PRP$">your</wf>
<wf cmd="tag" pos="NN">livelihood</wf>
<punc>.</punc>
</s>
</p>
<p pnum="8">
<s snum="33">
<wf cmd="tag" pos="RB">However</wf>
<punc>,</punc>
<wf cmd="ignore" pos="DT">the</wf>
<wf cmd="tag" pos="JJ">last</wf>
<wf cmd="tag" pos="JJ">few</wf>
<wf cmd="tag" pos="NNS">years</wf>
<wf cmd="ignore" pos="IN">of</wf>
<wf cmd="ignore" pos="PRP$">your</wf>
<wf cmd="tag" pos="NN">life</wf>
<punc>,</punc>
<wf cmd="tag" pos="NNS">things</wf>
<wf cmd="done" pos="VB" lemma="seem" wnsn="1" lexsn="2:39:00::">seem</wf>
<wf cmd="ignore" pos="TO">to</wf>
<wf cmd="done" pos="VB" ot="notag">be</wf>
<wf cmd="done" pos="VB" lemma="change" wnsn="2" lexsn="2:30:00::">changing</wf>
<punc>.</punc>
</s>
<s snum="34">
<wf cmd="ignore" pos="PRP$">Your</wf>
<wf cmd="tag" pos="NN">way</wf>
<wf cmd="done" pos="VBZ" ot="notag">does</wf>
<wf cmd="tag" pos="RB">n't</wf>
<wf cmd="done" pos="VB" lemma="seem" wnsn="1" lexsn="2:39:00::">seem</wf>
<wf cmd="ignore" pos="TO">to</wf>
<wf cmd="done" pos="VB" lemma="be" wnsn="1" lexsn="2:42:03::">be</wf>
<wf cmd="tag" pos="RB">so</wf>
<wf cmd="tag" pos="RB">darned</wf>
<wf cmd="tag" pos="JJ">important</wf>
<wf cmd="tag" pos="RB">any_more</wf>
<punc>.</punc>
</s>
<s snum="35">
<wf cmd="ignore" pos="PRP">You</wf>
<wf cmd="done" pos="VB" lemma="realize" wnsn="1" lexsn="2:31:01::">realize</wf>
<wf cmd="ignore" pos="PRP">you</wf>
<wf cmd="done" pos="VBP" ot="notag">are</wf>
<wf cmd="done" pos="VB" lemma="get_in" wnsn="1" lexsn="2:38:01::">getting_in</wf>
<wf cmd="ignore" pos="DT">the</wf>
<wf cmd="tag" pos="JJ">old</wf>
<wf cmd="tag" pos="NN">fogy</wf>
<wf cmd="tag" pos="NN">class</wf>
<punc>.</punc>
</s>
<s snum="36">
<wf cmd="ignore" pos="TO">To</wf>
<wf cmd="done" pos="VB" lemma="put" wnsn="3" lexsn="2:32:00::">put</wf>
<wf cmd="ignore" pos="PRP">it</wf>
<wf cmd="tag" pos="RB">bluntly</wf>
<punc>,</punc>
<wf cmd="ignore" pos="PRP">you</wf>
<wf cmd="done" pos="VBP" ot="notag">are</wf>
<wf cmd="done" pos="VB" lemma="get" wnsn="2" lexsn="2:30:00::">getting</wf>
<wf cmd="tag" pos="JJ">out-moded</wf>
<punc>.</punc>
</s>
</p>
<p pnum="9">
<s snum="37">
<wf cmd="ignore" pos="WP">What</wf>
<wf cmd="ignore" pos="POS">'s</wf>
<wf cmd="done" pos="VB" lemma="happen" wnsn="1" lexsn="2:30:00::">happened</wf>
<punc>?</punc>
</s>
<s snum="38">
<wf cmd="ignore" pos="DT">The</wf>
<wf cmd="tag" pos="NN">answer</wf>
<wf cmd="done" pos="VB" lemma="be" wnsn="2" lexsn="2:42:06::">is</wf>
<wf cmd="ignore" pos="DT">a</wf>
<wf cmd="tag" pos="JJ">new</wf>
<wf cmd="tag" pos="NN">era</wf>
<punc>.</punc>
</s>
</p>
<p pnum="10">
<s snum="39">
<wf cmd="tag" pos="RB">Now</wf>
<punc>,</punc>
<wf cmd="done" pos="VB" lemma="loom" wnsn="1" lexsn="2:42:02::">looming</wf>
<wf cmd="ignore" pos="IN">on</wf>
<wf cmd="ignore" pos="DT">the</wf>
<wf cmd="tag" pos="NN">horizon</wf>
<wf cmd="done" pos="VB" lemma="be" wnsn="5" lexsn="2:42:04::">are</wf>
<wf cmd="tag" pos="JJ">such</wf>
<wf cmd="tag" pos="NNS">things</wf>
<wf cmd="ignore" pos="IN">as</wf>
<wf cmd="tag" pos="JJ">estimated</wf>
<wf cmd="tag" pos="NN">totals</wf>
<punc>,</punc>
<wf cmd="tag" pos="JJ">calculated</wf>
<wf cmd="tag" pos="NNS">risks</wf>
<wf cmd="ignore" pos="CC">and</wf>
<wf cmd="tag" pos="NNP">I._B._M.</wf>
<wf cmd="tag" pos="NNS">machines</wf>
<punc>.</punc>
</s>
<s snum="40">
<wf cmd="ignore" pos="DT">The</wf>
<wf cmd="tag" pos="NNP">Planning_Dept.</wf>
<wf cmd="done" pos="VB" lemma="come" wnsn="2" lexsn="2:38:04::">comes</wf>
<wf cmd="done" pos="VB" ot="notag">into</wf>
<wf cmd="tag" pos="NN">existence</wf>
<punc>.</punc>
</s>
<s snum="41">
<wf cmd="ignore" pos="DT">All</wf>
<wf cmd="tag" pos="NNS">sorts</wf>
<wf cmd="ignore" pos="IN">of</wf>
<wf cmd="tag" pos="NNS">plans</wf>
<wf cmd="done" pos="VB" lemma="come_to_life" wnsn="1" lexsn="2:30:00::">come_to_life</wf>
<punc>.</punc>
</s>
<s snum="42">
<wf cmd="ignore" pos="DT">This</wf>
<wf cmd="done" pos="VBZ" ot="notag">is</wf>
<wf cmd="done" pos="VB" lemma="follow" wnsn="2" lexsn="2:42:00::">followed</wf>
<wf cmd="ignore" pos="IN">by</wf>
<wf cmd="ignore" pos="DT">a</wf>
<wf cmd="tag" pos="NN">boom</wf>
<wf cmd="ignore" pos="IN">in</wf>
<wf cmd="tag" pos="NNS">conferences</wf>
<punc>.</punc>
</s>
<s snum="43">
<wf cmd="ignore" pos="UH">Yes</wf>
<wf cmd="tag" pos="NN">sir</wf>
<punc>!</punc>
</s>
<s snum="44">
<wf cmd="tag" pos="NNPS">Conferences</wf>
<wf cmd="done" pos="VB" lemma="become" wnsn="1" lexsn="2:30:00::">become</wf>
<wf cmd="tag" pos="RB">very</wf>
<wf cmd="tag" pos="JJ">popular</wf>
<punc>.</punc>
</s>
<s snum="45">
<wf cmd="ignore" pos="WRB">When</wf>
<wf cmd="ignore" pos="DT">a</wf>
<wf cmd="tag" pos="NN">plan</wf>
<wf cmd="done" pos="VB" lemma="burst" wnsn="1" lexsn="2:30:00::">burst</wf>
<wf cmd="ignore" pos="PRP$">its</wf>
<wf cmd="tag" pos="NNS">seams</wf>
<punc>,</punc>
<wf cmd="tag" pos="JJ">hasty</wf>
<wf cmd="tag" pos="NNS">conferences</wf>
<wf cmd="done" pos="VB" lemma="supply" wnsn="1" lexsn="2:40:00::">supply</wf>
<wf cmd="ignore" pos="DT">the</wf>
<wf cmd="tag" pos="JJ">necessary</wf>
<wf cmd="tag" pos="NN">patch</wf>
<punc>,</punc>
<wf cmd="ignore" pos="CC">and</wf>
<wf cmd="tag" pos="NN">life</wf>
<wf cmd="done" rdf="goes_on" pos="VB" lemma="go_on" wnsn="1" lexsn="2:42:00::">goes</wf>
<wf cmd="tag" pos="RB">merrily</wf>
<wf cmd="tag" pos="RB">on</wf>
<punc>.</punc>
</s>
<s snum="46">
<wf cmd="ignore" pos="DT">That</wf>
<wf cmd="done" rdf="is" pos="VB" lemma="be" wnsn="1" lexsn="2:42:03::">'s</wf>
<wf cmd="tag" pos="JJ">called</wf>
<wf cmd="tag" pos="NN">progress</wf>
<punc>!</punc>
</s>
<s snum="47">
<wf cmd="ignore" pos="DT">The</wf>
<wf cmd="tag" pos="JJ">new</wf>
<wf cmd="tag" pos="NN">way_of_life</wf>
<punc>!</punc>
</s>
<s snum="48">
<wf cmd="done" pos="VB" ot="notag">Let</wf>
<wf cmd="ignore" pos="POS">'s</wf>
<wf cmd="done" pos="VB" lemma="face" wnsn="1" lexsn="2:32:00::">face</wf>
<wf cmd="ignore" pos="PRP">it</wf>
<punc>!</punc>
</s>
<s snum="49">
<wf cmd="ignore" pos="PRP">You</wf>
<wf cmd="done" pos="VB" lemma="have" wnsn="1" lexsn="2:40:00::">had</wf>
<wf cmd="ignore" pos="PRP$">your</wf>
<wf cmd="tag" pos="NN">day</wf>
<wf cmd="ignore" pos="CC">and</wf>
<wf cmd="ignore" pos="PRP">it</wf>
<wf cmd="done" pos="VB" lemma="be" wnsn="1" lexsn="2:42:03::">was</wf>
<wf cmd="ignore" pos="DT">a</wf>
<wf cmd="tag" pos="NN">good_day</wf>
<punc>.</punc>
</s>
<s snum="50">
<wf cmd="done" pos="VB" lemma="let" wnsn="1" lexsn="2:41:00::">Let</wf>
<wf cmd="ignore" pos="DT">this</wf>
<wf cmd="tag" pos="NN">generation</wf>
<wf cmd="done" pos="VB" lemma="have" wnsn="1" lexsn="2:40:00::">have</wf>
<wf cmd="ignore" pos="PRP">theirs</wf>
<punc>.</punc>
</s>
<s snum="51">
<wf cmd="tag" pos="NNP">Time</wf>
<wf cmd="done" pos="VB" lemma="march_on" wnsn="1" lexsn="2:38:00::">marches_on</wf>
<punc>!</punc>
</s>
</p>
<p pnum="11">
<s snum="52">
<wf cmd="ignore" pos="UH">Well</wf>
<punc>,</punc>
<wf cmd="ignore" pos="TO">to</wf>
<wf cmd="done" pos="VB" lemma="get_back" wnsn="0" lexsn="2:38:00::">get_back</wf>
<wf cmd="ignore" pos="TO">to</wf>
<wf cmd="ignore" pos="DT">the</wf>
<wf cmd="tag" pos="NN">problem</wf>
<wf cmd="ignore" pos="IN">of</wf>
<wf cmd="tag" pos="NN">retirement</wf>
<punc>.</punc>
</s>
<s snum="53">
<wf cmd="ignore" pos="DT">Every</wf>
<wf cmd="tag" pos="JJ">retiring</wf>
<wf cmd="tag" pos="NN">person</wf>
<wf cmd="done" pos="VB" lemma="have" wnsn="1" lexsn="2:40:00::">has</wf>
<wf cmd="ignore" pos="DT">a</wf>
<wf cmd="tag" pos="JJ">different</wf>
<wf cmd="tag" pos="NN">situation</wf>
<wf cmd="done" pos="VB" lemma="face" wnsn="2" lexsn="2:33:00::">facing</wf>
<wf cmd="ignore" pos="PRP">him</wf>
<punc>.</punc>
</s>
<s snum="54">
<wf cmd="ignore" pos="DT">Some</wf>
<wf cmd="done" pos="VB" lemma="have" wnsn="1" lexsn="2:40:00::">have</wf>
<wf cmd="tag" pos="NN">plenty</wf>
<wf cmd="ignore" pos="IN">of</wf>
<wf cmd="tag" pos="NN">money</wf>
<punc>-</punc>
<wf cmd="ignore" pos="DT">some</wf>
<wf cmd="done" pos="VB" lemma="have" wnsn="1" lexsn="2:40:00::">have</wf>
<wf cmd="tag" pos="RB">very</wf>
<wf cmd="tag" pos="JJ">little</wf>
<wf cmd="tag" pos="NN">money</wf>
<punc>.</punc>
</s>
<s snum="55">
<wf cmd="ignore" pos="DT">Some</wf>
<wf cmd="done" pos="VB" lemma="be" wnsn="1" lexsn="2:42:03::">are</wf>
<wf cmd="tag" pos="JJ">blest</wf>
<wf cmd="ignore" pos="IN">with</wf>
<wf cmd="ignore" pos="DT">an</wf>
<wf cmd="tag" pos="NN">abundance</wf>
<wf cmd="ignore" pos="IN">of</wf>
<wf cmd="tag" pos="NN">good_health</wf>
<punc>-</punc>
<wf cmd="ignore" pos="DT">some</wf>
<wf cmd="done" pos="VB" lemma="be" wnsn="1" lexsn="2:42:03::">are</wf>
<wf cmd="ignore" pos="IN">in</wf>
<wf cmd="tag" pos="JJ">poor</wf>
<wf cmd="tag" pos="NN">health</wf>
<wf cmd="ignore" pos="CC">and</wf>
<wf cmd="tag" pos="JJ">many</wf>
<wf cmd="done" pos="VB" lemma="be" wnsn="2" lexsn="2:42:06::">are</wf>
<wf cmd="tag" pos="NNS">invalids</wf>
<punc>.</punc>
</s>
<s snum="56">
<wf cmd="ignore" pos="DT">Some</wf>
<wf cmd="done" pos="VB" lemma="have" wnsn="4" lexsn="2:40:04::">have</wf>
<wf cmd="tag" pos="JJ">lovely</wf>
<wf cmd="tag" pos="NNS">homes</wf>
<punc>-</punc>
<wf cmd="ignore" pos="DT">some</wf>
<wf cmd="done" pos="VB" lemma="live" wnsn="1" lexsn="2:42:08::">live</wf>
<wf cmd="done" pos="VB" ot="notag">in</wf>
<wf cmd="tag" pos="JJ">small</wf>
<wf cmd="tag" pos="NNS">apartments</wf>
<punc>.</punc>
</s>
<s snum="57">
<wf cmd="ignore" pos="DT">Some</wf>
<wf cmd="done" pos="VB" lemma="have" wnsn="4" lexsn="2:40:04::">have</wf>
<wf cmd="tag" pos="JJ">beautiful</wf>
<wf cmd="tag" pos="NNS">gardens</wf>
<punc>-</punc>
<wf cmd="ignore" pos="DT">some</wf>
<wf cmd="tag" pos="RB">not</wf>
<wf cmd="tag" pos="RB">even</wf>
<wf cmd="ignore" pos="DT">a</wf>
<wf cmd="tag" pos="NN">blade</wf>
<wf cmd="ignore" pos="IN">of</wf>
<wf cmd="tag" pos="NN">grass</wf>
<punc>.</punc>
</s>
<s snum="58">
<wf cmd="ignore" pos="DT">Some</wf>
<wf cmd="done" pos="VB" lemma="have" wnsn="1" lexsn="2:40:00::">have</wf>
<wf cmd="tag" pos="NN">serenity</wf>
<wf cmd="ignore" pos="IN">of</wf>
<wf cmd="tag" pos="NN">mind</wf>
<punc>,</punc>
<wf cmd="ignore" pos="DT">the</wf>
<wf cmd="tag" pos="NN">ability</wf>
<wf cmd="ignore" pos="TO">to</wf>
<wf cmd="done" pos="VB" lemma="accept" wnsn="4" lexsn="2:31:01::">accept</wf>
<wf cmd="ignore" pos="WP">what</wf>
<wf cmd="ignore" pos="PRP">they</wf>
<wf cmd="done" pos="VB" lemma="have" wnsn="1" lexsn="2:40:00::">have</wf>
<punc>,</punc>
<wf cmd="ignore" pos="CC">and</wf>
<wf cmd="done" pos="VB" lemma="make" wnsn="2" lexsn="2:30:00::">make</wf>
<wf cmd="done" pos="VB" ot="notag">the</wf>
<wf cmd="tag" pos="NN">most</wf>
<wf cmd="done" pos="VB" ot="notag">of</wf>
<wf cmd="ignore" pos="PRP">it</wf>
<punc>(</punc>
<wf cmd="ignore" pos="DT">a</wf>
<wf cmd="tag" pos="JJ">wonderful</wf>
<wf cmd="tag" pos="NN">gift</wf>
<wf cmd="ignore" pos="TO">to</wf>
<wf cmd="done" pos="VB" lemma="have" wnsn="1" lexsn="2:40:00::">have</wf>
<punc>,</punc>
<wf cmd="done" pos="VB" lemma="believe" wnsn="1" lexsn="2:31:00::">believe</wf>
<wf cmd="ignore" pos="PRP">me</wf>
<punc>)</punc>
<punc>-</punc>
<wf cmd="ignore" pos="DT">some</wf>
<wf cmd="done" pos="VB" lemma="see" wnsn="5" lexsn="2:31:00::">see</wf>
<wf cmd="tag" pos="RB">only</wf>
<wf cmd="tag" pos="NN">darkness</wf>
<punc>,</punc>
<wf cmd="ignore" pos="DT">the</wf>
<wf cmd="tag" pos="JJ">bitter</wf>
<wf cmd="tag" pos="NN">side</wf>
<wf cmd="ignore" pos="IN">of</wf>
<wf cmd="tag" pos="NN">everything</wf>
<punc>.</punc>
</s>
<s snum="59">
<wf cmd="ignore" pos="UH">Well</wf>
<punc>,</punc>
<wf cmd="ignore" pos="WDT">whatever</wf>
<wf cmd="ignore" pos="PRP">you</wf>
<wf cmd="done" pos="VB" lemma="have" wnsn="1" lexsn="2:40:00::">have</wf>
<punc>,</punc>
<wf cmd="ignore" pos="IN">that</wf>
<wf cmd="done" pos="VBZ" ot="notag">'s</wf>
<wf cmd="ignore" pos="PRP">it</wf>
<punc>!</punc>
</s>
<s snum="60">
<wf cmd="ignore" pos="PRP">You</wf>
<wf cmd="done" pos="VBP" ot="notag">'ve</wf>
<wf cmd="done" pos="VB" ot="notag">got_to</wf>
<wf cmd="done" pos="VB" lemma="learn" wnsn="1" lexsn="2:31:00::">learn</wf>
<wf cmd="ignore" pos="TO">to</wf>
<wf cmd="done" pos="VB" lemma="live" wnsn="2" lexsn="2:42:06::">live</wf>
<wf cmd="tag" pos="RB">with_it</wf>
<punc>.</punc>
</s>
</p>
<p pnum="12">
<s snum="61">
<wf cmd="tag" pos="RB">Now</wf>
<punc>!</punc>
</s>
<s snum="62">
<wf cmd="ignore" pos="DT">The</wf>
<wf cmd="tag" pos="NN">question</wf>
<wf cmd="done" pos="VB" lemma="be" wnsn="2" lexsn="2:42:06::">is</wf>
<punc>``</punc>
<wf cmd="ignore" pos="WRB">How</wf>
<wf cmd="done" pos="VBP" ot="notag">are</wf>
<wf cmd="ignore" pos="PRP">you</wf>
<wf cmd="done" pos="VB" ot="notag">going_to</wf>
<wf cmd="done" pos="VB" lemma="live" wnsn="2" lexsn="2:42:06::">live</wf>
<wf cmd="tag" pos="RB">with_it</wf>
<punc>''</punc>
<punc>?</punc>
</s>
</p>
<p pnum="13">
<s snum="63">
<wf cmd="ignore" pos="PRP">You</wf>
<wf cmd="ignore" pos="MD">can</wf>
<wf cmd="done" pos="VB" lemma="sit_back" wnsn="2" lexsn="2:41:00::">sit_back</wf>
<wf cmd="ignore" pos="CC">and</wf>
<wf cmd="done" pos="VB" lemma="moan" wnsn="1" lexsn="2:32:00::">moan</wf>
<wf cmd="ignore" pos="CC">and</wf>
<wf cmd="done" pos="VB" lemma="bewail" wnsn="1" lexsn="2:32:00::">bewail</wf>
<wf cmd="ignore" pos="PRP$">your</wf>
<wf cmd="tag" pos="NN">lot</wf>
<punc>.</punc>
</s>
<s snum="64">
<wf cmd="ignore" pos="UH">Yes</wf>
<punc>!</punc>
</s>
<s snum="65">
<wf cmd="ignore" pos="PRP">You</wf>
<wf cmd="ignore" pos="MD">can</wf>
<wf cmd="done" pos="VB" lemma="do" wnsn="1" lexsn="2:41:01::">do</wf>
<wf cmd="ignore" pos="DT">this</wf>
<punc>.</punc>
</s>
<s snum="66">
<wf cmd="ignore" pos="CC">But</wf>
<punc>,</punc>
<wf cmd="ignore" pos="IN">if</wf>
<wf cmd="ignore" pos="PRP">you</wf>
<wf cmd="done" pos="VBP" ot="notag">do</wf>
<punc>,</punc>
<wf cmd="ignore" pos="PRP$">your</wf>
<wf cmd="tag" pos="NN">life</wf>
<wf cmd="ignore" pos="MD">will</wf>
<wf cmd="done" pos="VB" lemma="be" wnsn="2" lexsn="2:42:06::">be</wf>
<wf cmd="tag" pos="RB">just</wf>
<wf cmd="tag" pos="CD">one</wf>
<wf cmd="tag" pos="NN">thing</wf>
<punc>-</punc>
<wf cmd="tag" pos="NN">unhappiness</wf>
<punc>-</punc>
<wf cmd="tag" pos="JJ">complete</wf>
<wf cmd="ignore" pos="CC">and</wf>
<wf cmd="tag" pos="JJ">unabridged</wf>
<punc>.</punc>
</s>
</p>
<p pnum="14">
<s snum="67">
<wf cmd="ignore" pos="PRP">It</wf>
<wf cmd="done" pos="VB" lemma="seem" wnsn="1" lexsn="2:39:00::">seems</wf>
<wf cmd="ignore" pos="TO">to</wf>
<wf cmd="ignore" pos="PRP">me</wf>
<punc>,</punc>
<wf cmd="ignore" pos="DT">the</wf>
<wf cmd="tag" pos="JJ">first</wf>
<wf cmd="tag" pos="NN">thing</wf>
<wf cmd="ignore" pos="PRP">you</wf>
<wf cmd="done" pos="VBP" ot="notag">'ve</wf>
<wf cmd="done" pos="VB" ot="notag">got_to</wf>
<wf cmd="done" pos="VB" lemma="do" wnsn="6" lexsn="2:41:02::">do</wf>
<punc>,</punc>
<wf cmd="ignore" pos="TO">to</wf>
<wf cmd="done" pos="VB" lemma="be" wnsn="1" lexsn="2:42:03::">be</wf>
<wf cmd="tag" pos="JJ">happy</wf>
<punc>,</punc>
<wf cmd="done" pos="VB" lemma="be" wnsn="2" lexsn="2:42:06::">is</wf>
<wf cmd="ignore" pos="TO">to</wf>
<wf cmd="done" pos="VB" lemma="face_up" wnsn="1" lexsn="2:32:03::">face_up</wf>
<wf cmd="done" pos="VB" ot="notag">to</wf>
<wf cmd="ignore" pos="PRP$">your</wf>
<wf cmd="tag" pos="NNS">problems</wf>
<punc>,</punc>
<wf cmd="tag" pos="RB">no_matter</wf>
<wf cmd="ignore" pos="WP">what</wf>
<wf cmd="ignore" pos="PRP">they</wf>
<wf cmd="ignore" pos="MD">may</wf>
<wf cmd="done" pos="VB" lemma="be" wnsn="2" lexsn="2:42:06::">be</wf>
<punc>.</punc>
</s>
<s snum="68">
<wf cmd="done" rdf="make_up_one's_mind" pos="VB" lemma="make_up_one's_mind" wnsn="1" lexsn="2:31:00::">Make_up</wf>
<wf cmd="ignore" pos="PRP$">your</wf>
<wf cmd="tag" pos="NN">mind</wf>
<wf cmd="ignore" pos="TO">to</wf>
<wf cmd="done" pos="VB" lemma="pool" wnsn="1" lexsn="2:40:00::">pool</wf>
<wf cmd="ignore" pos="PRP$">your</wf>
<wf cmd="tag" pos="NNS">resources</wf>
<wf cmd="ignore" pos="CC">and</wf>
<wf cmd="done" pos="VB" lemma="get" wnsn="1" lexsn="2:40:00::">get</wf>
<wf cmd="tag" pos="RB">the_most</wf>
<wf cmd="ignore" pos="IN">out</wf>
<wf cmd="ignore" pos="IN">of</wf>
<wf cmd="ignore" pos="PRP$">your</wf>
<wf cmd="tag" pos="JJ">remaining</wf>
<wf cmd="tag" pos="NNS">years</wf>
<wf cmd="ignore" pos="IN">of</wf>
<wf cmd="tag" pos="NN">life</wf>
<punc>.</punc>
</s>
<s snum="69">
<wf cmd="tag" pos="CD">One</wf>
<wf cmd="tag" pos="NN">thing</wf>
<punc>,</punc>
<wf cmd="ignore" pos="PRP">I</wf>
<wf cmd="done" pos="VB" lemma="be" wnsn="1" lexsn="2:42:03::">am</wf>
<wf cmd="tag" pos="JJ">sure</wf>
<wf cmd="tag" pos="RB">of</wf>
<punc>,</punc>
<wf cmd="ignore" pos="PRP">you</wf>
<wf cmd="ignore" pos="MD">must</wf>
<wf cmd="done" pos="VB" lemma="get" wnsn="1" lexsn="2:40:00::">get</wf>
<wf cmd="ignore" pos="DT">an</wf>
<wf cmd="tag" pos="NN">interest</wf>
<wf cmd="ignore" pos="IN">in</wf>
<wf cmd="tag" pos="NN">life</wf>
<punc>.</punc>
</s>
<s snum="70">
<wf cmd="ignore" pos="PRP">You</wf>
<wf cmd="done" pos="VBP" ot="notag">'ve</wf>
<wf cmd="done" pos="VB" ot="notag">got_to</wf>
<wf cmd="done" pos="VB" lemma="do" wnsn="1" lexsn="2:41:01::">do</wf>
<wf cmd="done" pos="VB" ot="notag">something</wf>
<punc>.</punc>
</s>
</p>
<p pnum="15">
<s snum="71">
<wf cmd="tag" pos="JJ">Many_of</wf>
<wf cmd="ignore" pos="PRP">you</wf>
<wf cmd="ignore" pos="MD">will</wf>
<wf cmd="done" pos="VB" lemma="say" wnsn="1" lexsn="2:32:00::">say</wf>
<punc>,</punc>
<punc>``</punc>
<wf cmd="ignore" pos="UH">Well</wf>
<punc>,</punc>
<wf cmd="ignore" pos="WP">what</wf>
<wf cmd="ignore" pos="MD">can</wf>
<wf cmd="ignore" pos="PRP">I</wf>
<wf cmd="done" pos="VB" lemma="do" wnsn="6" lexsn="2:41:02::">do</wf>
<punc>''</punc>
<punc>?</punc>
</s>
</p>
<p pnum="16">
<s snum="72">
<wf cmd="done" pos="VB" lemma="believe" wnsn="1" lexsn="2:31:00::">Believe</wf>
<wf cmd="ignore" pos="PRP">me</wf>
<punc>!</punc>
</s>
<s snum="73">
<wf cmd="ignore" pos="EX">There</wf>
<wf cmd="done" pos="VB" lemma="be" wnsn="4" lexsn="2:42:00::">are</wf>
<wf cmd="tag" pos="JJ">many</wf>
<punc>,</punc>
<wf cmd="tag" pos="JJ">many</wf>
<wf cmd="tag" pos="NNS">things</wf>
<wf cmd="ignore" pos="TO">to</wf>
<wf cmd="done" pos="VB" lemma="do" wnsn="6" lexsn="2:41:02::">do</wf>
<punc>.</punc>
</s>
<s snum="74">
<wf cmd="done" pos="VB" lemma="find_out" wnsn="1" lexsn="2:32:00::">Find_out</wf>
<wf cmd="ignore" pos="WP">what</wf>
<wf cmd="ignore" pos="PRP">you</wf>
<wf cmd="done" pos="VB" lemma="like" wnsn="2" lexsn="2:37:05::">like</wf>
<wf cmd="ignore" pos="TO">to</wf>
<wf cmd="done" pos="VB" lemma="do" wnsn="6" lexsn="2:41:02::">do</wf>
<wf cmd="tag" pos="JJS">most</wf>
<wf cmd="ignore" pos="CC">and</wf>
<wf cmd="tag" pos="RB">really</wf>
<wf cmd="done" pos="VB" lemma="give_it_a_whirl" wnsn="1" lexsn="2:41:00::">give_it_a_whirl</wf>
<punc>.</punc>
</s>
<s snum="75">
<wf cmd="ignore" pos="IN">If</wf>
<wf cmd="ignore" pos="PRP">you</wf>
<wf cmd="ignore" pos="MD">can</wf>
<wf cmd="tag" pos="RB">n't</wf>
<wf cmd="done" pos="VB" lemma="think_of" wnsn="5" lexsn="2:36:00::">think_of</wf>
<wf cmd="ignore" pos="DT">a</wf>
<wf cmd="tag" pos="NN">thing</wf>
<wf cmd="ignore" pos="TO">to</wf>
<wf cmd="done" pos="VB" lemma="do" wnsn="6" lexsn="2:41:02::">do</wf>
<punc>,</punc>
<wf cmd="done" pos="VB" lemma="try" wnsn="2" lexsn="2:41:01::">try</wf>
<wf cmd="tag" pos="NN">something</wf>
<punc>-</punc>
<wf cmd="tag" pos="NN">anything</wf>
<punc>.</punc>
</s>
<s snum="76">
<wf cmd="tag" pos="RB">Maybe</wf>
<wf cmd="ignore" pos="PRP">you</wf>
<wf cmd="ignore" pos="MD">will</wf>
<wf cmd="done" pos="VB" lemma="surprise" wnsn="1" lexsn="2:31:00::">surprise</wf>
<wf cmd="ignore" pos="PRP">yourself</wf>
<punc>.</punc>
</s>
</p>
<p pnum="17">
<s snum="77">
<wf cmd="tag" pos="JJ">True</wf>
<punc>!</punc>
</s>
<s snum="78">
<wf cmd="ignore" pos="PRP">We</wf>
<wf cmd="done" pos="VB" lemma="be" wnsn="2" lexsn="2:42:06::">are</wf>
<wf cmd="tag" pos="RB">not</wf>
<wf cmd="ignore" pos="DT">all</wf>
<wf cmd="tag" pos="JJ">great</wf>
<wf cmd="tag" pos="NNS">artists</wf>
<punc>.</punc>
</s>
<s snum="79">
<wf cmd="ignore" pos="PRP">I</wf>
<punc>,</punc>
<wf cmd="tag" pos="RB">frankly</wf>
<punc>,</punc>
<wf cmd="ignore" pos="MD">can</wf>
<wf cmd="tag" pos="RB">n't</wf>
<wf cmd="done" pos="VB" lemma="draw" wnsn="3" lexsn="2:35:01::">draw</wf>
<wf cmd="ignore" pos="DT">a</wf>
<wf cmd="tag" pos="NN">straight_line</wf>
<punc>.</punc>
</s>
<s snum="80">
<wf cmd="tag" pos="RB">Maybe</wf>
<wf cmd="ignore" pos="PRP">you</wf>
<wf cmd="done" pos="VB" lemma="be" wnsn="1" lexsn="2:42:03::">are</wf>
<wf cmd="tag" pos="RB">not</wf>
<wf cmd="ignore" pos="IN">that</wf>
<wf cmd="tag" pos="JJ">gifted</wf>
<wf cmd="ignore" pos="DT">either</wf>
<punc>,</punc>
<wf cmd="ignore" pos="CC">but</wf>
<wf cmd="ignore" pos="WRB">how</wf>
<wf cmd="ignore" pos="IN">about</wf>
<wf cmd="done" pos="VB" lemma="putter_around" wnsn="1" lexsn="2:35:00::">puttering_around</wf>
<wf cmd="ignore" pos="IN">with</wf>
<wf cmd="ignore" pos="DT">the</wf>
<wf cmd="tag" pos="JJ">old</wf>
<wf cmd="tag" pos="NNS">paints</wf>
<punc>?</punc>
</s>
<s snum="81">
<wf cmd="ignore" pos="PRP">You</wf>
<wf cmd="ignore" pos="MD">may</wf>
<wf cmd="done" pos="VB" lemma="amaze" wnsn="1" lexsn="2:31:00::">amaze</wf>
<wf cmd="ignore" pos="PRP">yourself</wf>
<wf cmd="ignore" pos="CC">and</wf>
<wf cmd="done" pos="VB" lemma="acquire" wnsn="1" lexsn="2:40:00::">acquire</wf>
<wf cmd="ignore" pos="DT">a</wf>
<wf cmd="tag" pos="JJ">real</wf>
<wf cmd="tag" pos="NN">knack</wf>
<wf cmd="ignore" pos="IN">for</wf>
<wf cmd="ignore" pos="PRP">it</wf>
<punc>.</punc>
</s>
<s snum="82">
<wf cmd="tag" pos="RB">Anyway</wf>
<punc>,</punc>
<wf cmd="ignore" pos="PRP">I</wf>
<wf cmd="ignore" pos="MD">'ll</wf>
<wf cmd="done" pos="VB" lemma="bet" wnsn="1" lexsn="2:32:00::">bet</wf>
<wf cmd="ignore" pos="PRP">you</wf>
<wf cmd="done" pos="VB" lemma="have" wnsn="3" lexsn="2:39:06::">have</wf>
<wf cmd="tag" pos="JJ">a_lot_of</wf>
<wf cmd="tag" pos="NN">fun</wf>
<punc>.</punc>
</s>
</p>
<p pnum="18">
<s snum="83">
<wf cmd="done" pos="VBP" ot="notag">Do</wf>
<wf cmd="ignore" pos="PRP">you</wf>
<wf cmd="done" pos="VB" lemma="like" wnsn="2" lexsn="2:37:05::">like</wf>
<wf cmd="ignore" pos="TO">to</wf>
<wf cmd="done" pos="VB" lemma="sew" wnsn="1" lexsn="2:35:00::">sew</wf>
<punc>?</punc>
</s>
<s snum="84">
<wf cmd="done" pos="VBZ" ot="notag">Does</wf>
<wf cmd="done" pos="VB" lemma="make" wnsn="3" lexsn="2:36:00::">making</wf>
<wf cmd="ignore" pos="PRP$">your</wf>
<wf cmd="tag" pos="JJ">own</wf>
<wf cmd="tag" pos="NNS">clothes</wf>
<wf cmd="ignore" pos="CC">or</wf>
<wf cmd="tag" pos="RB">even</wf>
<wf cmd="tag" pos="NN">doll</wf>
<wf cmd="tag" pos="NNS">clothes</wf>
<punc>,</punc>
<wf cmd="done" pos="VB" lemma="interest" wnsn="1" lexsn="2:37:00::">interest</wf>
<wf cmd="ignore" pos="PRP">you</wf>
<punc>?</punc>
</s>
<s snum="85">
<wf cmd="done" pos="VBP" ot="notag">Do</wf>
<wf cmd="ignore" pos="PRP">you</wf>
<wf cmd="done" pos="VB" lemma="love" wnsn="2" lexsn="2:37:02::">love</wf>
<wf cmd="ignore" pos="TO">to</wf>
<wf cmd="done" pos="VB" lemma="run_up" wnsn="3" lexsn="2:35:01::">run_up</wf>
<wf cmd="ignore" pos="DT">a</wf>
<wf cmd="tag" pos="NN">hem</wf>
<punc>,</punc>
<wf cmd="done" pos="VB" lemma="sew" wnsn="1" lexsn="2:35:00::">sew</wf>
<wf cmd="ignore" pos="IN">on</wf>
<wf cmd="tag" pos="NNS">buttons</wf>
<punc>,</punc>
<wf cmd="done" pos="VB" lemma="make" wnsn="3" lexsn="2:36:00::">make</wf>
<wf cmd="tag" pos="JJ">neat</wf>
<wf cmd="tag" pos="NNS">buttonholes</wf>
<punc>?</punc>
</s>
<s snum="86">
<wf cmd="ignore" pos="IN">If</wf>
<wf cmd="ignore" pos="PRP">you</wf>
<wf cmd="done" pos="VBP" ot="notag">do</wf>
<punc>,</punc>
<wf cmd="done" pos="VB" ot="notag">go_to_it</wf>
<punc>.</punc>
</s>
<s snum="87">
<wf cmd="ignore" pos="EX">There</wf>
<wf cmd="done" pos="VB" lemma="be" wnsn="4" lexsn="2:42:00::">is</wf>
<wf cmd="tag" pos="RB">always</wf>
<wf cmd="ignore" pos="DT">a</wf>
<wf cmd="tag" pos="NN">market</wf>
<wf cmd="ignore" pos="IN">for</wf>
<wf cmd="ignore" pos="DT">this</wf>
<wf cmd="tag" pos="NN">line_of_work</wf>
<punc>.</punc>
</s>
<s snum="88">
<wf cmd="ignore" pos="DT">Some</wf>
<wf cmd="tag" pos="NNS">women</wf>
<wf cmd="ignore" pos="MD">can</wf>
<wf cmd="done" pos="VB" lemma="sit" wnsn="1" lexsn="2:35:00::">sit</wf>
<wf cmd="ignore" pos="CC">and</wf>
<wf cmd="done" pos="VB" lemma="sew" wnsn="1" lexsn="2:35:00::">sew</wf>
<punc>,</punc>
<wf cmd="done" pos="VB" lemma="crochet" wnsn="1" lexsn="2:36:01::">crochet</wf>
<punc>,</punc>
<wf cmd="done" pos="VB" lemma="tat" wnsn="1" lexsn="2:36:00::">tat</wf>
<wf cmd="ignore" pos="CC">or</wf>
<wf cmd="done" pos="VB" lemma="knit" wnsn="1" lexsn="2:36:00::">knit</wf>
<wf cmd="tag" pos="RB">by_the_hour</wf>
<punc>,</punc>
<wf cmd="ignore" pos="CC">and</wf>
<wf cmd="done" pos="VB" lemma="look" wnsn="2" lexsn="2:39:01::">look</wf>
<wf cmd="tag" pos="JJ">calm</wf>
<wf cmd="ignore" pos="CC">and</wf>
<wf cmd="tag" pos="JJ">relaxed</wf>
<wf cmd="ignore" pos="CC">and</wf>
<wf cmd="done" pos="VB" lemma="turn_out" wnsn="3" lexsn="2:36:01::">turn_out</wf>
<wf cmd="tag" pos="JJ">beautiful</wf>
<wf cmd="tag" pos="NN">work</wf>
<punc>.</punc>
</s>
<s snum="89">
<wf cmd="ignore" pos="WRB">Where</wf>
<wf cmd="tag" pos="NN">sewing</wf>
<wf cmd="done" pos="VB" ot="notag">is_concerned</wf>
<punc>,</punc>
<wf cmd="ignore" pos="PRP">I</wf>
<wf cmd="done" rdf="am" pos="VB" lemma="be" wnsn="1" lexsn="2:42:03::">'m</wf>
<wf cmd="ignore" pos="DT">a</wf>
<wf cmd="tag" pos="JJ">total</wf>
<wf cmd="tag" pos="NN">loss</wf>
<punc>.</punc>
</s>
<s snum="90">
<wf cmd="ignore" pos="WRB">When</wf>
<wf cmd="ignore" pos="PRP">you</wf>
<wf cmd="done" pos="VB" lemma="see" wnsn="1" lexsn="2:39:00::">see</wf>
<wf cmd="ignore" pos="DT">a</wf>
<wf cmd="tag" pos="NN">needle</wf>
<wf cmd="ignore" pos="IN">in</wf>
<wf cmd="ignore" pos="PRP$">my</wf>
<wf cmd="tag" pos="NNS">hands</wf>
<wf cmd="ignore" pos="PRP">you</wf>
<wf cmd="ignore" pos="MD">will</wf>
<wf cmd="done" pos="VB" lemma="know" wnsn="3" lexsn="2:31:02::">know</wf>
<wf cmd="ignore" pos="DT">the</wf>
<wf cmd="tag" pos="NN">family</wf>
<wf cmd="tag" pos="NNS">buttons</wf>
<wf cmd="done" pos="VBP" ot="notag">have</wf>
<wf cmd="done" pos="VB" lemma="fall_off" wnsn="1" lexsn="2:35:00::">fallen_off</wf>
<wf cmd="ignore" pos="CC">and</wf>
<wf cmd="ignore" pos="PRP">I</wf>
<wf cmd="done" pos="VB" ot="notag">have_to</wf>
<wf cmd="done" pos="VB" lemma="sew" wnsn="1" lexsn="2:35:00::">sew</wf>
<wf cmd="ignore" pos="PRP">them</wf>
<wf cmd="tag" pos="RB">back</wf>
<wf cmd="tag" pos="RB">on</wf>
<punc>,</punc>
<wf cmd="ignore" pos="CC">or</wf>
<wf cmd="done" pos="VB" lemma="get_out" wnsn="2" lexsn="2:35:00::">get_out</wf>
<wf cmd="ignore" pos="DT">the</wf>
<wf cmd="tag" pos="NN">safety_pins</wf>
<punc>.</punc>
</s>
</p>
<p pnum="19">
<s snum="91">
<wf cmd="tag" pos="RB">Then_again</wf>
<punc>,</punc>
<wf cmd="ignore" pos="EX">there</wf>
<wf cmd="done" pos="VBZ" ot="notag">'s</wf>
<wf cmd="tag" pos="RB">always</wf>
<wf cmd="ignore" pos="IN">that</wf>
<wf cmd="tag" pos="JJ">lovely</wf>
<wf cmd="tag" pos="JJ">old</wf>
<wf cmd="tag" pos="NN">pastime</wf>
<wf cmd="ignore" pos="IN">of</wf>
<wf cmd="done" pos="VB" lemma="hook" wnsn="3" lexsn="2:36:00::">hooking</wf>
<wf cmd="ignore" pos="CC">or</wf>
<wf cmd="done" pos="VB" lemma="braid" wnsn="1" lexsn="2:36:00::">braiding</wf>
<wf cmd="tag" pos="NNS">rugs</wf>
<punc>.</punc>
</s>
<s snum="92">
<wf cmd="tag" pos="RB">Not</wf>
<wf cmd="ignore" pos="IN">for</wf>
<wf cmd="ignore" pos="PRP">me</wf>
<punc>,</punc>
<wf cmd="ignore" pos="CC">but</wf>
<wf cmd="tag" pos="RB">perhaps</wf>
<wf cmd="tag" pos="RB">just</wf>
<wf cmd="ignore" pos="DT">the</wf>
<wf cmd="tag" pos="NN">thing</wf>
<wf cmd="ignore" pos="IN">for</wf>
<wf cmd="ignore" pos="PRP">you</wf>
<punc>.</punc>
</s>
</p>
<p pnum="20">
<s snum="93">
<wf cmd="ignore" pos="UH">Well</wf>
<punc>!</punc>
</s>
<s snum="94">
<wf cmd="ignore" pos="WRB">How</wf>
<wf cmd="ignore" pos="POS">'s</wf>
<wf cmd="ignore" pos="IN">about</wf>
<wf cmd="tag" pos="NN">mosaic</wf>
<wf cmd="tag" pos="NN">tile</wf>
<punc>,</punc>
<wf cmd="tag" pos="NNS">ceramics</wf>
<wf cmd="ignore" pos="CC">or</wf>
<wf cmd="tag" pos="JJ">similar</wf>
<wf cmd="tag" pos="NNS">arts</wf>
<wf cmd="ignore" pos="CC">and</wf>
<wf cmd="tag" pos="NNS">crafts</wf>
<punc>?</punc>
</s>
<s snum="95">
<wf cmd="ignore" pos="DT">Some</wf>
<wf cmd="tag" pos="NNS">people</wf>
<wf cmd="done" pos="VB" lemma="love" wnsn="2" lexsn="2:37:02::">love</wf>
<wf cmd="ignore" pos="TO">to</wf>
<wf cmd="done" pos="VB" lemma="crack" wnsn="1" lexsn="2:30:01::">crack</wf>
<wf cmd="tag" pos="NN">tile</wf>
<wf cmd="ignore" pos="CC">and</wf>
<wf cmd="ignore" pos="PRP">it</wf>
<wf cmd="done" pos="VBZ" ot="notag">'s</wf>
<wf cmd="tag" pos="JJ">amazing</wf>
<wf cmd="ignore" pos="WP">what</wf>
<wf cmd="tag" pos="JJ">beautiful</wf>
<wf cmd="tag" pos="NNS">designs</wf>
<wf cmd="ignore" pos="PRP">they</wf>
<wf cmd="done" pos="VB" lemma="come_up" wnsn="1" lexsn="2:36:03::">come_up</wf>
<wf cmd="done" pos="VB" ot="notag">with</wf>
<wf cmd="ignore" pos="IN">as</wf>
<wf cmd="ignore" pos="DT">a</wf>
<wf cmd="tag" pos="NN">result</wf>
<wf cmd="ignore" pos="IN">of</wf>
<wf cmd="ignore" pos="PRP$">their</wf>
<wf cmd="tag" pos="JJ">cracking</wf>
<wf cmd="tag" pos="JJ">good</wf>
<wf cmd="tag" pos="NN">time</wf>
<punc>.</punc>
</s>
</p>
<p pnum="21">
<s snum="96">
<wf cmd="ignore" pos="WRB">How</wf>
<wf cmd="ignore" pos="IN">about</wf>
<wf cmd="ignore" pos="DT">the</wf>
<wf cmd="tag" pos="NN">art</wf>
<wf cmd="ignore" pos="IN">of</wf>
<wf cmd="tag" pos="NN">cooking</wf>
<punc>?</punc>
</s>
<s snum="97">
<wf cmd="done" pos="VBP" ot="notag">Do</wf>
<wf cmd="ignore" pos="PRP">you</wf>
<wf cmd="done" pos="VB" lemma="yearn" wnsn="1" lexsn="2:37:00::">yearn</wf>
<wf cmd="ignore" pos="TO">to</wf>
<wf cmd="done" pos="VB" lemma="make" wnsn="3" lexsn="2:36:00::">make</wf>
<wf cmd="tag" pos="NNS">cakes</wf>
<wf cmd="ignore" pos="CC">and</wf>
<wf cmd="tag" pos="NNS">pies</wf>
<punc>,</punc>
<wf cmd="ignore" pos="CC">or</wf>
<wf cmd="tag" pos="JJ">special</wf>
<wf cmd="tag" pos="NNS">cookies</wf>
<wf cmd="ignore" pos="CC">and</wf>
<wf cmd="tag" pos="NNS">candies</wf>
<punc>?</punc>
</s>
<s snum="98">
<wf cmd="ignore" pos="EX">There</wf>
<wf cmd="done" pos="VB" lemma="be" wnsn="4" lexsn="2:42:00::">is</wf>
<wf cmd="tag" pos="RB">always</wf>
<wf cmd="ignore" pos="DT">an</wf>
<wf cmd="tag" pos="JJ">open</wf>
<wf cmd="tag" pos="NN">market</wf>
<wf cmd="ignore" pos="IN">for</wf>
<wf cmd="ignore" pos="DT">this</wf>
<wf cmd="tag" pos="RB">sort_of</wf>
<wf cmd="tag" pos="NN">delicacy</wf>
<punc>,</punc>
<wf cmd="tag" pos="RB">in_spite_of</wf>
<wf cmd="tag" pos="JJ">low</wf>
<wf cmd="tag" pos="NN">calorie</wf>
<wf cmd="tag" pos="NNS">diets</wf>
<punc>,</punc>
<wf cmd="tag" pos="NN">cottage_cheese</wf>
<wf cmd="ignore" pos="CC">and</wf>
<wf cmd="tag" pos="NNS">hands-off-all-sweets</wf>
<wf cmd="tag" pos="RB">to_the_contrary</wf>
<punc>.</punc>
</s>
</p>
<p pnum="22">
<s snum="99">
<wf cmd="ignore" pos="DT">Some</wf>
<wf cmd="tag" pos="NNS">people</wf>
<wf cmd="ignore" pos="MD">can</wf>
<wf cmd="done" pos="VB" lemma="carve" wnsn="1" lexsn="2:35:01::">carve</wf>
<wf cmd="tag" pos="JJS">most</wf>
<wf cmd="tag" pos="NN">anything</wf>
<wf cmd="ignore" pos="IN">out</wf>
<wf cmd="ignore" pos="IN">of</wf>
<wf cmd="tag" pos="RB">a_piece</wf>
<wf cmd="ignore" pos="IN">of</wf>
<wf cmd="tag" pos="NN">wood</wf>
<punc>.</punc>
</s>
<s snum="100">
<wf cmd="ignore" pos="DT">Some</wf>
<wf cmd="done" pos="VB" lemma="make" wnsn="3" lexsn="2:36:00::">make</wf>
<wf cmd="tag" pos="JJ">beautiful</wf>
<wf cmd="tag" pos="NNS">chairs</wf>
<punc>,</punc>
<wf cmd="tag" pos="NNS">cabinets</wf>
<punc>,</punc>
<wf cmd="tag" pos="NNS">chests</wf>
<punc>,</punc>
<wf cmd="tag" pos="NN">doll</wf>
<wf cmd="tag" pos="NNS">houses</wf>
<punc>,</punc>
<wf cmd="ignore" pos="FW">etc.</wf>
<punc>.</punc>
</s>
<s snum="101">
<wf cmd="tag" pos="RB">Perhaps</wf>
<wf cmd="ignore" pos="PRP">you</wf>
<wf cmd="ignore" pos="MD">could</wf>
<wf cmd="tag" pos="RB">n't</wf>
<wf cmd="done" pos="VB" lemma="do" wnsn="2" lexsn="2:36:01::">do</wf>
<wf cmd="tag" pos="RB">that</wf>
<wf cmd="ignore" pos="CC">but</wf>
<wf cmd="done" pos="VBP" ot="notag">have</wf>
<wf cmd="ignore" pos="PRP">you</wf>
<wf cmd="tag" pos="RB">ever</wf>
<wf cmd="done" pos="VB" lemma="try" wnsn="1" lexsn="2:41:00::">tried</wf>
<wf cmd="ignore" pos="TO">to</wf>
<wf cmd="done" pos="VB" lemma="see" wnsn="6" lexsn="2:31:02::">see</wf>
<wf cmd="ignore" pos="WP">what</wf>
<wf cmd="ignore" pos="PRP">you</wf>
<wf cmd="ignore" pos="MD">could</wf>
<wf cmd="done" pos="VB" lemma="do" wnsn="2" lexsn="2:36:01::">do</wf>
<wf cmd="ignore" pos="IN">with</wf>
<wf cmd="ignore" pos="DT">a</wf>
<wf cmd="tag" pos="NN">hunk</wf>
<wf cmd="ignore" pos="IN">of</wf>
<wf cmd="tag" pos="NN">wood</wf>
<punc>?</punc>
</s>
<s snum="102">
<wf cmd="ignore" pos="IN">Outside</wf>
<wf cmd="ignore" pos="IN">of</wf>
<wf cmd="done" pos="VB" lemma="cut" wnsn="1" lexsn="2:35:00::">cutting</wf>
<wf cmd="ignore" pos="PRP$">your</wf>
<wf cmd="tag" pos="NNS">fingers</wf>
<punc>,</punc>
<wf cmd="tag" pos="RB">maybe</wf>
<wf cmd="ignore" pos="PRP">you</wf>
<wf cmd="ignore" pos="MD">would</wf>
<wf cmd="done" pos="VB" lemma="come_up" wnsn="1" lexsn="2:36:03::">come_up</wf>
<wf cmd="done" pos="VB" ot="notag">with</wf>
<wf cmd="tag" pos="NN">nothing</wf>
<wf cmd="tag" pos="RB">at_all</wf>
<punc>,</punc>
<wf cmd="ignore" pos="CC">but</wf>
<wf cmd="tag" pos="RB">then_again</wf>
<punc>,</punc>
<wf cmd="ignore" pos="PRP">you</wf>
<wf cmd="ignore" pos="MD">might</wf>
<wf cmd="done" pos="VB" lemma="turn_out" wnsn="3" lexsn="2:36:01::">turn_out</wf>
<wf cmd="ignore" pos="DT">some</wf>
<wf cmd="tag" pos="JJ">dandy</wf>
<wf cmd="tag" pos="JJ">little</wf>
<wf cmd="tag" pos="NNS">gadgets</wf>
<punc>.</punc>
</s>
</p>
<p pnum="23">
<s snum="103">
<wf cmd="ignore" pos="DT">Some</wf>
<wf cmd="tag" pos="NNS">women</wf>
<wf cmd="done" pos="VB" lemma="get" wnsn="4" lexsn="2:30:03::">get</wf>
<wf cmd="ignore" pos="DT">a</wf>
<wf cmd="tag" pos="JJ">real</wf>
<wf cmd="tag" pos="NN">thrill</wf>
<wf cmd="ignore" pos="IN">out</wf>
<wf cmd="ignore" pos="IN">of</wf>
<wf cmd="tag" pos="NN">housework</wf>
<punc>.</punc>
</s>
<s snum="104">
<wf cmd="ignore" pos="PRP">They</wf>
<wf cmd="done" pos="VB" lemma="love" wnsn="2" lexsn="2:37:02::">love</wf>
<wf cmd="ignore" pos="TO">to</wf>
<wf cmd="done" pos="VB" lemma="dust" wnsn="1" lexsn="2:35:00::">dust</wf>
<punc>,</punc>
<wf cmd="done" pos="VB" lemma="scrub" wnsn="2" lexsn="2:29:00::">scrub</wf>
<punc>,</punc>
<wf cmd="done" pos="VB" lemma="polish" wnsn="1" lexsn="2:35:00::">polish</wf>
<punc>,</punc>
<wf cmd="done" pos="VB" lemma="wax" wnsn="1" lexsn="2:35:00::">wax</wf>
<wf cmd="tag" pos="NNS">floors</wf>
<punc>,</punc>
<wf cmd="done" pos="VB" lemma="move" wnsn="2" lexsn="2:38:01::">move</wf>
<wf cmd="ignore" pos="DT">the</wf>
<wf cmd="tag" pos="NN">furniture</wf>
<wf cmd="ignore" pos="IN">around</wf>
<wf cmd="tag" pos="RB">from_place_to_place</wf>
<punc>,</punc>
<wf cmd="done" pos="VB" lemma="take_down" wnsn="1" lexsn="2:38:00::">take_down</wf>
<wf cmd="ignore" pos="DT">the</wf>
<wf cmd="tag" pos="NNS">curtains</wf>
<punc>,</punc>
<wf cmd="done" pos="VB" lemma="put_up" wnsn="1" lexsn="2:35:00::">put_up</wf>
<wf cmd="tag" pos="JJ">new</wf>
<wf cmd="tag" pos="NNS">ones</wf>
<wf cmd="ignore" pos="CC">and</wf>
<wf cmd="done" pos="VBP" ot="idiom">have</wf>
<wf cmd="ignore" pos="PRP">themselves</wf>
<wf cmd="ignore" pos="DT">a</wf>
<wf cmd="tag" pos="JJ">real</wf>
<wf cmd="tag" pos="NN">ball</wf>
<punc>.</punc>
</s>
<s snum="105">
<wf cmd="tag" pos="RB">Maybe</wf>
<wf cmd="ignore" pos="IN">that</wf>
<wf cmd="done" pos="VBZ" ot="notag">'s</wf>
<wf cmd="ignore" pos="PRP$">your</wf>
<wf cmd="tag" pos="NN">forte</wf>
<punc>.</punc>
</s>
<s snum="106">
<wf cmd="ignore" pos="PRP">It</wf>
<wf cmd="tag" pos="RB">certainly</wf>
<wf cmd="done" pos="VBZ" ot="notag">is</wf>
<wf cmd="tag" pos="RB">n't</wf>
<wf cmd="tag" pos="NN">mine</wf>
<punc>.</punc>
</s>
<s snum="107">
<wf cmd="ignore" pos="PRP">I</wf>
<wf cmd="ignore" pos="MD">can</wf>
<wf cmd="done" pos="VB" lemma="look" wnsn="1" lexsn="2:39:00::">look</wf>
<wf cmd="done" pos="VB" ot="notag">at</wf>
<wf cmd="tag" pos="NN">furniture</wf>
<wf cmd="ignore" pos="IN">in</wf>
<wf cmd="tag" pos="CD">one</wf>
<wf cmd="tag" pos="NN">spot</wf>
<wf cmd="tag" pos="NN">year</wf>
<wf cmd="tag" pos="RB">in</wf>
<wf cmd="ignore" pos="CC">and</wf>
<wf cmd="tag" pos="NN">year</wf>
<wf cmd="tag" pos="RB">out</wf>
<wf cmd="ignore" pos="CC">and</wf>
<wf cmd="tag" pos="RB">really</wf>
<wf cmd="done" pos="VB" lemma="feel" wnsn="2" lexsn="2:31:00::">feel</wf>
<wf cmd="done" pos="VB" ot="notag">for</wf>
<wf cmd="tag" pos="JJ">sure</wf>
<wf cmd="ignore" pos="IN">that</wf>
<wf cmd="done" pos="VBZ" ot="notag">'s</wf>
<wf cmd="ignore" pos="WRB">where</wf>
<wf cmd="ignore" pos="PRP">it</wf>
<wf cmd="done" pos="VB" lemma="belong" wnsn="0" lexsn="2:42:00::">belongs</wf>
<punc>.</punc>
</s>
</p>
<p pnum="24">
<s snum="108">
<wf cmd="tag" pos="RB">Perhaps</wf>
<wf cmd="ignore" pos="PRP">you</wf>
<wf cmd="done" pos="VB" ot="notag">would</wf>
<wf cmd="done" pos="VB" lemma="like" wnsn="1" lexsn="2:37:01::">like</wf>
<wf cmd="ignore" pos="TO">to</wf>
<wf cmd="done" pos="VB" lemma="become" wnsn="2" lexsn="2:42:01::">become</wf>
<wf cmd="ignore" pos="DT">a</wf>
<wf cmd="tag" pos="NN">writer</wf>
<punc>.</punc>
</s>
<s snum="109">
<wf cmd="ignore" pos="DT">This</wf>
<wf cmd="done" pos="VB" lemma="give" wnsn="1" lexsn="2:40:03::">gives</wf>
<wf cmd="ignore" pos="PRP">you</wf>
<wf cmd="ignore" pos="DT">a</wf>
<wf cmd="tag" pos="JJ">wide</wf>
<wf cmd="ignore" pos="CC">and</wf>
<wf cmd="tag" pos="JJ">varied</wf>
<wf cmd="tag" pos="NN">choice</wf>
<punc>.</punc>
</s>
<s snum="110">
<wf cmd="ignore" pos="MD">Will</wf>
<wf cmd="ignore" pos="PRP">it</wf>
<wf cmd="done" pos="VB" lemma="be" wnsn="2" lexsn="2:42:06::">be</wf>
<wf cmd="tag" pos="NN">short_stories</wf>
<punc>,</punc>
<wf cmd="tag" pos="NN">fiction</wf>
<punc>,</punc>
<wf cmd="tag" pos="NN">nonfiction</wf>
<punc>,</punc>
<wf cmd="tag" pos="NN">biography</wf>
<punc>,</punc>
<wf cmd="tag" pos="NN">poetry</wf>
<punc>,</punc>
<wf cmd="tag" pos="NNS">children</wf>
<wf cmd="ignore" pos="POS">'s</wf>
<wf cmd="tag" pos="NNS">stories</wf>
<punc>,</punc>
<wf cmd="ignore" pos="CC">or</wf>
<wf cmd="tag" pos="RB">even</wf>
<wf cmd="ignore" pos="DT">a</wf>
<wf cmd="tag" pos="NN">book</wf>
<wf cmd="ignore" pos="IN">if</wf>
<wf cmd="ignore" pos="PRP">you</wf>
<wf cmd="done" pos="VB" lemma="be" wnsn="1" lexsn="2:42:03::">are</wf>
<wf cmd="tag" pos="RB">really</wf>
<wf cmd="tag" pos="JJ">ambitious</wf>
<punc>?</punc>
</s>
</p>
<p pnum="25">
<s snum="111">
<wf cmd="tag" pos="RB">Ever</wf>
<wf cmd="ignore" pos="IN">since</wf>
<wf cmd="ignore" pos="PRP">I</wf>
<wf cmd="done" pos="VB" lemma="be" wnsn="2" lexsn="2:42:06::">was</wf>
<wf cmd="ignore" pos="DT">a</wf>
<wf cmd="tag" pos="NN">child</wf>
<punc>,</punc>
<wf cmd="ignore" pos="PRP">I</wf>
<wf cmd="done" pos="VBP" ot="notag">have</wf>
<wf cmd="tag" pos="RB">always</wf>
<wf cmd="done" pos="VB" lemma="have" wnsn="3" lexsn="2:39:06::">had</wf>
<wf cmd="ignore" pos="DT">a</wf>
<wf cmd="tag" pos="NNS">yen</wf>
<wf cmd="ignore" pos="TO">to</wf>
<wf cmd="done" pos="VB" lemma="try" wnsn="2" lexsn="2:41:01::">try</wf>
<wf cmd="ignore" pos="PRP$">my</wf>
<wf cmd="tag" pos="NN">hand</wf>
<wf cmd="ignore" pos="IN">at</wf>
<wf cmd="tag" pos="NN">writing</wf>
<punc>.</punc>
</s>
<s snum="112">
<wf cmd="ignore" pos="IN">If</wf>
<wf cmd="ignore" pos="PRP">you</wf>
<wf cmd="done" pos="VBP" ot="notag">do</wf>
<wf cmd="done" pos="VB" lemma="decide" wnsn="1" lexsn="2:31:00::">decide</wf>
<wf cmd="ignore" pos="TO">to</wf>
<wf cmd="done" pos="VB" lemma="write" wnsn="3" lexsn="2:36:02::">write</wf>
<punc>,</punc>
<wf cmd="ignore" pos="PRP">you</wf>
<wf cmd="ignore" pos="MD">will</wf>
<wf cmd="tag" pos="RB">soon</wf>
<wf cmd="done" pos="VB" lemma="become" wnsn="1" lexsn="2:30:00::">become</wf>
<wf cmd="tag" pos="JJ">acquainted_with</wf>
<wf cmd="tag" pos="NN">rejection</wf>
<wf cmd="tag" pos="NNS">slips</wf>
<wf cmd="ignore" pos="CC">and</wf>
<wf cmd="tag" pos="NN">dejection</wf>
<punc>.</punc>
</s>
<s snum="113">
<wf cmd="done" pos="VBP" ot="notag">Do</wf>
<wf cmd="tag" pos="RB">n't</wf>
<wf cmd="done" pos="VB" lemma="be" wnsn="1" lexsn="2:42:03::">be</wf>
<wf cmd="done" pos="VB" lemma="discourage" wnsn="2" lexsn="2:37:00::">discouraged</wf>
<punc>!</punc>
</s>
<s snum="114">
<wf cmd="ignore" pos="DT">This</wf>
<wf cmd="done" pos="VB" lemma="be" wnsn="1" lexsn="2:42:03::">is</wf>
<wf cmd="tag" pos="RB">just</wf>
<wf cmd="done" pos="VB" lemma="be" wnsn="2" lexsn="2:42:06::">being</wf>
<wf cmd="ignore" pos="DT">a</wf>
<wf cmd="tag" pos="JJ">normal</wf>
<wf cmd="tag" pos="NN">writer</wf>
<punc>.</punc>
</s>
<s snum="115">
<wf cmd="tag" pos="RB">Just</wf>
<wf cmd="done" pos="VB" lemma="let" wnsn="1" lexsn="2:41:00::">let</wf>
<wf cmd="ignore" pos="DT">the</wf>
<wf cmd="tag" pos="NN">rejection</wf>
<wf cmd="tag" pos="NNS">slips</wf>
<wf cmd="done" pos="VB" lemma="fall" wnsn="8" lexsn="2:42:04::">fall</wf>
<wf cmd="ignore" pos="WRB">where</wf>
<wf cmd="ignore" pos="PRP">they</wf>
<wf cmd="ignore" pos="MD">may</wf>
<punc>,</punc>
<wf cmd="ignore" pos="CC">and</wf>
<wf cmd="done" pos="VB" lemma="keep_on" wnsn="0" lexsn="2:42:00::">keep_on</wf>
<wf cmd="done" pos="VB" lemma="plug" wnsn="2" lexsn="2:30:00::">plugging</wf>
<punc>,</punc>
<wf cmd="ignore" pos="CC">and</wf>
<wf cmd="tag" pos="RB">finally</wf>
<wf cmd="ignore" pos="PRP">you</wf>
<wf cmd="ignore" pos="MD">will</wf>
<wf cmd="done" pos="VB" lemma="make" wnsn="13" lexsn="2:38:02::">make</wf>
<wf cmd="ignore" pos="DT">the</wf>
<wf cmd="tag" pos="NN">grade</wf>
<punc>.</punc>
</s>
<s snum="116">
<wf cmd="tag" pos="JJ">Few</wf>
<wf cmd="tag" pos="JJ">new</wf>
<wf cmd="tag" pos="NNS">writers</wf>
<wf cmd="done" pos="VB" lemma="have" wnsn="3" lexsn="2:39:06::">have</wf>
<wf cmd="ignore" pos="PRP$">their</wf>
<wf cmd="tag" pos="JJ">first</wf>
<wf cmd="tag" pos="NN">story</wf>
<wf cmd="done" pos="VB" lemma="accept" wnsn="5" lexsn="2:40:03::">accepted</wf>
<punc>,</punc>
<wf cmd="tag" pos="RB">so</wf>
<wf cmd="ignore" pos="PRP">they</wf>
<wf cmd="done" pos="VB" lemma="tell" wnsn="3" lexsn="2:32:01::">tell</wf>
<wf cmd="ignore" pos="PRP">me</wf>
<punc>.</punc>
</s>
<s snum="117">
<wf cmd="ignore" pos="CC">But</wf>
<punc>,</punc>
<wf cmd="ignore" pos="PRP">it</wf>
<wf cmd="ignore" pos="MD">could</wf>
<wf cmd="done" pos="VB" lemma="happen" wnsn="1" lexsn="2:30:00::">happen</wf>
<punc>,</punc>
<wf cmd="ignore" pos="CC">and</wf>
<wf cmd="ignore" pos="PRP">it</wf>
<wf cmd="ignore" pos="MD">may</wf>
<wf cmd="done" pos="VB" lemma="happen" wnsn="1" lexsn="2:30:00::">happen</wf>
<wf cmd="done" pos="VB" ot="notag">to</wf>
<wf cmd="ignore" pos="PRP">you</wf>
<punc>.</punc>
</s>
</p>
<p pnum="26">
<s snum="118">
<wf cmd="tag" pos="RB">Then</wf>
<wf cmd="ignore" pos="EX">there</wf>
<wf cmd="done" pos="VBZ" ot="notag">'s</wf>
<wf cmd="tag" pos="RB">always</wf>
<wf cmd="tag" pos="NNS">hobbies</wf>
<punc>,</punc>
<wf cmd="done" pos="VB" lemma="collect" wnsn="1" lexsn="2:40:00::">collecting</wf>
<wf cmd="tag" pos="NNS">stamps</wf>
<punc>,</punc>
<wf cmd="tag" pos="NNS">coins</wf>
<punc>,</punc>
<wf cmd="tag" pos="NNS">timetables</wf>
<punc>,</punc>
<wf cmd="tag" pos="NN">salt</wf>
<wf cmd="ignore" pos="CC">and</wf>
<wf cmd="tag" pos="NN">pepper</wf>
<wf cmd="tag" pos="NNS">shakers</wf>
<punc>,</punc>
<wf cmd="tag" pos="NNS">elephants</wf>
<punc>,</punc>
<wf cmd="tag" pos="NNS">dogs</wf>
<punc>,</punc>
<wf cmd="tag" pos="NNS">dolls</wf>
<punc>,</punc>
<wf cmd="tag" pos="NNS">shells</wf>
<punc>,</punc>
<wf cmd="ignore" pos="CC">or</wf>
<wf cmd="ignore" pos="MD">shall</wf>
<wf cmd="ignore" pos="PRP">we</wf>
<wf cmd="tag" pos="RB">just</wf>
<wf cmd="done" pos="VB" lemma="say" wnsn="3" lexsn="2:32:03::">say</wf>
<wf cmd="done" pos="VB" lemma="collect" wnsn="1" lexsn="2:40:00::">collecting</wf>
<wf cmd="tag" pos="NN">anything</wf>
<wf cmd="ignore" pos="PRP$">your</wf>
<wf cmd="tag" pos="NN">heart</wf>
<wf cmd="done" pos="VB" lemma="desire" wnsn="1" lexsn="2:37:00::">desires</wf>
<punc>?</punc>
</s>
</p>
<p pnum="27">
<s snum="119">
<wf cmd="ignore" pos="PRP">I</wf>
<wf cmd="ignore" pos="MD">can</wf>
<wf cmd="done" pos="VB" lemma="hear" wnsn="1" lexsn="2:39:00::">hear</wf>
<wf cmd="ignore" pos="DT">some</wf>
<wf cmd="ignore" pos="IN">of</wf>
<wf cmd="ignore" pos="PRP">you</wf>
<wf cmd="tag" pos="NNS">folks</wf>
<wf cmd="done" pos="VB" lemma="protest" wnsn="1" lexsn="2:32:00::">protesting</wf>
<punc>.</punc>
</s>
<s snum="120">
<wf cmd="ignore" pos="PRP">You</wf>
<wf cmd="done" pos="VB" lemma="say" wnsn="1" lexsn="2:32:00::">say</wf>
<punc>,</punc>
<punc>``</punc>
<wf cmd="ignore" pos="CC">But</wf>
<wf cmd="ignore" pos="PRP">it</wf>
<wf cmd="done" pos="VB" lemma="cost" wnsn="1" lexsn="2:42:00::">costs</wf>
<wf cmd="tag" pos="JJ">a_lot_of</wf>
<wf cmd="tag" pos="NN">money</wf>
<wf cmd="ignore" pos="TO">to</wf>
<wf cmd="done" pos="VB" lemma="have" wnsn="1" lexsn="2:40:00::">have</wf>
<wf cmd="ignore" pos="DT">a</wf>
<wf cmd="tag" pos="NN">hobby</wf>
<punc>.</punc>
</s>
<s snum="121">
<wf cmd="ignore" pos="PRP">I</wf>
<wf cmd="done" pos="VBP" ot="notag">have</wf>
<wf cmd="tag" pos="RB">n't</wf>
<wf cmd="done" pos="VB" lemma="get" wnsn="1" lexsn="2:40:00::">got</wf>
<wf cmd="ignore" pos="IN">that</wf>
<wf cmd="tag" pos="RB">kind_of</wf>
<wf cmd="tag" pos="NN">money</wf>
<punc>''</punc>
<punc>.</punc>
</s>
</p>
<p pnum="28">
<s snum="122">
<wf cmd="tag" pos="JJ">True</wf>
<punc>!</punc>
</s>
<s snum="123">
<wf cmd="ignore" pos="PRP">It</wf>
<wf cmd="done" pos="VBZ" ot="notag">does</wf>
<wf cmd="done" pos="VB" lemma="cost" wnsn="1" lexsn="2:42:00::">cost</wf>
<wf cmd="tag" pos="JJ">a_lot_of</wf>
<wf cmd="tag" pos="NN">money</wf>
<wf cmd="ignore" pos="IN">for</wf>
<wf cmd="tag" pos="RBS">most</wf>
<wf cmd="tag" pos="NNS">hobbies</wf>
<wf cmd="ignore" pos="CC">but</wf>
<wf cmd="ignore" pos="EX">there</wf>
<wf cmd="done" pos="VB" lemma="be" wnsn="4" lexsn="2:42:00::">are</wf>
<wf cmd="tag" pos="NNS">hobbies</wf>
<wf cmd="ignore" pos="WDT">that</wf>
<wf cmd="done" pos="VB" lemma="be" wnsn="1" lexsn="2:42:03::">are</wf>
<wf cmd="tag" pos="RB">for_free</wf>
<punc>.</punc>
</s>
<s snum="124">
<wf cmd="ignore" pos="WRB">How</wf>
<wf cmd="ignore" pos="IN">about</wf>
<wf cmd="ignore" pos="DT">a</wf>
<wf cmd="tag" pos="NN">rock</wf>
<wf cmd="tag" pos="NN">collection</wf>
<punc>,</punc>
<wf cmd="ignore" pos="CC">or</wf>
<wf cmd="ignore" pos="DT">a</wf>
<wf cmd="tag" pos="NN">collection</wf>
<wf cmd="ignore" pos="IN">of</wf>
<wf cmd="tag" pos="NN">leaves</wf>
<wf cmd="ignore" pos="IN">from</wf>
<wf cmd="tag" pos="JJ">different</wf>
<wf cmd="tag" pos="NNS">trees</wf>
<wf cmd="ignore" pos="CC">or</wf>
<wf cmd="tag" pos="NNS">shrubs</wf>
<wf cmd="ignore" pos="CC">and</wf>
<wf cmd="ignore" pos="IN">in</wf>
<wf cmd="tag" pos="JJ">different</wf>
<wf cmd="tag" pos="NNS">colors</wf>
<punc>?</punc>
</s>
<s snum="125">
<wf cmd="tag" pos="RB">Then</wf>
<punc>,</punc>
<wf cmd="done" pos="VB" lemma="take" wnsn="13" lexsn="2:31:03::">take</wf>
<wf cmd="tag" pos="NNS">flowers</wf>
<punc>.</punc>
</s>
<s snum="126">
<wf cmd="ignore" pos="PRP">They</wf>
<wf cmd="done" pos="VB" lemma="be" wnsn="1" lexsn="2:42:03::">are</wf>
<wf cmd="tag" pos="JJ">many</wf>
<wf cmd="ignore" pos="CC">and</wf>
<wf cmd="tag" pos="JJ">varied</wf>
<punc>.</punc>
</s>
<s snum="127">
<wf cmd="tag" pos="RB">Also</wf>
<punc>,</punc>
<wf cmd="ignore" pos="EX">there</wf>
<wf cmd="done" pos="VBZ" ot="notag">'s</wf>
<wf cmd="tag" pos="NN">scrap</wf>
<wf cmd="tag" pos="NNS">books</wf>
<punc>,</punc>
<wf cmd="tag" pos="NN">collecting</wf>
<wf cmd="tag" pos="NN">newspaper</wf>
<wf cmd="tag" pos="NNS">pictures</wf>
<wf cmd="ignore" pos="CC">and</wf>
<wf cmd="tag" pos="NNS">clippings</wf>
<punc>,</punc>
<wf cmd="ignore" pos="CC">or</wf>
<wf cmd="ignore" pos="DT">any</wf>
<wf cmd="tag" pos="NNS">items</wf>
<wf cmd="ignore" pos="IN">of</wf>
<wf cmd="tag" pos="NN">interest</wf>
<wf cmd="ignore" pos="TO">to</wf>
<wf cmd="ignore" pos="PRP">you</wf>
<punc>.</punc>
</s>
<s snum="128">
<wf cmd="ignore" pos="PRP">It</wf>
<wf cmd="done" pos="VBZ" ot="notag">'s</wf>
<wf cmd="done" pos="VB" lemma="get" wnsn="2" lexsn="2:30:00::">getting</wf>
<wf cmd="tag" pos="JJ">interested</wf>
<wf cmd="ignore" pos="IN">in</wf>
<wf cmd="tag" pos="NN">something</wf>
<wf cmd="ignore" pos="IN">that</wf>
<wf cmd="done" pos="VB" lemma="count" wnsn="2" lexsn="2:42:00::">counts</wf>
<punc>.</punc>
</s>
</p>
<p pnum="29">
<s snum="129">
<wf cmd="ignore" pos="IN">As</wf>
<wf cmd="ignore" pos="IN">for</wf>
<wf cmd="ignore" pos="PRP">me</wf>
<punc>,</punc>
<wf cmd="ignore" pos="PRP">I</wf>
<wf cmd="done" pos="VBP" ot="notag">am</wf>
<wf cmd="done" pos="VB" lemma="hold" wnsn="1" lexsn="2:42:00::">holding</wf>
<wf cmd="done" pos="VB" ot="notag">in</wf>
<wf cmd="tag" pos="NN">reserve</wf>
<wf cmd="tag" pos="CD">two</wf>
<wf cmd="tag" pos="JJ">huge</wf>
<wf cmd="tag" pos="NNS">puzzles</wf>
<punc>(</punc>
<wf cmd="ignore" pos="PRP">I</wf>
<wf cmd="done" pos="VB" lemma="love" wnsn="2" lexsn="2:37:02::">love</wf>
<wf cmd="tag" pos="NNS">puzzles</wf>
<punc>)</punc>
<wf cmd="ignore" pos="TO">to</wf>
<wf cmd="done" pos="VB" lemma="put_together" wnsn="1" lexsn="2:36:00::">put_together</wf>
<wf cmd="ignore" pos="WRB">when</wf>
<wf cmd="tag" pos="NN">time</wf>
<wf cmd="done" pos="VB" lemma="hang" wnsn="6" lexsn="2:42:00::">hangs</wf>
<wf cmd="tag" pos="JJ">heavy</wf>
<wf cmd="ignore" pos="IN">on</wf>
<wf cmd="ignore" pos="PRP$">my</wf>
<wf cmd="tag" pos="NNS">hands</wf>
<punc>.</punc>
</s>
<s snum="130">
<wf cmd="tag" pos="RB">So_far</wf>
<punc>,</punc>
<wf cmd="ignore" pos="DT">the</wf>
<wf cmd="tag" pos="NN">covers</wf>
<wf cmd="done" pos="VBP" ot="notag">have</wf>
<wf cmd="tag" pos="RB">never</wf>
<wf cmd="done" pos="VB" lemma="be" wnsn="1" lexsn="2:42:03::">been</wf>
<wf cmd="ignore" pos="IN">off</wf>
<wf cmd="ignore" pos="DT">the</wf>
<wf cmd="tag" pos="NNS">boxes</wf>
<punc>.</punc>
</s>
<s snum="131">
<wf cmd="ignore" pos="PRP">I</wf>
<wf cmd="tag" pos="RB">just</wf>
<wf cmd="done" pos="VBP" ot="notag">do</wf>
<wf cmd="tag" pos="RB">n't</wf>
<wf cmd="done" pos="VB" lemma="have" wnsn="9" lexsn="2:40:01::">have</wf>
<wf cmd="tag" pos="NN">time</wf>
<wf cmd="ignore" pos="TO">to</wf>
<wf cmd="done" pos="VB" lemma="do" wnsn="3" lexsn="2:41:04::">do</wf>
<wf cmd="tag" pos="NN">half</wf>
<wf cmd="ignore" pos="DT">the</wf>
<wf cmd="tag" pos="NNS">things</wf>
<wf cmd="ignore" pos="PRP">I</wf>
<wf cmd="done" pos="VB" lemma="want" wnsn="1" lexsn="2:37:00::">want</wf>
<wf cmd="done" pos="VB" ot="notag">to</wf>
<wf cmd="done" pos="VB" lemma="do" wnsn="3" lexsn="2:41:04::">do</wf>
<wf cmd="tag" pos="RB">now</wf>
<punc>.</punc>
</s>
</p>
<p pnum="30">
<s snum="132">
<wf cmd="tag" pos="RB">So</wf>
<wf cmd="ignore" pos="IN">in</wf>
<wf cmd="tag" pos="NN">closing</wf>
<punc>,</punc>
<wf cmd="tag" pos="NN">fellow</wf>
<wf cmd="tag" pos="JJ">retired</wf>
<wf cmd="tag" pos="NNS">members</wf>
<punc>,</punc>
<wf cmd="ignore" pos="PRP">I</wf>
<wf cmd="done" pos="VB" lemma="advise" wnsn="1" lexsn="2:32:00::">advise</wf>
<wf cmd="ignore" pos="PRP">you</wf>
<wf cmd="ignore" pos="TO">to</wf>
<wf cmd="done" pos="VB" lemma="make" wnsn="2" lexsn="2:30:00::">make</wf>
<wf cmd="done" pos="VB" ot="notag">the</wf>
<wf cmd="tag" pos="NN">most</wf>
<wf cmd="done" pos="VB" ot="notag">of</wf>
<wf cmd="tag" pos="RB">each_day</wf>
<punc>,</punc>
<wf cmd="done" pos="VB" lemma="enjoy" wnsn="1" lexsn="2:37:00::">enjoy</wf>
<wf cmd="ignore" pos="DT">each</wf>
<wf cmd="tag" pos="CD">one</wf>
<wf cmd="ignore" pos="TO">to</wf>
<wf cmd="ignore" pos="DT">the</wf>
<wf cmd="tag" pos="RB">n't</wf>
<wf cmd="tag" pos="NN">h</wf>
<wf cmd="tag" pos="NN">degree</wf>
<punc>.</punc>
</s>
<s snum="133">
<wf cmd="done" pos="VB" lemma="travel" wnsn="2" lexsn="2:38:04::">Travel</wf>
<punc>,</punc>
<wf cmd="ignore" pos="IN">if</wf>
<wf cmd="ignore" pos="PRP">you</wf>
<wf cmd="ignore" pos="MD">can</wf>
<punc>.</punc>
</s>
<s snum="134">
<wf cmd="done" pos="VB" lemma="keep" wnsn="1" lexsn="2:42:00::">Keep</wf>
<wf cmd="tag" pos="JJ">occupied</wf>
<wf cmd="tag" pos="JJ">to_the_point</wf>
<wf cmd="ignore" pos="PRP">you</wf>
<wf cmd="done" pos="VB" lemma="be" wnsn="1" lexsn="2:42:03::">are</wf>
<wf cmd="tag" pos="RB">not</wf>
<wf cmd="tag" pos="JJ">bored</wf>
<wf cmd="ignore" pos="IN">with</wf>
<wf cmd="tag" pos="NN">life</wf>
<wf cmd="ignore" pos="CC">and</wf>
<wf cmd="ignore" pos="PRP">you</wf>
<wf cmd="ignore" pos="MD">will</wf>
<wf cmd="tag" pos="RB">truly</wf>
<wf cmd="done" pos="VB" lemma="find" wnsn="5" lexsn="2:31:10::">find</wf>
<wf cmd="ignore" pos="DT">these</wf>
<wf cmd="tag" pos="JJ">final</wf>
<wf cmd="tag" pos="NNS">days</wf>
<wf cmd="ignore" pos="CC">and</wf>
<wf cmd="tag" pos="NNS">years</wf>
<wf cmd="ignore" pos="IN">of</wf>
<wf cmd="ignore" pos="PRP$">your</wf>
<wf cmd="tag" pos="NNS">lives</wf>
<wf cmd="ignore" pos="TO">to</wf>
<wf cmd="done" pos="VB" lemma="be" wnsn="1" lexsn="2:42:03::">be</wf>
<wf cmd="tag" pos="NN">sunshine</wf>
<wf cmd="tag" pos="JJ">sweet</wf>
<punc>.</punc>
</s>
</p>
<p pnum="31">
<s snum="135">
<wf cmd="tag" pos="NN">Good_Luck</wf>
<punc>!</punc>
</s>
<s snum="136">
<wf cmd="ignore" pos="TO">To</wf>
<wf cmd="tag" pos="CD">one</wf>
<wf cmd="ignore" pos="CC">and</wf>
<wf cmd="ignore" pos="DT">all</wf>
<punc>-</punc>
<wf cmd="tag" pos="NN">Good_Days</wf>
<wf cmd="tag" pos="RB">ahead</wf>
<punc>!</punc>
</s>
<s snum="137">
<wf cmd="ignore" pos="DT">An</wf>
<wf cmd="tag" pos="JJ">important</wf>
<wf cmd="tag" pos="NN">criterion</wf>
<wf cmd="ignore" pos="IN">of</wf>
<wf cmd="tag" pos="NN">maturity</wf>
<wf cmd="done" pos="VB" lemma="be" wnsn="2" lexsn="2:42:06::">is</wf>
<wf cmd="tag" pos="NN">creativity</wf>
<punc>.</punc>
</s>
<s snum="138">
<wf cmd="ignore" pos="DT">The</wf>
<wf cmd="tag" pos="JJ">mature</wf>
<wf cmd="tag" pos="NN">person</wf>
<wf cmd="done" pos="VB" lemma="be" wnsn="1" lexsn="2:42:03::">is</wf>
<wf cmd="tag" pos="JJ">creative</wf>
<punc>.</punc>
</s>
<s snum="139">
<wf cmd="ignore" pos="WP">What</wf>
<wf cmd="done" pos="VB" ot="notag">does_it</wf>
<wf cmd="done" pos="VB" lemma="mean" wnsn="1" lexsn="2:32:01::">mean</wf>
<wf cmd="ignore" pos="TO">to</wf>
<wf cmd="done" pos="VB" lemma="be" wnsn="1" lexsn="2:42:03::">be</wf>
<wf cmd="tag" pos="JJ">creative</wf>
<punc>,</punc>
<wf cmd="ignore" pos="DT">a</wf>
<wf cmd="tag" pos="NN">term</wf>
<wf cmd="ignore" pos="PRP">we</wf>
<wf cmd="done" pos="VB" lemma="hear" wnsn="1" lexsn="2:39:00::">hear</wf>
<wf cmd="ignore" pos="IN">with</wf>
<wf cmd="tag" pos="JJ">increasing</wf>
<wf cmd="tag" pos="NN">frequency</wf>
<wf cmd="ignore" pos="DT">these</wf>
<wf cmd="tag" pos="NNS">days</wf>
<punc>?</punc>
</s>
<s snum="140">
<wf cmd="ignore" pos="WRB">When</wf>
<wf cmd="ignore" pos="PRP">we</wf>
<wf cmd="done" pos="VB" lemma="turn_to" wnsn="0" lexsn="2:32:00::">turn_to</wf>
<wf cmd="tag" pos="NN">Noah_Webster</wf>
<wf cmd="ignore" pos="PRP">we</wf>
<wf cmd="done" pos="VB" lemma="find" wnsn="5" lexsn="2:31:10::">find</wf>
<wf cmd="ignore" pos="PRP">him</wf>
<wf cmd="tag" pos="JJ">helpful</wf>
<wf cmd="tag" pos="RB">as_usual</wf>
<punc>.</punc>
</s>
<s snum="141">
<punc>``</punc>
<wf cmd="ignore" pos="TO">To</wf>
<wf cmd="done" pos="VB" lemma="be" wnsn="1" lexsn="2:42:03::">be</wf>
<wf cmd="tag" pos="JJ">creative</wf>
<wf cmd="done" pos="VB" lemma="be" wnsn="1" lexsn="2:42:03::">is</wf>
<wf cmd="ignore" pos="TO">to</wf>
<wf cmd="done" pos="VB" lemma="have" wnsn="1" lexsn="2:40:00::">have</wf>
<wf cmd="ignore" pos="DT">the</wf>
<wf cmd="tag" pos="NN">ability</wf>
<wf cmd="ignore" pos="TO">to</wf>
<wf cmd="done" pos="VB" lemma="cause" wnsn="1" lexsn="2:36:00::">cause</wf>
<wf cmd="ignore" pos="TO">to</wf>
<wf cmd="done" pos="VB" lemma="exist" wnsn="1" lexsn="2:42:00::">exist</wf>
<punc>-</punc>
<wf cmd="ignore" pos="TO">to</wf>
<wf cmd="done" pos="VB" lemma="produce" wnsn="2" lexsn="2:36:00::">produce</wf>
<wf cmd="ignore" pos="WRB">where</wf>
<wf cmd="tag" pos="NN">nothing</wf>
<wf cmd="done" pos="VB" lemma="be" wnsn="4" lexsn="2:42:00::">was</wf>
<wf cmd="ignore" pos="IN">before</wf>
<punc>-</punc>
<wf cmd="ignore" pos="TO">to</wf>
<wf cmd="done" pos="VB" lemma="bring_forth" wnsn="4" lexsn="2:29:00::">bring_forth</wf>
<wf cmd="ignore" pos="DT">an</wf>
<wf cmd="tag" pos="JJ">original</wf>
<wf cmd="tag" pos="NN">production</wf>
<wf cmd="ignore" pos="IN">of</wf>
<wf cmd="tag" pos="JJ">human</wf>
<wf cmd="tag" pos="NN">intelligence</wf>
<wf cmd="ignore" pos="CC">or</wf>
<wf cmd="tag" pos="NN">power</wf>
<punc>''</punc>
<punc>.</punc>
</s>
<s snum="142">
<wf cmd="ignore" pos="PRP">We</wf>
<wf cmd="done" pos="VB" lemma="be" wnsn="1" lexsn="2:42:03::">are</wf>
<wf cmd="tag" pos="JJ">creative</wf>
<punc>,</punc>
<wf cmd="ignore" pos="PRP">it</wf>
<wf cmd="done" pos="VB" lemma="seem" wnsn="1" lexsn="2:39:00::">seems</wf>
<punc>,</punc>
<wf cmd="ignore" pos="WRB">when</wf>
<wf cmd="ignore" pos="PRP">we</wf>
<wf cmd="done" pos="VB" lemma="produce" wnsn="2" lexsn="2:36:00::">produce</wf>
<wf cmd="tag" pos="NN">something</wf>
<wf cmd="ignore" pos="WDT">which</wf>
<wf cmd="done" pos="VBZ" ot="notag">has</wf>
<wf cmd="tag" pos="RB">not</wf>
<wf cmd="tag" pos="RB">previously</wf>
<wf cmd="done" pos="VB" lemma="exist" wnsn="1" lexsn="2:42:00::">existed</wf>
<punc>.</punc>
</s>
<s snum="143">
<wf cmd="tag" pos="RB">Thus</wf>
<wf cmd="tag" pos="NN">creativity</wf>
<wf cmd="ignore" pos="MD">may</wf>
<wf cmd="done" pos="VB" lemma="run" wnsn="3" lexsn="2:42:00::">run</wf>
<wf cmd="tag" pos="RB">all_the_way</wf>
<wf cmd="ignore" pos="IN">from</wf>
<wf cmd="done" pos="VB" lemma="make" wnsn="3" lexsn="2:36:00::">making</wf>
<wf cmd="ignore" pos="DT">a</wf>
<wf cmd="tag" pos="NN">cake</wf>
<punc>,</punc>
<wf cmd="done" pos="VB" lemma="build" wnsn="1" lexsn="2:36:00::">building</wf>
<wf cmd="ignore" pos="DT">a</wf>
<wf cmd="tag" pos="NN">chicken_coop</wf>
<punc>,</punc>
<wf cmd="ignore" pos="CC">or</wf>
<wf cmd="done" pos="VB" lemma="produce" wnsn="2" lexsn="2:36:00::">producing</wf>
<wf cmd="ignore" pos="DT">a</wf>
<wf cmd="tag" pos="NN">book</wf>
<punc>,</punc>
<wf cmd="ignore" pos="TO">to</wf>
<wf cmd="done" pos="VB" lemma="found" wnsn="1" lexsn="2:41:00::">founding</wf>
<wf cmd="ignore" pos="DT">a</wf>
<wf cmd="tag" pos="NN">business</wf>
<punc>,</punc>
<wf cmd="done" pos="VB" lemma="create" wnsn="2" lexsn="2:36:02::">creating</wf>
<wf cmd="ignore" pos="DT">a</wf>
<wf cmd="tag" pos="NNP">League</wf>
<wf cmd="ignore" pos="IN">of</wf>
<wf cmd="tag" pos="NNPS">Nations</wf>
<wf cmd="ignore" pos="CC">or</wf>
<punc>,</punc>
<wf cmd="done" pos="VB" lemma="develop" wnsn="3" lexsn="2:30:06::">developing</wf>
<wf cmd="ignore" pos="DT">a</wf>
<wf cmd="tag" pos="JJ">mature</wf>
<wf cmd="tag" pos="NN">character</wf>
<punc>.</punc>
</s>
</p>
<p pnum="32">
<s snum="144">
<wf cmd="ignore" pos="DT">All</wf>
<wf cmd="tag" pos="JJ">living</wf>
<wf cmd="tag" pos="NNS">creatures</wf>
<wf cmd="ignore" pos="IN">from</wf>
<wf cmd="ignore" pos="DT">the</wf>
<wf cmd="tag" pos="JJS">lowest</wf>
<wf cmd="tag" pos="NN">form</wf>
<wf cmd="ignore" pos="IN">of</wf>
<wf cmd="tag" pos="NN">insect</wf>
<wf cmd="ignore" pos="CC">or</wf>
<wf cmd="tag" pos="NN">animal</wf>
<wf cmd="tag" pos="NN">life</wf>
<wf cmd="done" pos="VB" lemma="evidence" wnsn="1" lexsn="2:32:00::">evidence</wf>
<wf cmd="ignore" pos="DT">the</wf>
<wf cmd="tag" pos="NN">power</wf>
<wf cmd="ignore" pos="IN">of</wf>
<wf cmd="tag" pos="NN">creativity</wf>
<punc>,</punc>
<wf cmd="ignore" pos="IN">if</wf>
<wf cmd="ignore" pos="PRP">it</wf>
<wf cmd="done" pos="VB" lemma="be" wnsn="2" lexsn="2:42:06::">is</wf>
<wf cmd="tag" pos="RB">only</wf>
<wf cmd="ignore" pos="TO">to</wf>
<wf cmd="done" pos="VB" lemma="reproduce" wnsn="2" lexsn="2:29:00::">reproduce</wf>
<wf cmd="ignore" pos="DT">a</wf>
<wf cmd="tag" pos="NN">form</wf>
<wf cmd="ignore" pos="IN">like</wf>
<wf cmd="ignore" pos="PRP$">their</wf>
<wf cmd="tag" pos="JJ">own</wf>
<punc>.</punc>
</s>
<s snum="145">
<wf cmd="ignore" pos="IN">While</wf>
<wf cmd="tag" pos="NN">man</wf>
<wf cmd="done" pos="VB" lemma="share" wnsn="1" lexsn="2:42:00::">shares</wf>
<wf cmd="ignore" pos="DT">this</wf>
<wf cmd="tag" pos="JJ">procreative</wf>
<wf cmd="tag" pos="NN">function</wf>
<wf cmd="ignore" pos="IN">with</wf>
<wf cmd="ignore" pos="DT">all</wf>
<wf cmd="ignore" pos="PRP$">his</wf>
<wf cmd="tag" pos="NNS">predecessors</wf>
<wf cmd="ignore" pos="IN">in</wf>
<wf cmd="ignore" pos="DT">the</wf>
<wf cmd="tag" pos="JJ">evolutionary</wf>
<wf cmd="tag" pos="NN">process</wf>
<punc>,</punc>
<wf cmd="ignore" pos="PRP">he</wf>
<wf cmd="done" pos="VB" lemma="be" wnsn="2" lexsn="2:42:06::">is</wf>
<wf cmd="ignore" pos="DT">the</wf>
<wf cmd="tag" pos="JJ">only</wf>
<wf cmd="tag" pos="NN">animal</wf>
<wf cmd="ignore" pos="IN">with</wf>
<wf cmd="ignore" pos="DT">a</wf>
<wf cmd="tag" pos="JJ">true</wf>
<wf cmd="tag" pos="JJ">non-instinctive</wf>
<wf cmd="ignore" pos="CC">and</wf>
<wf cmd="tag" pos="JJ">conscious</wf>
<wf cmd="tag" pos="JJ">creative</wf>
<wf cmd="tag" pos="NN">ability</wf>
<punc>.</punc>
</s>
<s snum="146">
<wf cmd="ignore" pos="DT">An</wf>
<wf cmd="tag" pos="NN">animal</wf>
<punc>,</punc>
<wf cmd="tag" pos="NN">bird</wf>
<wf cmd="ignore" pos="CC">or</wf>
<wf cmd="tag" pos="NN">insect</wf>
<wf cmd="done" pos="VB" lemma="create" wnsn="2" lexsn="2:36:02::">creates</wf>
<wf cmd="ignore" pos="DT">either</wf>
<wf cmd="ignore" pos="DT">a</wf>
<wf cmd="tag" pos="NN">burrow</wf>
<punc>,</punc>
<wf cmd="ignore" pos="CC">or</wf>
<wf cmd="tag" pos="NN">nest</wf>
<wf cmd="ignore" pos="CC">or</wf>
<wf cmd="tag" pos="NN">hive</wf>
<wf cmd="ignore" pos="IN">in</wf>
<wf cmd="tag" pos="JJ">unending</wf>
<wf cmd="tag" pos="NN">sameness</wf>
<wf cmd="tag" pos="RB">according</wf>
<wf cmd="ignore" pos="TO">to</wf>
<wf cmd="ignore" pos="FW">specie</wf>
<punc>.</punc>
</s>
<s snum="147">
<wf cmd="tag" pos="NN">Man</wf>
<wf cmd="ignore" pos="POS">'s</wf>
<wf cmd="tag" pos="JJ">great</wf>
<wf cmd="tag" pos="NN">superiority</wf>
<wf cmd="ignore" pos="IN">over</wf>
<wf cmd="ignore" pos="DT">these</wf>
<wf cmd="tag" pos="JJ">evolutionary</wf>
<wf cmd="tag" pos="NNS">forbears</wf>
<wf cmd="done" pos="VB" lemma="be" wnsn="1" lexsn="2:42:03::">is</wf>
<wf cmd="ignore" pos="IN">in</wf>
<wf cmd="ignore" pos="DT">the</wf>
<wf cmd="tag" pos="NN">development</wf>
<wf cmd="ignore" pos="IN">of</wf>
<wf cmd="ignore" pos="PRP$">his</wf>
<wf cmd="tag" pos="NN">imagination</wf>
<punc>.</punc>
</s>
<s snum="148">
<wf cmd="ignore" pos="DT">This</wf>
<wf cmd="done" pos="VB" lemma="give" wnsn="1" lexsn="2:40:03::">gives</wf>
<wf cmd="ignore" pos="PRP">him</wf>
<wf cmd="ignore" pos="DT">the</wf>
<wf cmd="tag" pos="NN">power</wf>
<wf cmd="ignore" pos="TO">to</wf>
<wf cmd="done" pos="VB" lemma="form" wnsn="5" lexsn="2:36:00::">form</wf>
<wf cmd="ignore" pos="IN">in</wf>
<wf cmd="ignore" pos="PRP$">his</wf>
<wf cmd="tag" pos="NN">mind</wf>
<wf cmd="tag" pos="JJ">new</wf>
<wf cmd="tag" pos="NN">image</wf>
<wf cmd="tag" pos="NNS">combinations</wf>
<wf cmd="ignore" pos="IN">of</wf>
<wf cmd="tag" pos="JJ">old</wf>
<wf cmd="tag" pos="NNS">memories</wf>
<punc>,</punc>
<wf cmd="tag" pos="NNS">ideas</wf>
<wf cmd="ignore" pos="CC">and</wf>
<wf cmd="tag" pos="NNS">experiences</wf>
<wf cmd="ignore" pos="CC">and</wf>
<wf cmd="ignore" pos="TO">to</wf>
<wf cmd="done" pos="VB" lemma="project" wnsn="3" lexsn="2:35:01::">project</wf>
<wf cmd="ignore" pos="PRP">them</wf>
<wf cmd="ignore" pos="IN">outside</wf>
<wf cmd="ignore" pos="IN">of</wf>
<wf cmd="ignore" pos="PRP">himself</wf>
<wf cmd="ignore" pos="IN">into</wf>
<wf cmd="ignore" pos="PRP$">his</wf>
<wf cmd="tag" pos="NN">environment</wf>
<wf cmd="ignore" pos="IN">in</wf>
<wf cmd="tag" pos="JJ">new</wf>
<wf cmd="ignore" pos="CC">and</wf>
<wf cmd="tag" pos="JJ">ever-changing</wf>
<wf cmd="tag" pos="NNS">forms</wf>
<punc>.</punc>
</s>
</p>
<p pnum="33">
<s snum="149">
<wf cmd="ignore" pos="PRP">It</wf>
<wf cmd="done" pos="VBZ" ot="notag">has</wf>
<wf cmd="done" pos="VBN" ot="notag">been</wf>
<wf cmd="tag" pos="RB">truly</wf>
<wf cmd="done" pos="VB" lemma="say" wnsn="3" lexsn="2:32:03::">said</wf>
<wf cmd="ignore" pos="IN">that</wf>
<wf cmd="tag" pos="NN">anything</wf>
<wf cmd="tag" pos="NN">man</wf>
<wf cmd="ignore" pos="MD">can</wf>
<wf cmd="done" pos="VB" lemma="imagine" wnsn="1" lexsn="2:36:00::">imagine</wf>
<wf cmd="ignore" pos="PRP">he</wf>
<wf cmd="ignore" pos="MD">can</wf>
<wf cmd="done" pos="VB" lemma="produce" wnsn="2" lexsn="2:36:00::">produce</wf>
<wf cmd="ignore" pos="CC">or</wf>
<wf cmd="done" pos="VB" lemma="create" wnsn="2" lexsn="2:36:02::">create</wf>
<wf cmd="ignore" pos="IN">by</wf>
<wf cmd="done" pos="VB" lemma="project" wnsn="3" lexsn="2:35:01::">projecting</wf>
<wf cmd="ignore" pos="DT">this</wf>
<wf cmd="tag" pos="JJ">inner</wf>
<wf cmd="tag" pos="NN">image</wf>
<wf cmd="ignore" pos="IN">into</wf>
<wf cmd="ignore" pos="PRP$">its</wf>
<wf cmd="tag" pos="NN">counterpart</wf>
<wf cmd="ignore" pos="IN">in</wf>
<wf cmd="ignore" pos="DT">the</wf>
<wf cmd="tag" pos="NN">objective</wf>
<wf cmd="tag" pos="NN">world</wf>
<punc>.</punc>
</s>
<s snum="150">
<wf cmd="ignore" pos="IN">In</wf>
<wf cmd="ignore" pos="PRP$">our</wf>
<wf cmd="tag" pos="JJ">own</wf>
<wf cmd="tag" pos="NN">time</wf>
<wf cmd="ignore" pos="PRP">we</wf>
<wf cmd="done" pos="VBP" ot="notag">have</wf>
<wf cmd="done" pos="VB" lemma="see" wnsn="3" lexsn="2:39:02::">seen</wf>
<wf cmd="tag" pos="RB">the_most</wf>
<wf cmd="tag" pos="JJ">fantastic</wf>
<wf cmd="tag" pos="NN">imagery</wf>
<wf cmd="ignore" pos="IN">of</wf>
<wf cmd="ignore" pos="DT">a</wf>
<wf cmd="tag" pos="NNP">Jules_Verne</wf>
<wf cmd="done" pos="VB" lemma="come" wnsn="3" lexsn="2:30:01::">come</wf>
<wf cmd="done" pos="VB" ot="notag">into</wf>
<wf cmd="tag" pos="NN">actuality</wf>
<punc>.</punc>
</s>
<s snum="151">
<wf cmd="ignore" pos="DT">The</wf>
<wf cmd="tag" pos="NN">vision</wf>
<wf cmd="ignore" pos="IN">of</wf>
<wf cmd="ignore" pos="DT">a</wf>
<wf cmd="tag" pos="NNP">Lord_Tennyson</wf>
<wf cmd="done" pos="VB" lemma="express" wnsn="3" lexsn="2:32:02::">expressed</wf>
<wf cmd="ignore" pos="IN">in</wf>
<wf cmd="ignore" pos="DT">a</wf>
<wf cmd="tag" pos="NN">poem</wf>
<wf cmd="tag" pos="CD">100</wf>
<wf cmd="tag" pos="NNS">years</wf>
<wf cmd="tag" pos="RB">ago</wf>
<wf cmd="done" rdf="took_form" pos="VB" lemma="take_form" wnsn="1" lexsn="2:42:00::">took</wf>
<wf cmd="tag" pos="JJ">visible</wf>
<wf cmd="tag" pos="NN">form</wf>
<wf cmd="ignore" pos="IN">over</wf>
<wf cmd="tag" pos="NNP">London</wf>
<wf cmd="tag" pos="RB">in_the_air</wf>
<wf cmd="tag" pos="NNS">blitzes</wf>
<wf cmd="ignore" pos="IN">of</wf>
<wf cmd="tag" pos="CD">1941</wf>
<punc>.</punc>
</s>
<s snum="152">
<wf cmd="tag" pos="RB">In_fact</wf>
<wf cmd="tag" pos="JJ">all_of</wf>
<wf cmd="ignore" pos="PRP$">our</wf>
<wf cmd="tag" pos="JJ">civilized</wf>
<wf cmd="tag" pos="NN">world</wf>
<wf cmd="done" pos="VB" lemma="be" wnsn="1" lexsn="2:42:03::">is</wf>
<wf cmd="ignore" pos="DT">the</wf>
<wf cmd="tag" pos="NN">resultant</wf>
<wf cmd="ignore" pos="IN">of</wf>
<wf cmd="tag" pos="NN">man</wf>
<wf cmd="ignore" pos="POS">'s</wf>
<wf cmd="tag" pos="NN">projection</wf>
<wf cmd="ignore" pos="IN">of</wf>
<wf cmd="ignore" pos="PRP$">his</wf>
<wf cmd="tag" pos="NN">imagination</wf>
<wf cmd="ignore" pos="IN">over</wf>
<wf cmd="ignore" pos="DT">the</wf>
<wf cmd="tag" pos="JJ">past</wf>
<wf cmd="tag" pos="CD">60</wf>
<wf cmd="tag" pos="NNS">centuries</wf>
<wf cmd="ignore" pos="CC">or</wf>
<wf cmd="tag" pos="JJR">more</wf>
<punc>.</punc>
</s>
<s snum="153">
<wf cmd="ignore" pos="PRP">It</wf>
<wf cmd="done" pos="VB" lemma="be" wnsn="1" lexsn="2:42:03::">is</wf>
<wf cmd="tag" pos="RB">in_this</wf>
<wf cmd="tag" pos="CD">one</wf>
<wf cmd="tag" pos="NN">aspect</wf>
<punc>,</punc>
<wf cmd="tag" pos="RB">at_least</wf>
<punc>,</punc>
<wf cmd="ignore" pos="IN">that</wf>
<wf cmd="tag" pos="NN">man</wf>
<wf cmd="done" pos="VB" lemma="seem" wnsn="1" lexsn="2:39:00::">seems</wf>
<wf cmd="ignore" pos="TO">to</wf>
<wf cmd="done" pos="VB" ot="notag">be</wf>
<wf cmd="done" pos="VB" lemma="make" wnsn="3" lexsn="2:36:00::">made</wf>
<wf cmd="ignore" pos="IN">in</wf>
<wf cmd="ignore" pos="DT">the</wf>
<wf cmd="tag" pos="NN">image</wf>
<wf cmd="ignore" pos="IN">of</wf>
<wf cmd="ignore" pos="PRP$">his</wf>
<wf cmd="tag" pos="NNP">Creator</wf>
<punc>.</punc>
</s>
</p>
<p pnum="34">
<s snum="154">
<wf cmd="tag" pos="RB">Not_only</wf>
<wf cmd="ignore" pos="MD">can</wf>
<wf cmd="tag" pos="NN">man</wf>
<wf cmd="done" pos="VB" lemma="project" wnsn="3" lexsn="2:35:01::">project</wf>
<wf cmd="ignore" pos="PRP$">his</wf>
<wf cmd="tag" pos="NN">imagination</wf>
<wf cmd="ignore" pos="IN">out</wf>
<wf cmd="ignore" pos="IN">into</wf>
<wf cmd="ignore" pos="PRP$">his</wf>
<wf cmd="tag" pos="NN">environment</wf>
<wf cmd="ignore" pos="IN">in</wf>
<wf cmd="tag" pos="JJ">concrete</wf>
<wf cmd="tag" pos="NNS">forms</wf>
<punc>,</punc>
<wf cmd="ignore" pos="CC">but</wf>
<wf cmd="tag" pos="RB">even</wf>
<wf cmd="tag" pos="RBR">more</wf>
<wf cmd="tag" pos="RB">importantly</wf>
<punc>,</punc>
<wf cmd="ignore" pos="PRP">he</wf>
<wf cmd="ignore" pos="MD">can</wf>
<wf cmd="done" pos="VB" lemma="turn" wnsn="1" lexsn="2:38:00::">turn</wf>
<wf cmd="ignore" pos="PRP">it</wf>
<wf cmd="tag" pos="RB">inward</wf>
<wf cmd="ignore" pos="TO">to</wf>
<wf cmd="done" pos="VB" lemma="help" wnsn="1" lexsn="2:41:00::">help</wf>
<wf cmd="done" pos="VB" lemma="create" wnsn="1" lexsn="2:36:00::">create</wf>
<wf cmd="tag" pos="JJ">new</wf>
<wf cmd="ignore" pos="CC">and</wf>
<wf cmd="tag" pos="JJR">better</wf>
<wf cmd="tag" pos="NNS">forms</wf>
<wf cmd="ignore" pos="IN">of</wf>
<wf cmd="ignore" pos="PRP">himself</wf>
<punc>.</punc>
</s>
<s snum="155">
<wf cmd="ignore" pos="PRP">We</wf>
<wf cmd="done" pos="VB" lemma="recognize" wnsn="2" lexsn="2:31:01::">recognize</wf>
<wf cmd="ignore" pos="IN">that</wf>
<wf cmd="tag" pos="JJ">young</wf>
<wf cmd="tag" pos="NNS">people</wf>
<wf cmd="ignore" pos="IN">through</wf>
<wf cmd="tag" pos="JJ">imaginative</wf>
<wf cmd="tag" pos="NN">mind</wf>
<wf cmd="ignore" pos="CC">and</wf>
<wf cmd="tag" pos="NN">body</wf>
<wf cmd="tag" pos="NN">training</wf>
<wf cmd="ignore" pos="MD">can</wf>
<wf cmd="done" pos="VB" lemma="become" wnsn="1" lexsn="2:30:00::">become</wf>
<wf cmd="tag" pos="NNS">athletes</wf>
<punc>,</punc>
<wf cmd="tag" pos="NNS">acrobats</wf>
<punc>,</punc>
<wf cmd="tag" pos="NNS">dancers</wf>
<punc>,</punc>
<wf cmd="tag" pos="NNS">musicians</wf>
<wf cmd="ignore" pos="CC">and</wf>
<wf cmd="tag" pos="NNS">artists</wf>
<punc>,</punc>
<wf cmd="done" pos="VB" lemma="develop" wnsn="3" lexsn="2:30:06::">developing</wf>
<wf cmd="tag" pos="JJ">many</wf>
<wf cmd="tag" pos="NNS">potentialities</wf>
<punc>.</punc>
</s>
<s snum="156">
<wf cmd="ignore" pos="PRP">We</wf>
<wf cmd="done" pos="VB" lemma="know" wnsn="1" lexsn="2:31:01::">know</wf>
<wf cmd="ignore" pos="IN">that</wf>
<wf cmd="tag" pos="NNS">actors</wf>
<wf cmd="ignore" pos="MD">can</wf>
<wf cmd="done" pos="VB" lemma="learn" wnsn="1" lexsn="2:31:00::">learn</wf>
<wf cmd="ignore" pos="TO">to</wf>
<wf cmd="done" pos="VB" lemma="portray" wnsn="3" lexsn="2:36:01::">portray</wf>
<wf cmd="ignore" pos="DT">a</wf>
<wf cmd="tag" pos="JJ">wide</wf>
<wf cmd="tag" pos="NN">variety</wf>
<wf cmd="ignore" pos="IN">of</wf>
<wf cmd="tag" pos="NN">character</wf>
<wf cmd="tag" pos="NNS">roles</wf>
<punc>.</punc>
</s>
<s snum="157">
<wf cmd="ignore" pos="IN">By</wf>
<wf cmd="ignore" pos="DT">this</wf>
<wf cmd="tag" pos="JJ">same</wf>
<wf cmd="tag" pos="NN">combination</wf>
<wf cmd="ignore" pos="IN">of</wf>
<wf cmd="ignore" pos="DT">the</wf>
<wf cmd="ignore" pos="MD">will</wf>
<wf cmd="ignore" pos="CC">and</wf>
<wf cmd="ignore" pos="DT">the</wf>
<wf cmd="tag" pos="NN">imagination</wf>
<punc>,</punc>
<wf cmd="ignore" pos="DT">each</wf>
<wf cmd="tag" pos="CD">one</wf>
<wf cmd="ignore" pos="IN">of</wf>
<wf cmd="ignore" pos="PRP">us</wf>
<wf cmd="ignore" pos="MD">can</wf>
<wf cmd="done" pos="VB" lemma="learn" wnsn="1" lexsn="2:31:00::">learn</wf>
<wf cmd="ignore" pos="TO">to</wf>
<wf cmd="done" pos="VB" lemma="portray" wnsn="3" lexsn="2:36:01::">portray</wf>
<wf cmd="tag" pos="RB">permanently</wf>
<wf cmd="ignore" pos="DT">the</wf>
<wf cmd="tag" pos="RB">kind_of</wf>
<wf cmd="tag" pos="NN">character</wf>
<wf cmd="ignore" pos="PRP">we</wf>
<wf cmd="done" pos="VB" ot="notag">would</wf>
<wf cmd="done" pos="VB" lemma="like" wnsn="1" lexsn="2:37:01::">like</wf>
<wf cmd="ignore" pos="TO">to</wf>
<wf cmd="done" pos="VB" lemma="be" wnsn="2" lexsn="2:42:06::">be</wf>
<punc>.</punc>
</s>
<s snum="158">
<wf cmd="ignore" pos="PRP">We</wf>
<wf cmd="ignore" pos="MD">must</wf>
<wf cmd="done" pos="VB" lemma="realize" wnsn="2" lexsn="2:31:00::">realize</wf>
<wf cmd="ignore" pos="IN">with</wf>
<wf cmd="tag" pos="NNP">Prof._Charles_Morris</wf>
<wf cmd="ignore" pos="IN">in</wf>
<wf cmd="ignore" pos="PRP$">his</wf>
<wf cmd="ignore" pos="DT">The</wf>
<wf cmd="tag" pos="NNP">Open_Self</wf>
<wf cmd="ignore" pos="IN">that</wf>
<punc>``</punc>
<wf cmd="tag" pos="NN">Man</wf>
<wf cmd="done" pos="VB" lemma="be" wnsn="2" lexsn="2:42:06::">is</wf>
<wf cmd="ignore" pos="DT">the</wf>
<wf cmd="tag" pos="NN">being</wf>
<wf cmd="ignore" pos="WDT">that</wf>
<wf cmd="ignore" pos="MD">can</wf>
<wf cmd="tag" pos="RB">continually</wf>
<wf cmd="done" pos="VB" lemma="remake" wnsn="1" lexsn="2:36:00::">remake</wf>
<wf cmd="ignore" pos="PRP">himself</wf>
<punc>,</punc>
<wf cmd="ignore" pos="DT">the</wf>
<wf cmd="tag" pos="NN">artisan</wf>
<wf cmd="tag" pos="RB">that</wf>
<wf cmd="done" pos="VB" lemma="be" wnsn="1" lexsn="2:42:03::">is</wf>
<wf cmd="ignore" pos="PRP">himself</wf>
<wf cmd="ignore" pos="DT">the</wf>
<wf cmd="tag" pos="NN">material</wf>
<wf cmd="ignore" pos="IN">for</wf>
<wf cmd="ignore" pos="PRP$">his</wf>
<wf cmd="tag" pos="JJ">own</wf>
<wf cmd="tag" pos="NN">creation</wf>
<punc>''</punc>
<punc>.</punc>
</s>
</p>
<p pnum="35">
<s snum="159">
<wf cmd="tag" pos="RB">So_far</wf>
<wf cmd="ignore" pos="IN">in</wf>
<wf cmd="tag" pos="NN">history</wf>
<wf cmd="tag" pos="NN">man</wf>
<wf cmd="done" pos="VBZ" ot="notag">has</wf>
<wf cmd="done" pos="VB" lemma="be" wnsn="1" lexsn="2:42:03::">been</wf>
<wf cmd="tag" pos="RB">too</wf>
<wf cmd="tag" pos="RB">greatly</wf>
<wf cmd="tag" pos="JJ">over-occupied</wf>
<wf cmd="ignore" pos="IN">with</wf>
<wf cmd="done" pos="VB" lemma="project" wnsn="3" lexsn="2:35:01::">projecting</wf>
<wf cmd="tag" pos="NNS">things</wf>
<wf cmd="ignore" pos="IN">into</wf>
<wf cmd="ignore" pos="PRP$">his</wf>
<wf cmd="tag" pos="NN">environment</wf>
<wf cmd="tag" pos="RB">rather_than</wf>
<wf cmd="tag" pos="JJ">first</wf>
<wf cmd="done" pos="VB" lemma="create" wnsn="1" lexsn="2:36:00::">creating</wf>
<wf cmd="ignore" pos="DT">the</wf>
<wf cmd="tag" pos="RB">sort_of</wf>
<wf cmd="tag" pos="NN">person</wf>
<wf cmd="ignore" pos="WP">who</wf>
<wf cmd="ignore" pos="MD">can</wf>
<wf cmd="done" pos="VB" lemma="make" wnsn="13" lexsn="2:38:02::">make</wf>
<wf cmd="ignore" pos="DT">the</wf>
<wf cmd="tag" pos="JJS">highest</wf>
<wf cmd="tag" pos="NN">use</wf>
<wf cmd="ignore" pos="IN">of</wf>
<wf cmd="ignore" pos="DT">the</wf>
<wf cmd="tag" pos="NNS">things</wf>
<wf cmd="ignore" pos="PRP">he</wf>
<wf cmd="done" pos="VBZ" ot="notag">has</wf>
<wf cmd="done" pos="VB" lemma="create" wnsn="2" lexsn="2:36:02::">created</wf>
<punc>.</punc>
</s>
<s snum="160">
<wf cmd="done" pos="VBZ" ot="notag">Is</wf>
<wf cmd="tag" pos="RB">not</wf>
<wf cmd="ignore" pos="DT">the</wf>
<wf cmd="tag" pos="JJ">present</wf>
<wf cmd="tag" pos="NN">world</wf>
<wf cmd="tag" pos="NN">crisis</wf>
<wf cmd="ignore" pos="DT">a</wf>
<wf cmd="tag" pos="NN">race</wf>
<wf cmd="ignore" pos="IN">between</wf>
<wf cmd="tag" pos="NNS">things</wf>
<wf cmd="ignore" pos="PRP">we</wf>
<wf cmd="done" pos="VBP" ot="notag">have</wf>
<wf cmd="done" pos="VB" lemma="create" wnsn="2" lexsn="2:36:02::">created</wf>
<wf cmd="ignore" pos="WDT">which</wf>
<wf cmd="ignore" pos="MD">can</wf>
<wf cmd="tag" pos="RB">now</wf>
<wf cmd="done" pos="VB" lemma="destroy" wnsn="1" lexsn="2:36:00::">destroy</wf>
<wf cmd="ignore" pos="PRP">us</wf>
<wf cmd="ignore" pos="CC">and</wf>
<wf cmd="ignore" pos="IN">between</wf>
<wf cmd="tag" pos="NNS">populations</wf>
<wf cmd="ignore" pos="IN">of</wf>
<wf cmd="tag" pos="JJ">sufficient</wf>
<wf cmd="tag" pos="NN">wisdom</wf>
<wf cmd="ignore" pos="CC">and</wf>
<wf cmd="tag" pos="NN">character</wf>
<wf cmd="ignore" pos="TO">to</wf>
<wf cmd="done" pos="VB" lemma="forestall" wnsn="1" lexsn="2:41:01::">forestall</wf>
<wf cmd="ignore" pos="DT">the</wf>
<wf cmd="tag" pos="NN">tragedy</wf>
<punc>.</punc>
</s>
<s snum="161">
<wf cmd="done" pos="VBZ" ot="notag">Is</wf>
<wf cmd="ignore" pos="PRP">it</wf>
<wf cmd="tag" pos="RB">not</wf>
<wf cmd="ignore" pos="DT">the</wf>
<wf cmd="tag" pos="NN">obligation</wf>
<wf cmd="ignore" pos="IN">of</wf>
<wf cmd="ignore" pos="PRP">us</wf>
<wf cmd="tag" pos="JJR">older</wf>
<wf cmd="tag" pos="NNS">citizens</wf>
<wf cmd="ignore" pos="TO">to</wf>
<wf cmd="done" pos="VB" lemma="lend" wnsn="1" lexsn="2:40:01::">lend</wf>
<wf cmd="ignore" pos="PRP$">our</wf>
<wf cmd="tag" pos="NN">weight</wf>
<wf cmd="ignore" pos="TO">to</wf>
<wf cmd="done" pos="VB" lemma="be" wnsn="1" lexsn="2:42:03::">being</wf>
<wf cmd="tag" pos="JJ">creative</wf>
<wf cmd="ignore" pos="IN">on</wf>
<wf cmd="ignore" pos="DT">the</wf>
<wf cmd="tag" pos="NN">character</wf>
<wf cmd="tag" pos="NN">side</wf>
<wf cmd="ignore" pos="CC">and</wf>
<wf cmd="ignore" pos="TO">to</wf>
<wf cmd="done" pos="VB" lemma="hasten" wnsn="3" lexsn="2:41:00::">hasten</wf>
<wf cmd="ignore" pos="PRP$">our</wf>
<wf cmd="tag" pos="JJ">own</wf>
<wf cmd="tag" pos="NN">maturing</wf>
<wf cmd="tag" pos="NN">process</wf>
<punc>?</punc>
</s>
</p>
<p pnum="36">
<s snum="162">
<wf cmd="tag" pos="NNP">Sir_Julian_Huxley</wf>
<wf cmd="ignore" pos="IN">in</wf>
<wf cmd="ignore" pos="PRP$">his</wf>
<wf cmd="tag" pos="NN">book</wf>
<wf cmd="tag" pos="NNP">Uniqueness</wf>
<wf cmd="ignore" pos="IN">Of</wf>
<wf cmd="tag" pos="NN">Man</wf>
<wf cmd="done" pos="VB" lemma="make" wnsn="1" lexsn="2:41:00::">makes</wf>
<wf cmd="ignore" pos="DT">the</wf>
<wf cmd="tag" pos="NN">novel</wf>
<wf cmd="tag" pos="NN">point</wf>
<wf cmd="ignore" pos="IN">that</wf>
<wf cmd="tag" pos="RB">just_as</wf>
<wf cmd="tag" pos="NN">man</wf>
<wf cmd="done" pos="VB" lemma="be" wnsn="1" lexsn="2:42:03::">is</wf>
<wf cmd="tag" pos="JJ">unique</wf>
<wf cmd="ignore" pos="IN">in</wf>
<wf cmd="done" pos="VB" lemma="be" wnsn="2" lexsn="2:42:06::">being</wf>
<wf cmd="ignore" pos="DT">the</wf>
<wf cmd="tag" pos="JJ">only</wf>
<wf cmd="tag" pos="NN">animal</wf>
<wf cmd="ignore" pos="WDT">which</wf>
<wf cmd="done" pos="VB" lemma="require" wnsn="1" lexsn="2:42:00::">requires</wf>
<wf cmd="ignore" pos="DT">a</wf>
<wf cmd="tag" pos="JJ">long</wf>
<wf cmd="tag" pos="NN">period</wf>
<wf cmd="ignore" pos="IN">of</wf>
<wf cmd="tag" pos="NN">infancy</wf>
<wf cmd="ignore" pos="CC">and</wf>
<wf cmd="tag" pos="NN">childhood</wf>
<wf cmd="ignore" pos="IN">under</wf>
<wf cmd="tag" pos="NN">family</wf>
<wf cmd="tag" pos="NN">protection</wf>
<punc>,</punc>
<wf cmd="tag" pos="RB">so</wf>
<wf cmd="done" pos="VB" lemma="be" wnsn="2" lexsn="2:42:06::">is</wf>
<wf cmd="ignore" pos="PRP">he</wf>
<wf cmd="ignore" pos="DT">the</wf>
<wf cmd="tag" pos="JJ">only</wf>
<wf cmd="tag" pos="NN">animal</wf>
<wf cmd="ignore" pos="WP">who</wf>
<wf cmd="done" pos="VB" lemma="have" wnsn="9" lexsn="2:40:01::">has</wf>
<wf cmd="ignore" pos="DT">a</wf>
<wf cmd="tag" pos="JJ">long</wf>
<wf cmd="tag" pos="NN">period</wf>
<wf cmd="ignore" pos="IN">after</wf>
<wf cmd="ignore" pos="DT">the</wf>
<wf cmd="tag" pos="NN">decline</wf>
<wf cmd="ignore" pos="IN">of</wf>
<wf cmd="ignore" pos="PRP$">his</wf>
<wf cmd="tag" pos="NN">procreativity</wf>
<punc>.</punc>
</s>
</p>
</context>
</contextfile>
