<contextfile concordance="brown">
<context filename="br-f04" paras="yes">
<p pnum="1">
<s snum="1">
<punc>``</punc>
<wf cmd="ignore" pos="DT">The</wf>
<wf cmd="tag" pos="NN">food</wf>
<wf cmd="done" pos="VB" lemma="be" wnsn="1" lexsn="2:42:03::">is</wf>
<wf cmd="tag" pos="JJ">wonderful</wf>
<wf cmd="ignore" pos="CC">and</wf>
<wf cmd="ignore" pos="PRP">it</wf>
<wf cmd="done" pos="VB" lemma="be" wnsn="1" lexsn="2:42:03::">is</wf>
<wf cmd="tag" pos="JJ">a_lot_of</wf>
<wf cmd="tag" pos="NN">fun</wf>
<wf cmd="ignore" pos="TO">to</wf>
<wf cmd="done" pos="VB" lemma="be" wnsn="3" lexsn="2:42:05::">be</wf>
<wf cmd="tag" pos="RB">here</wf>
<punc>''</punc>
<punc>!</punc>
</s>
</p>
<p pnum="2">
<s snum="2">
<wf cmd="tag" pos="RB">So</wf>
<wf cmd="done" pos="VB" lemma="write" wnsn="1" lexsn="2:36:00::">wrote</wf>
<wf cmd="ignore" pos="DT">a</wf>
<wf cmd="tag" pos="CD">ten</wf>
<wf cmd="tag" pos="NN">year</wf>
<wf cmd="tag" pos="JJ">old</wf>
<wf cmd="tag" pos="NN">student</wf>
<wf cmd="ignore" pos="IN">in</wf>
<wf cmd="ignore" pos="DT">a</wf>
<wf cmd="tag" pos="NN">letter</wf>
<wf cmd="ignore" pos="TO">to</wf>
<wf cmd="ignore" pos="PRP$">his</wf>
<wf cmd="tag" pos="NNS">parents</wf>
<wf cmd="ignore" pos="IN">from</wf>
<wf cmd="tag" pos="NNP">North_Country_School</wf>
<punc>,</punc>
<wf cmd="tag" pos="NNP">Lake_Placid</wf>
<punc>,</punc>
<wf cmd="tag" pos="NN">New_York</wf>
<punc>.</punc>
</s>
<s snum="3">
<wf cmd="tag" pos="RB">In_this</wf>
<wf cmd="tag" pos="CD">one</wf>
<wf cmd="tag" pos="NN">sentence</wf>
<punc>,</punc>
<wf cmd="ignore" pos="PRP">he</wf>
<wf cmd="tag" pos="RB">unwittingly</wf>
<wf cmd="done" pos="VB" lemma="reveal" wnsn="0" lexsn="2:39:01::">revealed</wf>
<wf cmd="ignore" pos="DT">the</wf>
<wf cmd="tag" pos="JJ">basic</wf>
<wf cmd="tag" pos="NN">philosophy</wf>
<wf cmd="ignore" pos="IN">of</wf>
<wf cmd="ignore" pos="DT">the</wf>
<wf cmd="tag" pos="NN">nutrition</wf>
<wf cmd="ignore" pos="CC">and</wf>
<wf cmd="tag" pos="JJ">psychological</wf>
<wf cmd="tag" pos="NNS">programs</wf>
<wf cmd="tag" pos="JJ">in_operation</wf>
<wf cmd="ignore" pos="IN">at</wf>
<wf cmd="ignore" pos="DT">the</wf>
<wf cmd="tag" pos="NN">school</wf>
<punc>.</punc>
</s>
</p>
<p pnum="3">
<s snum="4">
<wf cmd="ignore" pos="IN">Because</wf>
<wf cmd="ignore" pos="DT">the</wf>
<wf cmd="tag" pos="NN">food</wf>
<wf cmd="done" pos="VBZ" ot="notag">is</wf>
<wf cmd="done" pos="VB" lemma="select" wnsn="1" lexsn="2:31:00::">selected</wf>
<wf cmd="ignore" pos="IN">with</wf>
<wf cmd="tag" pos="NN">thought</wf>
<wf cmd="ignore" pos="IN">for</wf>
<wf cmd="ignore" pos="PRP$">its</wf>
<wf cmd="tag" pos="JJ">nutritional</wf>
<wf cmd="tag" pos="NN">value</wf>
<punc>,</punc>
<wf cmd="tag" pos="NN">care</wf>
<wf cmd="done" pos="VB" ot="notag">for</wf>
<wf cmd="ignore" pos="PRP$">its</wf>
<wf cmd="tag" pos="NN">origin</wf>
<punc>,</punc>
<wf cmd="ignore" pos="CC">and</wf>
<wf cmd="done" pos="VB" lemma="prepare" wnsn="2" lexsn="2:36:01::">prepared</wf>
<wf cmd="ignore" pos="IN">in</wf>
<wf cmd="ignore" pos="DT">a</wf>
<wf cmd="tag" pos="NN">manner</wf>
<wf cmd="ignore" pos="WDT">that</wf>
<wf cmd="done" pos="VB" lemma="retain" wnsn="0" lexsn="2:40:01::">retains</wf>
<wf cmd="tag" pos="RB">the_most</wf>
<wf cmd="tag" pos="NNS">nutrients</wf>
<punc>,</punc>
<wf cmd="ignore" pos="DT">the</wf>
<wf cmd="tag" pos="NN">food</wf>
<wf cmd="done" pos="VBZ" ot="notag">does</wf>
<wf cmd="done" pos="VB" lemma="taste" wnsn="1" lexsn="2:39:02::">taste</wf>
<wf cmd="tag" pos="RB">good</wf>
<punc>.</punc>
</s>
<s snum="5">
<wf cmd="ignore" pos="WRB">When</wf>
<wf cmd="done" pos="VB" lemma="serve" wnsn="6" lexsn="2:34:00::">served</wf>
<wf cmd="ignore" pos="IN">in</wf>
<wf cmd="ignore" pos="DT">a</wf>
<wf cmd="tag" pos="JJ">psychological</wf>
<wf cmd="tag" pos="NN">atmosphere</wf>
<wf cmd="ignore" pos="WDT">that</wf>
<wf cmd="done" pos="VB" lemma="allow" wnsn="2" lexsn="2:32:00::">allows</wf>
<wf cmd="tag" pos="JJ">young</wf>
<wf cmd="tag" pos="NNS">bodies</wf>
<wf cmd="ignore" pos="TO">to</wf>
<wf cmd="done" pos="VB" lemma="assimilate" wnsn="1" lexsn="2:31:00::">assimilate</wf>
<wf cmd="ignore" pos="DT">the</wf>
<wf cmd="tag" pos="JJS">greatest</wf>
<wf cmd="tag" pos="JJ">good</wf>
<wf cmd="ignore" pos="IN">from</wf>
<wf cmd="ignore" pos="WP">what</wf>
<wf cmd="ignore" pos="PRP">they</wf>
<wf cmd="done" pos="VB" lemma="eat" wnsn="1" lexsn="2:34:00::">eat</wf>
<wf cmd="ignore" pos="IN">because</wf>
<wf cmd="ignore" pos="PRP">they</wf>
<wf cmd="done" pos="VB" lemma="be" wnsn="1" lexsn="2:42:03::">are</wf>
<wf cmd="tag" pos="JJ">free</wf>
<wf cmd="ignore" pos="IN">from</wf>
<wf cmd="tag" pos="NN">tension</wf>
<punc>,</punc>
<wf cmd="ignore" pos="DT">a</wf>
<wf cmd="tag" pos="NN">foundation</wf>
<wf cmd="done" pos="VBZ" ot="notag">is</wf>
<wf cmd="done" pos="VB" lemma="lay" wnsn="3" lexsn="2:36:00::">laid</wf>
<wf cmd="ignore" pos="IN">for</wf>
<wf cmd="ignore" pos="DT">a</wf>
<wf cmd="tag" pos="JJ">high</wf>
<wf cmd="tag" pos="NN">level</wf>
<wf cmd="ignore" pos="IN">of</wf>
<wf cmd="tag" pos="NN">health</wf>
<wf cmd="ignore" pos="IN">that</wf>
<wf cmd="done" pos="VB" lemma="release" wnsn="2" lexsn="2:41:00::">releases</wf>
<wf cmd="ignore" pos="DT">the</wf>
<wf cmd="tag" pos="NNS">children</wf>
<wf cmd="ignore" pos="IN">from</wf>
<wf cmd="tag" pos="JJ">physical</wf>
<wf cmd="tag" pos="NNS">handicaps</wf>
<wf cmd="ignore" pos="TO">to</wf>
<wf cmd="done" pos="VB" lemma="participate" wnsn="1" lexsn="2:41:00::">participate</wf>
<wf cmd="ignore" pos="IN">with</wf>
<wf cmd="tag" pos="NN">enjoyment</wf>
<wf cmd="ignore" pos="IN">in</wf>
<wf cmd="ignore" pos="DT">the</wf>
<wf cmd="tag" pos="NN">work</wf>
<wf cmd="tag" pos="NNS">assignments</wf>
<punc>,</punc>
<wf cmd="ignore" pos="DT">the</wf>
<wf cmd="tag" pos="JJ">athletic</wf>
<wf cmd="tag" pos="NNS">programs</wf>
<wf cmd="ignore" pos="CC">and</wf>
<wf cmd="tag" pos="RB">the_most</wf>
<wf cmd="tag" pos="JJ">important</wf>
<wf cmd="tag" pos="NN">phase</wf>
<punc>,</punc>
<wf cmd="ignore" pos="DT">the</wf>
<wf cmd="tag" pos="JJ">educational</wf>
<wf cmd="tag" pos="NNS">opportunities</wf>
<punc>.</punc>
</s>
</p>
<p pnum="4">
<s snum="6">
<wf cmd="done" pos="VB" lemma="situate" wnsn="1" lexsn="2:42:00::">Situated</wf>
<wf cmd="ignore" pos="IN">in</wf>
<wf cmd="ignore" pos="DT">a</wf>
<wf cmd="tag" pos="NN">region</wf>
<wf cmd="ignore" pos="IN">of</wf>
<wf cmd="ignore" pos="DT">some</wf>
<wf cmd="ignore" pos="IN">of</wf>
<wf cmd="ignore" pos="DT">the</wf>
<wf cmd="tag" pos="JJS">loveliest</wf>
<wf cmd="tag" pos="NN">mountain</wf>
<wf cmd="tag" pos="NN">scenery</wf>
<wf cmd="ignore" pos="IN">in</wf>
<wf cmd="ignore" pos="DT">the</wf>
<wf cmd="tag" pos="NN">country</wf>
<punc>,</punc>
<wf cmd="ignore" pos="DT">the</wf>
<wf cmd="tag" pos="NN">school</wf>
<wf cmd="tag" pos="NNS">buildings</wf>
<wf cmd="done" pos="VB" lemma="be" wnsn="1" lexsn="2:42:03::">are</wf>
<wf cmd="tag" pos="JJ">located</wf>
<wf cmd="ignore" pos="IN">amid</wf>
<wf cmd="tag" pos="JJ">open</wf>
<wf cmd="tag" pos="NNS">fields</wf>
<wf cmd="ignore" pos="CC">and</wf>
<wf cmd="tag" pos="NN">farm</wf>
<wf cmd="tag" pos="NNS">lands</wf>
<punc>.</punc>
</s>
<s snum="7">
<wf cmd="ignore" pos="DT">These</wf>
<wf cmd="tag" pos="JJ">contemporary</wf>
<wf cmd="tag" pos="NNS">structures</wf>
<punc>,</punc>
<wf cmd="tag" pos="RB">beautifully</wf>
<wf cmd="done" pos="VB" lemma="adapt" wnsn="1" lexsn="2:30:01::">adapted</wf>
<wf cmd="ignore" pos="TO">to</wf>
<wf cmd="ignore" pos="DT">a</wf>
<wf cmd="tag" pos="NN">school</wf>
<wf cmd="ignore" pos="IN">in</wf>
<wf cmd="ignore" pos="DT">the</wf>
<wf cmd="tag" pos="NN">country</wf>
<punc>,</punc>
<wf cmd="done" pos="VB" lemma="be" wnsn="2" lexsn="2:42:06::">are</wf>
<wf cmd="tag" pos="NN">home</wf>
<wf cmd="ignore" pos="TO">to</wf>
<wf cmd="tag" pos="CD">60</wf>
<wf cmd="tag" pos="NNS">children</wf>
<punc>,</punc>
<wf cmd="tag" pos="NNS">ages</wf>
<wf cmd="tag" pos="CD">eight</wf>
<wf cmd="ignore" pos="TO">to</wf>
<wf cmd="tag" pos="CD">fourteen</wf>
<punc>,</punc>
<wf cmd="tag" pos="NNS">grades</wf>
<wf cmd="tag" pos="CD">four</wf>
<wf cmd="ignore" pos="IN">through</wf>
<wf cmd="tag" pos="CD">eight</wf>
<punc>.</punc>
</s>
<s snum="8">
<wf cmd="ignore" pos="IN">From</wf>
<wf cmd="tag" pos="CD">fourteen</wf>
<wf cmd="tag" pos="NNS">states</wf>
<wf cmd="ignore" pos="CC">and</wf>
<wf cmd="tag" pos="CD">three</wf>
<wf cmd="tag" pos="JJ">foreign</wf>
<wf cmd="tag" pos="NNS">countries</wf>
<wf cmd="ignore" pos="PRP">they</wf>
<wf cmd="done" pos="VB" lemma="come" wnsn="2" lexsn="2:38:04::">come</wf>
<wf cmd="done" pos="VB" ot="notag">to</wf>
<wf cmd="done" pos="VB" lemma="spend" wnsn="1" lexsn="2:42:00::">spend</wf>
<wf cmd="ignore" pos="DT">the</wf>
<wf cmd="tag" pos="NNS">months</wf>
<wf cmd="ignore" pos="IN">from</wf>
<wf cmd="tag" pos="NNP">mid-September</wf>
<wf cmd="ignore" pos="TO">to</wf>
<wf cmd="tag" pos="NNP">June</wf>
<punc>.</punc>
</s>
</p>
<p pnum="5">
<s snum="9">
<wf cmd="ignore" pos="DT">The</wf>
<wf cmd="tag" pos="NNP">Director</wf>
<punc>,</punc>
<wf cmd="tag" pos="NNP">Walter_E._Clark</wf>
<punc>,</punc>
<wf cmd="done" pos="VB" lemma="believe" wnsn="1" lexsn="2:31:00::">believes</wf>
<wf cmd="ignore" pos="IN">that</wf>
<wf cmd="ignore" pos="DT">a</wf>
<wf cmd="tag" pos="NN">school</wf>
<wf cmd="ignore" pos="IN">with</wf>
<wf cmd="tag" pos="NNS">children</wf>
<wf cmd="done" pos="VB" lemma="live" wnsn="1" lexsn="2:42:08::">living</wf>
<wf cmd="tag" pos="NN">full_time</wf>
<wf cmd="ignore" pos="IN">in</wf>
<wf cmd="ignore" pos="PRP$">its</wf>
<wf cmd="tag" pos="NN">care</wf>
<wf cmd="ignore" pos="MD">must</wf>
<wf cmd="done" pos="VB" lemma="take" wnsn="5" lexsn="2:30:01::">take</wf>
<wf cmd="tag" pos="JJ">full</wf>
<wf cmd="tag" pos="NN">responsibility</wf>
<wf cmd="ignore" pos="IN">for</wf>
<wf cmd="ignore" pos="PRP$">their</wf>
<wf cmd="tag" pos="NN">welfare</wf>
<punc>.</punc>
</s>
<s snum="10">
<wf cmd="ignore" pos="TO">To</wf>
<wf cmd="ignore" pos="PRP">him</wf>
<wf cmd="ignore" pos="DT">this</wf>
<wf cmd="done" pos="VB" lemma="mean" wnsn="2" lexsn="2:42:00::">means</wf>
<wf cmd="done" pos="VB" lemma="care" wnsn="4;1" lexsn="2:41:11::;2:37:02::">caring</wf>
<wf cmd="done" pos="VB" ot="notag">for</wf>
<wf cmd="ignore" pos="DT">the</wf>
<wf cmd="tag" pos="JJ">whole</wf>
<wf cmd="tag" pos="NN">child</wf>
<punc>,</punc>
<wf cmd="done" pos="VB" lemma="provide" wnsn="1" lexsn="2:40:00::">providing</wf>
<wf cmd="tag" pos="JJ">basic</wf>
<wf cmd="tag" pos="NN">nutrition</wf>
<punc>,</punc>
<wf cmd="ignore" pos="CC">and</wf>
<wf cmd="ignore" pos="DT">a</wf>
<wf cmd="tag" pos="JJ">spiritual</wf>
<wf cmd="tag" pos="NN">attitude</wf>
<wf cmd="ignore" pos="WDT">that</wf>
<wf cmd="done" pos="VB" lemma="lend" wnsn="1" lexsn="2:40:01::">lends</wf>
<wf cmd="tag" pos="NN">freedom</wf>
<wf cmd="ignore" pos="IN">for</wf>
<wf cmd="ignore" pos="DT">the</wf>
<wf cmd="tag" pos="NN">development</wf>
<wf cmd="ignore" pos="IN">of</wf>
<wf cmd="ignore" pos="DT">the</wf>
<wf cmd="tag" pos="NN">mind</wf>
<punc>.</punc>
</s>
</p>
<p pnum="6">
<s snum="11">
<wf cmd="ignore" pos="DT">The</wf>
<wf cmd="tag" pos="NN">concept</wf>
<wf cmd="ignore" pos="IN">of</wf>
<wf cmd="tag" pos="JJ">good</wf>
<wf cmd="tag" pos="NN">nutrition</wf>
<wf cmd="tag" pos="RB">really</wf>
<wf cmd="done" pos="VB" lemma="begin" wnsn="2" lexsn="2:42:00::">began</wf>
<wf cmd="ignore" pos="IN">with</wf>
<wf cmd="ignore" pos="DT">the</wf>
<wf cmd="tag" pos="NN">garden</wf>
<punc>.</punc>
</s>
<s snum="12">
<wf cmd="ignore" pos="DT">The</wf>
<wf cmd="tag" pos="NN">school</wf>
<wf cmd="done" pos="VBZ" ot="notag">has</wf>
<wf cmd="tag" pos="RB">always</wf>
<wf cmd="done" pos="VB" lemma="maintain" wnsn="2" lexsn="2:40:00::">maintained</wf>
<wf cmd="ignore" pos="DT">a</wf>
<wf cmd="tag" pos="NN">farm</wf>
<wf cmd="ignore" pos="TO">to</wf>
<wf cmd="done" pos="VB" lemma="supply" wnsn="1" lexsn="2:40:00::">supply</wf>
<wf cmd="ignore" pos="DT">the</wf>
<wf cmd="tag" pos="NN">needs</wf>
<wf cmd="ignore" pos="IN">of</wf>
<wf cmd="ignore" pos="DT">the</wf>
<wf cmd="tag" pos="NN">school</wf>
<punc>.</punc>
</s>
<s snum="13">
<wf cmd="ignore" pos="IN">In</wf>
<wf cmd="ignore" pos="DT">a</wf>
<wf cmd="tag" pos="NN">climate</wf>
<wf cmd="tag" pos="JJ">hostile</wf>
<wf cmd="ignore" pos="TO">to</wf>
<wf cmd="tag" pos="NN">agriculture</wf>
<punc>,</punc>
<wf cmd="tag" pos="NNP">Mr._Clark</wf>
<wf cmd="done" pos="VBZ" ot="notag">has</wf>
<wf cmd="done" pos="VB" lemma="have" wnsn="0" lexsn="2:42:05::">had</wf>
<wf cmd="done" pos="VB" ot="notag">to</wf>
<wf cmd="done" pos="VB" lemma="keep" wnsn="1" lexsn="2:42:00::">keep</wf>
<wf cmd="tag" pos="JJ">alert</wf>
<wf cmd="ignore" pos="TO">to</wf>
<wf cmd="tag" pos="RB">the_most</wf>
<wf cmd="tag" pos="JJ">productive</wf>
<wf cmd="tag" pos="NN">farm</wf>
<wf cmd="tag" pos="NNS">techniques</wf>
<punc>.</punc>
</s>
</p>
<p pnum="7">
<s snum="14">
<wf cmd="ignore" pos="WRB">Where</wf>
<wf cmd="ignore" pos="DT">a</wf>
<wf cmd="tag" pos="NN">growing_season</wf>
<wf cmd="ignore" pos="MD">may</wf>
<punc>,</punc>
<wf cmd="ignore" pos="IN">with</wf>
<wf cmd="tag" pos="NN">luck</wf>
<punc>,</punc>
<wf cmd="done" pos="VB" lemma="allow" wnsn="3" lexsn="2:40:00::">allow</wf>
<wf cmd="tag" pos="CD">60</wf>
<wf cmd="tag" pos="NNS">days</wf>
<wf cmd="ignore" pos="IN">without</wf>
<wf cmd="tag" pos="NN">frost</wf>
<punc>,</punc>
<wf cmd="ignore" pos="CC">and</wf>
<wf cmd="ignore" pos="WRB">where</wf>
<wf cmd="ignore" pos="DT">the</wf>
<wf cmd="tag" pos="NN">soil</wf>
<wf cmd="done" pos="VB" lemma="be" wnsn="1" lexsn="2:42:03::">is</wf>
<wf cmd="tag" pos="JJ">poor</wf>
<punc>,</punc>
<wf cmd="tag" pos="JJ">sandy</wf>
<punc>,</punc>
<wf cmd="tag" pos="JJ">quick-drying</wf>
<wf cmd="ignore" pos="CC">and</wf>
<wf cmd="tag" pos="JJ">subject_to</wf>
<wf cmd="tag" pos="NN">erosion</wf>
<punc>,</punc>
<wf cmd="tag" pos="JJ">many</wf>
<wf cmd="tag" pos="NNS">farmers</wf>
<wf cmd="done" pos="VB" lemma="fail" wnsn="2" lexsn="2:41:00::">fail</wf>
<punc>.</punc>
</s>
<s snum="15">
<wf cmd="ignore" pos="IN">Throughout</wf>
<wf cmd="ignore" pos="DT">the</wf>
<wf cmd="tag" pos="NNP">Adirondack</wf>
<wf cmd="tag" pos="NN">region</wf>
<wf cmd="tag" pos="JJ">abandoned</wf>
<wf cmd="tag" pos="NN">farm</wf>
<wf cmd="tag" pos="NNS">homes</wf>
<wf cmd="ignore" pos="CC">and</wf>
<wf cmd="tag" pos="JJ">wild</wf>
<wf cmd="tag" pos="NNS">orchards</wf>
<wf cmd="done" rdf="bear_witness" pos="VB" lemma="bear_witness" wnsn="2" lexsn="2:32:00::">bear</wf>
<wf cmd="tag" pos="JJ">ghostly</wf>
<wf cmd="tag" pos="NN">testimony</wf>
<wf cmd="ignore" pos="IN">that</wf>
<wf cmd="ignore" pos="PRP$">their</wf>
<wf cmd="tag" pos="NNS">owners</wf>
<wf cmd="done" pos="VB" lemma="meet" wnsn="12" lexsn="2:39:00::">met</wf>
<wf cmd="tag" pos="NN">defeat</wf>
<punc>.</punc>
</s>
</p>
<p pnum="8">
<s snum="16">
<wf cmd="tag" pos="NNP">Mr._Clark</wf>
<wf cmd="done" pos="VB" lemma="find" wnsn="8" lexsn="2:36:00::">found</wf>
<wf cmd="ignore" pos="IN">that</wf>
<wf cmd="tag" pos="JJ">orthodox</wf>
<wf cmd="tag" pos="NNS">procedures</wf>
<wf cmd="ignore" pos="IN">of</wf>
<wf cmd="tag" pos="JJ">deep</wf>
<wf cmd="tag" pos="NN">plowing</wf>
<punc>,</punc>
<wf cmd="tag" pos="NN">use</wf>
<wf cmd="ignore" pos="IN">of</wf>
<wf cmd="tag" pos="NN">chemical</wf>
<wf cmd="tag" pos="NNS">fertilizers</wf>
<wf cmd="ignore" pos="CC">and</wf>
<wf cmd="tag" pos="NNS">insecticides</wf>
<punc>,</punc>
<wf cmd="ignore" pos="CC">plus</wf>
<wf cmd="ignore" pos="DT">the</wf>
<wf cmd="tag" pos="NN">application</wf>
<wf cmd="ignore" pos="IN">of</wf>
<wf cmd="tag" pos="NN">conservation</wf>
<wf cmd="tag" pos="NNS">principles</wf>
<wf cmd="ignore" pos="IN">of</wf>
<wf cmd="tag" pos="NN">rotation</wf>
<wf cmd="ignore" pos="CC">and</wf>
<wf cmd="tag" pos="NN">contouring</wf>
<punc>,</punc>
<wf cmd="done" pos="VBD" ot="notag">did</wf>
<wf cmd="tag" pos="RB">not</wf>
<wf cmd="done" pos="VB" lemma="prevent" wnsn="1" lexsn="2:41:01::">prevent</wf>
<wf cmd="tag" pos="NN">sheet</wf>
<wf cmd="tag" pos="NN">erosion</wf>
<wf cmd="ignore" pos="IN">in</wf>
<wf cmd="ignore" pos="DT">the</wf>
<wf cmd="tag" pos="NN">potato</wf>
<wf cmd="tag" pos="NNS">fields</wf>
<wf cmd="ignore" pos="CC">and</wf>
<wf cmd="tag" pos="NN">depreciation</wf>
<wf cmd="ignore" pos="IN">of</wf>
<wf cmd="ignore" pos="DT">the</wf>
<wf cmd="tag" pos="NN">soil</wf>
<punc>.</punc>
</s>
</p>
<p pnum="9">
<s snum="17">
<punc>``</punc>
<wf cmd="ignore" pos="TO">To</wf>
<wf cmd="done" pos="VB" lemma="give_up" wnsn="2" lexsn="2:40:00::">give_up</wf>
<wf cmd="ignore" pos="DT">these</wf>
<wf cmd="tag" pos="NNS">notions</wf>
<wf cmd="done" pos="VB" lemma="require" wnsn="1" lexsn="2:42:00::">required</wf>
<wf cmd="ignore" pos="DT">a</wf>
<wf cmd="tag" pos="NN">revolution</wf>
<wf cmd="ignore" pos="IN">in</wf>
<wf cmd="tag" pos="NN">thought</wf>
<punc>''</punc>
<punc>,</punc>
<wf cmd="tag" pos="NNP">Mr._Clark</wf>
<wf cmd="done" pos="VB" lemma="say" wnsn="1" lexsn="2:32:00::">said</wf>
<wf cmd="ignore" pos="IN">in</wf>
<wf cmd="done" pos="VB" lemma="reminisce" wnsn="1" lexsn="2:31:00::">reminiscing</wf>
<wf cmd="ignore" pos="IN">about</wf>
<wf cmd="ignore" pos="DT">the</wf>
<wf cmd="tag" pos="NN">abrupt_changes</wf>
<wf cmd="ignore" pos="IN">in</wf>
<wf cmd="tag" pos="NNS">ideas</wf>
<wf cmd="ignore" pos="PRP">he</wf>
<wf cmd="done" pos="VB" lemma="experience" wnsn="4" lexsn="2:37:00::">experienced</wf>
<wf cmd="ignore" pos="WRB">when</wf>
<wf cmd="ignore" pos="PRP">he</wf>
<wf cmd="done" pos="VB" lemma="begin" wnsn="1" lexsn="2:30:00::">began</wf>
<wf cmd="done" pos="VB" lemma="read" wnsn="1" lexsn="2:31:00::">reading</wf>
<punc>``</punc>
<wf cmd="tag" pos="NNP">Organic_Gardening</wf>
<punc>''</punc>
<wf cmd="ignore" pos="CC">and</wf>
<punc>``</punc>
<wf cmd="tag" pos="NNP">Modern_Nutrition</wf>
<punc>''</punc>
<wf cmd="ignore" pos="IN">in</wf>
<wf cmd="ignore" pos="DT">a</wf>
<wf cmd="tag" pos="NN">search</wf>
<wf cmd="ignore" pos="IN">for</wf>
<wf cmd="tag" pos="NN">help</wf>
<wf cmd="ignore" pos="IN">with</wf>
<wf cmd="ignore" pos="PRP$">his</wf>
<wf cmd="tag" pos="NNS">problems</wf>
<punc>.</punc>
</s>
</p>
<p pnum="10">
<s snum="18">
<punc>``</punc>
<wf cmd="tag" pos="NNP">Louis_Bromfield</wf>
<wf cmd="ignore" pos="POS">'s</wf>
<wf cmd="tag" pos="NNS">writings</wf>
<wf cmd="done" pos="VB" lemma="excite" wnsn="1" lexsn="2:37:02::">excited</wf>
<wf cmd="ignore" pos="PRP">me</wf>
<wf cmd="ignore" pos="IN">as</wf>
<wf cmd="ignore" pos="DT">a</wf>
<wf cmd="tag" pos="NN">conservationist</wf>
<punc>''</punc>
<punc>.</punc>
</s>
<s snum="19">
<wf cmd="ignore" pos="IN">By</wf>
<wf cmd="tag" pos="CD">1952</wf>
<wf cmd="ignore" pos="PRP">he</wf>
<wf cmd="done" pos="VB" lemma="be" wnsn="1" lexsn="2:42:03::">was</wf>
<wf cmd="tag" pos="JJ">convinced</wf>
<wf cmd="ignore" pos="PRP">he</wf>
<wf cmd="ignore" pos="MD">would</wf>
<wf cmd="tag" pos="RB">no_longer</wf>
<wf cmd="done" pos="VB" lemma="spray" wnsn="1" lexsn="2:35:01::">spray</wf>
<punc>.</punc>
</s>
<s snum="20">
<wf cmd="ignore" pos="PRP">He</wf>
<wf cmd="done" pos="VB" lemma="lock" wnsn="7" lexsn="2:35:02::">locked</wf>
<wf cmd="ignore" pos="PRP$">his</wf>
<wf cmd="tag" pos="NN">equipment</wf>
<wf cmd="ignore" pos="IN">in</wf>
<wf cmd="ignore" pos="DT">a</wf>
<wf cmd="tag" pos="NN">cabinet</wf>
<wf cmd="ignore" pos="WRB">where</wf>
<wf cmd="ignore" pos="PRP">it</wf>
<wf cmd="tag" pos="RB">still</wf>
<wf cmd="done" pos="VB" lemma="remain" wnsn="2" lexsn="2:42:03::">remains</wf>
<punc>.</punc>
</s>
<s snum="21">
<wf cmd="ignore" pos="IN">After</wf>
<wf cmd="done" pos="VB" lemma="read" wnsn="1" lexsn="2:31:00::">reading</wf>
<punc>``</punc>
<wf cmd="tag" pos="NN">Plowman</wf>
<wf cmd="ignore" pos="POS">'s</wf>
<wf cmd="tag" pos="NNP">Folly</wf>
<punc>''</punc>
<wf cmd="ignore" pos="IN">by</wf>
<wf cmd="tag" pos="NNP">Edward_H._Faulkner</wf>
<punc>,</punc>
<wf cmd="ignore" pos="PRP">he</wf>
<wf cmd="done" pos="VB" lemma="stop" wnsn="2" lexsn="2:42:00::">stopped</wf>
<wf cmd="done" pos="VB" lemma="plow" wnsn="1" lexsn="2:36:00::">plowing</wf>
<punc>.</punc>
</s>
</p>
<p pnum="11">
<s snum="22">
<wf cmd="ignore" pos="DT">The</wf>
<wf cmd="tag" pos="NN">basis</wf>
<wf cmd="ignore" pos="IN">for</wf>
<wf cmd="tag" pos="NN">compost</wf>
<wf cmd="tag" pos="NNS">materials</wf>
<wf cmd="tag" pos="RB">already</wf>
<wf cmd="done" pos="VB" lemma="exist" wnsn="1" lexsn="2:42:00::">existed</wf>
<wf cmd="ignore" pos="IN">on</wf>
<wf cmd="ignore" pos="DT">the</wf>
<wf cmd="tag" pos="NN">school</wf>
<wf cmd="tag" pos="NN">farm</wf>
<wf cmd="ignore" pos="IN">with</wf>
<wf cmd="ignore" pos="DT">a</wf>
<wf cmd="tag" pos="NN">stable</wf>
<wf cmd="ignore" pos="IN">of</wf>
<wf cmd="tag" pos="NNS">animals</wf>
<wf cmd="ignore" pos="IN">for</wf>
<wf cmd="ignore" pos="DT">the</wf>
<wf cmd="tag" pos="NN">riding</wf>
<wf cmd="tag" pos="NN">program</wf>
<punc>,</punc>
<wf cmd="tag" pos="NN">poultry</wf>
<wf cmd="ignore" pos="IN">for</wf>
<wf cmd="tag" pos="NNS">eggs</wf>
<punc>,</punc>
<wf cmd="tag" pos="NNS">pigs</wf>
<wf cmd="ignore" pos="TO">to</wf>
<wf cmd="done" pos="VB" lemma="eat" wnsn="1" lexsn="2:34:00::">eat</wf>
<wf cmd="tag" pos="NN">garbage</wf>
<punc>,</punc>
<wf cmd="ignore" pos="DT">a</wf>
<wf cmd="tag" pos="NN">beef</wf>
<wf cmd="tag" pos="NN">herd</wf>
<wf cmd="ignore" pos="CC">and</wf>
<wf cmd="tag" pos="NNS">wastes</wf>
<wf cmd="ignore" pos="IN">of</wf>
<wf cmd="ignore" pos="DT">all</wf>
<wf cmd="tag" pos="NNS">kinds</wf>
<punc>.</punc>
</s>
<s snum="23">
<wf cmd="tag" pos="JJ">Separate</wf>
<wf cmd="tag" pos="NNS">pails</wf>
<wf cmd="done" pos="VBD" ot="notag">were</wf>
<wf cmd="done" pos="VB" lemma="keep" wnsn="1" lexsn="2:42:00::">kept</wf>
<wf cmd="done" pos="VB" ot="notag">in</wf>
<wf cmd="ignore" pos="DT">the</wf>
<wf cmd="tag" pos="NN">kitchen</wf>
<wf cmd="ignore" pos="IN">for</wf>
<wf cmd="tag" pos="NN">coffee_grounds</wf>
<wf cmd="ignore" pos="CC">and</wf>
<wf cmd="tag" pos="NN">egg</wf>
<wf cmd="tag" pos="NNS">shells</wf>
<punc>.</punc>
</s>
</p>
<p pnum="12">
<s snum="24">
<wf cmd="ignore" pos="PDT">All</wf>
<wf cmd="ignore" pos="DT">these</wf>
<wf cmd="tag" pos="NNS">materials</wf>
<wf cmd="ignore" pos="CC">and</wf>
<wf cmd="tag" pos="JJ">supplementary</wf>
<wf cmd="tag" pos="NN">manure</wf>
<wf cmd="ignore" pos="CC">and</wf>
<wf cmd="tag" pos="JJ">other</wf>
<wf cmd="tag" pos="NNS">fertilizers</wf>
<wf cmd="ignore" pos="IN">from</wf>
<wf cmd="tag" pos="JJ">neighboring</wf>
<wf cmd="tag" pos="NN">dairy</wf>
<wf cmd="ignore" pos="CC">and</wf>
<wf cmd="tag" pos="NN">poultry</wf>
<wf cmd="tag" pos="NNS">farms</wf>
<wf cmd="done" pos="VB" lemma="make" wnsn="12" lexsn="2:42:05::">made</wf>
<wf cmd="done" pos="VB" ot="notag">over</wf>
<wf cmd="tag" pos="CD">40</wf>
<wf cmd="tag" pos="NNS">tons</wf>
<wf cmd="ignore" pos="IN">of</wf>
<wf cmd="tag" pos="JJ">finished</wf>
<wf cmd="tag" pos="NN">compost</wf>
<wf cmd="ignore" pos="DT">a</wf>
<wf cmd="tag" pos="NN">year</wf>
<punc>.</punc>
</s>
<s snum="25">
<wf cmd="ignore" pos="PRP">It</wf>
<wf cmd="done" pos="VBD" ot="notag">was</wf>
<wf cmd="done" pos="VB" lemma="apply" wnsn="4" lexsn="2:35:00::">applied</wf>
<wf cmd="ignore" pos="IN">with</wf>
<wf cmd="ignore" pos="DT">a</wf>
<wf cmd="tag" pos="NN">compost</wf>
<wf cmd="tag" pos="NN">shredder</wf>
<wf cmd="done" pos="VB" lemma="make" wnsn="11" lexsn="2:36:05::">made</wf>
<wf cmd="ignore" pos="IN">from</wf>
<wf cmd="ignore" pos="DT">a</wf>
<wf cmd="tag" pos="JJ">converted</wf>
<wf cmd="tag" pos="NN">manure</wf>
<wf cmd="tag" pos="NN">spreader</wf>
<punc>.</punc>
</s>
</p>
<p pnum="13">
<s snum="26">
<wf cmd="tag" pos="NNS">Years</wf>
<wf cmd="ignore" pos="IN">of</wf>
<wf cmd="tag" pos="NN">patient</wf>
<wf cmd="tag" pos="NN">application</wf>
<wf cmd="ignore" pos="IN">of</wf>
<wf cmd="tag" pos="NN">compost</wf>
<wf cmd="ignore" pos="CC">and</wf>
<wf cmd="tag" pos="NN">leaf</wf>
<wf cmd="tag" pos="NN">mulching</wf>
<wf cmd="done" pos="VBZ" ot="notag">has</wf>
<wf cmd="done" pos="VB" lemma="change" wnsn="1" lexsn="2:30:01::">changed</wf>
<wf cmd="ignore" pos="DT">the</wf>
<wf cmd="tag" pos="NN">structure</wf>
<wf cmd="ignore" pos="IN">of</wf>
<wf cmd="ignore" pos="DT">the</wf>
<wf cmd="tag" pos="NN">soil</wf>
<wf cmd="ignore" pos="CC">and</wf>
<wf cmd="ignore" pos="PRP$">its</wf>
<wf cmd="tag" pos="JJ">water-holding</wf>
<wf cmd="tag" pos="NN">capacity</wf>
<punc>.</punc>
</s>
<s snum="27">
<wf cmd="tag" pos="RB">Soon</wf>
<wf cmd="ignore" pos="IN">after</wf>
<wf cmd="ignore" pos="DT">the</wf>
<wf cmd="tag" pos="NN">method</wf>
<wf cmd="done" pos="VB" lemma="change" wnsn="2" lexsn="2:30:00::">changed</wf>
<punc>,</punc>
<wf cmd="tag" pos="NNS">visitors</wf>
<wf cmd="done" pos="VB" lemma="begin" wnsn="1" lexsn="2:30:00::">began</wf>
<wf cmd="done" pos="VB" lemma="ask" wnsn="1" lexsn="2:32:00::">asking</wf>
<wf cmd="ignore" pos="WRB">how</wf>
<wf cmd="ignore" pos="PRP">he</wf>
<wf cmd="done" pos="VB" lemma="manage" wnsn="1" lexsn="2:41:09::">managed</wf>
<wf cmd="ignore" pos="TO">to</wf>
<wf cmd="done" pos="VB" lemma="irrigate" wnsn="1" lexsn="2:30:00::">irrigate</wf>
<wf cmd="ignore" pos="PRP$">his</wf>
<wf cmd="tag" pos="NN">soil</wf>
<wf cmd="ignore" pos="TO">to</wf>
<wf cmd="done" pos="VB" lemma="keep" wnsn="1" lexsn="2:42:00::">keep</wf>
<wf cmd="ignore" pos="PRP">it</wf>
<wf cmd="done" pos="VB" lemma="look" wnsn="2" lexsn="2:39:01::">looking</wf>
<wf cmd="tag" pos="JJ">moist</wf>
<punc>,</punc>
<wf cmd="ignore" pos="WRB">when</wf>
<wf cmd="tag" pos="RB">in_reality</wf>
<punc>,</punc>
<wf cmd="ignore" pos="PRP">it</wf>
<wf cmd="done" pos="VB" lemma="be" wnsn="1" lexsn="2:42:03::">was</wf>
<wf cmd="ignore" pos="DT">the</wf>
<wf cmd="tag" pos="NN">soil</wf>
<wf cmd="tag" pos="NN">treatment</wf>
<wf cmd="tag" pos="RB">alone</wf>
<wf cmd="ignore" pos="WDT">that</wf>
<wf cmd="done" pos="VB" lemma="accomplish" wnsn="1" lexsn="2:36:00::">accomplished</wf>
<wf cmd="ignore" pos="DT">this</wf>
<punc>.</punc>
</s>
</p>
<p pnum="14">
<s snum="28">
<wf cmd="ignore" pos="TO">To</wf>
<wf cmd="done" pos="VB" lemma="demonstrate" wnsn="1" lexsn="2:39:01::">demonstrate</wf>
<wf cmd="ignore" pos="DT">the</wf>
<wf cmd="tag" pos="NN">soil</wf>
<wf cmd="ignore" pos="IN">of</wf>
<wf cmd="ignore" pos="PRP$">his</wf>
<wf cmd="tag" pos="NN">vegetable_gardens</wf>
<wf cmd="tag" pos="RB">as_it</wf>
<wf cmd="done" pos="VB" lemma="be" wnsn="1" lexsn="2:42:03::">is</wf>
<wf cmd="tag" pos="NN">today</wf>
<punc>,</punc>
<wf cmd="tag" pos="NNP">Mr._Clark</wf>
<wf cmd="done" pos="VB" lemma="stoop" wnsn="1" lexsn="2:38:00::">stooped</wf>
<wf cmd="done" pos="VB" ot="notag">to</wf>
<wf cmd="done" pos="VB" lemma="scoop_up" wnsn="1" lexsn="2:35:00::">scoop_up</wf>
<wf cmd="ignore" pos="DT">a</wf>
<wf cmd="tag" pos="NN">handful</wf>
<wf cmd="ignore" pos="IN">of</wf>
<wf cmd="tag" pos="JJ">rich</wf>
<wf cmd="tag" pos="JJ">dark</wf>
<wf cmd="tag" pos="NN">earth</wf>
<punc>.</punc>
</s>
<s snum="29">
<wf cmd="done" pos="VB" lemma="sniff" wnsn="1" lexsn="2:39:00::">Sniffing</wf>
<wf cmd="ignore" pos="PRP$">its</wf>
<wf cmd="tag" pos="JJ">sweet</wf>
<wf cmd="tag" pos="NN">smell</wf>
<wf cmd="ignore" pos="CC">and</wf>
<wf cmd="done" pos="VB" lemma="let" wnsn="1" lexsn="2:41:00::">letting</wf>
<wf cmd="ignore" pos="PRP">it</wf>
<wf cmd="done" pos="VB" lemma="fall" wnsn="1" lexsn="2:38:03::">fall</wf>
<wf cmd="done" pos="VB" ot="notag">to</wf>
<wf cmd="done" pos="VB" lemma="show" wnsn="1" lexsn="2:39:02::">show</wf>
<wf cmd="ignore" pos="PRP$">its</wf>
<wf cmd="tag" pos="JJ">good</wf>
<wf cmd="tag" pos="JJ">crumbly</wf>
<wf cmd="tag" pos="NN">consistency</wf>
<punc>,</punc>
<wf cmd="ignore" pos="PRP">he</wf>
<wf cmd="done" pos="VB" lemma="point" wnsn="2" lexsn="2:42:00::">pointed</wf>
<wf cmd="done" pos="VB" ot="notag">to</wf>
<wf cmd="ignore" pos="DT">the</wf>
<wf cmd="tag" pos="JJ">nearby</wf>
<wf cmd="tag" pos="NN">driveway</wf>
<wf cmd="ignore" pos="CC">and</wf>
<wf cmd="done" pos="VB" lemma="say" wnsn="1" lexsn="2:32:00::">said</wf>
<punc>,</punc>
<punc>``</punc>
<wf cmd="ignore" pos="DT">This</wf>
<wf cmd="tag" pos="NN">soil</wf>
<wf cmd="tag" pos="JJ">used_to</wf>
<wf cmd="done" pos="VB" lemma="be" wnsn="1" lexsn="2:42:03::">be</wf>
<wf cmd="ignore" pos="IN">like</wf>
<wf cmd="ignore" pos="IN">that</wf>
<wf cmd="tag" pos="JJ">hard</wf>
<wf cmd="tag" pos="JJ">packed</wf>
<wf cmd="tag" pos="NN">road</wf>
<wf cmd="ignore" pos="IN">over</wf>
<wf cmd="ignore" pos="EX">there</wf>
<punc>''</punc>
<punc>.</punc>
</s>
</p>
<p pnum="15">
<s snum="30">
<punc>``</punc>
<wf cmd="tag" pos="NNS">People</wf>
<wf cmd="ignore" pos="CC">and</wf>
<wf cmd="tag" pos="NNS">soils</wf>
<wf cmd="done" pos="VB" lemma="respond" wnsn="1" lexsn="2:31:00::">respond</wf>
<wf cmd="tag" pos="RB">slowly</wf>
<punc>''</punc>
<punc>,</punc>
<wf cmd="done" pos="VB" lemma="say" wnsn="1" lexsn="2:32:00::">says</wf>
<wf cmd="tag" pos="NNP">Walter_Clark</wf>
<punc>,</punc>
<punc>``</punc>
<wf cmd="ignore" pos="CC">but</wf>
<wf cmd="ignore" pos="DT">the</wf>
<wf cmd="tag" pos="NN">time</wf>
<wf cmd="done" pos="VBZ" ot="notag">has</wf>
<wf cmd="tag" pos="RB">now</wf>
<wf cmd="done" pos="VB" lemma="come" wnsn="2" lexsn="2:38:04::">come</wf>
<wf cmd="ignore" pos="WRB">when</wf>
<wf cmd="ignore" pos="DT">the</wf>
<wf cmd="tag" pos="NNS">gardens</wf>
<wf cmd="done" pos="VB" lemma="produce" wnsn="5" lexsn="2:36:05::">produce</wf>
<wf cmd="tag" pos="JJ">delicious</wf>
<wf cmd="tag" pos="JJ">long-keeping</wf>
<wf cmd="tag" pos="NNS">vegetables</wf>
<wf cmd="tag" pos="JJ">due_to</wf>
<wf cmd="ignore" pos="DT">this</wf>
<wf cmd="tag" pos="NN">enrichment</wf>
<wf cmd="tag" pos="NN">program</wf>
<punc>.</punc>
</s>
<s snum="31">
<wf cmd="ignore" pos="DT">No</wf>
<wf cmd="tag" pos="NN">chemical</wf>
<wf cmd="tag" pos="NNS">fertilizers</wf>
<wf cmd="ignore" pos="CC">and</wf>
<wf cmd="tag" pos="JJ">poisonous</wf>
<wf cmd="tag" pos="NNS">insecticides</wf>
<wf cmd="ignore" pos="CC">and</wf>
<wf cmd="tag" pos="NNS">fungicides</wf>
<wf cmd="done" pos="VBP" ot="notag">are</wf>
<wf cmd="done" pos="VB" lemma="use" wnsn="1" lexsn="2:34:01::">used</wf>
<punc>''</punc>
<punc>.</punc>
</s>
</p>
<p pnum="16">
<s snum="32">
<wf cmd="ignore" pos="DT">The</wf>
<wf cmd="tag" pos="NN">garden</wf>
<wf cmd="done" pos="VB" lemma="supply" wnsn="1" lexsn="2:40:00::">supplies</wf>
<wf cmd="tag" pos="RB">enough</wf>
<wf cmd="tag" pos="NNS">carrots</wf>
<punc>,</punc>
<wf cmd="tag" pos="NNS">turnips</wf>
<punc>,</punc>
<wf cmd="tag" pos="NNS">rutabagas</wf>
<punc>,</punc>
<wf cmd="tag" pos="NNS">potatoes</wf>
<punc>,</punc>
<wf cmd="tag" pos="NNS">beets</wf>
<punc>,</punc>
<wf cmd="tag" pos="NN">cabbage</wf>
<wf cmd="ignore" pos="CC">and</wf>
<wf cmd="tag" pos="NN">squash</wf>
<wf cmd="ignore" pos="TO">to</wf>
<wf cmd="done" pos="VB" lemma="store" wnsn="1" lexsn="2:40:00::">store</wf>
<wf cmd="ignore" pos="IN">for</wf>
<wf cmd="tag" pos="NN">winter</wf>
<wf cmd="tag" pos="NNS">meals</wf>
<wf cmd="ignore" pos="IN">in</wf>
<wf cmd="ignore" pos="DT">the</wf>
<wf cmd="tag" pos="NN">root_cellar</wf>
<punc>.</punc>
</s>
<s snum="33">
<wf cmd="ignore" pos="DT">The</wf>
<wf cmd="tag" pos="NNS">carrots</wf>
<wf cmd="tag" pos="RB">sometimes</wf>
<wf cmd="done" pos="VBP" ot="notag">do</wf>
<wf cmd="tag" pos="RB">n't</wf>
<wf cmd="done" pos="VB" lemma="make_it" wnsn="1" lexsn="2:42:00::">make_it</wf>
<wf cmd="ignore" pos="IN">through</wf>
<wf cmd="ignore" pos="DT">the</wf>
<wf cmd="tag" pos="NN">winter</wf>
<punc>;</punc>
<wf cmd="ignore" pos="DT">the</wf>
<wf cmd="tag" pos="NN">cabbage</wf>
<wf cmd="ignore" pos="CC">and</wf>
<wf cmd="tag" pos="NN">squash</wf>
<wf cmd="done" pos="VB" lemma="keep" wnsn="12" lexsn="2:42:03::">keep</wf>
<wf cmd="ignore" pos="IN">until</wf>
<wf cmd="tag" pos="NNP">March</wf>
<wf cmd="ignore" pos="CC">or</wf>
<wf cmd="tag" pos="NNP">April</wf>
<punc>.</punc>
</s>
<s snum="34">
<wf cmd="ignore" pos="EX">There</wf>
<wf cmd="done" pos="VB" lemma="be" wnsn="5" lexsn="2:42:04::">is</wf>
<wf cmd="tag" pos="RB">never</wf>
<wf cmd="tag" pos="RB">enough</wf>
<wf cmd="tag" pos="NN">corn</wf>
<punc>,</punc>
<wf cmd="tag" pos="NNS">peas</wf>
<wf cmd="ignore" pos="CC">or</wf>
<wf cmd="tag" pos="NNS">strawberries</wf>
<punc>.</punc>
</s>
</p>
<p pnum="17">
<s snum="35">
<wf cmd="tag" pos="NNP">Mr._Clark</wf>
<wf cmd="tag" pos="RB">still</wf>
<wf cmd="done" pos="VB" lemma="have" wnsn="0" lexsn="2:42:05::">has</wf>
<wf cmd="done" pos="VB" ot="notag">to</wf>
<wf cmd="done" pos="VB" lemma="use" wnsn="1" lexsn="2:34:01::">use</wf>
<wf cmd="tag" pos="NN">rotenone</wf>
<wf cmd="ignore" pos="IN">with</wf>
<wf cmd="tag" pos="NNS">potatoes</wf>
<wf cmd="done" pos="VB" lemma="grow" wnsn="4" lexsn="2:30:01::">grown</wf>
<wf cmd="ignore" pos="IN">on</wf>
<wf cmd="tag" pos="RB">the_least</wf>
<wf cmd="tag" pos="JJ">fertile</wf>
<wf cmd="tag" pos="NNS">fields</wf>
<punc>,</punc>
<wf cmd="ignore" pos="CC">but</wf>
<wf cmd="ignore" pos="PRP">he</wf>
<wf cmd="done" pos="VBZ" ot="notag">has</wf>
<wf cmd="done" pos="VB" lemma="watch" wnsn="4" lexsn="2:39:02::">watched</wf>
<wf cmd="ignore" pos="DT">the</wf>
<wf cmd="tag" pos="NN">insect</wf>
<wf cmd="tag" pos="NN">damage</wf>
<wf cmd="done" pos="VB" lemma="decrease" wnsn="1" lexsn="2:30:00::">decrease</wf>
<wf cmd="tag" pos="RB">steadily</wf>
<wf cmd="ignore" pos="CC">and</wf>
<wf cmd="done" pos="VB" lemma="hope" wnsn="1" lexsn="2:37:01::">hopes</wf>
<wf cmd="ignore" pos="IN">that</wf>
<wf cmd="tag" pos="JJ">continued</wf>
<wf cmd="tag" pos="NN">use</wf>
<wf cmd="ignore" pos="IN">of</wf>
<wf cmd="tag" pos="NN">compost</wf>
<wf cmd="ignore" pos="CC">and</wf>
<wf cmd="tag" pos="NN">leaf</wf>
<wf cmd="tag" pos="NN">mulch</wf>
<wf cmd="ignore" pos="MD">will</wf>
<wf cmd="done" pos="VB" lemma="allow" wnsn="2" lexsn="2:32:00::">allow</wf>
<wf cmd="ignore" pos="PRP">him</wf>
<wf cmd="ignore" pos="TO">to</wf>
<wf cmd="done" pos="VB" lemma="do" wnsn="4" lexsn="2:42:00::">do</wf>
<wf cmd="tag" pos="RB">without</wf>
<wf cmd="ignore" pos="PRP">it</wf>
<wf cmd="tag" pos="RB">in_the_future</wf>
<punc>.</punc>
</s>
<s snum="36">
<wf cmd="ignore" pos="DT">A</wf>
<wf cmd="tag" pos="JJ">new</wf>
<wf cmd="tag" pos="NN">project</wf>
<wf cmd="done" pos="VB" lemma="plan" wnsn="2" lexsn="2:31:00::">planned</wf>
<wf cmd="done" pos="VB" lemma="be" wnsn="2" lexsn="2:42:06::">is</wf>
<wf cmd="ignore" pos="DT">the</wf>
<wf cmd="tag" pos="NN">use</wf>
<wf cmd="ignore" pos="IN">of</wf>
<wf cmd="tag" pos="NNP">Bio-Dynamic_Starter</wf>
<punc>.</punc>
</s>
</p>
<p pnum="18">
<s snum="37">
<wf cmd="tag" pos="NN">New</wf>
<wf cmd="tag" pos="NNS">ideas</wf>
<wf cmd="ignore" pos="IN">for</wf>
<wf cmd="done" pos="VB" lemma="improve" wnsn="1" lexsn="2:30:01::">improving</wf>
<wf cmd="tag" pos="NN">nutrition</wf>
<wf cmd="done" pos="VB" lemma="come_with" wnsn="1" lexsn="2:42:00::">came_with</wf>
<wf cmd="ignore" pos="DT">the</wf>
<wf cmd="tag" pos="NN">study</wf>
<wf cmd="ignore" pos="IN">of</wf>
<wf cmd="tag" pos="NN">soil</wf>
<wf cmd="tag" pos="NN">treatment</wf>
<punc>.</punc>
</s>
<s snum="38">
<punc>``</punc>
<wf cmd="ignore" pos="IN">After</wf>
<wf cmd="ignore" pos="DT">the</wf>
<wf cmd="tag" pos="NN">soil</wf>
<punc>,</punc>
<wf cmd="ignore" pos="DT">the</wf>
<wf cmd="tag" pos="NN">kitchen</wf>
<punc>''</punc>
<punc>,</punc>
<wf cmd="done" pos="VB" lemma="say" wnsn="1" lexsn="2:32:00::">says</wf>
<wf cmd="tag" pos="NNP">Mr._Clark</wf>
<punc>.</punc>
</s>
<s snum="39">
<wf cmd="ignore" pos="DT">The</wf>
<wf cmd="tag" pos="JJ">first</wf>
<wf cmd="tag" pos="JJ">major</wf>
<wf cmd="tag" pos="NN">change</wf>
<wf cmd="done" pos="VB" lemma="be" wnsn="1" lexsn="2:42:03::">was</wf>
<wf cmd="ignore" pos="IN">that</wf>
<wf cmd="ignore" pos="IN">of</wf>
<wf cmd="done" pos="VB" lemma="provide" wnsn="1" lexsn="2:40:00::">providing</wf>
<wf cmd="tag" pos="JJ">wholewheat</wf>
<wf cmd="tag" pos="NN">bread</wf>
<wf cmd="tag" pos="RB">instead</wf>
<wf cmd="ignore" pos="IN">of</wf>
<wf cmd="tag" pos="NN">white_bread</wf>
<punc>.</punc>
</s>
</p>
<p pnum="19">
<s snum="40">
<punc>``</punc>
<wf cmd="tag" pos="NNS">Adults</wf>
<wf cmd="done" pos="VB" lemma="take" wnsn="14" lexsn="2:42:00::">take</wf>
<wf cmd="ignore" pos="DT">a</wf>
<wf cmd="tag" pos="NN">long_time</wf>
<wf cmd="ignore" pos="TO">to</wf>
<wf cmd="done" pos="VB" lemma="convince" wnsn="1" lexsn="2:32:00::">convince</wf>
<wf cmd="ignore" pos="CC">and</wf>
<wf cmd="ignore" pos="PRP">you</wf>
<wf cmd="done" pos="VBP" ot="notag">are</wf>
<wf cmd="done" pos="VB" lemma="thwart" wnsn="1" lexsn="2:41:00::">thwarted</wf>
<wf cmd="ignore" pos="IN">if</wf>
<wf cmd="ignore" pos="PRP">you</wf>
<wf cmd="done" pos="VB" lemma="try" wnsn="1" lexsn="2:41:00::">try</wf>
<wf cmd="ignore" pos="TO">to</wf>
<wf cmd="done" pos="VB" lemma="push" wnsn="2" lexsn="2:32:01::">push</wf>
<punc>''</punc>
<punc>.</punc>
</s>
<s snum="41">
<wf cmd="tag" pos="RB">At_first</wf>
<wf cmd="ignore" pos="DT">the</wf>
<wf cmd="tag" pos="NN">kitchen</wf>
<wf cmd="tag" pos="NN">help</wf>
<wf cmd="done" pos="VB" lemma="be" wnsn="1" lexsn="2:42:03::">was</wf>
<wf cmd="tag" pos="JJ">tolerant</wf>
<punc>,</punc>
<wf cmd="ignore" pos="CC">but</wf>
<wf cmd="done" pos="VB" lemma="order" wnsn="2" lexsn="2:32:00::">ordered</wf>
<wf cmd="ignore" pos="PRP$">their</wf>
<wf cmd="tag" pos="JJ">own</wf>
<wf cmd="tag" pos="NN">supply</wf>
<wf cmd="ignore" pos="IN">of</wf>
<wf cmd="tag" pos="NN">white_bread</wf>
<wf cmd="ignore" pos="IN">for</wf>
<wf cmd="ignore" pos="PRP">themselves</wf>
<punc>.</punc>
</s>
<s snum="42">
<punc>``</punc>
<wf cmd="ignore" pos="PRP">You</wf>
<wf cmd="ignore" pos="MD">can</wf>
<wf cmd="tag" pos="RB">n't</wf>
<wf cmd="done" pos="VB" lemma="make" wnsn="3" lexsn="2:36:00::">make</wf>
<wf cmd="tag" pos="NN">French_toast</wf>
<wf cmd="ignore" pos="IN">with</wf>
<wf cmd="tag" pos="JJ">whole-wheat</wf>
<wf cmd="tag" pos="NN">bread</wf>
<punc>''</punc>
<punc>,</punc>
<wf cmd="done" pos="VB" lemma="be" wnsn="2" lexsn="2:42:06::">was</wf>
<wf cmd="ignore" pos="DT">an</wf>
<wf cmd="tag" pos="JJ">early</wf>
<wf cmd="tag" pos="NN">complaint</wf>
<punc>.</punc>
</s>
<s snum="43">
<wf cmd="tag" pos="RB">Of_course</wf>
<wf cmd="ignore" pos="PRP">they</wf>
<wf cmd="done" pos="VB" lemma="learn" wnsn="1" lexsn="2:31:00::">learned</wf>
<wf cmd="tag" pos="RB">in_time</wf>
<wf cmd="ignore" pos="IN">that</wf>
<wf cmd="ignore" pos="PRP">they</wf>
<wf cmd="tag" pos="RB">not_only</wf>
<wf cmd="ignore" pos="MD">could</wf>
<wf cmd="done" pos="VB" lemma="use" wnsn="1" lexsn="2:34:01::">use</wf>
<wf cmd="tag" pos="JJ">whole-wheat</wf>
<wf cmd="tag" pos="NN">bread</wf>
<punc>,</punc>
<wf cmd="ignore" pos="CC">but</wf>
<wf cmd="ignore" pos="DT">the</wf>
<wf cmd="tag" pos="NNS">children</wf>
<wf cmd="done" pos="VB" lemma="like" wnsn="2" lexsn="2:37:05::">liked</wf>
<wf cmd="ignore" pos="PRP">it</wf>
<wf cmd="tag" pos="JJR">better</wf>
<punc>.</punc>
</s>
</p>
<p pnum="20">
<s snum="44">
<wf cmd="tag" pos="NNP">Mrs._Clark</wf>
<punc>,</punc>
<wf cmd="ignore" pos="IN">as</wf>
<wf cmd="tag" pos="NN">house</wf>
<wf cmd="tag" pos="NN">manager</wf>
<punc>,</punc>
<wf cmd="done" pos="VB" lemma="plan" wnsn="2" lexsn="2:31:00::">planned</wf>
<wf cmd="ignore" pos="DT">the</wf>
<wf cmd="tag" pos="NNS">menus</wf>
<wf cmd="ignore" pos="CC">and</wf>
<wf cmd="done" pos="VB" lemma="care" wnsn="4" lexsn="2:41:11::">cared</wf>
<wf cmd="done" pos="VB" ot="notag">for</wf>
<wf cmd="ignore" pos="DT">the</wf>
<wf cmd="tag" pos="NN">ordering</wf>
<punc>.</punc>
</s>
<s snum="45">
<wf cmd="tag" pos="RB">Then</wf>
<wf cmd="tag" pos="NNP">Miss_Lillian_Colman</wf>
<wf cmd="done" pos="VB" lemma="come" wnsn="1" lexsn="2:38:00::">came</wf>
<wf cmd="done" pos="VB" ot="notag">from</wf>
<wf cmd="tag" pos="NNP">Vermont</wf>
<wf cmd="ignore" pos="TO">to</wf>
<wf cmd="done" pos="VB" lemma="be" wnsn="2" lexsn="2:42:06::">be</wf>
<wf cmd="tag" pos="NN">kitchen</wf>
<wf cmd="tag" pos="NN">manager</wf>
<punc>.</punc>
</s>
<s snum="46">
<wf cmd="tag" pos="NN">Today</wf>
<wf cmd="tag" pos="JJ">whole</wf>
<wf cmd="tag" pos="NNS">grains</wf>
<wf cmd="done" pos="VBP" ot="notag">are</wf>
<wf cmd="tag" pos="RB">freshly</wf>
<wf cmd="done" pos="VB" lemma="grind" wnsn="2" lexsn="2:35:00::">ground</wf>
<wf cmd="tag" pos="RB">every_day</wf>
<wf cmd="ignore" pos="CC">and</wf>
<wf cmd="done" pos="VB" lemma="bake" wnsn="1" lexsn="2:30:00::">baked</wf>
<wf cmd="ignore" pos="IN">into</wf>
<wf cmd="tag" pos="NN">bread</wf>
<punc>.</punc>
</s>
<s snum="47">
<wf cmd="tag" pos="NNP">Mr._Clark</wf>
<wf cmd="ignore" pos="POS">'s</wf>
<wf cmd="tag" pos="NNS">studies</wf>
<wf cmd="done" pos="VB" lemma="teach" wnsn="1" lexsn="2:32:00::">taught</wf>
<wf cmd="ignore" pos="PRP">him</wf>
<wf cmd="ignore" pos="IN">that</wf>
<wf cmd="ignore" pos="DT">the</wf>
<wf cmd="tag" pos="JJ">only</wf>
<wf cmd="tag" pos="NN">way</wf>
<wf cmd="ignore" pos="TO">to</wf>
<wf cmd="done" pos="VB" lemma="conserve" wnsn="0" lexsn="2:40:01::">conserve</wf>
<wf cmd="ignore" pos="DT">the</wf>
<wf cmd="tag" pos="NNS">vitamins</wf>
<wf cmd="ignore" pos="IN">in</wf>
<wf cmd="ignore" pos="DT">the</wf>
<wf cmd="tag" pos="JJ">whole</wf>
<wf cmd="tag" pos="NN">grain</wf>
<wf cmd="done" pos="VB" lemma="be" wnsn="2" lexsn="2:42:06::">was</wf>
<wf cmd="tag" pos="JJ">prompt</wf>
<wf cmd="tag" pos="NN">use</wf>
<wf cmd="ignore" pos="IN">of</wf>
<wf cmd="ignore" pos="DT">the</wf>
<wf cmd="tag" pos="NN">flour</wf>
<punc>.</punc>
</s>
<s snum="48">
<wf cmd="tag" pos="RB">Once</wf>
<wf cmd="ignore" pos="DT">the</wf>
<wf cmd="tag" pos="NNS">grains</wf>
<wf cmd="done" pos="VBP" ot="notag">are</wf>
<wf cmd="done" pos="VB" lemma="grind" wnsn="2" lexsn="2:35:00::">ground</wf>
<punc>,</punc>
<wf cmd="tag" pos="NN">vitamin_E</wf>
<wf cmd="done" pos="VB" lemma="begin" wnsn="1" lexsn="2:30:00::">begins</wf>
<wf cmd="ignore" pos="TO">to</wf>
<wf cmd="done" pos="VB" lemma="deteriorate" wnsn="1" lexsn="2:30:00::">deteriorate</wf>
<wf cmd="tag" pos="RB">immediately</wf>
<wf cmd="ignore" pos="CC">and</wf>
<wf cmd="tag" pos="NN">half</wf>
<wf cmd="tag" pos="RB">of_it</wf>
<wf cmd="done" pos="VBZ" ot="notag">is</wf>
<wf cmd="done" pos="VB" lemma="lose" wnsn="1" lexsn="2:40:02::">lost</wf>
<wf cmd="ignore" pos="IN">by</wf>
<wf cmd="tag" pos="NN">oxidation</wf>
<wf cmd="ignore" pos="CC">and</wf>
<wf cmd="tag" pos="NN">exposure</wf>
<wf cmd="ignore" pos="TO">to</wf>
<wf cmd="ignore" pos="DT">the</wf>
<wf cmd="tag" pos="NN">air</wf>
<wf cmd="ignore" pos="IN">within</wf>
<wf cmd="tag" pos="CD">one</wf>
<wf cmd="tag" pos="NN">week</wf>
<punc>.</punc>
</s>
</p>
<p pnum="21">
<s snum="49">
<wf cmd="ignore" pos="DT">A</wf>
<wf cmd="tag" pos="NN">mill</wf>
<wf cmd="done" pos="VB" lemma="stand" wnsn="3" lexsn="2:42:03::">stands</wf>
<wf cmd="done" pos="VB" ot="notag">in</wf>
<wf cmd="ignore" pos="DT">a</wf>
<wf cmd="tag" pos="NN">room</wf>
<wf cmd="ignore" pos="IN">off</wf>
<wf cmd="ignore" pos="DT">the</wf>
<wf cmd="tag" pos="NN">kitchen</wf>
<punc>.</punc>
</s>
<s snum="50">
<wf cmd="done" pos="VB" lemma="surround" wnsn="0" lexsn="2:42:00::">Surrounding</wf>
<wf cmd="ignore" pos="PRP">it</wf>
<wf cmd="done" pos="VB" lemma="be" wnsn="3" lexsn="2:42:05::">are</wf>
<wf cmd="tag" pos="NN">metal</wf>
<wf cmd="tag" pos="NNS">cans</wf>
<wf cmd="ignore" pos="IN">of</wf>
<wf cmd="tag" pos="NNS">grains</wf>
<wf cmd="done" pos="VB" lemma="order" wnsn="2" lexsn="2:32:00::">ordered</wf>
<wf cmd="ignore" pos="IN">from</wf>
<wf cmd="tag" pos="JJ">organic</wf>
<wf cmd="tag" pos="NNS">farms</wf>
<wf cmd="ignore" pos="IN">in</wf>
<wf cmd="ignore" pos="DT">the</wf>
<wf cmd="tag" pos="NN">state</wf>
<punc>.</punc>
</s>
<s snum="51">
<wf cmd="tag" pos="NNP">Miss_Colman</wf>
<wf cmd="done" pos="VB" lemma="pour" wnsn="1" lexsn="2:38:03::">pours</wf>
<wf cmd="tag" pos="NNS">measures</wf>
<wf cmd="ignore" pos="IN">of</wf>
<wf cmd="tag" pos="JJ">whole</wf>
<wf cmd="tag" pos="NN">wheat</wf>
<punc>,</punc>
<wf cmd="tag" pos="NNS">oats</wf>
<punc>,</punc>
<wf cmd="ignore" pos="CC">and</wf>
<wf cmd="tag" pos="NN">soy_beans</wf>
<wf cmd="ignore" pos="CC">and</wf>
<wf cmd="done" pos="VB" lemma="turn_on" wnsn="1" lexsn="2:35:00::">turns_on</wf>
<wf cmd="ignore" pos="DT">the</wf>
<wf cmd="tag" pos="NN">motor</wf>
<punc>.</punc>
</s>
<s snum="52">
<wf cmd="ignore" pos="PRP">She</wf>
<wf cmd="done" pos="VB" lemma="go_on" wnsn="1" lexsn="2:42:00::">goes_on</wf>
<wf cmd="ignore" pos="IN">about</wf>
<wf cmd="ignore" pos="PRP$">her</wf>
<wf cmd="tag" pos="NN">work</wf>
<wf cmd="ignore" pos="CC">and</wf>
<wf cmd="done" pos="VB" lemma="listen" wnsn="2" lexsn="2:39:01::">listens</wf>
<wf cmd="ignore" pos="IN">for</wf>
<wf cmd="ignore" pos="DT">the</wf>
<wf cmd="tag" pos="NN">completion</wf>
<wf cmd="ignore" pos="IN">of</wf>
<wf cmd="ignore" pos="DT">the</wf>
<wf cmd="tag" pos="NN">grinding</wf>
<punc>.</punc>
</s>
<s snum="53">
<wf cmd="ignore" pos="DT">The</wf>
<wf cmd="tag" pos="NN">bread</wf>
<wf cmd="done" pos="VB" lemma="bake" wnsn="1" lexsn="2:30:00::">baked</wf>
<wf cmd="ignore" pos="IN">from</wf>
<wf cmd="ignore" pos="DT">this</wf>
<wf cmd="tag" pos="NN">mixture</wf>
<wf cmd="done" pos="VB" lemma="be" wnsn="1" lexsn="2:42:03::">is</wf>
<wf cmd="tag" pos="NN">light</wf>
<wf cmd="ignore" pos="IN">in</wf>
<wf cmd="tag" pos="NN">color</wf>
<wf cmd="ignore" pos="CC">and</wf>
<wf cmd="tag" pos="JJ">fragrant</wf>
<wf cmd="ignore" pos="IN">in</wf>
<wf cmd="tag" pos="NN">aroma</wf>
<punc>.</punc>
</s>
<s snum="54">
<wf cmd="ignore" pos="PRP">It</wf>
<wf cmd="done" pos="VB" ot="notag">is</wf>
<wf cmd="tag" pos="RB">well</wf>
<wf cmd="done" pos="VB" lemma="like" wnsn="2" lexsn="2:37:05::">liked</wf>
<wf cmd="ignore" pos="IN">by</wf>
<wf cmd="ignore" pos="DT">the</wf>
<wf cmd="tag" pos="NNS">children</wf>
<wf cmd="ignore" pos="CC">and</wf>
<wf cmd="tag" pos="NN">faculty</wf>
<punc>.</punc>
</s>
</p>
<p pnum="22">
<s snum="55">
<wf cmd="ignore" pos="EX">There</wf>
<wf cmd="done" pos="VB" lemma="be" wnsn="4" lexsn="2:42:00::">is</wf>
<wf cmd="tag" pos="CD">one</wf>
<wf cmd="tag" pos="NN">problem</wf>
<wf cmd="ignore" pos="IN">with</wf>
<wf cmd="ignore" pos="DT">the</wf>
<wf cmd="tag" pos="NN">bread</wf>
<punc>.</punc>
</s>
<s snum="56">
<punc>``</punc>
<wf cmd="tag" pos="NNP">Lillian</wf>
<wf cmd="ignore" pos="POS">'s</wf>
<wf cmd="tag" pos="NN">bread</wf>
<wf cmd="done" pos="VB" lemma="be" wnsn="1" lexsn="2:42:03::">is</wf>
<wf cmd="tag" pos="RB">so</wf>
<wf cmd="tag" pos="JJ">good</wf>
<wf cmd="ignore" pos="CC">and</wf>
<wf cmd="tag" pos="NN">everything</wf>
<wf cmd="done" pos="VB" lemma="taste" wnsn="1" lexsn="2:39:02::">tastes</wf>
<wf cmd="tag" pos="RB">so_much</wf>
<wf cmd="tag" pos="RBR">better</wf>
<wf cmd="tag" pos="RB">here</wf>
<wf cmd="ignore" pos="IN">that</wf>
<wf cmd="ignore" pos="PRP">it</wf>
<wf cmd="done" pos="VB" lemma="be" wnsn="1" lexsn="2:42:03::">is</wf>
<wf cmd="tag" pos="JJ">hard</wf>
<wf cmd="tag" pos="RB">not</wf>
<wf cmd="ignore" pos="TO">to</wf>
<wf cmd="done" pos="VB" lemma="eat" wnsn="1" lexsn="2:34:00::">eat</wf>
<wf cmd="tag" pos="RB">too_much</wf>
<punc>''</punc>
<punc>,</punc>
<wf cmd="done" pos="VB" lemma="say" wnsn="1" lexsn="2:32:00::">said</wf>
<wf cmd="ignore" pos="DT">the</wf>
<wf cmd="tag" pos="NN">secretary</wf>
<wf cmd="tag" pos="RB">ruefully</wf>
<wf cmd="done" pos="VB" lemma="eye" wnsn="1" lexsn="2:39:00::">eyeing</wf>
<wf cmd="ignore" pos="PRP$">her</wf>
<wf cmd="tag" pos="JJ">extra</wf>
<wf cmd="tag" pos="NNS">pounds</wf>
<punc>.</punc>
</s>
</p>
<p pnum="23">
<s snum="57">
<wf cmd="ignore" pos="DT">The</wf>
<wf cmd="tag" pos="NN">school</wf>
<wf cmd="done" pos="VBZ" ot="notag">has</wf>
<wf cmd="tag" pos="RB">not</wf>
<wf cmd="done" pos="VB" lemma="use" wnsn="1" lexsn="2:34:01::">used</wf>
<wf cmd="tag" pos="JJ">cold</wf>
<wf cmd="tag" pos="JJ">prepared</wf>
<wf cmd="tag" pos="NNS">cereals</wf>
<wf cmd="ignore" pos="IN">for</wf>
<wf cmd="tag" pos="NNS">years</wf>
<punc>,</punc>
<wf cmd="ignore" pos="IN">though</wf>
<wf cmd="tag" pos="RB">at_one_time</wf>
<wf cmd="ignore" pos="WDT">that</wf>
<wf cmd="done" pos="VB" lemma="be" wnsn="2" lexsn="2:42:06::">was</wf>
<wf cmd="ignore" pos="DT">all</wf>
<wf cmd="ignore" pos="PRP">they</wf>
<wf cmd="tag" pos="RB">ever</wf>
<wf cmd="done" pos="VB" lemma="serve" wnsn="5" lexsn="2:34:01::">served</wf>
<punc>.</punc>
</s>
<s snum="58">
<wf cmd="ignore" pos="WRB">When</wf>
<wf cmd="ignore" pos="DT">the</wf>
<wf cmd="tag" pos="NN">chance</wf>
<wf cmd="done" pos="VB" lemma="come" wnsn="2" lexsn="2:38:04::">came</wf>
<punc>,</punc>
<wf cmd="ignore" pos="PRP">they</wf>
<wf cmd="tag" pos="JJ">first</wf>
<wf cmd="done" pos="VB" lemma="eliminate" wnsn="1" lexsn="2:30:01::">eliminated</wf>
<wf cmd="tag" pos="NN">cold_cereal</wf>
<wf cmd="tag" pos="RB">once</wf>
<wf cmd="ignore" pos="DT">a</wf>
<wf cmd="tag" pos="NN">week</wf>
<punc>,</punc>
<wf cmd="tag" pos="RB">then</wf>
<wf cmd="tag" pos="RB">gradually</wf>
<wf cmd="done" pos="VB" lemma="convert" wnsn="1" lexsn="2:30:00::">converted</wf>
<wf cmd="done" pos="VB" ot="notag">to</wf>
<wf cmd="tag" pos="JJ">hot</wf>
<wf cmd="tag" pos="JJ">fresh-ground</wf>
<wf cmd="tag" pos="NN">cereal</wf>
<wf cmd="tag" pos="RB">every_day</wf>
<punc>.</punc>
</s>
</p>
<p pnum="24">
<s snum="59">
<wf cmd="ignore" pos="PRP">They</wf>
<wf cmd="done" pos="VB" lemma="serve" wnsn="5" lexsn="2:34:01::">serve</wf>
<wf cmd="tag" pos="JJ">cracked</wf>
<wf cmd="tag" pos="NN">wheat</wf>
<punc>,</punc>
<wf cmd="tag" pos="NNS">oats</wf>
<wf cmd="ignore" pos="CC">or</wf>
<wf cmd="tag" pos="NN">cornmeal</wf>
<punc>.</punc>
</s>
<s snum="60">
<wf cmd="tag" pos="RB">Occasionally</wf>
<punc>,</punc>
<wf cmd="ignore" pos="DT">the</wf>
<wf cmd="tag" pos="NNS">children</wf>
<wf cmd="done" pos="VB" lemma="find" wnsn="1" lexsn="2:40:02::">find</wf>
<wf cmd="tag" pos="JJ">steamed</wf>
<punc>,</punc>
<wf cmd="tag" pos="JJ">whole-wheat</wf>
<wf cmd="tag" pos="NNS">grains</wf>
<wf cmd="ignore" pos="IN">for</wf>
<wf cmd="tag" pos="NN">cereal</wf>
<wf cmd="ignore" pos="WDT">which</wf>
<wf cmd="ignore" pos="PRP">they</wf>
<wf cmd="done" pos="VB" lemma="call" wnsn="1" lexsn="2:32:02::">call</wf>
<punc>``</punc>
<wf cmd="tag" pos="NN">buckshot</wf>
<punc>''</punc>
<punc>.</punc>
</s>
<s snum="61">
<wf cmd="ignore" pos="IN">At</wf>
<wf cmd="ignore" pos="DT">the</wf>
<wf cmd="tag" pos="NN">beginning</wf>
<wf cmd="ignore" pos="IN">of</wf>
<wf cmd="ignore" pos="DT">the</wf>
<wf cmd="tag" pos="NN">school_year</wf>
<punc>,</punc>
<wf cmd="ignore" pos="DT">the</wf>
<wf cmd="tag" pos="JJ">new</wf>
<wf cmd="tag" pos="NNS">students</wf>
<wf cmd="done" pos="VBP" ot="notag">do</wf>
<wf cmd="tag" pos="RB">n't</wf>
<wf cmd="done" pos="VB" lemma="eat" wnsn="1" lexsn="2:34:00::">eat</wf>
<wf cmd="ignore" pos="DT">the</wf>
<wf cmd="tag" pos="NN">cereal</wf>
<wf cmd="tag" pos="RB">right_away</wf>
<punc>,</punc>
<wf cmd="ignore" pos="CC">but</wf>
<wf cmd="ignore" pos="IN">within</wf>
<wf cmd="ignore" pos="DT">a</wf>
<wf cmd="tag" pos="NN">short_time</wf>
<wf cmd="ignore" pos="PRP">they</wf>
<wf cmd="done" pos="VBP" ot="notag">are</wf>
<wf cmd="done" pos="VB" lemma="eat" wnsn="1" lexsn="2:34:00::">eating</wf>
<wf cmd="ignore" pos="PRP">it</wf>
<wf cmd="tag" pos="RB">voraciously</wf>
<punc>.</punc>
</s>
</p>
<p pnum="25">
<s snum="62">
<wf cmd="ignore" pos="WRB">When</wf>
<wf cmd="ignore" pos="PRP">they</wf>
<wf cmd="done" pos="VB" lemma="leave" wnsn="1" lexsn="2:38:01::">leave</wf>
<wf cmd="ignore" pos="IN">for</wf>
<wf cmd="tag" pos="NNS">vacations</wf>
<wf cmd="ignore" pos="PRP">they</wf>
<wf cmd="done" pos="VB" lemma="miss" wnsn="2" lexsn="2:37:00::">miss</wf>
<wf cmd="ignore" pos="DT">the</wf>
<wf cmd="tag" pos="NN">hot_cereal</wf>
<punc>.</punc>
</s>
<s snum="63">
<wf cmd="ignore" pos="DT">The</wf>
<wf cmd="tag" pos="NN">school</wf>
<wf cmd="done" pos="VBZ" ot="notag">has</wf>
<wf cmd="done" pos="VB" lemma="receive" wnsn="1" lexsn="2:40:00::">received</wf>
<wf cmd="tag" pos="NNS">letters</wf>
<wf cmd="ignore" pos="IN">from</wf>
<wf cmd="tag" pos="NNS">parents</wf>
<wf cmd="done" pos="VB" lemma="ask" wnsn="1" lexsn="2:32:00::">asking</wf>
<punc>,</punc>
<punc>``</punc>
<wf cmd="ignore" pos="WP">What</wf>
<wf cmd="done" pos="VB" lemma="happen" wnsn="1" lexsn="2:30:00::">happened</wf>
<wf cmd="done" pos="VB" ot="notag">to</wf>
<wf cmd="tag" pos="NNP">Johnny</wf>
<punc>?</punc>
</s>
<s snum="64">
<wf cmd="ignore" pos="PRP">He</wf>
<wf cmd="tag" pos="RB">never</wf>
<wf cmd="tag" pos="JJ">used_to</wf>
<wf cmd="ignore" pos="IN">like</wf>
<wf cmd="ignore" pos="DT">any</wf>
<wf cmd="tag" pos="NN">hot_cereal</wf>
<punc>,</punc>
<wf cmd="tag" pos="RB">now</wf>
<wf cmd="ignore" pos="IN">that</wf>
<wf cmd="done" rdf="is" pos="VB" lemma="be" wnsn="2" lexsn="2:42:06::">'s</wf>
<wf cmd="ignore" pos="DT">the</wf>
<wf cmd="tag" pos="JJ">only</wf>
<wf cmd="tag" pos="NN">kind</wf>
<wf cmd="ignore" pos="PRP">he</wf>
<wf cmd="done" pos="VB" lemma="want" wnsn="1" lexsn="2:37:00::">wants</wf>
<punc>.</punc>
</s>
<s snum="65">
<wf cmd="ignore" pos="WRB">Where</wf>
<wf cmd="ignore" pos="MD">can</wf>
<wf cmd="ignore" pos="PRP">we</wf>
<wf cmd="done" pos="VB" lemma="get" wnsn="1" lexsn="2:40:00::">get</wf>
<wf cmd="ignore" pos="DT">this</wf>
<wf cmd="tag" pos="NN">cereal</wf>
<wf cmd="ignore" pos="PRP">he</wf>
<wf cmd="done" pos="VB" lemma="like" wnsn="2" lexsn="2:37:05::">likes</wf>
<wf cmd="tag" pos="RB">so_much</wf>
<punc>''</punc>
<punc>?</punc>
</s>
</p>
<p pnum="26">
<s snum="66">
<wf cmd="tag" pos="NNS">Salads</wf>
<wf cmd="done" pos="VBP" ot="notag">are</wf>
<wf cmd="done" pos="VB" lemma="serve" wnsn="5" lexsn="2:34:01::">served</wf>
<wf cmd="tag" pos="RB">at_least</wf>
<wf cmd="tag" pos="RB">once</wf>
<wf cmd="ignore" pos="DT">a</wf>
<wf cmd="tag" pos="NN">day</wf>
<punc>.</punc>
</s>
<s snum="67">
<wf cmd="tag" pos="NNS">Vegetables</wf>
<wf cmd="done" pos="VBP" ot="notag">are</wf>
<wf cmd="done" pos="VB" lemma="serve" wnsn="5" lexsn="2:34:01::">served</wf>
<wf cmd="tag" pos="RB">liberally</wf>
<punc>.</punc>
</s>
<s snum="68">
<wf cmd="tag" pos="JJS">Most</wf>
<wf cmd="done" pos="VB" lemma="come" wnsn="1" lexsn="2:38:00::">come</wf>
<wf cmd="done" pos="VB" ot="notag">from</wf>
<wf cmd="ignore" pos="DT">the</wf>
<wf cmd="tag" pos="NN">root_cellar</wf>
<wf cmd="ignore" pos="CC">or</wf>
<wf cmd="ignore" pos="IN">from</wf>
<wf cmd="ignore" pos="DT">the</wf>
<wf cmd="tag" pos="NN">freezer</wf>
<punc>.</punc>
</s>
<s snum="69">
<wf cmd="tag" pos="JJ">Home-made</wf>
<wf cmd="tag" pos="NN">sauerkraut</wf>
<wf cmd="done" pos="VBZ" ot="notag">is</wf>
<wf cmd="done" pos="VB" lemma="serve" wnsn="5" lexsn="2:34:01::">served</wf>
<wf cmd="tag" pos="RB">once</wf>
<wf cmd="ignore" pos="DT">a</wf>
<wf cmd="tag" pos="NN">week</wf>
<punc>.</punc>
</s>
<s snum="70">
<wf cmd="tag" pos="JJ">Sprouted</wf>
<wf cmd="tag" pos="NNS">grains</wf>
<wf cmd="ignore" pos="CC">and</wf>
<wf cmd="tag" pos="NNS">seeds</wf>
<wf cmd="done" pos="VBP" ot="notag">are</wf>
<wf cmd="done" pos="VB" lemma="use" wnsn="1" lexsn="2:34:01::">used</wf>
<wf cmd="ignore" pos="IN">in</wf>
<wf cmd="tag" pos="NNS">salads</wf>
<wf cmd="ignore" pos="CC">and</wf>
<wf cmd="tag" pos="NNS">dishes</wf>
<wf cmd="tag" pos="JJ">such_as</wf>
<wf cmd="tag" pos="NN">chop_suey</wf>
<punc>.</punc>
</s>
<s snum="71">
<wf cmd="tag" pos="RB">Sometimes</wf>
<wf cmd="tag" pos="JJ">sprouted</wf>
<wf cmd="tag" pos="NN">wheat</wf>
<wf cmd="done" pos="VB" ot="notag">is_added</wf>
<wf cmd="ignore" pos="TO">to</wf>
<wf cmd="tag" pos="NN">bread</wf>
<wf cmd="ignore" pos="CC">and</wf>
<wf cmd="done" pos="VB" lemma="cause" wnsn="2" lexsn="2:32:00::">causes</wf>
<wf cmd="ignore" pos="DT">the</wf>
<wf cmd="tag" pos="NNS">children</wf>
<wf cmd="ignore" pos="TO">to</wf>
<wf cmd="done" pos="VB" lemma="remark" wnsn="1" lexsn="2:32:00::">remark</wf>
<punc>,</punc>
<punc>``</punc>
<wf cmd="tag" pos="NNP">Lillian</wf>
<punc>,</punc>
<wf cmd="done" pos="VBD" ot="notag">did</wf>
<wf cmd="ignore" pos="PRP">you</wf>
<wf cmd="done" pos="VB" lemma="put" wnsn="1" lexsn="2:35:00::">put</wf>
<wf cmd="tag" pos="NNS">nuts</wf>
<wf cmd="ignore" pos="IN">in</wf>
<wf cmd="ignore" pos="DT">the</wf>
<wf cmd="tag" pos="NN">bread</wf>
<wf cmd="tag" pos="NN">today</wf>
<punc>''</punc>
<punc>?</punc>
</s>
</p>
<p pnum="27">
<s snum="72">
<wf cmd="tag" pos="NN">Milk</wf>
<wf cmd="done" pos="VB" lemma="appear" wnsn="2" lexsn="2:30:00::">appears</wf>
<wf cmd="tag" pos="RB">twice</wf>
<wf cmd="ignore" pos="DT">a</wf>
<wf cmd="tag" pos="NN">day</wf>
<punc>.</punc>
</s>
<s snum="73">
<wf cmd="ignore" pos="DT">The</wf>
<wf cmd="tag" pos="NN">school</wf>
<wf cmd="done" pos="VB" lemma="raise" wnsn="5" lexsn="2:36:03::">raises</wf>
<wf cmd="tag" pos="RB">enough</wf>
<wf cmd="tag" pos="NN">poultry</wf>
<punc>,</punc>
<wf cmd="tag" pos="NNS">pigs</wf>
<punc>,</punc>
<wf cmd="ignore" pos="CC">and</wf>
<wf cmd="tag" pos="NN">beef_cattle</wf>
<wf cmd="ignore" pos="IN">for</wf>
<wf cmd="tag" pos="JJ">most_of</wf>
<wf cmd="ignore" pos="PRP$">their</wf>
<wf cmd="tag" pos="NNS">needs</wf>
<punc>.</punc>
</s>
<s snum="74">
<wf cmd="tag" pos="JJ">Lots_of</wf>
<wf cmd="tag" pos="NN">cheese</wf>
<wf cmd="done" pos="VB" lemma="make" wnsn="3" lexsn="2:36:00::">made</wf>
<wf cmd="ignore" pos="IN">from</wf>
<wf cmd="tag" pos="NN">June_grass</wf>
<wf cmd="tag" pos="NN">milk</wf>
<wf cmd="done" pos="VBZ" ot="notag">is</wf>
<wf cmd="done" pos="VB" lemma="serve" wnsn="5" lexsn="2:34:01::">served</wf>
<punc>.</punc>
</s>
<s snum="75">
<wf cmd="tag" pos="NNS">Hens</wf>
<wf cmd="done" pos="VBP" ot="notag">are</wf>
<wf cmd="done" pos="VB" lemma="keep" wnsn="1" lexsn="2:42:00::">kept</wf>
<wf cmd="done" pos="VB" ot="notag">on</wf>
<wf cmd="ignore" pos="DT">the</wf>
<wf cmd="tag" pos="NN">range</wf>
<wf cmd="ignore" pos="CC">and</wf>
<wf cmd="tag" pos="NNS">roosters</wf>
<wf cmd="done" pos="VBP" ot="notag">are</wf>
<wf cmd="done" pos="VB" lemma="keep" wnsn="7" lexsn="2:40:01::">kept</wf>
<wf cmd="ignore" pos="IN">with</wf>
<wf cmd="ignore" pos="PRP">them</wf>
<wf cmd="ignore" pos="IN">for</wf>
<wf cmd="ignore" pos="PRP$">their</wf>
<wf cmd="tag" pos="NN">fertility</wf>
<punc>.</punc>
</s>
</p>
<p pnum="28">
<s snum="76">
<wf cmd="tag" pos="NN">Organ</wf>
<wf cmd="tag" pos="NNS">meats</wf>
<wf cmd="tag" pos="JJ">such_as</wf>
<wf cmd="tag" pos="NN">beef</wf>
<wf cmd="ignore" pos="CC">and</wf>
<wf cmd="tag" pos="NN">chicken_liver</wf>
<punc>,</punc>
<wf cmd="tag" pos="NN">tongue</wf>
<wf cmd="ignore" pos="CC">and</wf>
<wf cmd="tag" pos="NN">heart</wf>
<wf cmd="done" pos="VBP" ot="notag">are</wf>
<wf cmd="done" pos="VB" lemma="plan" wnsn="2" lexsn="2:31:00::">planned</wf>
<wf cmd="tag" pos="RB">once</wf>
<wf cmd="ignore" pos="DT">a</wf>
<wf cmd="tag" pos="NN">week</wf>
<punc>.</punc>
</s>
<s snum="77">
<wf cmd="tag" pos="RB">Also</wf>
<punc>,</punc>
<wf cmd="tag" pos="NN">salt</wf>
<wf cmd="tag" pos="NN">water</wf>
<wf cmd="tag" pos="NN">fish</wf>
<wf cmd="done" pos="VB" lemma="be" wnsn="1" lexsn="2:42:03::">is</wf>
<wf cmd="done" pos="VB" ot="notag">on</wf>
<wf cmd="ignore" pos="DT">the</wf>
<wf cmd="tag" pos="NN">table</wf>
<wf cmd="tag" pos="RB">once</wf>
<wf cmd="ignore" pos="DT">a</wf>
<wf cmd="tag" pos="NN">week</wf>
<punc>.</punc>
</s>
</p>
<p pnum="29">
<s snum="78">
<wf cmd="ignore" pos="IN">For</wf>
<wf cmd="tag" pos="NNS">deserts</wf>
<punc>,</punc>
<wf cmd="tag" pos="NNS">puddings</wf>
<wf cmd="ignore" pos="CC">and</wf>
<wf cmd="tag" pos="NNS">pies</wf>
<wf cmd="done" pos="VBP" ot="notag">are</wf>
<wf cmd="ignore" pos="DT">each</wf>
<wf cmd="done" pos="VB" lemma="serve" wnsn="5" lexsn="2:34:01::">served</wf>
<wf cmd="tag" pos="RB">once</wf>
<wf cmd="ignore" pos="DT">a</wf>
<wf cmd="tag" pos="NN">week</wf>
<punc>.</punc>
</s>
<s snum="79">
<wf cmd="tag" pos="JJS">Most</wf>
<wf cmd="tag" pos="JJ">other</wf>
<wf cmd="tag" pos="NNS">desserts</wf>
<wf cmd="done" pos="VB" lemma="be" wnsn="2" lexsn="2:42:06::">are</wf>
<wf cmd="tag" pos="NN">fruit</wf>
<wf cmd="ignore" pos="IN">in</wf>
<wf cmd="ignore" pos="DT">some</wf>
<wf cmd="tag" pos="NN">form</wf>
<punc>,</punc>
<wf cmd="tag" pos="JJ">fresh</wf>
<wf cmd="tag" pos="NNS">fruits</wf>
<wf cmd="tag" pos="RB">once</wf>
<wf cmd="tag" pos="JJ">daily</wf>
<wf cmd="tag" pos="RB">at_least</wf>
<punc>,</punc>
<wf cmd="tag" pos="RB">sometimes</wf>
<wf cmd="ignore" pos="IN">at</wf>
<wf cmd="tag" pos="NN">snack</wf>
<wf cmd="tag" pos="NN">time</wf>
<punc>.</punc>
</s>
<s snum="80">
<wf cmd="tag" pos="NN">Dried_fruits</wf>
<wf cmd="done" pos="VBP" ot="notag">are</wf>
<wf cmd="done" pos="VB" lemma="purchase" wnsn="1" lexsn="2:40:00::">purchased</wf>
<wf cmd="ignore" pos="IN">from</wf>
<wf cmd="tag" pos="NNS">sources</wf>
<wf cmd="ignore" pos="WRB">where</wf>
<wf cmd="ignore" pos="PRP">they</wf>
<wf cmd="done" pos="VBP" ot="notag">are</wf>
<wf cmd="ignore" pos="DT">neither</wf>
<wf cmd="done" pos="VB" lemma="sulphur" wnsn="1" lexsn="2:30:00::">sulphured</wf>
<wf cmd="ignore" pos="CC">nor</wf>
<wf cmd="done" pos="VB" lemma="spray" wnsn="1" lexsn="2:35:01::">sprayed</wf>
<punc>.</punc>
</s>
<s snum="81">
<wf cmd="tag" pos="NNS">Apples</wf>
<wf cmd="done" pos="VB" lemma="come" wnsn="1" lexsn="2:38:00::">come</wf>
<wf cmd="done" pos="VB" ot="notag">from</wf>
<wf cmd="ignore" pos="DT">a</wf>
<wf cmd="tag" pos="NN">farm</wf>
<wf cmd="ignore" pos="IN">in</wf>
<wf cmd="tag" pos="NNP">Vermont</wf>
<wf cmd="ignore" pos="WRB">where</wf>
<wf cmd="ignore" pos="PRP">they</wf>
<wf cmd="done" pos="VBP" ot="notag">are</wf>
<wf cmd="tag" pos="RB">not</wf>
<wf cmd="done" pos="VB" lemma="spray" wnsn="1" lexsn="2:35:01::">sprayed</wf>
<punc>.</punc>
</s>
<s snum="82">
<wf cmd="tag" pos="NNPS">Oranges</wf>
<wf cmd="ignore" pos="CC">and</wf>
<wf cmd="tag" pos="NN">grapefruit</wf>
<wf cmd="done" pos="VBP" ot="notag">are</wf>
<wf cmd="done" pos="VB" lemma="ship" wnsn="1" lexsn="2:38:00::">shipped</wf>
<wf cmd="ignore" pos="IN">from</wf>
<wf cmd="tag" pos="NNP">Florida</wf>
<wf cmd="tag" pos="JJ">weekly</wf>
<wf cmd="ignore" pos="IN">from</wf>
<wf cmd="ignore" pos="DT">an</wf>
<wf cmd="tag" pos="JJ">organic</wf>
<wf cmd="tag" pos="NN">farm</wf>
<punc>.</punc>
</s>
</p>
<p pnum="30">
<s snum="83">
<wf cmd="done" pos="VB" lemma="find" wnsn="7" lexsn="2:40:01::">Finding</wf>
<wf cmd="tag" pos="NNS">sources</wf>
<wf cmd="ignore" pos="IN">for</wf>
<wf cmd="ignore" pos="DT">these</wf>
<wf cmd="tag" pos="NN">high_quality</wf>
<wf cmd="tag" pos="NNS">foods</wf>
<wf cmd="done" pos="VB" lemma="be" wnsn="2" lexsn="2:42:06::">is</wf>
<wf cmd="ignore" pos="DT">a</wf>
<wf cmd="tag" pos="NN">problem</wf>
<punc>.</punc>
</s>
<s snum="84">
<wf cmd="tag" pos="RB">Sometimes</wf>
<wf cmd="ignore" pos="DT">the</wf>
<wf cmd="tag" pos="NN">solution</wf>
<wf cmd="done" pos="VB" lemma="come" wnsn="2" lexsn="2:38:04::">comes</wf>
<wf cmd="done" pos="VB" ot="notag">in</wf>
<wf cmd="tag" pos="JJ">unexpected</wf>
<wf cmd="tag" pos="NNS">ways</wf>
<punc>.</punc>
</s>
<s snum="85">
<wf cmd="tag" pos="JJ">Following</wf>
<wf cmd="ignore" pos="DT">a</wf>
<wf cmd="tag" pos="NN">talk</wf>
<wf cmd="ignore" pos="IN">by</wf>
<wf cmd="tag" pos="NNP">Mr._Clark</wf>
<wf cmd="ignore" pos="IN">at</wf>
<wf cmd="ignore" pos="DT">the</wf>
<wf cmd="tag" pos="NN">New_York</wf>
<wf cmd="tag" pos="NNP">State_Natural_Food</wf>
<wf cmd="tag" pos="NNPS">Associates</wf>
<wf cmd="tag" pos="NNP">Convention</wf>
<punc>,</punc>
<wf cmd="ignore" pos="DT">a</wf>
<wf cmd="tag" pos="NN">man</wf>
<wf cmd="ignore" pos="IN">from</wf>
<wf cmd="ignore" pos="DT">the</wf>
<wf cmd="tag" pos="NN">audience</wf>
<wf cmd="done" pos="VB" lemma="offer" wnsn="3" lexsn="2:41:00::">offered</wf>
<wf cmd="ignore" pos="TO">to</wf>
<wf cmd="done" pos="VB" lemma="ship" wnsn="1" lexsn="2:38:00::">ship</wf>
<wf cmd="ignore" pos="PRP$">his</wf>
<wf cmd="tag" pos="JJ">unsprayed</wf>
<wf cmd="tag" pos="NNS">apples</wf>
<wf cmd="ignore" pos="TO">to</wf>
<wf cmd="ignore" pos="DT">the</wf>
<wf cmd="tag" pos="NN">school</wf>
<wf cmd="ignore" pos="IN">from</wf>
<wf cmd="tag" pos="NNP">Vermont</wf>
<punc>.</punc>
</s>
</p>
<p pnum="31">
<s snum="86">
<wf cmd="tag" pos="NN">Wheat-germ</wf>
<punc>,</punc>
<wf cmd="tag" pos="NN">brewer</wf>
<wf cmd="ignore" pos="POS">'s</wf>
<wf cmd="tag" pos="NN">yeast</wf>
<wf cmd="ignore" pos="CC">and</wf>
<wf cmd="tag" pos="NN">ground</wf>
<wf cmd="tag" pos="NN">kelp</wf>
<wf cmd="done" pos="VBP" ot="notag">are</wf>
<wf cmd="done" pos="VB" lemma="use" wnsn="1" lexsn="2:34:01::">used</wf>
<wf cmd="ignore" pos="IN">in</wf>
<wf cmd="tag" pos="NN">bread</wf>
<wf cmd="ignore" pos="CC">and</wf>
<wf cmd="ignore" pos="IN">in</wf>
<wf cmd="tag" pos="NNS">dishes</wf>
<wf cmd="tag" pos="JJ">such_as</wf>
<wf cmd="tag" pos="NN">spaghetti_sauce</wf>
<punc>,</punc>
<wf cmd="tag" pos="NN">meat_loaves</wf>
<punc>.</punc>
</s>
<s snum="87">
<wf cmd="tag" pos="NNP">Miss_Colman</wf>
<wf cmd="done" pos="VB" lemma="hope" wnsn="1" lexsn="2:37:01::">hopes</wf>
<wf cmd="ignore" pos="TO">to</wf>
<wf cmd="done" pos="VB" lemma="find" wnsn="1" lexsn="2:40:02::">find</wf>
<wf cmd="tag" pos="JJ">suitable</wf>
<wf cmd="tag" pos="NNS">shakers</wf>
<wf cmd="tag" pos="RB">so_that</wf>
<wf cmd="tag" pos="NN">kelp</wf>
<wf cmd="ignore" pos="MD">can</wf>
<wf cmd="done" pos="VB" lemma="be" wnsn="1" lexsn="2:42:03::">be</wf>
<wf cmd="tag" pos="JJ">available</wf>
<wf cmd="ignore" pos="IN">at</wf>
<wf cmd="ignore" pos="DT">the</wf>
<wf cmd="tag" pos="NNS">tables</wf>
<punc>.</punc>
</s>
<s snum="88">
<wf cmd="tag" pos="JJ">Raw</wf>
<wf cmd="tag" pos="NN">wheat-germ</wf>
<wf cmd="done" pos="VB" lemma="be" wnsn="1" lexsn="2:42:03::">is</wf>
<wf cmd="tag" pos="JJ">available</wf>
<wf cmd="ignore" pos="IN">on</wf>
<wf cmd="ignore" pos="DT">the</wf>
<wf cmd="tag" pos="NN">breakfast_table</wf>
<wf cmd="ignore" pos="IN">for</wf>
<wf cmd="ignore" pos="DT">the</wf>
<wf cmd="tag" pos="NNS">children</wf>
<wf cmd="ignore" pos="TO">to</wf>
<wf cmd="done" pos="VB" lemma="help" wnsn="5" lexsn="2:34:00::">help</wf>
<wf cmd="ignore" pos="PRP">themselves</wf>
<punc>.</punc>
</s>
</p>
<p pnum="32">
<s snum="89">
<wf cmd="tag" pos="JJ">Very_few</wf>
<wf cmd="tag" pos="JJ">fried</wf>
<wf cmd="tag" pos="NNS">foods</wf>
<wf cmd="done" pos="VBP" ot="notag">are</wf>
<wf cmd="done" pos="VB" lemma="use" wnsn="1" lexsn="2:34:01::">used</wf>
<wf cmd="ignore" pos="CC">and</wf>
<wf cmd="ignore" pos="DT">the</wf>
<wf cmd="tag" pos="NN">use</wf>
<wf cmd="ignore" pos="IN">of</wf>
<wf cmd="tag" pos="NN">salt</wf>
<wf cmd="ignore" pos="CC">and</wf>
<wf cmd="tag" pos="NN">pepper</wf>
<wf cmd="done" pos="VBZ" ot="notag">is</wf>
<wf cmd="done" pos="VB" lemma="discourage" wnsn="1" lexsn="2:32:01::">discouraged</wf>
<punc>.</punc>
</s>
<s snum="90">
<wf cmd="tag" pos="NN">Drinking</wf>
<wf cmd="ignore" pos="IN">with</wf>
<wf cmd="tag" pos="NNS">meals</wf>
<wf cmd="done" pos="VBZ" ot="notag">is</wf>
<wf cmd="tag" pos="RB">also</wf>
<wf cmd="done" pos="VB" lemma="discourage" wnsn="1" lexsn="2:32:01::">discouraged</wf>
<punc>;</punc>
<wf cmd="tag" pos="NNS">pitchers</wf>
<wf cmd="ignore" pos="IN">of</wf>
<wf cmd="tag" pos="NN">water</wf>
<wf cmd="tag" pos="RB">merely</wf>
<wf cmd="done" pos="VB" lemma="appear" wnsn="2" lexsn="2:30:00::">appear</wf>
<wf cmd="ignore" pos="IN">on</wf>
<wf cmd="ignore" pos="DT">the</wf>
<wf cmd="tag" pos="NNS">tables</wf>
<punc>.</punc>
</s>
</p>
<p pnum="33">
<s snum="91">
<wf cmd="tag" pos="NN">Nothing</wf>
<wf cmd="done" pos="VBZ" ot="notag">is</wf>
<wf cmd="done" pos="VB" lemma="peel" wnsn="1" lexsn="2:35:00::">peeled</wf>
<punc>.</punc>
</s>
<s snum="92">
<wf cmd="ignore" pos="DT">The</wf>
<wf cmd="tag" pos="NN">source</wf>
<wf cmd="done" pos="VBZ" ot="notag">is</wf>
<wf cmd="done" pos="VB" lemma="know" wnsn="1" lexsn="2:31:01::">known</wf>
<wf cmd="tag" pos="RB">so</wf>
<wf cmd="ignore" pos="EX">there</wf>
<wf cmd="done" pos="VB" lemma="be" wnsn="4" lexsn="2:42:00::">is</wf>
<wf cmd="ignore" pos="DT">no</wf>
<wf cmd="tag" pos="NN">necessity</wf>
<wf cmd="ignore" pos="TO">to</wf>
<wf cmd="done" pos="VB" lemma="remove" wnsn="1" lexsn="2:30:00::">remove</wf>
<wf cmd="tag" pos="NN">insecticide</wf>
<wf cmd="tag" pos="NNS">residues</wf>
<punc>.</punc>
</s>
<s snum="93">
<wf cmd="ignore" pos="DT">The</wf>
<wf cmd="tag" pos="NN">cooking</wf>
<wf cmd="done" pos="VB" lemma="conserve" wnsn="0" lexsn="2:40:01::">conserves</wf>
<wf cmd="ignore" pos="DT">a</wf>
<wf cmd="tag" pos="NN">maximum</wf>
<wf cmd="ignore" pos="IN">of</wf>
<wf cmd="ignore" pos="DT">the</wf>
<wf cmd="tag" pos="NN">vitamin_C</wf>
<wf cmd="tag" pos="NN">content</wf>
<wf cmd="ignore" pos="IN">of</wf>
<wf cmd="tag" pos="NNS">vegetables</wf>
<wf cmd="ignore" pos="IN">by</wf>
<wf cmd="tag" pos="NNS">methods</wf>
<wf cmd="ignore" pos="WDT">which</wf>
<wf cmd="done" pos="VB" lemma="use" wnsn="1" lexsn="2:34:01::">use</wf>
<wf cmd="tag" pos="RB">very</wf>
<wf cmd="tag" pos="JJ">little</wf>
<wf cmd="tag" pos="NN">water</wf>
<wf cmd="ignore" pos="CC">and</wf>
<wf cmd="done" pos="VB" lemma="cook" wnsn="3" lexsn="2:30:00::">cook</wf>
<wf cmd="ignore" pos="IN">in</wf>
<wf cmd="ignore" pos="DT">the</wf>
<wf cmd="tag" pos="JJS">shortest</wf>
<wf cmd="tag" pos="NN">time</wf>
<wf cmd="tag" pos="JJ">possible</wf>
<punc>.</punc>
</s>
</p>
<p pnum="34">
<s snum="94">
<wf cmd="ignore" pos="IN">Since</wf>
<wf cmd="tag" pos="NNP">Mr._Clark</wf>
<wf cmd="done" pos="VB" lemma="believe" wnsn="1" lexsn="2:31:00::">believes</wf>
<wf cmd="tag" pos="RB">firmly</wf>
<wf cmd="ignore" pos="IN">that</wf>
<wf cmd="ignore" pos="DT">the</wf>
<wf cmd="tag" pos="NN">chewing</wf>
<wf cmd="ignore" pos="IN">of</wf>
<wf cmd="tag" pos="JJ">hard</wf>
<wf cmd="tag" pos="NNS">foods</wf>
<wf cmd="done" pos="VB" lemma="help" wnsn="1" lexsn="2:41:00::">helps</wf>
<wf cmd="done" pos="VB" lemma="develop" wnsn="4" lexsn="2:29:00::">develop</wf>
<wf cmd="tag" pos="JJ">healthy</wf>
<wf cmd="tag" pos="NNS">gums</wf>
<wf cmd="ignore" pos="CC">and</wf>
<wf cmd="tag" pos="NNS">teeth</wf>
<punc>,</punc>
<wf cmd="tag" pos="NN">raw_vegetables</wf>
<wf cmd="ignore" pos="CC">and</wf>
<wf cmd="tag" pos="JJ">raw</wf>
<wf cmd="tag" pos="JJ">whole-wheat</wf>
<wf cmd="tag" pos="NNS">grains</wf>
<wf cmd="done" pos="VBP" ot="notag">are</wf>
<wf cmd="done" pos="VB" lemma="hand_out" wnsn="1" lexsn="2:40:00::">handed_out</wf>
<wf cmd="ignore" pos="IN">with</wf>
<wf cmd="tag" pos="JJ">fresh</wf>
<wf cmd="tag" pos="NN">fruit</wf>
<wf cmd="ignore" pos="CC">and</wf>
<wf cmd="tag" pos="JJ">whole-wheat</wf>
<wf cmd="tag" pos="NNS">cookies</wf>
<wf cmd="ignore" pos="IN">at</wf>
<wf cmd="tag" pos="NN">snack</wf>
<wf cmd="tag" pos="NN">time</wf>
<wf cmd="ignore" pos="IN">in</wf>
<wf cmd="ignore" pos="DT">the</wf>
<wf cmd="tag" pos="NNS">afternoons</wf>
<punc>.</punc>
</s>
<s snum="95">
<wf cmd="ignore" pos="TO">To</wf>
<wf cmd="done" pos="VB" lemma="solve" wnsn="1" lexsn="2:31:00::">solve</wf>
<wf cmd="ignore" pos="DT">the</wf>
<wf cmd="tag" pos="NN">problem</wf>
<wf cmd="ignore" pos="IN">of</wf>
<wf cmd="ignore" pos="DT">the</wf>
<wf cmd="tag" pos="NN">wheat</wf>
<wf cmd="tag" pos="NNS">grains</wf>
<wf cmd="done" pos="VB" lemma="spill" wnsn="3" lexsn="2:35:00::">spilling</wf>
<wf cmd="ignore" pos="IN">on</wf>
<wf cmd="ignore" pos="DT">the</wf>
<wf cmd="tag" pos="NN">floor</wf>
<wf cmd="ignore" pos="CC">and</wf>
<wf cmd="done" pos="VB" lemma="get" wnsn="2" lexsn="2:30:00::">getting</wf>
<wf cmd="tag" pos="RB">underfoot</wf>
<punc>,</punc>
<wf cmd="ignore" pos="DT">a</wf>
<wf cmd="tag" pos="NN">ball</wf>
<wf cmd="ignore" pos="IN">of</wf>
<wf cmd="tag" pos="NN">maple_syrup</wf>
<wf cmd="done" pos="VB" lemma="boil" wnsn="2" lexsn="2:30:00::">boiled</wf>
<wf cmd="ignore" pos="TO">to</wf>
<wf cmd="tag" pos="NN">candy</wf>
<wf cmd="tag" pos="NN">consistency</wf>
<wf cmd="done" pos="VBD" ot="notag">was</wf>
<wf cmd="done" pos="VB" lemma="invent" wnsn="1" lexsn="2:36:00::">invented</wf>
<wf cmd="ignore" pos="TO">to</wf>
<wf cmd="done" pos="VB" lemma="hold" wnsn="2" lexsn="2:35:00::">hold</wf>
<wf cmd="ignore" pos="DT">the</wf>
<wf cmd="tag" pos="NNS">grains</wf>
<punc>.</punc>
</s>
</p>
<p pnum="35">
<s snum="96">
<wf cmd="ignore" pos="IN">On</wf>
<wf cmd="ignore" pos="PRP$">their</wf>
<wf cmd="tag" pos="JJ">frequent</wf>
<wf cmd="tag" pos="NNS">hikes</wf>
<wf cmd="ignore" pos="IN">into</wf>
<wf cmd="ignore" pos="DT">the</wf>
<wf cmd="tag" pos="JJ">nearby</wf>
<wf cmd="tag" pos="NNS">mountains</wf>
<punc>,</punc>
<wf cmd="ignore" pos="DT">the</wf>
<wf cmd="tag" pos="NNS">children</wf>
<wf cmd="done" pos="VB" lemma="carry" wnsn="2" lexsn="2:42:01::">carry</wf>
<wf cmd="tag" pos="JJ">whole</wf>
<wf cmd="tag" pos="NNS">grains</wf>
<wf cmd="ignore" pos="TO">to</wf>
<wf cmd="done" pos="VB" lemma="munch" wnsn="0" lexsn="2:34:01::">munch</wf>
<wf cmd="ignore" pos="IN">along</wf>
<wf cmd="ignore" pos="DT">the</wf>
<wf cmd="tag" pos="NN">trail</wf>
<punc>.</punc>
</s>
<s snum="97">
<wf cmd="ignore" pos="PRP">They</wf>
<wf cmd="done" pos="VB" lemma="learn" wnsn="1" lexsn="2:31:00::">learn</wf>
<wf cmd="ignore" pos="TO">to</wf>
<wf cmd="done" pos="VB" lemma="like" wnsn="2" lexsn="2:37:05::">like</wf>
<wf cmd="ignore" pos="DT">these</wf>
<wf cmd="tag" pos="RB">so</wf>
<wf cmd="tag" pos="RB">well</wf>
<wf cmd="ignore" pos="IN">that</wf>
<wf cmd="ignore" pos="PRP">it</wf>
<wf cmd="done" pos="VB" lemma="be" wnsn="1" lexsn="2:42:03::">is</wf>
<wf cmd="tag" pos="RB">n't</wf>
<wf cmd="tag" pos="JJ">surprising</wf>
<wf cmd="ignore" pos="TO">to</wf>
<wf cmd="done" pos="VB" lemma="hear" wnsn="2" lexsn="2:31:00::">hear</wf>
<wf cmd="ignore" pos="IN">that</wf>
<wf cmd="tag" pos="CD">one</wf>
<wf cmd="tag" pos="NN">boy</wf>
<wf cmd="done" pos="VB" lemma="try" wnsn="4" lexsn="2:34:00::">tried</wf>
<wf cmd="ignore" pos="DT">the</wf>
<wf cmd="tag" pos="NNS">oats</wf>
<wf cmd="ignore" pos="PRP">he</wf>
<wf cmd="done" pos="VBD" ot="notag">was</wf>
<wf cmd="done" pos="VB" lemma="feed" wnsn="1" lexsn="2:34:04::">feeding</wf>
<wf cmd="ignore" pos="PRP$">his</wf>
<wf cmd="tag" pos="NN">horse</wf>
<wf cmd="ignore" pos="IN">at</wf>
<wf cmd="tag" pos="NN">chore</wf>
<wf cmd="tag" pos="NN">time</wf>
<punc>.</punc>
</s>
<s snum="98">
<wf cmd="ignore" pos="PRP">They</wf>
<wf cmd="done" pos="VB" lemma="taste" wnsn="1" lexsn="2:39:02::">tasted</wf>
<wf cmd="tag" pos="RB">good</wf>
<wf cmd="ignore" pos="TO">to</wf>
<wf cmd="ignore" pos="PRP">him</wf>
<punc>,</punc>
<wf cmd="tag" pos="RB">so</wf>
<wf cmd="ignore" pos="PRP">he</wf>
<wf cmd="done" pos="VB" lemma="bring" wnsn="1" lexsn="2:38:00::">brought</wf>
<wf cmd="ignore" pos="DT">some</wf>
<wf cmd="ignore" pos="TO">to</wf>
<wf cmd="tag" pos="NN">breakfast</wf>
<wf cmd="ignore" pos="TO">to</wf>
<wf cmd="done" pos="VB" lemma="eat" wnsn="1" lexsn="2:34:00::">eat</wf>
<wf cmd="done" pos="VB" ot="notag">in</wf>
<wf cmd="ignore" pos="PRP$">his</wf>
<wf cmd="tag" pos="NN">cereal_bowl</wf>
<wf cmd="ignore" pos="IN">with</wf>
<wf cmd="tag" pos="NN">milk</wf>
<wf cmd="ignore" pos="CC">and</wf>
<wf cmd="tag" pos="NN">honey</wf>
<punc>.</punc>
</s>
</p>
<p pnum="36">
<s snum="99">
<wf cmd="tag" pos="NN">Maple_syrup</wf>
<wf cmd="done" pos="VBZ" ot="notag">is</wf>
<wf cmd="done" pos="VB" lemma="make" wnsn="3" lexsn="2:36:00::">made</wf>
<wf cmd="ignore" pos="IN">by</wf>
<wf cmd="ignore" pos="DT">the</wf>
<wf cmd="tag" pos="NNS">children</wf>
<wf cmd="ignore" pos="IN">in</wf>
<wf cmd="ignore" pos="DT">the</wf>
<wf cmd="tag" pos="NNS">woods</wf>
<wf cmd="ignore" pos="IN">on</wf>
<wf cmd="ignore" pos="DT">the</wf>
<wf cmd="tag" pos="NN">school</wf>
<wf cmd="tag" pos="NNS">grounds</wf>
<punc>.</punc>
</s>
<s snum="100">
<wf cmd="ignore" pos="DT">This</wf>
<wf cmd="ignore" pos="CC">and</wf>
<wf cmd="tag" pos="JJ">raw</wf>
<wf cmd="tag" pos="NN">sugar</wf>
<wf cmd="done" pos="VB" lemma="replace" wnsn="2" lexsn="2:41:00::">replace</wf>
<wf cmd="tag" pos="JJ">ordinary</wf>
<wf cmd="tag" pos="NN">refined_sugar</wf>
<wf cmd="ignore" pos="IN">on</wf>
<wf cmd="ignore" pos="DT">the</wf>
<wf cmd="tag" pos="NNS">tables</wf>
<wf cmd="ignore" pos="CC">and</wf>
<wf cmd="tag" pos="RB">very</wf>
<wf cmd="tag" pos="JJ">little</wf>
<wf cmd="tag" pos="NN">sugar</wf>
<wf cmd="done" pos="VBZ" ot="notag">is</wf>
<wf cmd="done" pos="VB" lemma="use" wnsn="1" lexsn="2:34:01::">used</wf>
<wf cmd="ignore" pos="IN">in</wf>
<wf cmd="tag" pos="NN">cooking</wf>
<punc>.</punc>
</s>
<s snum="101">
<wf cmd="tag" pos="NN">Candy</wf>
<wf cmd="done" pos="VBZ" ot="notag">is</wf>
<wf cmd="tag" pos="RB">not</wf>
<wf cmd="done" pos="VB" lemma="allow" wnsn="2" lexsn="2:32:00::">allowed</wf>
<punc>.</punc>
</s>
<s snum="102">
<wf cmd="tag" pos="NNS">Parents</wf>
<wf cmd="done" pos="VBP" ot="notag">are</wf>
<wf cmd="done" pos="VB" lemma="ask" wnsn="2" lexsn="2:32:01::">asked</wf>
<wf cmd="done" pos="VB" ot="notag">in</wf>
<wf cmd="ignore" pos="DT">the</wf>
<wf cmd="tag" pos="NN">bulletin</wf>
<wf cmd="ignore" pos="TO">to</wf>
<wf cmd="done" pos="VB" lemma="send" wnsn="1" lexsn="2:38:01::">send</wf>
<wf cmd="tag" pos="NNS">packages</wf>
<wf cmd="ignore" pos="IN">of</wf>
<wf cmd="tag" pos="NN">treats</wf>
<wf cmd="done" pos="VB" lemma="consist_of" wnsn="0" lexsn="2:42:00::">consisting_of</wf>
<wf cmd="tag" pos="NN">fruit</wf>
<wf cmd="ignore" pos="CC">and</wf>
<wf cmd="tag" pos="NNS">nuts</wf>
<punc>,</punc>
<wf cmd="ignore" pos="CC">but</wf>
<wf cmd="ignore" pos="DT">no</wf>
<wf cmd="tag" pos="NN">candy</wf>
<punc>.</punc>
</s>
</p>
<p pnum="37">
<s snum="103">
<wf cmd="tag" pos="NNP">Mr._Clark</wf>
<wf cmd="done" pos="VB" lemma="believe_in" wnsn="1" lexsn="2:31:01::">believes_in</wf>
<wf cmd="ignore" pos="DT">a</wf>
<wf cmd="tag" pos="JJ">good</wf>
<wf cmd="tag" pos="JJ">full</wf>
<wf cmd="tag" pos="NN">breakfast</wf>
<wf cmd="ignore" pos="IN">of</wf>
<wf cmd="tag" pos="NN">fruit</wf>
<punc>,</punc>
<wf cmd="tag" pos="NN">hot_cereal</wf>
<punc>,</punc>
<wf cmd="tag" pos="NN">milk</wf>
<punc>,</punc>
<wf cmd="tag" pos="NN">honey</wf>
<punc>,</punc>
<wf cmd="tag" pos="JJ">whole-wheat</wf>
<wf cmd="tag" pos="NN">toast</wf>
<wf cmd="ignore" pos="IN">with</wf>
<wf cmd="tag" pos="JJ">real</wf>
<wf cmd="tag" pos="NN">butter</wf>
<wf cmd="ignore" pos="CC">and</wf>
<wf cmd="tag" pos="NNS">eggs</wf>
<punc>.</punc>
</s>
<s snum="104">
<wf cmd="ignore" pos="DT">The</wf>
<wf cmd="tag" pos="JJ">heavy</wf>
<wf cmd="tag" pos="NN">meal</wf>
<wf cmd="done" pos="VB" lemma="come" wnsn="3" lexsn="2:30:01::">comes</wf>
<wf cmd="done" pos="VB" ot="notag">in</wf>
<wf cmd="ignore" pos="DT">the</wf>
<wf cmd="tag" pos="NN">middle</wf>
<wf cmd="ignore" pos="IN">of</wf>
<wf cmd="ignore" pos="DT">the</wf>
<wf cmd="tag" pos="NN">day</wf>
<punc>.</punc>
</s>
<s snum="105">
<wf cmd="tag" pos="NNP">Soup</wf>
<wf cmd="done" pos="VB" lemma="be" wnsn="2" lexsn="2:42:06::">is</wf>
<wf cmd="tag" pos="RB">often</wf>
<wf cmd="ignore" pos="DT">the</wf>
<wf cmd="tag" pos="JJ">important</wf>
<wf cmd="tag" pos="NN">dish</wf>
<wf cmd="ignore" pos="IN">at</wf>
<wf cmd="tag" pos="NN">supper</wf>
<punc>.</punc>
</s>
<s snum="106">
<wf cmd="tag" pos="NNP">Homemade</wf>
<wf cmd="ignore" pos="IN">of</wf>
<wf cmd="tag" pos="NN">meat</wf>
<punc>,</punc>
<wf cmd="tag" pos="NNS">bones</wf>
<wf cmd="ignore" pos="CC">and</wf>
<wf cmd="tag" pos="NNS">vegetables</wf>
<punc>,</punc>
<wf cmd="ignore" pos="PRP">it</wf>
<wf cmd="done" pos="VB" lemma="be" wnsn="1" lexsn="2:42:03::">is</wf>
<wf cmd="tag" pos="JJ">rich_in</wf>
<wf cmd="tag" pos="JJ">dissolved</wf>
<wf cmd="tag" pos="NNS">minerals</wf>
<wf cmd="ignore" pos="CC">and</wf>
<wf cmd="tag" pos="NNS">vitamins</wf>
<punc>.</punc>
</s>
</p>
<p pnum="38">
<s snum="107">
<wf cmd="ignore" pos="DT">The</wf>
<wf cmd="tag" pos="NN">school</wf>
<wf cmd="done" pos="VB" lemma="find" wnsn="4" lexsn="2:32:00::">finds</wf>
<wf cmd="ignore" pos="IN">that</wf>
<wf cmd="ignore" pos="DT">the</wf>
<wf cmd="tag" pos="NNS">children</wf>
<wf cmd="done" pos="VBP" ot="notag">are</wf>
<wf cmd="done" pos="VB" lemma="satisfy" wnsn="2" lexsn="2:37:00::">satisfied</wf>
<wf cmd="ignore" pos="IN">with</wf>
<wf cmd="tag" pos="JJR">smaller</wf>
<wf cmd="tag" pos="NNS">amounts</wf>
<wf cmd="ignore" pos="IN">of</wf>
<wf cmd="tag" pos="NN">food</wf>
<wf cmd="ignore" pos="IN">since</wf>
<wf cmd="tag" pos="JJ">all_of</wf>
<wf cmd="ignore" pos="PRP">it</wf>
<wf cmd="done" pos="VB" lemma="be" wnsn="1" lexsn="2:42:03::">is</wf>
<wf cmd="tag" pos="JJ">high</wf>
<wf cmd="ignore" pos="IN">in</wf>
<wf cmd="tag" pos="NN">quality</wf>
<punc>.</punc>
</s>
<s snum="108">
<wf cmd="ignore" pos="DT">The</wf>
<wf cmd="tag" pos="NN">cost</wf>
<wf cmd="ignore" pos="TO">to</wf>
<wf cmd="done" pos="VB" lemma="feed" wnsn="2" lexsn="2:34:01::">feed</wf>
<wf cmd="tag" pos="CD">one</wf>
<wf cmd="tag" pos="NN">person</wf>
<wf cmd="done" pos="VB" lemma="be" wnsn="2" lexsn="2:42:06::">is</wf>
<wf cmd="tag" pos="RB">just</wf>
<wf cmd="ignore" pos="IN">under</wf>
<wf cmd="tag" pos="CD">one</wf>
<wf cmd="tag" pos="NN">dollar</wf>
<wf cmd="ignore" pos="DT">a</wf>
<wf cmd="tag" pos="NN">day</wf>
<punc>.</punc>
</s>
</p>
<p pnum="39">
<s snum="109">
<wf cmd="tag" pos="RB">Even</wf>
<wf cmd="ignore" pos="IN">before</wf>
<wf cmd="ignore" pos="PRP">he</wf>
<wf cmd="done" pos="VB" lemma="see" wnsn="2" lexsn="2:31:01::">saw</wf>
<wf cmd="ignore" pos="DT">the</wf>
<wf cmd="tag" pos="NN">necessity</wf>
<wf cmd="ignore" pos="IN">of</wf>
<wf cmd="done" pos="VB" lemma="grow" wnsn="4" lexsn="2:30:01::">growing</wf>
<wf cmd="tag" pos="JJR">better</wf>
<wf cmd="tag" pos="NN">food</wf>
<wf cmd="ignore" pos="CC">and</wf>
<wf cmd="done" pos="VB" lemma="plan" wnsn="2" lexsn="2:31:00::">planning</wf>
<wf cmd="tag" pos="JJ">good</wf>
<wf cmd="tag" pos="NN">nutrition</wf>
<punc>,</punc>
<wf cmd="tag" pos="NNP">Mr._Clark</wf>
<wf cmd="done" pos="VB" lemma="feel" wnsn="2" lexsn="2:31:00::">felt</wf>
<wf cmd="ignore" pos="DT">the</wf>
<wf cmd="tag" pos="NN">school</wf>
<wf cmd="done" pos="VB" lemma="have" wnsn="2" lexsn="2:42:00::">had</wf>
<wf cmd="ignore" pos="DT">a</wf>
<wf cmd="tag" pos="NN">good_health</wf>
<wf cmd="tag" pos="NN">program</wf>
<punc>.</punc>
</s>
<s snum="110">
<wf cmd="tag" pos="JJ">Rugged</wf>
<wf cmd="tag" pos="JJ">outdoor</wf>
<wf cmd="tag" pos="NN">exercise</wf>
<wf cmd="ignore" pos="IN">for</wf>
<wf cmd="ignore" pos="DT">an</wf>
<wf cmd="tag" pos="NN">hour</wf>
<wf cmd="ignore" pos="CC">and</wf>
<wf cmd="ignore" pos="DT">a</wf>
<wf cmd="tag" pos="NN">half</wf>
<wf cmd="tag" pos="RB">every_day</wf>
<wf cmd="tag" pos="RB">in_all</wf>
<wf cmd="tag" pos="NNS">kinds</wf>
<wf cmd="ignore" pos="IN">of</wf>
<wf cmd="tag" pos="NN">weather</wf>
<wf cmd="done" pos="VB" lemma="be" wnsn="2" lexsn="2:42:06::">was</wf>
<wf cmd="ignore" pos="DT">the</wf>
<wf cmd="tag" pos="NN">rule</wf>
<punc>.</punc>
</s>
<s snum="111">
<wf cmd="ignore" pos="DT">A</wf>
<wf cmd="tag" pos="JJ">vigorous</wf>
<wf cmd="tag" pos="NN">program</wf>
<wf cmd="done" pos="VB" lemma="exist" wnsn="1" lexsn="2:42:00::">existed</wf>
<wf cmd="ignore" pos="IN">in</wf>
<wf cmd="tag" pos="NN">skiing</wf>
<punc>,</punc>
<wf cmd="tag" pos="NN">skating</wf>
<wf cmd="tag" pos="NNS">sports</wf>
<wf cmd="ignore" pos="CC">and</wf>
<wf cmd="tag" pos="JJ">overnight</wf>
<wf cmd="tag" pos="NN">hiking</wf>
<punc>.</punc>
</s>
</p>
<p pnum="40">
<s snum="112">
<wf cmd="ignore" pos="IN">Since</wf>
<wf cmd="ignore" pos="DT">the</wf>
<wf cmd="tag" pos="NN">change</wf>
<wf cmd="ignore" pos="TO">to</wf>
<wf cmd="tag" pos="JJR">better</wf>
<wf cmd="tag" pos="NN">nutrition</wf>
<punc>,</punc>
<wf cmd="ignore" pos="PRP">he</wf>
<wf cmd="done" pos="VB" lemma="feel" wnsn="2" lexsn="2:31:00::">feels</wf>
<wf cmd="ignore" pos="PRP">he</wf>
<wf cmd="ignore" pos="MD">can</wf>
<wf cmd="done" pos="VB" lemma="report" wnsn="1" lexsn="2:32:00::">report</wf>
<wf cmd="done" pos="VB" ot="notag">on</wf>
<wf cmd="tag" pos="NNS">improvements</wf>
<wf cmd="ignore" pos="IN">in</wf>
<wf cmd="tag" pos="NN">health</wf>
<punc>,</punc>
<wf cmd="ignore" pos="IN">though</wf>
<wf cmd="ignore" pos="PRP">he</wf>
<wf cmd="done" pos="VB" lemma="consider" wnsn="1" lexsn="2:31:00::">considers</wf>
<wf cmd="ignore" pos="DT">the</wf>
<wf cmd="tag" pos="JJ">following</wf>
<wf cmd="tag" pos="NNS">statements</wf>
<wf cmd="tag" pos="NNS">observations</wf>
<wf cmd="ignore" pos="CC">and</wf>
<wf cmd="tag" pos="RB">not</wf>
<wf cmd="tag" pos="JJ">scientific</wf>
<wf cmd="tag" pos="NN">proof</wf>
<punc>.</punc>
</s>
</p>
<p pnum="41">
<s snum="113">
<wf cmd="tag" pos="NNS">Visitors</wf>
<wf cmd="ignore" pos="TO">to</wf>
<wf cmd="ignore" pos="DT">the</wf>
<wf cmd="tag" pos="NN">school</wf>
<wf cmd="done" pos="VB" lemma="ask" wnsn="1" lexsn="2:32:00::">ask</wf>
<wf cmd="ignore" pos="WP">what</wf>
<wf cmd="tag" pos="NN">shampoo</wf>
<wf cmd="ignore" pos="PRP">they</wf>
<wf cmd="done" pos="VB" lemma="use" wnsn="1" lexsn="2:34:01::">use</wf>
<wf cmd="ignore" pos="IN">on</wf>
<wf cmd="ignore" pos="DT">the</wf>
<wf cmd="tag" pos="NNS">children</wf>
<wf cmd="ignore" pos="POS">'s</wf>
<wf cmd="tag" pos="NN">hair</wf>
<wf cmd="ignore" pos="TO">to</wf>
<wf cmd="done" pos="VB" lemma="bring_out" wnsn="1" lexsn="2:39:00::">bring_out</wf>
<wf cmd="ignore" pos="DT">the</wf>
<wf cmd="tag" pos="NN">sheen</wf>
<punc>.</punc>
</s>
<s snum="114">
<wf cmd="ignore" pos="DT">The</wf>
<wf cmd="tag" pos="JJ">ruddy</wf>
<wf cmd="tag" pos="NN">complexion</wf>
<wf cmd="ignore" pos="IN">of</wf>
<wf cmd="ignore" pos="DT">the</wf>
<wf cmd="tag" pos="NN">faces</wf>
<wf cmd="tag" pos="RB">also</wf>
<wf cmd="done" pos="VB" lemma="bring" wnsn="3" lexsn="2:36:00::">brings</wf>
<wf cmd="tag" pos="NN">comment</wf>
<punc>.</punc>
</s>
</p>
</context>
</contextfile>
