<contextfile concordance="brown">
<context filename="br-g07" paras="yes">
<p pnum="1">
<s snum="1">
<wf cmd="tag" pos="RB">Once_again</wf>
<punc>,</punc>
<wf cmd="ignore" pos="IN">as</wf>
<wf cmd="ignore" pos="IN">in</wf>
<wf cmd="ignore" pos="DT">the</wf>
<wf cmd="tag" pos="NNS">days</wf>
<wf cmd="ignore" pos="IN">of</wf>
<wf cmd="ignore" pos="DT">the</wf>
<wf cmd="tag" pos="NNP">Founding</wf>
<wf cmd="tag" pos="NNPS">Fathers</wf>
<punc>,</punc>
<wf cmd="tag" pos="NNP">America</wf>
<wf cmd="done" pos="VB" lemma="face" wnsn="2" lexsn="2:33:00::">faces</wf>
<wf cmd="ignore" pos="DT">a</wf>
<wf cmd="tag" pos="JJ">stern</wf>
<wf cmd="tag" pos="NN">test</wf>
<punc>.</punc>
</s>
<s snum="2">
<wf cmd="ignore" pos="DT">That</wf>
<wf cmd="tag" pos="NN">test</wf>
<punc>,</punc>
<wf cmd="ignore" pos="IN">as</wf>
<wf cmd="tag" pos="NNP">President_Kennedy</wf>
<wf cmd="tag" pos="RB">forthrightly</wf>
<wf cmd="done" pos="VB" lemma="depict" wnsn="2" lexsn="2:32:01::">depicted</wf>
<wf cmd="ignore" pos="PRP">it</wf>
<wf cmd="ignore" pos="IN">in</wf>
<wf cmd="ignore" pos="PRP$">his</wf>
<wf cmd="tag" pos="NNP">State</wf>
<wf cmd="ignore" pos="IN">of</wf>
<wf cmd="ignore" pos="DT">the</wf>
<wf cmd="tag" pos="NNP">Union</wf>
<wf cmd="tag" pos="NN">message</wf>
<punc>,</punc>
<wf cmd="ignore" pos="MD">will</wf>
<wf cmd="done" pos="VB" lemma="determine" wnsn="1" lexsn="2:32:00::">determine</wf>
<punc>``</punc>
<wf cmd="ignore" pos="IN">whether</wf>
<wf cmd="ignore" pos="DT">a</wf>
<wf cmd="tag" pos="NN">nation</wf>
<wf cmd="tag" pos="JJ">organized</wf>
<wf cmd="ignore" pos="CC">and</wf>
<wf cmd="tag" pos="JJ">governed</wf>
<wf cmd="tag" pos="JJ">such_as</wf>
<wf cmd="ignore" pos="PRP">ours</wf>
<wf cmd="ignore" pos="MD">can</wf>
<wf cmd="done" pos="VB" lemma="endure" wnsn="3" lexsn="2:42:00::">endure</wf>
<punc>''</punc>
<punc>.</punc>
</s>
</p>
<p pnum="2">
<s snum="3">
<wf cmd="ignore" pos="PRP">It</wf>
<wf cmd="done" pos="VB" lemma="be" wnsn="1" lexsn="2:42:03::">is</wf>
<wf cmd="tag" pos="JJ">well</wf>
<wf cmd="tag" pos="RB">then</wf>
<wf cmd="ignore" pos="IN">that</wf>
<wf cmd="tag" pos="RB">in_this</wf>
<wf cmd="tag" pos="NN">hour</wf>
<wf cmd="ignore" pos="DT">both</wf>
<wf cmd="ignore" pos="IN">of</wf>
<punc>``</punc>
<wf cmd="tag" pos="JJ">national</wf>
<wf cmd="tag" pos="NN">peril</wf>
<punc>''</punc>
<wf cmd="ignore" pos="CC">and</wf>
<wf cmd="ignore" pos="IN">of</wf>
<punc>``</punc>
<wf cmd="tag" pos="JJ">national</wf>
<wf cmd="tag" pos="NN">opportunity</wf>
<punc>''</punc>
<wf cmd="ignore" pos="PRP">we</wf>
<wf cmd="ignore" pos="MD">can</wf>
<wf cmd="done" pos="VB" lemma="take_counsel" wnsn="0" lexsn="2:31:00::">take_counsel</wf>
<wf cmd="ignore" pos="IN">with</wf>
<wf cmd="ignore" pos="DT">the</wf>
<wf cmd="tag" pos="NNS">men</wf>
<wf cmd="ignore" pos="WP">who</wf>
<wf cmd="done" pos="VB" lemma="make" wnsn="5" lexsn="2:36:08::">made</wf>
<wf cmd="ignore" pos="DT">the</wf>
<wf cmd="tag" pos="NN">nation</wf>
<punc>.</punc>
</s>
<s snum="4">
<wf cmd="tag" pos="JJ">Incapable_of</wf>
<wf cmd="tag" pos="NN">self-delusion</wf>
<punc>,</punc>
<wf cmd="ignore" pos="DT">the</wf>
<wf cmd="tag" pos="NNP">Founding</wf>
<wf cmd="tag" pos="NNPS">Fathers</wf>
<wf cmd="done" pos="VB" lemma="find" wnsn="6" lexsn="2:39:01::">found</wf>
<wf cmd="ignore" pos="DT">the</wf>
<wf cmd="tag" pos="NN">crisis</wf>
<wf cmd="ignore" pos="IN">of</wf>
<wf cmd="ignore" pos="PRP$">their</wf>
<wf cmd="tag" pos="NN">time</wf>
<wf cmd="ignore" pos="TO">to</wf>
<wf cmd="done" pos="VB" lemma="be" wnsn="1" lexsn="2:42:03::">be</wf>
<wf cmd="tag" pos="RB">equally</wf>
<wf cmd="tag" pos="JJ">grave</wf>
<punc>,</punc>
<wf cmd="ignore" pos="CC">and</wf>
<wf cmd="tag" pos="RB">yet</wf>
<wf cmd="ignore" pos="PRP">they</wf>
<wf cmd="done" pos="VB" lemma="have" wnsn="1" lexsn="2:40:00::">had</wf>
<wf cmd="tag" pos="NN">confidence</wf>
<wf cmd="ignore" pos="IN">that</wf>
<wf cmd="tag" pos="NNP">America</wf>
<wf cmd="ignore" pos="MD">would</wf>
<wf cmd="done" pos="VB" lemma="surmount" wnsn="1" lexsn="2:33:00::">surmount</wf>
<wf cmd="ignore" pos="PRP">it</wf>
<wf cmd="ignore" pos="CC">and</wf>
<wf cmd="ignore" pos="IN">that</wf>
<wf cmd="ignore" pos="DT">a</wf>
<wf cmd="tag" pos="NN">republic</wf>
<wf cmd="ignore" pos="IN">of</wf>
<wf cmd="tag" pos="JJ">free</wf>
<wf cmd="tag" pos="NNS">peoples</wf>
<wf cmd="ignore" pos="MD">would</wf>
<wf cmd="done" pos="VB" lemma="prosper" wnsn="0" lexsn="2:30:00::">prosper</wf>
<wf cmd="ignore" pos="CC">and</wf>
<wf cmd="done" pos="VB" lemma="serve" wnsn="1" lexsn="2:42:03::">serve</wf>
<wf cmd="done" pos="VB" ot="notag">as</wf>
<wf cmd="ignore" pos="DT">an</wf>
<wf cmd="tag" pos="NN">example</wf>
<wf cmd="ignore" pos="TO">to</wf>
<wf cmd="ignore" pos="DT">a</wf>
<wf cmd="tag" pos="NN">world</wf>
<wf cmd="done" pos="VB" lemma="ache" wnsn="2" lexsn="2:37:06::">aching</wf>
<wf cmd="ignore" pos="IN">for</wf>
<wf cmd="tag" pos="NN">liberty</wf>
<punc>.</punc>
</s>
</p>
<p pnum="3">
<s snum="5">
<wf cmd="tag" pos="CD">Seven</wf>
<wf cmd="tag" pos="NNPS">Founders</wf>
<punc>-</punc>
<wf cmd="tag" pos="NN">George_Washington</wf>
<punc>,</punc>
<wf cmd="tag" pos="NNP">Benjamin_Franklin</wf>
<punc>,</punc>
<wf cmd="tag" pos="NNP">John_Adams</wf>
<punc>,</punc>
<wf cmd="tag" pos="NNP">Thomas_Jefferson</wf>
<punc>,</punc>
<wf cmd="tag" pos="NNP">Alexander_Hamilton</wf>
<punc>,</punc>
<wf cmd="tag" pos="NNP">James_Madison</wf>
<wf cmd="ignore" pos="CC">and</wf>
<wf cmd="tag" pos="NNP">John_Jay</wf>
<punc>-</punc>
<wf cmd="done" pos="VB" lemma="determine" wnsn="2" lexsn="2:31:02::">determined</wf>
<wf cmd="ignore" pos="DT">the</wf>
<wf cmd="tag" pos="NNS">destinies</wf>
<wf cmd="ignore" pos="IN">of</wf>
<wf cmd="ignore" pos="DT">the</wf>
<wf cmd="tag" pos="JJ">new</wf>
<wf cmd="tag" pos="NN">nation</wf>
<punc>.</punc>
</s>
<s snum="6">
<wf cmd="ignore" pos="IN">In</wf>
<wf cmd="tag" pos="JJ">certain</wf>
<wf cmd="tag" pos="NNS">respects</wf>
<punc>,</punc>
<wf cmd="ignore" pos="PRP$">their</wf>
<wf cmd="tag" pos="NN">task</wf>
<wf cmd="done" pos="VB" lemma="be" wnsn="1" lexsn="2:42:03::">was</wf>
<wf cmd="tag" pos="RB">incomparably</wf>
<wf cmd="tag" pos="JJR">greater</wf>
<wf cmd="ignore" pos="IN">than</wf>
<wf cmd="ignore" pos="PRP">ours</wf>
<wf cmd="tag" pos="NN">today</wf>
<punc>,</punc>
<wf cmd="ignore" pos="IN">for</wf>
<wf cmd="ignore" pos="EX">there</wf>
<wf cmd="done" pos="VB" lemma="be" wnsn="4" lexsn="2:42:00::">was</wf>
<wf cmd="tag" pos="NN">nobody</wf>
<wf cmd="ignore" pos="IN">before</wf>
<wf cmd="ignore" pos="PRP">them</wf>
<wf cmd="ignore" pos="TO">to</wf>
<wf cmd="done" pos="VB" lemma="show" wnsn="7" lexsn="2:32:01::">show</wf>
<wf cmd="ignore" pos="PRP">them</wf>
<wf cmd="ignore" pos="DT">the</wf>
<wf cmd="tag" pos="NN">way</wf>
<punc>.</punc>
</s>
<s snum="7">
<wf cmd="ignore" pos="IN">As</wf>
<wf cmd="tag" pos="NNP">Madison</wf>
<wf cmd="done" pos="VB" lemma="comment" wnsn="1" lexsn="2:32:00::">commented</wf>
<wf cmd="ignore" pos="TO">to</wf>
<wf cmd="tag" pos="NNP">Jefferson</wf>
<wf cmd="ignore" pos="IN">in</wf>
<wf cmd="tag" pos="CD">1789</wf>
<punc>,</punc>
<punc>``</punc>
<wf cmd="ignore" pos="PRP">We</wf>
<wf cmd="done" pos="VB" lemma="be" wnsn="3" lexsn="2:42:05::">are</wf>
<wf cmd="ignore" pos="IN">in</wf>
<wf cmd="ignore" pos="DT">a</wf>
<wf cmd="tag" pos="NN">wilderness</wf>
<wf cmd="ignore" pos="IN">without</wf>
<wf cmd="ignore" pos="DT">a</wf>
<wf cmd="tag" pos="JJ">single</wf>
<wf cmd="tag" pos="NN">footstep</wf>
<wf cmd="ignore" pos="TO">to</wf>
<wf cmd="done" pos="VB" lemma="guide" wnsn="2" lexsn="2:38:00::">guide</wf>
<wf cmd="ignore" pos="PRP">us</wf>
<punc>.</punc>
</s>
<s snum="8">
<wf cmd="ignore" pos="PRP$">Our</wf>
<wf cmd="tag" pos="NNS">successors</wf>
<wf cmd="ignore" pos="MD">will</wf>
<wf cmd="done" pos="VB" lemma="have" wnsn="1" lexsn="2:40:00::">have</wf>
<wf cmd="ignore" pos="DT">an</wf>
<wf cmd="tag" pos="JJR">easier</wf>
<wf cmd="tag" pos="NN">task</wf>
<punc>''</punc>
<punc>.</punc>
</s>
</p>
<p pnum="4">
<s snum="9">
<wf cmd="ignore" pos="PRP">They</wf>
<wf cmd="done" pos="VB" lemma="think_of" wnsn="3" lexsn="2:31:01::">thought_of</wf>
<wf cmd="ignore" pos="PRP">themselves</wf>
<punc>,</punc>
<wf cmd="ignore" pos="TO">to</wf>
<wf cmd="done" pos="VB" lemma="use" wnsn="1" lexsn="2:34:01::">use</wf>
<wf cmd="tag" pos="NNP">Jefferson</wf>
<wf cmd="ignore" pos="POS">'s</wf>
<wf cmd="tag" pos="NNS">words</wf>
<punc>,</punc>
<wf cmd="ignore" pos="IN">as</wf>
<punc>``</punc>
<wf cmd="ignore" pos="DT">the</wf>
<wf cmd="tag" pos="NNPS">Argonauts</wf>
<punc>''</punc>
<wf cmd="ignore" pos="WP">who</wf>
<wf cmd="done" pos="VBD" ot="notag">had</wf>
<wf cmd="done" pos="VB" lemma="live" wnsn="5" lexsn="2:42:00::">lived</wf>
<wf cmd="done" pos="VB" ot="notag">in</wf>
<punc>``</punc>
<wf cmd="ignore" pos="DT">the</wf>
<wf cmd="tag" pos="NNP">Heroic_Age</wf>
<punc>''</punc>
<punc>.</punc>
</s>
<s snum="10">
<wf cmd="tag" pos="RB">Accordingly</wf>
<punc>,</punc>
<wf cmd="ignore" pos="PRP">they</wf>
<wf cmd="done" rdf="take_pains" pos="VB" lemma="take_pains" wnsn="1" lexsn="2:41:00::">took</wf>
<wf cmd="tag" pos="JJ">special</wf>
<wf cmd="tag" pos="NNS">pains</wf>
<wf cmd="ignore" pos="TO">to</wf>
<wf cmd="done" pos="VB" lemma="preserve" wnsn="3" lexsn="2:40:01::">preserve</wf>
<wf cmd="ignore" pos="PRP$">their</wf>
<wf cmd="tag" pos="NNS">papers</wf>
<wf cmd="ignore" pos="IN">as</wf>
<wf cmd="tag" pos="JJ">essential</wf>
<wf cmd="tag" pos="NNS">sources</wf>
<wf cmd="ignore" pos="IN">for</wf>
<wf cmd="tag" pos="NN">posterity</wf>
<punc>.</punc>
</s>
<s snum="11">
<wf cmd="ignore" pos="PRP$">Their</wf>
<wf cmd="tag" pos="NNS">writings</wf>
<wf cmd="done" pos="VB" lemma="assume" wnsn="3" lexsn="2:30:00::">assume</wf>
<wf cmd="tag" pos="RB">more_than</wf>
<wf cmd="tag" pos="JJ">dramatic</wf>
<wf cmd="ignore" pos="CC">or</wf>
<wf cmd="tag" pos="JJ">patriotic</wf>
<wf cmd="tag" pos="NN">interest</wf>
<wf cmd="ignore" pos="IN">because</wf>
<wf cmd="ignore" pos="IN">of</wf>
<wf cmd="ignore" pos="PRP$">their</wf>
<wf cmd="tag" pos="NN">conviction</wf>
<wf cmd="ignore" pos="IN">that</wf>
<wf cmd="ignore" pos="DT">the</wf>
<wf cmd="tag" pos="NN">struggle</wf>
<wf cmd="tag" pos="RB">in_which</wf>
<wf cmd="ignore" pos="PRP">they</wf>
<wf cmd="done" pos="VB" ot="notag">were</wf>
<wf cmd="done" pos="VB" lemma="involve" wnsn="2" lexsn="2:42:04::">involved</wf>
<wf cmd="done" pos="VB" lemma="be" wnsn="1" lexsn="2:42:03::">was</wf>
<wf cmd="ignore" pos="DT">neither</wf>
<wf cmd="tag" pos="JJ">selfish</wf>
<wf cmd="ignore" pos="CC">nor</wf>
<wf cmd="tag" pos="JJ">parochial</wf>
<wf cmd="ignore" pos="CC">but</wf>
<punc>,</punc>
<wf cmd="tag" pos="RB">rather</wf>
<punc>,</punc>
<wf cmd="ignore" pos="IN">as</wf>
<wf cmd="tag" pos="NNP">Washington</wf>
<wf cmd="ignore" pos="IN">in</wf>
<wf cmd="ignore" pos="PRP$">his</wf>
<wf cmd="tag" pos="JJ">last</wf>
<wf cmd="tag" pos="NN">wartime</wf>
<wf cmd="tag" pos="JJ">circular</wf>
<wf cmd="done" pos="VB" lemma="remind" wnsn="2" lexsn="2:32:00::">reminded</wf>
<wf cmd="ignore" pos="PRP$">his</wf>
<wf cmd="tag" pos="NN">fellow</wf>
<wf cmd="tag" pos="NNS">countrymen</wf>
<punc>,</punc>
<wf cmd="ignore" pos="IN">that</wf>
<punc>``</punc>
<wf cmd="ignore" pos="IN">with</wf>
<wf cmd="ignore" pos="PRP$">our</wf>
<wf cmd="tag" pos="NN">fate</wf>
<wf cmd="ignore" pos="MD">will</wf>
<wf cmd="ignore" pos="DT">the</wf>
<wf cmd="tag" pos="NN">destiny</wf>
<wf cmd="ignore" pos="IN">of</wf>
<wf cmd="tag" pos="JJ">unborn</wf>
<wf cmd="tag" pos="NNS">millions</wf>
<wf cmd="done" pos="VB" ot="notag">be</wf>
<wf cmd="done" pos="VB" lemma="involve" wnsn="1" lexsn="2:42:01::">involved</wf>
<punc>''</punc>
<punc>.</punc>
</s>
</p>
<p pnum="5">
<s snum="12">
<wf cmd="tag" pos="JJ">Strong</wf>
<wf cmd="tag" pos="NNS">men</wf>
<wf cmd="ignore" pos="IN">with</wf>
<wf cmd="tag" pos="JJ">strong</wf>
<wf cmd="tag" pos="NNS">opinions</wf>
<punc>,</punc>
<wf cmd="tag" pos="JJ">frank</wf>
<wf cmd="tag" pos="JJ">to_the_point</wf>
<wf cmd="ignore" pos="IN">of</wf>
<wf cmd="done" pos="VB" lemma="be" wnsn="1" lexsn="2:42:03::">being</wf>
<wf cmd="tag" pos="RB">refreshingly</wf>
<wf cmd="tag" pos="JJ">indiscreet</wf>
<punc>,</punc>
<wf cmd="ignore" pos="DT">the</wf>
<wf cmd="tag" pos="NNP">Founding</wf>
<wf cmd="tag" pos="CD">Seven</wf>
<wf cmd="done" pos="VB" lemma="be" wnsn="1" lexsn="2:42:03::">were</wf>
<wf cmd="tag" pos="RB">essentially</wf>
<wf cmd="tag" pos="JJ">congenial</wf>
<wf cmd="tag" pos="NNS">minds</wf>
<punc>,</punc>
<wf cmd="ignore" pos="CC">and</wf>
<wf cmd="ignore" pos="PRP$">their</wf>
<wf cmd="tag" pos="NNS">agreements</wf>
<wf cmd="ignore" pos="IN">with</wf>
<wf cmd="ignore" pos="DT">each</wf>
<wf cmd="tag" pos="JJ">other</wf>
<wf cmd="done" pos="VB" lemma="be" wnsn="1" lexsn="2:42:03::">were</wf>
<wf cmd="tag" pos="RBR">more</wf>
<wf cmd="tag" pos="JJ">consequential</wf>
<wf cmd="ignore" pos="IN">than</wf>
<wf cmd="ignore" pos="PRP$">their</wf>
<wf cmd="tag" pos="NNS">differences</wf>
<punc>.</punc>
</s>
<s snum="13">
<wf cmd="tag" pos="RB">Even_though</wf>
<wf cmd="ignore" pos="IN">in</wf>
<wf cmd="tag" pos="JJS">most</wf>
<wf cmd="tag" pos="NNS">cases</wf>
<wf cmd="ignore" pos="DT">the</wf>
<wf cmd="tag" pos="NN">completion</wf>
<wf cmd="ignore" pos="IN">of</wf>
<wf cmd="ignore" pos="DT">the</wf>
<wf cmd="tag" pos="JJ">definitive</wf>
<wf cmd="tag" pos="NNS">editions</wf>
<wf cmd="ignore" pos="IN">of</wf>
<wf cmd="ignore" pos="PRP$">their</wf>
<wf cmd="tag" pos="NNS">writings</wf>
<wf cmd="done" pos="VB" lemma="be" wnsn="1" lexsn="2:42:03::">is</wf>
<wf cmd="tag" pos="RB">still</wf>
<wf cmd="tag" pos="NNS">years</wf>
<wf cmd="tag" pos="RB">off</wf>
<punc>,</punc>
<wf cmd="tag" pos="RB">enough</wf>
<wf cmd="tag" pos="NN">documentation</wf>
<wf cmd="done" pos="VBZ" ot="notag">has</wf>
<wf cmd="tag" pos="RB">already</wf>
<wf cmd="done" pos="VBN" ot="notag">been</wf>
<wf cmd="done" pos="VB" lemma="assemble" wnsn="1" lexsn="2:36:00::">assembled</wf>
<wf cmd="ignore" pos="TO">to</wf>
<wf cmd="done" pos="VB" lemma="warrant" wnsn="1" lexsn="2:32:00::">warrant</wf>
<wf cmd="done" pos="VB" lemma="draw" wnsn="8" lexsn="2:32:00::">drawing</wf>
<wf cmd="ignore" pos="DT">a</wf>
<wf cmd="tag" pos="JJ">new</wf>
<wf cmd="tag" pos="JJ">composite</wf>
<wf cmd="tag" pos="NN">profile</wf>
<wf cmd="ignore" pos="IN">of</wf>
<wf cmd="ignore" pos="DT">the</wf>
<wf cmd="tag" pos="NN">leadership</wf>
<wf cmd="ignore" pos="WDT">which</wf>
<wf cmd="done" pos="VB" lemma="perform" wnsn="2" lexsn="2:41:02::">performed</wf>
<wf cmd="ignore" pos="DT">the</wf>
<wf cmd="tag" pos="JJ">heroic</wf>
<wf cmd="tag" pos="JJ">dual</wf>
<wf cmd="tag" pos="NNS">feats</wf>
<wf cmd="ignore" pos="IN">of</wf>
<wf cmd="done" pos="VB" lemma="win" wnsn="2" lexsn="2:40:00::">winning</wf>
<wf cmd="tag" pos="NNP">American</wf>
<wf cmd="tag" pos="NN">independence</wf>
<wf cmd="ignore" pos="CC">and</wf>
<wf cmd="done" pos="VB" lemma="found" wnsn="2" lexsn="2:36:00::">founding</wf>
<wf cmd="ignore" pos="DT">a</wf>
<wf cmd="tag" pos="JJ">new</wf>
<wf cmd="tag" pos="NN">nation</wf>
<punc>.</punc>
</s>
</p>
<p pnum="6">
<s snum="14">
<wf cmd="ignore" pos="IN">Before</wf>
<wf cmd="done" pos="VB" lemma="merge" wnsn="1" lexsn="2:30:00::">merging</wf>
<wf cmd="ignore" pos="PRP">them</wf>
<wf cmd="ignore" pos="IN">into</wf>
<wf cmd="ignore" pos="DT">a</wf>
<wf cmd="tag" pos="JJ">common</wf>
<wf cmd="tag" pos="NN">profile</wf>
<wf cmd="ignore" pos="PRP">it</wf>
<wf cmd="done" pos="VB" lemma="be" wnsn="1" lexsn="2:42:03::">is</wf>
<wf cmd="tag" pos="JJ">well</wf>
<wf cmd="ignore" pos="TO">to</wf>
<wf cmd="done" pos="VB" lemma="remember" wnsn="2" lexsn="2:31:01::">remember</wf>
<wf cmd="ignore" pos="IN">that</wf>
<wf cmd="ignore" pos="PRP$">their</wf>
<wf cmd="tag" pos="JJ">separate</wf>
<wf cmd="tag" pos="NNS">careers</wf>
<wf cmd="done" pos="VB" lemma="be" wnsn="1" lexsn="2:42:03::">were</wf>
<wf cmd="tag" pos="JJ">extraordinary</wf>
<punc>.</punc>
</s>
<s snum="15">
<wf cmd="tag" pos="RB">Certainly</wf>
<wf cmd="ignore" pos="DT">no</wf>
<wf cmd="tag" pos="JJ">other</wf>
<wf cmd="tag" pos="CD">seven</wf>
<wf cmd="tag" pos="NNP">American</wf>
<wf cmd="tag" pos="NNS">statesmen</wf>
<wf cmd="ignore" pos="IN">from</wf>
<wf cmd="ignore" pos="DT">any</wf>
<wf cmd="tag" pos="JJ">later</wf>
<wf cmd="tag" pos="NN">period</wf>
<wf cmd="done" pos="VB" lemma="achieve" wnsn="1" lexsn="2:41:00::">achieved</wf>
<wf cmd="tag" pos="RB">so_much</wf>
<wf cmd="ignore" pos="IN">in</wf>
<wf cmd="tag" pos="RB">so</wf>
<wf cmd="tag" pos="JJ">concentrated</wf>
<wf cmd="ignore" pos="DT">a</wf>
<wf cmd="tag" pos="NN">span</wf>
<wf cmd="ignore" pos="IN">of</wf>
<wf cmd="tag" pos="NNS">years</wf>
<punc>.</punc>
</s>
</p>
<p pnum="7">
<s snum="16">
<wf cmd="tag" pos="JJS">Eldest</wf>
<wf cmd="ignore" pos="IN">of</wf>
<wf cmd="ignore" pos="DT">the</wf>
<wf cmd="tag" pos="CD">seven</wf>
<punc>,</punc>
<wf cmd="tag" pos="NNP">Benjamin_Franklin</wf>
<punc>,</punc>
<wf cmd="ignore" pos="DT">a</wf>
<wf cmd="tag" pos="NN">New_Englander</wf>
<wf cmd="done" pos="VB" lemma="transplant" wnsn="1" lexsn="2:38:00::">transplanted</wf>
<wf cmd="ignore" pos="TO">to</wf>
<wf cmd="tag" pos="NNP">Philadelphia</wf>
<punc>,</punc>
<wf cmd="done" pos="VBD" ot="metaphor">wrote</wf>
<wf cmd="tag" pos="RB">the_most</wf>
<wf cmd="tag" pos="JJ">dazzling</wf>
<wf cmd="tag" pos="NN">success</wf>
<wf cmd="tag" pos="NN">story</wf>
<wf cmd="ignore" pos="IN">in</wf>
<wf cmd="ignore" pos="PRP$">our</wf>
<wf cmd="tag" pos="NN">history</wf>
<punc>.</punc>
</s>
<s snum="17">
<wf cmd="ignore" pos="DT">The</wf>
<wf cmd="tag" pos="JJ">young</wf>
<wf cmd="tag" pos="NN">printer</wf>
<wf cmd="ignore" pos="POS">'s</wf>
<wf cmd="tag" pos="NN">apprentice</wf>
<wf cmd="done" pos="VB" lemma="achieve" wnsn="1" lexsn="2:41:00::">achieved</wf>
<wf cmd="tag" pos="NN">greatness</wf>
<wf cmd="ignore" pos="IN">in</wf>
<wf cmd="ignore" pos="DT">a</wf>
<wf cmd="tag" pos="NN">half-dozen</wf>
<wf cmd="tag" pos="JJ">different</wf>
<wf cmd="tag" pos="NNS">fields</wf>
<punc>,</punc>
<wf cmd="ignore" pos="IN">as</wf>
<wf cmd="tag" pos="NN">editor</wf>
<wf cmd="ignore" pos="CC">and</wf>
<wf cmd="tag" pos="NN">publisher</wf>
<punc>,</punc>
<wf cmd="tag" pos="NN">scientist</wf>
<punc>,</punc>
<wf cmd="tag" pos="NN">inventor</wf>
<punc>,</punc>
<wf cmd="tag" pos="NN">philanthropist</wf>
<wf cmd="ignore" pos="CC">and</wf>
<wf cmd="tag" pos="NN">statesman</wf>
<punc>.</punc>
</s>
<s snum="18">
<wf cmd="tag" pos="NNP">Author</wf>
<wf cmd="ignore" pos="IN">of</wf>
<wf cmd="ignore" pos="DT">the</wf>
<wf cmd="tag" pos="NNP">Albany_Plan</wf>
<wf cmd="ignore" pos="IN">of</wf>
<wf cmd="tag" pos="NNP">Union</wf>
<punc>,</punc>
<wf cmd="ignore" pos="WDT">which</wf>
<punc>,</punc>
<wf cmd="done" pos="VBD" ot="notag">had</wf>
<wf cmd="ignore" pos="PRP">it</wf>
<wf cmd="done" pos="VBN" ot="notag">been</wf>
<wf cmd="done" pos="VB" lemma="adopt" wnsn="1" lexsn="2:40:02::">adopted</wf>
<punc>,</punc>
<wf cmd="ignore" pos="MD">might</wf>
<wf cmd="done" pos="VB" ot="notag">have</wf>
<wf cmd="done" pos="VB" lemma="avoid" wnsn="2" lexsn="2:41:01::">avoided</wf>
<wf cmd="ignore" pos="DT">the</wf>
<wf cmd="tag" pos="NNP">Revolution</wf>
<punc>,</punc>
<wf cmd="ignore" pos="PRP">he</wf>
<wf cmd="done" pos="VB" lemma="fight" wnsn="1" lexsn="2:33:00::">fought</wf>
<wf cmd="ignore" pos="DT">the</wf>
<wf cmd="tag" pos="NNS">colonists</wf>
<punc>'</punc>
<wf cmd="tag" pos="JJ">front-line</wf>
<wf cmd="tag" pos="NNS">battles</wf>
<wf cmd="ignore" pos="IN">in</wf>
<wf cmd="tag" pos="NNP">London</wf>
<punc>,</punc>
<wf cmd="done" pos="VB" lemma="negotiate" wnsn="1" lexsn="2:32:00::">negotiated</wf>
<wf cmd="ignore" pos="DT">the</wf>
<wf cmd="tag" pos="NN">treaty</wf>
<wf cmd="ignore" pos="IN">of</wf>
<wf cmd="tag" pos="NN">alliance</wf>
<wf cmd="ignore" pos="IN">with</wf>
<wf cmd="tag" pos="NNP">France</wf>
<wf cmd="ignore" pos="CC">and</wf>
<wf cmd="ignore" pos="DT">the</wf>
<wf cmd="tag" pos="NN">peace</wf>
<wf cmd="ignore" pos="WDT">that</wf>
<wf cmd="done" pos="VB" lemma="end" wnsn="2" lexsn="2:30:01::">ended</wf>
<wf cmd="ignore" pos="DT">the</wf>
<wf cmd="tag" pos="NN">war</wf>
<punc>,</punc>
<wf cmd="done" pos="VB" lemma="head" wnsn="4" lexsn="2:42:01::">headed</wf>
<wf cmd="ignore" pos="DT">the</wf>
<wf cmd="tag" pos="NN">state_government</wf>
<wf cmd="ignore" pos="IN">of</wf>
<wf cmd="tag" pos="NNP">Pennsylvania</wf>
<punc>,</punc>
<wf cmd="ignore" pos="CC">and</wf>
<wf cmd="done" pos="VB" lemma="exercise" wnsn="1" lexsn="2:34:00::">exercised</wf>
<wf cmd="ignore" pos="DT">an</wf>
<wf cmd="tag" pos="JJ">important</wf>
<wf cmd="tag" pos="JJ">moderating</wf>
<wf cmd="tag" pos="NN">influence</wf>
<wf cmd="ignore" pos="IN">at</wf>
<wf cmd="ignore" pos="DT">the</wf>
<wf cmd="tag" pos="NNP">Federal_Convention</wf>
<punc>.</punc>
</s>
</p>
<p pnum="8">
<s snum="19">
<wf cmd="ignore" pos="IN">On</wf>
<wf cmd="ignore" pos="DT">a</wf>
<wf cmd="tag" pos="NN">military_mission</wf>
<wf cmd="ignore" pos="IN">for</wf>
<wf cmd="ignore" pos="PRP$">his</wf>
<wf cmd="tag" pos="JJ">native</wf>
<wf cmd="tag" pos="NNP">Virginia</wf>
<wf cmd="ignore" pos="DT">the</wf>
<wf cmd="tag" pos="JJ">youthful</wf>
<wf cmd="tag" pos="NN">George_Washington</wf>
<wf cmd="done" pos="VB" lemma="touch_off" wnsn="1" lexsn="2:36:00::">touched_off</wf>
<wf cmd="tag" pos="NN">the_French</wf>
<wf cmd="ignore" pos="CC">and</wf>
<wf cmd="tag" pos="NNP">Indian_War</wf>
<punc>,</punc>
<wf cmd="tag" pos="RB">then</wf>
<wf cmd="done" pos="VB" lemma="guard" wnsn="2" lexsn="2:33:00::">guarded</wf>
<wf cmd="ignore" pos="PRP$">his</wf>
<wf cmd="tag" pos="NN">colony</wf>
<wf cmd="ignore" pos="POS">'s</wf>
<wf cmd="tag" pos="NN">frontier</wf>
<wf cmd="ignore" pos="IN">as</wf>
<wf cmd="tag" pos="NN">head</wf>
<wf cmd="ignore" pos="IN">of</wf>
<wf cmd="ignore" pos="PRP$">its</wf>
<wf cmd="tag" pos="NN">militia</wf>
<punc>.</punc>
</s>
<s snum="20">
<wf cmd="done" pos="VB" lemma="command" wnsn="1" lexsn="2:32:01::">Commanding</wf>
<wf cmd="ignore" pos="DT">the</wf>
<wf cmd="tag" pos="NNP">Continental_Army</wf>
<wf cmd="ignore" pos="IN">for</wf>
<wf cmd="tag" pos="CD">six</wf>
<wf cmd="tag" pos="JJ">long</wf>
<wf cmd="tag" pos="NNS">years</wf>
<wf cmd="ignore" pos="IN">of</wf>
<wf cmd="ignore" pos="DT">the</wf>
<wf cmd="tag" pos="NNP">Revolution</wf>
<punc>,</punc>
<wf cmd="ignore" pos="PRP">he</wf>
<wf cmd="done" pos="VB" lemma="be" wnsn="1" lexsn="2:42:03::">was</wf>
<wf cmd="ignore" pos="DT">the</wf>
<wf cmd="tag" pos="JJ">indispensable</wf>
<wf cmd="tag" pos="NN">factor</wf>
<wf cmd="done" pos="VB" ot="notag">in</wf>
<wf cmd="ignore" pos="DT">the</wf>
<wf cmd="tag" pos="JJ">ultimate</wf>
<wf cmd="tag" pos="NN">victory</wf>
<punc>.</punc>
</s>
<s snum="21">
<wf cmd="done" pos="VB" lemma="retire" wnsn="2" lexsn="2:41:02::">Retiring</wf>
<wf cmd="ignore" pos="TO">to</wf>
<wf cmd="ignore" pos="PRP$">his</wf>
<wf cmd="tag" pos="JJ">beloved</wf>
<wf cmd="tag" pos="NNP">Mount_Vernon</wf>
<punc>,</punc>
<wf cmd="ignore" pos="PRP">he</wf>
<wf cmd="done" pos="VB" lemma="return" wnsn="1" lexsn="2:38:00::">returned</wf>
<wf cmd="done" pos="VB" ot="notag">to</wf>
<wf cmd="done" pos="VB" lemma="preside" wnsn="0" lexsn="2:41:01::">preside</wf>
<wf cmd="ignore" pos="IN">over</wf>
<wf cmd="ignore" pos="DT">the</wf>
<wf cmd="tag" pos="NNP">Federal_Convention</wf>
<punc>,</punc>
<wf cmd="ignore" pos="CC">and</wf>
<wf cmd="done" pos="VB" lemma="be" wnsn="1" lexsn="2:42:03::">was</wf>
<wf cmd="ignore" pos="DT">the</wf>
<wf cmd="tag" pos="JJ">only</wf>
<wf cmd="tag" pos="NN">man</wf>
<wf cmd="ignore" pos="IN">in</wf>
<wf cmd="tag" pos="NN">history</wf>
<wf cmd="ignore" pos="TO">to</wf>
<wf cmd="done" pos="VB" ot="notag">be</wf>
<wf cmd="tag" pos="RB">unanimously</wf>
<wf cmd="done" pos="VB" lemma="elect" wnsn="1" lexsn="2:41:00::">elected</wf>
<wf cmd="tag" pos="NNP">President</wf>
<punc>.</punc>
</s>
<s snum="22">
<wf cmd="ignore" pos="IN">During</wf>
<wf cmd="ignore" pos="PRP$">his</wf>
<wf cmd="tag" pos="CD">two</wf>
<wf cmd="tag" pos="NNS">terms</wf>
<wf cmd="ignore" pos="DT">the</wf>
<wf cmd="tag" pos="NNP">Constitution</wf>
<wf cmd="done" pos="VBD" ot="notag">was</wf>
<wf cmd="done" pos="VB" lemma="test" wnsn="1" lexsn="2:41:00::">tested</wf>
<wf cmd="ignore" pos="CC">and</wf>
<wf cmd="done" pos="VB" lemma="find" wnsn="4" lexsn="2:32:00::">found</wf>
<wf cmd="tag" pos="JJ">workable</wf>
<punc>,</punc>
<wf cmd="tag" pos="JJ">strong</wf>
<wf cmd="tag" pos="JJ">national</wf>
<wf cmd="tag" pos="NNS">policies</wf>
<wf cmd="done" pos="VBD" ot="notag">were</wf>
<wf cmd="done" pos="VB" lemma="inaugurate" wnsn="1" lexsn="2:41:00::">inaugurated</wf>
<punc>,</punc>
<wf cmd="ignore" pos="CC">and</wf>
<wf cmd="ignore" pos="DT">the</wf>
<wf cmd="tag" pos="NNS">traditions</wf>
<wf cmd="ignore" pos="CC">and</wf>
<wf cmd="tag" pos="NNS">powers</wf>
<wf cmd="ignore" pos="IN">of</wf>
<wf cmd="ignore" pos="DT">the</wf>
<wf cmd="tag" pos="JJ">Presidential</wf>
<wf cmd="tag" pos="NN">office</wf>
<wf cmd="tag" pos="RB">firmly</wf>
<wf cmd="done" pos="VB" lemma="fix" wnsn="6" lexsn="2:36:01::">fixed</wf>
<punc>.</punc>
</s>
</p>
<p pnum="9">
<s snum="23">
<wf cmd="tag" pos="NNP">John_Adams</wf>
<wf cmd="done" pos="VB" lemma="fashion" wnsn="1" lexsn="2:36:00::">fashioned</wf>
<wf cmd="tag" pos="JJ">much</wf>
<wf cmd="ignore" pos="IN">of</wf>
<wf cmd="tag" pos="JJ">pre-Revolutionary</wf>
<wf cmd="tag" pos="JJ">radical</wf>
<wf cmd="tag" pos="NN">ideology</wf>
<punc>,</punc>
<wf cmd="done" pos="VB" lemma="write" wnsn="1" lexsn="2:36:00::">wrote</wf>
<wf cmd="ignore" pos="DT">the</wf>
<wf cmd="tag" pos="NN">constitution</wf>
<wf cmd="ignore" pos="IN">of</wf>
<wf cmd="ignore" pos="PRP$">his</wf>
<wf cmd="tag" pos="NN">home</wf>
<wf cmd="tag" pos="NN">state</wf>
<wf cmd="ignore" pos="IN">of</wf>
<wf cmd="tag" pos="NNP">Massachusetts</wf>
<punc>,</punc>
<wf cmd="done" pos="VB" lemma="negotiate" wnsn="1" lexsn="2:32:00::">negotiated</wf>
<punc>,</punc>
<wf cmd="ignore" pos="IN">with</wf>
<wf cmd="tag" pos="NNP">Franklin</wf>
<wf cmd="ignore" pos="CC">and</wf>
<wf cmd="tag" pos="NNP">Jay</wf>
<punc>,</punc>
<wf cmd="ignore" pos="DT">the</wf>
<wf cmd="tag" pos="NN">peace</wf>
<wf cmd="ignore" pos="IN">with</wf>
<wf cmd="tag" pos="NNP">Britain</wf>
<wf cmd="ignore" pos="CC">and</wf>
<wf cmd="done" pos="VB" lemma="serve" wnsn="2" lexsn="2:33:00::">served</wf>
<wf cmd="done" pos="VB" ot="notag">as</wf>
<wf cmd="ignore" pos="PRP$">our</wf>
<wf cmd="tag" pos="JJ">first</wf>
<wf cmd="tag" pos="NN">Vice_President</wf>
<wf cmd="ignore" pos="CC">and</wf>
<wf cmd="ignore" pos="PRP$">our</wf>
<wf cmd="tag" pos="JJ">second</wf>
<wf cmd="tag" pos="NNP">President</wf>
<punc>.</punc>
</s>
</p>
<p pnum="10">
<s snum="24">
<wf cmd="ignore" pos="PRP$">His</wf>
<wf cmd="tag" pos="JJ">political</wf>
<wf cmd="tag" pos="NN">opponent</wf>
<wf cmd="ignore" pos="CC">and</wf>
<wf cmd="tag" pos="NN">lifetime</wf>
<wf cmd="tag" pos="NN">friend</wf>
<punc>,</punc>
<wf cmd="tag" pos="NNP">Thomas_Jefferson</wf>
<punc>,</punc>
<wf cmd="done" pos="VB" lemma="achieve" wnsn="1" lexsn="2:41:00::">achieved</wf>
<wf cmd="tag" pos="NN">immortality</wf>
<wf cmd="ignore" pos="IN">through</wf>
<wf cmd="ignore" pos="PRP$">his</wf>
<wf cmd="tag" pos="NN">authorship</wf>
<wf cmd="ignore" pos="IN">of</wf>
<wf cmd="ignore" pos="DT">the</wf>
<wf cmd="tag" pos="NN">Declaration_of_Independence</wf>
<punc>,</punc>
<wf cmd="ignore" pos="CC">but</wf>
<wf cmd="tag" pos="RB">equally</wf>
<wf cmd="tag" pos="JJ">notable</wf>
<wf cmd="done" pos="VB" lemma="be" wnsn="1" lexsn="2:42:03::">were</wf>
<wf cmd="ignore" pos="DT">the</wf>
<wf cmd="tag" pos="JJ">legal</wf>
<wf cmd="ignore" pos="CC">and</wf>
<wf cmd="tag" pos="JJ">constitutional</wf>
<wf cmd="tag" pos="NNS">reforms</wf>
<wf cmd="ignore" pos="PRP">he</wf>
<wf cmd="done" pos="VB" lemma="institute" wnsn="1" lexsn="2:36:01::">instituted</wf>
<wf cmd="ignore" pos="IN">in</wf>
<wf cmd="ignore" pos="PRP$">his</wf>
<wf cmd="tag" pos="JJ">native</wf>
<wf cmd="tag" pos="NNP">Virginia</wf>
<punc>,</punc>
<wf cmd="ignore" pos="PRP$">his</wf>
<wf cmd="tag" pos="NN">role</wf>
<wf cmd="ignore" pos="IN">as</wf>
<wf cmd="tag" pos="NN">father</wf>
<wf cmd="ignore" pos="IN">of</wf>
<wf cmd="ignore" pos="PRP$">our</wf>
<wf cmd="tag" pos="JJ">territorial</wf>
<wf cmd="tag" pos="NN">system</wf>
<punc>,</punc>
<wf cmd="ignore" pos="CC">and</wf>
<wf cmd="ignore" pos="PRP$">his</wf>
<wf cmd="tag" pos="NN">acquisition</wf>
<wf cmd="ignore" pos="IN">of</wf>
<wf cmd="ignore" pos="DT">the</wf>
<wf cmd="tag" pos="NNP">Louisiana_Territory</wf>
<wf cmd="ignore" pos="IN">during</wf>
<wf cmd="ignore" pos="PRP$">his</wf>
<wf cmd="tag" pos="JJ">first</wf>
<wf cmd="tag" pos="NN">term</wf>
<wf cmd="ignore" pos="IN">as</wf>
<wf cmd="tag" pos="NNP">President</wf>
<punc>.</punc>
</s>
</p>
<p pnum="11">
<s snum="25">
<wf cmd="ignore" pos="IN">During</wf>
<wf cmd="ignore" pos="DT">the</wf>
<wf cmd="tag" pos="JJR">greater</wf>
<wf cmd="tag" pos="NN">part</wf>
<wf cmd="ignore" pos="IN">of</wf>
<wf cmd="tag" pos="NNP">Jefferson</wf>
<wf cmd="ignore" pos="POS">'s</wf>
<wf cmd="tag" pos="NN">career</wf>
<wf cmd="ignore" pos="PRP">he</wf>
<wf cmd="done" pos="VB" lemma="enjoy" wnsn="2" lexsn="2:34:01::">enjoyed</wf>
<wf cmd="ignore" pos="DT">the</wf>
<wf cmd="tag" pos="NN">close</wf>
<wf cmd="tag" pos="NN">collaboration</wf>
<wf cmd="ignore" pos="IN">of</wf>
<wf cmd="ignore" pos="DT">a</wf>
<wf cmd="tag" pos="NN">fellow</wf>
<wf cmd="tag" pos="NNP">Virginian</wf>
<punc>,</punc>
<wf cmd="tag" pos="NNP">James_Madison</wf>
<punc>,</punc>
<wf cmd="tag" pos="CD">eight</wf>
<wf cmd="tag" pos="NNS">years</wf>
<wf cmd="ignore" pos="PRP$">his</wf>
<wf cmd="tag" pos="JJ">junior</wf>
<punc>.</punc>
</s>
<s snum="26">
<wf cmd="ignore" pos="DT">The</wf>
<wf cmd="tag" pos="JJ">active</wf>
<wf cmd="tag" pos="NN">sponsor</wf>
<wf cmd="ignore" pos="IN">of</wf>
<wf cmd="tag" pos="NNP">Jefferson</wf>
<wf cmd="ignore" pos="POS">'s</wf>
<wf cmd="tag" pos="NN">measure</wf>
<wf cmd="ignore" pos="IN">for</wf>
<wf cmd="tag" pos="JJ">religious</wf>
<wf cmd="tag" pos="NN">liberty</wf>
<wf cmd="ignore" pos="IN">in</wf>
<wf cmd="tag" pos="NNP">Virginia</wf>
<punc>,</punc>
<wf cmd="tag" pos="NNP">Madison</wf>
<wf cmd="done" pos="VB" lemma="play" wnsn="2" lexsn="2:41:12::">played</wf>
<wf cmd="tag" pos="RB">the_most</wf>
<wf cmd="tag" pos="JJ">influential</wf>
<wf cmd="tag" pos="JJ">single</wf>
<wf cmd="tag" pos="NN">role</wf>
<wf cmd="ignore" pos="IN">in</wf>
<wf cmd="ignore" pos="DT">the</wf>
<wf cmd="tag" pos="NN">drafting</wf>
<wf cmd="ignore" pos="IN">of</wf>
<wf cmd="ignore" pos="DT">the</wf>
<wf cmd="tag" pos="NNP">Constitution</wf>
<wf cmd="ignore" pos="CC">and</wf>
<wf cmd="ignore" pos="IN">in</wf>
<wf cmd="done" pos="VB" lemma="secure" wnsn="1" lexsn="2:40:00::">securing</wf>
<wf cmd="ignore" pos="PRP$">its</wf>
<wf cmd="tag" pos="NN">ratification</wf>
<wf cmd="ignore" pos="IN">in</wf>
<wf cmd="tag" pos="NNP">Virginia</wf>
<punc>,</punc>
<wf cmd="done" pos="VB" lemma="found" wnsn="1" lexsn="2:41:00::">founded</wf>
<wf cmd="ignore" pos="DT">the</wf>
<wf cmd="tag" pos="JJ">first</wf>
<wf cmd="tag" pos="NN">political_party</wf>
<wf cmd="ignore" pos="IN">in</wf>
<wf cmd="tag" pos="NNP">American</wf>
<wf cmd="tag" pos="NN">history</wf>
<punc>,</punc>
<wf cmd="ignore" pos="CC">and</wf>
<punc>,</punc>
<wf cmd="ignore" pos="IN">as</wf>
<wf cmd="tag" pos="NNP">Jefferson</wf>
<wf cmd="ignore" pos="POS">'s</wf>
<wf cmd="tag" pos="NN">Secretary_of_State</wf>
<wf cmd="ignore" pos="CC">and</wf>
<wf cmd="ignore" pos="PRP$">his</wf>
<wf cmd="tag" pos="NN">successor</wf>
<wf cmd="ignore" pos="IN">in</wf>
<wf cmd="ignore" pos="DT">the</wf>
<wf cmd="tag" pos="NNP">Presidency</wf>
<punc>,</punc>
<wf cmd="done" pos="VB" lemma="guide" wnsn="3" lexsn="2:41:00::">guided</wf>
<wf cmd="ignore" pos="DT">the</wf>
<wf cmd="tag" pos="NN">nation</wf>
<wf cmd="ignore" pos="IN">through</wf>
<wf cmd="ignore" pos="DT">the</wf>
<wf cmd="tag" pos="JJ">troubled</wf>
<wf cmd="tag" pos="NNS">years</wf>
<wf cmd="ignore" pos="IN">of</wf>
<wf cmd="ignore" pos="PRP$">our</wf>
<wf cmd="tag" pos="JJ">second</wf>
<wf cmd="tag" pos="NN">war</wf>
<wf cmd="ignore" pos="IN">with</wf>
<wf cmd="tag" pos="NNP">Britain</wf>
<punc>.</punc>
</s>
</p>
<p pnum="12">
<s snum="27">
<wf cmd="ignore" pos="IN">If</wf>
<wf cmd="tag" pos="NNP">Franklin</wf>
<wf cmd="done" pos="VB" lemma="be" wnsn="1" lexsn="2:42:03::">was</wf>
<wf cmd="ignore" pos="DT">an</wf>
<wf cmd="tag" pos="JJ">authentic</wf>
<wf cmd="tag" pos="NN">genius</wf>
<punc>,</punc>
<wf cmd="tag" pos="RB">then</wf>
<wf cmd="tag" pos="NNP">Alexander_Hamilton</wf>
<punc>,</punc>
<wf cmd="ignore" pos="IN">with</wf>
<wf cmd="ignore" pos="PRP$">his</wf>
<wf cmd="tag" pos="JJ">exceptional</wf>
<wf cmd="tag" pos="NN">precocity</wf>
<punc>,</punc>
<wf cmd="tag" pos="JJ">consuming</wf>
<wf cmd="tag" pos="NN">energy</wf>
<punc>,</punc>
<wf cmd="ignore" pos="CC">and</wf>
<wf cmd="tag" pos="JJ">high</wf>
<wf cmd="tag" pos="NN">ambition</wf>
<punc>,</punc>
<wf cmd="done" pos="VB" lemma="be" wnsn="1" lexsn="2:42:03::">was</wf>
<wf cmd="ignore" pos="DT">a</wf>
<wf cmd="tag" pos="JJ">political</wf>
<wf cmd="tag" pos="NN">prodigy</wf>
<punc>.</punc>
</s>
<s snum="28">
<wf cmd="ignore" pos="PRP$">His</wf>
<wf cmd="tag" pos="JJ">revolutionary</wf>
<wf cmd="tag" pos="NNS">pamphlets</wf>
<punc>,</punc>
<wf cmd="done" pos="VB" lemma="publish" wnsn="1" lexsn="2:36:01::">published</wf>
<wf cmd="ignore" pos="WRB">when</wf>
<wf cmd="ignore" pos="PRP">he</wf>
<wf cmd="done" pos="VB" lemma="be" wnsn="1" lexsn="2:42:03::">was</wf>
<wf cmd="tag" pos="RB">only</wf>
<wf cmd="tag" pos="CD">19</wf>
<punc>,</punc>
<wf cmd="tag" pos="RB">quickly</wf>
<wf cmd="done" pos="VB" lemma="bring" wnsn="2" lexsn="2:35:04::">brought</wf>
<wf cmd="ignore" pos="PRP">him</wf>
<wf cmd="ignore" pos="TO">to</wf>
<wf cmd="ignore" pos="DT">the</wf>
<wf cmd="tag" pos="NN">attention</wf>
<wf cmd="ignore" pos="IN">of</wf>
<wf cmd="ignore" pos="DT">the</wf>
<wf cmd="tag" pos="NN">patriot</wf>
<wf cmd="tag" pos="NNS">leaders</wf>
<punc>.</punc>
</s>
<s snum="29">
<wf cmd="tag" pos="NNP">Principal</wf>
<wf cmd="tag" pos="NN">author</wf>
<wf cmd="ignore" pos="IN">of</wf>
<punc>``</punc>
<wf cmd="ignore" pos="DT">The</wf>
<wf cmd="tag" pos="NNP">Federalist</wf>
<punc>''</punc>
<punc>,</punc>
<wf cmd="ignore" pos="PRP">he</wf>
<wf cmd="done" pos="VB" lemma="swing" wnsn="4" lexsn="2:41:01::">swung</wf>
<wf cmd="tag" pos="NN">New_York</wf>
<wf cmd="tag" pos="RB">over</wf>
<wf cmd="ignore" pos="IN">from</wf>
<wf cmd="tag" pos="NN">opposition</wf>
<wf cmd="ignore" pos="TO">to</wf>
<wf cmd="ignore" pos="DT">the</wf>
<wf cmd="tag" pos="NNP">Constitution</wf>
<wf cmd="ignore" pos="TO">to</wf>
<wf cmd="tag" pos="NN">ratification</wf>
<wf cmd="tag" pos="RB">almost</wf>
<wf cmd="tag" pos="RB">single-handedly</wf>
<punc>.</punc>
</s>
<s snum="30">
<wf cmd="ignore" pos="PRP$">His</wf>
<wf cmd="tag" pos="NN">collaboration</wf>
<wf cmd="ignore" pos="IN">with</wf>
<wf cmd="tag" pos="NNP">Washington</wf>
<punc>,</punc>
<wf cmd="done" pos="VB" lemma="begin" wnsn="2" lexsn="2:42:00::">begun</wf>
<wf cmd="ignore" pos="WRB">when</wf>
<wf cmd="ignore" pos="PRP">he</wf>
<wf cmd="done" pos="VB" lemma="be" wnsn="2" lexsn="2:42:06::">was</wf>
<wf cmd="ignore" pos="DT">the</wf>
<wf cmd="tag" pos="JJ">general</wf>
<wf cmd="ignore" pos="POS">'s</wf>
<wf cmd="tag" pos="NN">aide</wf>
<wf cmd="ignore" pos="IN">during</wf>
<wf cmd="ignore" pos="DT">the</wf>
<wf cmd="tag" pos="NNP">Revolution</wf>
<punc>,</punc>
<wf cmd="done" pos="VBD" ot="notag">was</wf>
<wf cmd="done" pos="VB" lemma="resume" wnsn="1" lexsn="2:30:00::">resumed</wf>
<wf cmd="ignore" pos="WRB">when</wf>
<wf cmd="ignore" pos="PRP">he</wf>
<wf cmd="done" pos="VB" lemma="enter" wnsn="2" lexsn="2:33:00::">entered</wf>
<wf cmd="ignore" pos="DT">the</wf>
<wf cmd="tag" pos="JJ">first</wf>
<wf cmd="tag" pos="NNP">Cabinet</wf>
<wf cmd="ignore" pos="IN">as</wf>
<wf cmd="tag" pos="NNP">Secretary</wf>
<wf cmd="ignore" pos="IN">of</wf>
<wf cmd="ignore" pos="DT">the</wf>
<wf cmd="tag" pos="NNP">Treasury</wf>
<punc>.</punc>
</s>
<s snum="31">
<wf cmd="ignore" pos="PRP$">His</wf>
<wf cmd="tag" pos="JJ">bold</wf>
<wf cmd="tag" pos="JJ">fiscal</wf>
<wf cmd="tag" pos="NN">program</wf>
<wf cmd="ignore" pos="CC">and</wf>
<wf cmd="ignore" pos="PRP$">his</wf>
<wf cmd="tag" pos="JJ">broad</wf>
<wf cmd="tag" pos="NN">interpretation</wf>
<wf cmd="ignore" pos="IN">of</wf>
<wf cmd="ignore" pos="DT">the</wf>
<wf cmd="tag" pos="NNP">Constitution</wf>
<wf cmd="done" pos="VB" lemma="stand" wnsn="8" lexsn="2:42:02::">stand</wf>
<wf cmd="ignore" pos="IN">as</wf>
<wf cmd="tag" pos="JJ">durable</wf>
<wf cmd="tag" pos="NNS">contributions</wf>
<punc>.</punc>
</s>
</p>
<p pnum="13">
<s snum="32">
<wf cmd="tag" pos="RBR">Less</wf>
<wf cmd="tag" pos="JJ">dazzling</wf>
<wf cmd="ignore" pos="IN">than</wf>
<wf cmd="tag" pos="NNP">Hamilton</wf>
<punc>,</punc>
<wf cmd="tag" pos="RBR">less</wf>
<wf cmd="tag" pos="JJ">eloquent</wf>
<wf cmd="ignore" pos="IN">than</wf>
<wf cmd="tag" pos="NNP">Jefferson</wf>
<punc>,</punc>
<wf cmd="tag" pos="NNP">John_Jay</wf>
<wf cmd="done" pos="VB" lemma="command" wnsn="3" lexsn="2:32:02::">commands</wf>
<wf cmd="ignore" pos="DT">an</wf>
<wf cmd="tag" pos="RB">equally</wf>
<wf cmd="tag" pos="JJ">high</wf>
<wf cmd="tag" pos="NN">rank</wf>
<wf cmd="ignore" pos="IN">among</wf>
<wf cmd="ignore" pos="DT">the</wf>
<wf cmd="tag" pos="NNP">Founding</wf>
<wf cmd="tag" pos="NNPS">Fathers</wf>
<punc>.</punc>
</s>
<s snum="33">
<wf cmd="ignore" pos="PRP">He</wf>
<wf cmd="done" pos="VB" lemma="serve" wnsn="2" lexsn="2:33:00::">served</wf>
<wf cmd="done" pos="VB" ot="notag">as</wf>
<wf cmd="tag" pos="NN">president</wf>
<wf cmd="ignore" pos="IN">of</wf>
<wf cmd="ignore" pos="DT">the</wf>
<wf cmd="tag" pos="NNP">Continental_Congress</wf>
<punc>.</punc>
</s>
<s snum="34">
<wf cmd="ignore" pos="PRP">He</wf>
<wf cmd="done" pos="VB" lemma="play" wnsn="2" lexsn="2:41:12::">played</wf>
<wf cmd="ignore" pos="DT">the</wf>
<wf cmd="tag" pos="JJ">leading</wf>
<wf cmd="tag" pos="NN">role</wf>
<wf cmd="ignore" pos="IN">in</wf>
<wf cmd="done" pos="VB" lemma="negotiate" wnsn="1" lexsn="2:32:00::">negotiating</wf>
<wf cmd="ignore" pos="DT">the</wf>
<wf cmd="tag" pos="NN">treaty</wf>
<wf cmd="ignore" pos="IN">with</wf>
<wf cmd="tag" pos="NN">Great_Britain</wf>
<wf cmd="ignore" pos="WDT">that</wf>
<wf cmd="done" pos="VB" lemma="end" wnsn="2" lexsn="2:30:01::">ended</wf>
<wf cmd="ignore" pos="DT">the</wf>
<wf cmd="tag" pos="NNP">Revolution</wf>
<punc>,</punc>
<wf cmd="ignore" pos="CC">and</wf>
<wf cmd="done" pos="VB" lemma="direct" wnsn="4" lexsn="2:41:00::">directed</wf>
<wf cmd="tag" pos="NNP">America</wf>
<wf cmd="ignore" pos="POS">'s</wf>
<wf cmd="tag" pos="JJ">foreign</wf>
<wf cmd="tag" pos="NNS">affairs</wf>
<wf cmd="ignore" pos="IN">throughout</wf>
<wf cmd="ignore" pos="DT">the</wf>
<wf cmd="tag" pos="NNP">Confederation</wf>
<wf cmd="tag" pos="NN">period</wf>
<punc>.</punc>
</s>
<s snum="35">
<wf cmd="ignore" pos="IN">As</wf>
<wf cmd="tag" pos="JJ">first</wf>
<wf cmd="tag" pos="NN">Chief_Justice</wf>
<punc>,</punc>
<wf cmd="ignore" pos="PRP$">his</wf>
<wf cmd="tag" pos="JJ">strong</wf>
<wf cmd="tag" pos="JJ">nationalist</wf>
<wf cmd="tag" pos="NNS">opinions</wf>
<wf cmd="done" pos="VB" lemma="anticipate" wnsn="6" lexsn="2:30:00::">anticipated</wf>
<wf cmd="tag" pos="NNP">John_Marshall</wf>
<punc>.</punc>
</s>
<s snum="36">
<wf cmd="ignore" pos="PRP">He</wf>
<wf cmd="done" pos="VB" lemma="end" wnsn="2" lexsn="2:30:01::">ended</wf>
<wf cmd="ignore" pos="PRP$">his</wf>
<wf cmd="tag" pos="JJ">public</wf>
<wf cmd="tag" pos="NN">career</wf>
<wf cmd="ignore" pos="IN">as</wf>
<wf cmd="ignore" pos="DT">a</wf>
<wf cmd="tag" pos="JJ">two-term</wf>
<wf cmd="tag" pos="NN">governor</wf>
<wf cmd="ignore" pos="IN">of</wf>
<wf cmd="tag" pos="NN">New_York</wf>
<punc>.</punc>
</s>
</p>
<p pnum="14">
<s snum="37">
<wf cmd="ignore" pos="DT">These</wf>
<wf cmd="tag" pos="CD">Seven</wf>
<wf cmd="tag" pos="NNPS">Founders</wf>
<wf cmd="done" pos="VB" lemma="constitute" wnsn="1" lexsn="2:42:00::">constituted</wf>
<wf cmd="ignore" pos="DT">an</wf>
<wf cmd="tag" pos="JJ">intellectual</wf>
<wf cmd="ignore" pos="CC">and</wf>
<wf cmd="tag" pos="JJ">social</wf>
<wf cmd="tag" pos="NN">elite</wf>
<punc>,</punc>
<wf cmd="tag" pos="RB">the_most</wf>
<wf cmd="tag" pos="JJ">respectable</wf>
<wf cmd="ignore" pos="CC">and</wf>
<wf cmd="tag" pos="JJ">disinterested</wf>
<wf cmd="tag" pos="NN">leadership</wf>
<wf cmd="ignore" pos="DT">any</wf>
<wf cmd="tag" pos="NN">revolution</wf>
<wf cmd="tag" pos="RB">ever</wf>
<wf cmd="done" pos="VBD" ot="metaphor">confessed</wf>
<punc>.</punc>
</s>
<s snum="38">
<wf cmd="ignore" pos="PRP$">Their</wf>
<wf cmd="tag" pos="NN">social_status</wf>
<wf cmd="done" pos="VBD" ot="notag">was</wf>
<wf cmd="done" pos="VB" lemma="achieve" wnsn="1" lexsn="2:41:00::">achieved</wf>
<wf cmd="ignore" pos="IN">in</wf>
<wf cmd="ignore" pos="DT">some</wf>
<wf cmd="tag" pos="NNS">cases</wf>
<wf cmd="ignore" pos="IN">by</wf>
<wf cmd="tag" pos="NN">birth</wf>
<punc>,</punc>
<wf cmd="ignore" pos="IN">as</wf>
<wf cmd="ignore" pos="IN">with</wf>
<wf cmd="tag" pos="NNP">Washington</wf>
<punc>,</punc>
<wf cmd="tag" pos="NNP">Jefferson</wf>
<wf cmd="ignore" pos="CC">and</wf>
<wf cmd="tag" pos="NNP">Jay</wf>
<punc>;</punc>
<wf cmd="ignore" pos="IN">in</wf>
<wf cmd="tag" pos="NNS">others</wf>
<wf cmd="ignore" pos="IN">by</wf>
<wf cmd="tag" pos="NN">business</wf>
<wf cmd="ignore" pos="CC">and</wf>
<wf cmd="tag" pos="JJ">professional</wf>
<wf cmd="tag" pos="NN">acumen</wf>
<punc>,</punc>
<wf cmd="ignore" pos="IN">as</wf>
<wf cmd="ignore" pos="IN">with</wf>
<wf cmd="tag" pos="NNP">Franklin</wf>
<wf cmd="ignore" pos="CC">and</wf>
<wf cmd="tag" pos="NNP">Adams</wf>
<punc>,</punc>
<wf cmd="ignore" pos="CC">or</wf>
<punc>,</punc>
<wf cmd="ignore" pos="IN">in</wf>
<wf cmd="tag" pos="NNP">Hamilton</wf>
<wf cmd="ignore" pos="POS">'s</wf>
<wf cmd="tag" pos="NN">case</wf>
<punc>,</punc>
<wf cmd="ignore" pos="IN">by</wf>
<wf cmd="ignore" pos="DT">an</wf>
<wf cmd="tag" pos="JJ">influential</wf>
<wf cmd="tag" pos="NN">marriage</wf>
<punc>.</punc>
</s>
<s snum="39">
<wf cmd="ignore" pos="IN">Unlike</wf>
<wf cmd="tag" pos="RB">so</wf>
<wf cmd="tag" pos="JJ">many_of</wf>
<wf cmd="ignore" pos="DT">the</wf>
<wf cmd="tag" pos="JJ">power-starved</wf>
<wf cmd="tag" pos="NNS">intellectuals</wf>
<wf cmd="ignore" pos="IN">in</wf>
<wf cmd="tag" pos="JJ">underdeveloped</wf>
<wf cmd="tag" pos="NNS">nations</wf>
<wf cmd="ignore" pos="IN">of</wf>
<wf cmd="ignore" pos="PRP$">our</wf>
<wf cmd="tag" pos="JJ">own</wf>
<wf cmd="tag" pos="NN">day</wf>
<punc>,</punc>
<wf cmd="ignore" pos="PRP">they</wf>
<wf cmd="done" pos="VB" lemma="command" wnsn="3" lexsn="2:32:02::">commanded</wf>
<wf cmd="ignore" pos="DT">both</wf>
<wf cmd="tag" pos="NN">prestige</wf>
<wf cmd="ignore" pos="CC">and</wf>
<wf cmd="tag" pos="NN">influence</wf>
<wf cmd="ignore" pos="IN">before</wf>
<wf cmd="ignore" pos="DT">the</wf>
<wf cmd="tag" pos="NNP">Revolution</wf>
<wf cmd="done" pos="VB" lemma="start" wnsn="4" lexsn="2:42:00::">started</wf>
<punc>.</punc>
</s>
</p>
<p pnum="15">
<s snum="40">
<wf cmd="ignore" pos="IN">As</wf>
<wf cmd="tag" pos="JJ">different</wf>
<wf cmd="tag" pos="RB">physically</wf>
<wf cmd="ignore" pos="IN">as</wf>
<wf cmd="ignore" pos="DT">the</wf>
<wf cmd="tag" pos="JJ">tall</wf>
<punc>,</punc>
<wf cmd="tag" pos="JJ">angular</wf>
<wf cmd="tag" pos="NNP">Jefferson</wf>
<wf cmd="done" pos="VB" lemma="be" wnsn="1" lexsn="2:42:03::">was</wf>
<wf cmd="done" pos="VB" ot="notag">from</wf>
<wf cmd="ignore" pos="DT">the</wf>
<wf cmd="tag" pos="JJ">chubby</wf>
<punc>,</punc>
<wf cmd="tag" pos="JJ">rotund</wf>
<wf cmd="tag" pos="NNP">Adams</wf>
<punc>,</punc>
<wf cmd="ignore" pos="DT">the</wf>
<wf cmd="tag" pos="CD">seven</wf>
<wf cmd="done" pos="VB" lemma="be" wnsn="1" lexsn="2:42:03::">were</wf>
<wf cmd="tag" pos="JJ">striking</wf>
<wf cmd="tag" pos="NNS">individualists</wf>
<punc>.</punc>
</s>
<s snum="41">
<wf cmd="tag" pos="NNP">Ardent</wf>
<punc>,</punc>
<wf cmd="tag" pos="JJ">opinionated</wf>
<punc>,</punc>
<wf cmd="tag" pos="RB">even</wf>
<wf cmd="tag" pos="JJ">obstinate</wf>
<punc>,</punc>
<wf cmd="ignore" pos="PRP">they</wf>
<wf cmd="done" pos="VB" lemma="be" wnsn="1" lexsn="2:42:03::">were</wf>
<wf cmd="tag" pos="RB">amazingly</wf>
<wf cmd="tag" pos="JJ">articulate</wf>
<punc>,</punc>
<wf cmd="done" pos="VB" lemma="write" wnsn="1" lexsn="2:36:00::">wrote</wf>
<wf cmd="ignore" pos="PRP$">their</wf>
<wf cmd="tag" pos="JJ">own</wf>
<wf cmd="tag" pos="NN">copy</wf>
<punc>,</punc>
<wf cmd="ignore" pos="CC">and</wf>
<wf cmd="done" pos="VB" lemma="be" wnsn="1" lexsn="2:42:03::">were</wf>
<wf cmd="tag" pos="NNS">masters</wf>
<wf cmd="ignore" pos="IN">of</wf>
<wf cmd="tag" pos="NN">phrasemaking</wf>
<punc>.</punc>
</s>
</p>
<p pnum="16">
<s snum="42">
<wf cmd="tag" pos="JJ">Capable_of</wf>
<wf cmd="tag" pos="JJ">enduring</wf>
<wf cmd="tag" pos="NNS">friendships</wf>
<punc>,</punc>
<wf cmd="ignore" pos="PRP">they</wf>
<wf cmd="done" pos="VB" lemma="be" wnsn="1" lexsn="2:42:03::">were</wf>
<wf cmd="tag" pos="RB">also</wf>
<wf cmd="tag" pos="JJ">stout</wf>
<wf cmd="tag" pos="NNS">controversialists</wf>
<punc>,</punc>
<wf cmd="ignore" pos="WP">who</wf>
<wf cmd="ignore" pos="MD">could</wf>
<wf cmd="done" pos="VB" lemma="write" wnsn="2" lexsn="2:32:00::">write</wf>
<wf cmd="ignore" pos="IN">with</wf>
<wf cmd="ignore" pos="DT">a</wf>
<wf cmd="tag" pos="NN">drop</wf>
<wf cmd="ignore" pos="IN">of</wf>
<wf cmd="tag" pos="NN">vitriol</wf>
<wf cmd="ignore" pos="IN">on</wf>
<wf cmd="ignore" pos="PRP$">their</wf>
<wf cmd="tag" pos="NNS">pens</wf>
<punc>.</punc>
</s>
<s snum="43">
<wf cmd="tag" pos="NNP">John_Adams</wf>
<wf cmd="done" pos="VB" lemma="dismiss" wnsn="1" lexsn="2:32:00::">dismissed</wf>
<wf cmd="tag" pos="NNP">John_Dickinson</wf>
<punc>,</punc>
<wf cmd="ignore" pos="WP">who</wf>
<wf cmd="done" pos="VB" lemma="vote" wnsn="1" lexsn="2:41:13::">voted</wf>
<wf cmd="done" pos="VB" ot="notag">against</wf>
<wf cmd="ignore" pos="DT">the</wf>
<wf cmd="tag" pos="NN">Declaration_of_Independence</wf>
<punc>,</punc>
<wf cmd="ignore" pos="IN">as</wf>
<punc>``</punc>
<wf cmd="ignore" pos="DT">a</wf>
<wf cmd="tag" pos="JJ">certain</wf>
<wf cmd="tag" pos="JJ">great</wf>
<wf cmd="tag" pos="NN">fortune</wf>
<wf cmd="ignore" pos="CC">and</wf>
<wf cmd="tag" pos="JJ">piddling</wf>
<wf cmd="tag" pos="NN">genius</wf>
<punc>''</punc>
<punc>.</punc>
</s>
<s snum="44">
<wf cmd="tag" pos="NNP">Washington</wf>
<wf cmd="done" pos="VB" lemma="castigate" wnsn="1" lexsn="2:32:00::">castigated</wf>
<wf cmd="ignore" pos="PRP$">his</wf>
<wf cmd="tag" pos="NN">critic</wf>
<punc>,</punc>
<wf cmd="tag" pos="NNP">General_Conway</wf>
<punc>,</punc>
<wf cmd="ignore" pos="IN">as</wf>
<wf cmd="done" pos="VB" lemma="be" wnsn="1" lexsn="2:42:03::">being</wf>
<wf cmd="tag" pos="JJ">capable_of</wf>
<punc>``</punc>
<wf cmd="ignore" pos="PDT">all</wf>
<wf cmd="ignore" pos="DT">the</wf>
<wf cmd="tag" pos="NN">meanness</wf>
<wf cmd="ignore" pos="IN">of</wf>
<wf cmd="tag" pos="NN">intrigue</wf>
<wf cmd="ignore" pos="TO">to</wf>
<wf cmd="done" pos="VB" lemma="gratify" wnsn="1" lexsn="2:37:00::">gratify</wf>
<wf cmd="ignore" pos="DT">the</wf>
<wf cmd="tag" pos="JJ">absurd</wf>
<wf cmd="tag" pos="NN">resentment</wf>
<wf cmd="ignore" pos="IN">of</wf>
<wf cmd="tag" pos="JJ">disappointed</wf>
<wf cmd="tag" pos="NN">vanity</wf>
<punc>''</punc>
<punc>.</punc>
</s>
<s snum="45">
<wf cmd="ignore" pos="CC">And</wf>
<wf cmd="tag" pos="NNP">Hamilton</wf>
<punc>,</punc>
<wf cmd="ignore" pos="WP">who</wf>
<wf cmd="done" pos="VB" lemma="feel" wnsn="2" lexsn="2:31:00::">felt</wf>
<wf cmd="ignore" pos="PRP">it</wf>
<punc>``</punc>
<wf cmd="ignore" pos="DT">a</wf>
<wf cmd="tag" pos="JJ">religious</wf>
<wf cmd="tag" pos="NN">duty</wf>
<punc>''</punc>
<wf cmd="ignore" pos="TO">to</wf>
<wf cmd="done" pos="VB" lemma="oppose" wnsn="2" lexsn="2:33:01::">oppose</wf>
<wf cmd="tag" pos="NNP">Aaron_Burr</wf>
<wf cmd="ignore" pos="POS">'s</wf>
<wf cmd="tag" pos="JJ">political</wf>
<wf cmd="tag" pos="NNS">ambitions</wf>
<punc>,</punc>
<wf cmd="ignore" pos="MD">would</wf>
<wf cmd="done" pos="VB" ot="notag">have</wf>
<wf cmd="done" pos="VB" lemma="be" wnsn="1" lexsn="2:42:03::">been</wf>
<wf cmd="ignore" pos="DT">a</wf>
<wf cmd="tag" pos="RBR">better</wf>
<wf cmd="tag" pos="JJ">actuarial</wf>
<wf cmd="tag" pos="NN">risk</wf>
<wf cmd="done" pos="VBD" ot="notag">had</wf>
<wf cmd="ignore" pos="PRP">he</wf>
<wf cmd="done" pos="VB" lemma="show" wnsn="1" lexsn="2:39:02::">shown</wf>
<wf cmd="tag" pos="RBR">more</wf>
<wf cmd="tag" pos="JJ">literary</wf>
<wf cmd="tag" pos="NN">restraint</wf>
<punc>.</punc>
</s>
</p>
<p pnum="17">
<s snum="46">
<wf cmd="ignore" pos="DT">The</wf>
<wf cmd="tag" pos="CD">Seven</wf>
<wf cmd="tag" pos="NNPS">Founders</wf>
<wf cmd="done" pos="VB" lemma="be" wnsn="1" lexsn="2:42:03::">were</wf>
<wf cmd="tag" pos="RB">completely</wf>
<wf cmd="tag" pos="JJ">dedicated_to</wf>
<wf cmd="ignore" pos="DT">the</wf>
<wf cmd="tag" pos="NN">public_service</wf>
<punc>.</punc>
</s>
<s snum="47">
<wf cmd="tag" pos="NNP">Madison</wf>
<wf cmd="tag" pos="RB">once</wf>
<wf cmd="done" pos="VB" lemma="remark" wnsn="1" lexsn="2:32:00::">remarked</wf>
<punc>:</punc>
<punc>``</punc>
<wf cmd="ignore" pos="PRP$">My</wf>
<wf cmd="tag" pos="NN">life</wf>
<wf cmd="done" pos="VBZ" ot="notag">has</wf>
<wf cmd="done" pos="VB" lemma="be" wnsn="1" lexsn="2:42:03::">been</wf>
<wf cmd="tag" pos="RB">so_much</wf>
<wf cmd="ignore" pos="DT">a</wf>
<wf cmd="tag" pos="JJ">public</wf>
<wf cmd="tag" pos="CD">one</wf>
<punc>''</punc>
<punc>,</punc>
<wf cmd="ignore" pos="DT">a</wf>
<wf cmd="tag" pos="NN">comment</wf>
<wf cmd="ignore" pos="WDT">which</wf>
<wf cmd="done" pos="VB" lemma="fit" wnsn="1" lexsn="2:42:05::">fits</wf>
<wf cmd="ignore" pos="DT">the</wf>
<wf cmd="tag" pos="NNS">careers</wf>
<wf cmd="ignore" pos="IN">of</wf>
<wf cmd="ignore" pos="DT">the</wf>
<wf cmd="tag" pos="JJ">other</wf>
<wf cmd="tag" pos="CD">six</wf>
<punc>.</punc>
</s>
<s snum="48">
<wf cmd="tag" pos="NNP">Franklin</wf>
<wf cmd="done" pos="VB" lemma="retire" wnsn="2" lexsn="2:41:02::">retired</wf>
<wf cmd="ignore" pos="IN">from</wf>
<wf cmd="tag" pos="NN">editing</wf>
<wf cmd="ignore" pos="CC">and</wf>
<wf cmd="tag" pos="NN">publishing</wf>
<wf cmd="ignore" pos="IN">at</wf>
<wf cmd="ignore" pos="DT">the</wf>
<wf cmd="tag" pos="NN">age</wf>
<wf cmd="ignore" pos="IN">of</wf>
<wf cmd="tag" pos="CD">42</wf>
<punc>,</punc>
<wf cmd="ignore" pos="CC">and</wf>
<wf cmd="ignore" pos="IN">for</wf>
<wf cmd="ignore" pos="DT">the</wf>
<wf cmd="tag" pos="JJ">next</wf>
<wf cmd="tag" pos="CD">forty-two</wf>
<wf cmd="tag" pos="NNS">years</wf>
<wf cmd="done" pos="VB" lemma="devote" wnsn="1" lexsn="2:32:00::">devoted</wf>
<wf cmd="ignore" pos="PRP">himself</wf>
<wf cmd="ignore" pos="TO">to</wf>
<wf cmd="tag" pos="JJ">public</wf>
<punc>,</punc>
<wf cmd="tag" pos="JJ">scientific</wf>
<punc>,</punc>
<wf cmd="ignore" pos="CC">and</wf>
<wf cmd="tag" pos="JJ">philanthropic</wf>
<wf cmd="tag" pos="NNS">interests</wf>
<punc>.</punc>
</s>
<s snum="49">
<wf cmd="tag" pos="NNP">Washington</wf>
<wf cmd="tag" pos="RB">never</wf>
<wf cmd="done" pos="VB" lemma="have" wnsn="1" lexsn="2:40:00::">had</wf>
<wf cmd="ignore" pos="DT">a</wf>
<wf cmd="tag" pos="NN">chance</wf>
<wf cmd="ignore" pos="TO">to</wf>
<wf cmd="done" pos="VB" lemma="work" wnsn="2" lexsn="2:41:00::">work</wf>
<wf cmd="ignore" pos="IN">for</wf>
<wf cmd="ignore" pos="DT">an</wf>
<wf cmd="tag" pos="JJ">extended</wf>
<wf cmd="tag" pos="NN">stretch</wf>
<wf cmd="ignore" pos="IN">at</wf>
<wf cmd="ignore" pos="DT">the</wf>
<wf cmd="tag" pos="NN">occupation</wf>
<wf cmd="ignore" pos="PRP">he</wf>
<wf cmd="done" pos="VB" lemma="love" wnsn="1" lexsn="2:37:00::">loved</wf>
<wf cmd="tag" pos="JJS">best</wf>
<punc>,</punc>
<wf cmd="tag" pos="NN">plantation</wf>
<wf cmd="tag" pos="NN">management</wf>
<punc>.</punc>
</s>
<s snum="50">
<wf cmd="ignore" pos="PRP">He</wf>
<wf cmd="done" pos="VB" lemma="serve" wnsn="2" lexsn="2:33:00::">served</wf>
<wf cmd="done" pos="VB" ot="notag">as</wf>
<wf cmd="tag" pos="NN">Commander_in_Chief</wf>
<wf cmd="ignore" pos="IN">during</wf>
<wf cmd="ignore" pos="DT">the</wf>
<wf cmd="tag" pos="NNP">Revolution</wf>
<wf cmd="ignore" pos="IN">without</wf>
<wf cmd="tag" pos="NN">compensation</wf>
<punc>.</punc>
</s>
</p>
<p pnum="18">
<s snum="51">
<wf cmd="tag" pos="NNP">John_Adams</wf>
<wf cmd="done" pos="VB" lemma="take_to_heart" wnsn="1" lexsn="2:31:00::">took_to_heart</wf>
<wf cmd="ignore" pos="DT">the</wf>
<wf cmd="tag" pos="NN">advice</wf>
<wf cmd="done" pos="VB" lemma="give" wnsn="12" lexsn="2:40:09::">given</wf>
<wf cmd="ignore" pos="PRP">him</wf>
<wf cmd="ignore" pos="IN">by</wf>
<wf cmd="ignore" pos="PRP$">his</wf>
<wf cmd="tag" pos="JJ">legal</wf>
<wf cmd="tag" pos="NN">mentor</wf>
<punc>,</punc>
<wf cmd="tag" pos="NNP">Jeremiah_Gridley</wf>
<punc>,</punc>
<wf cmd="ignore" pos="TO">to</wf>
<punc>``</punc>
<wf cmd="done" pos="VB" lemma="pursue" wnsn="3" lexsn="2:35:00::">pursue</wf>
<wf cmd="ignore" pos="DT">the</wf>
<wf cmd="tag" pos="NN">study</wf>
<wf cmd="ignore" pos="IN">of</wf>
<wf cmd="ignore" pos="DT">the</wf>
<wf cmd="tag" pos="NN">law</wf>
<punc>,</punc>
<wf cmd="tag" pos="RB">rather_than</wf>
<wf cmd="ignore" pos="DT">the</wf>
<wf cmd="tag" pos="NN">gain</wf>
<wf cmd="tag" pos="RB">of_it</wf>
<punc>''</punc>
<punc>.</punc>
</s>
<s snum="52">
<wf cmd="ignore" pos="IN">In</wf>
<wf cmd="done" pos="VB" lemma="take" wnsn="1" lexsn="2:41:04::">taking</wf>
<wf cmd="tag" pos="NN">account</wf>
<wf cmd="done" pos="VB" ot="notag">of</wf>
<wf cmd="tag" pos="CD">seventeen</wf>
<wf cmd="tag" pos="NNS">years</wf>
<wf cmd="ignore" pos="IN">of</wf>
<wf cmd="tag" pos="NN">law_practice</wf>
<punc>,</punc>
<wf cmd="tag" pos="NNP">Adams</wf>
<wf cmd="done" pos="VB" lemma="conclude" wnsn="1" lexsn="2:31:00::">concluded</wf>
<wf cmd="ignore" pos="IN">that</wf>
<punc>``</punc>
<wf cmd="ignore" pos="DT">no</wf>
<wf cmd="tag" pos="NN">lawyer</wf>
<wf cmd="ignore" pos="IN">in</wf>
<wf cmd="tag" pos="NNP">America</wf>
<wf cmd="tag" pos="RB">ever</wf>
<wf cmd="done" pos="VB" lemma="do" wnsn="1" lexsn="2:41:01::">did</wf>
<wf cmd="tag" pos="RB">so_much</wf>
<wf cmd="tag" pos="NN">business</wf>
<wf cmd="ignore" pos="IN">as</wf>
<wf cmd="ignore" pos="PRP">I</wf>
<wf cmd="done" pos="VBD" ot="notag">did</wf>
<punc>''</punc>
<wf cmd="ignore" pos="CC">and</wf>
<punc>``</punc>
<wf cmd="ignore" pos="IN">for</wf>
<wf cmd="tag" pos="RB">so</wf>
<wf cmd="tag" pos="JJ">little</wf>
<wf cmd="tag" pos="NN">profit</wf>
<punc>''</punc>
<punc>.</punc>
</s>
<s snum="53">
<wf cmd="ignore" pos="WRB">When</wf>
<wf cmd="ignore" pos="DT">the</wf>
<wf cmd="tag" pos="NNP">Revolution</wf>
<wf cmd="done" pos="VB" lemma="break_out" wnsn="1" lexsn="2:30:04::">broke_out</wf>
<punc>,</punc>
<wf cmd="ignore" pos="PRP">he</wf>
<punc>,</punc>
<wf cmd="ignore" pos="IN">along</wf>
<wf cmd="ignore" pos="IN">with</wf>
<wf cmd="tag" pos="NNP">Jefferson</wf>
<wf cmd="ignore" pos="CC">and</wf>
<wf cmd="tag" pos="NNP">Jay</wf>
<punc>,</punc>
<wf cmd="done" pos="VB" lemma="abandon" wnsn="2" lexsn="2:40:01::">abandoned</wf>
<wf cmd="ignore" pos="PRP$">his</wf>
<wf cmd="tag" pos="NN">career</wf>
<wf cmd="ignore" pos="IN">at</wf>
<wf cmd="ignore" pos="DT">the</wf>
<wf cmd="tag" pos="NN">bar</wf>
<punc>,</punc>
<wf cmd="ignore" pos="IN">with</wf>
<wf cmd="tag" pos="JJ">considerable</wf>
<wf cmd="tag" pos="JJ">financial</wf>
<wf cmd="tag" pos="NN">sacrifice</wf>
<punc>.</punc>
</s>
</p>
<p pnum="19">
<s snum="54">
<wf cmd="tag" pos="NNP">Hamilton</wf>
<punc>,</punc>
<wf cmd="tag" pos="JJS">poorest</wf>
<wf cmd="ignore" pos="IN">of</wf>
<wf cmd="ignore" pos="DT">the</wf>
<wf cmd="tag" pos="CD">seven</wf>
<punc>,</punc>
<wf cmd="done" pos="VB" lemma="give_up" wnsn="2" lexsn="2:40:00::">gave_up</wf>
<wf cmd="ignore" pos="DT">a</wf>
<wf cmd="tag" pos="JJ">brilliant</wf>
<wf cmd="tag" pos="NN">law_practice</wf>
<wf cmd="ignore" pos="TO">to</wf>
<wf cmd="done" pos="VB" lemma="enter" wnsn="2" lexsn="2:33:00::">enter</wf>
<wf cmd="tag" pos="NNP">Washington</wf>
<wf cmd="ignore" pos="POS">'s</wf>
<wf cmd="tag" pos="NNP">Cabinet</wf>
<punc>.</punc>
</s>
<s snum="55">
<wf cmd="ignore" pos="IN">While</wf>
<wf cmd="ignore" pos="PRP">he</wf>
<wf cmd="done" pos="VBD" ot="notag">was</wf>
<wf cmd="done" pos="VB" lemma="handle" wnsn="1" lexsn="2:41:00::">handling</wf>
<wf cmd="ignore" pos="DT">the</wf>
<wf cmd="tag" pos="JJ">multi-million-dollar</wf>
<wf cmd="tag" pos="NN">funding</wf>
<wf cmd="tag" pos="NNS">operations</wf>
<wf cmd="ignore" pos="IN">of</wf>
<wf cmd="ignore" pos="DT">the</wf>
<wf cmd="tag" pos="NNP">Government</wf>
<wf cmd="ignore" pos="PRP">he</wf>
<wf cmd="done" pos="VB" ot="notag">had_to</wf>
<wf cmd="done" pos="VB" lemma="resort" wnsn="1" lexsn="2:41:11::">resort</wf>
<wf cmd="done" pos="VB" ot="notag">to</wf>
<wf cmd="done" pos="VB" lemma="borrow" wnsn="1" lexsn="2:40:00::">borrowing</wf>
<wf cmd="tag" pos="JJ">small</wf>
<wf cmd="tag" pos="NNS">sums</wf>
<wf cmd="ignore" pos="IN">from</wf>
<wf cmd="tag" pos="NNS">friends</wf>
<punc>.</punc>
</s>
<s snum="56">
<punc>``</punc>
<wf cmd="ignore" pos="IN">If</wf>
<wf cmd="ignore" pos="PRP">you</wf>
<wf cmd="ignore" pos="MD">can</wf>
<wf cmd="tag" pos="RB">conveniently</wf>
<wf cmd="done" pos="VB" lemma="let" wnsn="1" lexsn="2:41:00::">let</wf>
<wf cmd="ignore" pos="PRP">me</wf>
<wf cmd="done" pos="VB" lemma="have" wnsn="1" lexsn="2:40:00::">have</wf>
<wf cmd="tag" pos="CD">twenty</wf>
<wf cmd="tag" pos="NNS">dollars</wf>
<punc>''</punc>
<punc>,</punc>
<wf cmd="ignore" pos="PRP">he</wf>
<wf cmd="done" pos="VB" lemma="write" wnsn="2" lexsn="2:32:00::">wrote</wf>
<wf cmd="tag" pos="CD">one</wf>
<wf cmd="tag" pos="NN">friend</wf>
<wf cmd="ignore" pos="IN">in</wf>
<wf cmd="tag" pos="CD">1791</wf>
<wf cmd="ignore" pos="WRB">when</wf>
<wf cmd="ignore" pos="PRP">he</wf>
<wf cmd="done" pos="VB" lemma="be" wnsn="2" lexsn="2:42:06::">was</wf>
<wf cmd="tag" pos="NNP">Secretary</wf>
<wf cmd="ignore" pos="IN">of</wf>
<wf cmd="ignore" pos="DT">the</wf>
<wf cmd="tag" pos="NNP">Treasury</wf>
<punc>.</punc>
</s>
</p>
<p pnum="20">
<s snum="57">
<wf cmd="ignore" pos="TO">To</wf>
<wf cmd="done" pos="VB" lemma="support" wnsn="2" lexsn="2:40:00::">support</wf>
<wf cmd="ignore" pos="PRP$">his</wf>
<wf cmd="tag" pos="JJ">large</wf>
<wf cmd="tag" pos="NN">family</wf>
<wf cmd="tag" pos="NNP">Hamilton</wf>
<wf cmd="done" pos="VB" lemma="go_back" wnsn="0" lexsn="2:38:00::">went_back</wf>
<wf cmd="done" pos="VB" ot="notag">to</wf>
<wf cmd="ignore" pos="DT">the</wf>
<wf cmd="tag" pos="NN">law</wf>
<wf cmd="ignore" pos="IN">after</wf>
<wf cmd="ignore" pos="DT">each</wf>
<wf cmd="tag" pos="NN">spell</wf>
<wf cmd="ignore" pos="IN">of</wf>
<wf cmd="tag" pos="NN">public_service</wf>
<punc>.</punc>
</s>
<s snum="58">
<wf cmd="tag" pos="NNP">Talleyrand</wf>
<wf cmd="done" pos="VB" lemma="pass" wnsn="2" lexsn="2:38:05::">passed</wf>
<wf cmd="ignore" pos="PRP$">his</wf>
<wf cmd="tag" pos="NN">New_York</wf>
<wf cmd="tag" pos="NN">law</wf>
<wf cmd="tag" pos="NN">office</wf>
<wf cmd="tag" pos="CD">one</wf>
<wf cmd="tag" pos="NN">night</wf>
<wf cmd="tag" pos="RB">on_the_way</wf>
<wf cmd="ignore" pos="TO">to</wf>
<wf cmd="ignore" pos="DT">a</wf>
<wf cmd="tag" pos="NN">party</wf>
<punc>.</punc>
</s>
<s snum="59">
<wf cmd="tag" pos="NNP">Hamilton</wf>
<wf cmd="done" pos="VBD" ot="notag">was</wf>
<wf cmd="done" pos="VB" lemma="bend" wnsn="1" lexsn="2:38:00::">bent</wf>
<wf cmd="done" pos="VB" ot="notag">over</wf>
<wf cmd="ignore" pos="PRP$">his</wf>
<wf cmd="tag" pos="NN">desk</wf>
<punc>,</punc>
<wf cmd="done" pos="VB" lemma="draft" wnsn="1" lexsn="2:36:00::">drafting</wf>
<wf cmd="ignore" pos="DT">a</wf>
<wf cmd="tag" pos="JJ">legal</wf>
<wf cmd="tag" pos="NN">paper</wf>
<wf cmd="ignore" pos="IN">by</wf>
<wf cmd="ignore" pos="DT">the</wf>
<wf cmd="tag" pos="NN">light</wf>
<wf cmd="ignore" pos="IN">of</wf>
<wf cmd="ignore" pos="DT">a</wf>
<wf cmd="tag" pos="NN">candle</wf>
<punc>.</punc>
</s>
<s snum="60">
<wf cmd="ignore" pos="DT">The</wf>
<wf cmd="tag" pos="NNP">Frenchman</wf>
<wf cmd="done" pos="VB" lemma="be" wnsn="1" lexsn="2:42:03::">was</wf>
<wf cmd="tag" pos="JJ">astonished</wf>
<punc>.</punc>
</s>
<s snum="61">
<punc>``</punc>
<wf cmd="ignore" pos="PRP">I</wf>
<wf cmd="done" pos="VBP" ot="notag">have</wf>
<wf cmd="tag" pos="RB">just</wf>
<wf cmd="done" pos="VB" lemma="come" wnsn="1" lexsn="2:38:00::">come</wf>
<wf cmd="done" pos="VB" ot="notag">from</wf>
<wf cmd="done" pos="VB" lemma="view" wnsn="2" lexsn="2:39:00::">viewing</wf>
<wf cmd="ignore" pos="DT">a</wf>
<wf cmd="tag" pos="NN">man</wf>
<wf cmd="ignore" pos="WP">who</wf>
<wf cmd="done" pos="VBD" ot="notag">had</wf>
<wf cmd="done" pos="VB" lemma="make" wnsn="3" lexsn="2:36:00::">made</wf>
<wf cmd="ignore" pos="DT">the</wf>
<wf cmd="tag" pos="NN">fortune</wf>
<wf cmd="ignore" pos="IN">of</wf>
<wf cmd="ignore" pos="PRP$">his</wf>
<wf cmd="tag" pos="NN">country</wf>
<punc>,</punc>
<wf cmd="ignore" pos="CC">but</wf>
<wf cmd="tag" pos="RB">now</wf>
<wf cmd="done" pos="VBZ" ot="notag">is</wf>
<wf cmd="done" pos="VB" lemma="work" wnsn="2" lexsn="2:41:00::">working</wf>
<wf cmd="ignore" pos="DT">all</wf>
<wf cmd="tag" pos="NN">night</wf>
<wf cmd="tag" pos="RB">in_order_to</wf>
<wf cmd="done" pos="VB" lemma="support" wnsn="2" lexsn="2:40:00::">support</wf>
<wf cmd="ignore" pos="PRP$">his</wf>
<wf cmd="tag" pos="NN">family</wf>
<punc>''</punc>
<punc>,</punc>
<wf cmd="ignore" pos="PRP">he</wf>
<wf cmd="done" pos="VB" lemma="reflect" wnsn="2" lexsn="2:31:00::">reflected</wf>
<punc>.</punc>
</s>
</p>
<p pnum="21">
<s snum="62">
<wf cmd="ignore" pos="DT">All</wf>
<wf cmd="tag" pos="CD">seven</wf>
<wf cmd="done" pos="VB" lemma="combine" wnsn="1" lexsn="2:42:00::">combined</wf>
<wf cmd="tag" pos="JJ">ardent</wf>
<wf cmd="tag" pos="NN">devotion</wf>
<wf cmd="ignore" pos="TO">to</wf>
<wf cmd="ignore" pos="DT">the</wf>
<wf cmd="tag" pos="NN">cause</wf>
<wf cmd="ignore" pos="IN">of</wf>
<wf cmd="tag" pos="NN">revolution</wf>
<wf cmd="ignore" pos="IN">with</wf>
<wf cmd="ignore" pos="DT">a</wf>
<wf cmd="tag" pos="JJ">profound</wf>
<wf cmd="tag" pos="NN">respect</wf>
<wf cmd="ignore" pos="IN">for</wf>
<wf cmd="tag" pos="NN">legality</wf>
<punc>.</punc>
</s>
<s snum="63">
<wf cmd="tag" pos="NNP">John_Adams</wf>
<wf cmd="done" pos="VB" lemma="assert" wnsn="1" lexsn="2:32:01::">asserted</wf>
<wf cmd="ignore" pos="IN">in</wf>
<wf cmd="ignore" pos="DT">the</wf>
<wf cmd="tag" pos="NNP">Continental_Congress</wf>
<punc>'</punc>
<wf cmd="tag" pos="NNP">Declaration</wf>
<wf cmd="ignore" pos="IN">of</wf>
<wf cmd="tag" pos="NNP">Rights</wf>
<wf cmd="ignore" pos="IN">that</wf>
<wf cmd="ignore" pos="DT">the</wf>
<wf cmd="tag" pos="NNS">demands</wf>
<wf cmd="ignore" pos="IN">of</wf>
<wf cmd="tag" pos="NN">the_colonies</wf>
<wf cmd="done" pos="VB" lemma="be" wnsn="1" lexsn="2:42:03::">were</wf>
<wf cmd="tag" pos="RB">in_accordance_with</wf>
<wf cmd="ignore" pos="PRP$">their</wf>
<wf cmd="tag" pos="NNS">charters</wf>
<punc>,</punc>
<wf cmd="tag" pos="NN">the_British</wf>
<wf cmd="tag" pos="NNP">Constitution</wf>
<wf cmd="ignore" pos="CC">and</wf>
<wf cmd="ignore" pos="DT">the</wf>
<wf cmd="tag" pos="NN">common_law</wf>
<punc>,</punc>
<wf cmd="ignore" pos="CC">and</wf>
<wf cmd="tag" pos="NNP">Jefferson</wf>
<wf cmd="done" pos="VB" lemma="appeal" wnsn="2" lexsn="2:32:00::">appealed</wf>
<wf cmd="ignore" pos="IN">in</wf>
<wf cmd="ignore" pos="DT">the</wf>
<wf cmd="tag" pos="NN">Declaration_of_Independence</wf>
<punc>``</punc>
<wf cmd="ignore" pos="TO">to</wf>
<wf cmd="ignore" pos="DT">the</wf>
<wf cmd="tag" pos="NN">tribunal</wf>
<wf cmd="ignore" pos="IN">of</wf>
<wf cmd="ignore" pos="DT">the</wf>
<wf cmd="tag" pos="NN">world</wf>
<punc>''</punc>
<wf cmd="ignore" pos="IN">for</wf>
<wf cmd="tag" pos="NN">support</wf>
<wf cmd="ignore" pos="IN">of</wf>
<wf cmd="ignore" pos="DT">a</wf>
<wf cmd="tag" pos="NN">revolution</wf>
<wf cmd="done" pos="VB" lemma="justify" wnsn="2" lexsn="2:32:00::">justified</wf>
<wf cmd="ignore" pos="IN">by</wf>
<punc>``</punc>
<wf cmd="ignore" pos="DT">the</wf>
<wf cmd="tag" pos="NN">laws_of_nature</wf>
<wf cmd="ignore" pos="CC">and</wf>
<wf cmd="ignore" pos="IN">of</wf>
<wf cmd="tag" pos="NN">nature</wf>
<wf cmd="ignore" pos="POS">'s</wf>
<wf cmd="tag" pos="NNP">God</wf>
<punc>''</punc>
<punc>.</punc>
</s>
</p>
<p pnum="22">
<s snum="64">
<wf cmd="ignore" pos="PRP">They</wf>
<wf cmd="done" pos="VB" lemma="fight" wnsn="1" lexsn="2:33:00::">fought</wf>
<wf cmd="tag" pos="JJ">hard</wf>
<punc>,</punc>
<wf cmd="ignore" pos="CC">but</wf>
<wf cmd="ignore" pos="PRP">they</wf>
<wf cmd="done" pos="VB" lemma="be" wnsn="1" lexsn="2:42:03::">were</wf>
<wf cmd="tag" pos="JJ">forgiving</wf>
<wf cmd="ignore" pos="TO">to</wf>
<wf cmd="tag" pos="JJ">former</wf>
<wf cmd="tag" pos="NNS">foes</wf>
<punc>,</punc>
<wf cmd="ignore" pos="CC">and</wf>
<wf cmd="done" pos="VB" lemma="seek" wnsn="3" lexsn="2:41:00::">sought</wf>
<wf cmd="ignore" pos="TO">to</wf>
<wf cmd="done" pos="VB" lemma="prevent" wnsn="2" lexsn="2:41:00::">prevent</wf>
<wf cmd="tag" pos="JJ">vindictive</wf>
<wf cmd="tag" pos="NNS">legislatures</wf>
<wf cmd="ignore" pos="IN">from</wf>
<wf cmd="done" pos="VB" lemma="confiscate" wnsn="1" lexsn="2:40:01::">confiscating</wf>
<wf cmd="tag" pos="NNP">Tory</wf>
<wf cmd="tag" pos="NN">property</wf>
<wf cmd="ignore" pos="IN">in</wf>
<wf cmd="tag" pos="NN">violation</wf>
<wf cmd="ignore" pos="IN">of</wf>
<wf cmd="ignore" pos="DT">the</wf>
<wf cmd="tag" pos="NNP">Treaty</wf>
<wf cmd="ignore" pos="IN">of</wf>
<wf cmd="tag" pos="CD">1783</wf>
<punc>.</punc>
</s>
</p>
<p pnum="23">
<s snum="65">
<wf cmd="ignore" pos="DT">This</wf>
<wf cmd="tag" pos="NN">sense</wf>
<wf cmd="ignore" pos="IN">of</wf>
<wf cmd="tag" pos="NN">moderation</wf>
<wf cmd="ignore" pos="CC">and</wf>
<wf cmd="tag" pos="NN">fairness</wf>
<wf cmd="done" pos="VBZ" ot="notag">is</wf>
<wf cmd="tag" pos="RB">superbly</wf>
<wf cmd="done" pos="VB" lemma="exemplify" wnsn="2" lexsn="2:32:00::">exemplified</wf>
<wf cmd="ignore" pos="IN">in</wf>
<wf cmd="ignore" pos="DT">an</wf>
<wf cmd="tag" pos="NN">exchange</wf>
<wf cmd="ignore" pos="IN">of</wf>
<wf cmd="tag" pos="NNS">letters</wf>
<wf cmd="ignore" pos="IN">between</wf>
<wf cmd="tag" pos="NNP">John_Jay</wf>
<wf cmd="ignore" pos="CC">and</wf>
<wf cmd="ignore" pos="DT">a</wf>
<wf cmd="tag" pos="NNP">Tory</wf>
<wf cmd="tag" pos="NN">refugee</wf>
<punc>,</punc>
<wf cmd="tag" pos="NNP">Peter_Van_Schaack</wf>
<punc>.</punc>
</s>
<s snum="66">
<wf cmd="tag" pos="NNP">Jay</wf>
<wf cmd="done" pos="VBD" ot="notag">had</wf>
<wf cmd="done" pos="VB" lemma="participate" wnsn="1" lexsn="2:41:00::">participated</wf>
<wf cmd="ignore" pos="IN">in</wf>
<wf cmd="ignore" pos="DT">the</wf>
<wf cmd="tag" pos="NN">decision</wf>
<wf cmd="ignore" pos="WDT">that</wf>
<wf cmd="done" pos="VB" lemma="exile" wnsn="1" lexsn="2:41:00::">exiled</wf>
<wf cmd="ignore" pos="PRP$">his</wf>
<wf cmd="tag" pos="JJ">old</wf>
<wf cmd="tag" pos="NN">friend</wf>
<wf cmd="tag" pos="NNP">Van_Schaack</wf>
<punc>.</punc>
</s>
<s snum="67">
<wf cmd="tag" pos="RB">Yet</wf>
<wf cmd="ignore" pos="WRB">when</wf>
<punc>,</punc>
<wf cmd="tag" pos="JJ">at_war</wf>
<wf cmd="ignore" pos="POS">'s</wf>
<wf cmd="tag" pos="NN">end</wf>
<punc>,</punc>
<wf cmd="ignore" pos="DT">the</wf>
<wf cmd="tag" pos="NN">ex-Tory</wf>
<wf cmd="done" pos="VB" lemma="make" wnsn="1" lexsn="2:41:00::">made</wf>
<wf cmd="ignore" pos="DT">the</wf>
<wf cmd="tag" pos="JJ">first</wf>
<wf cmd="tag" pos="NN">move</wf>
<wf cmd="ignore" pos="TO">to</wf>
<wf cmd="done" pos="VB" lemma="resume" wnsn="1" lexsn="2:30:00::">resume</wf>
<wf cmd="tag" pos="NN">correspondence</wf>
<punc>,</punc>
<wf cmd="tag" pos="NNP">Jay</wf>
<wf cmd="done" pos="VB" lemma="write" wnsn="2" lexsn="2:32:00::">wrote</wf>
<wf cmd="ignore" pos="PRP">him</wf>
<wf cmd="ignore" pos="IN">from</wf>
<wf cmd="tag" pos="NNP">Paris</wf>
<punc>,</punc>
<wf cmd="ignore" pos="WRB">where</wf>
<wf cmd="ignore" pos="PRP">he</wf>
<wf cmd="done" pos="VBD" ot="notag">was</wf>
<wf cmd="done" pos="VB" lemma="negotiate" wnsn="1" lexsn="2:32:00::">negotiating</wf>
<wf cmd="ignore" pos="DT">the</wf>
<wf cmd="tag" pos="NN">peace</wf>
<wf cmd="tag" pos="NN">settlement</wf>
<punc>:</punc>
</s>
</p>
<p pnum="24">
<s snum="68">
<punc>``</punc>
<wf cmd="ignore" pos="IN">As</wf>
<wf cmd="ignore" pos="DT">an</wf>
<wf cmd="tag" pos="JJ">independent</wf>
<wf cmd="tag" pos="NNP">American</wf>
<wf cmd="ignore" pos="PRP">I</wf>
<wf cmd="done" pos="VB" lemma="consider" wnsn="1" lexsn="2:31:00::">considered</wf>
<wf cmd="ignore" pos="DT">all</wf>
<wf cmd="ignore" pos="WP">who</wf>
<wf cmd="done" pos="VB" lemma="be" wnsn="1" lexsn="2:42:03::">were</wf>
<wf cmd="tag" pos="RB">not</wf>
<wf cmd="ignore" pos="IN">for</wf>
<wf cmd="ignore" pos="PRP">us</wf>
<punc>,</punc>
<wf cmd="ignore" pos="CC">and</wf>
<wf cmd="ignore" pos="PRP">you</wf>
<wf cmd="ignore" pos="IN">amongst</wf>
<wf cmd="ignore" pos="DT">the</wf>
<wf cmd="tag" pos="NN">rest</wf>
<punc>,</punc>
<wf cmd="ignore" pos="IN">as</wf>
<wf cmd="ignore" pos="IN">against</wf>
<wf cmd="ignore" pos="PRP">us</wf>
<punc>,</punc>
<wf cmd="tag" pos="RB">yet</wf>
<wf cmd="done" pos="VB" lemma="be" wnsn="1" lexsn="2:42:03::">be</wf>
<wf cmd="tag" pos="JJ">assured</wf>
<wf cmd="ignore" pos="IN">that</wf>
<wf cmd="tag" pos="NNP">John_Jay</wf>
<wf cmd="tag" pos="RB">never</wf>
<wf cmd="done" pos="VB" lemma="cease" wnsn="1" lexsn="2:42:00::">ceased</wf>
<wf cmd="ignore" pos="TO">to</wf>
<wf cmd="done" pos="VB" lemma="be" wnsn="2" lexsn="2:42:06::">be</wf>
<wf cmd="ignore" pos="DT">the</wf>
<wf cmd="tag" pos="NN">friend</wf>
<wf cmd="ignore" pos="IN">of</wf>
<wf cmd="tag" pos="NNP">Peter_Van_Schaack</wf>
<punc>''</punc>
<punc>.</punc>
</s>
</p>
<p pnum="25">
<s snum="69">
<wf cmd="ignore" pos="DT">The</wf>
<wf cmd="tag" pos="NN">latter</wf>
<wf cmd="tag" pos="RB">in_turn</wf>
<wf cmd="done" pos="VB" lemma="assure" wnsn="2" lexsn="2:32:00::">assured</wf>
<wf cmd="ignore" pos="PRP">him</wf>
<wf cmd="ignore" pos="IN">that</wf>
<punc>``</punc>
<wf cmd="done" pos="VBD" ot="notag">were</wf>
<wf cmd="ignore" pos="PRP">I</wf>
<wf cmd="done" pos="VB" lemma="arraign" wnsn="1" lexsn="2:41:00::">arraigned</wf>
<wf cmd="ignore" pos="IN">at</wf>
<wf cmd="ignore" pos="DT">the</wf>
<wf cmd="tag" pos="NN">bar</wf>
<punc>,</punc>
<wf cmd="ignore" pos="CC">and</wf>
<wf cmd="ignore" pos="PRP">you</wf>
<wf cmd="ignore" pos="PRP$">my</wf>
<wf cmd="tag" pos="NN">judge</wf>
<punc>,</punc>
<wf cmd="ignore" pos="PRP">I</wf>
<wf cmd="ignore" pos="MD">should</wf>
<wf cmd="done" pos="VB" lemma="expect" wnsn="1" lexsn="2:31:00::">expect</wf>
<wf cmd="ignore" pos="TO">to</wf>
<wf cmd="done" pos="VB" lemma="stand" wnsn="4" lexsn="2:42:00::">stand</wf>
<wf cmd="ignore" pos="CC">or</wf>
<wf cmd="done" pos="VB" lemma="fall" wnsn="6" lexsn="2:41:02::">fall</wf>
<wf cmd="tag" pos="RB">only</wf>
<wf cmd="ignore" pos="IN">by</wf>
<wf cmd="ignore" pos="DT">the</wf>
<wf cmd="tag" pos="NNS">merits</wf>
<wf cmd="ignore" pos="IN">of</wf>
<wf cmd="ignore" pos="PRP$">my</wf>
<wf cmd="tag" pos="NN">cause</wf>
<punc>''</punc>
<punc>.</punc>
</s>
</p>
<p pnum="26">
<s snum="70">
<wf cmd="ignore" pos="DT">All</wf>
<wf cmd="tag" pos="CD">seven</wf>
<wf cmd="done" pos="VB" lemma="recognize" wnsn="2" lexsn="2:31:01::">recognized</wf>
<wf cmd="ignore" pos="IN">that</wf>
<wf cmd="tag" pos="NN">independence</wf>
<wf cmd="done" pos="VB" lemma="be" wnsn="1" lexsn="2:42:03::">was</wf>
<wf cmd="ignore" pos="CC">but</wf>
<wf cmd="ignore" pos="DT">the</wf>
<wf cmd="tag" pos="NN">first_step</wf>
<wf cmd="ignore" pos="IN">toward</wf>
<wf cmd="done" pos="VB" lemma="build" wnsn="1" lexsn="2:36:00::">building</wf>
<wf cmd="ignore" pos="DT">a</wf>
<wf cmd="tag" pos="NN">nation</wf>
<punc>.</punc>
</s>
<s snum="71">
<punc>``</punc>
<wf cmd="ignore" pos="PRP">We</wf>
<wf cmd="done" pos="VB" lemma="have" wnsn="1" lexsn="2:40:00::">have</wf>
<wf cmd="tag" pos="RB">now</wf>
<wf cmd="ignore" pos="DT">a</wf>
<wf cmd="tag" pos="JJ">national</wf>
<wf cmd="tag" pos="NN">character</wf>
<wf cmd="ignore" pos="TO">to</wf>
<wf cmd="done" pos="VB" lemma="establish" wnsn="2" lexsn="2:36:00::">establish</wf>
<punc>''</punc>
<punc>,</punc>
<wf cmd="tag" pos="NNP">Washington</wf>
<wf cmd="done" pos="VB" lemma="write" wnsn="2" lexsn="2:32:00::">wrote</wf>
<wf cmd="ignore" pos="IN">in</wf>
<wf cmd="tag" pos="CD">1783</wf>
<punc>.</punc>
</s>
<s snum="72">
<punc>``</punc>
<wf cmd="done" pos="VB" lemma="think" wnsn="3" lexsn="2:31:00::">Think</wf>
<wf cmd="tag" pos="RB">continentally</wf>
<punc>''</punc>
<punc>,</punc>
<wf cmd="tag" pos="NNP">Hamilton</wf>
<wf cmd="done" pos="VB" lemma="counsel" wnsn="1" lexsn="2:32:00::">counseled</wf>
<wf cmd="ignore" pos="DT">the</wf>
<wf cmd="tag" pos="JJ">young</wf>
<wf cmd="tag" pos="NN">nation</wf>
<punc>.</punc>
</s>
<s snum="73">
<wf cmd="ignore" pos="DT">This</wf>
<wf cmd="tag" pos="JJ">new</wf>
<wf cmd="tag" pos="NN">force</wf>
<punc>,</punc>
<wf cmd="tag" pos="NN">love_of_country</wf>
<punc>,</punc>
<wf cmd="done" pos="VB" lemma="superimpose" wnsn="1" lexsn="2:35:00::">super-imposed</wf>
<wf cmd="ignore" pos="IN">upon</wf>
<punc>-</punc>
<wf cmd="tag" pos="RB">if_not</wf>
<wf cmd="done" pos="VB" lemma="displace" wnsn="0" lexsn="2:38:01::">displacing</wf>
<punc>-</punc>
<wf cmd="tag" pos="JJ">affectionate</wf>
<wf cmd="tag" pos="NNS">ties</wf>
<wf cmd="ignore" pos="TO">to</wf>
<wf cmd="tag" pos="CD">one</wf>
<wf cmd="ignore" pos="POS">'s</wf>
<wf cmd="tag" pos="JJ">own</wf>
<wf cmd="tag" pos="NN">state</wf>
<punc>,</punc>
<wf cmd="done" pos="VBD" ot="notag">was</wf>
<wf cmd="done" pos="VB" lemma="epitomize" wnsn="1" lexsn="2:42:00::">epitomized</wf>
<wf cmd="ignore" pos="IN">by</wf>
<wf cmd="tag" pos="NNP">Washington</wf>
<punc>.</punc>
</s>
<s snum="74">
<wf cmd="ignore" pos="PRP$">His</wf>
<wf cmd="tag" pos="JJ">first</wf>
<wf cmd="tag" pos="NN">inaugural_address</wf>
<wf cmd="done" pos="VB" lemma="speak" wnsn="1" lexsn="2:32:00::">speaks</wf>
<wf cmd="ignore" pos="IN">of</wf>
<punc>``</punc>
<wf cmd="ignore" pos="PRP$">my</wf>
<wf cmd="tag" pos="NN">country</wf>
<wf cmd="ignore" pos="WP$">whose</wf>
<wf cmd="tag" pos="NN">voice</wf>
<wf cmd="ignore" pos="PRP">I</wf>
<wf cmd="ignore" pos="MD">can</wf>
<wf cmd="tag" pos="RB">never</wf>
<wf cmd="done" pos="VB" lemma="hear" wnsn="1" lexsn="2:39:00::">hear</wf>
<wf cmd="ignore" pos="CC">but</wf>
<wf cmd="ignore" pos="IN">with</wf>
<wf cmd="tag" pos="NN">veneration</wf>
<wf cmd="ignore" pos="CC">and</wf>
<wf cmd="tag" pos="NN">love</wf>
<punc>''</punc>
<punc>.</punc>
</s>
</p>
<p pnum="27">
<s snum="75">
<wf cmd="ignore" pos="DT">All</wf>
<wf cmd="done" pos="VB" lemma="seek" wnsn="1" lexsn="2:40:00::">sought</wf>
<wf cmd="ignore" pos="DT">the</wf>
<wf cmd="tag" pos="NN">fruition</wf>
<wf cmd="tag" pos="RB">of_that</wf>
<wf cmd="tag" pos="NN">nationalism</wf>
<wf cmd="ignore" pos="IN">in</wf>
<wf cmd="ignore" pos="DT">a</wf>
<wf cmd="tag" pos="NN">Federal_Government</wf>
<wf cmd="ignore" pos="IN">with</wf>
<wf cmd="tag" pos="JJ">substantial</wf>
<wf cmd="tag" pos="NNS">powers</wf>
<punc>.</punc>
</s>
<s snum="76">
<wf cmd="done" pos="VB" ot="notag">Save</wf>
<wf cmd="tag" pos="NNP">Jefferson</wf>
<punc>,</punc>
<wf cmd="ignore" pos="DT">all</wf>
<wf cmd="done" pos="VB" lemma="participate" wnsn="1" lexsn="2:41:00::">participated</wf>
<wf cmd="ignore" pos="IN">in</wf>
<wf cmd="ignore" pos="DT">the</wf>
<wf cmd="tag" pos="NN">framing</wf>
<wf cmd="ignore" pos="CC">or</wf>
<wf cmd="tag" pos="NN">ratification</wf>
<wf cmd="ignore" pos="IN">of</wf>
<wf cmd="ignore" pos="DT">the</wf>
<wf cmd="tag" pos="NNP">Federal_Constitution</wf>
<punc>.</punc>
</s>
<s snum="77">
<wf cmd="ignore" pos="PRP">They</wf>
<wf cmd="done" pos="VB" lemma="support" wnsn="3" lexsn="2:41:01::">supported</wf>
<wf cmd="ignore" pos="PRP">it</wf>
<punc>,</punc>
<wf cmd="tag" pos="RB">not</wf>
<wf cmd="ignore" pos="IN">as</wf>
<wf cmd="ignore" pos="DT">a</wf>
<wf cmd="tag" pos="JJ">perfect</wf>
<wf cmd="tag" pos="NN">instrument</wf>
<punc>,</punc>
<wf cmd="ignore" pos="CC">but</wf>
<wf cmd="ignore" pos="IN">as</wf>
<wf cmd="ignore" pos="DT">the</wf>
<wf cmd="tag" pos="RBS">best</wf>
<wf cmd="tag" pos="JJ">obtainable</wf>
<punc>.</punc>
</s>
<s snum="78">
<wf cmd="tag" pos="NNS">Historians</wf>
<wf cmd="done" pos="VBP" ot="notag">have</wf>
<wf cmd="tag" pos="RB">traditionally</wf>
<wf cmd="done" pos="VB" lemma="regard" wnsn="1" lexsn="2:31:00::">regarded</wf>
<wf cmd="ignore" pos="DT">the</wf>
<wf cmd="tag" pos="JJ">great</wf>
<wf cmd="tag" pos="NNS">debates</wf>
<wf cmd="ignore" pos="IN">of</wf>
<wf cmd="ignore" pos="DT">the</wf>
<wf cmd="tag" pos="CD">Seventeen</wf>
<wf cmd="tag" pos="NNPS">Nineties</wf>
<wf cmd="ignore" pos="IN">as</wf>
<wf cmd="done" pos="VB" lemma="polarize" wnsn="2" lexsn="2:30:01::">polarizing</wf>
<wf cmd="ignore" pos="DT">the</wf>
<wf cmd="tag" pos="NNS">issues</wf>
<wf cmd="ignore" pos="IN">of</wf>
<wf cmd="tag" pos="JJ">centralized</wf>
<wf cmd="ignore" pos="IN">vs.</wf>
<wf cmd="tag" pos="JJ">limited</wf>
<wf cmd="tag" pos="NN">government</wf>
<punc>,</punc>
<wf cmd="ignore" pos="IN">with</wf>
<wf cmd="tag" pos="NNP">Hamilton</wf>
<wf cmd="ignore" pos="CC">and</wf>
<wf cmd="ignore" pos="DT">the</wf>
<wf cmd="tag" pos="NNS">nationalists</wf>
<wf cmd="done" pos="VB" lemma="support" wnsn="3" lexsn="2:41:01::">supporting</wf>
<wf cmd="ignore" pos="DT">the</wf>
<wf cmd="tag" pos="JJ">former</wf>
<wf cmd="ignore" pos="CC">and</wf>
<wf cmd="tag" pos="NNP">Jefferson</wf>
<wf cmd="ignore" pos="CC">and</wf>
<wf cmd="tag" pos="NNP">Madison</wf>
<wf cmd="done" pos="VB" lemma="uphold" wnsn="2" lexsn="2:32:00::">upholding</wf>
<wf cmd="ignore" pos="DT">the</wf>
<wf cmd="tag" pos="NN">latter</wf>
<wf cmd="tag" pos="NN">position</wf>
<punc>.</punc>
</s>
</p>
<p pnum="28">
<s snum="79">
<wf cmd="ignore" pos="DT">The</wf>
<wf cmd="tag" pos="NN">state</wf>
<wf cmd="ignore" pos="POS">'s</wf>
<wf cmd="tag" pos="NNS">rights</wf>
<wf cmd="tag" pos="NN">position</wf>
<wf cmd="done" pos="VBD" ot="notag">was</wf>
<wf cmd="done" pos="VB" lemma="formulate" wnsn="3" lexsn="2:32:00::">formulated</wf>
<wf cmd="ignore" pos="IN">by</wf>
<wf cmd="tag" pos="NNP">Jefferson</wf>
<wf cmd="ignore" pos="CC">and</wf>
<wf cmd="tag" pos="NNP">Madison</wf>
<wf cmd="ignore" pos="IN">in</wf>
<wf cmd="ignore" pos="DT">the</wf>
<wf cmd="tag" pos="NNP">Kentucky</wf>
<wf cmd="ignore" pos="CC">and</wf>
<wf cmd="tag" pos="NNP">Virginia</wf>
<wf cmd="tag" pos="NNPS">Resolves</wf>
<punc>,</punc>
<wf cmd="ignore" pos="CC">but</wf>
<wf cmd="ignore" pos="IN">in</wf>
<wf cmd="ignore" pos="PRP$">their</wf>
<wf cmd="tag" pos="RB">later</wf>
<wf cmd="tag" pos="NNS">careers</wf>
<wf cmd="ignore" pos="IN">as</wf>
<wf cmd="tag" pos="NN">heads_of_state</wf>
<wf cmd="ignore" pos="DT">the</wf>
<wf cmd="tag" pos="CD">two</wf>
<wf cmd="done" pos="VB" lemma="prove" wnsn="1" lexsn="2:42:00::">proved</wf>
<wf cmd="ignore" pos="PRP">themselves</wf>
<wf cmd="tag" pos="JJR">better</wf>
<wf cmd="tag" pos="NNPS">Hamiltonians</wf>
<wf cmd="ignore" pos="IN">than</wf>
<wf cmd="tag" pos="NNPS">Jeffersonians</wf>
<punc>.</punc>
</s>
<s snum="80">
<wf cmd="ignore" pos="IN">In</wf>
<wf cmd="done" pos="VB" lemma="purchase" wnsn="1" lexsn="2:40:00::">purchasing</wf>
<wf cmd="tag" pos="NNP">Louisiana</wf>
<punc>,</punc>
<wf cmd="tag" pos="NNP">Jefferson</wf>
<wf cmd="done" pos="VB" ot="notag">had_to</wf>
<wf cmd="done" pos="VB" lemma="adopt" wnsn="1" lexsn="2:40:02::">adopt</wf>
<wf cmd="tag" pos="NNP">Hamilton</wf>
<wf cmd="ignore" pos="POS">'s</wf>
<wf cmd="tag" pos="JJ">broad</wf>
<wf cmd="tag" pos="NN">construction</wf>
<wf cmd="ignore" pos="IN">of</wf>
<wf cmd="ignore" pos="DT">the</wf>
<wf cmd="tag" pos="NNP">Constitution</wf>
<punc>,</punc>
<wf cmd="ignore" pos="CC">and</wf>
<wf cmd="tag" pos="RB">so</wf>
<wf cmd="done" pos="VBD" ot="notag">did</wf>
<wf cmd="tag" pos="NNP">Madison</wf>
<wf cmd="ignore" pos="IN">in</wf>
<wf cmd="done" pos="VB" lemma="advocate" wnsn="1" lexsn="2:32:00::">advocating</wf>
<wf cmd="ignore" pos="DT">the</wf>
<wf cmd="tag" pos="NN">rechartering</wf>
<wf cmd="ignore" pos="IN">of</wf>
<wf cmd="tag" pos="NNP">Hamilton</wf>
<wf cmd="ignore" pos="POS">'s</wf>
<wf cmd="tag" pos="NN">bank</wf>
<punc>,</punc>
<wf cmd="ignore" pos="WDT">which</wf>
<wf cmd="ignore" pos="PRP">he</wf>
<wf cmd="done" pos="VBD" ot="notag">had</wf>
<wf cmd="tag" pos="RB">so</wf>
<wf cmd="tag" pos="RB">strenuously</wf>
<wf cmd="done" pos="VB" lemma="oppose" wnsn="2" lexsn="2:33:01::">opposed</wf>
<wf cmd="ignore" pos="IN">at</wf>
<wf cmd="ignore" pos="PRP$">its</wf>
<wf cmd="tag" pos="NN">inception</wf>
<punc>,</punc>
<wf cmd="ignore" pos="CC">and</wf>
<wf cmd="ignore" pos="IN">in</wf>
<wf cmd="done" pos="VB" lemma="adopt" wnsn="1" lexsn="2:40:02::">adopting</wf>
<wf cmd="ignore" pos="DT">a</wf>
<wf cmd="tag" pos="JJ">Hamiltonian</wf>
<wf cmd="tag" pos="NN">protective_tariff</wf>
<punc>.</punc>
</s>
<s snum="81">
<wf cmd="tag" pos="RB">Indeed</wf>
<punc>,</punc>
<wf cmd="ignore" pos="DT">the</wf>
<wf cmd="tag" pos="JJ">old</wf>
<wf cmd="tag" pos="NNPS">Jeffersonians</wf>
<wf cmd="done" pos="VB" lemma="be" wnsn="1" lexsn="2:42:03::">were</wf>
<wf cmd="tag" pos="RB">far</wf>
<wf cmd="tag" pos="JJR">more</wf>
<wf cmd="tag" pos="NN">atune</wf>
<wf cmd="ignore" pos="TO">to</wf>
<wf cmd="ignore" pos="DT">the</wf>
<wf cmd="tag" pos="JJ">Hamilton-oriented</wf>
<wf cmd="tag" pos="NNPS">Whigs</wf>
<wf cmd="ignore" pos="IN">than</wf>
<wf cmd="ignore" pos="PRP">they</wf>
<wf cmd="done" pos="VB" lemma="be" wnsn="1" lexsn="2:42:03::">were</wf>
<wf cmd="ignore" pos="TO">to</wf>
<wf cmd="ignore" pos="DT">the</wf>
<wf cmd="tag" pos="NNP">Jacksonian</wf>
<wf cmd="tag" pos="NNPS">Democrats</wf>
<punc>.</punc>
</s>
</p>
<p pnum="29">
<s snum="82">
<wf cmd="ignore" pos="WRB">When</wf>
<punc>,</punc>
<wf cmd="ignore" pos="IN">in</wf>
<wf cmd="tag" pos="CD">1832</wf>
<punc>,</punc>
<wf cmd="ignore" pos="DT">the</wf>
<wf cmd="tag" pos="NN">South_Carolina</wf>
<wf cmd="tag" pos="NNS">nullifiers</wf>
<wf cmd="done" pos="VB" lemma="adopt" wnsn="1" lexsn="2:40:02::">adopted</wf>
<wf cmd="ignore" pos="DT">the</wf>
<wf cmd="tag" pos="NN">principle</wf>
<wf cmd="ignore" pos="IN">of</wf>
<wf cmd="tag" pos="NN">state</wf>
<wf cmd="tag" pos="NN">interposition</wf>
<wf cmd="ignore" pos="WDT">which</wf>
<wf cmd="tag" pos="NNP">Madison</wf>
<wf cmd="done" pos="VBD" ot="notag">had</wf>
<wf cmd="done" pos="VB" lemma="advance" wnsn="4" lexsn="2:41:01::">advanced</wf>
<wf cmd="ignore" pos="IN">in</wf>
<wf cmd="ignore" pos="PRP$">his</wf>
<wf cmd="tag" pos="JJ">old</wf>
<wf cmd="tag" pos="NNP">Virginia_Resolve</wf>
<punc>,</punc>
<wf cmd="ignore" pos="PRP">they</wf>
<wf cmd="done" pos="VB" lemma="elicit" wnsn="1" lexsn="2:37:00::">elicited</wf>
<wf cmd="ignore" pos="DT">no</wf>
<wf cmd="tag" pos="NN">encouragement</wf>
<wf cmd="tag" pos="RB">from_that</wf>
<wf cmd="tag" pos="JJ">senior</wf>
<wf cmd="tag" pos="NN">statesman</wf>
<punc>.</punc>
</s>
<s snum="83">
<wf cmd="ignore" pos="IN">In</wf>
<wf cmd="ignore" pos="PRP$">his</wf>
<wf cmd="tag" pos="JJ">political</wf>
<wf cmd="tag" pos="NN">testament</wf>
<punc>,</punc>
<punc>``</punc>
<wf cmd="tag" pos="NNP">Advice</wf>
<wf cmd="ignore" pos="TO">to</wf>
<wf cmd="ignore" pos="PRP$">My</wf>
<wf cmd="tag" pos="NNP">Country</wf>
<punc>''</punc>
<punc>,</punc>
<wf cmd="done" pos="VB" lemma="pen" wnsn="1" lexsn="2:36:00::">penned</wf>
<wf cmd="tag" pos="RB">just</wf>
<wf cmd="ignore" pos="IN">before</wf>
<wf cmd="ignore" pos="PRP$">his</wf>
<wf cmd="tag" pos="NN">death</wf>
<punc>,</punc>
<wf cmd="tag" pos="NNP">Madison</wf>
<wf cmd="done" pos="VB" lemma="express" wnsn="2" lexsn="2:32:00::">expressed</wf>
<wf cmd="ignore" pos="DT">the</wf>
<wf cmd="tag" pos="NN">wish</wf>
<punc>``</punc>
<wf cmd="ignore" pos="IN">that</wf>
<wf cmd="ignore" pos="DT">the</wf>
<wf cmd="tag" pos="NNP">Union</wf>
<wf cmd="ignore" pos="IN">of</wf>
<wf cmd="ignore" pos="DT">the</wf>
<wf cmd="tag" pos="NNPS">States</wf>
<wf cmd="done" pos="VB" ot="notag">be</wf>
<wf cmd="done" pos="VB" lemma="cherish" wnsn="1" lexsn="2:37:00::">cherished</wf>
<wf cmd="ignore" pos="CC">and</wf>
<wf cmd="done" pos="VB" lemma="perpetuate" wnsn="1" lexsn="2:42:00::">perpetuated</wf>
<punc>.</punc>
</s>
<s snum="84">
<wf cmd="done" pos="VB" lemma="let" wnsn="1" lexsn="2:41:00::">Let</wf>
<wf cmd="ignore" pos="DT">the</wf>
<wf cmd="tag" pos="JJ">open</wf>
<wf cmd="tag" pos="NN">enemy</wf>
<wf cmd="tag" pos="RB">to_it</wf>
<wf cmd="done" pos="VB" ot="notag">be</wf>
<wf cmd="done" pos="VB" lemma="regard_as" wnsn="1" lexsn="2:31:00::">regarded_as</wf>
<wf cmd="ignore" pos="DT">a</wf>
<wf cmd="tag" pos="NNP">Pandora</wf>
<wf cmd="ignore" pos="IN">with</wf>
<wf cmd="ignore" pos="PRP$">her</wf>
<wf cmd="tag" pos="NN">box</wf>
<wf cmd="tag" pos="JJ">opened</wf>
<punc>;</punc>
<wf cmd="ignore" pos="CC">and</wf>
<wf cmd="ignore" pos="DT">the</wf>
<wf cmd="tag" pos="JJ">disguised</wf>
<wf cmd="tag" pos="CD">one</wf>
<punc>,</punc>
<wf cmd="ignore" pos="IN">as</wf>
<wf cmd="ignore" pos="DT">the</wf>
<wf cmd="tag" pos="NN">serpent</wf>
<wf cmd="done" pos="VB" lemma="creep" wnsn="1" lexsn="2:38:00::">creeping</wf>
<wf cmd="ignore" pos="IN">with</wf>
<wf cmd="ignore" pos="PRP$">his</wf>
<wf cmd="tag" pos="JJ">deadly</wf>
<wf cmd="tag" pos="NNS">wiles</wf>
<wf cmd="ignore" pos="IN">into</wf>
<wf cmd="tag" pos="NNP">Paradise</wf>
<punc>''</punc>
<punc>.</punc>
</s>
</p>
</context>
</contextfile>
