<contextfile concordance="brown">
<context filename="br-g06" paras="yes">
<p pnum="1">
<s snum="1">
<wf cmd="tag" pos="NNP">Die</wf>
<wf cmd="ignore" pos="FW">Frist</wf>
<wf cmd="ignore" pos="FW">ist</wf>
<wf cmd="ignore" pos="FW">um</wf>
<punc>,</punc>
<wf cmd="ignore" pos="FW">und</wf>
<wf cmd="ignore" pos="FW">wiederum</wf>
<wf cmd="ignore" pos="FW">verstrichen</wf>
<wf cmd="ignore" pos="FW">sind</wf>
<wf cmd="ignore" pos="FW">sieben</wf>
<wf cmd="ignore" pos="FW">Jahr</wf>
<punc>,</punc>
<wf cmd="ignore" pos="DT">the</wf>
<wf cmd="tag" pos="NNP">Maestro</wf>
<wf cmd="done" pos="VB" lemma="quote" wnsn="1" lexsn="2:32:00::">quoted</wf>
<wf cmd="ignore" pos="DT">The</wf>
<wf cmd="tag" pos="NN">Flying_Dutchman</wf>
<punc>,</punc>
<wf cmd="ignore" pos="IN">as</wf>
<wf cmd="ignore" pos="PRP">he</wf>
<wf cmd="done" pos="VB" lemma="tell" wnsn="3" lexsn="2:32:01::">told</wf>
<wf cmd="ignore" pos="IN">of</wf>
<wf cmd="ignore" pos="PRP$">his</wf>
<wf cmd="tag" pos="NN">career</wf>
<wf cmd="ignore" pos="CC">and</wf>
<wf cmd="tag" pos="NNS">wanderings</wf>
<punc>,</punc>
<wf cmd="done" pos="VB" lemma="explain" wnsn="1" lexsn="2:32:00::">explaining</wf>
<wf cmd="ignore" pos="IN">that</wf>
<wf cmd="ignore" pos="DT">the</wf>
<wf cmd="tag" pos="NN">number</wf>
<wf cmd="tag" pos="CD">seven</wf>
<wf cmd="done" pos="VBD" ot="notag">had</wf>
<wf cmd="tag" pos="RB">significantly</wf>
<wf cmd="done" pos="VB" lemma="recur" wnsn="1" lexsn="2:30:00::">recurred</wf>
<wf cmd="ignore" pos="IN">in</wf>
<wf cmd="ignore" pos="PRP$">his</wf>
<wf cmd="tag" pos="NN">life</wf>
<wf cmd="tag" pos="RB">several_times</wf>
<punc>.</punc>
</s>
</p>
<p pnum="2">
<s snum="2">
<wf cmd="ignore" pos="DT">The</wf>
<wf cmd="tag" pos="NN">music_director</wf>
<wf cmd="ignore" pos="IN">of</wf>
<wf cmd="ignore" pos="DT">the</wf>
<wf cmd="tag" pos="NNP">Pittsburgh</wf>
<wf cmd="tag" pos="NN">Symphony_Orchestra</wf>
<punc>,</punc>
<wf cmd="tag" pos="NNP">William_Steinberg</wf>
<punc>,</punc>
<wf cmd="done" pos="VBZ" ot="notag">has</wf>
<wf cmd="done" pos="VB" lemma="mold" wnsn="1" lexsn="2:36:02::">molded</wf>
<wf cmd="ignore" pos="PRP$">his</wf>
<wf cmd="tag" pos="NN">group</wf>
<wf cmd="ignore" pos="IN">into</wf>
<wf cmd="ignore" pos="DT">a</wf>
<wf cmd="tag" pos="JJ">prominent</wf>
<wf cmd="tag" pos="NN">musical_organization</wf>
<punc>,</punc>
<wf cmd="ignore" pos="WDT">which</wf>
<wf cmd="done" pos="VB" lemma="be" wnsn="9" lexsn="2:42:08::">is</wf>
<wf cmd="ignore" pos="PRP$">his</wf>
<wf cmd="tag" pos="NN">life</wf>
<punc>.</punc>
</s>
<s snum="3">
<wf cmd="ignore" pos="WRB">When</wf>
<wf cmd="ignore" pos="PRP">he</wf>
<wf cmd="done" pos="VB" lemma="add" wnsn="1" lexsn="2:30:00::">added</wf>
<wf cmd="ignore" pos="TO">to</wf>
<wf cmd="ignore" pos="PRP$">his</wf>
<wf cmd="tag" pos="NNP">Pittsburgh</wf>
<wf cmd="tag" pos="NNS">commitments</wf>
<wf cmd="ignore" pos="DT">the</wf>
<wf cmd="tag" pos="NN">directorship</wf>
<wf cmd="ignore" pos="IN">of</wf>
<wf cmd="ignore" pos="DT">the</wf>
<wf cmd="tag" pos="NNP">London_Philharmonic_Orchestra</wf>
<wf cmd="ignore" pos="IN">in</wf>
<wf cmd="tag" pos="CD">1958</wf>
<punc>,</punc>
<wf cmd="ignore" pos="PRP">he</wf>
<wf cmd="done" pos="VB" lemma="conduct" wnsn="2" lexsn="2:36:00::">conducted</wf>
<wf cmd="tag" pos="JJ">one_hundred</wf>
<wf cmd="tag" pos="CD">fifty</wf>
<wf cmd="tag" pos="NNS">concerts</wf>
<wf cmd="ignore" pos="IN">within</wf>
<wf cmd="tag" pos="CD">nine</wf>
<wf cmd="tag" pos="NNS">months</wf>
<punc>,</punc>
<punc>``</punc>
<wf cmd="done" pos="VB" lemma="commute" wnsn="2" lexsn="2:38:00::">commuting</wf>
<punc>''</punc>
<wf cmd="ignore" pos="IN">between</wf>
<wf cmd="ignore" pos="DT">the</wf>
<wf cmd="tag" pos="CD">two</wf>
<wf cmd="tag" pos="NNS">cities</wf>
<punc>.</punc>
</s>
<s snum="4">
<wf cmd="ignore" pos="DT">This</wf>
<wf cmd="tag" pos="NN">schedule</wf>
<wf cmd="done" pos="VB" lemma="become" wnsn="1" lexsn="2:30:00::">became</wf>
<wf cmd="tag" pos="RB">too</wf>
<wf cmd="tag" pos="JJ">strenuous</wf>
<punc>,</punc>
<wf cmd="tag" pos="RB">even</wf>
<wf cmd="ignore" pos="IN">for</wf>
<wf cmd="ignore" pos="DT">the</wf>
<wf cmd="tag" pos="JJ">energetic</wf>
<wf cmd="ignore" pos="CC">and</wf>
<wf cmd="tag" pos="JJ">conscientious</wf>
<wf cmd="tag" pos="NNP">Mr._Steinberg</wf>
<punc>.</punc>
</s>
<s snum="5">
<wf cmd="ignore" pos="PRP$">His</wf>
<wf cmd="tag" pos="NNP">London</wf>
<wf cmd="tag" pos="NN">contract</wf>
<wf cmd="done" pos="VBD" ot="notag">was</wf>
<wf cmd="done" pos="VB" lemma="rescind" wnsn="1" lexsn="2:32:00::">rescinded</wf>
<punc>,</punc>
<wf cmd="ignore" pos="CC">and</wf>
<wf cmd="tag" pos="RB">now</wf>
<punc>,</punc>
<wf cmd="ignore" pos="PRP">he</wf>
<wf cmd="done" pos="VB" lemma="explain" wnsn="1" lexsn="2:32:00::">explains</wf>
<wf cmd="tag" pos="RB">cheerfully</wf>
<punc>,</punc>
<wf cmd="ignore" pos="IN">as</wf>
<wf cmd="ignore" pos="DT">a</wf>
<wf cmd="tag" pos="JJ">bright</wf>
<wf cmd="tag" pos="NN">smile</wf>
<wf cmd="done" pos="VB" lemma="lighten" wnsn="1" lexsn="2:37:01::">lightens</wf>
<wf cmd="ignore" pos="PRP$">his</wf>
<wf cmd="tag" pos="JJ">intense</wf>
<punc>,</punc>
<wf cmd="tag" pos="JJ">mobile</wf>
<wf cmd="tag" pos="NN">face</wf>
<punc>,</punc>
<punc>``</punc>
<wf cmd="ignore" pos="PRP">I</wf>
<wf cmd="done" pos="VB" lemma="conduct" wnsn="2" lexsn="2:36:00::">conduct</wf>
<wf cmd="tag" pos="RB">only</wf>
<wf cmd="tag" pos="JJ">one_hundred</wf>
<wf cmd="ignore" pos="CC">and</wf>
<wf cmd="tag" pos="CD">twenty</wf>
<wf cmd="tag" pos="NNS">concerts</wf>
<punc>''</punc>
<punc>!</punc>
</s>
</p>
<p pnum="3">
<s snum="6">
<wf cmd="ignore" pos="PRP$">Our</wf>
<wf cmd="tag" pos="NN">meeting</wf>
<wf cmd="done" pos="VB" lemma="take_place" wnsn="1" lexsn="2:30:00::">took_place</wf>
<wf cmd="ignore" pos="IN">in</wf>
<wf cmd="tag" pos="NNP">May</wf>
<punc>,</punc>
<wf cmd="tag" pos="CD">1961</wf>
<punc>,</punc>
<wf cmd="ignore" pos="IN">during</wf>
<wf cmd="tag" pos="CD">one</wf>
<wf cmd="ignore" pos="IN">of</wf>
<wf cmd="ignore" pos="DT">the</wf>
<wf cmd="tag" pos="NNP">Maestro</wf>
<wf cmd="ignore" pos="POS">'s</wf>
<wf cmd="tag" pos="NNS">stop-overs</wf>
<wf cmd="ignore" pos="IN">in</wf>
<wf cmd="tag" pos="NN">New_York</wf>
<punc>,</punc>
<wf cmd="ignore" pos="IN">before</wf>
<wf cmd="ignore" pos="PRP">he</wf>
<wf cmd="done" pos="VB" lemma="leave" wnsn="1" lexsn="2:38:01::">left</wf>
<wf cmd="ignore" pos="IN">for</wf>
<wf cmd="tag" pos="NNP">Europe</wf>
<punc>.</punc>
</s>
<s snum="7">
<wf cmd="ignore" pos="IN">As</wf>
<wf cmd="ignore" pos="PRP">we</wf>
<wf cmd="done" pos="VB" lemma="begin" wnsn="1" lexsn="2:30:00::">began</wf>
<wf cmd="ignore" pos="TO">to</wf>
<wf cmd="done" pos="VB" lemma="converse" wnsn="1" lexsn="2:32:00::">converse</wf>
<wf cmd="ignore" pos="IN">in</wf>
<wf cmd="ignore" pos="DT">the</wf>
<wf cmd="tag" pos="NN">lounge</wf>
<wf cmd="ignore" pos="IN">of</wf>
<wf cmd="ignore" pos="PRP$">his</wf>
<wf cmd="tag" pos="NNP">Fifth_Avenue</wf>
<wf cmd="tag" pos="NN">hotel</wf>
<punc>,</punc>
<wf cmd="ignore" pos="PRP$">his</wf>
<wf cmd="tag" pos="NN">restlessness</wf>
<wf cmd="ignore" pos="CC">and</wf>
<wf cmd="tag" pos="NN">sensitivity</wf>
<wf cmd="ignore" pos="TO">to</wf>
<wf cmd="tag" pos="NN">light</wf>
<wf cmd="ignore" pos="CC">and</wf>
<wf cmd="tag" pos="NN">sound</wf>
<wf cmd="done" pos="VB" lemma="become" wnsn="1" lexsn="2:30:00::">became</wf>
<wf cmd="tag" pos="RB">immediately</wf>
<wf cmd="tag" pos="JJ">apparent</wf>
<punc>.</punc>
</s>
<s snum="8">
<wf cmd="done" pos="VB" lemma="seek" wnsn="2" lexsn="2:35:00::">Seeking</wf>
<wf cmd="ignore" pos="DT">an</wf>
<wf cmd="tag" pos="JJ">obscure</wf>
<punc>,</punc>
<wf cmd="tag" pos="JJ">dark</wf>
<punc>,</punc>
<wf cmd="tag" pos="RB">relatively</wf>
<wf cmd="tag" pos="JJ">quiet</wf>
<wf cmd="tag" pos="NN">corner</wf>
<wf cmd="ignore" pos="IN">in</wf>
<wf cmd="ignore" pos="DT">the</wf>
<wf cmd="tag" pos="JJ">airy</wf>
<wf cmd="tag" pos="NN">room</wf>
<wf cmd="tag" pos="RB">otherwise</wf>
<wf cmd="done" pos="VB" lemma="suffuse" wnsn="1" lexsn="2:30:01::">suffused</wf>
<wf cmd="ignore" pos="IN">with</wf>
<wf cmd="tag" pos="NN">afternoon</wf>
<wf cmd="tag" pos="NN">sunshine</wf>
<punc>,</punc>
<wf cmd="ignore" pos="PRP">he</wf>
<wf cmd="done" pos="VB" lemma="ask" wnsn="2" lexsn="2:32:01::">asked</wf>
<wf cmd="ignore" pos="IN">if</wf>
<wf cmd="ignore" pos="DT">the</wf>
<wf cmd="tag" pos="JJ">soft</wf>
<wf cmd="tag" pos="NN">background</wf>
<wf cmd="tag" pos="NN">music</wf>
<wf cmd="ignore" pos="MD">could</wf>
<wf cmd="done" pos="VB" ot="notag">be</wf>
<wf cmd="done" pos="VB" lemma="turn_off" wnsn="1" lexsn="2:35:00::">turned_off</wf>
<punc>.</punc>
</s>
<s snum="9">
<wf cmd="tag" pos="RB">Unfortunately</wf>
<punc>,</punc>
<wf cmd="ignore" pos="PRP">it</wf>
<wf cmd="done" pos="VB" lemma="be" wnsn="2" lexsn="2:42:06::">was</wf>
<wf cmd="tag" pos="NNP">Muzak</wf>
<punc>,</punc>
<wf cmd="ignore" pos="WDT">which</wf>
<wf cmd="tag" pos="RB">automatically</wf>
<wf cmd="done" pos="VBZ" ot="notag">is</wf>
<wf cmd="done" rdf="piped_in" pos="VB" lemma="pipe_in" wnsn="1" lexsn="2:35:00::">piped_into</wf>
<wf cmd="ignore" pos="DT">the</wf>
<wf cmd="tag" pos="JJ">public</wf>
<wf cmd="tag" pos="NNS">rooms</wf>
<punc>,</punc>
<wf cmd="ignore" pos="CC">and</wf>
<wf cmd="ignore" pos="WDT">which</wf>
<wf cmd="ignore" pos="FW">nolens</wf>
<wf cmd="ignore" pos="FW">volens</wf>
<wf cmd="done" pos="VB" ot="notag">had</wf>
<wf cmd="done" pos="VB" ot="notag">to</wf>
<wf cmd="done" pos="VB" ot="notag">be</wf>
<wf cmd="done" pos="VB" lemma="endure" wnsn="1" lexsn="2:31:00::">endured</wf>
<punc>.</punc>
</s>
<s snum="10">
<wf cmd="ignore" pos="IN">As</wf>
<wf cmd="ignore" pos="PRP">he</wf>
<wf cmd="done" pos="VB" lemma="talk_about" wnsn="1" lexsn="2:32:00::">talked_about</wf>
<wf cmd="ignore" pos="PRP">himself</wf>
<punc>,</punc>
<wf cmd="tag" pos="RB">time_and_again</wf>
<wf cmd="done" pos="VB" lemma="stuff" wnsn="1" lexsn="2:35:00::">stuffing</wf>
<wf cmd="ignore" pos="CC">and</wf>
<wf cmd="done" pos="VB" lemma="drag" wnsn="6" lexsn="2:34:00::">dragging</wf>
<wf cmd="done" pos="VB" ot="notag">on</wf>
<wf cmd="ignore" pos="PRP$">his</wf>
<wf cmd="tag" pos="NN">pipe</wf>
<punc>,</punc>
<wf cmd="tag" pos="NNP">Steinberg</wf>
<wf cmd="done" pos="VB" lemma="begin" wnsn="1" lexsn="2:30:00::">began</wf>
<wf cmd="ignore" pos="TO">to</wf>
<wf cmd="done" pos="VB" lemma="relax" wnsn="1" lexsn="2:29:00::">relax</wf>
<wf cmd="ignore" pos="CC">and</wf>
<wf cmd="ignore" pos="DT">the</wf>
<wf cmd="tag" pos="JJ">initial</wf>
<wf cmd="tag" pos="JJ">hurried</wf>
<wf cmd="tag" pos="NN">feeling</wf>
<wf cmd="done" pos="VB" lemma="grow" wnsn="1" lexsn="2:30:03::">grew</wf>
<wf cmd="tag" pos="JJ">faint</wf>
<wf cmd="ignore" pos="CC">and</wf>
<wf cmd="done" pos="VBD" ot="notag">was</wf>
<wf cmd="done" pos="VB" lemma="dispel" wnsn="1" lexsn="2:38:00::">dispelled</wf>
<punc>.</punc>
</s>
</p>
<p pnum="4">
<s snum="11">
<wf cmd="done" pos="VBD" ot="notag">Did</wf>
<wf cmd="ignore" pos="PRP">he</wf>
<wf cmd="done" pos="VB" lemma="come" wnsn="5" lexsn="2:42:04::">come</wf>
<wf cmd="done" pos="VB" ot="notag">from</wf>
<wf cmd="ignore" pos="DT">a</wf>
<wf cmd="tag" pos="JJ">musical</wf>
<wf cmd="tag" pos="NN">family</wf>
<punc>?</punc>
</s>
<s snum="12">
<wf cmd="ignore" pos="UH">Yes</wf>
<punc>:</punc>
<wf cmd="ignore" pos="IN">though</wf>
<wf cmd="tag" pos="RB">not</wf>
<wf cmd="tag" pos="JJ">professional</wf>
<wf cmd="tag" pos="NNS">musicians</wf>
<punc>,</punc>
<wf cmd="ignore" pos="PRP">they</wf>
<wf cmd="done" pos="VB" lemma="be" wnsn="2" lexsn="2:42:06::">were</wf>
<wf cmd="ignore" pos="DT">a</wf>
<wf cmd="tag" pos="JJ">music-loving</wf>
<wf cmd="tag" pos="NN">family</wf>
<punc>.</punc>
</s>
<s snum="13">
<wf cmd="ignore" pos="IN">In</wf>
<wf cmd="ignore" pos="PRP$">his</wf>
<wf cmd="tag" pos="JJ">native</wf>
<wf cmd="tag" pos="NNP">Cologne</wf>
<punc>,</punc>
<wf cmd="ignore" pos="WRB">where</wf>
<wf cmd="ignore" pos="PRP$">his</wf>
<wf cmd="tag" pos="NN">mother</wf>
<wf cmd="done" pos="VB" lemma="teach" wnsn="1" lexsn="2:32:00::">taught</wf>
<wf cmd="ignore" pos="PRP">him</wf>
<wf cmd="ignore" pos="TO">to</wf>
<wf cmd="done" pos="VB" lemma="play" wnsn="7" lexsn="2:36:01::">play</wf>
<wf cmd="ignore" pos="DT">the</wf>
<wf cmd="tag" pos="NN">piano</wf>
<punc>,</punc>
<wf cmd="ignore" pos="PRP">he</wf>
<wf cmd="done" pos="VB" lemma="be" wnsn="1" lexsn="2:42:03::">was</wf>
<wf cmd="tag" pos="JJ">able</wf>
<wf cmd="done" pos="VB" ot="notag">to</wf>
<wf cmd="done" pos="VB" lemma="read" wnsn="1" lexsn="2:31:00::">read</wf>
<wf cmd="tag" pos="NNS">notes</wf>
<wf cmd="ignore" pos="IN">before</wf>
<wf cmd="ignore" pos="PRP">he</wf>
<wf cmd="done" pos="VB" lemma="learn" wnsn="1" lexsn="2:31:00::">learned</wf>
<wf cmd="ignore" pos="DT">the</wf>
<wf cmd="tag" pos="NN">alphabet</wf>
<punc>.</punc>
</s>
<s snum="14">
<wf cmd="ignore" pos="PRP">She</wf>
<wf cmd="tag" pos="RB">even</wf>
<wf cmd="done" pos="VB" lemma="devise" wnsn="1" lexsn="2:36:00::">devised</wf>
<wf cmd="ignore" pos="DT">a</wf>
<wf cmd="tag" pos="NN">system</wf>
<wf cmd="ignore" pos="IN">of</wf>
<wf cmd="tag" pos="NNS">colors</wf>
<punc>,</punc>
<wf cmd="ignore" pos="WRB">whereby</wf>
<wf cmd="ignore" pos="DT">the</wf>
<wf cmd="tag" pos="NN">boy</wf>
<wf cmd="ignore" pos="MD">could</wf>
<wf cmd="tag" pos="RB">easily</wf>
<wf cmd="done" pos="VB" lemma="distinguish" wnsn="2" lexsn="2:39:00::">distinguish</wf>
<wf cmd="ignore" pos="DT">the</wf>
<wf cmd="tag" pos="JJ">different</wf>
<wf cmd="tag" pos="NN">note</wf>
<wf cmd="tag" pos="NNS">values</wf>
<punc>.</punc>
</s>
<s snum="15">
<wf cmd="ignore" pos="WRB">When</wf>
<wf cmd="ignore" pos="PRP">he</wf>
<wf cmd="done" pos="VB" lemma="start" wnsn="2" lexsn="2:30:01::">started</wf>
<wf cmd="tag" pos="NN">school</wf>
<wf cmd="ignore" pos="IN">at</wf>
<wf cmd="ignore" pos="DT">the</wf>
<wf cmd="tag" pos="NN">age</wf>
<wf cmd="ignore" pos="IN">of</wf>
<wf cmd="tag" pos="NN">five-and-a-half</wf>
<punc>,</punc>
<wf cmd="ignore" pos="PRP">he</wf>
<wf cmd="ignore" pos="MD">could</wf>
<wf cmd="tag" pos="RB">not</wf>
<wf cmd="done" pos="VB" lemma="understand" wnsn="1" lexsn="2:31:00::">understand</wf>
<wf cmd="ignore" pos="WRB">why</wf>
<wf cmd="ignore" pos="DT">the</wf>
<wf cmd="tag" pos="NN">alphabet</wf>
<wf cmd="done" pos="VB" lemma="begin" wnsn="2" lexsn="2:42:00::">begins</wf>
<wf cmd="ignore" pos="IN">with</wf>
<wf cmd="ignore" pos="DT">the</wf>
<wf cmd="tag" pos="NN">letter</wf>
<wf cmd="ignore" pos="DT">A</wf>
<punc>,</punc>
<wf cmd="tag" pos="RB">instead</wf>
<wf cmd="ignore" pos="IN">of</wf>
<wf cmd="tag" pos="NN">C</wf>
<punc>,</punc>
<wf cmd="ignore" pos="IN">as</wf>
<wf cmd="ignore" pos="IN">in</wf>
<wf cmd="ignore" pos="DT">the</wf>
<wf cmd="tag" pos="NN">scale</wf>
<punc>.</punc>
</s>
<s snum="16">
<wf cmd="tag" pos="RB">Because</wf>
<punc>,</punc>
<wf cmd="ignore" pos="IN">like</wf>
<wf cmd="tag" pos="JJ">many</wf>
<wf cmd="tag" pos="JJ">other</wf>
<wf cmd="tag" pos="NNS">children</wf>
<punc>,</punc>
<wf cmd="ignore" pos="PRP">he</wf>
<wf cmd="tag" pos="RB">intensely</wf>
<wf cmd="done" pos="VB" lemma="dislike" wnsn="1" lexsn="2:37:00::">disliked</wf>
<wf cmd="done" pos="VB" lemma="practice" wnsn="3" lexsn="2:36:00::">practicing</wf>
<wf cmd="tag" pos="NNP">Czerny_Etudes</wf>
<punc>,</punc>
<wf cmd="ignore" pos="PRP">he</wf>
<wf cmd="done" pos="VB" lemma="compose" wnsn="2" lexsn="2:36:03::">composed</wf>
<wf cmd="ignore" pos="PRP$">his</wf>
<wf cmd="tag" pos="JJ">own</wf>
<wf cmd="tag" pos="NNS">studies</wf>
<punc>.</punc>
</s>
<s snum="17">
<wf cmd="ignore" pos="WRB">When</wf>
<wf cmd="ignore" pos="PRP">he</wf>
<wf cmd="done" pos="VB" lemma="be" wnsn="1" lexsn="2:42:03::">was</wf>
<wf cmd="tag" pos="CD">eight</wf>
<wf cmd="ignore" pos="PRP">he</wf>
<wf cmd="done" pos="VB" lemma="begin" wnsn="3" lexsn="2:30:01::">began</wf>
<wf cmd="tag" pos="NN">violin_lessons</wf>
<punc>.</punc>
</s>
<s snum="18">
<wf cmd="tag" pos="RB">Soon</wf>
<wf cmd="ignore" pos="PRP">he</wf>
<wf cmd="done" pos="VBD" ot="notag">was</wf>
<wf cmd="done" pos="VB" lemma="play" wnsn="3" lexsn="2:36:12::">playing</wf>
<wf cmd="ignore" pos="IN">in</wf>
<wf cmd="ignore" pos="DT">the</wf>
<wf cmd="tag" pos="NNP">Cologne_Municipal_Orchestra</wf>
<punc>,</punc>
<wf cmd="ignore" pos="CC">and</wf>
<wf cmd="ignore" pos="IN">during</wf>
<wf cmd="tag" pos="NN">World_War</wf>
<wf cmd="tag" pos="CD">1</wf>
<punc>,</punc>
<punc>,</punc>
<wf cmd="ignore" pos="WRB">when</wf>
<wf cmd="tag" pos="NNS">musicians</wf>
<wf cmd="done" pos="VB" lemma="be" wnsn="1" lexsn="2:42:03::">were</wf>
<wf cmd="tag" pos="JJ">scarce</wf>
<punc>,</punc>
<wf cmd="ignore" pos="PRP">he</wf>
<wf cmd="done" pos="VB" lemma="join" wnsn="1" lexsn="2:41:00::">joined</wf>
<wf cmd="ignore" pos="DT">the</wf>
<wf cmd="tag" pos="NN">opera</wf>
<wf cmd="tag" pos="NN">orchestra</wf>
<wf cmd="tag" pos="RB">as_well</wf>
<punc>.</punc>
</s>
<s snum="19">
<wf cmd="tag" pos="NNP">Steinberg</wf>
<wf cmd="done" pos="VB" lemma="claim" wnsn="1" lexsn="2:32:00::">claims</wf>
<wf cmd="ignore" pos="IN">that</wf>
<wf cmd="ignore" pos="DT">these</wf>
<wf cmd="tag" pos="JJ">early</wf>
<wf cmd="tag" pos="NNS">years</wf>
<wf cmd="ignore" pos="IN">of</wf>
<wf cmd="tag" pos="NN">orchestra</wf>
<wf cmd="tag" pos="NN">participation</wf>
<wf cmd="done" pos="VB" lemma="be" wnsn="1" lexsn="2:42:03::">were</wf>
<wf cmd="ignore" pos="IN">of</wf>
<wf cmd="tag" pos="JJ">invaluable</wf>
<wf cmd="tag" pos="NN">help</wf>
<wf cmd="ignore" pos="TO">to</wf>
<wf cmd="ignore" pos="PRP$">his</wf>
<wf cmd="tag" pos="NN">career</wf>
<punc>.</punc>
</s>
<s snum="20">
<punc>``</punc>
<wf cmd="ignore" pos="IN">By</wf>
<wf cmd="done" pos="VB" lemma="observe" wnsn="3" lexsn="2:39:01::">observing</wf>
<wf cmd="ignore" pos="DT">the</wf>
<wf cmd="tag" pos="NN">conductor</wf>
<punc>''</punc>
<punc>,</punc>
<wf cmd="ignore" pos="PRP">he</wf>
<wf cmd="done" pos="VB" lemma="say" wnsn="1" lexsn="2:32:00::">says</wf>
<wf cmd="ignore" pos="IN">with</wf>
<wf cmd="ignore" pos="DT">a</wf>
<wf cmd="tag" pos="NN">twinkle</wf>
<wf cmd="ignore" pos="IN">in</wf>
<wf cmd="ignore" pos="PRP$">his</wf>
<wf cmd="tag" pos="NNS">eyes</wf>
<punc>,</punc>
<punc>``</punc>
<wf cmd="ignore" pos="PRP">I</wf>
<wf cmd="done" pos="VB" lemma="learn" wnsn="1" lexsn="2:31:00::">learned</wf>
<wf cmd="ignore" pos="WRB">how</wf>
<wf cmd="tag" pos="RB">not</wf>
<wf cmd="ignore" pos="TO">to</wf>
<wf cmd="done" pos="VB" lemma="conduct" wnsn="2" lexsn="2:36:00::">conduct</wf>
<punc>''</punc>
<punc>.</punc>
</s>
</p>
<p pnum="5">
<s snum="21">
<wf cmd="ignore" pos="DT">The</wf>
<wf cmd="tag" pos="NN">musician</wf>
<wf cmd="done" pos="VB" lemma="run_away" wnsn="1" lexsn="2:38:00::">ran_away</wf>
<wf cmd="ignore" pos="IN">from</wf>
<wf cmd="tag" pos="NN">school</wf>
<wf cmd="ignore" pos="WRB">when</wf>
<wf cmd="ignore" pos="PRP">he</wf>
<wf cmd="done" pos="VB" lemma="be" wnsn="1" lexsn="2:42:03::">was</wf>
<wf cmd="tag" pos="CD">fifteen</wf>
<punc>,</punc>
<wf cmd="ignore" pos="CC">but</wf>
<wf cmd="ignore" pos="DT">this</wf>
<wf cmd="tag" pos="NN">escapade</wf>
<wf cmd="done" pos="VBD" ot="notag">did</wf>
<wf cmd="tag" pos="RB">not</wf>
<wf cmd="done" pos="VB" lemma="save" wnsn="1" lexsn="2:41:01::">save</wf>
<wf cmd="ignore" pos="PRP">him</wf>
<wf cmd="ignore" pos="IN">from</wf>
<wf cmd="ignore" pos="DT">the</wf>
<wf cmd="tag" pos="NNP">Gymnasium</wf>
<punc>.</punc>
</s>
<s snum="22">
<wf cmd="tag" pos="RB">Simultaneously</wf>
<punc>,</punc>
<wf cmd="ignore" pos="PRP">he</wf>
<wf cmd="done" pos="VB" lemma="pursue" wnsn="1" lexsn="2:41:00::">pursued</wf>
<wf cmd="ignore" pos="PRP$">his</wf>
<wf cmd="tag" pos="JJ">musical</wf>
<wf cmd="tag" pos="NNS">studies</wf>
<wf cmd="ignore" pos="IN">at</wf>
<wf cmd="ignore" pos="DT">the</wf>
<wf cmd="tag" pos="NN">conservatory</wf>
<punc>,</punc>
<wf cmd="done" pos="VB" lemma="receive" wnsn="4" lexsn="2:39:03::">receiving</wf>
<wf cmd="tag" pos="NN">sound</wf>
<wf cmd="tag" pos="NN">training</wf>
<wf cmd="ignore" pos="IN">in</wf>
<wf cmd="tag" pos="NN">counterpoint</wf>
<wf cmd="ignore" pos="CC">and</wf>
<wf cmd="tag" pos="NN">harmony</wf>
<punc>,</punc>
<wf cmd="tag" pos="RB">as_well</wf>
<wf cmd="ignore" pos="IN">in</wf>
<wf cmd="ignore" pos="DT">the</wf>
<wf cmd="tag" pos="NN">violin</wf>
<wf cmd="ignore" pos="CC">and</wf>
<wf cmd="tag" pos="NN">piano</wf>
<punc>.</punc>
</s>
<s snum="23">
<wf cmd="ignore" pos="PRP$">His</wf>
<wf cmd="tag" pos="JJ">professional</wf>
<wf cmd="tag" pos="NN">career</wf>
<wf cmd="done" pos="VB" lemma="begin" wnsn="1" lexsn="2:30:00::">began</wf>
<wf cmd="ignore" pos="WRB">when</wf>
<wf cmd="ignore" pos="PRP">he</wf>
<wf cmd="done" pos="VB" lemma="be" wnsn="1" lexsn="2:42:03::">was</wf>
<wf cmd="tag" pos="CD">twenty</wf>
<punc>;</punc>
<wf cmd="ignore" pos="PRP">he</wf>
<wf cmd="done" pos="VB" lemma="become" wnsn="2" lexsn="2:42:01::">became</wf>
<wf cmd="tag" pos="NNP">Otto_Klemperer</wf>
<wf cmd="ignore" pos="POS">'s</wf>
<wf cmd="tag" pos="JJ">personal</wf>
<wf cmd="tag" pos="NN">assistant</wf>
<wf cmd="ignore" pos="IN">at</wf>
<wf cmd="ignore" pos="DT">the</wf>
<wf cmd="tag" pos="NNP">Cologne_Opera</wf>
<punc>,</punc>
<wf cmd="ignore" pos="CC">and</wf>
<wf cmd="ignore" pos="DT">a</wf>
<wf cmd="tag" pos="NN">year</wf>
<wf cmd="tag" pos="RB">later</wf>
<wf cmd="done" pos="VBD" ot="notag">was</wf>
<wf cmd="done" pos="VB" lemma="promote" wnsn="2" lexsn="2:41:00::">promoted</wf>
<wf cmd="ignore" pos="TO">to</wf>
<wf cmd="ignore" pos="DT">the</wf>
<wf cmd="tag" pos="NN">position</wf>
<wf cmd="ignore" pos="IN">of</wf>
<wf cmd="tag" pos="JJ">regular</wf>
<wf cmd="tag" pos="NN">conductor</wf>
<punc>.</punc>
</s>
</p>
<p pnum="6">
<s snum="24">
<wf cmd="done" pos="VBD" ot="notag">Was</wf>
<wf cmd="tag" pos="RB">n't</wf>
<wf cmd="ignore" pos="DT">this</wf>
<wf cmd="ignore" pos="DT">an</wf>
<wf cmd="tag" pos="RB">unusually</wf>
<wf cmd="tag" pos="JJ">young</wf>
<wf cmd="tag" pos="NN">age</wf>
<wf cmd="ignore" pos="TO">to</wf>
<wf cmd="done" pos="VB" lemma="fill" wnsn="4" lexsn="2:41:00::">fill</wf>
<wf cmd="tag" pos="JJ">such</wf>
<wf cmd="ignore" pos="DT">a</wf>
<wf cmd="tag" pos="JJ">responsible</wf>
<wf cmd="tag" pos="NN">post</wf>
<punc>?</punc>
</s>
<s snum="25">
<wf cmd="ignore" pos="UH">Yes</wf>
<punc>,</punc>
<wf cmd="ignore" pos="DT">the</wf>
<wf cmd="tag" pos="NNP">Maestro</wf>
<wf cmd="done" pos="VB" lemma="assent" wnsn="1" lexsn="2:32:00::">assented</wf>
<punc>.</punc>
</s>
</p>
<p pnum="7">
<s snum="26">
<wf cmd="done" pos="VBN" ot="notag">Had</wf>
<wf cmd="ignore" pos="PRP">he</wf>
<wf cmd="tag" pos="RB">always</wf>
<wf cmd="done" pos="VB" lemma="wish" wnsn="1" lexsn="2:37:00::">wished</wf>
<wf cmd="done" pos="VB" ot="notag">to</wf>
<wf cmd="done" pos="VB" lemma="be" wnsn="8" lexsn="2:41:00::">be</wf>
<wf cmd="ignore" pos="DT">a</wf>
<wf cmd="tag" pos="NN">conductor</wf>
<punc>?</punc>
</s>
<s snum="27">
<wf cmd="ignore" pos="DT">No</wf>
<punc>,</punc>
<wf cmd="tag" pos="RB">originally</wf>
<wf cmd="ignore" pos="PRP">he</wf>
<wf cmd="done" pos="VBD" ot="notag">had</wf>
<wf cmd="done" pos="VB" lemma="hope" wnsn="1" lexsn="2:37:01::">hoped</wf>
<wf cmd="ignore" pos="TO">to</wf>
<wf cmd="done" pos="VB" lemma="become" wnsn="2" lexsn="2:42:01::">become</wf>
<wf cmd="ignore" pos="DT">a</wf>
<wf cmd="tag" pos="NN">concert</wf>
<wf cmd="tag" pos="NN">pianist</wf>
<wf cmd="ignore" pos="CC">and</wf>
<wf cmd="done" pos="VBD" ot="notag">had</wf>
<wf cmd="tag" pos="RB">even</wf>
<wf cmd="done" pos="VB" lemma="perform" wnsn="3" lexsn="2:36:01::">performed</wf>
<wf cmd="tag" pos="RB">as_such</wf>
<punc>.</punc>
</s>
<s snum="28">
<wf cmd="tag" pos="RB">However</wf>
<punc>,</punc>
<wf cmd="ignore" pos="WRB">when</wf>
<wf cmd="ignore" pos="PRP">he</wf>
<wf cmd="done" pos="VB" lemma="assume" wnsn="2" lexsn="2:41:00::">assumed</wf>
<wf cmd="ignore" pos="DT">the</wf>
<wf cmd="tag" pos="NNS">duties</wf>
<wf cmd="ignore" pos="IN">of</wf>
<wf cmd="ignore" pos="DT">a</wf>
<wf cmd="tag" pos="NN">conductor</wf>
<punc>,</punc>
<wf cmd="ignore" pos="PRP">he</wf>
<wf cmd="done" pos="VB" lemma="relinquish" wnsn="1" lexsn="2:40:01::">relinquished</wf>
<wf cmd="ignore" pos="PRP$">his</wf>
<wf cmd="tag" pos="NN">career</wf>
<wf cmd="ignore" pos="IN">as</wf>
<wf cmd="ignore" pos="DT">a</wf>
<wf cmd="tag" pos="NN">pianist</wf>
<punc>.</punc>
</s>
</p>
<p pnum="8">
<s snum="29">
<wf cmd="tag" pos="CD">Five</wf>
<wf cmd="tag" pos="NNS">years</wf>
<wf cmd="done" pos="VBD" ot="notag">were</wf>
<wf cmd="done" pos="VB" lemma="spend" wnsn="1" lexsn="2:42:00::">spent</wf>
<wf cmd="ignore" pos="IN">with</wf>
<wf cmd="ignore" pos="DT">the</wf>
<wf cmd="tag" pos="NNP">Cologne_Opera</wf>
<punc>,</punc>
<wf cmd="ignore" pos="IN">after</wf>
<wf cmd="ignore" pos="WDT">which</wf>
<wf cmd="ignore" pos="PRP">he</wf>
<wf cmd="done" pos="VB" ot="notag">was</wf>
<wf cmd="done" pos="VB" lemma="call" wnsn="5" lexsn="2:32:05::">called</wf>
<wf cmd="ignore" pos="TO">to</wf>
<wf cmd="tag" pos="NNP">Prague</wf>
<wf cmd="ignore" pos="IN">by</wf>
<wf cmd="tag" pos="NNP">Alexander_von_Zemlinsky</wf>
<punc>,</punc>
<wf cmd="tag" pos="NN">teacher</wf>
<wf cmd="ignore" pos="IN">of</wf>
<wf cmd="tag" pos="NNP">Arnold_Scho</wf>
<wf cmd="tag" pos="NN">^</wf>
<wf cmd="tag" pos="NN">nberg</wf>
<wf cmd="ignore" pos="CC">and</wf>
<wf cmd="tag" pos="NNP">Erich_Korngold</wf>
<punc>.</punc>
</s>
<s snum="30">
<wf cmd="ignore" pos="IN">In</wf>
<wf cmd="tag" pos="CD">1927</wf>
<wf cmd="ignore" pos="PRP">he</wf>
<wf cmd="done" pos="VB" lemma="succeed" wnsn="2" lexsn="2:41:01::">succeeded</wf>
<wf cmd="tag" pos="NNP">Zemlinsky</wf>
<wf cmd="ignore" pos="IN">as</wf>
<wf cmd="tag" pos="NN">opera</wf>
<wf cmd="tag" pos="NN">director</wf>
<wf cmd="ignore" pos="IN">of</wf>
<wf cmd="ignore" pos="DT">the</wf>
<wf cmd="tag" pos="JJ">German</wf>
<wf cmd="tag" pos="NNP">Theater</wf>
<wf cmd="ignore" pos="IN">at</wf>
<wf cmd="tag" pos="NNP">Prague</wf>
<punc>.</punc>
</s>
<s snum="31">
<wf cmd="ignore" pos="IN">During</wf>
<wf cmd="ignore" pos="PRP$">his</wf>
<wf cmd="tag" pos="NN">tenure</wf>
<wf cmd="ignore" pos="PRP">he</wf>
<wf cmd="tag" pos="RB">also</wf>
<wf cmd="done" pos="VB" lemma="fulfill" wnsn="1" lexsn="2:36:00::">fulfilled</wf>
<wf cmd="tag" pos="NN">guest</wf>
<wf cmd="tag" pos="NNS">engagements</wf>
<wf cmd="ignore" pos="IN">at</wf>
<wf cmd="ignore" pos="DT">the</wf>
<wf cmd="tag" pos="NNP">Berlin_State_Opera</wf>
<punc>.</punc>
</s>
<s snum="32">
<wf cmd="tag" pos="CD">Two</wf>
<wf cmd="tag" pos="NNS">years</wf>
<wf cmd="tag" pos="RB">later</wf>
<wf cmd="ignore" pos="PRP">he</wf>
<wf cmd="done" pos="VB" lemma="become" wnsn="2" lexsn="2:42:01::">became</wf>
<wf cmd="tag" pos="NN">director</wf>
<wf cmd="ignore" pos="IN">of</wf>
<wf cmd="ignore" pos="DT">the</wf>
<wf cmd="tag" pos="NNP">Frankfurt_Opera</wf>
<punc>,</punc>
<wf cmd="ignore" pos="WRB">where</wf>
<wf cmd="ignore" pos="PRP">he</wf>
<wf cmd="done" pos="VB" lemma="remain" wnsn="2" lexsn="2:42:03::">remained</wf>
<wf cmd="ignore" pos="IN">until</wf>
<wf cmd="ignore" pos="PRP">he</wf>
<wf cmd="done" pos="VB" lemma="lose" wnsn="1" lexsn="2:40:02::">lost</wf>
<wf cmd="ignore" pos="DT">this</wf>
<wf cmd="tag" pos="NN">position</wf>
<wf cmd="ignore" pos="IN">in</wf>
<wf cmd="tag" pos="CD">1933</wf>
<wf cmd="ignore" pos="IN">through</wf>
<wf cmd="ignore" pos="DT">the</wf>
<wf cmd="tag" pos="NN">rise</wf>
<wf cmd="ignore" pos="IN">of</wf>
<wf cmd="ignore" pos="DT">the</wf>
<wf cmd="tag" pos="NNP">Hitler</wf>
<wf cmd="tag" pos="NN">regime</wf>
<punc>.</punc>
</s>
<s snum="33">
<wf cmd="ignore" pos="IN">During</wf>
<wf cmd="ignore" pos="DT">these</wf>
<wf cmd="tag" pos="NNS">years</wf>
<wf cmd="ignore" pos="DT">the</wf>
<wf cmd="tag" pos="JJ">youthful</wf>
<wf cmd="tag" pos="NN">conductor</wf>
<wf cmd="done" pos="VBD" ot="notag">had</wf>
<wf cmd="done" pos="VB" lemma="contribute" wnsn="1" lexsn="2:40:01::">contributed</wf>
<wf cmd="tag" pos="RB">greatly</wf>
<wf cmd="ignore" pos="TO">to</wf>
<wf cmd="ignore" pos="DT">the</wf>
<wf cmd="tag" pos="JJ">high</wf>
<wf cmd="tag" pos="NN">level</wf>
<wf cmd="ignore" pos="IN">of</wf>
<wf cmd="tag" pos="JJ">musical</wf>
<wf cmd="tag" pos="NN">life</wf>
<wf cmd="ignore" pos="IN">in</wf>
<wf cmd="tag" pos="NNP">Germany</wf>
<punc>.</punc>
</s>
<s snum="34">
<wf cmd="ignore" pos="PRP">He</wf>
<wf cmd="done" pos="VBD" ot="notag">had</wf>
<wf cmd="done" pos="VB" lemma="present" wnsn="3" lexsn="2:36:00::">presented</wf>
<wf cmd="ignore" pos="DT">the</wf>
<wf cmd="tag" pos="JJ">first</wf>
<wf cmd="tag" pos="JJ">German</wf>
<wf cmd="tag" pos="NNS">performances</wf>
<wf cmd="ignore" pos="IN">of</wf>
<wf cmd="tag" pos="NNP">Puccini</wf>
<wf cmd="ignore" pos="POS">'s</wf>
<wf cmd="tag" pos="NNP">Manon_Lescaut</wf>
<wf cmd="ignore" pos="CC">and</wf>
<wf cmd="ignore" pos="FW">de</wf>
<wf cmd="tag" pos="NNP">Falla</wf>
<wf cmd="ignore" pos="POS">'s</wf>
<wf cmd="tag" pos="NNP">La_Vida_Breve</wf>
<punc>.</punc>
</s>
<s snum="35">
<wf cmd="ignore" pos="DT">The</wf>
<wf cmd="tag" pos="NNP">Frankfurt</wf>
<wf cmd="tag" pos="NNS">years</wf>
<wf cmd="done" pos="VB" lemma="be" wnsn="1" lexsn="2:42:03::">were</wf>
<wf cmd="tag" pos="RB">particularly</wf>
<wf cmd="tag" pos="JJ">noteworthy</wf>
<wf cmd="ignore" pos="IN">for</wf>
<wf cmd="ignore" pos="PRP$">his</wf>
<wf cmd="tag" pos="NN">performance</wf>
<wf cmd="ignore" pos="IN">of</wf>
<wf cmd="tag" pos="NNP">Berg</wf>
<wf cmd="ignore" pos="POS">'s</wf>
<wf cmd="tag" pos="NNP">Wozzek</wf>
<wf cmd="tag" pos="RB">soon</wf>
<wf cmd="ignore" pos="IN">after</wf>
<wf cmd="ignore" pos="DT">the</wf>
<wf cmd="tag" pos="NNP">Berlin</wf>
<wf cmd="tag" pos="NN">premiere</wf>
<wf cmd="ignore" pos="IN">under</wf>
<wf cmd="tag" pos="NNP">Erich_Kleiber</wf>
<punc>,</punc>
<wf cmd="ignore" pos="CC">and</wf>
<wf cmd="ignore" pos="DT">the</wf>
<wf cmd="tag" pos="NN">world</wf>
<wf cmd="tag" pos="NN">premiere</wf>
<wf cmd="ignore" pos="IN">of</wf>
<wf cmd="tag" pos="NNP">Scho</wf>
<wf cmd="tag" pos="NN">^</wf>
<wf cmd="tag" pos="NN">nberg</wf>
<wf cmd="ignore" pos="POS">'s</wf>
<wf cmd="tag" pos="NNP">Von</wf>
<wf cmd="ignore" pos="FW">heute</wf>
<wf cmd="ignore" pos="FW">auf</wf>
<wf cmd="ignore" pos="FW">morgen</wf>
<punc>.</punc>
</s>
<s snum="36">
<wf cmd="ignore" pos="IN">At</wf>
<wf cmd="ignore" pos="DT">the</wf>
<wf cmd="tag" pos="NN">outset</wf>
<wf cmd="ignore" pos="IN">of</wf>
<wf cmd="ignore" pos="PRP$">his</wf>
<wf cmd="tag" pos="NN">career</wf>
<punc>,</punc>
<wf cmd="tag" pos="NNP">Steinberg</wf>
<wf cmd="done" pos="VBD" ot="notag">had</wf>
<wf cmd="done" pos="VB" lemma="dedicate" wnsn="1" lexsn="2:32:00::">dedicated</wf>
<wf cmd="ignore" pos="PRP">himself</wf>
<wf cmd="ignore" pos="TO">to</wf>
<wf cmd="ignore" pos="DT">the</wf>
<wf cmd="tag" pos="NN">advancement</wf>
<wf cmd="ignore" pos="IN">of</wf>
<wf cmd="tag" pos="JJ">contemporary</wf>
<wf cmd="tag" pos="NN">music</wf>
<wf cmd="ignore" pos="IN">by</wf>
<wf cmd="done" pos="VB" lemma="vow" wnsn="1" lexsn="2:32:00::">vowing</wf>
<wf cmd="ignore" pos="TO">to</wf>
<wf cmd="done" pos="VB" lemma="do" wnsn="2" lexsn="2:36:01::">do</wf>
<wf cmd="ignore" pos="DT">a</wf>
<wf cmd="tag" pos="NNP">Scho</wf>
<wf cmd="tag" pos="NN">^</wf>
<wf cmd="tag" pos="NN">nberg</wf>
<wf cmd="tag" pos="NN">work</wf>
<wf cmd="tag" pos="RB">every_year</wf>
<punc>.</punc>
</s>
<s snum="37">
<wf cmd="ignore" pos="IN">In</wf>
<wf cmd="tag" pos="NNP">Frankfurt</wf>
<punc>,</punc>
<wf cmd="tag" pos="RB">too</wf>
<punc>,</punc>
<wf cmd="ignore" pos="PRP">he</wf>
<wf cmd="done" pos="VB" lemma="direct" wnsn="8" lexsn="2:36:02::">directed</wf>
<wf cmd="ignore" pos="DT">the</wf>
<wf cmd="tag" pos="NNP">Museum</wf>
<wf cmd="ignore" pos="CC">and</wf>
<wf cmd="tag" pos="NN">Opera_House</wf>
<wf cmd="tag" pos="NNS">concerts</wf>
<wf cmd="ignore" pos="WDT">which</wf>
<punc>,</punc>
<wf cmd="tag" pos="RB">in_addition</wf>
<wf cmd="ignore" pos="TO">to</wf>
<wf cmd="ignore" pos="DT">the</wf>
<wf cmd="tag" pos="JJ">standard</wf>
<wf cmd="tag" pos="NN">repertoire</wf>
<punc>,</punc>
<wf cmd="done" pos="VB" lemma="feature" wnsn="1" lexsn="2:42:00::">featured</wf>
<wf cmd="tag" pos="NNS">novelties</wf>
<wf cmd="ignore" pos="IN">like</wf>
<wf cmd="tag" pos="NN">Erdmann</wf>
<wf cmd="ignore" pos="POS">'s</wf>
<wf cmd="tag" pos="NNP">Piano_Concerto</wf>
<wf cmd="ignore" pos="CC">and</wf>
<wf cmd="tag" pos="NNP">Mahler</wf>
<wf cmd="ignore" pos="POS">'s</wf>
<wf cmd="tag" pos="NNP">Sixth_Symphony</wf>
<punc>.</punc>
</s>
</p>
<p pnum="9">
<s snum="38">
<wf cmd="ignore" pos="IN">Because</wf>
<wf cmd="ignore" pos="IN">of</wf>
<wf cmd="ignore" pos="DT">the</wf>
<wf cmd="tag" pos="JJ">political</wf>
<wf cmd="tag" pos="NN">upheaval</wf>
<wf cmd="ignore" pos="IN">in</wf>
<wf cmd="tag" pos="NNP">Germany</wf>
<wf cmd="ignore" pos="IN">in</wf>
<wf cmd="ignore" pos="DT">the</wf>
<wf cmd="tag" pos="CD">1930</wf>
<wf cmd="ignore" pos="POS">'s</wf>
<punc>,</punc>
<wf cmd="tag" pos="NNP">Steinberg</wf>
<wf cmd="done" pos="VBD" ot="notag">was</wf>
<wf cmd="done" pos="VB" lemma="force" wnsn="1" lexsn="2:41:00::">forced</wf>
<wf cmd="ignore" pos="TO">to</wf>
<wf cmd="done" pos="VB" lemma="restrict" wnsn="2" lexsn="2:41:00::">restrict</wf>
<wf cmd="ignore" pos="PRP$">his</wf>
<wf cmd="tag" pos="NNS">activities</wf>
<wf cmd="ignore" pos="TO">to</wf>
<wf cmd="ignore" pos="DT">the</wf>
<wf cmd="tag" pos="JJ">Jewish</wf>
<wf cmd="tag" pos="NN">community</wf>
<punc>.</punc>
</s>
<s snum="39">
<wf cmd="ignore" pos="IN">Through</wf>
<wf cmd="ignore" pos="DT">the</wf>
<wf cmd="tag" pos="NNP">Frankfurt_Jewish_Kulturbund</wf>
<wf cmd="ignore" pos="PRP">he</wf>
<wf cmd="done" pos="VB" lemma="begin" wnsn="1" lexsn="2:30:00::">began</wf>
<wf cmd="ignore" pos="TO">to</wf>
<wf cmd="done" pos="VB" lemma="give" wnsn="6" lexsn="2:36:02::">give</wf>
<wf cmd="tag" pos="NN">sonata</wf>
<wf cmd="tag" pos="NNS">recitals</wf>
<wf cmd="ignore" pos="IN">in</wf>
<wf cmd="tag" pos="NNS">synagogues</wf>
<punc>,</punc>
<wf cmd="ignore" pos="IN">with</wf>
<wf cmd="tag" pos="NNP">Cellist_Emanuel_Feuermann</wf>
<punc>.</punc>
</s>
<s snum="40">
<wf cmd="ignore" pos="IN">As</wf>
<wf cmd="tag" pos="RB">more_and_more</wf>
<wf cmd="tag" pos="JJ">Jewish</wf>
<wf cmd="tag" pos="NNS">musicians</wf>
<wf cmd="done" pos="VB" lemma="lose" wnsn="1" lexsn="2:40:02::">lost</wf>
<wf cmd="ignore" pos="PRP$">their</wf>
<wf cmd="tag" pos="NNS">jobs</wf>
<wf cmd="ignore" pos="IN">with</wf>
<wf cmd="tag" pos="JJ">professional</wf>
<wf cmd="tag" pos="NNS">organizations</wf>
<wf cmd="tag" pos="NNP">Steinberg</wf>
<wf cmd="done" pos="VB" lemma="unite" wnsn="1" lexsn="2:41:00::">united</wf>
<wf cmd="ignore" pos="PRP">them</wf>
<wf cmd="ignore" pos="IN">into</wf>
<wf cmd="ignore" pos="DT">the</wf>
<wf cmd="tag" pos="NNP">Frankfurt_Kulturbund_Orchestra</wf>
<punc>,</punc>
<wf cmd="ignore" pos="WDT">which</wf>
<wf cmd="tag" pos="RB">also</wf>
<wf cmd="done" pos="VB" lemma="give" wnsn="6" lexsn="2:36:02::">gave</wf>
<wf cmd="tag" pos="NN">guest</wf>
<wf cmd="tag" pos="NNS">performances</wf>
<wf cmd="ignore" pos="IN">in</wf>
<wf cmd="tag" pos="JJ">other</wf>
<wf cmd="tag" pos="JJ">German</wf>
<wf cmd="tag" pos="NNS">cities</wf>
<punc>.</punc>
</s>
<s snum="41">
<wf cmd="ignore" pos="IN">In</wf>
<wf cmd="tag" pos="CD">1936</wf>
<wf cmd="ignore" pos="PRP">he</wf>
<wf cmd="done" pos="VB" lemma="accept" wnsn="6" lexsn="2:40:01::">accepted</wf>
<wf cmd="ignore" pos="DT">the</wf>
<wf cmd="tag" pos="NN">leadership</wf>
<wf cmd="ignore" pos="IN">of</wf>
<wf cmd="ignore" pos="DT">the</wf>
<wf cmd="tag" pos="NNP">Berlin_Kulturbund</wf>
<punc>.</punc>
</s>
<s snum="42">
<wf cmd="ignore" pos="IN">In</wf>
<wf cmd="ignore" pos="DT">the</wf>
<wf cmd="tag" pos="NN">fall</wf>
<wf cmd="tag" pos="RB">of_that</wf>
<wf cmd="tag" pos="NN">year</wf>
<wf cmd="ignore" pos="DT">the</wf>
<wf cmd="tag" pos="JJS">best</wf>
<wf cmd="tag" pos="NNS">musicians</wf>
<wf cmd="ignore" pos="IN">of</wf>
<wf cmd="ignore" pos="DT">the</wf>
<wf cmd="tag" pos="NNP">Berlin</wf>
<wf cmd="ignore" pos="CC">and</wf>
<wf cmd="tag" pos="NNP">Frankfurt_Kulturbund</wf>
<wf cmd="tag" pos="NNS">orchestras</wf>
<wf cmd="done" pos="VB" lemma="join" wnsn="4" lexsn="2:35:00::">joined</wf>
<wf cmd="ignore" pos="IN">under</wf>
<wf cmd="ignore" pos="DT">the</wf>
<wf cmd="tag" pos="JJ">combined</wf>
<wf cmd="tag" pos="NNS">efforts</wf>
<wf cmd="ignore" pos="IN">of</wf>
<wf cmd="tag" pos="NNP">Bronislaw_Hubermann</wf>
<wf cmd="ignore" pos="CC">and</wf>
<wf cmd="tag" pos="NNP">Steinberg</wf>
<wf cmd="ignore" pos="TO">to</wf>
<wf cmd="done" pos="VB" lemma="become" wnsn="2" lexsn="2:42:01::">become</wf>
<wf cmd="ignore" pos="DT">the</wf>
<wf cmd="tag" pos="NNP">Palestine_Orchestra</wf>
<punc>-</punc>
<wf cmd="tag" pos="RB">now</wf>
<wf cmd="tag" pos="JJ">known</wf>
<wf cmd="ignore" pos="IN">as</wf>
<wf cmd="ignore" pos="DT">the</wf>
<wf cmd="tag" pos="NNP">Israel_Philharmonic_Orchestra</wf>
<punc>-</punc>
<wf cmd="tag" pos="RB">with</wf>
<wf cmd="tag" pos="NNP">Steinberg</wf>
<wf cmd="ignore" pos="IN">as</wf>
<wf cmd="tag" pos="NN">founder-conductor</wf>
<punc>.</punc>
</s>
</p>
<p pnum="10">
<s snum="43">
<wf cmd="ignore" pos="IN">In</wf>
<wf cmd="tag" pos="CD">1938</wf>
<punc>,</punc>
<wf cmd="ignore" pos="IN">at</wf>
<wf cmd="ignore" pos="DT">the</wf>
<wf cmd="tag" pos="NN">insistence</wf>
<wf cmd="ignore" pos="IN">of</wf>
<wf cmd="tag" pos="NNP">Arturo_Toscanini</wf>
<punc>,</punc>
<wf cmd="tag" pos="NNP">Steinberg</wf>
<wf cmd="done" pos="VB" lemma="leave" wnsn="1" lexsn="2:38:01::">left</wf>
<wf cmd="tag" pos="NNP">Germany</wf>
<wf cmd="ignore" pos="IN">for</wf>
<wf cmd="ignore" pos="DT">the</wf>
<wf cmd="tag" pos="NN">United_States</wf>
<punc>,</punc>
<wf cmd="ignore" pos="IN">by</wf>
<wf cmd="tag" pos="NN">way</wf>
<wf cmd="ignore" pos="IN">of</wf>
<wf cmd="tag" pos="NNP">Switzerland</wf>
<punc>.</punc>
</s>
<s snum="44">
<wf cmd="ignore" pos="IN">After</wf>
<wf cmd="ignore" pos="PRP">he</wf>
<wf cmd="done" pos="VBD" ot="notag">had</wf>
<wf cmd="done" pos="VB" lemma="spend" wnsn="1" lexsn="2:42:00::">spent</wf>
<wf cmd="ignore" pos="DT">the</wf>
<wf cmd="tag" pos="JJ">first</wf>
<wf cmd="tag" pos="CD">three</wf>
<wf cmd="tag" pos="NNS">years</wf>
<wf cmd="tag" pos="RB">in</wf>
<wf cmd="tag" pos="NN">New_York</wf>
<wf cmd="ignore" pos="IN">as</wf>
<wf cmd="tag" pos="JJ">associate</wf>
<wf cmd="tag" pos="NN">conductor</wf>
<punc>,</punc>
<wf cmd="ignore" pos="IN">at</wf>
<wf cmd="tag" pos="NNP">Toscanini</wf>
<wf cmd="ignore" pos="POS">'s</wf>
<wf cmd="tag" pos="NN">invitation</wf>
<punc>,</punc>
<wf cmd="ignore" pos="IN">of</wf>
<wf cmd="ignore" pos="DT">the</wf>
<wf cmd="tag" pos="NNP">NBC_Orchestra</wf>
<punc>,</punc>
<wf cmd="ignore" pos="PRP">he</wf>
<wf cmd="done" pos="VB" lemma="make" wnsn="1" lexsn="2:41:00::">made</wf>
<wf cmd="tag" pos="JJ">numerous</wf>
<wf cmd="tag" pos="NN">guest</wf>
<wf cmd="tag" pos="NNS">appearances</wf>
<wf cmd="ignore" pos="IN">throughout</wf>
<wf cmd="ignore" pos="DT">the</wf>
<wf cmd="tag" pos="NN">United_States</wf>
<wf cmd="ignore" pos="CC">and</wf>
<wf cmd="tag" pos="NN">Latin_America</wf>
<punc>.</punc>
</s>
<s snum="45">
<wf cmd="ignore" pos="IN">In</wf>
<wf cmd="tag" pos="CD">1945</wf>
<wf cmd="ignore" pos="PRP">he</wf>
<wf cmd="done" pos="VB" lemma="become" wnsn="2" lexsn="2:42:01::">became</wf>
<wf cmd="tag" pos="NN">conductor</wf>
<wf cmd="ignore" pos="IN">of</wf>
<wf cmd="ignore" pos="DT">the</wf>
<wf cmd="tag" pos="NNP">Buffalo_Philharmonic</wf>
<punc>.</punc>
</s>
<s snum="46">
<wf cmd="tag" pos="CD">Seven</wf>
<wf cmd="tag" pos="NNS">years</wf>
<wf cmd="tag" pos="RB">later</wf>
<wf cmd="ignore" pos="PRP">he</wf>
<wf cmd="done" pos="VBD" ot="notag">was</wf>
<wf cmd="done" pos="VB" lemma="ask" wnsn="2" lexsn="2:32:01::">asked</wf>
<wf cmd="ignore" pos="TO">to</wf>
<wf cmd="done" pos="VB" lemma="become" wnsn="2" lexsn="2:42:01::">become</wf>
<wf cmd="tag" pos="NN">director</wf>
<wf cmd="ignore" pos="IN">of</wf>
<wf cmd="ignore" pos="DT">the</wf>
<wf cmd="tag" pos="NNP">Pittsburgh_Symphony</wf>
<punc>.</punc>
</s>
<s snum="47">
<wf cmd="ignore" pos="IN">Since</wf>
<wf cmd="tag" pos="CD">1944</wf>
<wf cmd="ignore" pos="PRP">he</wf>
<wf cmd="done" pos="VBZ" ot="notag">has</wf>
<wf cmd="tag" pos="RB">also</wf>
<wf cmd="done" pos="VB" lemma="conduct" wnsn="2" lexsn="2:36:00::">conducted</wf>
<wf cmd="tag" pos="RB">regularly</wf>
<wf cmd="ignore" pos="IN">at</wf>
<wf cmd="ignore" pos="DT">the</wf>
<wf cmd="tag" pos="NN">San_Francisco</wf>
<wf cmd="tag" pos="NNP">Opera</wf>
<punc>,</punc>
<wf cmd="ignore" pos="WRB">where</wf>
<wf cmd="ignore" pos="PRP">he</wf>
<wf cmd="done" pos="VB" lemma="make" wnsn="1" lexsn="2:41:00::">made</wf>
<wf cmd="ignore" pos="PRP$">his</wf>
<wf cmd="tag" pos="NN">debut</wf>
<wf cmd="ignore" pos="IN">with</wf>
<wf cmd="ignore" pos="DT">a</wf>
<wf cmd="tag" pos="JJ">memorable</wf>
<wf cmd="tag" pos="NN">performance</wf>
<wf cmd="ignore" pos="IN">of</wf>
<wf cmd="tag" pos="NNP">Verdi</wf>
<wf cmd="ignore" pos="POS">'s</wf>
<wf cmd="tag" pos="NNP">Falstaff</wf>
<punc>.</punc>
</s>
<s snum="48">
<wf cmd="ignore" pos="IN">In</wf>
<wf cmd="tag" pos="JJ">recent</wf>
<wf cmd="tag" pos="NNS">years</wf>
<wf cmd="ignore" pos="PRP">he</wf>
<wf cmd="done" pos="VBZ" ot="notag">has</wf>
<wf cmd="done" pos="VB" lemma="travel" wnsn="1" lexsn="2:38:00::">traveled</wf>
<wf cmd="tag" pos="RB">widely</wf>
<wf cmd="ignore" pos="IN">in</wf>
<wf cmd="tag" pos="NNP">Europe</wf>
<punc>,</punc>
<wf cmd="done" pos="VB" lemma="conduct" wnsn="2" lexsn="2:36:00::">conducting</wf>
<wf cmd="ignore" pos="IN">in</wf>
<wf cmd="tag" pos="NNP">Italy</wf>
<punc>,</punc>
<wf cmd="tag" pos="NNP">France</wf>
<punc>,</punc>
<wf cmd="tag" pos="NNP">Austria</wf>
<punc>,</punc>
<wf cmd="ignore" pos="CC">and</wf>
<wf cmd="tag" pos="NNP">Switzerland</wf>
<punc>.</punc>
</s>
<s snum="49">
<wf cmd="ignore" pos="PRP">He</wf>
<wf cmd="done" pos="VB" lemma="return" wnsn="1" lexsn="2:38:00::">returned</wf>
<wf cmd="done" pos="VB" ot="notag">to</wf>
<wf cmd="tag" pos="NNP">Germany</wf>
<wf cmd="tag" pos="RB">for_the_first_time</wf>
<wf cmd="ignore" pos="IN">in</wf>
<wf cmd="tag" pos="CD">1953</wf>
<punc>,</punc>
<wf cmd="ignore" pos="WRB">where</wf>
<wf cmd="ignore" pos="PRP">he</wf>
<wf cmd="done" pos="VBZ" ot="notag">has</wf>
<wf cmd="ignore" pos="IN">since</wf>
<wf cmd="done" pos="VB" lemma="conduct" wnsn="2" lexsn="2:36:00::">conducted</wf>
<wf cmd="ignore" pos="IN">in</wf>
<wf cmd="tag" pos="NNP">Cologne</wf>
<punc>,</punc>
<wf cmd="tag" pos="NNP">Frankfurt</wf>
<punc>,</punc>
<wf cmd="ignore" pos="CC">and</wf>
<wf cmd="tag" pos="NNP">Berlin</wf>
<punc>.</punc>
</s>
</p>
<p pnum="11">
<s snum="50">
<wf cmd="ignore" pos="WRB">Where</wf>
<wf cmd="ignore" pos="IN">in</wf>
<wf cmd="tag" pos="NNP">Europe</wf>
<wf cmd="done" pos="VBD" ot="notag">was</wf>
<wf cmd="ignore" pos="PRP">he</wf>
<wf cmd="done" pos="VB" lemma="go" wnsn="1" lexsn="2:38:00::">going</wf>
<wf cmd="tag" pos="RB">now</wf>
<punc>?</punc>
</s>
</p>
<p pnum="12">
<s snum="51">
<wf cmd="tag" pos="RB">First_of_all</wf>
<punc>,</punc>
<wf cmd="ignore" pos="TO">to</wf>
<wf cmd="tag" pos="NNP">Italy</wf>
<wf cmd="ignore" pos="IN">for</wf>
<wf cmd="ignore" pos="DT">a</wf>
<wf cmd="tag" pos="JJ">short</wf>
<wf cmd="tag" pos="NN">vacation</wf>
<punc>-</punc>
<wf cmd="tag" pos="NNP">Forte_dei_Marmi</wf>
<punc>,</punc>
<wf cmd="ignore" pos="DT">a</wf>
<wf cmd="tag" pos="NN">place</wf>
<wf cmd="ignore" pos="PRP">he</wf>
<wf cmd="done" pos="VB" lemma="love" wnsn="2" lexsn="2:37:02::">loves</wf>
<punc>.</punc>
</s>
<s snum="52">
<wf cmd="ignore" pos="IN">Since</wf>
<wf cmd="ignore" pos="PRP">it</wf>
<wf cmd="done" pos="VB" lemma="be" wnsn="1" lexsn="2:42:03::">is</wf>
<wf cmd="tag" pos="RB">not</wf>
<wf cmd="tag" pos="RB">far</wf>
<wf cmd="ignore" pos="IN">from</wf>
<wf cmd="tag" pos="NNP">Viareggio</wf>
<punc>,</punc>
<wf cmd="ignore" pos="PRP">he</wf>
<wf cmd="ignore" pos="MD">will</wf>
<wf cmd="done" pos="VB" lemma="visit" wnsn="2" lexsn="2:38:00::">visit</wf>
<wf cmd="tag" pos="NNP">Puccini</wf>
<wf cmd="ignore" pos="POS">'s</wf>
<wf cmd="tag" pos="NN">house</wf>
<punc>,</punc>
<wf cmd="ignore" pos="IN">as</wf>
<wf cmd="ignore" pos="PRP">he</wf>
<wf cmd="tag" pos="RB">never</wf>
<wf cmd="done" pos="VB" lemma="fail" wnsn="1" lexsn="2:41:02::">fails</wf>
<wf cmd="ignore" pos="TO">to</wf>
<wf cmd="done" pos="VB" lemma="do" wnsn="1" lexsn="2:41:01::">do</wf>
<punc>,</punc>
<wf cmd="ignore" pos="TO">to</wf>
<wf cmd="done" pos="VB" lemma="pay" wnsn="2" lexsn="2:32:00::">pay</wf>
<wf cmd="ignore" pos="PRP$">his</wf>
<wf cmd="tag" pos="NN">respects_to</wf>
<wf cmd="ignore" pos="DT">the</wf>
<wf cmd="tag" pos="NN">memory</wf>
<wf cmd="ignore" pos="IN">of</wf>
<wf cmd="ignore" pos="DT">the</wf>
<wf cmd="tag" pos="NN">composer</wf>
<wf cmd="ignore" pos="IN">of</wf>
<wf cmd="tag" pos="NNP">La_Boheme</wf>
<punc>,</punc>
<wf cmd="ignore" pos="WDT">which</wf>
<wf cmd="ignore" pos="PRP">he</wf>
<wf cmd="done" pos="VB" lemma="consider" wnsn="1" lexsn="2:31:00::">considers</wf>
<wf cmd="tag" pos="CD">one</wf>
<wf cmd="ignore" pos="IN">of</wf>
<wf cmd="tag" pos="NNP">Puccini</wf>
<wf cmd="ignore" pos="POS">'s</wf>
<wf cmd="tag" pos="NNS">masterpieces</wf>
<punc>.</punc>
</s>
<s snum="53">
<wf cmd="tag" pos="NNP">Steinberg</wf>
<wf cmd="done" pos="VB" lemma="speak" wnsn="2" lexsn="2:32:01::">spoke</wf>
<wf cmd="ignore" pos="IN">with</wf>
<wf cmd="tag" pos="NN">warmth</wf>
<wf cmd="ignore" pos="CC">and</wf>
<wf cmd="tag" pos="NN">enthusiasm</wf>
<wf cmd="ignore" pos="IN">about</wf>
<wf cmd="tag" pos="NNP">Italy</wf>
<punc>:</punc>
<punc>``</punc>
<wf cmd="tag" pos="NNP">Rome</wf>
<wf cmd="done" pos="VB" lemma="be" wnsn="2" lexsn="2:42:06::">is</wf>
<wf cmd="ignore" pos="PRP$">my</wf>
<wf cmd="tag" pos="JJ">second</wf>
<wf cmd="tag" pos="NN">home</wf>
<punc>.</punc>
</s>
<s snum="54">
<wf cmd="ignore" pos="PRP">I</wf>
<wf cmd="done" pos="VB" lemma="consider" wnsn="1" lexsn="2:31:00::">consider</wf>
<wf cmd="ignore" pos="PRP">it</wf>
<wf cmd="ignore" pos="DT">the</wf>
<wf cmd="tag" pos="NN">center</wf>
<wf cmd="ignore" pos="IN">of</wf>
<wf cmd="ignore" pos="DT">the</wf>
<wf cmd="tag" pos="NN">world</wf>
<wf cmd="ignore" pos="CC">and</wf>
<wf cmd="done" pos="VB" lemma="make" wnsn="2" lexsn="2:30:00::">make</wf>
<wf cmd="done" pos="VB" ot="notag">it</wf>
<wf cmd="ignore" pos="DT">a</wf>
<wf cmd="tag" pos="NN">point</wf>
<wf cmd="done" pos="VB" ot="notag">to</wf>
<wf cmd="done" pos="VB" lemma="be" wnsn="5" lexsn="2:42:04::">be</wf>
<wf cmd="tag" pos="RB">there</wf>
<wf cmd="tag" pos="RB">once</wf>
<wf cmd="ignore" pos="DT">a</wf>
<wf cmd="tag" pos="NN">year</wf>
<punc>''</punc>
<punc>.</punc>
</s>
<s snum="55">
<wf cmd="ignore" pos="PRP">He</wf>
<wf cmd="ignore" pos="MD">will</wf>
<wf cmd="done" pos="VB" lemma="conduct" wnsn="2" lexsn="2:36:00::">conduct</wf>
<wf cmd="tag" pos="CD">two</wf>
<wf cmd="tag" pos="NNS">concerts</wf>
<wf cmd="ignore" pos="IN">at</wf>
<wf cmd="ignore" pos="DT">the</wf>
<wf cmd="tag" pos="NNP">Accademia_di_Santa_Cecilia</wf>
<punc>,</punc>
<wf cmd="tag" pos="RB">as_well</wf>
<wf cmd="ignore" pos="IN">as</wf>
<wf cmd="tag" pos="NNS">concerts</wf>
<wf cmd="ignore" pos="IN">in</wf>
<wf cmd="tag" pos="NNP">Munich</wf>
<wf cmd="ignore" pos="CC">and</wf>
<wf cmd="tag" pos="NNP">Cologne</wf>
<punc>.</punc>
</s>
<s snum="56">
<punc>``</punc>
<wf cmd="tag" pos="RB">Then</wf>
<wf cmd="ignore" pos="PRP">I</wf>
<wf cmd="done" pos="VB" lemma="return" wnsn="1" lexsn="2:38:00::">return</wf>
<wf cmd="done" pos="VB" ot="notag">to</wf>
<wf cmd="ignore" pos="DT">the</wf>
<wf cmd="tag" pos="NN">United_States</wf>
<wf cmd="ignore" pos="IN">for</wf>
<wf cmd="tag" pos="NNS">engagements</wf>
<wf cmd="ignore" pos="IN">at</wf>
<wf cmd="ignore" pos="DT">the</wf>
<wf cmd="tag" pos="NNP">Hollywood_Bowl</wf>
<wf cmd="ignore" pos="CC">and</wf>
<wf cmd="ignore" pos="IN">in</wf>
<wf cmd="tag" pos="NNP">Philadelphia</wf>
<punc>''</punc>
<punc>,</punc>
<wf cmd="ignore" pos="PRP">he</wf>
<wf cmd="done" pos="VB" lemma="add" wnsn="2" lexsn="2:32:01::">added</wf>
<punc>.</punc>
</s>
</p>
<p pnum="13">
<s snum="57">
<wf cmd="ignore" pos="DT">The</wf>
<wf cmd="tag" pos="JJ">forthcoming</wf>
<wf cmd="tag" pos="NN">season</wf>
<wf cmd="ignore" pos="IN">in</wf>
<wf cmd="tag" pos="NNP">Pittsburgh</wf>
<wf cmd="tag" pos="RB">also</wf>
<wf cmd="done" pos="VB" lemma="promise" wnsn="3" lexsn="2:32:02::">promises</wf>
<wf cmd="ignore" pos="TO">to</wf>
<wf cmd="done" pos="VB" lemma="be" wnsn="1" lexsn="2:42:03::">be</wf>
<wf cmd="ignore" pos="IN">of</wf>
<wf cmd="tag" pos="JJ">unusual</wf>
<wf cmd="tag" pos="NN">interest</wf>
<punc>.</punc>
</s>
<s snum="58">
<wf cmd="ignore" pos="EX">There</wf>
<wf cmd="ignore" pos="MD">will</wf>
<wf cmd="done" pos="VB" lemma="be" wnsn="5" lexsn="2:42:04::">be</wf>
<wf cmd="tag" pos="NNS">premieres</wf>
<wf cmd="ignore" pos="IN">of</wf>
<wf cmd="tag" pos="JJ">new</wf>
<wf cmd="tag" pos="NNS">works</wf>
<punc>,</punc>
<wf cmd="done" pos="VB" lemma="make" wnsn="3" lexsn="2:36:00::">made</wf>
<wf cmd="tag" pos="JJ">possible</wf>
<wf cmd="ignore" pos="IN">through</wf>
<wf cmd="tag" pos="NNP">Ford_Foundation</wf>
<wf cmd="tag" pos="NNS">commissions</wf>
<punc>:</punc>
<wf cmd="tag" pos="NNP">Carlisle_Floyd</wf>
<wf cmd="ignore" pos="POS">'s</wf>
<wf cmd="tag" pos="NN">Mystery</wf>
<punc>,</punc>
<wf cmd="ignore" pos="IN">with</wf>
<wf cmd="tag" pos="NNP">Phyllis_Curtin</wf>
<wf cmd="ignore" pos="IN">as</wf>
<wf cmd="tag" pos="NN">soprano</wf>
<wf cmd="tag" pos="NN">soloist</wf>
<punc>.</punc>
</s>
<s snum="59">
<wf cmd="tag" pos="JJ">Other</wf>
<wf cmd="tag" pos="NN">world</wf>
<wf cmd="tag" pos="NNS">premieres</wf>
<wf cmd="ignore" pos="MD">will</wf>
<wf cmd="done" pos="VB" lemma="be" wnsn="2" lexsn="2:42:06::">be</wf>
<wf cmd="tag" pos="NNP">Gardner_Read</wf>
<wf cmd="ignore" pos="POS">'s</wf>
<wf cmd="tag" pos="NNP">Third_Symphony</wf>
<wf cmd="ignore" pos="CC">and</wf>
<wf cmd="tag" pos="NNP">Burle_Marx</wf>
<wf cmd="ignore" pos="POS">'s</wf>
<wf cmd="tag" pos="NNP">Samba_Concertante</wf>
<punc>.</punc>
</s>
</p>
<p pnum="14">
<s snum="60">
<punc>``</punc>
<wf cmd="ignore" pos="CC">And</wf>
<wf cmd="tag" pos="JJ">next</wf>
<wf cmd="tag" pos="NN">year</wf>
<wf cmd="ignore" pos="PRP">we</wf>
<wf cmd="ignore" pos="MD">will</wf>
<wf cmd="done" pos="VB" lemma="do" wnsn="2" lexsn="2:36:01::">do</wf>
<punc>-</punc>
<wf cmd="tag" pos="RB">also</wf>
<wf cmd="ignore" pos="DT">a</wf>
<wf cmd="tag" pos="NNP">Ford</wf>
<wf cmd="tag" pos="NN">commission</wf>
<punc>-</punc>
<wf cmd="ignore" pos="DT">a</wf>
<wf cmd="tag" pos="NN">piano</wf>
<wf cmd="tag" pos="NN">concerto</wf>
<wf cmd="ignore" pos="IN">by</wf>
<wf cmd="tag" pos="NNP">Elliott_Carter</wf>
<punc>,</punc>
<wf cmd="ignore" pos="IN">with</wf>
<wf cmd="tag" pos="NNP">Jacob_Lateiner</wf>
<wf cmd="ignore" pos="IN">as</wf>
<wf cmd="tag" pos="NN">soloist</wf>
<punc>.</punc>
</s>
<s snum="61">
<wf cmd="tag" pos="RB">Of_course</wf>
<punc>,</punc>
<wf cmd="ignore" pos="PRP">I</wf>
<wf cmd="ignore" pos="MD">shall</wf>
<wf cmd="done" pos="VB" lemma="conduct" wnsn="2" lexsn="2:36:00::">conduct</wf>
<wf cmd="tag" pos="NNP">Mahler</wf>
<wf cmd="ignore" pos="CC">and</wf>
<wf cmd="tag" pos="NNP">Bruckner</wf>
<wf cmd="tag" pos="NNS">works</wf>
<wf cmd="ignore" pos="IN">in</wf>
<wf cmd="ignore" pos="DT">the</wf>
<wf cmd="tag" pos="JJ">coming</wf>
<wf cmd="tag" pos="NN">season</wf>
<punc>,</punc>
<wf cmd="tag" pos="RB">as_usual</wf>
<punc>.</punc>
</s>
<s snum="62">
<wf cmd="ignore" pos="PRP">We</wf>
<wf cmd="ignore" pos="MD">'ll</wf>
<wf cmd="done" pos="VB" lemma="play" wnsn="6" lexsn="2:36:00::">play</wf>
<wf cmd="tag" pos="NNP">Bruckner</wf>
<wf cmd="ignore" pos="POS">'s</wf>
<wf cmd="tag" pos="NNP">Fifth_Symphony</wf>
<wf cmd="ignore" pos="IN">in</wf>
<wf cmd="ignore" pos="DT">the</wf>
<wf cmd="tag" pos="JJ">original</wf>
<wf cmd="tag" pos="NN">version</wf>
<punc>,</punc>
<wf cmd="ignore" pos="CC">and</wf>
<wf cmd="tag" pos="NNP">Mahler</wf>
<wf cmd="ignore" pos="POS">'s</wf>
<wf cmd="tag" pos="NNP">Seventh</wf>
<punc>-</punc>
<wf cmd="tag" pos="RB">the_least</wf>
<wf cmd="tag" pos="JJ">accessible</wf>
<punc>,</punc>
<wf cmd="tag" pos="JJ">known</wf>
<punc>,</punc>
<wf cmd="ignore" pos="CC">and</wf>
<wf cmd="tag" pos="JJ">played</wf>
<wf cmd="ignore" pos="IN">of</wf>
<wf cmd="tag" pos="NNP">Mahler</wf>
<wf cmd="ignore" pos="POS">'s</wf>
<wf cmd="tag" pos="NNS">works</wf>
<punc>.</punc>
</s>
<s snum="63">
<wf cmd="ignore" pos="PRP$">My</wf>
<wf cmd="tag" pos="NNPS">Pittsburghers</wf>
<wf cmd="done" pos="VBP" ot="notag">have</wf>
<wf cmd="done" pos="VB" lemma="become" wnsn="2" lexsn="2:42:01::">become</wf>
<wf cmd="tag" pos="JJ">real</wf>
<wf cmd="tag" pos="NNS">addicts</wf>
<wf cmd="ignore" pos="TO">to</wf>
<wf cmd="tag" pos="NNP">Mahler</wf>
<wf cmd="ignore" pos="CC">and</wf>
<wf cmd="tag" pos="NNP">Bruckner</wf>
<punc>''</punc>
<punc>.</punc>
</s>
</p>
<p pnum="15">
<s snum="64">
<wf cmd="ignore" pos="PRP">He</wf>
<wf cmd="done" pos="VB" lemma="add" wnsn="2" lexsn="2:32:01::">added</wf>
<wf cmd="ignore" pos="IN">that</wf>
<wf cmd="ignore" pos="PRP">he</wf>
<wf cmd="tag" pos="RB">also</wf>
<wf cmd="done" pos="VB" lemma="stress" wnsn="0" lexsn="2:30:00::">stresses</wf>
<wf cmd="ignore" pos="DT">the</wf>
<wf cmd="tag" pos="NNS">works</wf>
<wf cmd="ignore" pos="IN">of</wf>
<wf cmd="ignore" pos="DT">these</wf>
<wf cmd="tag" pos="JJ">favorite</wf>
<wf cmd="tag" pos="NNS">masters</wf>
<wf cmd="tag" pos="NN">on_tour</wf>
<punc>,</punc>
<wf cmd="tag" pos="RB">especially</wf>
<wf cmd="tag" pos="NNP">Mahler</wf>
<wf cmd="ignore" pos="POS">'s</wf>
<wf cmd="tag" pos="NNP">First</wf>
<wf cmd="ignore" pos="CC">and</wf>
<wf cmd="tag" pos="NNP">Fourth</wf>
<wf cmd="tag" pos="NNS">symphonies</wf>
<punc>,</punc>
<wf cmd="ignore" pos="CC">and</wf>
<wf cmd="tag" pos="NNP">Das_Lied_von_der_Erde</wf>
<punc>,</punc>
<wf cmd="ignore" pos="CC">and</wf>
<wf cmd="tag" pos="NNP">Bruckner</wf>
<wf cmd="ignore" pos="POS">'s</wf>
<wf cmd="tag" pos="NNP">Sixth</wf>
<punc>-</punc>
<wf cmd="ignore" pos="WDT">which</wf>
<wf cmd="done" pos="VBZ" ot="notag">is</wf>
<wf cmd="tag" pos="RB">rarely</wf>
<wf cmd="done" pos="VB" lemma="play" wnsn="6" lexsn="2:36:00::">played</wf>
<punc>-</punc>
<wf cmd="ignore" pos="CC">and</wf>
<wf cmd="tag" pos="NNP">Seventh</wf>
<punc>.</punc>
</s>
<s snum="65">
<wf cmd="tag" pos="NNP">Bruckner</wf>
<wf cmd="ignore" pos="POS">'s</wf>
<wf cmd="tag" pos="NNP">Eighth</wf>
<wf cmd="ignore" pos="PRP">he</wf>
<wf cmd="done" pos="VB" lemma="refer" wnsn="1" lexsn="2:32:01::">refers</wf>
<wf cmd="done" pos="VB" ot="notag">to</wf>
<wf cmd="ignore" pos="IN">as</wf>
<punc>``</punc>
<wf cmd="ignore" pos="PRP$">my</wf>
<wf cmd="tag" pos="NN">travel</wf>
<wf cmd="tag" pos="NN">symphony</wf>
<punc>''</punc>
<punc>.</punc>
</s>
<s snum="66">
<wf cmd="ignore" pos="PRP">He</wf>
<wf cmd="done" pos="VB" lemma="recall" wnsn="1" lexsn="2:31:00::">recalled</wf>
<wf cmd="ignore" pos="IN">that</wf>
<wf cmd="ignore" pos="IN">in</wf>
<wf cmd="tag" pos="NNP">California</wf>
<wf cmd="ignore" pos="IN">after</wf>
<wf cmd="ignore" pos="DT">a</wf>
<wf cmd="tag" pos="NN">critic</wf>
<wf cmd="done" pos="VBD" ot="notag">had</wf>
<wf cmd="done" pos="VB" lemma="attack" wnsn="1" lexsn="2:33:00::">attacked</wf>
<wf cmd="ignore" pos="PRP">him</wf>
<wf cmd="ignore" pos="IN">for</wf>
<punc>``</punc>
<wf cmd="tag" pos="RB">still</wf>
<wf cmd="done" pos="VB" lemma="try" wnsn="1" lexsn="2:41:00::">trying</wf>
<wf cmd="ignore" pos="TO">to</wf>
<wf cmd="done" pos="VB" lemma="sell" wnsn="3" lexsn="2:32:00::">sell</wf>
<wf cmd="tag" pos="NNP">Bruckner</wf>
<wf cmd="ignore" pos="TO">to</wf>
<wf cmd="ignore" pos="DT">the</wf>
<wf cmd="tag" pos="NNPS">Americans</wf>
<punc>''</punc>
<punc>,</punc>
<wf cmd="ignore" pos="DT">the</wf>
<wf cmd="tag" pos="JJ">public</wf>
<wf cmd="ignore" pos="POS">'s</wf>
<wf cmd="tag" pos="NN">response</wf>
<wf cmd="ignore" pos="IN">at</wf>
<wf cmd="ignore" pos="DT">the</wf>
<wf cmd="tag" pos="JJ">next</wf>
<wf cmd="tag" pos="NN">concert</wf>
<wf cmd="done" pos="VB" lemma="be" wnsn="2" lexsn="2:42:06::">was</wf>
<wf cmd="ignore" pos="DT">a</wf>
<wf cmd="tag" pos="NN">standing_ovation</wf>
<punc>.</punc>
</s>
</p>
<p pnum="16">
<s snum="67">
<punc>``</punc>
<wf cmd="tag" pos="RB">Now</wf>
<wf cmd="ignore" pos="IN">that</wf>
<wf cmd="tag" pos="NNP">Bruno_Walter</wf>
<wf cmd="done" pos="VB" lemma="be" wnsn="1" lexsn="2:42:03::">is</wf>
<wf cmd="tag" pos="RB">virtually</wf>
<wf cmd="ignore" pos="IN">in</wf>
<wf cmd="tag" pos="NN">retirement</wf>
<wf cmd="ignore" pos="CC">and</wf>
<wf cmd="ignore" pos="PRP$">my</wf>
<wf cmd="tag" pos="JJ">dear</wf>
<wf cmd="tag" pos="NN">friend</wf>
<wf cmd="tag" pos="NNP">Dimitri_Mitropoulos</wf>
<wf cmd="done" pos="VB" lemma="be" wnsn="1" lexsn="2:42:03::">is</wf>
<wf cmd="tag" pos="RB">no_longer</wf>
<wf cmd="ignore" pos="IN">with</wf>
<wf cmd="ignore" pos="PRP">us</wf>
<punc>,</punc>
<wf cmd="ignore" pos="PRP">I</wf>
<wf cmd="done" pos="VB" lemma="be" wnsn="2" lexsn="2:42:06::">am</wf>
<wf cmd="tag" pos="RB">probably</wf>
<wf cmd="ignore" pos="DT">the</wf>
<wf cmd="tag" pos="RB">only</wf>
<wf cmd="tag" pos="CD">one</wf>
<punc>-</punc>
<wf cmd="ignore" pos="IN">with</wf>
<wf cmd="ignore" pos="DT">the</wf>
<wf cmd="tag" pos="JJ">possible</wf>
<wf cmd="tag" pos="NN">exception</wf>
<wf cmd="ignore" pos="IN">of</wf>
<wf cmd="tag" pos="NNP">Leonard_Bernstein</wf>
<punc>-</punc>
<wf cmd="ignore" pos="WP">who</wf>
<wf cmd="done" pos="VB" lemma="have" wnsn="2" lexsn="2:42:00::">has</wf>
<wf cmd="ignore" pos="DT">this</wf>
<wf cmd="tag" pos="JJ">special</wf>
<wf cmd="tag" pos="NN">affinity</wf>
<wf cmd="tag" pos="RB">for</wf>
<wf cmd="ignore" pos="CC">and</wf>
<wf cmd="done" pos="VB" lemma="champion" wnsn="1" lexsn="2:33:00::">champions</wf>
<wf cmd="ignore" pos="DT">the</wf>
<wf cmd="tag" pos="NNS">works</wf>
<wf cmd="ignore" pos="IN">of</wf>
<wf cmd="tag" pos="NNP">Bruckner</wf>
<wf cmd="ignore" pos="CC">and</wf>
<wf cmd="tag" pos="NNP">Mahler</wf>
<punc>''</punc>
<punc>.</punc>
</s>
</p>
<p pnum="17">
<s snum="68">
<wf cmd="ignore" pos="IN">Since</wf>
<wf cmd="ignore" pos="PRP">he</wf>
<wf cmd="done" pos="VB" lemma="introduce" wnsn="2" lexsn="2:36:00::">introduces</wf>
<wf cmd="tag" pos="RB">so_much</wf>
<wf cmd="tag" pos="JJ">modern</wf>
<wf cmd="tag" pos="NN">music</wf>
<punc>,</punc>
<wf cmd="ignore" pos="PRP">I</wf>
<wf cmd="ignore" pos="MD">could</wf>
<wf cmd="tag" pos="RB">not</wf>
<wf cmd="done" pos="VB" lemma="resist" wnsn="2" lexsn="2:33:00::">resist</wf>
<wf cmd="done" pos="VB" lemma="ask" wnsn="1" lexsn="2:32:00::">asking</wf>
<wf cmd="ignore" pos="WRB">how</wf>
<wf cmd="ignore" pos="PRP">he</wf>
<wf cmd="done" pos="VB" lemma="feel" wnsn="2" lexsn="2:31:00::">felt</wf>
<wf cmd="ignore" pos="IN">about</wf>
<wf cmd="ignore" pos="PRP">it</wf>
<punc>.</punc>
</s>
</p>
<p pnum="18">
<s snum="69">
<punc>``</punc>
<wf cmd="ignore" pos="EX">There</wf>
<wf cmd="done" pos="VB" lemma="be" wnsn="4" lexsn="2:42:00::">was</wf>
<wf cmd="tag" pos="RB">always</wf>
<wf cmd="ignore" pos="CC">and</wf>
<wf cmd="tag" pos="RB">at_all_times</wf>
<wf cmd="ignore" pos="DT">a</wf>
<wf cmd="tag" pos="JJ">contemporary</wf>
<wf cmd="tag" pos="NN">music</wf>
<wf cmd="ignore" pos="CC">and</wf>
<wf cmd="ignore" pos="PRP">it</wf>
<wf cmd="done" pos="VB" lemma="express" wnsn="3" lexsn="2:32:02::">expresses</wf>
<wf cmd="ignore" pos="DT">the</wf>
<wf cmd="tag" pos="NN">era</wf>
<wf cmd="tag" pos="RB">in_which</wf>
<wf cmd="ignore" pos="PRP">it</wf>
<wf cmd="done" pos="VBD" ot="notag">was</wf>
<wf cmd="done" pos="VB" lemma="create" wnsn="3" lexsn="2:36:01::">created</wf>
<punc>.</punc>
</s>
<s snum="70">
<wf cmd="ignore" pos="CC">But</wf>
<wf cmd="ignore" pos="PRP">I</wf>
<wf cmd="tag" pos="RB">usually</wf>
<wf cmd="done" pos="VB" lemma="stick_to" wnsn="0" lexsn="2:42:00::">stick_to</wf>
<wf cmd="ignore" pos="DT">the</wf>
<wf cmd="tag" pos="JJ">old</wf>
<wf cmd="tag" pos="NN">phrase</wf>
<punc>:</punc>
<punc>'</punc>
<wf cmd="ignore" pos="FW">Ich</wf>
<wf cmd="ignore" pos="FW">habe</wf>
<wf cmd="ignore" pos="FW">ein</wf>
<wf cmd="ignore" pos="FW">Amt</wf>
<punc>,</punc>
<wf cmd="ignore" pos="FW">aber</wf>
<wf cmd="ignore" pos="FW">keine</wf>
<wf cmd="ignore" pos="FW">Meinung</wf>
<punc>(</punc>
<wf cmd="ignore" pos="PRP">I</wf>
<wf cmd="done" pos="VB" lemma="hold" wnsn="9" lexsn="2:40:04::">hold</wf>
<wf cmd="ignore" pos="DT">an</wf>
<wf cmd="tag" pos="NN">office</wf>
<punc>,</punc>
<wf cmd="ignore" pos="CC">but</wf>
<wf cmd="ignore" pos="PRP">I</wf>
<wf cmd="done" pos="VBP" ot="notag">do</wf>
<wf cmd="tag" pos="RB">not</wf>
<wf cmd="done" pos="VB" lemma="feel" wnsn="2" lexsn="2:31:00::">feel</wf>
<wf cmd="done" pos="VB" lemma="entitle" wnsn="1" lexsn="2:41:00::">entitled</wf>
<wf cmd="ignore" pos="TO">to</wf>
<wf cmd="done" pos="VB" lemma="have" wnsn="1" lexsn="2:40:00::">have</wf>
<wf cmd="done" pos="VB" ot="notag">an</wf>
<wf cmd="tag" pos="NN">opinion</wf>
<punc>)</punc>
<punc>.</punc>
</s>
<s snum="71">
<wf cmd="ignore" pos="PRP">I</wf>
<wf cmd="done" pos="VB" lemma="consider" wnsn="1" lexsn="2:31:00::">consider</wf>
<wf cmd="ignore" pos="PRP">it</wf>
<wf cmd="ignore" pos="TO">to</wf>
<wf cmd="done" pos="VB" lemma="be" wnsn="2" lexsn="2:42:06::">be</wf>
<wf cmd="ignore" pos="PRP$">my</wf>
<wf cmd="tag" pos="NN">job</wf>
<wf cmd="ignore" pos="TO">to</wf>
<wf cmd="done" pos="VB" lemma="expose" wnsn="1" lexsn="2:39:02::">expose</wf>
<wf cmd="ignore" pos="DT">the</wf>
<wf cmd="tag" pos="JJ">public</wf>
<wf cmd="ignore" pos="TO">to</wf>
<wf cmd="ignore" pos="WP">what</wf>
<wf cmd="done" pos="VBZ" ot="notag">is</wf>
<wf cmd="done" pos="VBG" ot="notag">being</wf>
<wf cmd="done" pos="VB" lemma="write" wnsn="6" lexsn="2:36:04::">written</wf>
<wf cmd="tag" pos="NN">today</wf>
<punc>''</punc>
<punc>.</punc>
</s>
</p>
<p pnum="19">
<s snum="72">
<wf cmd="ignore" pos="IN">With</wf>
<wf cmd="ignore" pos="DT">all</wf>
<wf cmd="ignore" pos="PRP$">his</wf>
<wf cmd="tag" pos="JJ">musical</wf>
<wf cmd="tag" pos="NNS">activities</wf>
<punc>,</punc>
<wf cmd="done" pos="VBD" ot="notag">did</wf>
<wf cmd="ignore" pos="PRP">he</wf>
<wf cmd="done" pos="VB" lemma="have" wnsn="9" lexsn="2:40:01::">have</wf>
<wf cmd="ignore" pos="DT">the</wf>
<wf cmd="tag" pos="NN">time</wf>
<wf cmd="ignore" pos="CC">and</wf>
<wf cmd="tag" pos="NN">inclination</wf>
<wf cmd="ignore" pos="TO">to</wf>
<wf cmd="done" pos="VB" lemma="do" wnsn="3" lexsn="2:41:04::">do</wf>
<wf cmd="tag" pos="NN">anything</wf>
<wf cmd="tag" pos="RB">else</wf>
<punc>?</punc>
</s>
<s snum="73">
<wf cmd="ignore" pos="PRP">He</wf>
<wf cmd="done" pos="VBD" ot="notag">had</wf>
<wf cmd="tag" pos="RB">just</wf>
<wf cmd="done" pos="VB" lemma="pay" wnsn="6" lexsn="2:31:00::">paid</wf>
<wf cmd="ignore" pos="DT">a</wf>
<wf cmd="tag" pos="JJ">brief</wf>
<wf cmd="tag" pos="NN">visit</wf>
<wf cmd="ignore" pos="TO">to</wf>
<wf cmd="ignore" pos="DT">the</wf>
<wf cmd="tag" pos="NNP">Frick_Collection</wf>
<wf cmd="ignore" pos="TO">to</wf>
<wf cmd="done" pos="VB" lemma="admire" wnsn="2" lexsn="2:39:00::">admire</wf>
<wf cmd="ignore" pos="PRP$">his</wf>
<wf cmd="tag" pos="JJ">favorite</wf>
<wf cmd="tag" pos="NNS">paintings</wf>
<wf cmd="ignore" pos="IN">by</wf>
<wf cmd="tag" pos="NNP">Rembrandt</wf>
<wf cmd="ignore" pos="CC">and</wf>
<wf cmd="tag" pos="NNP">Franz_Hals</wf>
<punc>.</punc>
</s>
<s snum="74">
<wf cmd="ignore" pos="PRP">He</wf>
<wf cmd="done" pos="VB" lemma="be" wnsn="1" lexsn="2:42:03::">was</wf>
<wf cmd="tag" pos="RB">not</wf>
<wf cmd="tag" pos="JJ">enthusiastic</wf>
<wf cmd="ignore" pos="IN">over</wf>
<wf cmd="ignore" pos="DT">the</wf>
<wf cmd="tag" pos="RB">newly</wf>
<wf cmd="tag" pos="JJ">acquired</wf>
<wf cmd="tag" pos="NNP">Claude_Lorrain</wf>
<punc>,</punc>
<wf cmd="ignore" pos="CC">but</wf>
<wf cmd="done" pos="VB" lemma="reminisce" wnsn="1" lexsn="2:31:00::">reminisced</wf>
<wf cmd="ignore" pos="IN">with</wf>
<wf cmd="tag" pos="NN">pleasure</wf>
<wf cmd="ignore" pos="IN">over</wf>
<wf cmd="ignore" pos="DT">a</wf>
<wf cmd="tag" pos="NNP">Poussin</wf>
<wf cmd="tag" pos="NN">exhibit</wf>
<wf cmd="ignore" pos="PRP">he</wf>
<wf cmd="done" pos="VBD" ot="notag">had</wf>
<wf cmd="done" pos="VB" lemma="be" wnsn="1" lexsn="2:42:03::">been</wf>
<wf cmd="tag" pos="JJ">able</wf>
<wf cmd="done" pos="VB" ot="notag">to</wf>
<wf cmd="done" pos="VB" lemma="see" wnsn="1" lexsn="2:39:00::">see</wf>
<wf cmd="ignore" pos="IN">in</wf>
<wf cmd="tag" pos="NNP">Paris</wf>
<wf cmd="ignore" pos="DT">a</wf>
<wf cmd="tag" pos="NN">year</wf>
<wf cmd="tag" pos="RB">ago</wf>
<punc>.</punc>
</s>
</p>
<p pnum="20">
<s snum="75">
<wf cmd="tag" pos="RB">And_how</wf>
<wf cmd="done" pos="VBD" ot="notag">did</wf>
<wf cmd="ignore" pos="PRP">he</wf>
<wf cmd="done" pos="VB" lemma="feel" wnsn="2" lexsn="2:31:00::">feel</wf>
<wf cmd="ignore" pos="IN">about</wf>
<wf cmd="tag" pos="JJ">modern</wf>
<wf cmd="tag" pos="NN">art</wf>
<punc>?</punc>
</s>
<s snum="76">
<wf cmd="tag" pos="RB">Again</wf>
<wf cmd="tag" pos="NNP">Steinberg</wf>
<wf cmd="done" pos="VB" lemma="be" wnsn="1" lexsn="2:42:03::">was</wf>
<wf cmd="tag" pos="JJ">cautious</wf>
<wf cmd="ignore" pos="CC">and</wf>
<wf cmd="done" pos="VB" lemma="reply" wnsn="1" lexsn="2:32:00::">replied</wf>
<wf cmd="ignore" pos="IN">with</wf>
<wf cmd="ignore" pos="DT">a</wf>
<wf cmd="tag" pos="NN">smile</wf>
<wf cmd="ignore" pos="IN">that</wf>
<wf cmd="ignore" pos="PRP">he</wf>
<wf cmd="done" pos="VBD" ot="notag">was</wf>
<wf cmd="tag" pos="RB">not</wf>
<wf cmd="done" pos="VB" lemma="expose" wnsn="1" lexsn="2:39:02::">exposed</wf>
<wf cmd="tag" pos="RB">to_it</wf>
<wf cmd="tag" pos="RB">enough</wf>
<wf cmd="ignore" pos="TO">to</wf>
<wf cmd="done" pos="VB" lemma="hazard" wnsn="1" lexsn="2:32:00::">hazard</wf>
<wf cmd="tag" pos="NNS">comments</wf>
<punc>.</punc>
</s>
<s snum="77">
<punc>``</punc>
<wf cmd="ignore" pos="IN">As</wf>
<wf cmd="ignore" pos="PRP$">my</wf>
<wf cmd="tag" pos="NN">wife</wf>
<wf cmd="done" pos="VB" lemma="put" wnsn="3" lexsn="2:32:00::">puts</wf>
<wf cmd="ignore" pos="PRP">it</wf>
<punc>''</punc>
<punc>,</punc>
<wf cmd="ignore" pos="PRP">he</wf>
<wf cmd="done" pos="VB" lemma="say" wnsn="1" lexsn="2:32:00::">said</wf>
<punc>,</punc>
<wf cmd="tag" pos="RB">again</wf>
<wf cmd="ignore" pos="IN">with</wf>
<wf cmd="ignore" pos="DT">a</wf>
<wf cmd="tag" pos="NN">twinkle</wf>
<wf cmd="ignore" pos="IN">in</wf>
<wf cmd="ignore" pos="PRP$">his</wf>
<wf cmd="tag" pos="NNS">eyes</wf>
<punc>,</punc>
<punc>``</punc>
<wf cmd="ignore" pos="DT">all</wf>
<wf cmd="ignore" pos="PRP">you</wf>
<wf cmd="done" pos="VB" lemma="know" wnsn="2" lexsn="2:31:03::">know</wf>
<wf cmd="done" pos="VB" lemma="be" wnsn="2" lexsn="2:42:06::">is</wf>
<wf cmd="ignore" pos="PRP$">your</wf>
<wf cmd="tag" pos="NN">music</wf>
<punc>.</punc>
</s>
<s snum="78">
<wf cmd="ignore" pos="CC">But</wf>
<wf cmd="tag" pos="RB">after_all</wf>
<punc>,</punc>
<wf cmd="ignore" pos="PRP">you</wf>
<wf cmd="tag" pos="RB">never</wf>
<wf cmd="done" pos="VB" lemma="learn" wnsn="1" lexsn="2:31:00::">learned</wf>
<wf cmd="tag" pos="NN">anything</wf>
<wf cmd="tag" pos="RB">else</wf>
<punc>''</punc>
<punc>!</punc>
</s>
</p>
<p pnum="21">
<s snum="79">
<wf cmd="ignore" pos="WP">What</wf>
<wf cmd="done" pos="VBD" ot="notag">did</wf>
<wf cmd="ignore" pos="PRP">he</wf>
<wf cmd="done" pos="VB" lemma="do" wnsn="2" lexsn="2:36:01::">do</wf>
<wf cmd="ignore" pos="IN">for</wf>
<wf cmd="tag" pos="NN">relaxation</wf>
<punc>?</punc>
</s>
<s snum="80">
<wf cmd="ignore" pos="IN">Like</wf>
<wf cmd="ignore" pos="PRP$">his</wf>
<wf cmd="tag" pos="JJ">late</wf>
<wf cmd="tag" pos="NN">colleague</wf>
<punc>,</punc>
<wf cmd="tag" pos="NNP">Mitropoulos</wf>
<punc>,</punc>
<wf cmd="ignore" pos="PRP">he</wf>
<wf cmd="done" pos="VB" lemma="read" wnsn="1" lexsn="2:31:00::">reads</wf>
<wf cmd="tag" pos="NN">mystery_stories</wf>
<punc>,</punc>
<wf cmd="tag" pos="RB">in_particular</wf>
<wf cmd="tag" pos="NNP">Sir_Arthur_Conan_Doyle</wf>
<punc>.</punc>
</s>
<s snum="81">
<wf cmd="ignore" pos="PRP">He</wf>
<wf cmd="done" pos="VB" lemma="cite" wnsn="1" lexsn="2:32:00::">cited</wf>
<wf cmd="tag" pos="NNP">Heine</wf>
<wf cmd="ignore" pos="CC">and</wf>
<wf cmd="tag" pos="NNP">Stendhal</wf>
<wf cmd="ignore" pos="IN">as</wf>
<wf cmd="tag" pos="NNS">favorites</wf>
<wf cmd="ignore" pos="IN">in</wf>
<wf cmd="tag" pos="NN">literature</wf>
<punc>.</punc>
</s>
</p>
<p pnum="22">
<s snum="82">
<wf cmd="ignore" pos="CC">But</wf>
<wf cmd="ignore" pos="PRP$">his</wf>
<wf cmd="tag" pos="JJ">prime</wf>
<wf cmd="tag" pos="NN">interest</wf>
<punc>,</punc>
<wf cmd="tag" pos="RB">apart</wf>
<wf cmd="ignore" pos="IN">from</wf>
<wf cmd="tag" pos="NN">music</wf>
<punc>,</punc>
<wf cmd="ignore" pos="PRP">he</wf>
<wf cmd="done" pos="VB" lemma="insist" wnsn="1" lexsn="2:32:00::">insisted</wf>
<wf cmd="tag" pos="RB">seriously</wf>
<punc>,</punc>
<wf cmd="done" pos="VB" lemma="be" wnsn="2" lexsn="2:42:06::">was</wf>
<wf cmd="ignore" pos="PRP$">his</wf>
<wf cmd="tag" pos="NN">family</wf>
<punc>-</punc>
<wf cmd="ignore" pos="PRP$">his</wf>
<wf cmd="tag" pos="NN">wife</wf>
<punc>,</punc>
<wf cmd="tag" pos="NN">daughter</wf>
<wf cmd="ignore" pos="CC">and</wf>
<wf cmd="tag" pos="NN">son</wf>
<punc>.</punc>
</s>
<s snum="83">
<wf cmd="ignore" pos="IN">At</wf>
<wf cmd="ignore" pos="DT">the</wf>
<wf cmd="tag" pos="NN">moment</wf>
<wf cmd="ignore" pos="PRP">he</wf>
<wf cmd="done" pos="VB" lemma="be" wnsn="1" lexsn="2:42:03::">was</wf>
<wf cmd="tag" pos="JJ">excited</wf>
<wf cmd="ignore" pos="IN">about</wf>
<wf cmd="ignore" pos="PRP$">his</wf>
<wf cmd="tag" pos="NN">son</wf>
<wf cmd="ignore" pos="POS">'s</wf>
<wf cmd="done" pos="VBG" ot="notag">having</wf>
<wf cmd="done" pos="VB" lemma="receive" wnsn="1" lexsn="2:40:00::">received</wf>
<wf cmd="ignore" pos="DT">the</wf>
<wf cmd="tag" pos="NNP">Prix</wf>
<wf cmd="ignore" pos="FW">de</wf>
<wf cmd="tag" pos="NNP">Rome</wf>
<wf cmd="ignore" pos="IN">in</wf>
<wf cmd="tag" pos="NN">archaeology</wf>
<wf cmd="ignore" pos="CC">and</wf>
<wf cmd="done" pos="VBD" ot="notag">was</wf>
<wf cmd="done" pos="VB" lemma="look_forward" wnsn="1" lexsn="2:31:00::">looking_forward</wf>
<wf cmd="done" pos="VB" ot="notag">to</wf>
<wf cmd="done" pos="VB" lemma="be" wnsn="5" lexsn="2:42:04::">being</wf>
<wf cmd="tag" pos="JJ">present</wf>
<wf cmd="ignore" pos="DT">this</wf>
<wf cmd="tag" pos="NN">summer</wf>
<wf cmd="ignore" pos="IN">at</wf>
<wf cmd="ignore" pos="DT">the</wf>
<wf cmd="tag" pos="NN">excavation</wf>
<wf cmd="ignore" pos="IN">of</wf>
<wf cmd="ignore" pos="DT">an</wf>
<wf cmd="tag" pos="JJ">Etruscan</wf>
<wf cmd="tag" pos="NN">tomb</wf>
<punc>.</punc>
</s>
<s snum="84">
<punc>``</punc>
<wf cmd="ignore" pos="DT">Both</wf>
<wf cmd="tag" pos="NNS">children</wf>
<wf cmd="done" pos="VB" lemma="be" wnsn="1" lexsn="2:42:03::">are</wf>
<wf cmd="tag" pos="JJ">musical</wf>
<wf cmd="ignore" pos="CC">and</wf>
<wf cmd="ignore" pos="PRP$">my</wf>
<wf cmd="tag" pos="NN">wife</wf>
<wf cmd="done" pos="VB" lemma="be" wnsn="2" lexsn="2:42:06::">is</wf>
<wf cmd="ignore" pos="DT">a</wf>
<wf cmd="tag" pos="NN">music_lover</wf>
<wf cmd="ignore" pos="IN">of</wf>
<wf cmd="tag" pos="JJ">unfailing</wf>
<wf cmd="tag" pos="NN">instinct</wf>
<wf cmd="ignore" pos="CC">and</wf>
<wf cmd="tag" pos="NN">judgment</wf>
<punc>''</punc>
<punc>.</punc>
</s>
<s snum="85">
<punc>``</punc>
<wf cmd="done" pos="VBZ" ot="notag">Is</wf>
<wf cmd="ignore" pos="DT">the</wf>
<wf cmd="tag" pos="NN">attitude</wf>
<wf cmd="ignore" pos="IN">of</wf>
<wf cmd="tag" pos="JJ">German</wf>
<wf cmd="tag" pos="NN">youth</wf>
<wf cmd="tag" pos="JJ">comparable_to</wf>
<wf cmd="ignore" pos="IN">that</wf>
<wf cmd="ignore" pos="IN">of</wf>
<punc>''</punc>
<wf cmd="ignore" pos="DT">the</wf>
<wf cmd="tag" pos="JJ">angry</wf>
<wf cmd="tag" pos="NN">young_men</wf>
<punc>'</punc>
<wf cmd="ignore" pos="IN">of</wf>
<wf cmd="tag" pos="NNP">England</wf>
<punc>''</punc>
<punc>?</punc>
<wf cmd="done" pos="VB" lemma="be" wnsn="2" lexsn="2:42:06::">was</wf>
<wf cmd="ignore" pos="DT">the</wf>
<wf cmd="tag" pos="NN">topic</wf>
<wf cmd="ignore" pos="IN">for</wf>
<wf cmd="ignore" pos="DT">a</wf>
<wf cmd="tag" pos="JJ">round-table</wf>
<wf cmd="tag" pos="NN">discussion</wf>
<wf cmd="ignore" pos="IN">at</wf>
<wf cmd="ignore" pos="DT">the</wf>
<wf cmd="tag" pos="NNP">Bayerische_Rundfunk</wf>
<wf cmd="ignore" pos="IN">in</wf>
<wf cmd="tag" pos="NNP">Munich</wf>
<punc>.</punc>
</s>
</p>
<p pnum="23">
<s snum="86">
<wf cmd="ignore" pos="PRP">I</wf>
<wf cmd="done" pos="VB" lemma="be" wnsn="8" lexsn="2:41:00::">was</wf>
<wf cmd="tag" pos="NN">chairman</wf>
<punc>,</punc>
<wf cmd="ignore" pos="DT">the</wf>
<wf cmd="tag" pos="RB">only</wf>
<wf cmd="tag" pos="RB">not</wf>
<wf cmd="tag" pos="JJ">youthful</wf>
<wf cmd="tag" pos="NN">participant</wf>
<punc>.</punc>
</s>
<s snum="87">
<wf cmd="ignore" pos="IN">Since</wf>
<wf cmd="tag" pos="NN">attack</wf>
<wf cmd="done" pos="VB" lemma="serve" wnsn="3" lexsn="2:42:01::">serves</wf>
<wf cmd="ignore" pos="TO">to</wf>
<wf cmd="done" pos="VB" lemma="stimulate" wnsn="2" lexsn="2:32:01::">stimulate</wf>
<wf cmd="tag" pos="NN">interest</wf>
<wf cmd="ignore" pos="IN">in</wf>
<wf cmd="tag" pos="NNS">broadcasts</wf>
<punc>,</punc>
<wf cmd="ignore" pos="PRP">I</wf>
<wf cmd="done" pos="VB" lemma="add" wnsn="1" lexsn="2:30:00::">added</wf>
<wf cmd="ignore" pos="TO">to</wf>
<wf cmd="ignore" pos="PRP$">my</wf>
<wf cmd="tag" pos="NN">opening</wf>
<wf cmd="tag" pos="NN">statement</wf>
<wf cmd="ignore" pos="DT">a</wf>
<wf cmd="tag" pos="NN">sentence</wf>
<wf cmd="tag" pos="RB">in_which</wf>
<wf cmd="ignore" pos="PRP">I</wf>
<wf cmd="done" pos="VB" lemma="claim" wnsn="1" lexsn="2:32:00::">claimed</wf>
<wf cmd="ignore" pos="IN">that</wf>
<wf cmd="tag" pos="JJ">German</wf>
<wf cmd="tag" pos="NN">youth</wf>
<wf cmd="done" pos="VB" lemma="seem" wnsn="1" lexsn="2:39:00::">seemed</wf>
<wf cmd="ignore" pos="TO">to</wf>
<wf cmd="done" pos="VB" lemma="lack" wnsn="1" lexsn="2:42:00::">lack</wf>
<wf cmd="ignore" pos="DT">the</wf>
<wf cmd="tag" pos="NN">enthusiasm</wf>
<wf cmd="ignore" pos="WDT">which</wf>
<wf cmd="done" pos="VB" lemma="be" wnsn="2" lexsn="2:42:06::">is</wf>
<wf cmd="ignore" pos="DT">a</wf>
<wf cmd="tag" pos="JJ">necessary</wf>
<wf cmd="tag" pos="NN">ingredient</wf>
<wf cmd="ignore" pos="IN">of</wf>
<wf cmd="tag" pos="NN">anger</wf>
<punc>,</punc>
<wf cmd="ignore" pos="CC">and</wf>
<wf cmd="ignore" pos="MD">might</wf>
<wf cmd="done" pos="VB" ot="notag">be</wf>
<wf cmd="done" pos="VB" lemma="classify" wnsn="1" lexsn="2:31:00::">classified</wf>
<wf cmd="done" pos="VB" ot="notag">as</wf>
<wf cmd="tag" pos="JJ">uninterested</wf>
<wf cmd="ignore" pos="CC">and</wf>
<wf cmd="tag" pos="JJ">bored</wf>
<wf cmd="tag" pos="RB">rather_than</wf>
<wf cmd="tag" pos="JJ">angry</wf>
<punc>.</punc>
</s>
<s snum="88">
<wf cmd="ignore" pos="PRP">I</wf>
<wf cmd="done" pos="VB" lemma="be" wnsn="1" lexsn="2:42:03::">was</wf>
<wf cmd="tag" pos="RB">far</wf>
<wf cmd="ignore" pos="IN">from</wf>
<wf cmd="tag" pos="JJ">convinced</wf>
<wf cmd="ignore" pos="IN">of</wf>
<wf cmd="ignore" pos="DT">the</wf>
<wf cmd="tag" pos="NN">truth</wf>
<wf cmd="ignore" pos="IN">of</wf>
<wf cmd="ignore" pos="PRP$">my</wf>
<wf cmd="tag" pos="NN">statement</wf>
<punc>,</punc>
<wf cmd="ignore" pos="CC">but</wf>
<wf cmd="ignore" pos="MD">could</wf>
<wf cmd="tag" pos="RB">not</wf>
<wf cmd="done" pos="VB" lemma="think_of" wnsn="5" lexsn="2:36:00::">think_of</wf>
<wf cmd="tag" pos="NN">anything</wf>
<wf cmd="ignore" pos="WDT">that</wf>
<wf cmd="ignore" pos="MD">might</wf>
<wf cmd="done" pos="VB" lemma="evoke" wnsn="2" lexsn="2:36:00::">evoke</wf>
<wf cmd="tag" pos="NNS">responses</wf>
<wf cmd="tag" pos="RB">more_quickly</wf>
<punc>.</punc>
</s>
</p>
<p pnum="24">
<s snum="89">
<punc>``</punc>
<wf cmd="ignore" pos="PRP">It</wf>
<wf cmd="done" pos="VB" lemma="be" wnsn="1" lexsn="2:42:03::">is</wf>
<wf cmd="tag" pos="JJ">easy</wf>
<wf cmd="ignore" pos="IN">for</wf>
<wf cmd="ignore" pos="PRP">you</wf>
<wf cmd="ignore" pos="TO">to</wf>
<wf cmd="done" pos="VB" lemma="talk" wnsn="1" lexsn="2:32:01::">talk</wf>
<punc>''</punc>
<punc>;</punc>
<wf cmd="done" pos="VB" lemma="counter" wnsn="1" lexsn="2:32:00::">countered</wf>
<wf cmd="ignore" pos="DT">a</wf>
<wf cmd="tag" pos="CD">twenty</wf>
<wf cmd="tag" pos="NN">year</wf>
<wf cmd="tag" pos="JJ">old</wf>
<wf cmd="tag" pos="NN">law_student</wf>
<punc>,</punc>
<punc>``</punc>
<wf cmd="ignore" pos="PRP">you</wf>
<wf cmd="done" pos="VB" lemma="travel" wnsn="1" lexsn="2:38:00::">travel</wf>
<wf cmd="tag" pos="RB">around</wf>
<wf cmd="ignore" pos="DT">the</wf>
<wf cmd="tag" pos="NN">world</wf>
<punc>.</punc>
</s>
<s snum="90">
<wf cmd="ignore" pos="PRP">We</wf>
<wf cmd="done" pos="VB" ot="notag">would</wf>
<wf cmd="done" pos="VB" lemma="like" wnsn="1" lexsn="2:37:01::">like</wf>
<wf cmd="ignore" pos="TO">to</wf>
<wf cmd="done" pos="VB" lemma="do" wnsn="1" lexsn="2:41:01::">do</wf>
<wf cmd="ignore" pos="IN">that</wf>
<wf cmd="tag" pos="RB">too</wf>
<punc>''</punc>
<punc>.</punc>
</s>
</p>
<p pnum="25">
<s snum="91">
<punc>``</punc>
<wf cmd="ignore" pos="CC">But</wf>
<wf cmd="ignore" pos="PRP">you</wf>
<wf cmd="done" pos="VB" lemma="want" wnsn="1" lexsn="2:37:00::">want</wf>
<wf cmd="ignore" pos="DT">a</wf>
<wf cmd="tag" pos="NN">job</wf>
<wf cmd="done" pos="VB" lemma="guarantee" wnsn="1" lexsn="2:32:00::">guaranteed</wf>
<wf cmd="ignore" pos="WRB">when</wf>
<wf cmd="ignore" pos="PRP">you</wf>
<wf cmd="done" pos="VB" lemma="return" wnsn="1" lexsn="2:38:00::">return</wf>
<punc>''</punc>
<punc>,</punc>
<wf cmd="ignore" pos="PRP">I</wf>
<wf cmd="done" pos="VB" lemma="continue" wnsn="1" lexsn="2:42:01::">continued</wf>
<wf cmd="ignore" pos="PRP$">my</wf>
<wf cmd="tag" pos="NN">attack</wf>
<punc>.</punc>
</s>
<s snum="92">
<punc>``</punc>
<wf cmd="ignore" pos="PRP">You</wf>
<wf cmd="ignore" pos="MD">must</wf>
<wf cmd="done" pos="VB" lemma="have" wnsn="1" lexsn="2:40:00::">have</wf>
<wf cmd="ignore" pos="DT">some</wf>
<wf cmd="tag" pos="NN">security</wf>
<punc>''</punc>
<punc>,</punc>
<wf cmd="done" pos="VB" lemma="say" wnsn="1" lexsn="2:32:00::">said</wf>
<wf cmd="ignore" pos="DT">a</wf>
<wf cmd="tag" pos="JJ">young</wf>
<wf cmd="tag" pos="NN">clerk</wf>
<punc>.</punc>
</s>
</p>
<p pnum="26">
<s snum="93">
<wf cmd="ignore" pos="WRB">When</wf>
<wf cmd="ignore" pos="PRP">I</wf>
<wf cmd="done" pos="VB" lemma="mention" wnsn="2" lexsn="2:32:00::">mentioned</wf>
<wf cmd="ignore" pos="IN">that</wf>
<wf cmd="ignore" pos="IN">for</wf>
<wf cmd="ignore" pos="PRP$">my</wf>
<wf cmd="tag" pos="JJ">first</wf>
<wf cmd="tag" pos="JJ">long</wf>
<wf cmd="tag" pos="NN">voyage</wf>
<wf cmd="ignore" pos="PRP">I</wf>
<wf cmd="done" pos="VBD" ot="notag">did</wf>
<wf cmd="tag" pos="RB">not</wf>
<wf cmd="tag" pos="RB">even</wf>
<wf cmd="done" pos="VB" lemma="have" wnsn="1" lexsn="2:40:00::">have</wf>
<wf cmd="ignore" pos="DT">the</wf>
<wf cmd="tag" pos="NN">money</wf>
<wf cmd="ignore" pos="IN">for</wf>
<wf cmd="ignore" pos="DT">the</wf>
<wf cmd="tag" pos="NN">return</wf>
<wf cmd="tag" pos="NN">fare</wf>
<punc>,</punc>
<wf cmd="ignore" pos="CC">but</wf>
<wf cmd="done" pos="VBD" ot="notag">had</wf>
<wf cmd="done" pos="VB" lemma="trust" wnsn="3" lexsn="2:31:02::">trusted</wf>
<wf cmd="ignore" pos="TO">to</wf>
<wf cmd="tag" pos="NN">luck</wf>
<wf cmd="ignore" pos="IN">that</wf>
<wf cmd="ignore" pos="PRP">I</wf>
<wf cmd="ignore" pos="MD">would</wf>
<wf cmd="done" pos="VB" lemma="earn" wnsn="1" lexsn="2:40:01::">earn</wf>
<wf cmd="ignore" pos="DT">a</wf>
<wf cmd="tag" pos="JJ">sufficient</wf>
<wf cmd="tag" pos="NN">amount</wf>
<punc>,</punc>
<wf cmd="ignore" pos="DT">the</wf>
<wf cmd="tag" pos="JJ">young</wf>
<wf cmd="tag" pos="NNS">people</wf>
<wf cmd="done" pos="VB" lemma="look" wnsn="1" lexsn="2:39:00::">looked</wf>
<wf cmd="done" pos="VB" ot="notag">at</wf>
<wf cmd="ignore" pos="PRP">me</wf>
<wf cmd="tag" pos="RB">doubtingly</wf>
<punc>.</punc>
</s>
<s snum="94">
<wf cmd="tag" pos="CD">One</wf>
<wf cmd="tag" pos="NN">girl</wf>
<wf cmd="done" pos="VB" lemma="express" wnsn="2" lexsn="2:32:00::">expressed</wf>
<wf cmd="ignore" pos="WP">what</wf>
<wf cmd="done" pos="VB" lemma="be" wnsn="5" lexsn="2:42:04::">was</wf>
<wf cmd="tag" pos="RB">obviously</wf>
<wf cmd="ignore" pos="IN">in</wf>
<wf cmd="ignore" pos="PRP$">their</wf>
<wf cmd="tag" pos="NNS">minds</wf>
<punc>.</punc>
</s>
</p>
<p pnum="27">
<s snum="95">
<punc>``</punc>
<wf cmd="ignore" pos="MD">Would</wf>
<wf cmd="ignore" pos="PRP">you</wf>
<wf cmd="done" pos="VB" lemma="advise" wnsn="1" lexsn="2:32:00::">advise</wf>
<wf cmd="ignore" pos="PRP">us</wf>
<wf cmd="ignore" pos="TO">to</wf>
<wf cmd="done" pos="VB" lemma="act" wnsn="2" lexsn="2:29:00::">act</wf>
<wf cmd="ignore" pos="DT">the</wf>
<wf cmd="tag" pos="JJ">same</wf>
<wf cmd="tag" pos="NN">way</wf>
<punc>?</punc>
</s>
<s snum="96">
<wf cmd="ignore" pos="PRP">You</wf>
<wf cmd="ignore" pos="MD">might</wf>
<wf cmd="done" pos="VB" ot="notag">have</wf>
<wf cmd="done" pos="VB" lemma="fail" wnsn="2" lexsn="2:41:00::">failed</wf>
<punc>.</punc>
</s>
<s snum="97">
<wf cmd="ignore" pos="PRP">I</wf>
<wf cmd="done" pos="VB" lemma="think" wnsn="1" lexsn="2:31:01::">think</wf>
<wf cmd="ignore" pos="PRP">it</wf>
<wf cmd="done" pos="VB" lemma="be" wnsn="1" lexsn="2:42:03::">is</wf>
<wf cmd="tag" pos="RB">rather</wf>
<wf cmd="tag" pos="JJ">foolhardy</wf>
<wf cmd="ignore" pos="TO">to</wf>
<wf cmd="done" pos="VB" lemma="trust" wnsn="1" lexsn="2:31:00::">trust</wf>
<wf cmd="ignore" pos="TO">to</wf>
<wf cmd="tag" pos="NN">luck</wf>
<punc>''</punc>
<punc>.</punc>
</s>
</p>
<p pnum="28">
<s snum="98">
<wf cmd="tag" pos="NNS">Others</wf>
<wf cmd="done" pos="VB" lemma="mention" wnsn="2" lexsn="2:32:00::">mentioned</wf>
<wf cmd="ignore" pos="IN">that</wf>
<wf cmd="ignore" pos="PRP">I</wf>
<wf cmd="ignore" pos="MD">might</wf>
<wf cmd="done" pos="VB" ot="notag">have</wf>
<wf cmd="done" pos="VB" ot="notag">had</wf>
<wf cmd="done" pos="VB" ot="notag">to</wf>
<wf cmd="done" pos="VB" lemma="ask" wnsn="2" lexsn="2:32:01::">ask</wf>
<wf cmd="tag" pos="NNS">friends</wf>
<wf cmd="ignore" pos="CC">or</wf>
<wf cmd="tag" pos="RB">even</wf>
<wf cmd="tag" pos="NNS">strangers</wf>
<wf cmd="ignore" pos="IN">for</wf>
<wf cmd="tag" pos="NN">help</wf>
<wf cmd="ignore" pos="CC">and</wf>
<wf cmd="tag" pos="RB">that</wf>
<wf cmd="ignore" pos="TO">to</wf>
<wf cmd="done" pos="VB" lemma="be" wnsn="1" lexsn="2:42:03::">be</wf>
<wf cmd="tag" pos="JJ">stranded</wf>
<wf cmd="tag" pos="RB">in_a_foreign_country</wf>
<wf cmd="ignore" pos="IN">without</wf>
<wf cmd="tag" pos="JJ">sufficient</wf>
<wf cmd="tag" pos="NNS">funds</wf>
<wf cmd="done" pos="VBD" ot="notag">did</wf>
<wf cmd="tag" pos="RB">not</wf>
<wf cmd="done" pos="VB" lemma="contribute" wnsn="1" lexsn="2:40:01::">contribute</wf>
<wf cmd="done" pos="VB" ot="notag">to</wf>
<wf cmd="tag" pos="JJ">international</wf>
<wf cmd="tag" pos="NN">understanding</wf>
<punc>.</punc>
</s>
</p>
<p pnum="29">
<s snum="99">
<wf cmd="ignore" pos="DT">The</wf>
<wf cmd="tag" pos="NN">debate</wf>
<wf cmd="done" pos="VB" lemma="need" wnsn="2" lexsn="2:34:00::">needed</wf>
<wf cmd="ignore" pos="DT">no</wf>
<wf cmd="tag" pos="JJ">additional</wf>
<wf cmd="tag" pos="NN">controversy</wf>
<wf cmd="ignore" pos="CC">and</wf>
<wf cmd="tag" pos="RB">soon</wf>
<wf cmd="ignore" pos="PRP">I</wf>
<wf cmd="ignore" pos="MD">could</wf>
<wf cmd="done" pos="VB" lemma="ask" wnsn="1" lexsn="2:32:00::">ask</wf>
<wf cmd="ignore" pos="DT">each</wf>
<wf cmd="tag" pos="RB">individually</wf>
<wf cmd="ignore" pos="WP">what</wf>
<wf cmd="ignore" pos="PRP">he</wf>
<wf cmd="done" pos="VB" lemma="expect" wnsn="1" lexsn="2:31:00::">expected</wf>
<wf cmd="ignore" pos="IN">from</wf>
<wf cmd="tag" pos="NN">life</wf>
<punc>,</punc>
<wf cmd="ignore" pos="WP">what</wf>
<wf cmd="ignore" pos="PRP$">his</wf>
<wf cmd="tag" pos="NNS">hopes</wf>
<wf cmd="done" pos="VB" lemma="be" wnsn="2" lexsn="2:42:06::">were</wf>
<wf cmd="ignore" pos="CC">and</wf>
<wf cmd="ignore" pos="WP">what</wf>
<wf cmd="ignore" pos="PRP$">his</wf>
<wf cmd="tag" pos="NNS">fears</wf>
<punc>.</punc>
</s>
</p>
<p pnum="30">
<s snum="100">
<wf cmd="ignore" pos="IN">Though</wf>
<wf cmd="ignore" pos="DT">the</wf>
<wf cmd="tag" pos="CD">four</wf>
<wf cmd="tag" pos="NNS">boys</wf>
<wf cmd="ignore" pos="CC">and</wf>
<wf cmd="tag" pos="CD">two</wf>
<wf cmd="tag" pos="NNS">girls</wf>
<punc>,</punc>
<wf cmd="ignore" pos="DT">the</wf>
<wf cmd="tag" pos="JJS">youngest</wf>
<wf cmd="tag" pos="CD">nineteen</wf>
<wf cmd="tag" pos="NNS">years</wf>
<wf cmd="tag" pos="JJ">of_age</wf>
<punc>,</punc>
<wf cmd="ignore" pos="DT">the</wf>
<wf cmd="tag" pos="JJS">oldest</wf>
<wf cmd="tag" pos="CD">twenty-four</wf>
<punc>,</punc>
<wf cmd="done" pos="VB" lemma="come" wnsn="5" lexsn="2:42:04::">came</wf>
<wf cmd="done" pos="VB" ot="notag">from</wf>
<wf cmd="tag" pos="JJ">varying</wf>
<wf cmd="tag" pos="NNS">backgrounds</wf>
<wf cmd="ignore" pos="CC">and</wf>
<wf cmd="done" pos="VB" lemma="have" wnsn="1" lexsn="2:40:00::">had</wf>
<wf cmd="tag" pos="JJ">different</wf>
<wf cmd="tag" pos="JJ">professional</wf>
<wf cmd="ignore" pos="CC">and</wf>
<wf cmd="tag" pos="JJ">personal</wf>
<wf cmd="tag" pos="NNS">interests</wf>
<punc>,</punc>
<wf cmd="ignore" pos="EX">there</wf>
<wf cmd="done" pos="VB" lemma="be" wnsn="4" lexsn="2:42:00::">was</wf>
<wf cmd="tag" pos="JJ">surprising</wf>
<wf cmd="tag" pos="NN">agreement</wf>
<wf cmd="ignore" pos="IN">among</wf>
<wf cmd="ignore" pos="PRP">them</wf>
<punc>.</punc>
</s>
<s snum="101">
<wf cmd="ignore" pos="WP">What</wf>
<wf cmd="ignore" pos="PRP">they</wf>
<wf cmd="done" pos="VB" lemma="wish" wnsn="1" lexsn="2:37:00::">wished</wf>
<wf cmd="ignore" pos="IN">for</wf>
<wf cmd="tag" pos="RBS">most</wf>
<wf cmd="done" pos="VB" lemma="be" wnsn="2" lexsn="2:42:06::">was</wf>
<wf cmd="tag" pos="NN">security</wf>
<punc>;</punc>
<wf cmd="ignore" pos="WP">what</wf>
<wf cmd="ignore" pos="PRP">they</wf>
<wf cmd="done" pos="VB" lemma="fear" wnsn="1" lexsn="2:37:03::">feared</wf>
<wf cmd="tag" pos="RBS">most</wf>
<wf cmd="done" pos="VB" lemma="be" wnsn="2" lexsn="2:42:06::">was</wf>
<wf cmd="tag" pos="NN">war</wf>
<wf cmd="ignore" pos="CC">or</wf>
<wf cmd="tag" pos="JJ">political</wf>
<wf cmd="tag" pos="NN">instability</wf>
<wf cmd="ignore" pos="IN">in</wf>
<wf cmd="ignore" pos="PRP$">their</wf>
<wf cmd="tag" pos="JJ">own</wf>
<wf cmd="tag" pos="NN">country</wf>
<punc>.</punc>
</s>
</p>
<p pnum="31">
<s snum="102">
<wf cmd="ignore" pos="DT">The</wf>
<wf cmd="tag" pos="JJ">ideal</wf>
<wf cmd="tag" pos="NN">home</wf>
<punc>,</punc>
<wf cmd="ignore" pos="PRP">they</wf>
<wf cmd="done" pos="VB" lemma="agree" wnsn="1" lexsn="2:32:00::">agreed</wf>
<punc>,</punc>
<wf cmd="ignore" pos="MD">would</wf>
<wf cmd="done" pos="VB" lemma="be" wnsn="2" lexsn="2:42:06::">be</wf>
<wf cmd="ignore" pos="DT">a</wf>
<wf cmd="tag" pos="JJ">small</wf>
<wf cmd="tag" pos="JJ">private</wf>
<wf cmd="tag" pos="NN">house</wf>
<wf cmd="ignore" pos="CC">or</wf>
<wf cmd="ignore" pos="DT">a</wf>
<wf cmd="tag" pos="NN">city</wf>
<wf cmd="tag" pos="NN">apartment</wf>
<wf cmd="ignore" pos="IN">of</wf>
<wf cmd="tag" pos="CD">four</wf>
<wf cmd="ignore" pos="TO">to</wf>
<wf cmd="tag" pos="CD">five</wf>
<wf cmd="tag" pos="NNS">rooms</wf>
<punc>,</punc>
<wf cmd="tag" pos="RB">just</wf>
<wf cmd="tag" pos="RB">enough</wf>
<wf cmd="ignore" pos="IN">for</wf>
<wf cmd="ignore" pos="DT">a</wf>
<wf cmd="tag" pos="NN">family</wf>
<wf cmd="done" pos="VB" lemma="consist_of" wnsn="0" lexsn="2:42:00::">consisting_of</wf>
<wf cmd="tag" pos="NN">husband</wf>
<punc>,</punc>
<wf cmd="tag" pos="NN">wife</wf>
<punc>,</punc>
<wf cmd="ignore" pos="CC">and</wf>
<wf cmd="tag" pos="CD">two</wf>
<wf cmd="tag" pos="NNS">children</wf>
<punc>.</punc>
</s>
<s snum="103">
<wf cmd="ignore" pos="DT">No</wf>
<wf cmd="tag" pos="CD">one</wf>
<wf cmd="done" pos="VB" lemma="want" wnsn="1" lexsn="2:37:00::">wanted</wf>
<wf cmd="ignore" pos="DT">a</wf>
<wf cmd="tag" pos="JJR">larger</wf>
<wf cmd="tag" pos="NN">family</wf>
<wf cmd="ignore" pos="CC">or</wf>
<wf cmd="ignore" pos="DT">no</wf>
<wf cmd="tag" pos="NNS">children</wf>
<punc>,</punc>
<wf cmd="ignore" pos="CC">and</wf>
<wf cmd="tag" pos="NN">none</wf>
<wf cmd="tag" pos="JJ">hoped_for</wf>
<wf cmd="ignore" pos="DT">a</wf>
<wf cmd="tag" pos="NN">castle</wf>
<wf cmd="ignore" pos="CC">or</wf>
<wf cmd="done" pos="VB" lemma="say" wnsn="1" lexsn="2:32:00::">said</wf>
<wf cmd="ignore" pos="IN">that</wf>
<wf cmd="done" pos="VB" lemma="live" wnsn="1" lexsn="2:42:08::">living</wf>
<wf cmd="done" pos="VB" ot="notag">in</wf>
<wf cmd="tag" pos="JJR">less</wf>
<wf cmd="tag" pos="JJ">settled</wf>
<wf cmd="tag" pos="NNS">circumstances</wf>
<wf cmd="ignore" pos="MD">would</wf>
<wf cmd="done" pos="VB" lemma="be" wnsn="1" lexsn="2:42:03::">be</wf>
<wf cmd="tag" pos="JJ">satisfactory</wf>
<punc>.</punc>
</s>
</p>
<p pnum="32">
<s snum="104">
<wf cmd="ignore" pos="DT">All</wf>
<wf cmd="done" pos="VB" lemma="express" wnsn="2" lexsn="2:32:00::">expressed</wf>
<wf cmd="tag" pos="NN">interest</wf>
<wf cmd="ignore" pos="IN">in</wf>
<wf cmd="tag" pos="NN">world</wf>
<wf cmd="tag" pos="NNS">affairs</wf>
<wf cmd="ignore" pos="CC">but</wf>
<wf cmd="ignore" pos="DT">no</wf>
<wf cmd="tag" pos="NN">one</wf>
<wf cmd="done" pos="VB" lemma="offer" wnsn="3" lexsn="2:41:00::">offered</wf>
<wf cmd="ignore" pos="TO">to</wf>
<wf cmd="done" pos="VB" lemma="make" wnsn="1" lexsn="2:41:00::">make</wf>
<wf cmd="ignore" pos="DT">any</wf>
<wf cmd="tag" pos="NNS">sacrifices</wf>
<wf cmd="ignore" pos="TO">to</wf>
<wf cmd="done" pos="VB" lemma="satisfy" wnsn="1" lexsn="2:42:00::">satisfy</wf>
<wf cmd="ignore" pos="DT">this</wf>
<wf cmd="tag" pos="NN">interest</wf>
<punc>.</punc>
</s>
</p>
</context>
</contextfile>
