<contextfile concordance="brown">
<context filename="br-g13" paras="yes">
<p pnum="1">
<s snum="1">
<wf cmd="tag" pos="RB">Even</wf>
<wf cmd="tag" pos="NNP">Hemingway</wf>
<punc>,</punc>
<wf cmd="ignore" pos="IN">for</wf>
<wf cmd="ignore" pos="DT">all</wf>
<wf cmd="ignore" pos="PRP$">his</wf>
<wf cmd="tag" pos="NNS">efforts</wf>
<wf cmd="ignore" pos="TO">to</wf>
<wf cmd="done" pos="VB" lemma="formulate" wnsn="3" lexsn="2:32:00::">formulate</wf>
<wf cmd="ignore" pos="DT">a</wf>
<wf cmd="tag" pos="JJ">naturalistic</wf>
<wf cmd="tag" pos="NN">morality</wf>
<wf cmd="ignore" pos="IN">in</wf>
<wf cmd="ignore" pos="DT">The</wf>
<wf cmd="tag" pos="NNP">Sun</wf>
<wf cmd="tag" pos="RB">Also</wf>
<wf cmd="tag" pos="NNP">Rises</wf>
<wf cmd="ignore" pos="CC">and</wf>
<wf cmd="ignore" pos="DT">A</wf>
<wf cmd="tag" pos="NNP">Farewell</wf>
<wf cmd="ignore" pos="TO">to</wf>
<wf cmd="tag" pos="NNP">Arms</wf>
<wf cmd="tag" pos="RB">never</wf>
<wf cmd="done" pos="VB" lemma="maintain" wnsn="4" lexsn="2:32:00::">maintained</wf>
<wf cmd="ignore" pos="IN">that</wf>
<wf cmd="tag" pos="NN">sex</wf>
<wf cmd="done" pos="VB" lemma="be" wnsn="1" lexsn="2:42:03::">was</wf>
<wf cmd="ignore" pos="DT">all</wf>
<punc>.</punc>
</s>
<s snum="2">
<wf cmd="tag" pos="NNP">Hemingway</wf>
<wf cmd="ignore" pos="POS">'s</wf>
<wf cmd="tag" pos="NN">fiction</wf>
<wf cmd="done" pos="VBZ" ot="notag">is</wf>
<wf cmd="done" pos="VB" lemma="support" wnsn="0" lexsn="2:30:00::">supported</wf>
<wf cmd="ignore" pos="IN">by</wf>
<wf cmd="ignore" pos="DT">a</wf>
<punc>``</punc>
<wf cmd="tag" pos="JJ">moral</wf>
<punc>''</punc>
<wf cmd="tag" pos="NN">backbone</wf>
<wf cmd="ignore" pos="CC">and</wf>
<wf cmd="ignore" pos="IN">in</wf>
<wf cmd="ignore" pos="PRP$">its</wf>
<wf cmd="tag" pos="NN">search</wf>
<wf cmd="ignore" pos="IN">for</wf>
<wf cmd="tag" pos="JJ">ultimate</wf>
<wf cmd="tag" pos="NN">meaning</wf>
<wf cmd="done" pos="VB" lemma="hint" wnsn="1" lexsn="2:32:00::">hints</wf>
<wf cmd="done" pos="VB" ot="notag">at</wf>
<wf cmd="ignore" pos="DT">a</wf>
<wf cmd="tag" pos="JJ">religious</wf>
<wf cmd="tag" pos="NN">dimension</wf>
<punc>.</punc>
</s>
<s snum="3">
<wf cmd="ignore" pos="CC">And</wf>
<wf cmd="tag" pos="NNP">D._H._Lawrence</wf>
<punc>,</punc>
<wf cmd="ignore" pos="IN">in</wf>
<wf cmd="tag" pos="NNP">Fantasia</wf>
<wf cmd="ignore" pos="IN">of</wf>
<wf cmd="ignore" pos="DT">the</wf>
<wf cmd="tag" pos="NNP">Unconscious</wf>
<punc>,</punc>
<wf cmd="done" pos="VB" lemma="protest" wnsn="2" lexsn="2:41:00::">protested</wf>
<wf cmd="tag" pos="RB">vehemently</wf>
<wf cmd="ignore" pos="IN">against</wf>
<wf cmd="ignore" pos="DT">the</wf>
<wf cmd="tag" pos="NN">overestimation</wf>
<wf cmd="ignore" pos="IN">of</wf>
<wf cmd="ignore" pos="DT">the</wf>
<wf cmd="tag" pos="JJ">sexual</wf>
<wf cmd="tag" pos="NN">motive</wf>
<punc>.</punc>
</s>
<s snum="4">
<wf cmd="ignore" pos="IN">Though</wf>
<wf cmd="tag" pos="NN">sex</wf>
<wf cmd="ignore" pos="IN">in</wf>
<wf cmd="ignore" pos="DT">some</wf>
<wf cmd="tag" pos="NN">form</wf>
<wf cmd="ignore" pos="CC">or</wf>
<wf cmd="tag" pos="JJ">other</wf>
<wf cmd="done" pos="VB" lemma="enter" wnsn="4" lexsn="2:42:00::">enters</wf>
<wf cmd="ignore" pos="IN">into</wf>
<wf cmd="ignore" pos="DT">all</wf>
<wf cmd="tag" pos="NN">human_activity</wf>
<wf cmd="ignore" pos="CC">and</wf>
<wf cmd="ignore" pos="PRP">it</wf>
<wf cmd="done" pos="VBD" ot="notag">was</wf>
<wf cmd="ignore" pos="DT">a</wf>
<wf cmd="tag" pos="JJ">good</wf>
<wf cmd="tag" pos="NN">thing</wf>
<wf cmd="ignore" pos="IN">that</wf>
<wf cmd="tag" pos="NNP">Freud</wf>
<wf cmd="done" pos="VB" lemma="emphasize" wnsn="1" lexsn="2:32:00::">emphasized</wf>
<wf cmd="ignore" pos="DT">this</wf>
<wf cmd="tag" pos="NN">aspect</wf>
<wf cmd="ignore" pos="IN">of</wf>
<wf cmd="tag" pos="JJ">human</wf>
<wf cmd="tag" pos="NN">nature</wf>
<punc>,</punc>
<wf cmd="ignore" pos="PRP">it</wf>
<wf cmd="done" pos="VBZ" ot="notag">is</wf>
<wf cmd="tag" pos="JJ">fantastic</wf>
<wf cmd="ignore" pos="TO">to</wf>
<wf cmd="done" pos="VB" lemma="explain" wnsn="1" lexsn="2:32:00::">explain</wf>
<wf cmd="tag" pos="NN">everything</wf>
<wf cmd="tag" pos="JJ">in_terms_of</wf>
<wf cmd="tag" pos="NN">sex</wf>
<punc>.</punc>
</s>
<s snum="5">
<punc>``</punc>
<wf cmd="ignore" pos="DT">All</wf>
<wf cmd="done" pos="VB" lemma="be" wnsn="2" lexsn="2:42:06::">is</wf>
<wf cmd="tag" pos="RB">not</wf>
<wf cmd="tag" pos="NN">sex</wf>
<punc>''</punc>
<punc>,</punc>
<wf cmd="done" pos="VB" lemma="declare" wnsn="1" lexsn="2:32:00::">declared</wf>
<wf cmd="tag" pos="NNP">Lawrence</wf>
<punc>.</punc>
</s>
<s snum="6">
<wf cmd="tag" pos="NN">Man</wf>
<wf cmd="done" pos="VB" ot="notag">is</wf>
<wf cmd="tag" pos="RB">not</wf>
<wf cmd="done" pos="VB" lemma="confine" wnsn="1" lexsn="2:30:00::">confined</wf>
<wf cmd="ignore" pos="TO">to</wf>
<wf cmd="tag" pos="CD">one</wf>
<wf cmd="tag" pos="NN">outlet</wf>
<wf cmd="ignore" pos="IN">for</wf>
<wf cmd="ignore" pos="PRP$">his</wf>
<wf cmd="tag" pos="JJ">vital</wf>
<wf cmd="tag" pos="NN">energy</wf>
<punc>.</punc>
</s>
<s snum="7">
<wf cmd="ignore" pos="DT">The</wf>
<wf cmd="tag" pos="JJ">creative</wf>
<wf cmd="tag" pos="NN">urge</wf>
<punc>,</punc>
<wf cmd="tag" pos="RB">for_example</wf>
<punc>,</punc>
<wf cmd="done" pos="VB" lemma="transcend" wnsn="1" lexsn="2:42:00::">transcends</wf>
<wf cmd="ignore" pos="DT">the</wf>
<wf cmd="tag" pos="NN">body</wf>
<wf cmd="ignore" pos="CC">and</wf>
<wf cmd="ignore" pos="DT">the</wf>
<wf cmd="tag" pos="NN">self</wf>
<punc>.</punc>
</s>
</p>
<p pnum="2">
<s snum="8">
<wf cmd="ignore" pos="CC">But</wf>
<wf cmd="ignore" pos="IN">for</wf>
<wf cmd="ignore" pos="DT">the</wf>
<wf cmd="tag" pos="NN">beat_generation</wf>
<wf cmd="ignore" pos="DT">all</wf>
<wf cmd="done" pos="VB" lemma="be" wnsn="2" lexsn="2:42:06::">is</wf>
<wf cmd="tag" pos="NN">sex</wf>
<punc>.</punc>
</s>
<s snum="9">
<wf cmd="tag" pos="NN">Nothing</wf>
<wf cmd="done" pos="VB" lemma="be" wnsn="1" lexsn="2:42:03::">is</wf>
<wf cmd="tag" pos="JJR">more</wf>
<wf cmd="tag" pos="JJ">revealing</wf>
<wf cmd="ignore" pos="IN">of</wf>
<wf cmd="ignore" pos="DT">the</wf>
<wf cmd="tag" pos="NN">way_of_life</wf>
<wf cmd="ignore" pos="CC">and</wf>
<wf cmd="tag" pos="JJ">literary</wf>
<wf cmd="tag" pos="NNS">aspirations</wf>
<wf cmd="tag" pos="RB">of_this</wf>
<wf cmd="tag" pos="NN">group</wf>
<wf cmd="ignore" pos="IN">than</wf>
<wf cmd="ignore" pos="PRP$">their</wf>
<wf cmd="tag" pos="NN">attitude</wf>
<wf cmd="ignore" pos="IN">toward</wf>
<wf cmd="tag" pos="NN">sex</wf>
<punc>.</punc>
</s>
<s snum="10">
<wf cmd="ignore" pos="IN">For</wf>
<wf cmd="ignore" pos="DT">the</wf>
<wf cmd="tag" pos="NN">beatnik</wf>
<punc>,</punc>
<wf cmd="ignore" pos="IN">like</wf>
<wf cmd="ignore" pos="DT">the</wf>
<wf cmd="tag" pos="NN">hipster</wf>
<punc>,</punc>
<wf cmd="done" pos="VB" lemma="be" wnsn="1" lexsn="2:42:03::">is</wf>
<wf cmd="tag" pos="RB">in_opposition</wf>
<wf cmd="ignore" pos="TO">to</wf>
<wf cmd="ignore" pos="DT">a</wf>
<wf cmd="tag" pos="NN">society</wf>
<wf cmd="tag" pos="RB">that</wf>
<wf cmd="done" pos="VB" lemma="be" wnsn="1" lexsn="2:42:03::">is</wf>
<wf cmd="tag" pos="JJ">based</wf>
<wf cmd="ignore" pos="IN">on</wf>
<wf cmd="ignore" pos="DT">the</wf>
<wf cmd="tag" pos="NN">repression</wf>
<wf cmd="ignore" pos="IN">of</wf>
<wf cmd="ignore" pos="DT">the</wf>
<wf cmd="tag" pos="NN">sex</wf>
<wf cmd="tag" pos="NN">instinct</wf>
<punc>.</punc>
</s>
<s snum="11">
<wf cmd="ignore" pos="PRP">He</wf>
<wf cmd="done" pos="VBZ" ot="notag">has</wf>
<wf cmd="done" pos="VB" lemma="elevate" wnsn="3" lexsn="2:30:00::">elevated</wf>
<wf cmd="tag" pos="NN">sex</wf>
<punc>-</punc>
<wf cmd="tag" pos="RB">not</wf>
<wf cmd="tag" pos="NNP">Eros</wf>
<wf cmd="ignore" pos="CC">or</wf>
<wf cmd="tag" pos="NN">libido</wf>
<wf cmd="ignore" pos="CC">but</wf>
<wf cmd="tag" pos="JJ">pure</wf>
<punc>,</punc>
<wf cmd="tag" pos="JJ">spontaneous</wf>
<punc>,</punc>
<wf cmd="tag" pos="JJ">uninhibited</wf>
<wf cmd="tag" pos="NN">sex</wf>
<punc>-</punc>
<wf cmd="ignore" pos="TO">to</wf>
<wf cmd="ignore" pos="DT">the</wf>
<wf cmd="tag" pos="NN">rank</wf>
<wf cmd="ignore" pos="IN">of</wf>
<wf cmd="ignore" pos="DT">the</wf>
<wf cmd="tag" pos="NN">godhead</wf>
<punc>;</punc>
<wf cmd="ignore" pos="PRP">it</wf>
<wf cmd="done" pos="VB" lemma="be" wnsn="2" lexsn="2:42:06::">is</wf>
<wf cmd="tag" pos="NNP">Astarte</wf>
<punc>,</punc>
<wf cmd="tag" pos="NNP">Ishtar</wf>
<punc>,</punc>
<wf cmd="tag" pos="NNP">Venus</wf>
<punc>,</punc>
<wf cmd="tag" pos="NNP">Yahwe</wf>
<punc>,</punc>
<wf cmd="tag" pos="NNP">Dionysus</wf>
<punc>,</punc>
<wf cmd="tag" pos="NNP">Christ</wf>
<punc>,</punc>
<wf cmd="ignore" pos="DT">the</wf>
<wf cmd="tag" pos="JJ">mysterious</wf>
<wf cmd="ignore" pos="CC">and</wf>
<wf cmd="tag" pos="JJ">divine</wf>
<wf cmd="tag" pos="NN">orgone</wf>
<wf cmd="tag" pos="NN">energy</wf>
<wf cmd="done" pos="VB" lemma="flow" wnsn="1" lexsn="2:38:01::">flowing</wf>
<wf cmd="ignore" pos="IN">through</wf>
<wf cmd="ignore" pos="DT">the</wf>
<wf cmd="tag" pos="NN">body</wf>
<wf cmd="ignore" pos="IN">of</wf>
<wf cmd="ignore" pos="DT">the</wf>
<wf cmd="tag" pos="NN">universe</wf>
<punc>.</punc>
</s>
<s snum="12">
<wf cmd="tag" pos="NNP">Jazz</wf>
<wf cmd="done" pos="VB" lemma="be" wnsn="2" lexsn="2:42:06::">is</wf>
<wf cmd="tag" pos="NN">sex</wf>
<punc>,</punc>
<wf cmd="tag" pos="NN">marijuana</wf>
<wf cmd="done" pos="VB" lemma="be" wnsn="2" lexsn="2:42:06::">is</wf>
<wf cmd="ignore" pos="DT">a</wf>
<wf cmd="tag" pos="NN">stimulus</wf>
<wf cmd="ignore" pos="TO">to</wf>
<wf cmd="tag" pos="NN">sex</wf>
<punc>,</punc>
<wf cmd="ignore" pos="DT">the</wf>
<wf cmd="tag" pos="NN">beat</wf>
<wf cmd="tag" pos="NN">tempo</wf>
<wf cmd="done" pos="VB" ot="notag">is</wf>
<wf cmd="done" pos="VB" lemma="adjust" wnsn="4" lexsn="2:30:03::">adjusted</wf>
<wf cmd="ignore" pos="TO">to</wf>
<wf cmd="ignore" pos="DT">the</wf>
<wf cmd="tag" pos="JJ">orgiastic</wf>
<wf cmd="tag" pos="NN">release</wf>
<wf cmd="ignore" pos="IN">of</wf>
<wf cmd="ignore" pos="DT">the</wf>
<wf cmd="tag" pos="JJ">sexual</wf>
<wf cmd="tag" pos="NN">impulse</wf>
<punc>.</punc>
</s>
<s snum="13">
<wf cmd="tag" pos="NNP">Lawrence_Lipton</wf>
<punc>,</punc>
<wf cmd="ignore" pos="IN">in</wf>
<wf cmd="ignore" pos="DT">The</wf>
<wf cmd="tag" pos="NNP">Holy_Barbarians</wf>
<punc>,</punc>
<wf cmd="done" pos="VB" lemma="stress" wnsn="1" lexsn="2:32:00::">stresses</wf>
<wf cmd="ignore" pos="IN">that</wf>
<wf cmd="ignore" pos="IN">for</wf>
<wf cmd="ignore" pos="DT">the</wf>
<wf cmd="tag" pos="NN">beat_generation</wf>
<wf cmd="tag" pos="NN">sex</wf>
<wf cmd="done" pos="VB" lemma="be" wnsn="1" lexsn="2:42:03::">is</wf>
<wf cmd="tag" pos="RB">more_than</wf>
<wf cmd="ignore" pos="DT">a</wf>
<wf cmd="tag" pos="NN">source</wf>
<wf cmd="ignore" pos="IN">of</wf>
<wf cmd="tag" pos="NN">pleasure</wf>
<punc>;</punc>
<wf cmd="ignore" pos="PRP">it</wf>
<wf cmd="done" pos="VB" lemma="be" wnsn="2" lexsn="2:42:06::">is</wf>
<wf cmd="ignore" pos="DT">a</wf>
<wf cmd="tag" pos="NN">mystique</wf>
<punc>,</punc>
<wf cmd="ignore" pos="CC">and</wf>
<wf cmd="ignore" pos="PRP$">their</wf>
<wf cmd="tag" pos="JJ">private</wf>
<wf cmd="tag" pos="NN">language</wf>
<wf cmd="done" pos="VB" lemma="be" wnsn="1" lexsn="2:42:03::">is</wf>
<wf cmd="tag" pos="JJ">rich_in</wf>
<wf cmd="ignore" pos="DT">the</wf>
<wf cmd="tag" pos="JJ">multivalent</wf>
<wf cmd="tag" pos="NNS">ambiguities</wf>
<wf cmd="ignore" pos="IN">of</wf>
<wf cmd="tag" pos="JJ">sexual</wf>
<wf cmd="tag" pos="NN">reference</wf>
<wf cmd="tag" pos="RB">so_that</wf>
<wf cmd="ignore" pos="PRP">they</wf>
<wf cmd="done" pos="VB" lemma="dwell" wnsn="2" lexsn="2:42:01::">dwell</wf>
<wf cmd="ignore" pos="IN">in</wf>
<wf cmd="ignore" pos="DT">a</wf>
<wf cmd="tag" pos="JJ">sexualized</wf>
<wf cmd="tag" pos="NN">universe_of_discourse</wf>
<punc>.</punc>
</s>
<s snum="14">
<wf cmd="ignore" pos="DT">The</wf>
<wf cmd="tag" pos="JJ">singular</wf>
<wf cmd="tag" pos="JJ">uncompromising</wf>
<wf cmd="tag" pos="NN">force</wf>
<wf cmd="ignore" pos="IN">of</wf>
<wf cmd="ignore" pos="PRP$">their</wf>
<wf cmd="tag" pos="NN">revolt</wf>
<wf cmd="ignore" pos="IN">against</wf>
<wf cmd="ignore" pos="DT">the</wf>
<wf cmd="tag" pos="NN">cult</wf>
<wf cmd="ignore" pos="IN">of</wf>
<wf cmd="tag" pos="NN">restraint</wf>
<wf cmd="done" pos="VBZ" ot="notag">is</wf>
<wf cmd="done" pos="VB" lemma="illustrate" wnsn="1" lexsn="2:32:00::">illustrated</wf>
<wf cmd="ignore" pos="IN">by</wf>
<wf cmd="ignore" pos="PRP$">their</wf>
<wf cmd="tag" pos="NN">refusal</wf>
<wf cmd="ignore" pos="TO">to</wf>
<wf cmd="done" pos="VB" lemma="dance" wnsn="2" lexsn="2:36:00::">dance</wf>
<wf cmd="ignore" pos="IN">in</wf>
<wf cmd="ignore" pos="DT">a</wf>
<wf cmd="tag" pos="JJ">public</wf>
<wf cmd="tag" pos="NN">place</wf>
<punc>.</punc>
</s>
<s snum="15">
<wf cmd="ignore" pos="DT">The</wf>
<wf cmd="tag" pos="NN">dance</wf>
<wf cmd="done" pos="VB" lemma="be" wnsn="1" lexsn="2:42:03::">is</wf>
<wf cmd="ignore" pos="CC">but</wf>
<wf cmd="ignore" pos="DT">a</wf>
<wf cmd="tag" pos="JJ">disguised</wf>
<wf cmd="tag" pos="NN">ritual</wf>
<wf cmd="ignore" pos="IN">for</wf>
<wf cmd="ignore" pos="DT">the</wf>
<wf cmd="tag" pos="NN">expression</wf>
<wf cmd="ignore" pos="IN">of</wf>
<wf cmd="tag" pos="JJ">ungratified</wf>
<wf cmd="tag" pos="NN">sexual_desire</wf>
<punc>.</punc>
</s>
<s snum="16">
<wf cmd="ignore" pos="IN">For</wf>
<wf cmd="ignore" pos="DT">this</wf>
<wf cmd="tag" pos="NN">reason</wf>
<punc>,</punc>
<wf cmd="tag" pos="RB">too</wf>
<punc>,</punc>
<wf cmd="ignore" pos="PRP$">their</wf>
<wf cmd="tag" pos="NN">language</wf>
<wf cmd="done" pos="VB" lemma="be" wnsn="1" lexsn="2:42:03::">is</wf>
<wf cmd="tag" pos="RBR">more</wf>
<wf cmd="tag" pos="JJ">forthright</wf>
<wf cmd="ignore" pos="CC">and</wf>
<wf cmd="tag" pos="JJ">earthy</wf>
<punc>.</punc>
</s>
<s snum="17">
<wf cmd="ignore" pos="DT">The</wf>
<wf cmd="tag" pos="NNS">beatniks</wf>
<wf cmd="done" pos="VB" lemma="crave" wnsn="1" lexsn="2:34:00::">crave</wf>
<wf cmd="ignore" pos="DT">a</wf>
<wf cmd="tag" pos="JJ">sexual</wf>
<wf cmd="tag" pos="NN">experience</wf>
<wf cmd="tag" pos="RB">in_which</wf>
<wf cmd="ignore" pos="PRP$">their</wf>
<wf cmd="tag" pos="JJ">whole</wf>
<wf cmd="tag" pos="NN">being</wf>
<wf cmd="done" pos="VB" lemma="participate" wnsn="1" lexsn="2:41:00::">participates</wf>
<punc>.</punc>
</s>
</p>
<p pnum="3">
<s snum="18">
<wf cmd="ignore" pos="PRP">It</wf>
<wf cmd="done" pos="VBZ" ot="notag">is</wf>
<wf cmd="tag" pos="RB">therefore</wf>
<wf cmd="tag" pos="RB">not</wf>
<wf cmd="tag" pos="JJ">surprising</wf>
<wf cmd="ignore" pos="IN">that</wf>
<wf cmd="ignore" pos="PRP">they</wf>
<wf cmd="done" pos="VB" lemma="resist" wnsn="1" lexsn="2:42:01::">resist</wf>
<wf cmd="ignore" pos="DT">the</wf>
<wf cmd="tag" pos="NN">lure</wf>
<wf cmd="ignore" pos="IN">of</wf>
<wf cmd="tag" pos="NN">marriage</wf>
<wf cmd="ignore" pos="CC">and</wf>
<wf cmd="ignore" pos="DT">the</wf>
<wf cmd="tag" pos="NN">trap</wf>
<wf cmd="ignore" pos="IN">of</wf>
<wf cmd="tag" pos="NN">domesticity</wf>
<punc>,</punc>
<wf cmd="ignore" pos="IN">for</wf>
<wf cmd="ignore" pos="IN">like</wf>
<wf cmd="tag" pos="NNS">cats</wf>
<wf cmd="ignore" pos="PRP">they</wf>
<wf cmd="done" pos="VB" lemma="be" wnsn="1" lexsn="2:42:03::">are</wf>
<wf cmd="tag" pos="JJ">determined</wf>
<wf cmd="tag" pos="RB">not</wf>
<wf cmd="ignore" pos="TO">to</wf>
<wf cmd="done" pos="VB" lemma="tame" wnsn="1" lexsn="2:30:00::">tame</wf>
<wf cmd="ignore" pos="PRP$">their</wf>
<wf cmd="tag" pos="JJ">sexual</wf>
<wf cmd="tag" pos="NN">energy</wf>
<punc>.</punc>
</s>
<s snum="19">
<wf cmd="ignore" pos="PRP">They</wf>
<wf cmd="done" pos="VB" lemma="withdraw" wnsn="1" lexsn="2:38:00::">withdraw</wf>
<wf cmd="ignore" pos="TO">to</wf>
<wf cmd="ignore" pos="DT">the</wf>
<wf cmd="tag" pos="NN">underground</wf>
<wf cmd="ignore" pos="IN">of</wf>
<wf cmd="ignore" pos="DT">the</wf>
<wf cmd="tag" pos="NNS">slums</wf>
<wf cmd="ignore" pos="WRB">where</wf>
<wf cmd="ignore" pos="PRP">they</wf>
<wf cmd="done" pos="MD" ot="notag">can</wf>
<wf cmd="done" pos="VB" lemma="defy" wnsn="1" lexsn="2:42:00::">defy</wf>
<wf cmd="ignore" pos="DT">the</wf>
<wf cmd="tag" pos="NNS">precepts</wf>
<wf cmd="ignore" pos="IN">of</wf>
<wf cmd="tag" pos="JJ">legalized</wf>
<wf cmd="tag" pos="NN">propriety</wf>
<punc>.</punc>
</s>
<s snum="20">
<wf cmd="ignore" pos="IN">Unlike</wf>
<wf cmd="ignore" pos="DT">the</wf>
<wf cmd="tag" pos="NNS">heroes</wf>
<wf cmd="ignore" pos="CC">and</wf>
<wf cmd="tag" pos="NNS">flappers</wf>
<wf cmd="ignore" pos="IN">of</wf>
<wf cmd="ignore" pos="DT">the</wf>
<wf cmd="tag" pos="JJ">lost</wf>
<wf cmd="tag" pos="NN">generation</wf>
<punc>,</punc>
<wf cmd="ignore" pos="PRP">they</wf>
<wf cmd="done" pos="VB" lemma="disdain" wnsn="1" lexsn="2:37:00::">disdain</wf>
<wf cmd="ignore" pos="DT">the</wf>
<wf cmd="tag" pos="NN">art</wf>
<wf cmd="ignore" pos="IN">of</wf>
<punc>``</punc>
<wf cmd="tag" pos="NN">necking</wf>
<punc>''</punc>
<wf cmd="ignore" pos="CC">and</wf>
<punc>``</punc>
<wf cmd="tag" pos="NN">petting</wf>
<punc>''</punc>
<punc>.</punc>
</s>
<s snum="21">
<wf cmd="tag" pos="RB">That</wf>
<wf cmd="done" pos="VB" lemma="be" wnsn="1" lexsn="2:42:03::">is</wf>
<wf cmd="tag" pos="JJ">reserved</wf>
<wf cmd="ignore" pos="IN">for</wf>
<wf cmd="ignore" pos="DT">the</wf>
<wf cmd="tag" pos="NNS">squares</wf>
<punc>.</punc>
</s>
<s snum="22">
<wf cmd="ignore" pos="IN">If</wf>
<wf cmd="ignore" pos="PRP">they</wf>
<wf cmd="done" pos="VB" lemma="avoid" wnsn="1" lexsn="2:32:00::">avoid</wf>
<wf cmd="ignore" pos="DT">the</wf>
<wf cmd="tag" pos="NN">use</wf>
<wf cmd="ignore" pos="IN">of</wf>
<wf cmd="ignore" pos="DT">the</wf>
<wf cmd="tag" pos="JJ">pungent</wf>
<punc>,</punc>
<wf cmd="tag" pos="JJ">outlawed</wf>
<wf cmd="tag" pos="JJ">four-letter</wf>
<wf cmd="tag" pos="NN">word</wf>
<wf cmd="ignore" pos="PRP">it</wf>
<wf cmd="done" pos="VBZ" ot="notag">is</wf>
<wf cmd="ignore" pos="IN">because</wf>
<wf cmd="ignore" pos="PRP">it</wf>
<wf cmd="done" pos="VB" lemma="be" wnsn="1" lexsn="2:42:03::">is</wf>
<wf cmd="tag" pos="JJ">taboo</wf>
<punc>;</punc>
<wf cmd="ignore" pos="PRP">it</wf>
<wf cmd="done" pos="VB" lemma="be" wnsn="1" lexsn="2:42:03::">is</wf>
<wf cmd="tag" pos="JJ">sacred</wf>
<punc>.</punc>
</s>
<s snum="23">
<wf cmd="ignore" pos="IN">As</wf>
<wf cmd="tag" pos="NNP">Lipton</wf>
<punc>,</punc>
<wf cmd="ignore" pos="DT">the</wf>
<wf cmd="tag" pos="NN">prophet</wf>
<wf cmd="ignore" pos="IN">of</wf>
<wf cmd="ignore" pos="DT">the</wf>
<wf cmd="tag" pos="NN">beat_generation</wf>
<punc>,</punc>
<wf cmd="done" pos="VB" lemma="declare" wnsn="1" lexsn="2:32:00::">declares</wf>
<punc>:</punc>
<punc>``</punc>
<wf cmd="ignore" pos="IN">In</wf>
<wf cmd="ignore" pos="DT">the</wf>
<wf cmd="tag" pos="JJ">sexual</wf>
<wf cmd="tag" pos="NN">act</wf>
<punc>,</punc>
<wf cmd="ignore" pos="DT">the</wf>
<wf cmd="tag" pos="NN">beat</wf>
<wf cmd="done" pos="VB" lemma="be" wnsn="1" lexsn="2:42:03::">are</wf>
<wf cmd="tag" pos="JJ">filled</wf>
<wf cmd="ignore" pos="IN">with</wf>
<wf cmd="tag" pos="NN">mana</wf>
<punc>,</punc>
<wf cmd="ignore" pos="DT">the</wf>
<wf cmd="tag" pos="JJ">divine</wf>
<wf cmd="tag" pos="NN">power</wf>
<punc>.</punc>
</s>
<s snum="24">
<wf cmd="ignore" pos="DT">This</wf>
<wf cmd="done" pos="VB" lemma="be" wnsn="1" lexsn="2:42:03::">is</wf>
<wf cmd="tag" pos="RB">far</wf>
<wf cmd="ignore" pos="IN">from</wf>
<wf cmd="ignore" pos="DT">the</wf>
<wf cmd="tag" pos="JJ">vulgar</wf>
<punc>,</punc>
<wf cmd="tag" pos="JJ">leering</wf>
<wf cmd="tag" pos="NN">sexuality</wf>
<wf cmd="ignore" pos="IN">of</wf>
<wf cmd="ignore" pos="DT">the</wf>
<wf cmd="tag" pos="JJ">middle-class</wf>
<wf cmd="tag" pos="NN">square</wf>
<wf cmd="ignore" pos="IN">in</wf>
<wf cmd="tag" pos="NN">heat</wf>
<punc>''</punc>
<punc>.</punc>
</s>
<s snum="25">
<wf cmd="ignore" pos="DT">This</wf>
<wf cmd="done" pos="VB" lemma="be" wnsn="2" lexsn="2:42:06::">is</wf>
<wf cmd="ignore" pos="DT">the</wf>
<wf cmd="tag" pos="NN">Holy_Grail</wf>
<wf cmd="ignore" pos="DT">these</wf>
<wf cmd="tag" pos="NNS">knights</wf>
<wf cmd="ignore" pos="IN">of</wf>
<wf cmd="ignore" pos="DT">the</wf>
<wf cmd="tag" pos="NN">orgasm</wf>
<wf cmd="done" pos="VB" lemma="pursue" wnsn="3" lexsn="2:35:00::">pursue</wf>
<punc>,</punc>
<wf cmd="ignore" pos="DT">this</wf>
<wf cmd="done" pos="VB" lemma="be" wnsn="2" lexsn="2:42:06::">is</wf>
<wf cmd="ignore" pos="DT">the</wf>
<wf cmd="tag" pos="JJ">irresistible</wf>
<wf cmd="tag" pos="JJ">cosmic</wf>
<wf cmd="tag" pos="NN">urge</wf>
<wf cmd="tag" pos="RB">to_which</wf>
<wf cmd="ignore" pos="PRP">they</wf>
<wf cmd="done" pos="VB" lemma="respond" wnsn="1" lexsn="2:31:00::">respond</wf>
<punc>.</punc>
</s>
</p>
<p pnum="4">
<s snum="26">
<wf cmd="ignore" pos="IN">If</wf>
<wf cmd="tag" pos="NNP">Wilhelm_Reich</wf>
<wf cmd="done" pos="VB" lemma="be" wnsn="2" lexsn="2:42:06::">is</wf>
<wf cmd="ignore" pos="DT">the</wf>
<wf cmd="tag" pos="NNP">Moses</wf>
<wf cmd="ignore" pos="WP">who</wf>
<wf cmd="done" pos="VBZ" ot="notag">has</wf>
<wf cmd="done" pos="VB" lemma="lead" wnsn="4" lexsn="2:38:00::">led</wf>
<wf cmd="ignore" pos="PRP">them</wf>
<wf cmd="ignore" pos="IN">out</wf>
<wf cmd="ignore" pos="IN">of</wf>
<wf cmd="ignore" pos="DT">the</wf>
<wf cmd="tag" pos="NNP">Egypt</wf>
<wf cmd="ignore" pos="IN">of</wf>
<wf cmd="tag" pos="JJ">sexual</wf>
<wf cmd="tag" pos="NN">slavery</wf>
<punc>,</punc>
<wf cmd="tag" pos="NNP">Dylan_Thomas</wf>
<wf cmd="done" pos="VB" lemma="be" wnsn="2" lexsn="2:42:06::">is</wf>
<wf cmd="ignore" pos="DT">the</wf>
<wf cmd="tag" pos="NN">poet</wf>
<wf cmd="ignore" pos="WP">who</wf>
<wf cmd="done" pos="VB" lemma="offer" wnsn="1" lexsn="2:40:02::">offers</wf>
<wf cmd="ignore" pos="PRP">them</wf>
<wf cmd="ignore" pos="DT">the</wf>
<wf cmd="tag" pos="JJ">Dionysian</wf>
<wf cmd="tag" pos="NN">dialectic</wf>
<wf cmd="ignore" pos="IN">of</wf>
<wf cmd="tag" pos="NN">justification</wf>
<wf cmd="ignore" pos="IN">for</wf>
<wf cmd="ignore" pos="PRP$">their</wf>
<wf cmd="tag" pos="NN">indulgence</wf>
<wf cmd="ignore" pos="IN">in</wf>
<wf cmd="tag" pos="NN">liquor</wf>
<punc>,</punc>
<wf cmd="tag" pos="NN">marijuana</wf>
<punc>,</punc>
<wf cmd="tag" pos="NN">sex</wf>
<punc>,</punc>
<wf cmd="ignore" pos="CC">and</wf>
<wf cmd="tag" pos="NN">jazz</wf>
<punc>.</punc>
</s>
<s snum="27">
<wf cmd="tag" pos="RB">In_addition</wf>
<punc>,</punc>
<wf cmd="ignore" pos="PRP">they</wf>
<wf cmd="done" pos="VBP" ot="notag">have</wf>
<wf cmd="done" pos="VBN" ot="notag">been</wf>
<wf cmd="done" pos="VB" lemma="convert" wnsn="5" lexsn="2:30:07::">converted</wf>
<wf cmd="done" pos="VB" ot="notag">to</wf>
<wf cmd="tag" pos="NNP">Zen_Buddhism</wf>
<punc>,</punc>
<wf cmd="ignore" pos="IN">with</wf>
<wf cmd="ignore" pos="PRP$">its</wf>
<wf cmd="tag" pos="NN">glorification</wf>
<wf cmd="ignore" pos="IN">of</wf>
<wf cmd="ignore" pos="DT">all</wf>
<wf cmd="tag" pos="RB">that</wf>
<wf cmd="done" pos="VB" lemma="be" wnsn="1" lexsn="2:42:03::">is</wf>
<punc>``</punc>
<wf cmd="tag" pos="JJ">natural</wf>
<punc>''</punc>
<wf cmd="ignore" pos="CC">and</wf>
<wf cmd="tag" pos="RB">mysteriously</wf>
<wf cmd="tag" pos="JJ">alive</wf>
<punc>,</punc>
<wf cmd="ignore" pos="DT">the</wf>
<wf cmd="tag" pos="NN">sense</wf>
<wf cmd="ignore" pos="IN">that</wf>
<wf cmd="tag" pos="NN">everything</wf>
<wf cmd="ignore" pos="IN">in</wf>
<wf cmd="ignore" pos="DT">the</wf>
<wf cmd="tag" pos="NN">world</wf>
<wf cmd="done" pos="VB" lemma="be" wnsn="1" lexsn="2:42:03::">is</wf>
<wf cmd="tag" pos="JJ">flowing</wf>
<punc>.</punc>
</s>
<s snum="28">
<wf cmd="tag" pos="RB">Thus</wf>
<punc>,</punc>
<wf cmd="tag" pos="RB">paradoxically</wf>
<punc>,</punc>
<wf cmd="ignore" pos="DT">the</wf>
<wf cmd="tag" pos="NN">beat</wf>
<wf cmd="tag" pos="NNS">writers</wf>
<wf cmd="done" pos="VB" lemma="resort" wnsn="1" lexsn="2:41:11::">resort</wf>
<wf cmd="done" pos="VB" ot="notag">to</wf>
<punc>``</punc>
<wf cmd="tag" pos="JJ">religious</wf>
<punc>''</punc>
<wf cmd="tag" pos="NNS">metaphors</wf>
<punc>:</punc>
<wf cmd="ignore" pos="PRP">they</wf>
<wf cmd="done" pos="VB" lemma="be" wnsn="1" lexsn="2:42:03::">are</wf>
<wf cmd="ignore" pos="IN">in</wf>
<wf cmd="tag" pos="NN">search</wf>
<wf cmd="ignore" pos="IN">of</wf>
<wf cmd="tag" pos="NN">mana</wf>
<punc>,</punc>
<wf cmd="ignore" pos="DT">the</wf>
<wf cmd="tag" pos="JJ">spiritual</wf>
<punc>,</punc>
<wf cmd="ignore" pos="DT">the</wf>
<wf cmd="tag" pos="JJ">numinous</wf>
<punc>,</punc>
<wf cmd="ignore" pos="CC">but</wf>
<wf cmd="tag" pos="RB">not</wf>
<wf cmd="tag" pos="NN">anything</wf>
<wf cmd="tag" pos="JJ">connected</wf>
<wf cmd="ignore" pos="IN">with</wf>
<wf cmd="tag" pos="JJ">formal</wf>
<wf cmd="tag" pos="NN">religion</wf>
<punc>.</punc>
</s>
<s snum="29">
<wf cmd="ignore" pos="WP">What</wf>
<wf cmd="ignore" pos="PRP">they</wf>
<wf cmd="done" pos="VB" lemma="be_after" wnsn="1" lexsn="2:31:00::">are_after</wf>
<wf cmd="done" pos="VB" lemma="be" wnsn="2" lexsn="2:42:06::">is</wf>
<wf cmd="ignore" pos="DT">the</wf>
<wf cmd="tag" pos="JJ">beatific</wf>
<wf cmd="tag" pos="NN">vision</wf>
<punc>.</punc>
</s>
<s snum="30">
<wf cmd="ignore" pos="CC">And</wf>
<wf cmd="tag" pos="NNP">Zen_Buddhism</wf>
<punc>,</punc>
<wf cmd="ignore" pos="IN">though</wf>
<wf cmd="ignore" pos="PRP">it</wf>
<wf cmd="done" pos="VBZ" ot="notag">is</wf>
<wf cmd="tag" pos="RB">extremely</wf>
<wf cmd="tag" pos="JJ">difficult</wf>
<wf cmd="ignore" pos="TO">to</wf>
<wf cmd="done" pos="VB" lemma="understand" wnsn="1" lexsn="2:31:00::">understand</wf>
<wf cmd="ignore" pos="WRB">how</wf>
<wf cmd="ignore" pos="DT">these</wf>
<wf cmd="tag" pos="JJ">internal</wf>
<wf cmd="tag" pos="NNS">contradictions</wf>
<wf cmd="done" pos="VBP" ot="notag">are</wf>
<wf cmd="done" pos="VB" lemma="reconcile" wnsn="2" lexsn="2:30:00::">reconciled</wf>
<punc>,</punc>
<wf cmd="done" pos="VB" lemma="help" wnsn="1" lexsn="2:41:00::">helps</wf>
<wf cmd="ignore" pos="PRP">them</wf>
<wf cmd="ignore" pos="IN">in</wf>
<wf cmd="ignore" pos="PRP$">their</wf>
<wf cmd="tag" pos="NN">struggle</wf>
<wf cmd="ignore" pos="TO">to</wf>
<wf cmd="done" pos="VB" lemma="achieve" wnsn="1" lexsn="2:41:00::">achieve</wf>
<wf cmd="tag" pos="JJ">personal</wf>
<wf cmd="tag" pos="NN">salvation</wf>
<wf cmd="ignore" pos="IN">through</wf>
<wf cmd="tag" pos="JJ">sexual</wf>
<wf cmd="tag" pos="NN">release</wf>
<punc>.</punc>
</s>
</p>
<p pnum="5">
<s snum="31">
<wf cmd="ignore" pos="DT">The</wf>
<wf cmd="tag" pos="NN">style</wf>
<wf cmd="ignore" pos="IN">of</wf>
<wf cmd="tag" pos="NN">life</wf>
<wf cmd="done" pos="VB" lemma="choose" wnsn="1" lexsn="2:31:00::">chosen</wf>
<wf cmd="ignore" pos="IN">by</wf>
<wf cmd="ignore" pos="DT">the</wf>
<wf cmd="tag" pos="NN">beat_generation</wf>
<punc>,</punc>
<wf cmd="ignore" pos="DT">the</wf>
<wf cmd="tag" pos="NN">rhythm</wf>
<wf cmd="ignore" pos="CC">and</wf>
<wf cmd="tag" pos="NN">ritual</wf>
<wf cmd="ignore" pos="PRP">they</wf>
<wf cmd="done" pos="VBP" ot="notag">have</wf>
<wf cmd="done" pos="VB" lemma="adopt" wnsn="1" lexsn="2:40:02::">adopted</wf>
<wf cmd="ignore" pos="IN">as</wf>
<wf cmd="tag" pos="RB">uniquely</wf>
<wf cmd="ignore" pos="PRP$">their</wf>
<wf cmd="tag" pos="JJ">own</wf>
<punc>,</punc>
<wf cmd="done" pos="VBZ" ot="notag">is</wf>
<wf cmd="done" pos="VB" lemma="design" wnsn="1" lexsn="2:36:02::">designed</wf>
<wf cmd="ignore" pos="TO">to</wf>
<wf cmd="done" pos="VB" lemma="enhance" wnsn="1" lexsn="2:30:00::">enhance</wf>
<wf cmd="ignore" pos="DT">the</wf>
<wf cmd="tag" pos="NN">value</wf>
<wf cmd="ignore" pos="IN">of</wf>
<wf cmd="ignore" pos="DT">the</wf>
<wf cmd="tag" pos="JJ">sexual</wf>
<wf cmd="tag" pos="NN">experience</wf>
<punc>.</punc>
</s>
<s snum="32">
<wf cmd="tag" pos="NNP">Jazz</wf>
<wf cmd="done" pos="VB" lemma="be" wnsn="1" lexsn="2:42:03::">is</wf>
<wf cmd="tag" pos="JJ">good</wf>
<wf cmd="tag" pos="RB">not_only</wf>
<wf cmd="ignore" pos="IN">because</wf>
<wf cmd="ignore" pos="PRP">it</wf>
<wf cmd="done" pos="VB" lemma="promote" wnsn="1" lexsn="2:41:01::">promotes</wf>
<wf cmd="tag" pos="NN">wholeness</wf>
<wf cmd="ignore" pos="CC">but</wf>
<wf cmd="ignore" pos="IN">because</wf>
<wf cmd="ignore" pos="IN">of</wf>
<wf cmd="ignore" pos="PRP$">its</wf>
<wf cmd="tag" pos="JJ">decided</wf>
<wf cmd="tag" pos="JJ">sexual</wf>
<wf cmd="tag" pos="NN">effect</wf>
<punc>.</punc>
</s>
<s snum="33">
<wf cmd="tag" pos="NNP">Jazz</wf>
<wf cmd="done" pos="VB" lemma="be" wnsn="2" lexsn="2:42:06::">is</wf>
<wf cmd="ignore" pos="DT">the</wf>
<wf cmd="tag" pos="JJ">musical</wf>
<wf cmd="tag" pos="NN">language</wf>
<wf cmd="ignore" pos="IN">of</wf>
<wf cmd="tag" pos="NN">sex</wf>
<punc>,</punc>
<wf cmd="ignore" pos="DT">the</wf>
<wf cmd="tag" pos="NN">vocabulary</wf>
<wf cmd="ignore" pos="IN">of</wf>
<wf cmd="ignore" pos="DT">the</wf>
<wf cmd="tag" pos="NN">orgasm</wf>
<punc>;</punc>
<wf cmd="tag" pos="RB">indeed</wf>
<punc>,</punc>
<wf cmd="ignore" pos="PRP">it</wf>
<wf cmd="done" pos="VBZ" ot="notag">is</wf>
<wf cmd="done" pos="VB" lemma="maintain" wnsn="4" lexsn="2:32:00::">maintained</wf>
<wf cmd="ignore" pos="IN">that</wf>
<wf cmd="ignore" pos="DT">the</wf>
<wf cmd="tag" pos="JJ">sexual</wf>
<wf cmd="tag" pos="NN">element</wf>
<wf cmd="ignore" pos="IN">in</wf>
<wf cmd="tag" pos="NN">jazz</wf>
<punc>,</punc>
<wf cmd="ignore" pos="IN">by</wf>
<wf cmd="done" pos="VB" lemma="free" wnsn="2" lexsn="2:40:02::">freeing</wf>
<wf cmd="ignore" pos="DT">the</wf>
<wf cmd="tag" pos="NN">listener</wf>
<wf cmd="ignore" pos="IN">of</wf>
<wf cmd="ignore" pos="PRP$">his</wf>
<wf cmd="tag" pos="NNS">inhibitions</wf>
<punc>,</punc>
<wf cmd="done" pos="MD" ot="notag">can</wf>
<wf cmd="done" pos="VB" lemma="have" wnsn="1" lexsn="2:40:00::">have</wf>
<wf cmd="tag" pos="JJ">therapeutic</wf>
<wf cmd="tag" pos="NN">value</wf>
<punc>.</punc>
</s>
<s snum="34">
<wf cmd="tag" pos="RB">That</wf>
<wf cmd="done" pos="VB" lemma="be" wnsn="2" lexsn="2:42:06::">is</wf>
<wf cmd="ignore" pos="WRB">why</wf>
<punc>,</punc>
<wf cmd="ignore" pos="DT">the</wf>
<wf cmd="tag" pos="NN">argument</wf>
<wf cmd="done" pos="VB" lemma="run" wnsn="5" lexsn="2:42:04::">runs</wf>
<punc>,</punc>
<wf cmd="ignore" pos="DT">the</wf>
<wf cmd="tag" pos="NNS">squares</wf>
<wf cmd="done" pos="VB" lemma="be" wnsn="1" lexsn="2:42:03::">are</wf>
<wf cmd="tag" pos="RB">so</wf>
<wf cmd="tag" pos="JJ">fearful</wf>
<wf cmd="ignore" pos="IN">of</wf>
<wf cmd="tag" pos="NN">jazz</wf>
<wf cmd="ignore" pos="CC">and</wf>
<wf cmd="tag" pos="RB">yet</wf>
<wf cmd="tag" pos="RB">perversely</wf>
<wf cmd="tag" pos="JJ">fascinated</wf>
<wf cmd="ignore" pos="IN">by</wf>
<wf cmd="ignore" pos="PRP">it</wf>
<punc>.</punc>
</s>
<s snum="35">
<wf cmd="tag" pos="RB">Instead</wf>
<wf cmd="ignore" pos="IN">of</wf>
<wf cmd="done" pos="VB" lemma="give" wnsn="18" lexsn="2:32:03::">giving</wf>
<wf cmd="ignore" pos="PRP">themselves</wf>
<wf cmd="tag" pos="RB">spontaneously</wf>
<wf cmd="ignore" pos="TO">to</wf>
<wf cmd="ignore" pos="DT">the</wf>
<wf cmd="tag" pos="JJ">orgiastic</wf>
<wf cmd="tag" pos="NN">release</wf>
<wf cmd="ignore" pos="IN">that</wf>
<wf cmd="tag" pos="NN">jazz</wf>
<wf cmd="done" pos="MD" ot="notag">can</wf>
<wf cmd="done" pos="VB" lemma="give" wnsn="1" lexsn="2:40:03::">give</wf>
<wf cmd="ignore" pos="PRP">them</wf>
<punc>,</punc>
<wf cmd="ignore" pos="PRP">they</wf>
<wf cmd="done" pos="VB" lemma="undergo" wnsn="0" lexsn="2:39:02::">undergo</wf>
<wf cmd="tag" pos="NN">psychoanalysis</wf>
<wf cmd="ignore" pos="CC">or</wf>
<wf cmd="done" pos="VB" lemma="flirt_with" wnsn="1" lexsn="2:31:00::">flirt_with</wf>
<wf cmd="tag" pos="NN">mysticism</wf>
<wf cmd="ignore" pos="CC">or</wf>
<wf cmd="done" pos="VB" lemma="turn_to" wnsn="2" lexsn="2:30:00::">turn_to</wf>
<wf cmd="tag" pos="NNS">prostitutes</wf>
<wf cmd="ignore" pos="IN">for</wf>
<wf cmd="tag" pos="NN">satisfaction</wf>
<punc>.</punc>
</s>
<s snum="36">
<wf cmd="tag" pos="RB">Thus</wf>
<wf cmd="tag" pos="NN">jazz</wf>
<wf cmd="done" pos="VBZ" ot="notag">is</wf>
<wf cmd="done" pos="VB" lemma="transmute" wnsn="2" lexsn="2:30:02::">transmuted</wf>
<wf cmd="ignore" pos="IN">into</wf>
<wf cmd="tag" pos="NN">something</wf>
<wf cmd="tag" pos="JJ">holy</wf>
<punc>,</punc>
<wf cmd="ignore" pos="DT">the</wf>
<wf cmd="tag" pos="JJ">sacred</wf>
<wf cmd="tag" pos="NN">road</wf>
<wf cmd="ignore" pos="TO">to</wf>
<wf cmd="tag" pos="NN">integration</wf>
<wf cmd="ignore" pos="IN">of</wf>
<wf cmd="tag" pos="NN">being</wf>
<punc>.</punc>
</s>
<s snum="37">
<wf cmd="tag" pos="NNP">Jazz</wf>
<punc>,</punc>
<wf cmd="ignore" pos="IN">like</wf>
<wf cmd="tag" pos="NN">sex</wf>
<punc>,</punc>
<wf cmd="done" pos="VB" lemma="be" wnsn="2" lexsn="2:42:06::">is</wf>
<wf cmd="ignore" pos="DT">a</wf>
<wf cmd="tag" pos="NN">mystique</wf>
<punc>.</punc>
</s>
<s snum="38">
<wf cmd="ignore" pos="PRP">It</wf>
<wf cmd="done" pos="VB" lemma="be" wnsn="2" lexsn="2:42:06::">is</wf>
<wf cmd="tag" pos="RB">not</wf>
<wf cmd="ignore" pos="DT">a</wf>
<wf cmd="tag" pos="NN">substitute</wf>
<wf cmd="done" pos="VB" ot="notag">for</wf>
<wf cmd="tag" pos="NN">sex</wf>
<wf cmd="ignore" pos="CC">but</wf>
<wf cmd="ignore" pos="DT">a</wf>
<wf cmd="tag" pos="JJ">dynamic</wf>
<wf cmd="tag" pos="NN">expression</wf>
<wf cmd="ignore" pos="IN">of</wf>
<wf cmd="ignore" pos="DT">the</wf>
<wf cmd="tag" pos="JJ">creative</wf>
<wf cmd="tag" pos="NN">impulse</wf>
<wf cmd="ignore" pos="IN">in</wf>
<wf cmd="tag" pos="JJ">unfettered</wf>
<wf cmd="tag" pos="NN">man</wf>
<punc>.</punc>
</s>
</p>
<p pnum="6">
<s snum="39">
<wf cmd="ignore" pos="DT">The</wf>
<wf cmd="tag" pos="NN">mystique</wf>
<wf cmd="ignore" pos="IN">of</wf>
<wf cmd="tag" pos="NN">sex</wf>
<punc>,</punc>
<wf cmd="tag" pos="JJ">combined</wf>
<wf cmd="ignore" pos="IN">with</wf>
<wf cmd="tag" pos="NN">marijuana</wf>
<wf cmd="ignore" pos="CC">and</wf>
<wf cmd="tag" pos="NN">jazz</wf>
<punc>,</punc>
<wf cmd="done" pos="VBZ" ot="notag">is</wf>
<wf cmd="done" pos="VB" lemma="intend" wnsn="1" lexsn="2:31:00::">intended</wf>
<wf cmd="ignore" pos="TO">to</wf>
<wf cmd="done" pos="VB" lemma="provide" wnsn="1" lexsn="2:40:00::">provide</wf>
<wf cmd="ignore" pos="DT">a</wf>
<wf cmd="tag" pos="NN">design</wf>
<wf cmd="ignore" pos="IN">for</wf>
<wf cmd="tag" pos="NN">living</wf>
<punc>.</punc>
</s>
<s snum="40">
<wf cmd="ignore" pos="DT">Those</wf>
<wf cmd="ignore" pos="WP">who</wf>
<wf cmd="done" pos="VB" lemma="be" wnsn="1" lexsn="2:42:03::">are</wf>
<wf cmd="tag" pos="RB">sexually</wf>
<wf cmd="tag" pos="JJ">liberated</wf>
<wf cmd="done" pos="MD" ot="notag">can</wf>
<wf cmd="done" pos="VB" lemma="become" wnsn="1" lexsn="2:30:00::">become</wf>
<wf cmd="tag" pos="RB">creatively</wf>
<wf cmd="tag" pos="JJ">alive</wf>
<wf cmd="ignore" pos="CC">and</wf>
<wf cmd="tag" pos="JJ">free</wf>
<punc>,</punc>
<wf cmd="ignore" pos="PRP$">their</wf>
<wf cmd="tag" pos="NNS">instincts</wf>
<wf cmd="done" pos="VB" lemma="put" wnsn="2" lexsn="2:35:05::">put</wf>
<wf cmd="done" pos="VB" ot="notag">at</wf>
<wf cmd="ignore" pos="DT">the</wf>
<wf cmd="tag" pos="NN">service</wf>
<wf cmd="ignore" pos="IN">of</wf>
<wf cmd="ignore" pos="DT">the</wf>
<wf cmd="tag" pos="NN">imagination</wf>
<punc>.</punc>
</s>
<s snum="41">
<wf cmd="tag" pos="JJ">Righteous</wf>
<wf cmd="ignore" pos="IN">in</wf>
<wf cmd="ignore" pos="PRP$">their</wf>
<wf cmd="tag" pos="NN">denunciation</wf>
<wf cmd="ignore" pos="IN">of</wf>
<wf cmd="ignore" pos="DT">all</wf>
<wf cmd="ignore" pos="IN">that</wf>
<wf cmd="done" pos="VB" lemma="make_for" wnsn="1" lexsn="2:36:00::">makes_for</wf>
<wf cmd="tag" pos="NN">death</wf>
<punc>,</punc>
<wf cmd="ignore" pos="DT">the</wf>
<wf cmd="tag" pos="NN">beat</wf>
<wf cmd="tag" pos="NNS">prophets</wf>
<wf cmd="done" pos="VB" lemma="bid" wnsn="3" lexsn="2:32:02::">bid</wf>
<wf cmd="ignore" pos="DT">all</wf>
<wf cmd="tag" pos="NNS">men</wf>
<wf cmd="done" pos="VB" lemma="become" wnsn="2" lexsn="2:42:01::">become</wf>
<wf cmd="tag" pos="JJ">cool</wf>
<wf cmd="tag" pos="NNS">cats</wf>
<punc>;</punc>
<wf cmd="done" pos="VB" ot="notag">let</wf>
<wf cmd="ignore" pos="PRP">them</wf>
<wf cmd="done" pos="VB" lemma="learn" wnsn="1" lexsn="2:31:00::">learn</wf>
<wf cmd="ignore" pos="TO">to</wf>
<punc>``</punc>
<wf cmd="done" pos="VB" lemma="swing" wnsn="9" lexsn="2:42:01::">swing</wf>
<punc>''</punc>
<wf cmd="tag" pos="RB">freely</wf>
<punc>,</punc>
<wf cmd="ignore" pos="TO">to</wf>
<wf cmd="done" pos="VB" lemma="let_go" wnsn="2" lexsn="2:42:00::">let_go</wf>
<punc>,</punc>
<wf cmd="ignore" pos="TO">to</wf>
<wf cmd="done" pos="VB" lemma="become" wnsn="1" lexsn="2:30:00::">become</wf>
<wf cmd="tag" pos="RB">authentically</wf>
<wf cmd="ignore" pos="PRP">themselves</wf>
<punc>,</punc>
<wf cmd="tag" pos="RB">and_then</wf>
<wf cmd="tag" pos="RB">perhaps</wf>
<wf cmd="tag" pos="NN">civilization</wf>
<wf cmd="done" pos="MD" ot="notag">will</wf>
<wf cmd="done" pos="VB" ot="notag">be</wf>
<wf cmd="done" pos="VB" lemma="save" wnsn="1" lexsn="2:41:01::">saved</wf>
<punc>.</punc>
</s>
<s snum="42">
<wf cmd="ignore" pos="DT">The</wf>
<wf cmd="tag" pos="NN">beatnik</wf>
<punc>,</punc>
<wf cmd="done" pos="VB" lemma="secede" wnsn="1" lexsn="2:41:00::">seceding</wf>
<wf cmd="ignore" pos="IN">from</wf>
<wf cmd="ignore" pos="DT">a</wf>
<wf cmd="tag" pos="NN">society</wf>
<wf cmd="tag" pos="RB">that</wf>
<wf cmd="done" pos="VB" lemma="be" wnsn="1" lexsn="2:42:03::">is</wf>
<wf cmd="tag" pos="RB">fatally</wf>
<wf cmd="tag" pos="JJ">afflicted</wf>
<wf cmd="ignore" pos="IN">with</wf>
<wf cmd="ignore" pos="DT">a</wf>
<wf cmd="tag" pos="RB">deathward</wf>
<wf cmd="tag" pos="NN">drive</wf>
<punc>,</punc>
<wf cmd="done" pos="VB" lemma="be" wnsn="1" lexsn="2:42:03::">is</wf>
<wf cmd="tag" pos="JJ">concerned</wf>
<wf cmd="done" pos="VB" ot="notag">with</wf>
<wf cmd="ignore" pos="PRP$">his</wf>
<wf cmd="tag" pos="JJ">personal</wf>
<wf cmd="tag" pos="NN">salvation</wf>
<wf cmd="ignore" pos="IN">in</wf>
<wf cmd="ignore" pos="DT">the</wf>
<wf cmd="tag" pos="JJ">living</wf>
<wf cmd="tag" pos="JJ">present</wf>
<punc>.</punc>
</s>
<s snum="43">
<wf cmd="ignore" pos="IN">If</wf>
<wf cmd="ignore" pos="PRP">he</wf>
<wf cmd="done" pos="VB" lemma="be" wnsn="1" lexsn="2:42:03::">is</wf>
<wf cmd="ignore" pos="DT">the</wf>
<wf cmd="tag" pos="NN">child</wf>
<wf cmd="ignore" pos="IN">of</wf>
<wf cmd="tag" pos="NN">nothingness</wf>
<punc>,</punc>
<wf cmd="ignore" pos="IN">if</wf>
<wf cmd="ignore" pos="PRP">he</wf>
<wf cmd="done" pos="VB" lemma="be" wnsn="1" lexsn="2:42:03::">is</wf>
<wf cmd="ignore" pos="DT">the</wf>
<wf cmd="tag" pos="JJ">predestined</wf>
<wf cmd="tag" pos="NN">victim</wf>
<wf cmd="ignore" pos="IN">of</wf>
<wf cmd="ignore" pos="DT">an</wf>
<wf cmd="tag" pos="NN">age</wf>
<wf cmd="ignore" pos="IN">of</wf>
<wf cmd="tag" pos="JJ">atomic</wf>
<wf cmd="tag" pos="NNS">wars</wf>
<punc>,</punc>
<wf cmd="tag" pos="RB">then</wf>
<wf cmd="ignore" pos="PRP">he</wf>
<wf cmd="done" pos="MD" ot="notag">will</wf>
<wf cmd="done" pos="VB" lemma="consult" wnsn="0" lexsn="2:32:03::">consult</wf>
<wf cmd="tag" pos="RB">only</wf>
<wf cmd="ignore" pos="PRP$">his</wf>
<wf cmd="tag" pos="JJ">own</wf>
<wf cmd="tag" pos="JJ">organic</wf>
<wf cmd="tag" pos="NNS">needs</wf>
<wf cmd="ignore" pos="CC">and</wf>
<wf cmd="done" pos="VB" lemma="go" wnsn="2" lexsn="2:41:00::">go</wf>
<wf cmd="tag" pos="RB">beyond</wf>
<wf cmd="tag" pos="JJ">good</wf>
<wf cmd="ignore" pos="CC">and</wf>
<wf cmd="tag" pos="JJ">evil</wf>
<punc>.</punc>
</s>
<s snum="44">
<wf cmd="ignore" pos="PRP">He</wf>
<wf cmd="done" pos="MD" ot="notag">will</wf>
<wf cmd="tag" pos="RB">not</wf>
<wf cmd="done" pos="VB" lemma="curb" wnsn="2" lexsn="2:30:01::">curb</wf>
<wf cmd="ignore" pos="PRP$">his</wf>
<wf cmd="tag" pos="JJ">instinctual</wf>
<wf cmd="tag" pos="NNS">desires</wf>
<wf cmd="ignore" pos="CC">but</wf>
<wf cmd="done" pos="VB" lemma="release" wnsn="5" lexsn="2:29:01::">release</wf>
<wf cmd="ignore" pos="DT">the</wf>
<wf cmd="tag" pos="NN">energy</wf>
<wf cmd="ignore" pos="IN">within</wf>
<wf cmd="ignore" pos="PRP">him</wf>
<wf cmd="ignore" pos="IN">that</wf>
<wf cmd="done" pos="VB" lemma="make" wnsn="2" lexsn="2:30:00::">makes</wf>
<wf cmd="ignore" pos="PRP">him</wf>
<wf cmd="done" pos="VB" lemma="feel" wnsn="1" lexsn="2:37:00::">feel</wf>
<wf cmd="tag" pos="RB">truly</wf>
<wf cmd="ignore" pos="CC">and</wf>
<wf cmd="tag" pos="RB">fully</wf>
<wf cmd="tag" pos="JJ">alive</wf>
<punc>,</punc>
<wf cmd="tag" pos="RB">even</wf>
<wf cmd="ignore" pos="IN">if</wf>
<wf cmd="ignore" pos="PRP">it</wf>
<wf cmd="done" pos="VBZ" ot="notag">is</wf>
<wf cmd="tag" pos="RB">only</wf>
<wf cmd="ignore" pos="IN">for</wf>
<wf cmd="ignore" pos="DT">this</wf>
<wf cmd="tag" pos="JJ">brief</wf>
<wf cmd="tag" pos="NN">moment</wf>
<wf cmd="ignore" pos="IN">before</wf>
<wf cmd="ignore" pos="DT">the</wf>
<wf cmd="tag" pos="NN">apocalypse</wf>
<wf cmd="ignore" pos="IN">of</wf>
<wf cmd="tag" pos="NN">annihilation</wf>
<wf cmd="done" pos="VB" lemma="explode" wnsn="4" lexsn="2:30:03::">explodes</wf>
<wf cmd="ignore" pos="IN">on</wf>
<wf cmd="tag" pos="NN">earth</wf>
<punc>.</punc>
</s>
</p>
<p pnum="7">
<s snum="45">
<wf cmd="tag" pos="RB">That</wf>
<wf cmd="done" pos="VB" lemma="be" wnsn="2" lexsn="2:42:06::">is</wf>
<wf cmd="ignore" pos="WRB">why</wf>
<wf cmd="ignore" pos="DT">the</wf>
<wf cmd="tag" pos="NNS">members</wf>
<wf cmd="ignore" pos="IN">of</wf>
<wf cmd="ignore" pos="DT">the</wf>
<wf cmd="tag" pos="NN">beat_generation</wf>
<wf cmd="tag" pos="RB">proudly</wf>
<wf cmd="done" pos="VB" lemma="assume" wnsn="2" lexsn="2:41:00::">assume</wf>
<wf cmd="ignore" pos="DT">the</wf>
<wf cmd="tag" pos="NN">title</wf>
<wf cmd="ignore" pos="IN">of</wf>
<wf cmd="ignore" pos="DT">the</wf>
<wf cmd="tag" pos="JJ">holy</wf>
<wf cmd="tag" pos="NNS">barbarians</wf>
<punc>;</punc>
<wf cmd="ignore" pos="PRP">they</wf>
<wf cmd="done" pos="MD" ot="notag">will</wf>
<wf cmd="done" pos="VB" lemma="destroy" wnsn="2" lexsn="2:35:00::">destroy</wf>
<wf cmd="ignore" pos="DT">the</wf>
<wf cmd="tag" pos="NNS">shrines</wf>
<punc>,</punc>
<wf cmd="tag" pos="NNS">temples</wf>
<punc>,</punc>
<wf cmd="tag" pos="NNS">museums</wf>
<punc>,</punc>
<wf cmd="ignore" pos="CC">and</wf>
<wf cmd="tag" pos="NNS">churches</wf>
<wf cmd="ignore" pos="IN">of</wf>
<wf cmd="ignore" pos="DT">the</wf>
<wf cmd="tag" pos="NN">state</wf>
<wf cmd="tag" pos="RB">that</wf>
<wf cmd="done" pos="VB" lemma="be" wnsn="1" lexsn="2:42:03::">is</wf>
<wf cmd="ignore" pos="DT">the</wf>
<wf cmd="tag" pos="JJ">implacable</wf>
<wf cmd="tag" pos="NN">enemy</wf>
<wf cmd="ignore" pos="IN">of</wf>
<wf cmd="ignore" pos="DT">the</wf>
<wf cmd="tag" pos="NN">life</wf>
<wf cmd="ignore" pos="PRP">they</wf>
<wf cmd="done" pos="VB" lemma="believe_in" wnsn="1" lexsn="2:31:01::">believe_in</wf>
<punc>.</punc>
</s>
<s snum="46">
<wf cmd="tag" pos="RB">Apart</wf>
<wf cmd="ignore" pos="IN">from</wf>
<wf cmd="ignore" pos="DT">the</wf>
<wf cmd="tag" pos="NN">categorical_imperative</wf>
<wf cmd="ignore" pos="PRP">they</wf>
<wf cmd="done" pos="VB" lemma="derive" wnsn="2" lexsn="2:40:00::">derive</wf>
<wf cmd="done" pos="VB" ot="notag">from</wf>
<wf cmd="ignore" pos="DT">the</wf>
<wf cmd="tag" pos="NNS">metaphysics</wf>
<wf cmd="ignore" pos="IN">of</wf>
<wf cmd="ignore" pos="DT">the</wf>
<wf cmd="tag" pos="NN">orgasm</wf>
<punc>,</punc>
<wf cmd="ignore" pos="DT">the</wf>
<wf cmd="tag" pos="JJ">only</wf>
<wf cmd="tag" pos="NN">affirmation</wf>
<wf cmd="ignore" pos="PRP">they</wf>
<wf cmd="done" pos="VB" lemma="be" wnsn="1" lexsn="2:42:03::">are</wf>
<wf cmd="tag" pos="JJ">capable_of</wf>
<wf cmd="done" pos="VB" lemma="make" wnsn="1" lexsn="2:41:00::">making</wf>
<wf cmd="done" pos="VB" lemma="be" wnsn="2" lexsn="2:42:06::">is</wf>
<wf cmd="ignore" pos="IN">that</wf>
<wf cmd="tag" pos="NN">art</wf>
<wf cmd="done" pos="VB" lemma="be" wnsn="1" lexsn="2:42:03::">is</wf>
<wf cmd="ignore" pos="PRP$">their</wf>
<wf cmd="tag" pos="RB">only</wf>
<wf cmd="tag" pos="NN">refuge</wf>
<punc>.</punc>
</s>
<s snum="47">
<wf cmd="ignore" pos="PRP$">Their</wf>
<wf cmd="tag" pos="NN">writing</wf>
<punc>,</punc>
<wf cmd="tag" pos="JJ">born</wf>
<wf cmd="ignore" pos="IN">of</wf>
<wf cmd="ignore" pos="PRP$">their</wf>
<wf cmd="tag" pos="NNS">experiments</wf>
<wf cmd="ignore" pos="IN">in</wf>
<wf cmd="tag" pos="NN">marijuana</wf>
<wf cmd="ignore" pos="CC">and</wf>
<wf cmd="tag" pos="JJ">untrammeled</wf>
<wf cmd="tag" pos="NN">sexuality</wf>
<punc>,</punc>
<wf cmd="done" pos="VB" lemma="reflect" wnsn="1" lexsn="2:39:01::">reflects</wf>
<wf cmd="ignore" pos="DT">the</wf>
<wf cmd="tag" pos="NN">extremity</wf>
<wf cmd="ignore" pos="IN">of</wf>
<wf cmd="ignore" pos="PRP$">their</wf>
<wf cmd="tag" pos="JJ">existential</wf>
<wf cmd="tag" pos="NN">alienation</wf>
<punc>.</punc>
</s>
<s snum="48">
<wf cmd="ignore" pos="DT">The</wf>
<wf cmd="tag" pos="NN">mind</wf>
<wf cmd="done" pos="VBZ" ot="notag">has</wf>
<wf cmd="done" pos="VB" lemma="betray" wnsn="3" lexsn="2:37:00::">betrayed</wf>
<wf cmd="ignore" pos="PRP">them</wf>
<punc>,</punc>
<wf cmd="tag" pos="NN">reason</wf>
<wf cmd="done" pos="VB" lemma="be" wnsn="1" lexsn="2:42:03::">is</wf>
<wf cmd="ignore" pos="DT">the</wf>
<wf cmd="tag" pos="NN">foe</wf>
<wf cmd="ignore" pos="IN">of</wf>
<wf cmd="tag" pos="NN">life</wf>
<punc>;</punc>
<wf cmd="ignore" pos="PRP">they</wf>
<wf cmd="done" pos="MD" ot="notag">will</wf>
<wf cmd="done" pos="VB" lemma="trust" wnsn="1" lexsn="2:31:00::">trust</wf>
<wf cmd="tag" pos="RB">only</wf>
<wf cmd="ignore" pos="PRP$">their</wf>
<wf cmd="tag" pos="JJ">physical</wf>
<wf cmd="tag" pos="NNS">sensations</wf>
<punc>,</punc>
<wf cmd="ignore" pos="DT">the</wf>
<wf cmd="tag" pos="NN">wisdom</wf>
<wf cmd="ignore" pos="IN">of</wf>
<wf cmd="ignore" pos="DT">the</wf>
<wf cmd="tag" pos="NN">body</wf>
<punc>,</punc>
<wf cmd="ignore" pos="DT">the</wf>
<wf cmd="tag" pos="JJ">holy</wf>
<wf cmd="tag" pos="NNS">promptings</wf>
<wf cmd="ignore" pos="IN">of</wf>
<wf cmd="ignore" pos="DT">the</wf>
<wf cmd="tag" pos="NN">unconscious</wf>
<punc>.</punc>
</s>
<s snum="49">
<wf cmd="ignore" pos="IN">With</wf>
<wf cmd="tag" pos="JJ">lyrical</wf>
<wf cmd="tag" pos="NN">intensity</wf>
<wf cmd="ignore" pos="PRP">they</wf>
<wf cmd="done" pos="VB" lemma="reveal" wnsn="2" lexsn="2:32:00::">reveal</wf>
<wf cmd="ignore" pos="WP">what</wf>
<wf cmd="ignore" pos="PRP">they</wf>
<wf cmd="done" pos="VB" lemma="hate" wnsn="1" lexsn="2:37:00::">hate</wf>
<punc>,</punc>
<wf cmd="ignore" pos="CC">but</wf>
<wf cmd="ignore" pos="PRP$">their</wf>
<wf cmd="tag" pos="NN">faith</wf>
<wf cmd="tag" pos="JJ">in_love</wf>
<punc>,</punc>
<wf cmd="done" pos="VB" lemma="inspire" wnsn="2" lexsn="2:36:00::">inspired</wf>
<wf cmd="ignore" pos="IN">by</wf>
<wf cmd="ignore" pos="DT">the</wf>
<wf cmd="tag" pos="JJ">revolutionary</wf>
<wf cmd="tag" pos="NNS">rhythms</wf>
<wf cmd="ignore" pos="IN">of</wf>
<wf cmd="tag" pos="NN">jazz</wf>
<punc>,</punc>
<wf cmd="done" pos="VB" lemma="culminate" wnsn="1" lexsn="2:30:00::">culminates</wf>
<wf cmd="ignore" pos="IN">in</wf>
<wf cmd="ignore" pos="DT">the</wf>
<wf cmd="tag" pos="NN">climax</wf>
<wf cmd="ignore" pos="IN">of</wf>
<wf cmd="ignore" pos="DT">the</wf>
<wf cmd="tag" pos="NN">orgasm</wf>
<punc>.</punc>
</s>
<s snum="50">
<wf cmd="ignore" pos="PRP$">Their</wf>
<wf cmd="tag" pos="NN">work</wf>
<wf cmd="done" pos="VB" lemma="mirror" wnsn="1" lexsn="2:43:00::">mirrors</wf>
<wf cmd="ignore" pos="DT">the</wf>
<wf cmd="tag" pos="NN">mentality</wf>
<wf cmd="ignore" pos="IN">of</wf>
<wf cmd="ignore" pos="DT">the</wf>
<wf cmd="tag" pos="NN">psychopath</wf>
<punc>,</punc>
<wf cmd="tag" pos="JJ">rootless</wf>
<wf cmd="ignore" pos="CC">and</wf>
<wf cmd="tag" pos="JJ">irresponsible</wf>
<punc>.</punc>
</s>
<s snum="51">
<wf cmd="ignore" pos="PRP$">Their</wf>
<wf cmd="tag" pos="NN">rebellion</wf>
<wf cmd="ignore" pos="IN">against</wf>
<wf cmd="tag" pos="JJ">authoritarian</wf>
<wf cmd="tag" pos="NN">society</wf>
<wf cmd="done" pos="VB" lemma="be" wnsn="1" lexsn="2:42:03::">is</wf>
<wf cmd="tag" pos="RB">not</wf>
<wf cmd="tag" pos="RB">far</wf>
<wf cmd="tag" pos="JJ">removed</wf>
<wf cmd="ignore" pos="IN">from</wf>
<wf cmd="ignore" pos="DT">the</wf>
<wf cmd="tag" pos="NN">violence</wf>
<wf cmd="ignore" pos="IN">of</wf>
<wf cmd="tag" pos="NN">revolt</wf>
<wf cmd="tag" pos="JJ">characteristic</wf>
<wf cmd="ignore" pos="IN">of</wf>
<wf cmd="ignore" pos="DT">the</wf>
<wf cmd="tag" pos="NN">juvenile_delinquent</wf>
<punc>.</punc>
</s>
</p>
<p pnum="8">
<s snum="52">
<wf cmd="ignore" pos="CC">And</wf>
<wf cmd="ignore" pos="DT">the</wf>
<wf cmd="tag" pos="NN">life</wf>
<wf cmd="ignore" pos="PRP">they</wf>
<wf cmd="done" pos="VB" lemma="lead" wnsn="0" lexsn="2:42:08::">lead</wf>
<wf cmd="done" pos="VB" lemma="be" wnsn="1" lexsn="2:42:03::">is</wf>
<wf cmd="tag" pos="JJ">undisciplined</wf>
<wf cmd="ignore" pos="CC">and</wf>
<wf cmd="tag" pos="RB">for_the_most_part</wf>
<wf cmd="tag" pos="JJ">unproductive</wf>
<punc>,</punc>
<wf cmd="tag" pos="RB">even_though</wf>
<wf cmd="ignore" pos="PRP">they</wf>
<wf cmd="done" pos="VB" lemma="make" wnsn="3" lexsn="2:36:00::">make</wf>
<wf cmd="ignore" pos="DT">a</wf>
<wf cmd="tag" pos="NN">fetish</wf>
<wf cmd="ignore" pos="IN">of</wf>
<wf cmd="done" pos="VB" lemma="devote" wnsn="1" lexsn="2:32:00::">devoting</wf>
<wf cmd="ignore" pos="PRP">themselves</wf>
<wf cmd="ignore" pos="TO">to</wf>
<wf cmd="ignore" pos="DT">some</wf>
<wf cmd="tag" pos="JJ">creative</wf>
<wf cmd="tag" pos="NN">pursuit</wf>
<punc>-</punc>
<wf cmd="tag" pos="NN">writing</wf>
<punc>,</punc>
<wf cmd="tag" pos="NN">painting</wf>
<punc>,</punc>
<wf cmd="tag" pos="NN">music</wf>
<punc>.</punc>
</s>
<s snum="53">
<wf cmd="ignore" pos="PRP">They</wf>
<wf cmd="done" pos="VB" lemma="be" wnsn="1" lexsn="2:42:03::">are</wf>
<wf cmd="tag" pos="NNS">non-conformists</wf>
<wf cmd="ignore" pos="IN">on</wf>
<wf cmd="tag" pos="NN">principle</wf>
<punc>.</punc>
</s>
<s snum="54">
<wf cmd="ignore" pos="WRB">When</wf>
<wf cmd="ignore" pos="PRP">they</wf>
<wf cmd="done" pos="VB" lemma="express" wnsn="1" lexsn="2:32:01::">express</wf>
<wf cmd="ignore" pos="PRP">themselves</wf>
<wf cmd="ignore" pos="PRP">it</wf>
<wf cmd="done" pos="VBZ" ot="notag">is</wf>
<wf cmd="tag" pos="JJ">incandescent</wf>
<wf cmd="tag" pos="NN">hatred</wf>
<wf cmd="ignore" pos="WDT">that</wf>
<wf cmd="done" pos="VB" lemma="shine" wnsn="5" lexsn="2:42:04::">shines</wf>
<wf cmd="tag" pos="RB">forth</wf>
<punc>,</punc>
<wf cmd="ignore" pos="DT">the</wf>
<wf cmd="tag" pos="NN">rage</wf>
<wf cmd="ignore" pos="IN">of</wf>
<wf cmd="tag" pos="NN">repudiation</wf>
<punc>,</punc>
<wf cmd="ignore" pos="DT">the</wf>
<wf cmd="tag" pos="NN">ecstasy</wf>
<wf cmd="ignore" pos="IN">of</wf>
<wf cmd="tag" pos="NN">negation</wf>
<punc>.</punc>
</s>
<s snum="55">
<wf cmd="ignore" pos="PRP">It</wf>
<wf cmd="done" pos="VBZ" ot="notag">is</wf>
<wf cmd="tag" pos="NN">sex</wf>
<wf cmd="ignore" pos="WDT">that</wf>
<wf cmd="done" pos="VB" lemma="obsess" wnsn="1" lexsn="2:37:00::">obsesses</wf>
<wf cmd="ignore" pos="PRP">them</wf>
<punc>,</punc>
<wf cmd="tag" pos="NN">sex</wf>
<wf cmd="tag" pos="RB">that</wf>
<wf cmd="done" pos="VB" lemma="be" wnsn="3" lexsn="2:42:05::">is</wf>
<wf cmd="ignore" pos="IN">at</wf>
<wf cmd="ignore" pos="DT">the</wf>
<wf cmd="tag" pos="NN">basis</wf>
<wf cmd="ignore" pos="IN">of</wf>
<wf cmd="ignore" pos="PRP$">their</wf>
<wf cmd="tag" pos="JJ">aesthetic</wf>
<wf cmd="tag" pos="NN">creed</wf>
<punc>.</punc>
</s>
<s snum="56">
<wf cmd="ignore" pos="WP">What</wf>
<wf cmd="ignore" pos="PRP">they</wf>
<wf cmd="done" pos="VB" lemma="discuss" wnsn="1" lexsn="2:32:01::">discuss</wf>
<wf cmd="ignore" pos="IN">with</wf>
<wf cmd="tag" pos="JJ">dialectical</wf>
<wf cmd="tag" pos="NN">seriousness</wf>
<wf cmd="done" pos="VB" lemma="be" wnsn="2" lexsn="2:42:06::">is</wf>
<wf cmd="ignore" pos="DT">the</wf>
<wf cmd="tag" pos="NN">degree</wf>
<wf cmd="tag" pos="RB">to_which</wf>
<wf cmd="tag" pos="NN">sex</wf>
<wf cmd="done" pos="MD" ot="notag">can</wf>
<wf cmd="done" pos="VB" lemma="inspire" wnsn="1" lexsn="2:37:00::">inspire</wf>
<wf cmd="ignore" pos="DT">the</wf>
<wf cmd="tag" pos="NNP">Muse</wf>
<punc>.</punc>
</s>
<s snum="57">
<wf cmd="tag" pos="NN">Monogamy</wf>
<wf cmd="done" pos="VB" lemma="be" wnsn="1" lexsn="2:42:03::">is</wf>
<wf cmd="ignore" pos="DT">the</wf>
<wf cmd="tag" pos="NN">vice</wf>
<wf cmd="ignore" pos="IN">from</wf>
<wf cmd="ignore" pos="WDT">which</wf>
<wf cmd="ignore" pos="DT">the</wf>
<wf cmd="tag" pos="RB">abjectly</wf>
<wf cmd="tag" pos="JJ">fearful</wf>
<wf cmd="tag" pos="NN">middle_class</wf>
<wf cmd="done" pos="VB" lemma="continue" wnsn="1" lexsn="2:42:01::">continue</wf>
<wf cmd="ignore" pos="TO">to</wf>
<wf cmd="done" pos="VB" lemma="suffer" wnsn="1" lexsn="2:39:01::">suffer</wf>
<punc>,</punc>
<wf cmd="ignore" pos="IN">whereas</wf>
<wf cmd="ignore" pos="DT">the</wf>
<wf cmd="tag" pos="NN">beatnik</wf>
<wf cmd="done" pos="VB" lemma="have" wnsn="1" lexsn="2:40:00::">has</wf>
<wf cmd="ignore" pos="DT">the</wf>
<wf cmd="tag" pos="NN">courage</wf>
<wf cmd="ignore" pos="TO">to</wf>
<wf cmd="done" pos="VB" lemma="break_out" wnsn="3" lexsn="2:38:00::">break_out</wf>
<wf cmd="tag" pos="RB">of_that</wf>
<wf cmd="tag" pos="NN">prison</wf>
<wf cmd="ignore" pos="IN">of</wf>
<wf cmd="tag" pos="NN">respectability</wf>
<punc>.</punc>
</s>
<s snum="58">
<wf cmd="tag" pos="CD">One</wf>
<wf cmd="tag" pos="NN">girl</wf>
<wf cmd="done" pos="VB" lemma="describe" wnsn="2" lexsn="2:32:01::">describes</wf>
<wf cmd="ignore" pos="PRP$">her</wf>
<wf cmd="tag" pos="JJ">past</wf>
<punc>,</punc>
<wf cmd="ignore" pos="PRP$">her</wf>
<wf cmd="tag" pos="NN">succession</wf>
<wf cmd="ignore" pos="IN">of</wf>
<wf cmd="tag" pos="JJ">broken</wf>
<wf cmd="tag" pos="NNS">marriages</wf>
<punc>,</punc>
<wf cmd="ignore" pos="DT">the</wf>
<wf cmd="tag" pos="NNS">abortions</wf>
<wf cmd="ignore" pos="PRP">she</wf>
<wf cmd="done" pos="VBZ" ot="notag">has</wf>
<wf cmd="done" pos="VB" lemma="have" wnsn="3" lexsn="2:39:06::">had</wf>
<wf cmd="ignore" pos="CC">and</wf>
<wf cmd="tag" pos="RB">finally</wf>
<wf cmd="done" pos="VB" lemma="confess" wnsn="2" lexsn="2:32:01::">confesses</wf>
<wf cmd="ignore" pos="IN">that</wf>
<wf cmd="ignore" pos="PRP">she</wf>
<wf cmd="done" pos="VB" lemma="love" wnsn="2" lexsn="2:37:02::">loves</wf>
<wf cmd="tag" pos="NN">sex</wf>
<wf cmd="ignore" pos="CC">and</wf>
<wf cmd="done" pos="VB" lemma="see" wnsn="4" lexsn="2:36:00::">sees</wf>
<wf cmd="ignore" pos="DT">no</wf>
<wf cmd="tag" pos="NN">reason</wf>
<wf cmd="ignore" pos="WRB">why</wf>
<wf cmd="ignore" pos="PRP">she</wf>
<wf cmd="done" pos="MD" ot="notag">must</wf>
<wf cmd="done" pos="VB" lemma="justify" wnsn="2" lexsn="2:32:00::">justify</wf>
<wf cmd="ignore" pos="PRP$">her</wf>
<wf cmd="tag" pos="NN">passion</wf>
<punc>.</punc>
</s>
<s snum="59">
<wf cmd="ignore" pos="IN">If</wf>
<wf cmd="ignore" pos="PRP">it</wf>
<wf cmd="done" pos="VB" lemma="be" wnsn="1" lexsn="2:42:03::">is</wf>
<wf cmd="ignore" pos="DT">an</wf>
<wf cmd="tag" pos="JJ">honest</wf>
<wf cmd="tag" pos="NN">feeling</wf>
<punc>,</punc>
<wf cmd="tag" pos="RB">then</wf>
<wf cmd="ignore" pos="WRB">why</wf>
<wf cmd="done" pos="MD" ot="notag">should</wf>
<wf cmd="ignore" pos="PRP">she</wf>
<wf cmd="tag" pos="RB">not</wf>
<wf cmd="done" pos="VB" lemma="yield" wnsn="5" lexsn="2:42:00::">yield</wf>
<wf cmd="done" pos="VB" ot="notag">to</wf>
<wf cmd="ignore" pos="PRP">it</wf>
<punc>?</punc>
</s>
<s snum="60">
<punc>``</punc>
<wf cmd="tag" pos="JJS">Most</wf>
<wf cmd="tag" pos="RB">often</wf>
<punc>''</punc>
<punc>,</punc>
<wf cmd="ignore" pos="PRP">she</wf>
<wf cmd="done" pos="VB" lemma="say" wnsn="1" lexsn="2:32:00::">says</wf>
<punc>,</punc>
<punc>``</punc>
<wf cmd="ignore" pos="PRP">it</wf>
<wf cmd="done" pos="VBZ" ot="notag">'s</wf>
<wf cmd="ignore" pos="DT">the</wf>
<wf cmd="tag" pos="JJ">monogamous</wf>
<wf cmd="tag" pos="NN">relationship</wf>
<wf cmd="tag" pos="RB">that</wf>
<wf cmd="done" pos="VB" lemma="be" wnsn="1" lexsn="2:42:03::">is</wf>
<wf cmd="tag" pos="JJ">dishonest</wf>
<punc>''</punc>
<punc>.</punc>
</s>
<s snum="61">
<wf cmd="ignore" pos="EX">There</wf>
<wf cmd="done" pos="VB" lemma="be" wnsn="4" lexsn="2:42:00::">is</wf>
<wf cmd="tag" pos="NN">nothing</wf>
<wf cmd="tag" pos="JJ">holy</wf>
<wf cmd="ignore" pos="IN">in</wf>
<wf cmd="tag" pos="NN">wedlock</wf>
<punc>.</punc>
</s>
<s snum="62">
<wf cmd="ignore" pos="DT">This</wf>
<wf cmd="tag" pos="NN">girl</wf>
<wf cmd="tag" pos="RB">soon</wf>
<wf cmd="done" pos="VB" lemma="drop" wnsn="5" lexsn="2:41:01::">drops</wf>
<wf cmd="ignore" pos="DT">the</wf>
<wf cmd="tag" pos="JJ">bourgeois</wf>
<wf cmd="tag" pos="NN">pyschiatrist</wf>
<wf cmd="ignore" pos="WP">who</wf>
<wf cmd="done" pos="VB" lemma="disapprove" wnsn="1" lexsn="2:31:00::">disapproves</wf>
<wf cmd="done" pos="VB" ot="notag">of</wf>
<wf cmd="ignore" pos="PRP$">her</wf>
<wf cmd="tag" pos="NN">life</wf>
<punc>.</punc>
</s>
<s snum="63">
<wf cmd="ignore" pos="PRP">She</wf>
<wf cmd="done" pos="VB" lemma="find" wnsn="5" lexsn="2:31:10::">finds</wf>
<wf cmd="tag" pos="JJ">married</wf>
<wf cmd="tag" pos="NN">life</wf>
<wf cmd="tag" pos="JJ">stifling</wf>
<wf cmd="ignore" pos="CC">and</wf>
<wf cmd="ignore" pos="DT">every</wf>
<wf cmd="tag" pos="JJ">prolonged</wf>
<wf cmd="tag" pos="NN">sex</wf>
<wf cmd="tag" pos="NN">relationship</wf>
<wf cmd="tag" pos="RB">unbearably</wf>
<wf cmd="tag" pos="JJ">monotonous</wf>
<punc>.</punc>
</s>
</p>
<p pnum="9">
<s snum="64">
<wf cmd="ignore" pos="DT">This</wf>
<wf cmd="tag" pos="NN">confession</wf>
<wf cmd="done" pos="VB" lemma="serve" wnsn="3" lexsn="2:42:01::">serves</wf>
<wf cmd="ignore" pos="TO">to</wf>
<wf cmd="done" pos="VB" lemma="make" wnsn="2" lexsn="2:30:00::">make</wf>
<wf cmd="tag" pos="NN">clear</wf>
<wf cmd="tag" pos="RB">in_part</wf>
<wf cmd="ignore" pos="WP">what</wf>
<wf cmd="done" pos="VB" lemma="be" wnsn="3" lexsn="2:42:05::">is</wf>
<wf cmd="ignore" pos="IN">behind</wf>
<wf cmd="ignore" pos="DT">this</wf>
<wf cmd="tag" pos="JJ">sexual</wf>
<wf cmd="tag" pos="NN">revolution</wf>
<punc>:</punc>
<wf cmd="ignore" pos="DT">the</wf>
<wf cmd="tag" pos="NN">craving</wf>
<wf cmd="ignore" pos="IN">for</wf>
<wf cmd="tag" pos="NN">sensation</wf>
<wf cmd="ignore" pos="IN">for</wf>
<wf cmd="ignore" pos="PRP$">its</wf>
<wf cmd="tag" pos="JJ">own</wf>
<wf cmd="tag" pos="NN">sake</wf>
<punc>,</punc>
<wf cmd="ignore" pos="DT">the</wf>
<wf cmd="tag" pos="NN">need</wf>
<wf cmd="ignore" pos="IN">for</wf>
<wf cmd="tag" pos="NN">change</wf>
<punc>,</punc>
<wf cmd="ignore" pos="IN">for</wf>
<wf cmd="tag" pos="JJ">new</wf>
<wf cmd="tag" pos="NNS">experiences</wf>
<punc>.</punc>
</s>
<s snum="65">
<wf cmd="tag" pos="NN">Boredom</wf>
<wf cmd="done" pos="VB" lemma="be" wnsn="2" lexsn="2:42:06::">is</wf>
<wf cmd="tag" pos="NN">death</wf>
<punc>.</punc>
</s>
<s snum="66">
<wf cmd="ignore" pos="IN">In</wf>
<wf cmd="ignore" pos="DT">the</wf>
<wf cmd="tag" pos="NN">realm</wf>
<wf cmd="ignore" pos="IN">of</wf>
<wf cmd="tag" pos="JJ">physical</wf>
<wf cmd="tag" pos="NNS">sensations</wf>
<punc>,</punc>
<wf cmd="tag" pos="NN">sex</wf>
<wf cmd="done" pos="VB" lemma="reign" wnsn="2" lexsn="2:42:00::">reigns</wf>
<wf cmd="tag" pos="NN">supreme</wf>
<punc>.</punc>
</s>
<s snum="67">
<wf cmd="tag" pos="RB">Hence</wf>
<wf cmd="ignore" pos="DT">the</wf>
<wf cmd="tag" pos="NNS">beatniks</wf>
<wf cmd="done" pos="VB" lemma="sustain" wnsn="3" lexsn="2:34:01::">sustain</wf>
<wf cmd="ignore" pos="PRP">themselves</wf>
<wf cmd="ignore" pos="IN">on</wf>
<wf cmd="tag" pos="NN">marijuana</wf>
<punc>,</punc>
<wf cmd="tag" pos="NN">jazz</wf>
<punc>,</punc>
<wf cmd="tag" pos="JJ">free</wf>
<wf cmd="tag" pos="JJ">swinging</wf>
<wf cmd="tag" pos="NN">poetry</wf>
<punc>,</punc>
<wf cmd="done" pos="VB" lemma="exhaust" wnsn="1" lexsn="2:29:00::">exhausting</wf>
<wf cmd="ignore" pos="PRP">themselves</wf>
<wf cmd="ignore" pos="IN">in</wf>
<wf cmd="tag" pos="NNS">orgies</wf>
<wf cmd="ignore" pos="IN">of</wf>
<wf cmd="tag" pos="NN">sex</wf>
<punc>;</punc>
<wf cmd="ignore" pos="DT">some</wf>
<wf cmd="ignore" pos="IN">of</wf>
<wf cmd="ignore" pos="PRP">them</wf>
<wf cmd="done" pos="VB" ot="notag">are</wf>
<wf cmd="done" pos="VB" lemma="drive" wnsn="7" lexsn="2:36:00::">driven</wf>
<wf cmd="ignore" pos="IN">over</wf>
<wf cmd="ignore" pos="DT">the</wf>
<wf cmd="tag" pos="NN">borderline</wf>
<wf cmd="ignore" pos="IN">of</wf>
<wf cmd="tag" pos="NN">sanity</wf>
<wf cmd="ignore" pos="CC">and</wf>
<wf cmd="done" pos="VB" lemma="lose" wnsn="1" lexsn="2:40:02::">lose</wf>
<wf cmd="tag" pos="NN">contact</wf>
<wf cmd="ignore" pos="IN">with</wf>
<wf cmd="tag" pos="NN">reality</wf>
<punc>.</punc>
</s>
<s snum="68">
<wf cmd="tag" pos="CD">One</wf>
<wf cmd="tag" pos="NN">beat</wf>
<wf cmd="tag" pos="NN">poet</wf>
<wf cmd="done" pos="VB" lemma="compose" wnsn="3" lexsn="2:36:01::">composes</wf>
<wf cmd="ignore" pos="DT">a</wf>
<wf cmd="tag" pos="NN">poem</wf>
<punc>,</punc>
<punc>``</punc>
<wf cmd="tag" pos="NNPS">Lines</wf>
<wf cmd="ignore" pos="IN">on</wf>
<wf cmd="ignore" pos="DT">a</wf>
<wf cmd="tag" pos="NNP">Tijuana_John</wf>
<punc>''</punc>
<punc>,</punc>
<wf cmd="ignore" pos="WDT">which</wf>
<wf cmd="done" pos="VB" lemma="contain" wnsn="1" lexsn="2:42:00::">contains</wf>
<wf cmd="tag" pos="JJ">a_few</wf>
<wf cmd="tag" pos="JJ">happy</wf>
<wf cmd="tag" pos="NNS">hints</wf>
<wf cmd="ignore" pos="IN">for</wf>
<wf cmd="tag" pos="NN">survival</wf>
<punc>.</punc>
</s>
<s snum="69">
<wf cmd="ignore" pos="DT">The</wf>
<wf cmd="tag" pos="JJ">new</wf>
<wf cmd="tag" pos="NN">fact</wf>
<wf cmd="ignore" pos="DT">the</wf>
<wf cmd="tag" pos="NN">initiates</wf>
<wf cmd="tag" pos="RB">of_this</wf>
<wf cmd="tag" pos="NN">cult</wf>
<wf cmd="done" pos="VB" ot="notag">have_to</wf>
<wf cmd="done" pos="VB" lemma="learn" wnsn="2" lexsn="2:31:01::">learn</wf>
<wf cmd="done" pos="VB" lemma="be" wnsn="2" lexsn="2:42:06::">is</wf>
<wf cmd="ignore" pos="IN">that</wf>
<wf cmd="ignore" pos="PRP">they</wf>
<wf cmd="done" pos="MD" ot="notag">must</wf>
<wf cmd="done" pos="VB" lemma="move" wnsn="5" lexsn="2:41:01::">move</wf>
<wf cmd="ignore" pos="IN">toward</wf>
<wf cmd="tag" pos="NN">simplicity</wf>
<punc>.</punc>
</s>
<s snum="70">
<wf cmd="ignore" pos="DT">The</wf>
<wf cmd="tag" pos="JJ">professed</wf>
<wf cmd="tag" pos="NN">mission</wf>
<wf cmd="tag" pos="RB">of_this</wf>
<wf cmd="tag" pos="JJ">disaffiliated</wf>
<wf cmd="tag" pos="NN">generation</wf>
<wf cmd="done" pos="VB" lemma="be" wnsn="2" lexsn="2:42:06::">is</wf>
<wf cmd="ignore" pos="TO">to</wf>
<wf cmd="done" pos="VB" lemma="find" wnsn="2" lexsn="2:39:02::">find</wf>
<wf cmd="ignore" pos="DT">a</wf>
<wf cmd="tag" pos="JJ">new</wf>
<wf cmd="tag" pos="NN">way_of_life</wf>
<wf cmd="ignore" pos="WDT">which</wf>
<wf cmd="ignore" pos="PRP">they</wf>
<wf cmd="done" pos="MD" ot="notag">can</wf>
<wf cmd="done" pos="VB" lemma="express" wnsn="2" lexsn="2:32:00::">express</wf>
<wf cmd="ignore" pos="IN">in</wf>
<wf cmd="tag" pos="NN">poetry</wf>
<wf cmd="ignore" pos="CC">and</wf>
<wf cmd="tag" pos="NN">fiction</wf>
<punc>,</punc>
<wf cmd="ignore" pos="CC">but</wf>
<wf cmd="ignore" pos="WP">what</wf>
<wf cmd="ignore" pos="PRP">they</wf>
<wf cmd="done" pos="VB" lemma="produce" wnsn="2" lexsn="2:36:00::">produce</wf>
<wf cmd="done" pos="VB" lemma="be" wnsn="1" lexsn="2:42:03::">is</wf>
<wf cmd="tag" pos="RB">unfortunately</wf>
<wf cmd="tag" pos="JJ">disordered</wf>
<punc>,</punc>
<wf cmd="done" pos="VB" lemma="nourish" wnsn="1" lexsn="2:34:00::">nourished</wf>
<wf cmd="tag" pos="RB">solely</wf>
<wf cmd="ignore" pos="IN">on</wf>
<wf cmd="ignore" pos="DT">the</wf>
<wf cmd="tag" pos="NN">hysteria</wf>
<wf cmd="ignore" pos="IN">of</wf>
<wf cmd="tag" pos="NN">negation</wf>
<punc>.</punc>
</s>
</p>
<p pnum="10">
<s snum="71">
<wf cmd="ignore" pos="WP">Who</wf>
<wf cmd="done" pos="VB" lemma="be" wnsn="2" lexsn="2:42:06::">are</wf>
<wf cmd="ignore" pos="DT">the</wf>
<wf cmd="tag" pos="JJ">creative</wf>
<wf cmd="tag" pos="NNS">representatives</wf>
<wf cmd="tag" pos="RB">of_this</wf>
<wf cmd="tag" pos="NN">movement</wf>
<punc>?</punc>
</s>
<s snum="72">
<wf cmd="tag" pos="NNS">Nymphomaniacs</wf>
<punc>,</punc>
<wf cmd="tag" pos="NNS">junkies</wf>
<punc>,</punc>
<wf cmd="tag" pos="NNS">homosexuals</wf>
<punc>,</punc>
<wf cmd="tag" pos="NN">drug_addicts</wf>
<punc>,</punc>
<wf cmd="tag" pos="NNS">lesbians</wf>
<punc>,</punc>
<wf cmd="tag" pos="NNS">alcoholics</wf>
<punc>,</punc>
<wf cmd="ignore" pos="DT">the</wf>
<wf cmd="tag" pos="JJ">weak</wf>
<punc>,</punc>
<wf cmd="ignore" pos="DT">the</wf>
<wf cmd="tag" pos="JJ">frustrated</wf>
<punc>,</punc>
<wf cmd="ignore" pos="DT">the</wf>
<wf cmd="tag" pos="JJ">irresolute</wf>
<punc>,</punc>
<wf cmd="ignore" pos="DT">the</wf>
<wf cmd="tag" pos="JJ">despairing</wf>
<punc>,</punc>
<wf cmd="ignore" pos="DT">the</wf>
<wf cmd="tag" pos="NNS">derelicts</wf>
<wf cmd="ignore" pos="CC">and</wf>
<wf cmd="tag" pos="NNS">outcasts</wf>
<wf cmd="ignore" pos="IN">of</wf>
<wf cmd="tag" pos="NN">society</wf>
<punc>.</punc>
</s>
<s snum="73">
<wf cmd="ignore" pos="PRP">They</wf>
<wf cmd="done" pos="VB" lemma="embrace" wnsn="3" lexsn="2:31:00::">embrace</wf>
<wf cmd="tag" pos="JJ">independent</wf>
<wf cmd="tag" pos="NN">poverty</wf>
<punc>,</punc>
<wf cmd="tag" pos="RB">usually</wf>
<wf cmd="ignore" pos="IN">with</wf>
<wf cmd="ignore" pos="DT">a</wf>
<punc>``</punc>
<wf cmd="tag" pos="JJ">shack-up</wf>
<punc>''</punc>
<wf cmd="tag" pos="NN">partner</wf>
<wf cmd="ignore" pos="WP">who</wf>
<wf cmd="done" pos="MD" ot="notag">will</wf>
<wf cmd="done" pos="VB" lemma="help" wnsn="1" lexsn="2:41:00::">help</wf>
<wf cmd="done" pos="VB" lemma="support" wnsn="2" lexsn="2:40:00::">support</wf>
<wf cmd="ignore" pos="PRP">them</wf>
<punc>.</punc>
</s>
<s snum="74">
<wf cmd="ignore" pos="PRP">They</wf>
<wf cmd="done" pos="VB" lemma="be" wnsn="1" lexsn="2:42:03::">are</wf>
<wf cmd="tag" pos="JJ">full</wf>
<wf cmd="done" pos="VB" ot="notag">of</wf>
<wf cmd="tag" pos="NN">contempt</wf>
<wf cmd="ignore" pos="IN">for</wf>
<wf cmd="ignore" pos="DT">the</wf>
<wf cmd="tag" pos="NN">institution</wf>
<wf cmd="ignore" pos="IN">of</wf>
<wf cmd="tag" pos="NN">matrimony</wf>
<punc>.</punc>
</s>
<s snum="75">
<wf cmd="ignore" pos="PRP$">Their</wf>
<wf cmd="tag" pos="JJ">previous</wf>
<wf cmd="tag" pos="JJ">legalized</wf>
<wf cmd="tag" pos="NNS">marriages</wf>
<wf cmd="done" pos="VBP" ot="notag">do</wf>
<wf cmd="tag" pos="RB">not</wf>
<wf cmd="done" pos="VB" lemma="count" wnsn="2" lexsn="2:42:00::">count</wf>
<punc>,</punc>
<wf cmd="ignore" pos="IN">for</wf>
<wf cmd="ignore" pos="PRP">they</wf>
<wf cmd="done" pos="VB" lemma="hold" wnsn="1" lexsn="2:42:00::">hold</wf>
<wf cmd="ignore" pos="DT">the</wf>
<wf cmd="tag" pos="NNS">laws</wf>
<wf cmd="ignore" pos="IN">of</wf>
<wf cmd="ignore" pos="DT">the</wf>
<wf cmd="tag" pos="NN">state</wf>
<wf cmd="tag" pos="JJ">null</wf>
<wf cmd="ignore" pos="CC">and</wf>
<wf cmd="tag" pos="NN">void</wf>
<punc>.</punc>
</s>
<s snum="76">
<wf cmd="ignore" pos="PRP">They</wf>
<wf cmd="done" pos="VB" lemma="feel" wnsn="2" lexsn="2:31:00::">feel</wf>
<wf cmd="ignore" pos="PRP">they</wf>
<wf cmd="done" pos="VBP" ot="notag">are</wf>
<wf cmd="done" pos="VB" lemma="league" wnsn="1" lexsn="2:30:00::">leagued</wf>
<wf cmd="ignore" pos="IN">against</wf>
<wf cmd="ignore" pos="DT">a</wf>
<wf cmd="tag" pos="JJ">hostile</wf>
<punc>,</punc>
<wf cmd="tag" pos="JJ">persecutory</wf>
<wf cmd="tag" pos="NN">world</wf>
<punc>,</punc>
<wf cmd="done" pos="VB" lemma="face" wnsn="2" lexsn="2:33:00::">faced</wf>
<wf cmd="ignore" pos="IN">with</wf>
<wf cmd="ignore" pos="DT">the</wf>
<wf cmd="tag" pos="JJ">concerted</wf>
<wf cmd="tag" pos="JJ">malevolent</wf>
<wf cmd="tag" pos="NN">opposition</wf>
<wf cmd="ignore" pos="IN">of</wf>
<wf cmd="tag" pos="NNS">squares</wf>
<wf cmd="ignore" pos="CC">and</wf>
<wf cmd="ignore" pos="PRP$">their</wf>
<wf cmd="tag" pos="NNS">hirelings</wf>
<punc>,</punc>
<wf cmd="ignore" pos="DT">the</wf>
<wf cmd="tag" pos="NN">police</wf>
<punc>.</punc>
</s>
<s snum="77">
<wf cmd="ignore" pos="DT">This</wf>
<wf cmd="done" pos="VB" lemma="be" wnsn="7" lexsn="2:42:02::">is</wf>
<wf cmd="ignore" pos="DT">the</wf>
<wf cmd="tag" pos="NN">rhetoric</wf>
<wf cmd="ignore" pos="IN">of</wf>
<wf cmd="tag" pos="NN">righteousness</wf>
<wf cmd="ignore" pos="DT">the</wf>
<wf cmd="tag" pos="NNS">beatniks</wf>
<wf cmd="done" pos="VB" lemma="use" wnsn="2" lexsn="2:34:02::">use</wf>
<wf cmd="ignore" pos="IN">in</wf>
<wf cmd="done" pos="VB" lemma="defend" wnsn="1" lexsn="2:32:00::">defending</wf>
<wf cmd="ignore" pos="PRP$">their</wf>
<wf cmd="tag" pos="NN">way_of_life</wf>
<punc>,</punc>
<wf cmd="ignore" pos="PRP$">their</wf>
<wf cmd="tag" pos="NN">search</wf>
<wf cmd="ignore" pos="IN">for</wf>
<wf cmd="tag" pos="NN">wholeness</wf>
<punc>,</punc>
<wf cmd="ignore" pos="IN">though</wf>
<wf cmd="ignore" pos="PRP$">their</wf>
<wf cmd="tag" pos="JJ">actual</wf>
<wf cmd="tag" pos="NN">existence</wf>
<wf cmd="done" pos="VB" lemma="fail" wnsn="1" lexsn="2:41:02::">fails</wf>
<wf cmd="ignore" pos="TO">to</wf>
<wf cmd="done" pos="VB" lemma="reach" wnsn="1" lexsn="2:38:01::">reach</wf>
<wf cmd="ignore" pos="DT">these</wf>
<punc>``</punc>
<wf cmd="tag" pos="JJ">religious</wf>
<punc>''</punc>
<wf cmd="tag" pos="NNS">heights</wf>
<punc>.</punc>
</s>
<s snum="78">
<wf cmd="tag" pos="CD">One</wf>
<wf cmd="tag" pos="NN">beatnik</wf>
<wf cmd="done" pos="VB" lemma="get" wnsn="3" lexsn="2:30:02::">got</wf>
<wf cmd="ignore" pos="DT">the</wf>
<wf cmd="tag" pos="NN">woman</wf>
<wf cmd="ignore" pos="PRP">he</wf>
<wf cmd="done" pos="VBD" ot="notag">was</wf>
<wf cmd="done" pos="VB" lemma="live" wnsn="1" lexsn="2:42:08::">living</wf>
<wf cmd="ignore" pos="IN">with</wf>
<wf cmd="tag" pos="RB">so</wf>
<wf cmd="done" pos="VB" lemma="involve" wnsn="2" lexsn="2:42:04::">involved</wf>
<wf cmd="ignore" pos="IN">in</wf>
<wf cmd="tag" pos="NNS">drugs</wf>
<wf cmd="ignore" pos="CC">and</wf>
<wf cmd="tag" pos="NN">self-analysis</wf>
<wf cmd="ignore" pos="CC">and</wf>
<wf cmd="tag" pos="JJ">all-night</wf>
<wf cmd="tag" pos="NNS">sessions</wf>
<wf cmd="ignore" pos="IN">of</wf>
<wf cmd="tag" pos="NN">sex</wf>
<wf cmd="ignore" pos="IN">that</wf>
<wf cmd="ignore" pos="PRP">she</wf>
<wf cmd="done" pos="VBD" ot="notag">was</wf>
<wf cmd="done" pos="VB" lemma="begin" wnsn="1" lexsn="2:30:00::">beginning</wf>
<wf cmd="ignore" pos="TO">to</wf>
<wf cmd="done" pos="VB" lemma="crack_up" wnsn="1" lexsn="2:37:00::">crack_up</wf>
<punc>.</punc>
</s>
<s snum="79">
<wf cmd="ignore" pos="WP">What</wf>
<wf cmd="tag" pos="NNS">obsessions</wf>
<wf cmd="done" pos="VBD" ot="notag">had</wf>
<wf cmd="ignore" pos="PRP">she</wf>
<wf cmd="done" pos="VB" lemma="pick_up" wnsn="5" lexsn="2:31:00::">picked_up</wf>
<wf cmd="ignore" pos="IN">during</wf>
<wf cmd="ignore" pos="DT">these</wf>
<wf cmd="tag" pos="JJ">long</wf>
<wf cmd="tag" pos="NNS">nights</wf>
<wf cmd="ignore" pos="IN">of</wf>
<wf cmd="tag" pos="NN">talk</wf>
<punc>?</punc>
</s>
<s snum="80">
<wf cmd="tag" pos="NN">Sex</wf>
<wf cmd="ignore" pos="IN">as</wf>
<wf cmd="ignore" pos="DT">the</wf>
<wf cmd="tag" pos="JJ">creative</wf>
<wf cmd="tag" pos="NN">principle</wf>
<wf cmd="ignore" pos="IN">of</wf>
<wf cmd="ignore" pos="DT">the</wf>
<wf cmd="tag" pos="NN">universe</wf>
<punc>,</punc>
<wf cmd="ignore" pos="DT">the</wf>
<wf cmd="tag" pos="NN">secret</wf>
<wf cmd="ignore" pos="IN">of</wf>
<wf cmd="tag" pos="JJ">primitive</wf>
<wf cmd="tag" pos="NN">religion</wf>
<punc>,</punc>
<wf cmd="ignore" pos="DT">the</wf>
<wf cmd="tag" pos="NN">life</wf>
<wf cmd="ignore" pos="IN">of</wf>
<wf cmd="tag" pos="NN">myth</wf>
<punc>.</punc>
</s>
<s snum="81">
<wf cmd="tag" pos="NN">Everything</wf>
<wf cmd="tag" pos="RB">in_the_final_analysis</wf>
<wf cmd="done" pos="VB" lemma="reduce" wnsn="6" lexsn="2:30:11::">reduced</wf>
<wf cmd="ignore" pos="PRP">itself</wf>
<wf cmd="ignore" pos="TO">to</wf>
<wf cmd="tag" pos="JJ">sexual</wf>
<wf cmd="tag" pos="NN">symbolism</wf>
<punc>.</punc>
</s>
<s snum="82">
<wf cmd="ignore" pos="IN">In</wf>
<wf cmd="ignore" pos="PRP$">his</wf>
<wf cmd="tag" pos="NN">chapter</wf>
<wf cmd="ignore" pos="IN">on</wf>
<punc>``</punc>
<wf cmd="ignore" pos="DT">The</wf>
<wf cmd="tag" pos="NNP">Loveways</wf>
<wf cmd="ignore" pos="IN">of</wf>
<wf cmd="ignore" pos="DT">the</wf>
<wf cmd="tag" pos="NN">Beat_Generation</wf>
<punc>''</punc>
<punc>,</punc>
<wf cmd="tag" pos="NNP">Lipton</wf>
<wf cmd="done" pos="VB" lemma="spare" wnsn="2" lexsn="2:41:01::">spares</wf>
<wf cmd="ignore" pos="DT">the</wf>
<wf cmd="tag" pos="NN">reader</wf>
<wf cmd="tag" pos="NN">none</wf>
<wf cmd="ignore" pos="IN">of</wf>
<wf cmd="ignore" pos="DT">the</wf>
<wf cmd="tag" pos="JJ">sordid</wf>
<wf cmd="tag" pos="NNS">details</wf>
<punc>.</punc>
</s>
<s snum="83">
<wf cmd="ignore" pos="DT">No</wf>
<wf cmd="tag" pos="CD">one</wf>
<wf cmd="done" pos="VB" lemma="ask" wnsn="1" lexsn="2:32:00::">asks</wf>
<wf cmd="tag" pos="NNS">questions</wf>
<wf cmd="ignore" pos="IN">about</wf>
<wf cmd="ignore" pos="DT">the</wf>
<wf cmd="tag" pos="JJ">free</wf>
<wf cmd="tag" pos="NN">union</wf>
<wf cmd="ignore" pos="IN">of</wf>
<wf cmd="ignore" pos="DT">the</wf>
<wf cmd="tag" pos="NNS">sexes</wf>
<wf cmd="ignore" pos="IN">in</wf>
<wf cmd="tag" pos="NNP">West_Venice</wf>
<wf cmd="tag" pos="NN">so_long</wf>
<wf cmd="ignore" pos="IN">as</wf>
<wf cmd="ignore" pos="DT">the</wf>
<wf cmd="tag" pos="NNS">partners</wf>
<wf cmd="done" pos="VB" lemma="share" wnsn="1" lexsn="2:42:00::">share</wf>
<wf cmd="ignore" pos="DT">the</wf>
<wf cmd="tag" pos="JJ">negative</wf>
<wf cmd="tag" pos="NNS">attitudes</wf>
<wf cmd="ignore" pos="IN">of</wf>
<wf cmd="ignore" pos="DT">the</wf>
<wf cmd="tag" pos="NN">group</wf>
<punc>.</punc>
</s>
</p>
<p pnum="11">
<s snum="84">
<wf cmd="ignore" pos="DT">The</wf>
<wf cmd="tag" pos="NNS">women</wf>
<wf cmd="ignore" pos="WP">who</wf>
<wf cmd="done" pos="VB" lemma="come" wnsn="2" lexsn="2:38:04::">come</wf>
<wf cmd="done" pos="VB" ot="notag">to</wf>
<wf cmd="tag" pos="NNP">West_Venice</wf>
<punc>,</punc>
<wf cmd="done" pos="VBG" ot="notag">having</wf>
<wf cmd="done" pos="VB" lemma="forsake" wnsn="1" lexsn="2:31:00::">forsaken</wf>
<wf cmd="tag" pos="NN">radicalism</wf>
<punc>,</punc>
<wf cmd="done" pos="VB" lemma="be" wnsn="1" lexsn="2:42:03::">are</wf>
<wf cmd="tag" pos="JJ">interested</wf>
<wf cmd="ignore" pos="IN">in</wf>
<wf cmd="done" pos="VB" lemma="live" wnsn="2" lexsn="2:42:06::">living</wf>
<wf cmd="tag" pos="RB">only</wf>
<wf cmd="tag" pos="RB">for_the_moment</wf>
<punc>,</punc>
<wf cmd="ignore" pos="IN">in</wf>
<wf cmd="done" pos="VB" lemma="be" wnsn="1" lexsn="2:42:03::">being</wf>
<wf cmd="tag" pos="RB">constantly</wf>
<wf cmd="tag" pos="JJ">on_the_move</wf>
<punc>.</punc>
</s>
<s snum="85">
<wf cmd="tag" pos="NNS">Others</wf>
<wf cmd="ignore" pos="WP">who</wf>
<wf cmd="done" pos="VB" ot="notag">are</wf>
<wf cmd="done" pos="VB" lemma="attract" wnsn="1" lexsn="2:35:00::">attracted</wf>
<wf cmd="ignore" pos="TO">to</wf>
<wf cmd="ignore" pos="DT">this</wf>
<wf cmd="tag" pos="NNP">Mecca</wf>
<wf cmd="ignore" pos="IN">of</wf>
<wf cmd="ignore" pos="DT">the</wf>
<wf cmd="tag" pos="NN">beat_generation</wf>
<wf cmd="done" pos="VB" lemma="be" wnsn="2" lexsn="2:42:06::">are</wf>
<wf cmd="tag" pos="NNS">homosexuals</wf>
<punc>,</punc>
<wf cmd="tag" pos="NN">heroin_addicts</wf>
<punc>,</punc>
<wf cmd="ignore" pos="CC">and</wf>
<wf cmd="tag" pos="JJ">smalltime</wf>
<wf cmd="tag" pos="NNS">hoodlums</wf>
<punc>.</punc>
</s>
<s snum="86">
<wf cmd="ignore" pos="DT">Those</wf>
<wf cmd="ignore" pos="WP">who</wf>
<wf cmd="done" pos="VB" lemma="be" wnsn="1" lexsn="2:42:03::">are</wf>
<wf cmd="tag" pos="JJ">sexual</wf>
<wf cmd="tag" pos="NNS">deviants</wf>
<wf cmd="done" pos="VBP" ot="notag">are</wf>
<wf cmd="tag" pos="RB">naturally</wf>
<wf cmd="done" pos="VB" lemma="draw" wnsn="0" lexsn="2:37:03::">drawn</wf>
<wf cmd="ignore" pos="TO">to</wf>
<wf cmd="done" pos="VB" lemma="join" wnsn="1" lexsn="2:41:00::">join</wf>
<wf cmd="ignore" pos="DT">the</wf>
<wf cmd="tag" pos="NNS">beatniks</wf>
<punc>.</punc>
</s>
<s snum="87">
<wf cmd="ignore" pos="IN">Since</wf>
<wf cmd="ignore" pos="DT">the</wf>
<wf cmd="tag" pos="NNS">homosexuals</wf>
<wf cmd="tag" pos="RB">widely</wf>
<wf cmd="done" pos="VB" lemma="use" wnsn="2" lexsn="2:34:02::">use</wf>
<wf cmd="tag" pos="NN">marijuana</wf>
<punc>,</punc>
<wf cmd="ignore" pos="PRP">they</wf>
<wf cmd="done" pos="VBP" ot="notag">do</wf>
<wf cmd="done" pos="RB" ot="notag">not</wf>
<wf cmd="done" pos="VB" ot="notag">have_to</wf>
<wf cmd="done" pos="VB" ot="notag">be</wf>
<wf cmd="done" pos="VB" lemma="initiate" wnsn="3" lexsn="2:41:01::">initiated</wf>
<punc>.</punc>
</s>
<s snum="88">
<wf cmd="tag" pos="NN">Part</wf>
<wf cmd="ignore" pos="IN">of</wf>
<wf cmd="ignore" pos="DT">the</wf>
<wf cmd="tag" pos="NN">ritual</wf>
<wf cmd="ignore" pos="IN">of</wf>
<wf cmd="tag" pos="NN">sex</wf>
<wf cmd="done" pos="VB" lemma="be" wnsn="2" lexsn="2:42:06::">is</wf>
<wf cmd="ignore" pos="DT">the</wf>
<wf cmd="tag" pos="NN">use</wf>
<wf cmd="ignore" pos="IN">of</wf>
<wf cmd="tag" pos="NN">marijuana</wf>
<punc>.</punc>
</s>
<s snum="89">
<wf cmd="ignore" pos="IN">As</wf>
<wf cmd="tag" pos="NNP">Lipton</wf>
<wf cmd="done" pos="VB" lemma="put" wnsn="3" lexsn="2:32:00::">puts</wf>
<wf cmd="ignore" pos="PRP">it</wf>
<punc>:</punc>
<punc>``</punc>
<wf cmd="ignore" pos="DT">The</wf>
<wf cmd="tag" pos="NNP">Eros</wf>
<wf cmd="done" pos="VBZ" ot="notag">is</wf>
<wf cmd="done" pos="VB" lemma="feel" wnsn="1" lexsn="2:37:00::">felt</wf>
<wf cmd="ignore" pos="IN">in</wf>
<wf cmd="ignore" pos="DT">the</wf>
<wf cmd="tag" pos="NN">magic</wf>
<wf cmd="tag" pos="NN">circle</wf>
<wf cmd="ignore" pos="IN">of</wf>
<wf cmd="tag" pos="NN">marijuana</wf>
<wf cmd="tag" pos="RB">with</wf>
<wf cmd="tag" pos="RB">far</wf>
<wf cmd="tag" pos="JJR">greater</wf>
<wf cmd="tag" pos="NN">force</wf>
<punc>,</punc>
<wf cmd="ignore" pos="IN">as</wf>
<wf cmd="ignore" pos="DT">a</wf>
<wf cmd="tag" pos="JJ">unifying</wf>
<wf cmd="tag" pos="NN">principle</wf>
<wf cmd="ignore" pos="IN">in</wf>
<wf cmd="tag" pos="JJ">human</wf>
<wf cmd="tag" pos="NNS">relationships</wf>
<punc>,</punc>
<wf cmd="ignore" pos="IN">than</wf>
<wf cmd="ignore" pos="IN">at</wf>
<wf cmd="ignore" pos="DT">any</wf>
<wf cmd="tag" pos="JJ">other</wf>
<wf cmd="tag" pos="NN">time</wf>
<wf cmd="ignore" pos="IN">except</wf>
<punc>,</punc>
<wf cmd="tag" pos="RB">perhaps</wf>
<punc>,</punc>
<wf cmd="ignore" pos="IN">in</wf>
<wf cmd="ignore" pos="DT">the</wf>
<wf cmd="tag" pos="JJ">mutual</wf>
<wf cmd="tag" pos="JJ">metaphysical</wf>
<wf cmd="tag" pos="NNS">orgasms</wf>
<punc>.</punc>
</s>
<s snum="90">
<wf cmd="ignore" pos="DT">The</wf>
<wf cmd="tag" pos="NN">magic</wf>
<wf cmd="tag" pos="NN">circle</wf>
<wf cmd="done" pos="VB" lemma="be" wnsn="2" lexsn="2:42:06::">is</wf>
<punc>,</punc>
<wf cmd="tag" pos="RB">in_fact</wf>
<punc>,</punc>
<wf cmd="ignore" pos="DT">a</wf>
<wf cmd="tag" pos="NN">symbol</wf>
<wf cmd="tag" pos="RB">of</wf>
<wf cmd="ignore" pos="CC">and</wf>
<wf cmd="tag" pos="NN">preparation</wf>
<wf cmd="ignore" pos="IN">for</wf>
<wf cmd="ignore" pos="DT">the</wf>
<wf cmd="tag" pos="JJ">metaphysical</wf>
<wf cmd="tag" pos="NN">orgasm</wf>
<punc>''</punc>
<punc>.</punc>
</s>
<s snum="91">
<wf cmd="ignore" pos="IN">Under</wf>
<wf cmd="ignore" pos="DT">the</wf>
<wf cmd="tag" pos="NN">influence</wf>
<wf cmd="ignore" pos="IN">of</wf>
<wf cmd="tag" pos="NN">marijuana</wf>
<wf cmd="ignore" pos="DT">the</wf>
<wf cmd="tag" pos="NN">beatnik</wf>
<wf cmd="done" pos="VB" lemma="come_alive" wnsn="1" lexsn="2:29:00::">comes_alive</wf>
<wf cmd="tag" pos="RB">within</wf>
<wf cmd="ignore" pos="CC">and</wf>
<wf cmd="done" pos="VB" lemma="experience" wnsn="1" lexsn="2:39:01::">experiences</wf>
<wf cmd="ignore" pos="DT">a</wf>
<wf cmd="tag" pos="RB">wonderfully</wf>
<wf cmd="tag" pos="JJ">enhanced</wf>
<wf cmd="tag" pos="NN">sense</wf>
<wf cmd="tag" pos="RB">of</wf>
<wf cmd="tag" pos="NN">self</wf>
<wf cmd="ignore" pos="IN">as</wf>
<wf cmd="ignore" pos="IN">if</wf>
<wf cmd="ignore" pos="PRP">he</wf>
<wf cmd="done" pos="VBD" ot="notag">had</wf>
<wf cmd="done" pos="VB" lemma="discover" wnsn="2" lexsn="2:31:01::">discovered</wf>
<wf cmd="ignore" pos="DT">the</wf>
<wf cmd="tag" pos="NN">open_sesame</wf>
<wf cmd="ignore" pos="TO">to</wf>
<wf cmd="ignore" pos="DT">the</wf>
<wf cmd="tag" pos="NN">universe</wf>
<wf cmd="ignore" pos="IN">of</wf>
<wf cmd="tag" pos="NN">being</wf>
<punc>.</punc>
</s>
<s snum="92">
<wf cmd="done" pos="VB" lemma="carry" wnsn="1" lexsn="2:35:02::">Carried</wf>
<wf cmd="tag" pos="JJ">high</wf>
<wf cmd="ignore" pos="IN">on</wf>
<wf cmd="ignore" pos="DT">this</wf>
<punc>``</punc>
<wf cmd="tag" pos="NN">charge</wf>
<punc>''</punc>
<punc>,</punc>
<wf cmd="ignore" pos="PRP">he</wf>
<wf cmd="done" pos="VB" lemma="compose" wnsn="3" lexsn="2:36:01::">composes</wf>
<punc>``</punc>
<wf cmd="tag" pos="JJ">magical</wf>
<punc>''</punc>
<wf cmd="tag" pos="NN">poetry</wf>
<wf cmd="ignore" pos="WDT">that</wf>
<wf cmd="done" pos="VB" lemma="capture" wnsn="1" lexsn="2:36:00::">captures</wf>
<wf cmd="ignore" pos="DT">the</wf>
<wf cmd="tag" pos="JJ">organic</wf>
<wf cmd="tag" pos="NNS">rhythms</wf>
<wf cmd="ignore" pos="IN">of</wf>
<wf cmd="tag" pos="NN">life</wf>
<wf cmd="ignore" pos="IN">in</wf>
<wf cmd="tag" pos="NNS">words</wf>
<punc>.</punc>
</s>
<s snum="93">
<wf cmd="ignore" pos="IN">If</wf>
<wf cmd="ignore" pos="PRP">he</wf>
<wf cmd="tag" pos="RB">thus</wf>
<wf cmd="done" pos="VB" lemma="achieve" wnsn="1" lexsn="2:41:00::">achieves</wf>
<wf cmd="ignore" pos="DT">a</wf>
<wf cmd="tag" pos="JJ">lyrical</wf>
<punc>,</punc>
<wf cmd="tag" pos="JJ">dreamlike</wf>
<punc>,</punc>
<wf cmd="tag" pos="JJ">drugged</wf>
<wf cmd="tag" pos="NN">intensity</wf>
<punc>,</punc>
<wf cmd="ignore" pos="PRP">he</wf>
<wf cmd="done" pos="VB" lemma="pay" wnsn="3" lexsn="2:40:04::">pays</wf>
<wf cmd="ignore" pos="DT">the</wf>
<wf cmd="tag" pos="NN">price</wf>
<wf cmd="ignore" pos="IN">for</wf>
<wf cmd="ignore" pos="PRP$">his</wf>
<wf cmd="tag" pos="NN">indulgence</wf>
<wf cmd="ignore" pos="IN">by</wf>
<wf cmd="done" pos="VB" lemma="produce" wnsn="2" lexsn="2:36:00::">producing</wf>
<wf cmd="tag" pos="NN">work</wf>
<punc>-</punc>
<wf cmd="tag" pos="NNP">Allen_Ginsberg</wf>
<wf cmd="ignore" pos="POS">'s</wf>
<punc>``</punc>
<wf cmd="tag" pos="NNP">Howl</wf>
<punc>''</punc>
<wf cmd="done" pos="VB" lemma="be" wnsn="1" lexsn="2:42:03::">is</wf>
<wf cmd="ignore" pos="DT">a</wf>
<wf cmd="tag" pos="JJ">striking</wf>
<wf cmd="tag" pos="NN">example</wf>
<wf cmd="tag" pos="RB">of_this</wf>
<wf cmd="tag" pos="NN">tendency</wf>
<punc>-</punc>
<wf cmd="tag" pos="RB">that</wf>
<wf cmd="done" pos="VB" lemma="be" wnsn="1" lexsn="2:42:03::">is</wf>
<wf cmd="tag" pos="JJ">disoriented</wf>
<punc>,</punc>
<wf cmd="tag" pos="JJ">Dionysian</wf>
<wf cmd="ignore" pos="CC">but</wf>
<wf cmd="ignore" pos="IN">without</wf>
<wf cmd="tag" pos="NN">depth</wf>
<wf cmd="ignore" pos="CC">and</wf>
<wf cmd="ignore" pos="IN">without</wf>
<wf cmd="tag" pos="JJ">Apollonian</wf>
<wf cmd="tag" pos="NN">control</wf>
<punc>.</punc>
</s>
<s snum="94">
<wf cmd="ignore" pos="IN">For</wf>
<wf cmd="tag" pos="NNS">drugs</wf>
<wf cmd="done" pos="VB" lemma="be" wnsn="7" lexsn="2:42:02::">are</wf>
<wf cmd="ignore" pos="IN">in</wf>
<wf cmd="ignore" pos="PRP">themselves</wf>
<wf cmd="ignore" pos="DT">no</wf>
<wf cmd="tag" pos="NN">royal_road</wf>
<wf cmd="ignore" pos="TO">to</wf>
<wf cmd="tag" pos="NN">creativity</wf>
<punc>.</punc>
</s>
<s snum="95">
<wf cmd="ignore" pos="WRB">How</wf>
<wf cmd="done" pos="VBZ" ot="notag">is</wf>
<wf cmd="ignore" pos="DT">the</wf>
<wf cmd="tag" pos="NN">beat</wf>
<wf cmd="tag" pos="NN">poet</wf>
<wf cmd="ignore" pos="TO">to</wf>
<wf cmd="done" pos="VB" lemma="achieve" wnsn="1" lexsn="2:41:00::">achieve</wf>
<wf cmd="tag" pos="NN">unity</wf>
<wf cmd="ignore" pos="IN">of</wf>
<wf cmd="tag" pos="NN">form</wf>
<wf cmd="ignore" pos="WRB">when</wf>
<wf cmd="ignore" pos="PRP">he</wf>
<wf cmd="done" pos="VBZ" ot="notag">is</wf>
<wf cmd="tag" pos="RB">at_the_same_time</wf>
<wf cmd="done" pos="VB" lemma="engage" wnsn="1" lexsn="2:41:06::">engaged</wf>
<wf cmd="done" pos="VB" ot="notag">in</wf>
<wf cmd="ignore" pos="DT">a</wf>
<wf cmd="tag" pos="JJ">systematic</wf>
<wf cmd="tag" pos="NN">derangement</wf>
<wf cmd="ignore" pos="IN">of</wf>
<wf cmd="tag" pos="NNS">senses</wf>
<punc>.</punc>
</s>
</p>
<p pnum="12">
<s snum="96">
<wf cmd="ignore" pos="IN">If</wf>
<wf cmd="tag" pos="NN">love</wf>
<wf cmd="done" pos="VB" lemma="reflect" wnsn="1" lexsn="2:39:01::">reflects</wf>
<wf cmd="ignore" pos="DT">the</wf>
<wf cmd="tag" pos="NN">nature</wf>
<wf cmd="ignore" pos="IN">of</wf>
<wf cmd="tag" pos="NN">man</wf>
<punc>,</punc>
<wf cmd="ignore" pos="IN">as</wf>
<wf cmd="tag" pos="NNP">Ortega_y_Gasset</wf>
<wf cmd="done" pos="VB" lemma="believe" wnsn="1" lexsn="2:31:00::">believes</wf>
<punc>,</punc>
<wf cmd="ignore" pos="IN">if</wf>
<wf cmd="ignore" pos="DT">the</wf>
<wf cmd="tag" pos="NN">person</wf>
<wf cmd="tag" pos="JJ">in_love</wf>
<wf cmd="done" pos="VB" lemma="betray" wnsn="1" lexsn="2:32:01::">betrays</wf>
<wf cmd="tag" pos="RB">decisively</wf>
<wf cmd="ignore" pos="WP">what</wf>
<wf cmd="ignore" pos="PRP">he</wf>
<wf cmd="done" pos="VB" lemma="be" wnsn="2" lexsn="2:42:06::">is</wf>
<wf cmd="ignore" pos="IN">by</wf>
<wf cmd="ignore" pos="PRP$">his</wf>
<wf cmd="tag" pos="NN">behavior</wf>
<wf cmd="tag" pos="JJ">in_love</wf>
<punc>,</punc>
<wf cmd="tag" pos="RB">then</wf>
<wf cmd="ignore" pos="DT">the</wf>
<wf cmd="tag" pos="NNS">writers</wf>
<wf cmd="ignore" pos="IN">of</wf>
<wf cmd="ignore" pos="DT">the</wf>
<wf cmd="tag" pos="NN">beat_generation</wf>
<wf cmd="done" pos="VBP" ot="notag">are</wf>
<wf cmd="done" pos="VB" lemma="create" wnsn="1" lexsn="2:36:00::">creating</wf>
<wf cmd="ignore" pos="DT">a</wf>
<wf cmd="tag" pos="JJ">new</wf>
<wf cmd="tag" pos="JJ">literary</wf>
<wf cmd="tag" pos="NN">genre</wf>
<punc>.</punc>
</s>
</p>
</context>
</contextfile>
