<contextfile concordance="brown">
<context filename="br-g03" paras="yes">
<p pnum="1">
<s snum="1">
<wf cmd="ignore" pos="MD">Can</wf>
<wf cmd="tag" pos="JJ">thermonuclear</wf>
<wf cmd="tag" pos="NN">war</wf>
<wf cmd="done" pos="VB" ot="notag">be</wf>
<wf cmd="done" pos="VB" lemma="set_off" wnsn="1" lexsn="2:36:00::">set_off</wf>
<wf cmd="tag" pos="RB">by_accident</wf>
<punc>?</punc>
</s>
<s snum="2">
<wf cmd="ignore" pos="WP">What</wf>
<wf cmd="tag" pos="NNS">steps</wf>
<wf cmd="done" pos="VBP" ot="notag">have</wf>
<wf cmd="done" pos="VBN" ot="notag">been</wf>
<wf cmd="done" pos="VB" lemma="take" wnsn="1" lexsn="2:41:04::">taken</wf>
<wf cmd="done" pos="VB" ot="notag">to</wf>
<wf cmd="done" pos="VB" lemma="guard" wnsn="2" lexsn="2:33:00::">guard</wf>
<wf cmd="done" pos="VB" ot="notag">against</wf>
<wf cmd="ignore" pos="DT">the</wf>
<wf cmd="tag" pos="CD">one</wf>
<wf cmd="tag" pos="RB">sort_of</wf>
<wf cmd="tag" pos="NN">mishap</wf>
<wf cmd="ignore" pos="WDT">that</wf>
<wf cmd="ignore" pos="MD">could</wf>
<wf cmd="done" pos="VB" lemma="trigger" wnsn="1" lexsn="2:36:00::">trigger</wf>
<wf cmd="ignore" pos="DT">the</wf>
<wf cmd="tag" pos="NN">destruction</wf>
<wf cmd="ignore" pos="IN">of</wf>
<wf cmd="tag" pos="NNS">continents</wf>
<punc>?</punc>
</s>
<s snum="3">
<wf cmd="done" pos="VB" lemma="be" wnsn="1" lexsn="2:42:03::">Are</wf>
<wf cmd="ignore" pos="PRP">we</wf>
<wf cmd="tag" pos="RB">as</wf>
<wf cmd="tag" pos="JJ">safe</wf>
<wf cmd="ignore" pos="IN">as</wf>
<wf cmd="ignore" pos="PRP">we</wf>
<wf cmd="ignore" pos="MD">should</wf>
<wf cmd="done" pos="VB" lemma="be" wnsn="1" lexsn="2:42:03::">be</wf>
<wf cmd="done" pos="VB" ot="notag">from</wf>
<wf cmd="tag" pos="JJ">such</wf>
<wf cmd="ignore" pos="DT">a</wf>
<wf cmd="tag" pos="NN">disaster</wf>
<punc>?</punc>
</s>
<s snum="4">
<wf cmd="done" pos="VBZ" ot="notag">Is</wf>
<wf cmd="tag" pos="NN">anything</wf>
<wf cmd="done" pos="VBG" ot="notag">being</wf>
<wf cmd="done" pos="VB" lemma="do" wnsn="1" lexsn="2:41:01::">done</wf>
<wf cmd="ignore" pos="TO">to</wf>
<wf cmd="done" pos="VB" lemma="increase" wnsn="1" lexsn="2:30:00::">increase</wf>
<wf cmd="ignore" pos="PRP$">our</wf>
<wf cmd="tag" pos="NN">margin</wf>
<wf cmd="ignore" pos="IN">of</wf>
<wf cmd="tag" pos="NN">safety</wf>
<punc>?</punc>
</s>
<s snum="5">
<wf cmd="ignore" pos="MD">Will</wf>
<wf cmd="ignore" pos="DT">the</wf>
<wf cmd="tag" pos="NN">danger</wf>
<wf cmd="done" pos="VB" lemma="increase" wnsn="1" lexsn="2:30:00::">increase</wf>
<wf cmd="ignore" pos="CC">or</wf>
<wf cmd="done" pos="VB" lemma="decrease" wnsn="1" lexsn="2:30:00::">decrease</wf>
<punc>?</punc>
</s>
</p>
<p pnum="2">
<s snum="6">
<wf cmd="ignore" pos="PRP">I</wf>
<wf cmd="done" pos="VBP" ot="notag">have</wf>
<wf cmd="tag" pos="RB">just</wf>
<wf cmd="done" pos="VB" lemma="ask" wnsn="1" lexsn="2:32:00::">asked</wf>
<wf cmd="ignore" pos="DT">these</wf>
<wf cmd="tag" pos="NNS">questions</wf>
<wf cmd="ignore" pos="IN">in</wf>
<wf cmd="ignore" pos="DT">the</wf>
<wf cmd="tag" pos="NNP">Pentagon</wf>
<punc>,</punc>
<wf cmd="ignore" pos="IN">in</wf>
<wf cmd="ignore" pos="DT">the</wf>
<wf cmd="tag" pos="NN">White_House</wf>
<punc>,</punc>
<wf cmd="ignore" pos="IN">in</wf>
<wf cmd="tag" pos="NNS">offices</wf>
<wf cmd="ignore" pos="IN">of</wf>
<wf cmd="tag" pos="JJ">key</wf>
<wf cmd="tag" pos="NNS">scientists</wf>
<wf cmd="tag" pos="RB">across_the_country</wf>
<wf cmd="ignore" pos="CC">and</wf>
<wf cmd="ignore" pos="IN">aboard</wf>
<wf cmd="ignore" pos="DT">the</wf>
<wf cmd="tag" pos="NNS">submarines</wf>
<wf cmd="ignore" pos="IN">that</wf>
<wf cmd="done" pos="VB" lemma="prowl" wnsn="1" lexsn="2:38:00::">prowl</wf>
<wf cmd="ignore" pos="IN">for</wf>
<wf cmd="tag" pos="NNS">months</wf>
<wf cmd="tag" pos="JJ">underwater</wf>
<punc>,</punc>
<wf cmd="ignore" pos="IN">with</wf>
<wf cmd="tag" pos="JJ">neat</wf>
<wf cmd="tag" pos="NNS">rows</wf>
<wf cmd="ignore" pos="IN">of</wf>
<wf cmd="tag" pos="JJ">green</wf>
<wf cmd="tag" pos="NN">launch</wf>
<wf cmd="tag" pos="NNS">tubes</wf>
<wf cmd="ignore" pos="WDT">which</wf>
<wf cmd="done" pos="VB" lemma="contain" wnsn="2" lexsn="2:42:13::">contain</wf>
<wf cmd="tag" pos="NNP">Polaris</wf>
<wf cmd="tag" pos="NNS">missiles</wf>
<wf cmd="ignore" pos="CC">and</wf>
<wf cmd="ignore" pos="WDT">which</wf>
<wf cmd="done" pos="VB" lemma="be" wnsn="1" lexsn="2:42:03::">are</wf>
<wf cmd="tag" pos="RB">affectionately</wf>
<wf cmd="tag" pos="JJ">known</wf>
<wf cmd="ignore" pos="IN">as</wf>
<punc>``</punc>
<wf cmd="tag" pos="NNP">Sherwood_Forest</wf>
<punc>''</punc>
<punc>.</punc>
</s>
<s snum="7">
<wf cmd="ignore" pos="PRP">I</wf>
<wf cmd="done" pos="VB" lemma="ask" wnsn="1" lexsn="2:32:00::">asked</wf>
<wf cmd="ignore" pos="DT">the</wf>
<wf cmd="tag" pos="JJ">same</wf>
<wf cmd="tag" pos="NNS">questions</wf>
<wf cmd="ignore" pos="IN">inside</wf>
<wf cmd="ignore" pos="DT">the</wf>
<wf cmd="tag" pos="NN">launch-control</wf>
<wf cmd="tag" pos="NNS">rooms</wf>
<wf cmd="ignore" pos="IN">of</wf>
<wf cmd="ignore" pos="DT">an</wf>
<wf cmd="tag" pos="NNP">Atlas</wf>
<wf cmd="tag" pos="NN">missile</wf>
<wf cmd="tag" pos="NN">base</wf>
<wf cmd="ignore" pos="IN">in</wf>
<wf cmd="tag" pos="NNP">Wyoming</wf>
<punc>,</punc>
<wf cmd="ignore" pos="WRB">where</wf>
<wf cmd="tag" pos="NNS">officers</wf>
<wf cmd="ignore" pos="WP">who</wf>
<wf cmd="done" pos="VB" lemma="wear" wnsn="2" lexsn="2:29:04::">wear</wf>
<wf cmd="tag" pos="NNS">sidearms</wf>
<wf cmd="done" pos="VBP" ot="notag">are</wf>
<wf cmd="done" pos="VB" lemma="man" wnsn="1" lexsn="2:41:00::">manning</wf>
<wf cmd="ignore" pos="DT">the</wf>
<punc>``</punc>
<wf cmd="tag" pos="NN">commit</wf>
<wf cmd="tag" pos="NNS">buttons</wf>
<punc>''</punc>
<wf cmd="ignore" pos="WDT">that</wf>
<wf cmd="ignore" pos="MD">could</wf>
<wf cmd="done" pos="VB" lemma="start" wnsn="2" lexsn="2:30:01::">start</wf>
<wf cmd="ignore" pos="DT">a</wf>
<wf cmd="tag" pos="NN">war</wf>
<punc>-</punc>
<wf cmd="tag" pos="RB">accidentally</wf>
<wf cmd="ignore" pos="CC">or</wf>
<wf cmd="tag" pos="RB">by_design</wf>
<punc>-</punc>
<wf cmd="ignore" pos="CC">and</wf>
<wf cmd="ignore" pos="IN">in</wf>
<wf cmd="ignore" pos="DT">the</wf>
<wf cmd="tag" pos="NN">command</wf>
<wf cmd="tag" pos="NNS">centers</wf>
<wf cmd="ignore" pos="WRB">where</wf>
<wf cmd="tag" pos="JJ">other</wf>
<wf cmd="tag" pos="JJ">pistol-packing</wf>
<wf cmd="tag" pos="NNS">men</wf>
<wf cmd="ignore" pos="MD">could</wf>
<wf cmd="done" pos="VB" lemma="give" wnsn="5" lexsn="2:32:01::">give</wf>
<wf cmd="tag" pos="NNS">orders</wf>
<wf cmd="ignore" pos="TO">to</wf>
<wf cmd="done" pos="VB" lemma="push" wnsn="1" lexsn="2:38:00::">push</wf>
<wf cmd="tag" pos="JJ">such</wf>
<wf cmd="tag" pos="NNS">buttons</wf>
<punc>.</punc>
</s>
</p>
<p pnum="3">
<s snum="8">
<wf cmd="ignore" pos="TO">To</wf>
<wf cmd="ignore" pos="DT">the</wf>
<wf cmd="tag" pos="NNS">men</wf>
<wf cmd="ignore" pos="IN">in</wf>
<wf cmd="ignore" pos="DT">the</wf>
<wf cmd="tag" pos="JJ">instrument-jammed</wf>
<wf cmd="tag" pos="NN">bomber</wf>
<wf cmd="tag" pos="NNS">cockpits</wf>
<punc>,</punc>
<wf cmd="tag" pos="NN">submarine</wf>
<wf cmd="tag" pos="NNS">compartments</wf>
<wf cmd="ignore" pos="CC">and</wf>
<wf cmd="ignore" pos="DT">the</wf>
<wf cmd="tag" pos="JJ">antiseptic</wf>
<punc>,</punc>
<wf cmd="tag" pos="JJ">windowless</wf>
<wf cmd="tag" pos="NNS">rooms</wf>
<wf cmd="ignore" pos="WDT">that</wf>
<wf cmd="ignore" pos="MD">would</wf>
<wf cmd="done" pos="VB" lemma="be" wnsn="7" lexsn="2:42:02::">be</wf>
<wf cmd="ignore" pos="DT">the</wf>
<wf cmd="tag" pos="NNS">foxholes</wf>
<wf cmd="ignore" pos="IN">of</wf>
<wf cmd="tag" pos="NN">tomorrow</wf>
<wf cmd="ignore" pos="POS">'s</wf>
<wf cmd="tag" pos="JJ">impersonal</wf>
<wf cmd="tag" pos="JJ">intercontinental</wf>
<wf cmd="tag" pos="NNS">wars</wf>
<punc>,</punc>
<wf cmd="ignore" pos="DT">the</wf>
<wf cmd="tag" pos="NNS">questions</wf>
<wf cmd="done" pos="VB" lemma="seem" wnsn="1" lexsn="2:39:00::">seem</wf>
<wf cmd="tag" pos="JJ">farfetched</wf>
<punc>.</punc>
</s>
<s snum="9">
<wf cmd="ignore" pos="EX">There</wf>
<wf cmd="done" pos="VB" lemma="be" wnsn="4" lexsn="2:42:00::">is</wf>
<wf cmd="tag" pos="JJ">unceasing</wf>
<wf cmd="tag" pos="NN">pressure</wf>
<punc>,</punc>
<wf cmd="ignore" pos="CC">but</wf>
<wf cmd="ignore" pos="PRP$">its</wf>
<wf cmd="tag" pos="NNS">sources</wf>
<wf cmd="done" pos="VB" lemma="be" wnsn="1" lexsn="2:42:03::">are</wf>
<wf cmd="tag" pos="JJ">immediate</wf>
<punc>.</punc>
</s>
<s snum="10">
<punc>``</punc>
<wf cmd="tag" pos="NN">Readiness</wf>
<wf cmd="tag" pos="NNS">exercises</wf>
<punc>''</punc>
<wf cmd="done" pos="VB" lemma="be" wnsn="1" lexsn="2:42:03::">are</wf>
<wf cmd="tag" pos="RB">almost</wf>
<wf cmd="tag" pos="JJ">continuous</wf>
<punc>.</punc>
</s>
<s snum="11">
<wf cmd="ignore" pos="DT">Each</wf>
<wf cmd="ignore" pos="MD">could</wf>
<wf cmd="done" pos="VB" lemma="be" wnsn="7" lexsn="2:42:02::">be</wf>
<wf cmd="ignore" pos="DT">the</wf>
<wf cmd="tag" pos="NN">real_thing</wf>
<punc>.</punc>
</s>
</p>
<p pnum="4">
<s snum="12">
<wf cmd="ignore" pos="IN">In</wf>
<wf cmd="ignore" pos="DT">the</wf>
<wf cmd="tag" pos="NN">command</wf>
<wf cmd="tag" pos="NNS">centers</wf>
<wf cmd="ignore" pos="EX">there</wf>
<wf cmd="done" pos="VB" lemma="be" wnsn="4" lexsn="2:42:00::">are</wf>
<wf cmd="tag" pos="JJ">special</wf>
<wf cmd="tag" pos="NNS">clocks</wf>
<wf cmd="tag" pos="JJ">ready_to</wf>
<wf cmd="done" pos="VB" lemma="tick" wnsn="1" lexsn="2:39:00::">tick</wf>
<wf cmd="done" pos="VB" ot="notag">off</wf>
<wf cmd="ignore" pos="DT">the</wf>
<wf cmd="tag" pos="NNS">minutes</wf>
<wf cmd="done" pos="VB" lemma="elapse" wnsn="1" lexsn="2:38:00::">elapsed</wf>
<wf cmd="ignore" pos="IN">since</wf>
<punc>``</punc>
<wf cmd="tag" pos="NN">E</wf>
<wf cmd="tag" pos="NN">hour</wf>
<punc>''</punc>
<punc>.</punc>
</s>
<s snum="13">
<punc>``</punc>
<wf cmd="tag" pos="NN">E</wf>
<punc>''</punc>
<wf cmd="done" pos="VB" lemma="stand_for" wnsn="2" lexsn="2:32:00::">stands_for</wf>
<punc>``</punc>
<wf cmd="tag" pos="NN">execution</wf>
<punc>''</punc>
<punc>-</punc>
<wf cmd="ignore" pos="DT">the</wf>
<wf cmd="tag" pos="NN">moment</wf>
<wf cmd="ignore" pos="DT">a</wf>
<punc>``</punc>
<wf cmd="tag" pos="NN">go</wf>
<wf cmd="tag" pos="NN">order</wf>
<punc>''</punc>
<wf cmd="ignore" pos="MD">would</wf>
<wf cmd="done" pos="VB" lemma="unleash" wnsn="2" lexsn="2:35:01::">unleash</wf>
<wf cmd="ignore" pos="DT">an</wf>
<wf cmd="tag" pos="NNP">American</wf>
<wf cmd="tag" pos="JJ">nuclear</wf>
<wf cmd="tag" pos="NN">strike</wf>
<punc>.</punc>
</s>
<s snum="14">
<wf cmd="ignore" pos="EX">There</wf>
<wf cmd="done" pos="VB" lemma="be" wnsn="4" lexsn="2:42:00::">is</wf>
<wf cmd="tag" pos="JJ">little</wf>
<wf cmd="tag" pos="NN">time</wf>
<wf cmd="ignore" pos="IN">for</wf>
<wf cmd="ignore" pos="DT">the</wf>
<wf cmd="tag" pos="NNS">men</wf>
<wf cmd="ignore" pos="IN">in</wf>
<wf cmd="ignore" pos="DT">the</wf>
<wf cmd="tag" pos="NN">command</wf>
<wf cmd="tag" pos="NNS">centers</wf>
<wf cmd="ignore" pos="TO">to</wf>
<wf cmd="done" pos="VB" lemma="reflect" wnsn="2" lexsn="2:31:00::">reflect</wf>
<wf cmd="ignore" pos="IN">about</wf>
<wf cmd="ignore" pos="DT">the</wf>
<wf cmd="tag" pos="NNS">implications</wf>
<wf cmd="ignore" pos="IN">of</wf>
<wf cmd="ignore" pos="DT">these</wf>
<wf cmd="tag" pos="NNS">clocks</wf>
<punc>.</punc>
</s>
<s snum="15">
<wf cmd="ignore" pos="PRP">They</wf>
<wf cmd="done" pos="VB" lemma="be" wnsn="1" lexsn="2:42:03::">are</wf>
<wf cmd="tag" pos="JJ">preoccupied</wf>
<wf cmd="done" pos="VB" lemma="ride_herd_on" wnsn="0" lexsn="2:39:00::">riding_herd_on</wf>
<wf cmd="tag" pos="NN">control_panels</wf>
<punc>,</punc>
<wf cmd="tag" pos="NNS">switches</wf>
<punc>,</punc>
<wf cmd="tag" pos="JJ">flashing</wf>
<wf cmd="tag" pos="JJ">colored</wf>
<wf cmd="tag" pos="NNS">lights</wf>
<wf cmd="ignore" pos="IN">on</wf>
<wf cmd="tag" pos="JJ">pale</wf>
<wf cmd="tag" pos="JJ">green</wf>
<wf cmd="ignore" pos="CC">or</wf>
<wf cmd="tag" pos="JJ">gray</wf>
<wf cmd="tag" pos="NNS">consoles</wf>
<wf cmd="ignore" pos="IN">that</wf>
<wf cmd="done" pos="VB" lemma="look_like" wnsn="1" lexsn="2:42:00::">look_like</wf>
<wf cmd="tag" pos="NN">business</wf>
<wf cmd="tag" pos="NNS">machines</wf>
<punc>.</punc>
</s>
<s snum="16">
<wf cmd="ignore" pos="PRP">They</wf>
<wf cmd="done" pos="VB" lemma="know" wnsn="1" lexsn="2:31:01::">know</wf>
<wf cmd="tag" pos="JJ">little</wf>
<wf cmd="ignore" pos="IN">about</wf>
<wf cmd="ignore" pos="PRP$">their</wf>
<wf cmd="tag" pos="NN">machinery</wf>
<wf cmd="ignore" pos="IN">beyond</wf>
<wf cmd="tag" pos="JJ">mechanical</wf>
<wf cmd="tag" pos="NNS">details</wf>
<punc>.</punc>
</s>
<s snum="17">
<wf cmd="tag" pos="JJ">Accidental</wf>
<wf cmd="tag" pos="NN">war</wf>
<wf cmd="done" pos="VB" lemma="be" wnsn="1" lexsn="2:42:03::">is</wf>
<wf cmd="tag" pos="RB">so</wf>
<wf cmd="tag" pos="JJ">sensitive</wf>
<wf cmd="ignore" pos="DT">a</wf>
<wf cmd="tag" pos="NN">subject</wf>
<wf cmd="ignore" pos="IN">that</wf>
<wf cmd="tag" pos="JJ">most_of</wf>
<wf cmd="ignore" pos="DT">the</wf>
<wf cmd="tag" pos="NNS">people</wf>
<wf cmd="ignore" pos="WP">who</wf>
<wf cmd="ignore" pos="MD">could</wf>
<wf cmd="done" pos="VB" lemma="become" wnsn="1" lexsn="2:30:00::">become</wf>
<wf cmd="tag" pos="RB">directly</wf>
<wf cmd="tag" pos="JJ">involved</wf>
<wf cmd="ignore" pos="IN">in</wf>
<wf cmd="tag" pos="CD">one</wf>
<wf cmd="done" pos="VBP" ot="notag">are</wf>
<wf cmd="done" pos="VB" lemma="tell" wnsn="1" lexsn="2:32:04::">told</wf>
<wf cmd="tag" pos="RB">just</wf>
<wf cmd="tag" pos="RB">enough</wf>
<wf cmd="tag" pos="RB">so</wf>
<wf cmd="ignore" pos="PRP">they</wf>
<wf cmd="ignore" pos="MD">can</wf>
<wf cmd="done" pos="VB" lemma="perform" wnsn="4" lexsn="2:41:00::">perform</wf>
<wf cmd="ignore" pos="PRP$">their</wf>
<wf cmd="tag" pos="NNS">portions</wf>
<wf cmd="ignore" pos="IN">of</wf>
<wf cmd="tag" pos="RB">incredibly</wf>
<wf cmd="tag" pos="JJ">complex</wf>
<wf cmd="tag" pos="NNS">tasks</wf>
<punc>.</punc>
</s>
</p>
<p pnum="5">
<s snum="18">
<wf cmd="ignore" pos="IN">Among</wf>
<wf cmd="ignore" pos="DT">the</wf>
<wf cmd="tag" pos="NN">policy</wf>
<wf cmd="tag" pos="NNS">makers</wf>
<punc>,</punc>
<wf cmd="tag" pos="NNS">generals</wf>
<punc>,</punc>
<wf cmd="tag" pos="NNS">physicists</wf>
<punc>,</punc>
<wf cmd="tag" pos="NNS">psychologists</wf>
<wf cmd="tag" pos="RB">and_others</wf>
<wf cmd="done" pos="VB" lemma="charge" wnsn="5" lexsn="2:41:00::">charged</wf>
<wf cmd="ignore" pos="IN">with</wf>
<wf cmd="done" pos="VB" lemma="control" wnsn="1" lexsn="2:41:00::">controlling</wf>
<wf cmd="ignore" pos="DT">the</wf>
<wf cmd="tag" pos="NNS">actions</wf>
<wf cmd="ignore" pos="IN">of</wf>
<wf cmd="ignore" pos="DT">the</wf>
<wf cmd="tag" pos="NN">button</wf>
<wf cmd="tag" pos="NNS">pushers</wf>
<wf cmd="ignore" pos="CC">and</wf>
<wf cmd="ignore" pos="PRP$">their</wf>
<punc>``</punc>
<wf cmd="tag" pos="NN">hardware</wf>
<punc>''</punc>
<punc>,</punc>
<wf cmd="ignore" pos="DT">the</wf>
<wf cmd="tag" pos="NNS">answers</wf>
<wf cmd="ignore" pos="TO">to</wf>
<wf cmd="ignore" pos="PRP$">my</wf>
<wf cmd="tag" pos="NNS">questions</wf>
<wf cmd="done" pos="VB" lemma="vary" wnsn="1" lexsn="2:30:01::">varied</wf>
<wf cmd="tag" pos="RB">partly</wf>
<wf cmd="tag" pos="JJ">according</wf>
<wf cmd="tag" pos="RB">to_a_man</wf>
<wf cmd="ignore" pos="POS">'s</wf>
<wf cmd="tag" pos="NN">flair</wf>
<wf cmd="ignore" pos="IN">for</wf>
<wf cmd="ignore" pos="WP">what</wf>
<wf cmd="ignore" pos="DT">the</wf>
<wf cmd="tag" pos="NNS">professionals</wf>
<wf cmd="tag" pos="RB">in_this</wf>
<wf cmd="tag" pos="NN">field</wf>
<wf cmd="done" pos="VB" lemma="call" wnsn="1" lexsn="2:32:02::">call</wf>
<punc>``</punc>
<wf cmd="tag" pos="NNS">scenarios</wf>
<punc>''</punc>
<punc>.</punc>
</s>
<s snum="19">
<wf cmd="ignore" pos="IN">As</wf>
<wf cmd="ignore" pos="DT">an</wf>
<wf cmd="tag" pos="NN">Air_Force</wf>
<wf cmd="tag" pos="NN">psychiatrist</wf>
<wf cmd="done" pos="VB" lemma="put" wnsn="3" lexsn="2:32:00::">put</wf>
<wf cmd="ignore" pos="PRP">it</wf>
<punc>:</punc>
<punc>``</punc>
<wf cmd="ignore" pos="PRP">You</wf>
<wf cmd="ignore" pos="MD">can</wf>
<wf cmd="tag" pos="RB">n't</wf>
<wf cmd="done" pos="VB" lemma="have" wnsn="8" lexsn="2:36:00::">have</wf>
<wf cmd="tag" pos="NN">dry_runs</wf>
<wf cmd="ignore" pos="IN">on</wf>
<wf cmd="ignore" pos="DT">this</wf>
<wf cmd="tag" pos="CD">one</wf>
<punc>''</punc>
<punc>.</punc>
</s>
<s snum="20">
<wf cmd="ignore" pos="DT">The</wf>
<wf cmd="tag" pos="NNS">experts</wf>
<wf cmd="done" pos="VBP" ot="notag">are</wf>
<wf cmd="tag" pos="RB">thus</wf>
<wf cmd="done" pos="VB" lemma="force" wnsn="1" lexsn="2:41:00::">forced</wf>
<wf cmd="ignore" pos="TO">to</wf>
<wf cmd="done" pos="VB" lemma="hypothesize" wnsn="1" lexsn="2:31:00::">hypothesize</wf>
<wf cmd="tag" pos="NNS">sequences</wf>
<wf cmd="ignore" pos="IN">of</wf>
<wf cmd="tag" pos="NNS">events</wf>
<wf cmd="ignore" pos="WDT">that</wf>
<wf cmd="done" pos="VBP" ot="notag">have</wf>
<wf cmd="tag" pos="RB">never</wf>
<wf cmd="done" pos="VB" lemma="occur" wnsn="1" lexsn="2:30:00::">occurred</wf>
<punc>,</punc>
<wf cmd="tag" pos="RB">probably</wf>
<wf cmd="tag" pos="RB">never</wf>
<wf cmd="ignore" pos="MD">will</wf>
<punc>-</punc>
<wf cmd="ignore" pos="CC">but</wf>
<wf cmd="tag" pos="RB">possibly</wf>
<wf cmd="ignore" pos="MD">might</wf>
<punc>.</punc>
</s>
<s snum="21">
<wf cmd="tag" pos="RB">Only</wf>
<wf cmd="tag" pos="CD">one</wf>
<wf cmd="tag" pos="NN">rule</wf>
<wf cmd="done" pos="VB" lemma="prevail" wnsn="3" lexsn="2:42:00::">prevailed</wf>
<wf cmd="ignore" pos="IN">in</wf>
<wf cmd="ignore" pos="PRP$">my</wf>
<wf cmd="tag" pos="NNS">conversations</wf>
<wf cmd="ignore" pos="IN">with</wf>
<wf cmd="ignore" pos="DT">these</wf>
<wf cmd="tag" pos="NNS">men</wf>
<punc>:</punc>
<wf cmd="ignore" pos="DT">The</wf>
<wf cmd="tag" pos="RBR">more</wf>
<wf cmd="tag" pos="RB">highly</wf>
<wf cmd="tag" pos="JJ">placed</wf>
<wf cmd="ignore" pos="PRP">they</wf>
<wf cmd="done" pos="VB" lemma="be" wnsn="1" lexsn="2:42:03::">are</wf>
<punc>-</punc>
<wf cmd="tag" pos="RB">that_is</wf>
<punc>,</punc>
<wf cmd="ignore" pos="DT">the</wf>
<wf cmd="tag" pos="JJR">more</wf>
<wf cmd="ignore" pos="PRP">they</wf>
<wf cmd="done" pos="VB" lemma="know" wnsn="1" lexsn="2:31:01::">know</wf>
<punc>-</punc>
<wf cmd="ignore" pos="DT">the</wf>
<wf cmd="tag" pos="RBR">more</wf>
<wf cmd="tag" pos="JJ">concerned</wf>
<wf cmd="ignore" pos="PRP">they</wf>
<wf cmd="done" pos="VBP" ot="notag">have</wf>
<wf cmd="done" pos="VB" lemma="become" wnsn="1" lexsn="2:30:00::">become</wf>
<punc>.</punc>
</s>
</p>
<p pnum="6">
<s snum="22">
<wf cmd="tag" pos="RB">Already</wf>
<wf cmd="tag" pos="JJ">accidental</wf>
<wf cmd="tag" pos="NN">war</wf>
<wf cmd="done" pos="VB" lemma="be" wnsn="2" lexsn="2:42:06::">is</wf>
<wf cmd="ignore" pos="DT">a</wf>
<wf cmd="tag" pos="JJ">silent</wf>
<wf cmd="tag" pos="NN">guest</wf>
<wf cmd="ignore" pos="IN">at</wf>
<wf cmd="ignore" pos="DT">the</wf>
<wf cmd="tag" pos="NNS">discussions</wf>
<wf cmd="ignore" pos="IN">within</wf>
<wf cmd="ignore" pos="DT">the</wf>
<wf cmd="tag" pos="NNP">Kennedy_Administration</wf>
<wf cmd="ignore" pos="IN">about</wf>
<wf cmd="ignore" pos="DT">the</wf>
<wf cmd="tag" pos="NN">urgency</wf>
<wf cmd="ignore" pos="IN">of</wf>
<wf cmd="tag" pos="NN">disarmament</wf>
<wf cmd="ignore" pos="CC">and</wf>
<wf cmd="tag" pos="RB">nearly</wf>
<wf cmd="ignore" pos="DT">all</wf>
<wf cmd="tag" pos="JJ">other</wf>
<wf cmd="tag" pos="NNS">questions</wf>
<wf cmd="ignore" pos="IN">of</wf>
<wf cmd="tag" pos="JJ">national</wf>
<wf cmd="tag" pos="NN">security</wf>
<punc>.</punc>
</s>
<s snum="23">
<wf cmd="tag" pos="RB">Only</wf>
<wf cmd="tag" pos="RB">recently</wf>
<wf cmd="tag" pos="JJ">new</wf>
<punc>``</punc>
<wf cmd="tag" pos="NNS">holes</wf>
<punc>''</punc>
<wf cmd="done" pos="VBD" ot="notag">were</wf>
<wf cmd="done" pos="VB" lemma="discover" wnsn="1" lexsn="2:39:03::">discovered</wf>
<wf cmd="ignore" pos="IN">in</wf>
<wf cmd="ignore" pos="PRP$">our</wf>
<wf cmd="tag" pos="NN">safety</wf>
<wf cmd="tag" pos="NNS">measures</wf>
<punc>,</punc>
<wf cmd="ignore" pos="CC">and</wf>
<wf cmd="ignore" pos="DT">a</wf>
<wf cmd="tag" pos="NN">search</wf>
<wf cmd="done" pos="VB" lemma="be" wnsn="1" lexsn="2:42:03::">is</wf>
<wf cmd="tag" pos="RB">now</wf>
<wf cmd="ignore" pos="IN">on</wf>
<wf cmd="ignore" pos="IN">for</wf>
<wf cmd="tag" pos="JJR">more</wf>
<punc>.</punc>
</s>
<s snum="24">
<wf cmd="tag" pos="NN">Work</wf>
<wf cmd="done" pos="VB" lemma="be" wnsn="1" lexsn="2:42:03::">is</wf>
<wf cmd="tag" pos="JJ">under_way</wf>
<wf cmd="ignore" pos="TO">to</wf>
<wf cmd="done" pos="VB" lemma="see" wnsn="6" lexsn="2:31:02::">see</wf>
<wf cmd="ignore" pos="IN">whether</wf>
<wf cmd="tag" pos="JJ">new</wf>
<wf cmd="tag" pos="NN">restraining</wf>
<wf cmd="tag" pos="NNS">devices</wf>
<wf cmd="ignore" pos="MD">should</wf>
<wf cmd="done" pos="VB" ot="notag">be_installed</wf>
<wf cmd="ignore" pos="IN">on</wf>
<wf cmd="ignore" pos="DT">all</wf>
<wf cmd="tag" pos="NN">nuclear_weapons</wf>
<punc>.</punc>
</s>
</p>
<p pnum="7">
<s snum="25">
<wf cmd="tag" pos="RB">Meanwhile</wf>
<punc>,</punc>
<wf cmd="ignore" pos="DT">the</wf>
<wf cmd="tag" pos="NNS">experts</wf>
<wf cmd="done" pos="VB" lemma="speak" wnsn="2" lexsn="2:32:01::">speak</wf>
<wf cmd="ignore" pos="IN">of</wf>
<wf cmd="tag" pos="NNS">wars</wf>
<wf cmd="done" pos="VB" lemma="trigger" wnsn="1" lexsn="2:36:00::">triggered</wf>
<wf cmd="ignore" pos="IN">by</wf>
<punc>``</punc>
<wf cmd="tag" pos="JJ">false</wf>
<wf cmd="tag" pos="JJ">pre-emption</wf>
<punc>''</punc>
<punc>,</punc>
<punc>``</punc>
<wf cmd="tag" pos="NN">escalation</wf>
<punc>''</punc>
<punc>,</punc>
<punc>``</punc>
<wf cmd="tag" pos="JJ">unauthorized</wf>
<wf cmd="tag" pos="NN">behavior</wf>
<punc>''</punc>
<wf cmd="ignore" pos="CC">and</wf>
<wf cmd="tag" pos="JJ">other</wf>
<wf cmd="tag" pos="NNS">terms</wf>
<wf cmd="ignore" pos="WDT">that</wf>
<wf cmd="ignore" pos="MD">will</wf>
<wf cmd="done" pos="VB" ot="notag">be</wf>
<wf cmd="done" pos="VB" lemma="discuss" wnsn="1" lexsn="2:32:01::">discussed</wf>
<wf cmd="tag" pos="RB">in_this</wf>
<wf cmd="tag" pos="NN">report</wf>
<punc>.</punc>
</s>
<s snum="26">
<wf cmd="ignore" pos="PRP">They</wf>
<wf cmd="done" pos="VB" lemma="inhabit" wnsn="2" lexsn="2:42:02::">inhabit</wf>
<wf cmd="ignore" pos="DT">a</wf>
<wf cmd="tag" pos="JJ">secret</wf>
<wf cmd="tag" pos="NN">world</wf>
<wf cmd="done" pos="VB" lemma="center" wnsn="1" lexsn="2:42:00::">centered</wf>
<wf cmd="done" pos="VB" ot="notag">on</wf>
<punc>``</punc>
<wf cmd="tag" pos="NN">go</wf>
<wf cmd="tag" pos="NNS">codes</wf>
<punc>''</punc>
<wf cmd="ignore" pos="CC">and</wf>
<punc>``</punc>
<wf cmd="tag" pos="NN">gold</wf>
<wf cmd="tag" pos="NNS">phones</wf>
<punc>''</punc>
<punc>.</punc>
</s>
<s snum="27">
<wf cmd="ignore" pos="PRP$">Their</wf>
<wf cmd="tag" pos="NNS">conversations</wf>
<wf cmd="done" pos="VBD" ot="notag">were</wf>
<punc>,</punc>
<wf cmd="tag" pos="RB">almost</wf>
<wf cmd="tag" pos="RB">invariably</wf>
<punc>,</punc>
<wf cmd="done" pos="VB" lemma="accompany" wnsn="1" lexsn="2:42:00::">accompanied</wf>
<wf cmd="ignore" pos="IN">by</wf>
<wf cmd="ignore" pos="DT">the</wf>
<wf cmd="tag" pos="JJ">same</wf>
<wf cmd="tag" pos="NNS">gestures</wf>
<punc>-</punc>
<wf cmd="tag" pos="NNS">arms</wf>
<wf cmd="ignore" pos="CC">and</wf>
<wf cmd="tag" pos="JJ">pointed</wf>
<wf cmd="tag" pos="NNS">forefingers</wf>
<wf cmd="done" pos="VB" lemma="dart" wnsn="3" lexsn="2:38:02::">darting</wf>
<wf cmd="ignore" pos="IN">toward</wf>
<wf cmd="ignore" pos="DT">each</wf>
<wf cmd="tag" pos="NN">other</wf>
<wf cmd="ignore" pos="IN">in</wf>
<wf cmd="tag" pos="JJ">arclike</wf>
<wf cmd="tag" pos="JJ">semicircular</wf>
<wf cmd="tag" pos="NNS">motions</wf>
<punc>.</punc>
</s>
<s snum="28">
<wf cmd="tag" pos="CD">One</wf>
<wf cmd="tag" pos="NN">arm</wf>
<wf cmd="done" pos="VB" lemma="represent" wnsn="10" lexsn="2:36:02::">represented</wf>
<wf cmd="ignore" pos="PRP$">our</wf>
<wf cmd="tag" pos="NNS">bombers</wf>
<wf cmd="ignore" pos="CC">and</wf>
<wf cmd="tag" pos="NNS">missiles</wf>
<punc>,</punc>
<wf cmd="ignore" pos="DT">the</wf>
<wf cmd="tag" pos="JJ">other</wf>
<wf cmd="tag" pos="NN">arm</wf>
<punc>``</punc>
<wf cmd="ignore" pos="PRP">theirs</wf>
<punc>''</punc>
<punc>.</punc>
</s>
<s snum="29">
<wf cmd="tag" pos="RB">Yet</wf>
<wf cmd="tag" pos="JJ">implicit_in</wf>
<wf cmd="ignore" pos="DT">each</wf>
<wf cmd="tag" pos="NN">movement</wf>
<wf cmd="done" pos="VB" lemma="be" wnsn="1" lexsn="2:42:03::">was</wf>
<wf cmd="ignore" pos="DT">the</wf>
<wf cmd="tag" pos="NN">death</wf>
<wf cmd="ignore" pos="IN">of</wf>
<wf cmd="tag" pos="NNS">millions</wf>
<punc>,</punc>
<wf cmd="tag" pos="RB">perhaps</wf>
<wf cmd="tag" pos="NNS">hundreds</wf>
<wf cmd="ignore" pos="IN">of</wf>
<wf cmd="tag" pos="NNS">millions</wf>
<punc>,</punc>
<wf cmd="tag" pos="RB">perhaps</wf>
<wf cmd="ignore" pos="PRP">you</wf>
<wf cmd="ignore" pos="CC">and</wf>
<wf cmd="ignore" pos="PRP">me</wf>
<punc>-</punc>
<wf cmd="ignore" pos="CC">and</wf>
<wf cmd="ignore" pos="DT">the</wf>
<wf cmd="tag" pos="NNS">experts</wf>
<punc>.</punc>
</s>
</p>
<p pnum="8">
<s snum="30">
<wf cmd="ignore" pos="DT">These</wf>
<wf cmd="tag" pos="NNS">men</wf>
<wf cmd="done" pos="VB" lemma="be" wnsn="1" lexsn="2:42:03::">are</wf>
<wf cmd="tag" pos="RB">not</wf>
<wf cmd="tag" pos="JJ">callous</wf>
<punc>.</punc>
</s>
<s snum="31">
<wf cmd="ignore" pos="PRP">It</wf>
<wf cmd="done" pos="VB" lemma="be" wnsn="2" lexsn="2:42:06::">is</wf>
<wf cmd="ignore" pos="PRP$">their</wf>
<wf cmd="tag" pos="NN">job</wf>
<wf cmd="ignore" pos="TO">to</wf>
<wf cmd="done" pos="VB" lemma="think_about" wnsn="2" lexsn="2:31:03::">think_about</wf>
<wf cmd="ignore" pos="DT">the</wf>
<wf cmd="tag" pos="NN">unthinkable</wf>
<punc>.</punc>
</s>
<s snum="32">
<wf cmd="tag" pos="RB">Unanimously</wf>
<wf cmd="ignore" pos="PRP">they</wf>
<wf cmd="done" pos="VB" lemma="believe" wnsn="1" lexsn="2:31:00::">believe</wf>
<wf cmd="ignore" pos="IN">that</wf>
<wf cmd="ignore" pos="DT">the</wf>
<wf cmd="tag" pos="NN">world</wf>
<wf cmd="ignore" pos="MD">would</wf>
<wf cmd="done" pos="VB" lemma="become" wnsn="1" lexsn="2:30:00::">become</wf>
<wf cmd="ignore" pos="DT">a</wf>
<wf cmd="tag" pos="JJR">safer</wf>
<wf cmd="tag" pos="NN">place</wf>
<wf cmd="ignore" pos="IN">if</wf>
<wf cmd="tag" pos="JJR">more</wf>
<wf cmd="ignore" pos="IN">of</wf>
<wf cmd="ignore" pos="PRP">us</wf>
<punc>-</punc>
<wf cmd="ignore" pos="CC">and</wf>
<wf cmd="tag" pos="JJR">more</wf>
<wf cmd="tag" pos="NNPS">Russians</wf>
<wf cmd="ignore" pos="CC">and</wf>
<wf cmd="tag" pos="NNP">Communist</wf>
<wf cmd="tag" pos="JJ">Chinese</wf>
<punc>,</punc>
<wf cmd="tag" pos="RB">too</wf>
<punc>-</punc>
<wf cmd="done" pos="VB" lemma="think_about" wnsn="2" lexsn="2:31:03::">thought_about</wf>
<wf cmd="tag" pos="JJ">accidental</wf>
<wf cmd="tag" pos="NN">war</wf>
<punc>.</punc>
</s>
</p>
<p pnum="9">
<s snum="33">
<wf cmd="ignore" pos="DT">The</wf>
<wf cmd="tag" pos="JJ">first</wf>
<wf cmd="tag" pos="JJ">systematic</wf>
<wf cmd="tag" pos="NN">thinking</wf>
<wf cmd="done" pos="VB" ot="notag">about</wf>
<wf cmd="ignore" pos="DT">this</wf>
<wf cmd="tag" pos="NNP">Pandora</wf>
<wf cmd="ignore" pos="POS">'s</wf>
<wf cmd="tag" pos="NN">box</wf>
<wf cmd="ignore" pos="IN">within</wf>
<wf cmd="tag" pos="NNP">Pandora</wf>
<wf cmd="ignore" pos="POS">'s</wf>
<wf cmd="tag" pos="NNS">boxes</wf>
<wf cmd="done" pos="VBD" ot="notag">was</wf>
<wf cmd="done" pos="VB" lemma="do" wnsn="1" lexsn="2:41:01::">done</wf>
<wf cmd="tag" pos="CD">four</wf>
<wf cmd="tag" pos="NNS">years</wf>
<wf cmd="tag" pos="RB">ago</wf>
<wf cmd="ignore" pos="IN">by</wf>
<wf cmd="tag" pos="NNP">Fred_Ikle</wf>
<punc>,</punc>
<wf cmd="ignore" pos="DT">a</wf>
<wf cmd="tag" pos="JJ">frail</wf>
<punc>,</punc>
<wf cmd="tag" pos="JJ">meek-mannered</wf>
<wf cmd="tag" pos="JJ">Swiss-born</wf>
<wf cmd="tag" pos="NN">sociologist</wf>
<punc>.</punc>
</s>
<s snum="34">
<wf cmd="ignore" pos="PRP">He</wf>
<wf cmd="done" pos="VB" lemma="be" wnsn="8" lexsn="2:41:00::">was</wf>
<punc>,</punc>
<wf cmd="ignore" pos="CC">and</wf>
<wf cmd="done" pos="VB" lemma="be" wnsn="8" lexsn="2:41:00::">is</wf>
<punc>,</punc>
<wf cmd="ignore" pos="IN">with</wf>
<wf cmd="ignore" pos="DT">the</wf>
<wf cmd="tag" pos="NNP">RAND_Corporation</wf>
<punc>,</punc>
<wf cmd="ignore" pos="DT">a</wf>
<wf cmd="tag" pos="JJ">nonprofit</wf>
<wf cmd="tag" pos="NN">pool</wf>
<wf cmd="ignore" pos="IN">of</wf>
<wf cmd="tag" pos="NNS">thinkers</wf>
<wf cmd="done" pos="VB" lemma="finance" wnsn="1" lexsn="2:40:00::">financed</wf>
<wf cmd="ignore" pos="IN">by</wf>
<wf cmd="ignore" pos="DT">the</wf>
<wf cmd="tag" pos="NNP">U._S.</wf>
<wf cmd="tag" pos="NN">Air_Force</wf>
<punc>.</punc>
</s>
<s snum="35">
<wf cmd="ignore" pos="PRP$">His</wf>
<wf cmd="tag" pos="NNS">investigations</wf>
<wf cmd="done" pos="VB" lemma="make" wnsn="2" lexsn="2:30:00::">made</wf>
<wf cmd="ignore" pos="PRP">him</wf>
<wf cmd="ignore" pos="DT">the</wf>
<wf cmd="tag" pos="NNP">Paul_Revere</wf>
<wf cmd="ignore" pos="IN">of</wf>
<wf cmd="tag" pos="JJ">accidental</wf>
<wf cmd="tag" pos="NN">war</wf>
<punc>,</punc>
<wf cmd="ignore" pos="CC">and</wf>
<wf cmd="tag" pos="NN">safety</wf>
<wf cmd="tag" pos="NNS">procedures</wf>
<wf cmd="done" pos="VBD" ot="notag">were</wf>
<wf cmd="tag" pos="RB">enormously</wf>
<wf cmd="done" pos="VB" lemma="increase" wnsn="1" lexsn="2:30:00::">increased</wf>
<punc>.</punc>
</s>
</p>
<p pnum="10">
<s snum="36">
<wf cmd="ignore" pos="IN">In</wf>
<wf cmd="tag" pos="JJ">recent</wf>
<wf cmd="tag" pos="NNS">weeks</wf>
<punc>,</punc>
<wf cmd="ignore" pos="IN">as</wf>
<wf cmd="ignore" pos="DT">a</wf>
<wf cmd="tag" pos="NN">result</wf>
<wf cmd="ignore" pos="IN">of</wf>
<wf cmd="ignore" pos="DT">a</wf>
<wf cmd="tag" pos="JJ">sweeping</wf>
<wf cmd="tag" pos="NN">defense_policy</wf>
<wf cmd="tag" pos="NN">reappraisal</wf>
<wf cmd="ignore" pos="IN">by</wf>
<wf cmd="ignore" pos="DT">the</wf>
<wf cmd="tag" pos="NNP">Kennedy_Administration</wf>
<punc>,</punc>
<wf cmd="tag" pos="JJ">basic</wf>
<wf cmd="tag" pos="NN">United_States</wf>
<wf cmd="tag" pos="NN">strategy</wf>
<wf cmd="done" pos="VBZ" ot="notag">has</wf>
<wf cmd="done" pos="VBN" ot="notag">been</wf>
<wf cmd="done" pos="VB" lemma="modify" wnsn="1" lexsn="2:30:00::">modified</wf>
<punc>-</punc>
<wf cmd="ignore" pos="CC">and</wf>
<wf cmd="tag" pos="JJ">large</wf>
<wf cmd="tag" pos="JJ">new</wf>
<wf cmd="tag" pos="NNS">sums</wf>
<wf cmd="done" pos="VB" lemma="allocate" wnsn="1" lexsn="2:40:00::">allocated</wf>
<punc>-</punc>
<wf cmd="ignore" pos="TO">to</wf>
<wf cmd="done" pos="VB" lemma="meet" wnsn="6" lexsn="2:41:02::">meet</wf>
<wf cmd="ignore" pos="DT">the</wf>
<wf cmd="tag" pos="NN">accidental-war</wf>
<wf cmd="tag" pos="NN">danger</wf>
<wf cmd="ignore" pos="CC">and</wf>
<wf cmd="ignore" pos="TO">to</wf>
<wf cmd="done" pos="VB" lemma="reduce" wnsn="1" lexsn="2:30:00::">reduce</wf>
<wf cmd="ignore" pos="PRP">it</wf>
<wf cmd="tag" pos="RB">as</wf>
<wf cmd="tag" pos="RB">quickly</wf>
<wf cmd="ignore" pos="IN">as</wf>
<wf cmd="tag" pos="JJ">possible</wf>
<punc>.</punc>
</s>
</p>
<p pnum="11">
<s snum="37">
<wf cmd="ignore" pos="DT">The</wf>
<wf cmd="tag" pos="NN">chain</wf>
<wf cmd="done" pos="VB" lemma="start" wnsn="4" lexsn="2:42:00::">starts</wf>
<wf cmd="ignore" pos="IN">at</wf>
<wf cmd="tag" pos="NNP">BMEWS</wf>
<punc>(</punc>
<wf cmd="tag" pos="NN">Ballistic_Missile</wf>
<wf cmd="tag" pos="NN">Early_Warning_System</wf>
<punc>)</punc>
<wf cmd="ignore" pos="IN">in</wf>
<wf cmd="tag" pos="NNP">Thule</wf>
<punc>,</punc>
<wf cmd="tag" pos="NNP">Greenland</wf>
<punc>.</punc>
</s>
<s snum="38">
<wf cmd="ignore" pos="PRP$">Its</wf>
<wf cmd="tag" pos="NN">radar</wf>
<wf cmd="tag" pos="NNS">screens</wf>
<wf cmd="ignore" pos="MD">would</wf>
<wf cmd="done" pos="VB" lemma="register" wnsn="5" lexsn="2:32:00::">register</wf>
<wf cmd="tag" pos="JJ">Soviet</wf>
<wf cmd="tag" pos="NNS">missiles</wf>
<wf cmd="tag" pos="RB">shortly</wf>
<wf cmd="ignore" pos="IN">after</wf>
<wf cmd="ignore" pos="PRP">they</wf>
<wf cmd="done" pos="VBP" ot="notag">are</wf>
<wf cmd="done" pos="VB" lemma="launch" wnsn="2" lexsn="2:35:00::">launched</wf>
<wf cmd="ignore" pos="IN">against</wf>
<wf cmd="ignore" pos="DT">the</wf>
<wf cmd="tag" pos="NN">United_States</wf>
<punc>.</punc>
</s>
<s snum="39">
<wf cmd="tag" pos="NNP">BMEWS</wf>
<wf cmd="tag" pos="NN">intelligence</wf>
<wf cmd="done" pos="VBZ" ot="notag">is</wf>
<wf cmd="tag" pos="RB">simultaneously</wf>
<wf cmd="done" pos="VB" lemma="flash" wnsn="4" lexsn="2:32:00::">flashed</wf>
<wf cmd="ignore" pos="TO">to</wf>
<wf cmd="tag" pos="NNP">NORAD</wf>
<punc>(</punc>
<wf cmd="tag" pos="NN">North_American</wf>
<wf cmd="tag" pos="NN">Air_Defense</wf>
<wf cmd="tag" pos="NNP">Command</wf>
<punc>)</punc>
<wf cmd="ignore" pos="IN">in</wf>
<wf cmd="tag" pos="NN">Colorado_Springs</wf>
<punc>,</punc>
<wf cmd="tag" pos="NNP">Colorado</wf>
<punc>,</punc>
<wf cmd="ignore" pos="IN">for</wf>
<wf cmd="tag" pos="NN">interpretation</wf>
<punc>;</punc>
<wf cmd="ignore" pos="TO">to</wf>
<wf cmd="ignore" pos="DT">the</wf>
<wf cmd="tag" pos="NNP">SAC</wf>
<wf cmd="tag" pos="NN">command</wf>
<wf cmd="ignore" pos="CC">and</wf>
<wf cmd="tag" pos="NN">control</wf>
<wf cmd="tag" pos="NN">post</wf>
<punc>,</punc>
<wf cmd="tag" pos="CD">forty-five</wf>
<wf cmd="tag" pos="NNS">feet</wf>
<wf cmd="ignore" pos="IN">below</wf>
<wf cmd="ignore" pos="DT">the</wf>
<wf cmd="tag" pos="NN">ground</wf>
<wf cmd="ignore" pos="IN">at</wf>
<wf cmd="tag" pos="NNP">Offutt</wf>
<wf cmd="tag" pos="NN">Air_Force</wf>
<wf cmd="tag" pos="NNP">Base</wf>
<punc>,</punc>
<wf cmd="ignore" pos="IN">near</wf>
<wf cmd="tag" pos="NNP">Omaha</wf>
<punc>,</punc>
<wf cmd="tag" pos="NNP">Nebraska</wf>
<punc>;</punc>
<wf cmd="ignore" pos="TO">to</wf>
<wf cmd="ignore" pos="DT">the</wf>
<wf cmd="tag" pos="NNP">Joint_War_Room</wf>
<wf cmd="ignore" pos="IN">of</wf>
<wf cmd="ignore" pos="DT">the</wf>
<wf cmd="tag" pos="NNP">Joint</wf>
<wf cmd="tag" pos="NN">Chiefs_of_Staff</wf>
<wf cmd="ignore" pos="IN">in</wf>
<wf cmd="ignore" pos="DT">the</wf>
<wf cmd="tag" pos="NNP">Pentagon</wf>
<wf cmd="ignore" pos="CC">and</wf>
<wf cmd="ignore" pos="TO">to</wf>
<wf cmd="ignore" pos="DT">the</wf>
<wf cmd="tag" pos="NNP">President</wf>
<punc>.</punc>
</s>
</p>
<p pnum="12">
<s snum="40">
<wf cmd="tag" pos="NNP">Telephones</wf>
<punc>,</punc>
<wf cmd="tag" pos="NNS">Teletypes</wf>
<punc>,</punc>
<wf cmd="tag" pos="JJ">several</wf>
<wf cmd="tag" pos="NNS">kinds</wf>
<wf cmd="ignore" pos="IN">of</wf>
<wf cmd="tag" pos="NN">radio</wf>
<wf cmd="tag" pos="NNS">systems</wf>
<wf cmd="ignore" pos="CC">and</wf>
<punc>,</punc>
<wf cmd="ignore" pos="IN">in</wf>
<wf cmd="ignore" pos="DT">some</wf>
<wf cmd="tag" pos="NNS">cases</wf>
<punc>,</punc>
<wf cmd="tag" pos="NN">television</wf>
<punc>,</punc>
<wf cmd="done" pos="VB" lemma="link" wnsn="2" lexsn="2:35:00::">link</wf>
<wf cmd="ignore" pos="DT">all</wf>
<wf cmd="tag" pos="JJ">vital</wf>
<wf cmd="tag" pos="NNS">points</wf>
<punc>.</punc>
</s>
<s snum="41">
<wf cmd="tag" pos="JJ">Alternate</wf>
<wf cmd="tag" pos="NNS">locations</wf>
<wf cmd="done" pos="VB" lemma="exist" wnsn="1" lexsn="2:42:00::">exist</wf>
<wf cmd="ignore" pos="IN">for</wf>
<wf cmd="ignore" pos="DT">all</wf>
<wf cmd="tag" pos="JJ">key</wf>
<wf cmd="tag" pos="NN">command</wf>
<wf cmd="tag" pos="NNS">centers</wf>
<punc>.</punc>
</s>
<s snum="42">
<wf cmd="ignore" pos="IN">For</wf>
<wf cmd="tag" pos="JJ">last-ditch</wf>
<wf cmd="tag" pos="NNS">emergencies</wf>
<wf cmd="tag" pos="NNP">SAC</wf>
<wf cmd="done" pos="VB" lemma="have" wnsn="1" lexsn="2:40:00::">has</wf>
<wf cmd="tag" pos="JJ">alternate</wf>
<wf cmd="tag" pos="NN">command_posts</wf>
<wf cmd="ignore" pos="IN">on</wf>
<wf cmd="tag" pos="NNP">KC-135</wf>
<wf cmd="tag" pos="NN">jet</wf>
<wf cmd="tag" pos="NNS">tankers</wf>
<punc>.</punc>
</s>
<s snum="43">
<wf cmd="tag" pos="NNP">Multiple</wf>
<wf cmd="tag" pos="NNS">circuits</wf>
<punc>,</punc>
<wf cmd="tag" pos="NNS">routings</wf>
<wf cmd="ignore" pos="CC">and</wf>
<wf cmd="tag" pos="NNS">frequencies</wf>
<wf cmd="done" pos="VB" lemma="make" wnsn="2" lexsn="2:30:00::">make</wf>
<wf cmd="ignore" pos="DT">the</wf>
<wf cmd="tag" pos="NN">chain</wf>
<wf cmd="tag" pos="RB">as</wf>
<wf cmd="tag" pos="JJ">unbreakable</wf>
<wf cmd="ignore" pos="IN">as</wf>
<wf cmd="tag" pos="JJ">possible</wf>
<punc>.</punc>
</s>
</p>
<p pnum="13">
<s snum="44">
<wf cmd="ignore" pos="DT">The</wf>
<wf cmd="tag" pos="JJ">same</wf>
<wf cmd="tag" pos="NN">principle</wf>
<wf cmd="ignore" pos="IN">of</wf>
<punc>``</punc>
<wf cmd="tag" pos="NN">redundancy</wf>
<punc>''</punc>
<wf cmd="done" pos="VB" lemma="apply" wnsn="2" lexsn="2:42:00::">applies</wf>
<wf cmd="done" pos="VB" ot="notag">to</wf>
<wf cmd="ignore" pos="DT">all</wf>
<wf cmd="tag" pos="NNS">communications</wf>
<wf cmd="ignore" pos="IN">on</wf>
<wf cmd="ignore" pos="DT">these</wf>
<wf cmd="tag" pos="JJ">special</wf>
<wf cmd="tag" pos="NNS">networks</wf>
<punc>.</punc>
</s>
<s snum="45">
<wf cmd="ignore" pos="CC">And</wf>
<wf cmd="ignore" pos="DT">no</wf>
<wf cmd="tag" pos="NNS">messages</wf>
<wf cmd="ignore" pos="MD">can</wf>
<wf cmd="done" pos="VB" ot="notag">be</wf>
<wf cmd="done" pos="VB" lemma="transmit" wnsn="3" lexsn="2:32:00::">transmitted</wf>
<wf cmd="ignore" pos="IN">on</wf>
<wf cmd="ignore" pos="DT">these</wf>
<wf cmd="tag" pos="NNS">circuits</wf>
<wf cmd="ignore" pos="IN">until</wf>
<wf cmd="tag" pos="NNS">senders</wf>
<wf cmd="ignore" pos="CC">and</wf>
<wf cmd="tag" pos="NNS">receivers</wf>
<wf cmd="done" pos="VB" lemma="authenticate" wnsn="1" lexsn="2:31:00::">authenticate</wf>
<wf cmd="tag" pos="RB">in_advance</wf>
<punc>,</punc>
<wf cmd="ignore" pos="IN">by</wf>
<wf cmd="tag" pos="JJ">special</wf>
<wf cmd="tag" pos="NNS">codes</wf>
<punc>,</punc>
<wf cmd="ignore" pos="IN">that</wf>
<wf cmd="ignore" pos="DT">the</wf>
<wf cmd="tag" pos="NNS">messages</wf>
<wf cmd="tag" pos="RB">actually</wf>
<wf cmd="done" pos="VB" lemma="come" wnsn="5" lexsn="2:42:04::">come</wf>
<wf cmd="done" pos="VB" ot="notag">from</wf>
<wf cmd="ignore" pos="PRP$">their</wf>
<wf cmd="tag" pos="JJ">purported</wf>
<wf cmd="tag" pos="NNS">sources</wf>
<punc>.</punc>
</s>
<s snum="46">
<wf cmd="tag" pos="JJ">Additional</wf>
<wf cmd="tag" pos="NNS">codes</wf>
<wf cmd="ignore" pos="MD">can</wf>
<wf cmd="done" pos="VB" ot="notag">be</wf>
<wf cmd="done" pos="VB" lemma="use" wnsn="1" lexsn="2:34:01::">used</wf>
<wf cmd="ignore" pos="TO">to</wf>
<wf cmd="done" pos="VB" lemma="challenge" wnsn="3" lexsn="2:32:03::">challenge</wf>
<wf cmd="ignore" pos="CC">and</wf>
<wf cmd="done" pos="VB" lemma="counterchallenge" wnsn="1" lexsn="2:32:00::">counterchallenge</wf>
<wf cmd="ignore" pos="DT">the</wf>
<wf cmd="tag" pos="NNS">authentications</wf>
<punc>.</punc>
</s>
</p>
<p pnum="14">
<s snum="47">
<wf cmd="tag" pos="RB">Only</wf>
<wf cmd="ignore" pos="DT">the</wf>
<wf cmd="tag" pos="NNP">President</wf>
<wf cmd="done" pos="VBZ" ot="notag">is</wf>
<wf cmd="done" pos="VB" lemma="permit" wnsn="1" lexsn="2:32:00::">permitted</wf>
<wf cmd="ignore" pos="TO">to</wf>
<wf cmd="done" pos="VB" lemma="authorize" wnsn="1" lexsn="2:32:00::">authorize</wf>
<wf cmd="ignore" pos="DT">the</wf>
<wf cmd="tag" pos="NN">use</wf>
<wf cmd="ignore" pos="IN">of</wf>
<wf cmd="tag" pos="NN">nuclear_weapons</wf>
<punc>.</punc>
</s>
<s snum="48">
<wf cmd="ignore" pos="DT">That</wf>
<wf cmd="done" pos="VBZ" ot="notag">'s</wf>
<wf cmd="ignore" pos="DT">the</wf>
<wf cmd="tag" pos="NN">law</wf>
<punc>.</punc>
</s>
<s snum="49">
<wf cmd="ignore" pos="CC">But</wf>
<wf cmd="ignore" pos="WP">what</wf>
<wf cmd="ignore" pos="IN">if</wf>
<wf cmd="tag" pos="NN">somebody</wf>
<wf cmd="done" pos="VB" lemma="decide" wnsn="1" lexsn="2:31:00::">decides</wf>
<wf cmd="ignore" pos="TO">to</wf>
<wf cmd="done" pos="VB" lemma="break" wnsn="6" lexsn="2:41:00::">break</wf>
<wf cmd="ignore" pos="PRP">it</wf>
<punc>?</punc>
</s>
<s snum="50">
<wf cmd="ignore" pos="DT">The</wf>
<wf cmd="tag" pos="NNP">President</wf>
<wf cmd="ignore" pos="MD">cannot</wf>
<wf cmd="tag" pos="RB">personally</wf>
<wf cmd="done" pos="VB" lemma="remove" wnsn="1" lexsn="2:30:00::">remove</wf>
<wf cmd="ignore" pos="DT">the</wf>
<wf cmd="tag" pos="NN">safety</wf>
<wf cmd="tag" pos="NNS">devices</wf>
<wf cmd="ignore" pos="IN">from</wf>
<wf cmd="ignore" pos="DT">every</wf>
<wf cmd="tag" pos="JJ">nuclear</wf>
<wf cmd="tag" pos="NN">trigger</wf>
<punc>.</punc>
</s>
<s snum="51">
<wf cmd="ignore" pos="PRP">He</wf>
<wf cmd="done" pos="VB" lemma="make" wnsn="1" lexsn="2:41:00::">makes</wf>
<wf cmd="ignore" pos="DT">the</wf>
<wf cmd="tag" pos="JJ">momentous</wf>
<wf cmd="tag" pos="NN">decision</wf>
<punc>.</punc>
</s>
<s snum="52">
<wf cmd="tag" pos="NNS">Hundreds</wf>
<wf cmd="ignore" pos="IN">of</wf>
<wf cmd="tag" pos="NNS">men</wf>
<wf cmd="done" pos="VBP" ot="notag">are</wf>
<wf cmd="done" pos="VB" lemma="require" wnsn="1" lexsn="2:42:00::">required</wf>
<wf cmd="ignore" pos="TO">to</wf>
<wf cmd="done" pos="VB" lemma="pass" wnsn="12" lexsn="2:32:01::">pass</wf>
<wf cmd="ignore" pos="DT">the</wf>
<wf cmd="tag" pos="NN">word</wf>
<wf cmd="ignore" pos="TO">to</wf>
<wf cmd="ignore" pos="DT">the</wf>
<wf cmd="tag" pos="NN">button</wf>
<wf cmd="tag" pos="NNS">pushers</wf>
<wf cmd="ignore" pos="CC">and</wf>
<wf cmd="ignore" pos="TO">to</wf>
<wf cmd="done" pos="VB" lemma="push" wnsn="1" lexsn="2:38:00::">push</wf>
<wf cmd="ignore" pos="DT">the</wf>
<wf cmd="tag" pos="NNS">buttons</wf>
<punc>.</punc>
</s>
<s snum="53">
<wf cmd="ignore" pos="WP">What</wf>
<wf cmd="ignore" pos="IN">if</wf>
<wf cmd="tag" pos="CD">one</wf>
<wf cmd="ignore" pos="CC">or</wf>
<wf cmd="tag" pos="JJR">more</wf>
<wf cmd="ignore" pos="IN">of</wf>
<wf cmd="ignore" pos="PRP">them</wf>
<wf cmd="done" pos="VB" lemma="turn" wnsn="7" lexsn="2:30:03::">turn</wf>
<wf cmd="tag" pos="JJ">irrational</wf>
<wf cmd="ignore" pos="CC">or</wf>
<wf cmd="tag" pos="RB">suddenly</wf>
<punc>,</punc>
<wf cmd="tag" pos="RB">coolly</wf>
<punc>,</punc>
<wf cmd="done" pos="VB" lemma="decide" wnsn="1" lexsn="2:31:00::">decide</wf>
<wf cmd="ignore" pos="TO">to</wf>
<wf cmd="done" pos="VB" lemma="clobber" wnsn="1" lexsn="2:35:01::">clobber</wf>
<wf cmd="ignore" pos="DT">the</wf>
<wf cmd="tag" pos="NNPS">Russians</wf>
<punc>?</punc>
</s>
<s snum="54">
<wf cmd="ignore" pos="WP">What</wf>
<wf cmd="ignore" pos="IN">if</wf>
<wf cmd="ignore" pos="DT">the</wf>
<wf cmd="tag" pos="NNP">President</wf>
<wf cmd="ignore" pos="PRP">himself</wf>
<punc>,</punc>
<wf cmd="ignore" pos="IN">in</wf>
<wf cmd="ignore" pos="DT">the</wf>
<wf cmd="tag" pos="NN">language</wf>
<wf cmd="ignore" pos="IN">of</wf>
<wf cmd="ignore" pos="DT">the</wf>
<wf cmd="tag" pos="JJ">military</wf>
<punc>,</punc>
<punc>``</punc>
<wf cmd="done" pos="VB" ot="idiom">goes_ape</wf>
<punc>''</punc>
<punc>?</punc>
</s>
<s snum="55">
<wf cmd="ignore" pos="CC">Or</wf>
<wf cmd="tag" pos="RB">singlehandedly</wf>
<wf cmd="done" pos="VB" lemma="decide" wnsn="1" lexsn="2:31:00::">decided</wf>
<wf cmd="ignore" pos="TO">to</wf>
<wf cmd="done" pos="VB" lemma="reverse" wnsn="3" lexsn="2:31:00::">reverse</wf>
<wf cmd="tag" pos="JJ">national</wf>
<wf cmd="tag" pos="NN">policy</wf>
<wf cmd="ignore" pos="CC">and</wf>
<wf cmd="done" pos="VB" lemma="hit" wnsn="10" lexsn="2:33:00::">hit</wf>
<wf cmd="ignore" pos="DT">the</wf>
<wf cmd="tag" pos="NNPS">Soviets</wf>
<wf cmd="ignore" pos="IN">without</wf>
<wf cmd="tag" pos="NN">provocation</wf>
<punc>?</punc>
</s>
</p>
<p pnum="15">
<s snum="56">
<wf cmd="tag" pos="NN">Nobody</wf>
<wf cmd="ignore" pos="MD">can</wf>
<wf cmd="done" pos="VB" lemma="be" wnsn="1" lexsn="2:42:03::">be</wf>
<wf cmd="tag" pos="RB">absolutely</wf>
<wf cmd="tag" pos="JJ">certain</wf>
<wf cmd="ignore" pos="IN">of</wf>
<wf cmd="ignore" pos="DT">the</wf>
<wf cmd="tag" pos="NNS">answers</wf>
<punc>.</punc>
</s>
<s snum="57">
<wf cmd="tag" pos="RB">However</wf>
<punc>,</punc>
<wf cmd="ignore" pos="DT">the</wf>
<wf cmd="tag" pos="NN">system</wf>
<wf cmd="done" pos="VBZ" ot="notag">is</wf>
<wf cmd="done" pos="VB" lemma="design" wnsn="2" lexsn="2:31:00::">designed</wf>
<punc>,</punc>
<wf cmd="tag" pos="RB">ingeniously</wf>
<wf cmd="ignore" pos="CC">and</wf>
<wf cmd="tag" pos="RB">hopefully</wf>
<punc>,</punc>
<wf cmd="tag" pos="RB">so_that</wf>
<wf cmd="ignore" pos="DT">no</wf>
<wf cmd="tag" pos="NN">one</wf>
<wf cmd="tag" pos="NN">man</wf>
<wf cmd="ignore" pos="MD">could</wf>
<wf cmd="done" pos="VB" lemma="initiate" wnsn="1" lexsn="2:36:01::">initiate</wf>
<wf cmd="ignore" pos="DT">a</wf>
<wf cmd="tag" pos="JJ">thermonuclear</wf>
<wf cmd="tag" pos="NN">war</wf>
<punc>.</punc>
</s>
</p>
<p pnum="16">
<s snum="58">
<wf cmd="tag" pos="RB">Even</wf>
<wf cmd="ignore" pos="DT">the</wf>
<wf cmd="tag" pos="NNP">President</wf>
<wf cmd="ignore" pos="MD">cannot</wf>
<wf cmd="done" pos="VB" lemma="pick_up" wnsn="2" lexsn="2:35:01::">pick_up</wf>
<wf cmd="ignore" pos="PRP$">his</wf>
<wf cmd="tag" pos="NN">telephone</wf>
<wf cmd="ignore" pos="CC">and</wf>
<wf cmd="done" pos="VB" lemma="give" wnsn="5" lexsn="2:32:01::">give</wf>
<wf cmd="ignore" pos="DT">a</wf>
<punc>``</punc>
<wf cmd="tag" pos="NN">go</wf>
<punc>''</punc>
<wf cmd="tag" pos="NN">order</wf>
<punc>.</punc>
</s>
<s snum="59">
<wf cmd="tag" pos="RB">Even</wf>
<wf cmd="ignore" pos="PRP">he</wf>
<wf cmd="done" pos="VBZ" ot="notag">does</wf>
<wf cmd="tag" pos="RB">not</wf>
<wf cmd="done" pos="VB" lemma="know" wnsn="1" lexsn="2:31:01::">know</wf>
<wf cmd="ignore" pos="DT">the</wf>
<wf cmd="tag" pos="CD">one</wf>
<wf cmd="tag" pos="NN">signal</wf>
<wf cmd="ignore" pos="IN">for</wf>
<wf cmd="ignore" pos="DT">a</wf>
<wf cmd="tag" pos="JJ">nuclear</wf>
<wf cmd="tag" pos="NN">strike</wf>
<punc>-</punc>
<wf cmd="ignore" pos="DT">the</wf>
<punc>``</punc>
<wf cmd="tag" pos="NN">go</wf>
<wf cmd="tag" pos="NN">code</wf>
<punc>''</punc>
<punc>.</punc>
</s>
<s snum="60">
<wf cmd="ignore" pos="IN">In</wf>
<wf cmd="ignore" pos="DT">an</wf>
<wf cmd="tag" pos="NN">emergency</wf>
<wf cmd="ignore" pos="PRP">he</wf>
<wf cmd="ignore" pos="MD">would</wf>
<wf cmd="done" pos="VB" lemma="receive" wnsn="3" lexsn="2:39:00::">receive</wf>
<wf cmd="tag" pos="JJ">available</wf>
<wf cmd="tag" pos="NN">intelligence</wf>
<wf cmd="ignore" pos="IN">on</wf>
<wf cmd="ignore" pos="DT">the</wf>
<punc>``</punc>
<wf cmd="tag" pos="NN">gold-phone</wf>
<wf cmd="tag" pos="NN">circuit</wf>
<punc>''</punc>
<punc>.</punc>
</s>
<s snum="61">
<wf cmd="ignore" pos="DT">A</wf>
<wf cmd="tag" pos="NN">system</wf>
<wf cmd="ignore" pos="IN">of</wf>
<punc>``</punc>
<wf cmd="tag" pos="NN">gold</wf>
<punc>''</punc>
<punc>-</punc>
<wf cmd="tag" pos="RB">actually</wf>
<wf cmd="tag" pos="JJ">yellow</wf>
<punc>-</punc>
<wf cmd="tag" pos="NNS">phones</wf>
<wf cmd="done" pos="VB" lemma="connect" wnsn="1" lexsn="2:35:00::">connects</wf>
<wf cmd="ignore" pos="PRP">him</wf>
<wf cmd="ignore" pos="IN">with</wf>
<wf cmd="ignore" pos="DT">the</wf>
<wf cmd="tag" pos="NNS">offices</wf>
<wf cmd="ignore" pos="CC">and</wf>
<wf cmd="tag" pos="NN">action</wf>
<wf cmd="tag" pos="NNS">stations</wf>
<wf cmd="ignore" pos="IN">of</wf>
<wf cmd="ignore" pos="DT">the</wf>
<wf cmd="tag" pos="NNP">Secretary</wf>
<wf cmd="ignore" pos="IN">of</wf>
<wf cmd="tag" pos="NNP">Defense</wf>
<punc>,</punc>
<wf cmd="ignore" pos="DT">the</wf>
<wf cmd="tag" pos="NNP">Joint</wf>
<wf cmd="tag" pos="NN">Chiefs_of_Staff</wf>
<punc>,</punc>
<wf cmd="ignore" pos="DT">the</wf>
<wf cmd="tag" pos="NNP">SAC</wf>
<wf cmd="tag" pos="NN">commander</wf>
<wf cmd="ignore" pos="CC">and</wf>
<wf cmd="tag" pos="JJ">other</wf>
<wf cmd="tag" pos="JJ">key</wf>
<wf cmd="tag" pos="NNS">men</wf>
<punc>.</punc>
</s>
<s snum="62">
<wf cmd="ignore" pos="DT">All</wf>
<wf cmd="ignore" pos="MD">can</wf>
<wf cmd="done" pos="VB" ot="notag">be_connected</wf>
<wf cmd="ignore" pos="IN">with</wf>
<wf cmd="ignore" pos="DT">the</wf>
<wf cmd="tag" pos="NN">gold</wf>
<wf cmd="tag" pos="NN">circuit</wf>
<wf cmd="ignore" pos="IN">from</wf>
<wf cmd="ignore" pos="PRP$">their</wf>
<wf cmd="tag" pos="NNS">homes</wf>
<punc>.</punc>
</s>
<s snum="63">
<wf cmd="ignore" pos="DT">All</wf>
<wf cmd="ignore" pos="MD">could</wf>
<wf cmd="done" pos="VB" lemma="help" wnsn="1" lexsn="2:41:00::">help</wf>
<wf cmd="ignore" pos="DT">the</wf>
<wf cmd="tag" pos="NNP">President</wf>
<wf cmd="done" pos="VB" ot="notag">make</wf>
<wf cmd="ignore" pos="PRP$">his</wf>
<wf cmd="tag" pos="NN">decision</wf>
<punc>.</punc>
</s>
<s snum="64">
<wf cmd="ignore" pos="DT">The</wf>
<wf cmd="tag" pos="NN">talk</wf>
<wf cmd="ignore" pos="MD">would</wf>
<wf cmd="tag" pos="RB">not</wf>
<wf cmd="done" pos="VB" lemma="be" wnsn="1" lexsn="2:42:03::">be</wf>
<wf cmd="ignore" pos="IN">in</wf>
<wf cmd="tag" pos="NN">code</wf>
<punc>,</punc>
<wf cmd="ignore" pos="CC">but</wf>
<wf cmd="ignore" pos="DT">neither</wf>
<wf cmd="ignore" pos="MD">would</wf>
<wf cmd="ignore" pos="PRP">it</wf>
<wf cmd="done" pos="VB" lemma="ramble" wnsn="1" lexsn="2:42:00::">ramble</wf>
<punc>.</punc>
</s>
<s snum="65">
<wf cmd="tag" pos="JJ">Vital</wf>
<wf cmd="tag" pos="NNS">questions</wf>
<wf cmd="ignore" pos="MD">would</wf>
<wf cmd="done" pos="VB" ot="notag">be</wf>
<wf cmd="tag" pos="RB">quickly</wf>
<wf cmd="done" pos="VB" lemma="answer" wnsn="3" lexsn="2:31:00::">answered</wf>
<wf cmd="tag" pos="JJ">according</wf>
<wf cmd="ignore" pos="TO">to</wf>
<wf cmd="ignore" pos="DT">a</wf>
<wf cmd="tag" pos="JJ">preprepared</wf>
<wf cmd="tag" pos="NN">agenda</wf>
<punc>.</punc>
</s>
<s snum="66">
<wf cmd="tag" pos="NNS">Officers</wf>
<wf cmd="ignore" pos="WP">who</wf>
<wf cmd="done" pos="VB" lemma="participate" wnsn="1" lexsn="2:41:00::">participate</wf>
<wf cmd="ignore" pos="IN">in</wf>
<wf cmd="ignore" pos="DT">the</wf>
<wf cmd="tag" pos="JJ">continual</wf>
<wf cmd="tag" pos="NN">practice</wf>
<wf cmd="tag" pos="NNS">drills</wf>
<wf cmd="done" pos="VB" lemma="assure" wnsn="2" lexsn="2:32:00::">assured</wf>
<wf cmd="ignore" pos="PRP">me</wf>
<wf cmd="ignore" pos="IN">that</wf>
<wf cmd="ignore" pos="DT">the</wf>
<wf cmd="tag" pos="NNP">President</wf>
<wf cmd="ignore" pos="POS">'s</wf>
<wf cmd="tag" pos="NN">decision</wf>
<wf cmd="ignore" pos="MD">could</wf>
<wf cmd="done" pos="VB" ot="notag">be</wf>
<wf cmd="done" pos="VBN" ot="notag">made</wf>
<wf cmd="ignore" pos="CC">and</wf>
<wf cmd="done" pos="VB" lemma="announce" wnsn="2" lexsn="2:32:02::">announced</wf>
<wf cmd="ignore" pos="IN">on</wf>
<wf cmd="ignore" pos="DT">the</wf>
<wf cmd="tag" pos="NN">gold</wf>
<wf cmd="tag" pos="NN">circuit</wf>
<wf cmd="ignore" pos="IN">within</wf>
<wf cmd="tag" pos="NNS">minutes</wf>
<wf cmd="ignore" pos="IN">after</wf>
<wf cmd="ignore" pos="DT">the</wf>
<wf cmd="tag" pos="JJ">first</wf>
<wf cmd="tag" pos="NN">flash</wf>
<wf cmd="ignore" pos="IN">from</wf>
<wf cmd="tag" pos="NNP">BMEWS</wf>
<punc>.</punc>
</s>
</p>
<p pnum="17">
<s snum="67">
<wf cmd="ignore" pos="IN">If</wf>
<wf cmd="tag" pos="NNS">communications</wf>
<wf cmd="done" pos="VB" lemma="work" wnsn="3" lexsn="2:41:03::">work</wf>
<punc>,</punc>
<wf cmd="ignore" pos="PRP$">his</wf>
<wf cmd="tag" pos="NN">decision</wf>
<wf cmd="ignore" pos="MD">would</wf>
<wf cmd="done" pos="VB" ot="notag">be</wf>
<wf cmd="tag" pos="RB">instantly</wf>
<wf cmd="done" pos="VB" lemma="know" wnsn="1" lexsn="2:31:01::">known</wf>
<wf cmd="tag" pos="RB">in_all</wf>
<wf cmd="tag" pos="NN">command_posts</wf>
<wf cmd="ignore" pos="WDT">that</wf>
<wf cmd="ignore" pos="MD">would</wf>
<wf cmd="done" pos="VB" lemma="originate" wnsn="2" lexsn="2:36:00::">originate</wf>
<wf cmd="ignore" pos="DT">the</wf>
<wf cmd="tag" pos="JJ">actual</wf>
<wf cmd="tag" pos="NN">go</wf>
<wf cmd="tag" pos="NN">order</wf>
<punc>.</punc>
</s>
<s snum="68">
<wf cmd="ignore" pos="IN">For</wf>
<wf cmd="ignore" pos="DT">these</wf>
<wf cmd="tag" pos="NNS">centers</wf>
<punc>,</punc>
<wf cmd="tag" pos="RB">too</wf>
<punc>,</punc>
<wf cmd="done" pos="VB" lemma="be" wnsn="3" lexsn="2:42:05::">are</wf>
<wf cmd="done" pos="VB" ot="notag">on</wf>
<wf cmd="ignore" pos="DT">the</wf>
<wf cmd="tag" pos="NN">gold</wf>
<wf cmd="tag" pos="NN">circuit</wf>
<punc>.</punc>
</s>
<s snum="69">
<wf cmd="ignore" pos="PRP">They</wf>
<wf cmd="done" pos="VB" lemma="include" wnsn="1" lexsn="2:42:00::">include</wf>
<wf cmd="ignore" pos="DT">the</wf>
<wf cmd="tag" pos="NNP">Navy</wf>
<wf cmd="ignore" pos="POS">'s</wf>
<wf cmd="tag" pos="NNP">Atlantic_Command</wf>
<wf cmd="ignore" pos="IN">at</wf>
<wf cmd="tag" pos="NNP">Norfolk</wf>
<punc>,</punc>
<wf cmd="tag" pos="NNP">Virginia</wf>
<punc>,</punc>
<wf cmd="ignore" pos="WDT">which</wf>
<wf cmd="done" pos="VB" lemma="be" wnsn="1" lexsn="2:42:03::">is</wf>
<wf cmd="tag" pos="JJ">in_contact</wf>
<wf cmd="ignore" pos="IN">with</wf>
<wf cmd="ignore" pos="DT">the</wf>
<wf cmd="tag" pos="NNP">Polaris</wf>
<wf cmd="tag" pos="NNS">subs</wf>
<punc>;</punc>
<wf cmd="tag" pos="NNP">NATO</wf>
<wf cmd="tag" pos="NN">headquarters</wf>
<wf cmd="ignore" pos="IN">in</wf>
<wf cmd="tag" pos="NNP">Europe</wf>
<punc>;</punc>
<wf cmd="tag" pos="NN">Air_Force</wf>
<wf cmd="tag" pos="RB">forward</wf>
<wf cmd="tag" pos="NN">headquarters</wf>
<wf cmd="ignore" pos="IN">in</wf>
<wf cmd="tag" pos="NNP">Europe</wf>
<wf cmd="ignore" pos="CC">and</wf>
<wf cmd="ignore" pos="IN">in</wf>
<wf cmd="ignore" pos="DT">the</wf>
<wf cmd="tag" pos="NNP">Pacific</wf>
<punc>,</punc>
<wf cmd="ignore" pos="WDT">which</wf>
<wf cmd="done" pos="VB" lemma="control" wnsn="1" lexsn="2:41:00::">control</wf>
<wf cmd="tag" pos="JJ">tactical</wf>
<wf cmd="tag" pos="NNS">fighters</wf>
<wf cmd="ignore" pos="IN">on</wf>
<wf cmd="tag" pos="NNS">ships</wf>
<wf cmd="ignore" pos="CC">and</wf>
<wf cmd="tag" pos="NN">land</wf>
<wf cmd="tag" pos="NNS">bases</wf>
<punc>;</punc>
<wf cmd="ignore" pos="CC">and</wf>
<wf cmd="tag" pos="NNP">SAC</wf>
<punc>,</punc>
<wf cmd="ignore" pos="WDT">which</wf>
<wf cmd="done" pos="VB" lemma="control" wnsn="1" lexsn="2:41:00::">controls</wf>
<wf cmd="tag" pos="JJ">long-range</wf>
<wf cmd="tag" pos="NNS">bombers</wf>
<wf cmd="ignore" pos="CC">and</wf>
<wf cmd="tag" pos="NNP">Atlas</wf>
<wf cmd="tag" pos="NNS">missiles</wf>
<punc>.</punc>
</s>
</p>
<p pnum="18">
<s snum="70">
<wf cmd="done" pos="VB" ot="notag">Let</wf>
<wf cmd="ignore" pos="PRP">us</wf>
<wf cmd="done" pos="VB" lemma="look" wnsn="1" lexsn="2:39:00::">look</wf>
<wf cmd="tag" pos="RB">in</wf>
<wf cmd="ignore" pos="IN">on</wf>
<wf cmd="tag" pos="CD">one</wf>
<wf cmd="ignore" pos="IN">of</wf>
<wf cmd="ignore" pos="DT">these</wf>
<wf cmd="tag" pos="NN">nerve_centers</wf>
<punc>-</punc>
<wf cmd="tag" pos="NNP">SAC</wf>
<wf cmd="ignore" pos="IN">at</wf>
<wf cmd="tag" pos="NNP">Omaha</wf>
<punc>-</punc>
<wf cmd="ignore" pos="CC">and</wf>
<wf cmd="done" pos="VB" lemma="see" wnsn="6" lexsn="2:31:02::">see</wf>
<wf cmd="ignore" pos="WP">what</wf>
<wf cmd="ignore" pos="MD">must</wf>
<wf cmd="tag" pos="RB">still</wf>
<wf cmd="done" pos="VB" lemma="happen" wnsn="1" lexsn="2:30:00::">happen</wf>
<wf cmd="ignore" pos="IN">before</wf>
<wf cmd="ignore" pos="DT">a</wf>
<wf cmd="tag" pos="NN">wing</wf>
<wf cmd="ignore" pos="IN">of</wf>
<wf cmd="tag" pos="NNP">B-52</wf>
<wf cmd="tag" pos="NNS">bombers</wf>
<wf cmd="ignore" pos="MD">could</wf>
<wf cmd="done" pos="VB" lemma="drop" wnsn="1" lexsn="2:38:01::">drop</wf>
<wf cmd="ignore" pos="PRP$">their</wf>
<wf cmd="tag" pos="NNP">H-bombs</wf>
<punc>.</punc>
</s>
</p>
<p pnum="19">
<s snum="71">
<wf cmd="ignore" pos="IN">In</wf>
<wf cmd="ignore" pos="DT">a</wf>
<wf cmd="tag" pos="NN">word</wf>
<punc>,</punc>
<wf cmd="tag" pos="NN">plenty</wf>
<punc>.</punc>
</s>
<s snum="72">
<wf cmd="ignore" pos="DT">The</wf>
<wf cmd="tag" pos="JJ">key</wf>
<wf cmd="tag" pos="NN">man</wf>
<wf cmd="tag" pos="RB">almost</wf>
<wf cmd="tag" pos="RB">certainly</wf>
<wf cmd="ignore" pos="MD">would</wf>
<wf cmd="done" pos="VB" lemma="be" wnsn="2" lexsn="2:42:06::">be</wf>
<wf cmd="tag" pos="NNP">Col._William_W._Wisman</wf>
<punc>,</punc>
<wf cmd="tag" pos="NNP">SAC</wf>
<wf cmd="ignore" pos="POS">'s</wf>
<wf cmd="tag" pos="JJ">senior</wf>
<wf cmd="tag" pos="NN">controller</wf>
<punc>.</punc>
</s>
<s snum="73">
<wf cmd="ignore" pos="PRP">He</wf>
<wf cmd="ignore" pos="CC">or</wf>
<wf cmd="ignore" pos="PRP$">his</wf>
<wf cmd="tag" pos="NN">deputy</wf>
<wf cmd="ignore" pos="CC">or</wf>
<wf cmd="tag" pos="CD">one</wf>
<wf cmd="ignore" pos="IN">of</wf>
<wf cmd="ignore" pos="PRP$">their</wf>
<wf cmd="tag" pos="CD">seven</wf>
<wf cmd="tag" pos="NNS">assistants</wf>
<punc>,</punc>
<wf cmd="ignore" pos="DT">all</wf>
<wf cmd="tag" pos="JJ">full</wf>
<wf cmd="tag" pos="NNS">colonels</wf>
<punc>,</punc>
<wf cmd="done" pos="VB" lemma="man" wnsn="1" lexsn="2:41:00::">mans</wf>
<wf cmd="ignore" pos="DT">the</wf>
<wf cmd="tag" pos="NN">heart</wf>
<wf cmd="ignore" pos="IN">of</wf>
<wf cmd="ignore" pos="DT">the</wf>
<wf cmd="tag" pos="NN">command_post</wf>
<wf cmd="tag" pos="NN">twenty-four_hours</wf>
<wf cmd="ignore" pos="DT">a</wf>
<wf cmd="tag" pos="NN">day</wf>
<punc>.</punc>
</s>
<s snum="74">
<wf cmd="ignore" pos="PRP">It</wf>
<wf cmd="done" pos="VB" lemma="be" wnsn="1" lexsn="2:42:03::">is</wf>
<wf cmd="ignore" pos="DT">a</wf>
<wf cmd="tag" pos="JJ">quiet</wf>
<wf cmd="ignore" pos="CC">but</wf>
<wf cmd="tag" pos="JJ">impressive</wf>
<wf cmd="tag" pos="NN">room</wf>
<punc>-</punc>
<wf cmd="tag" pos="CD">140</wf>
<wf cmd="tag" pos="NNS">feet</wf>
<wf cmd="tag" pos="JJ">long</wf>
<punc>,</punc>
<wf cmd="tag" pos="CD">thirty-nine</wf>
<wf cmd="tag" pos="NNS">feet</wf>
<wf cmd="tag" pos="JJ">wide</wf>
<punc>,</punc>
<wf cmd="tag" pos="CD">twenty-one</wf>
<wf cmd="tag" pos="NNS">feet</wf>
<wf cmd="tag" pos="JJ">high</wf>
<punc>.</punc>
</s>
<s snum="75">
<wf cmd="tag" pos="JJ">Movable</wf>
<wf cmd="tag" pos="NNS">panels</wf>
<wf cmd="ignore" pos="IN">of</wf>
<wf cmd="tag" pos="JJ">floor-to-ceiling</wf>
<wf cmd="tag" pos="NNS">maps</wf>
<wf cmd="ignore" pos="CC">and</wf>
<wf cmd="tag" pos="NNS">charts</wf>
<wf cmd="done" pos="VB" lemma="be" wnsn="1" lexsn="2:42:03::">are</wf>
<wf cmd="tag" pos="JJ">crammed</wf>
<wf cmd="ignore" pos="IN">with</wf>
<wf cmd="tag" pos="NN">intelligence</wf>
<wf cmd="tag" pos="NN">information</wf>
<punc>.</punc>
</s>
<s snum="76">
<wf cmd="ignore" pos="CC">And</wf>
<wf cmd="tag" pos="NNP">Bill_Wisman</wf>
<punc>,</punc>
<wf cmd="tag" pos="CD">forty-three</wf>
<punc>,</punc>
<wf cmd="ignore" pos="DT">a</wf>
<wf cmd="tag" pos="NN">farmer</wf>
<wf cmd="ignore" pos="POS">'s</wf>
<wf cmd="tag" pos="NN">son</wf>
<wf cmd="ignore" pos="IN">from</wf>
<wf cmd="tag" pos="NNP">Beallsville</wf>
<punc>,</punc>
<wf cmd="tag" pos="NNP">Ohio</wf>
<punc>,</punc>
<wf cmd="done" pos="VB" lemma="be" wnsn="1" lexsn="2:42:03::">is</wf>
<wf cmd="ignore" pos="DT">a</wf>
<wf cmd="tag" pos="JJ">quiet</wf>
<wf cmd="ignore" pos="CC">but</wf>
<wf cmd="tag" pos="JJ">impressive</wf>
<wf cmd="tag" pos="NN">man</wf>
<punc>.</punc>
</s>
<s snum="77">
<wf cmd="ignore" pos="PRP$">His</wf>
<wf cmd="tag" pos="NNS">eyes</wf>
<wf cmd="done" pos="VB" lemma="be" wnsn="2" lexsn="2:42:06::">are</wf>
<wf cmd="tag" pos="JJ">steady</wf>
<wf cmd="tag" pos="NNS">anchors</wf>
<wf cmd="ignore" pos="IN">of</wf>
<wf cmd="ignore" pos="DT">the</wf>
<wf cmd="tag" pos="JJS">deepest</wf>
<wf cmd="tag" pos="JJ">brown</wf>
<punc>.</punc>
</s>
<s snum="78">
<wf cmd="ignore" pos="PRP$">His</wf>
<wf cmd="tag" pos="NNS">movements</wf>
<wf cmd="ignore" pos="CC">and</wf>
<wf cmd="tag" pos="NN">speech</wf>
<wf cmd="done" pos="VB" lemma="be" wnsn="1" lexsn="2:42:03::">are</wf>
<wf cmd="tag" pos="JJ">precise</wf>
<punc>,</punc>
<wf cmd="tag" pos="JJ">clear</wf>
<wf cmd="ignore" pos="CC">and</wf>
<wf cmd="tag" pos="JJ">quick</wf>
<punc>.</punc>
</s>
<s snum="79">
<wf cmd="ignore" pos="DT">No</wf>
<wf cmd="tag" pos="NN">question</wf>
<wf cmd="done" pos="VB" lemma="ruffle" wnsn="2" lexsn="2:37:00::">ruffles</wf>
<wf cmd="ignore" pos="PRP">him</wf>
<wf cmd="ignore" pos="CC">or</wf>
<wf cmd="done" pos="VB" lemma="cause" wnsn="2" lexsn="2:32:00::">causes</wf>
<wf cmd="ignore" pos="PRP">him</wf>
<wf cmd="ignore" pos="TO">to</wf>
<wf cmd="done" pos="VB" lemma="hesitate" wnsn="1" lexsn="2:42:00::">hesitate</wf>
<punc>.</punc>
</s>
</p>
<p pnum="20">
<s snum="80">
<wf cmd="tag" pos="NNP">Wisman</wf>
<punc>,</punc>
<wf cmd="ignore" pos="WP">who</wf>
<wf cmd="done" pos="VBZ" ot="notag">has</wf>
<wf cmd="done" pos="VB" lemma="have" wnsn="1" lexsn="2:40:00::">had</wf>
<wf cmd="ignore" pos="DT">the</wf>
<wf cmd="tag" pos="JJ">chief</wf>
<wf cmd="tag" pos="NN">controller</wf>
<wf cmd="ignore" pos="POS">'s</wf>
<wf cmd="tag" pos="NN">job</wf>
<wf cmd="ignore" pos="IN">for</wf>
<wf cmd="tag" pos="CD">four</wf>
<wf cmd="tag" pos="NNS">years</wf>
<punc>,</punc>
<wf cmd="done" pos="VB" lemma="call" wnsn="5" lexsn="2:32:05::">calls</wf>
<wf cmd="ignore" pos="DT">the</wf>
<wf cmd="tag" pos="NNS">signals</wf>
<wf cmd="ignore" pos="IN">for</wf>
<wf cmd="ignore" pos="DT">a</wf>
<wf cmd="tag" pos="NN">team</wf>
<wf cmd="done" pos="VB" lemma="operate" wnsn="3" lexsn="2:35:00::">operating</wf>
<wf cmd="tag" pos="CD">three</wf>
<wf cmd="tag" pos="NNS">rows</wf>
<wf cmd="ignore" pos="IN">of</wf>
<wf cmd="tag" pos="JJ">dull-gray</wf>
<wf cmd="tag" pos="NNS">consoles</wf>
<wf cmd="tag" pos="JJ">studded</wf>
<wf cmd="ignore" pos="IN">with</wf>
<wf cmd="tag" pos="NNS">lights</wf>
<punc>,</punc>
<wf cmd="tag" pos="NNS">switches</wf>
<wf cmd="ignore" pos="CC">and</wf>
<wf cmd="tag" pos="NNS">buttons</wf>
<punc>.</punc>
</s>
<s snum="81">
<wf cmd="tag" pos="RB">At_least</wf>
<wf cmd="ignore" pos="DT">a</wf>
<wf cmd="tag" pos="NN">dozen</wf>
<wf cmd="tag" pos="NNS">men</wf>
<punc>,</punc>
<wf cmd="ignore" pos="DT">some</wf>
<wf cmd="tag" pos="JJ">armed</wf>
<punc>,</punc>
<wf cmd="done" pos="VB" lemma="be" wnsn="1" lexsn="2:42:03::">are</wf>
<wf cmd="tag" pos="RB">never</wf>
<wf cmd="tag" pos="RB">far</wf>
<wf cmd="tag" pos="RB">away</wf>
<wf cmd="ignore" pos="IN">from</wf>
<wf cmd="ignore" pos="PRP">him</wf>
<punc>.</punc>
</s>
<s snum="82">
<wf cmd="tag" pos="RB">In_front</wf>
<wf cmd="ignore" pos="IN">of</wf>
<wf cmd="ignore" pos="PRP">him</wf>
<wf cmd="done" pos="VB" lemma="be" wnsn="3" lexsn="2:42:05::">is</wf>
<wf cmd="ignore" pos="DT">a</wf>
<wf cmd="tag" pos="NN">gold</wf>
<wf cmd="tag" pos="NN">phone</wf>
<punc>.</punc>
</s>
<s snum="83">
<wf cmd="ignore" pos="IN">In</wf>
<wf cmd="tag" pos="NNS">emergencies</wf>
<wf cmd="ignore" pos="DT">the</wf>
<wf cmd="tag" pos="NNP">SAC</wf>
<wf cmd="tag" pos="NN">commander</wf>
<punc>,</punc>
<wf cmd="tag" pos="NNP">Gen._Thomas_Power</wf>
<punc>,</punc>
<wf cmd="ignore" pos="CC">or</wf>
<wf cmd="ignore" pos="PRP$">his</wf>
<wf cmd="tag" pos="NNS">deputies</wf>
<wf cmd="ignore" pos="CC">and</wf>
<wf cmd="ignore" pos="PRP$">their</wf>
<wf cmd="tag" pos="NN">staff</wf>
<wf cmd="ignore" pos="MD">would</wf>
<wf cmd="done" pos="VB" lemma="occupy" wnsn="0" lexsn="2:42:02::">occupy</wf>
<wf cmd="ignore" pos="DT">a</wf>
<wf cmd="tag" pos="NN">balcony</wf>
<wf cmd="ignore" pos="IN">that</wf>
<wf cmd="done" pos="VB" lemma="stretch" wnsn="1" lexsn="2:42:00::">stretches</wf>
<wf cmd="tag" pos="RB">across</wf>
<wf cmd="ignore" pos="DT">the</wf>
<wf cmd="tag" pos="NN">length</wf>
<wf cmd="ignore" pos="IN">of</wf>
<wf cmd="ignore" pos="DT">the</wf>
<wf cmd="tag" pos="NN">room</wf>
<wf cmd="ignore" pos="IN">above</wf>
<wf cmd="tag" pos="NNP">Wisman</wf>
<wf cmd="ignore" pos="CC">and</wf>
<wf cmd="ignore" pos="PRP$">his</wf>
<wf cmd="tag" pos="NN">staff</wf>
<punc>.</punc>
</s>
<s snum="84">
<wf cmd="ignore" pos="IN">At</wf>
<wf cmd="tag" pos="NNP">General_Power</wf>
<wf cmd="ignore" pos="POS">'s</wf>
<wf cmd="tag" pos="NN">seat</wf>
<wf cmd="ignore" pos="IN">in</wf>
<wf cmd="ignore" pos="DT">the</wf>
<wf cmd="tag" pos="NN">balcony</wf>
<wf cmd="ignore" pos="EX">there</wf>
<wf cmd="done" pos="VB" lemma="be" wnsn="3" lexsn="2:42:05::">is</wf>
<wf cmd="tag" pos="RB">also</wf>
<wf cmd="ignore" pos="DT">a</wf>
<wf cmd="tag" pos="NN">gold</wf>
<wf cmd="tag" pos="NN">phone</wf>
<punc>.</punc>
</s>
<s snum="85">
<wf cmd="tag" pos="NNP">General_Power</wf>
<wf cmd="ignore" pos="MD">would</wf>
<wf cmd="done" pos="VB" lemma="participate" wnsn="1" lexsn="2:41:00::">participate</wf>
<wf cmd="ignore" pos="IN">in</wf>
<wf cmd="ignore" pos="DT">the</wf>
<wf cmd="tag" pos="NN">decision_making</wf>
<punc>.</punc>
</s>
<s snum="86">
<wf cmd="tag" pos="NNP">Wisman</wf>
<punc>,</punc>
<wf cmd="tag" pos="RB">below</wf>
<punc>,</punc>
<wf cmd="ignore" pos="MD">would</wf>
<wf cmd="done" pos="VB" lemma="listen_in" wnsn="1" lexsn="2:39:01::">listen_in</wf>
<wf cmd="ignore" pos="CC">and</wf>
<wf cmd="done" pos="VB" lemma="act" wnsn="1" lexsn="2:41:00::">act</wf>
<punc>.</punc>
</s>
<s snum="87">
<wf cmd="ignore" pos="PRP$">His</wf>
<wf cmd="tag" pos="NNS">consoles</wf>
<wf cmd="ignore" pos="MD">can</wf>
<wf cmd="done" pos="VB" lemma="give" wnsn="2" lexsn="2:40:05::">give</wf>
<wf cmd="ignore" pos="PRP">him</wf>
<wf cmd="tag" pos="NN">instant</wf>
<wf cmd="tag" pos="NN">contact</wf>
<wf cmd="ignore" pos="IN">with</wf>
<wf cmd="tag" pos="RB">more_than</wf>
<wf cmd="tag" pos="CD">seventy</wf>
<wf cmd="tag" pos="NNS">bases</wf>
<wf cmd="ignore" pos="IN">around</wf>
<wf cmd="ignore" pos="DT">the</wf>
<wf cmd="tag" pos="NN">world</wf>
<wf cmd="ignore" pos="CC">and</wf>
<wf cmd="ignore" pos="IN">with</wf>
<wf cmd="ignore" pos="DT">every</wf>
<wf cmd="tag" pos="NNP">SAC</wf>
<wf cmd="tag" pos="NN">aircraft</wf>
<punc>.</punc>
</s>
</p>
<p pnum="21">
<s snum="88">
<wf cmd="ignore" pos="PRP">He</wf>
<wf cmd="done" pos="VBP" ot="notag">need</wf>
<wf cmd="tag" pos="RB">only</wf>
<wf cmd="done" pos="VB" lemma="pick_up" wnsn="2" lexsn="2:35:01::">pick_up</wf>
<wf cmd="tag" pos="CD">one</wf>
<wf cmd="ignore" pos="IN">of</wf>
<wf cmd="ignore" pos="DT">the</wf>
<wf cmd="tag" pos="CD">two</wf>
<wf cmd="tag" pos="JJ">red</wf>
<wf cmd="tag" pos="NN">telephone_receivers</wf>
<wf cmd="ignore" pos="IN">at</wf>
<wf cmd="ignore" pos="PRP$">his</wf>
<wf cmd="tag" pos="JJ">extreme</wf>
<wf cmd="tag" pos="RB">left</wf>
<punc>,</punc>
<wf cmd="tag" pos="NN">right</wf>
<wf cmd="tag" pos="JJ">next</wf>
<wf cmd="ignore" pos="TO">to</wf>
<wf cmd="ignore" pos="DT">the</wf>
<wf cmd="tag" pos="JJ">big</wf>
<wf cmd="tag" pos="JJ">red</wf>
<wf cmd="tag" pos="NN">button</wf>
<wf cmd="tag" pos="JJ">marked</wf>
<punc>``</punc>
<wf cmd="tag" pos="JJ">alert</wf>
<punc>''</punc>
<punc>.</punc>
</s>
<s snum="89">
<punc>(</punc>
<wf cmd="ignore" pos="EX">There</wf>
<wf cmd="done" pos="VB" lemma="be" wnsn="4" lexsn="2:42:00::">are</wf>
<wf cmd="tag" pos="CD">two</wf>
<wf cmd="tag" pos="NNS">receivers</wf>
<wf cmd="tag" pos="RB">in_case</wf>
<wf cmd="tag" pos="CD">one</wf>
<wf cmd="ignore" pos="MD">should</wf>
<wf cmd="done" pos="VB" ot="notag">be</wf>
<wf cmd="done" pos="VB" lemma="drop" wnsn="1" lexsn="2:38:01::">dropped</wf>
<wf cmd="ignore" pos="CC">and</wf>
<wf cmd="done" pos="VB" lemma="damage" wnsn="1" lexsn="2:30:00::">damaged</wf>
<punc>.</punc>
<punc>)</punc>
</s>
</p>
<p pnum="22">
<s snum="90">
<wf cmd="ignore" pos="CC">But</wf>
<wf cmd="tag" pos="NNP">Wisman</wf>
<punc>,</punc>
<wf cmd="tag" pos="RB">too</wf>
<punc>,</punc>
<wf cmd="done" pos="VBZ" ot="notag">does</wf>
<wf cmd="tag" pos="RB">not</wf>
<wf cmd="done" pos="VB" lemma="know" wnsn="1" lexsn="2:31:01::">know</wf>
<wf cmd="ignore" pos="DT">the</wf>
<wf cmd="tag" pos="NN">go</wf>
<wf cmd="tag" pos="NN">code</wf>
<punc>.</punc>
</s>
<s snum="91">
<wf cmd="ignore" pos="PRP">He</wf>
<wf cmd="ignore" pos="MD">must</wf>
<wf cmd="done" pos="VB" lemma="take" wnsn="17" lexsn="2:30:00::">take</wf>
<wf cmd="ignore" pos="PRP">it</wf>
<wf cmd="ignore" pos="IN">from</wf>
<punc>``</punc>
<wf cmd="ignore" pos="DT">the</wf>
<wf cmd="tag" pos="JJ">red</wf>
<wf cmd="tag" pos="NN">box</wf>
<punc>''</punc>
<punc>.</punc>
</s>
<s snum="92">
<wf cmd="tag" pos="RB">In_point_of_fact</wf>
<punc>,</punc>
<wf cmd="ignore" pos="DT">this</wf>
<wf cmd="done" pos="VB" lemma="be" wnsn="2" lexsn="2:42:06::">is</wf>
<wf cmd="ignore" pos="DT">a</wf>
<wf cmd="tag" pos="JJ">beige</wf>
<wf cmd="tag" pos="NN">box</wf>
<wf cmd="ignore" pos="IN">with</wf>
<wf cmd="ignore" pos="DT">a</wf>
<wf cmd="tag" pos="JJ">bright</wf>
<wf cmd="tag" pos="JJ">red</wf>
<wf cmd="tag" pos="NN">door</wf>
<punc>,</punc>
<wf cmd="ignore" pos="IN">about</wf>
<wf cmd="tag" pos="CD">one</wf>
<wf cmd="ignore" pos="CC">and</wf>
<wf cmd="ignore" pos="DT">a</wf>
<wf cmd="tag" pos="NN">half</wf>
<wf cmd="tag" pos="NNS">feet</wf>
<wf cmd="tag" pos="NN">square</wf>
<wf cmd="ignore" pos="CC">and</wf>
<wf cmd="done" pos="VB" lemma="hang" wnsn="1" lexsn="2:35:03::">hung</wf>
<wf cmd="ignore" pos="IN">from</wf>
<wf cmd="ignore" pos="DT">the</wf>
<wf cmd="tag" pos="NN">wall</wf>
<wf cmd="ignore" pos="IN">about</wf>
<wf cmd="tag" pos="CD">six</wf>
<wf cmd="tag" pos="NNS">feet</wf>
<wf cmd="ignore" pos="IN">from</wf>
<wf cmd="ignore" pos="DT">the</wf>
<wf cmd="tag" pos="NN">door</wf>
<wf cmd="ignore" pos="TO">to</wf>
<wf cmd="tag" pos="NNP">Wisman</wf>
<wf cmd="ignore" pos="POS">'s</wf>
<wf cmd="tag" pos="NN">right</wf>
<punc>.</punc>
</s>
<s snum="93">
<wf cmd="ignore" pos="DT">The</wf>
<wf cmd="tag" pos="NN">box</wf>
<wf cmd="done" pos="VBZ" ot="notag">is</wf>
<wf cmd="tag" pos="RB">internally</wf>
<wf cmd="done" pos="VB" lemma="wire" wnsn="1" lexsn="2:40:00::">wired</wf>
<wf cmd="tag" pos="RB">so</wf>
<wf cmd="ignore" pos="DT">the</wf>
<wf cmd="tag" pos="NN">door</wf>
<wf cmd="ignore" pos="MD">can</wf>
<wf cmd="tag" pos="RB">never</wf>
<wf cmd="done" pos="VB" ot="notag">be</wf>
<wf cmd="done" pos="VB" lemma="open" wnsn="1" lexsn="2:35:00::">opened</wf>
<wf cmd="ignore" pos="IN">without</wf>
<wf cmd="done" pos="VB" lemma="set_off" wnsn="1" lexsn="2:36:00::">setting_off</wf>
<wf cmd="ignore" pos="DT">a</wf>
<wf cmd="tag" pos="JJ">screeching</wf>
<wf cmd="tag" pos="NN">klaxon</wf>
<punc>(</punc>
<punc>``</punc>
<wf cmd="ignore" pos="PRP">It</wf>
<wf cmd="done" pos="VBZ" ot="notag">'s</wf>
<wf cmd="tag" pos="JJ">real</wf>
<wf cmd="tag" pos="JJ">obnoxious</wf>
<punc>''</punc>
<punc>)</punc>
<punc>.</punc>
</s>
</p>
<p pnum="23">
<s snum="94">
<wf cmd="tag" pos="RB">Now</wf>
<wf cmd="ignore" pos="PRP">we</wf>
<wf cmd="ignore" pos="MD">must</wf>
<wf cmd="done" pos="VB" lemma="become" wnsn="1" lexsn="2:30:00::">become</wf>
<wf cmd="tag" pos="JJ">vague</wf>
<punc>,</punc>
<wf cmd="ignore" pos="IN">for</wf>
<wf cmd="ignore" pos="PRP">we</wf>
<wf cmd="done" pos="VBP" ot="notag">are</wf>
<wf cmd="done" pos="VB" lemma="approach" wnsn="1" lexsn="2:38:00::">approaching</wf>
<wf cmd="tag" pos="CD">one</wf>
<wf cmd="ignore" pos="IN">of</wf>
<wf cmd="ignore" pos="DT">the</wf>
<wf cmd="tag" pos="NN">nation</wf>
<wf cmd="ignore" pos="POS">'s</wf>
<wf cmd="tag" pos="RBS">most</wf>
<wf cmd="tag" pos="JJ">guarded</wf>
<wf cmd="tag" pos="NNS">secrets</wf>
<punc>.</punc>
</s>
<s snum="95">
<wf cmd="ignore" pos="DT">The</wf>
<wf cmd="tag" pos="NNS">codes</wf>
<wf cmd="ignore" pos="IN">in</wf>
<wf cmd="ignore" pos="DT">the</wf>
<wf cmd="tag" pos="JJ">red</wf>
<wf cmd="tag" pos="NN">box</wf>
<punc>-</punc>
<wf cmd="ignore" pos="EX">there</wf>
<wf cmd="done" pos="VB" lemma="be" wnsn="1" lexsn="2:42:03::">are</wf>
<wf cmd="tag" pos="JJ">several</wf>
<wf cmd="ignore" pos="IN">of</wf>
<wf cmd="ignore" pos="PRP">them</wf>
<wf cmd="done" pos="VB" lemma="cover" wnsn="4" lexsn="2:42:00::">covering</wf>
<wf cmd="tag" pos="JJ">various</wf>
<wf cmd="tag" pos="NNS">contingencies</wf>
<punc>-</punc>
<wf cmd="done" pos="VBP" ot="notag">are</wf>
<wf cmd="done" pos="VB" lemma="contain" wnsn="2" lexsn="2:42:13::">contained</wf>
<wf cmd="ignore" pos="IN">in</wf>
<wf cmd="ignore" pos="DT">a</wf>
<wf cmd="tag" pos="JJ">sealed</wf>
<wf cmd="tag" pos="JJ">X-ray-proof</wf>
<punc>``</punc>
<wf cmd="tag" pos="JJ">unique</wf>
<wf cmd="tag" pos="NN">device</wf>
<punc>''</punc>
<punc>.</punc>
</s>
<s snum="96">
<wf cmd="ignore" pos="PRP">They</wf>
<wf cmd="done" pos="VBP" ot="notag">are</wf>
<wf cmd="done" pos="VB" lemma="supply" wnsn="1" lexsn="2:40:00::">supplied</wf>
<punc>,</punc>
<wf cmd="ignore" pos="DT">a</wf>
<wf cmd="tag" pos="NN">batch</wf>
<wf cmd="tag" pos="RB">at_a_time</wf>
<punc>,</punc>
<wf cmd="ignore" pos="IN">by</wf>
<wf cmd="ignore" pos="DT">a</wf>
<wf cmd="tag" pos="JJ">secret</wf>
<wf cmd="tag" pos="NN">source</wf>
<wf cmd="ignore" pos="CC">and</wf>
<wf cmd="done" pos="VBP" ot="notag">are</wf>
<wf cmd="tag" pos="RB">continually</wf>
<wf cmd="done" pos="VB" lemma="change" wnsn="3" lexsn="2:30:02::">changed</wf>
<wf cmd="ignore" pos="IN">by</wf>
<wf cmd="tag" pos="NNP">Wisman</wf>
<wf cmd="ignore" pos="CC">or</wf>
<wf cmd="ignore" pos="PRP$">his</wf>
<wf cmd="tag" pos="NN">staff</wf>
<punc>,</punc>
<wf cmd="tag" pos="RB">at_random</wf>
<wf cmd="tag" pos="NNS">intervals</wf>
<punc>.</punc>
</s>
</p>
<p pnum="24">
<s snum="97">
<wf cmd="ignore" pos="CC">But</wf>
<wf cmd="tag" pos="RB">even</wf>
<wf cmd="ignore" pos="DT">the</wf>
<wf cmd="tag" pos="NNS">contents</wf>
<wf cmd="ignore" pos="IN">of</wf>
<wf cmd="tag" pos="NNP">Wisman</wf>
<wf cmd="ignore" pos="POS">'s</wf>
<wf cmd="tag" pos="NN">box</wf>
<wf cmd="ignore" pos="MD">cannot</wf>
<wf cmd="done" pos="VB" lemma="start" wnsn="2" lexsn="2:30:01::">start</wf>
<wf cmd="ignore" pos="DT">a</wf>
<wf cmd="tag" pos="NN">war</wf>
<punc>.</punc>
</s>
<s snum="98">
<wf cmd="ignore" pos="PRP">They</wf>
<wf cmd="done" pos="VB" lemma="be" wnsn="1" lexsn="2:42:03::">are</wf>
<wf cmd="tag" pos="JJ">mere</wf>
<wf cmd="tag" pos="NNS">fragments</wf>
<punc>,</punc>
<wf cmd="tag" pos="RB">just</wf>
<wf cmd="tag" pos="CD">one</wf>
<wf cmd="tag" pos="NN">portion</wf>
<wf cmd="ignore" pos="IN">of</wf>
<wf cmd="tag" pos="JJ">preprepared</wf>
<wf cmd="tag" pos="NNS">messages</wf>
<punc>.</punc>
</s>
<s snum="99">
<wf cmd="ignore" pos="WP">What</wf>
<wf cmd="ignore" pos="DT">these</wf>
<wf cmd="tag" pos="NNS">fragments</wf>
<wf cmd="done" pos="VB" lemma="be" wnsn="2" lexsn="2:42:06::">are</wf>
<wf cmd="tag" pos="RB">and_how</wf>
<wf cmd="ignore" pos="PRP">they</wf>
<wf cmd="done" pos="VB" lemma="activate" wnsn="1" lexsn="2:36:00::">activate</wf>
<wf cmd="ignore" pos="DT">the</wf>
<wf cmd="tag" pos="NN">go</wf>
<wf cmd="tag" pos="NN">order</wf>
<wf cmd="done" pos="VB" lemma="may_not" wnsn="0" lexsn="2:42:00::">may_not</wf>
<wf cmd="done" pos="VB" ot="notag">be_revealed</wf>
<punc>.</punc>
</s>
<s snum="100">
<wf cmd="ignore" pos="DT">The</wf>
<wf cmd="tag" pos="NNS">pieces</wf>
<wf cmd="ignore" pos="MD">must</wf>
<wf cmd="done" pos="VB" ot="notag">be</wf>
<wf cmd="done" pos="VB" lemma="place" wnsn="1" lexsn="2:35:00::">placed</wf>
<wf cmd="ignore" pos="IN">in</wf>
<wf cmd="ignore" pos="DT">the</wf>
<wf cmd="tag" pos="NN">context</wf>
<wf cmd="ignore" pos="IN">of</wf>
<wf cmd="ignore" pos="DT">the</wf>
<wf cmd="tag" pos="JJ">prepared</wf>
<wf cmd="tag" pos="NNS">messages</wf>
<wf cmd="ignore" pos="IN">by</wf>
<wf cmd="tag" pos="NNP">Wisman</wf>
<wf cmd="ignore" pos="POS">'s</wf>
<wf cmd="tag" pos="NN">staff</wf>
<punc>.</punc>
</s>
<s snum="101">
<wf cmd="tag" pos="RB">In_addition</wf>
<wf cmd="ignore" pos="TO">to</wf>
<wf cmd="ignore" pos="DT">the</wf>
<wf cmd="tag" pos="NN">authentication</wf>
<wf cmd="ignore" pos="CC">and</wf>
<wf cmd="tag" pos="NN">acknowledgment</wf>
<wf cmd="tag" pos="NNS">procedures</wf>
<wf cmd="ignore" pos="WDT">which</wf>
<wf cmd="done" pos="VB" lemma="precede" wnsn="1" lexsn="2:42:00::">precede</wf>
<wf cmd="ignore" pos="CC">and</wf>
<wf cmd="done" pos="VB" lemma="follow" wnsn="2" lexsn="2:42:00::">follow</wf>
<wf cmd="ignore" pos="DT">the</wf>
<wf cmd="tag" pos="NN">sending</wf>
<wf cmd="ignore" pos="IN">of</wf>
<wf cmd="ignore" pos="DT">the</wf>
<wf cmd="tag" pos="NN">go</wf>
<wf cmd="tag" pos="NNS">messages</wf>
<punc>,</punc>
<wf cmd="tag" pos="RB">again</wf>
<wf cmd="ignore" pos="IN">in</wf>
<wf cmd="tag" pos="JJ">special</wf>
<wf cmd="tag" pos="NNS">codes</wf>
<punc>,</punc>
<wf cmd="ignore" pos="DT">each</wf>
<wf cmd="tag" pos="NN">message</wf>
<wf cmd="tag" pos="RB">also</wf>
<wf cmd="done" pos="VB" lemma="contain" wnsn="1" lexsn="2:42:00::">contains</wf>
<wf cmd="ignore" pos="DT">an</wf>
<punc>``</punc>
<wf cmd="tag" pos="JJ">internal</wf>
<wf cmd="tag" pos="NN">authenticator</wf>
<punc>''</punc>
<punc>,</punc>
<wf cmd="ignore" pos="DT">another</wf>
<wf cmd="tag" pos="JJ">specific</wf>
<wf cmd="tag" pos="NN">signal</wf>
<wf cmd="ignore" pos="TO">to</wf>
<wf cmd="done" pos="VB" lemma="convince" wnsn="1" lexsn="2:32:00::">convince</wf>
<wf cmd="ignore" pos="DT">the</wf>
<wf cmd="tag" pos="NN">recipient</wf>
<wf cmd="ignore" pos="IN">that</wf>
<wf cmd="ignore" pos="PRP">he</wf>
<wf cmd="done" pos="VBZ" ot="notag">is</wf>
<wf cmd="done" pos="VB" lemma="get" wnsn="1" lexsn="2:40:00::">getting</wf>
<wf cmd="ignore" pos="DT">the</wf>
<wf cmd="tag" pos="NN">real_thing</wf>
<punc>.</punc>
</s>
</p>
<p pnum="25">
<s snum="102">
<wf cmd="ignore" pos="PRP">I</wf>
<wf cmd="done" pos="VB" lemma="ask" wnsn="1" lexsn="2:32:00::">asked</wf>
<wf cmd="tag" pos="NNP">Wisman</wf>
<wf cmd="ignore" pos="WP">what</wf>
<wf cmd="ignore" pos="MD">would</wf>
<wf cmd="done" pos="VB" lemma="happen" wnsn="1" lexsn="2:30:00::">happen</wf>
<wf cmd="ignore" pos="IN">if</wf>
<wf cmd="ignore" pos="PRP">he</wf>
<wf cmd="done" pos="VB" lemma="break_out" wnsn="4" lexsn="2:35:00::">broke_out</wf>
<wf cmd="ignore" pos="DT">the</wf>
<wf cmd="tag" pos="NN">go</wf>
<wf cmd="tag" pos="NNS">codes</wf>
<wf cmd="ignore" pos="CC">and</wf>
<wf cmd="done" pos="VB" lemma="try" wnsn="1" lexsn="2:41:00::">tried</wf>
<wf cmd="ignore" pos="TO">to</wf>
<wf cmd="done" pos="VB" lemma="start" wnsn="1" lexsn="2:30:00::">start</wf>
<wf cmd="done" pos="VB" lemma="transmit" wnsn="3" lexsn="2:32:00::">transmitting</wf>
<wf cmd="tag" pos="CD">one</wf>
<punc>.</punc>
</s>
<s snum="103">
<punc>``</punc>
<wf cmd="ignore" pos="PRP">I</wf>
<wf cmd="ignore" pos="MD">'d</wf>
<wf cmd="done" pos="VB" lemma="wind_up" wnsn="0" lexsn="2:30:01::">wind_up</wf>
<wf cmd="tag" pos="JJ">full_of</wf>
<wf cmd="tag" pos="CD">.38</wf>
<wf cmd="tag" pos="NN">bullet_holes</wf>
<punc>''</punc>
<punc>,</punc>
<wf cmd="ignore" pos="PRP">he</wf>
<wf cmd="done" pos="VB" lemma="say" wnsn="1" lexsn="2:32:00::">said</wf>
<punc>,</punc>
<wf cmd="ignore" pos="CC">and</wf>
<wf cmd="ignore" pos="EX">there</wf>
<wf cmd="done" pos="VB" lemma="be" wnsn="4" lexsn="2:42:00::">was</wf>
<wf cmd="ignore" pos="DT">no</wf>
<wf cmd="tag" pos="NN">question</wf>
<wf cmd="ignore" pos="IN">that</wf>
<wf cmd="ignore" pos="PRP">he</wf>
<wf cmd="done" pos="VBD" ot="notag">was</wf>
<wf cmd="done" pos="VB" lemma="talk_about" wnsn="1" lexsn="2:32:00::">talking_about</wf>
<wf cmd="tag" pos="NNS">bullets</wf>
<wf cmd="done" pos="VB" lemma="fire" wnsn="2" lexsn="2:33:00::">fired</wf>
<wf cmd="ignore" pos="IN">by</wf>
<wf cmd="ignore" pos="PRP$">his</wf>
<wf cmd="tag" pos="NNS">coworkers</wf>
<punc>.</punc>
</s>
</p>
<p pnum="26">
<s snum="104">
<wf cmd="tag" pos="RB">Now</wf>
<wf cmd="done" pos="VB" ot="notag">let</wf>
<wf cmd="ignore" pos="PRP">us</wf>
<wf cmd="done" pos="VB" lemma="imagine" wnsn="1" lexsn="2:36:00::">imagine</wf>
<wf cmd="ignore" pos="DT">a</wf>
<wf cmd="tag" pos="NN">wing</wf>
<wf cmd="ignore" pos="IN">of</wf>
<wf cmd="tag" pos="NNP">B-52</wf>
<wf cmd="ignore" pos="POS">'s</wf>
<punc>,</punc>
<wf cmd="ignore" pos="IN">on</wf>
<wf cmd="tag" pos="JJ">alert</wf>
<wf cmd="ignore" pos="IN">near</wf>
<wf cmd="ignore" pos="PRP$">their</wf>
<punc>``</punc>
<wf cmd="tag" pos="JJ">positive</wf>
<wf cmd="tag" pos="NN">control</wf>
<punc>(</punc>
<wf cmd="ignore" pos="CC">or</wf>
<wf cmd="tag" pos="JJ">fail-safe</wf>
<punc>)</punc>
<wf cmd="tag" pos="NNS">points</wf>
<punc>''</punc>
<punc>,</punc>
<wf cmd="ignore" pos="DT">the</wf>
<wf cmd="tag" pos="NNS">spots</wf>
<wf cmd="ignore" pos="IN">on</wf>
<wf cmd="ignore" pos="DT">the</wf>
<wf cmd="tag" pos="NN">map</wf>
<punc>,</punc>
<wf cmd="tag" pos="JJ">many</wf>
<wf cmd="tag" pos="NNS">miles</wf>
<wf cmd="ignore" pos="IN">from</wf>
<wf cmd="tag" pos="JJ">Soviet</wf>
<wf cmd="tag" pos="NN">territory</wf>
<punc>,</punc>
<wf cmd="ignore" pos="IN">beyond</wf>
<wf cmd="ignore" pos="WDT">which</wf>
<wf cmd="ignore" pos="PRP">they</wf>
<wf cmd="done" pos="VBP" ot="notag">are</wf>
<wf cmd="done" pos="VB" lemma="forbid" wnsn="1" lexsn="2:32:00::">forbidden</wf>
<wf cmd="ignore" pos="TO">to</wf>
<wf cmd="done" pos="VB" lemma="fly" wnsn="1" lexsn="2:38:00::">fly</wf>
<wf cmd="ignore" pos="IN">without</wf>
<wf cmd="tag" pos="JJ">specific</wf>
<wf cmd="tag" pos="NNS">orders</wf>
<wf cmd="ignore" pos="TO">to</wf>
<wf cmd="done" pos="VB" lemma="proceed" wnsn="2" lexsn="2:38:00::">proceed</wf>
<wf cmd="ignore" pos="TO">to</wf>
<wf cmd="ignore" pos="PRP$">their</wf>
<wf cmd="tag" pos="NNS">targets</wf>
<punc>.</punc>
</s>
<s snum="105">
<wf cmd="ignore" pos="PRP">They</wf>
<punc>,</punc>
<wf cmd="tag" pos="RB">too</wf>
<punc>,</punc>
<wf cmd="done" pos="VB" lemma="have" wnsn="1" lexsn="2:40:00::">have</wf>
<wf cmd="tag" pos="NNS">fragments</wf>
<wf cmd="ignore" pos="IN">of</wf>
<wf cmd="ignore" pos="DT">the</wf>
<wf cmd="tag" pos="NN">go</wf>
<wf cmd="tag" pos="NN">code</wf>
<wf cmd="ignore" pos="IN">with</wf>
<wf cmd="ignore" pos="PRP">them</wf>
<punc>.</punc>
</s>
<s snum="106">
<wf cmd="ignore" pos="IN">As</wf>
<wf cmd="tag" pos="NNP">Wisman</wf>
<wf cmd="done" pos="VB" lemma="put" wnsn="3" lexsn="2:32:00::">put</wf>
<wf cmd="ignore" pos="PRP">it</wf>
<punc>,</punc>
<punc>``</punc>
<wf cmd="ignore" pos="PRP">They</wf>
<wf cmd="done" pos="VB" lemma="have" wnsn="1" lexsn="2:40:00::">have</wf>
<wf cmd="tag" pos="JJ">separate</wf>
<wf cmd="tag" pos="NNS">pieces</wf>
<wf cmd="ignore" pos="IN">of</wf>
<wf cmd="ignore" pos="DT">the</wf>
<wf cmd="tag" pos="NN">pie</wf>
<punc>,</punc>
<wf cmd="ignore" pos="CC">and</wf>
<wf cmd="ignore" pos="PRP">we</wf>
<wf cmd="done" pos="VB" lemma="have" wnsn="1" lexsn="2:40:00::">have</wf>
<wf cmd="ignore" pos="DT">the</wf>
<wf cmd="tag" pos="JJ">whole</wf>
<wf cmd="tag" pos="NN">pie</wf>
<punc>.</punc>
</s>
<s snum="107">
<wf cmd="tag" pos="RB">Once</wf>
<wf cmd="ignore" pos="PRP">we</wf>
<wf cmd="done" pos="VB" lemma="send_out" wnsn="1" lexsn="2:35:00::">send_out</wf>
<wf cmd="ignore" pos="DT">the</wf>
<wf cmd="tag" pos="JJ">whole</wf>
<wf cmd="tag" pos="NN">pie</wf>
<punc>,</punc>
<wf cmd="ignore" pos="PRP">they</wf>
<wf cmd="ignore" pos="MD">can</wf>
<wf cmd="done" pos="VB" lemma="put" wnsn="1" lexsn="2:35:00::">put</wf>
<wf cmd="ignore" pos="PRP$">their</wf>
<wf cmd="tag" pos="NNS">pieces</wf>
<wf cmd="ignore" pos="IN">into</wf>
<wf cmd="ignore" pos="PRP">it</wf>
<punc>.</punc>
</s>
<s snum="108">
<wf cmd="ignore" pos="IN">Unless</wf>
<wf cmd="ignore" pos="PRP">we</wf>
<wf cmd="done" pos="VB" lemma="send_out" wnsn="1" lexsn="2:35:00::">send_out</wf>
<wf cmd="ignore" pos="DT">the</wf>
<wf cmd="tag" pos="JJ">whole</wf>
<wf cmd="tag" pos="NN">pie</wf>
<punc>,</punc>
<wf cmd="ignore" pos="PRP$">their</wf>
<wf cmd="tag" pos="NNS">pieces</wf>
<wf cmd="done" pos="VB" lemma="mean" wnsn="5" lexsn="2:42:03::">mean</wf>
<wf cmd="tag" pos="NN">nothing</wf>
<punc>''</punc>
<punc>.</punc>
</s>
<s snum="109">
<wf cmd="ignore" pos="WRB">Why</wf>
<wf cmd="done" pos="VBZ" ot="notag">does</wf>
<wf cmd="tag" pos="NNP">Wisman</wf>
<wf cmd="ignore" pos="POS">'s</wf>
<wf cmd="tag" pos="JJ">ever-changing</wf>
<wf cmd="tag" pos="NN">code</wf>
<wf cmd="tag" pos="RB">always</wf>
<wf cmd="done" pos="VB" lemma="mesh" wnsn="2" lexsn="2:30:00::">mesh</wf>
<wf cmd="done" pos="VB" ot="notag">with</wf>
<wf cmd="ignore" pos="DT">the</wf>
<wf cmd="tag" pos="NNS">fragments</wf>
<wf cmd="ignore" pos="IN">in</wf>
<wf cmd="tag" pos="NN">possession</wf>
<wf cmd="ignore" pos="IN">of</wf>
<wf cmd="ignore" pos="DT">the</wf>
<wf cmd="tag" pos="NN">button</wf>
<wf cmd="tag" pos="NNS">pushers</wf>
<punc>?</punc>
</s>
<s snum="110">
<wf cmd="ignore" pos="DT">The</wf>
<wf cmd="tag" pos="NN">answer</wf>
<wf cmd="done" pos="VB" lemma="be" wnsn="2" lexsn="2:42:06::">is</wf>
<wf cmd="ignore" pos="DT">a</wf>
<wf cmd="tag" pos="JJ">cryptographic</wf>
<wf cmd="tag" pos="NN">secret</wf>
<punc>.</punc>
</s>
<s snum="111">
<wf cmd="tag" pos="RB">At_any_rate</wf>
<punc>,</punc>
<wf cmd="tag" pos="CD">three</wf>
<wf cmd="tag" pos="NNS">men</wf>
<wf cmd="ignore" pos="IN">out</wf>
<wf cmd="ignore" pos="IN">of</wf>
<wf cmd="ignore" pos="DT">a</wf>
<wf cmd="tag" pos="JJ">six-man</wf>
<wf cmd="tag" pos="NNP">B-52</wf>
<wf cmd="tag" pos="NN">crew</wf>
<wf cmd="done" pos="VBP" ot="notag">are</wf>
<wf cmd="done" pos="VB" lemma="require" wnsn="1" lexsn="2:42:00::">required</wf>
<wf cmd="ignore" pos="TO">to</wf>
<wf cmd="done" pos="VB" lemma="copy" wnsn="1" lexsn="2:36:05::">copy</wf>
<wf cmd="tag" pos="RB">down</wf>
<wf cmd="tag" pos="NNP">Wisman</wf>
<wf cmd="ignore" pos="POS">'s</wf>
<wf cmd="tag" pos="JJ">go-to-war</wf>
<wf cmd="tag" pos="NN">message</wf>
<punc>.</punc>
</s>
<s snum="112">
<wf cmd="ignore" pos="DT">Each</wf>
<wf cmd="ignore" pos="MD">must</wf>
<wf cmd="done" pos="VB" lemma="match" wnsn="3" lexsn="2:35:08::">match</wf>
<wf cmd="tag" pos="NNP">Wisman</wf>
<wf cmd="ignore" pos="POS">'s</wf>
<punc>``</punc>
<wf cmd="tag" pos="NN">pie</wf>
<punc>''</punc>
<wf cmd="ignore" pos="IN">with</wf>
<wf cmd="ignore" pos="DT">the</wf>
<wf cmd="tag" pos="NN">fragment</wf>
<wf cmd="ignore" pos="IN">that</wf>
<wf cmd="ignore" pos="PRP">he</wf>
<wf cmd="done" pos="VB" lemma="carry" wnsn="2" lexsn="2:42:01::">carries</wf>
<wf cmd="ignore" pos="IN">with</wf>
<wf cmd="ignore" pos="PRP">him</wf>
<punc>.</punc>
</s>
<s snum="113">
<wf cmd="ignore" pos="DT">All</wf>
<wf cmd="tag" pos="CD">three</wf>
<wf cmd="ignore" pos="MD">must</wf>
<wf cmd="done" pos="VB" lemma="compare" wnsn="1" lexsn="2:31:00::">compare</wf>
<wf cmd="tag" pos="NNS">notes</wf>
<wf cmd="ignore" pos="CC">and</wf>
<wf cmd="done" pos="VB" lemma="agree" wnsn="1" lexsn="2:32:00::">agree</wf>
<wf cmd="ignore" pos="TO">to</wf>
<punc>``</punc>
<wf cmd="done" pos="VB" lemma="go" wnsn="20" lexsn="2:38:09::">go</wf>
<punc>''</punc>
<punc>.</punc>
</s>
</p>
<p pnum="27">
<s snum="114">
<wf cmd="tag" pos="RB">After_that</wf>
<punc>,</punc>
<wf cmd="ignore" pos="PRP">it</wf>
<wf cmd="done" pos="VB" lemma="require" wnsn="1" lexsn="2:42:00::">requires</wf>
<wf cmd="tag" pos="JJ">several</wf>
<wf cmd="tag" pos="NNS">minutes</wf>
<wf cmd="ignore" pos="IN">of</wf>
<wf cmd="tag" pos="JJ">concentrated</wf>
<wf cmd="tag" pos="NN">work</wf>
<punc>,</punc>
<wf cmd="done" pos="VB" lemma="include" wnsn="1" lexsn="2:42:00::">including</wf>
<wf cmd="tag" pos="CD">six</wf>
<wf cmd="tag" pos="JJ">separate</wf>
<wf cmd="ignore" pos="CC">and</wf>
<wf cmd="tag" pos="JJ">deliberate</wf>
<wf cmd="tag" pos="NNS">actions</wf>
<wf cmd="ignore" pos="IN">by</wf>
<wf cmd="ignore" pos="DT">a</wf>
<wf cmd="tag" pos="NN">minimum</wf>
<wf cmd="ignore" pos="IN">of</wf>
<wf cmd="tag" pos="CD">three</wf>
<wf cmd="tag" pos="NNS">men</wf>
<wf cmd="done" pos="VB" lemma="sit" wnsn="1" lexsn="2:35:00::">sitting</wf>
<wf cmd="ignore" pos="IN">at</wf>
<wf cmd="tag" pos="CD">three</wf>
<wf cmd="tag" pos="JJ">separate</wf>
<wf cmd="tag" pos="NNS">stations</wf>
<wf cmd="ignore" pos="IN">in</wf>
<wf cmd="ignore" pos="DT">a</wf>
<wf cmd="tag" pos="NN">bomber</wf>
<punc>,</punc>
<wf cmd="ignore" pos="DT">each</wf>
<wf cmd="ignore" pos="IN">with</wf>
<wf cmd="ignore" pos="DT">another</wf>
<wf cmd="tag" pos="NN">man</wf>
<wf cmd="ignore" pos="IN">beside</wf>
<wf cmd="ignore" pos="PRP">him</wf>
<wf cmd="ignore" pos="TO">to</wf>
<wf cmd="done" pos="VB" lemma="help" wnsn="1" lexsn="2:41:00::">help</wf>
<punc>,</punc>
<wf cmd="ignore" pos="IN">for</wf>
<wf cmd="ignore" pos="DT">an</wf>
<wf cmd="tag" pos="JJ">armed</wf>
<wf cmd="tag" pos="NN">bomb</wf>
<wf cmd="ignore" pos="TO">to</wf>
<wf cmd="done" pos="VB" ot="notag">be_released</wf>
<punc>.</punc>
</s>
<s snum="115">
<wf cmd="ignore" pos="IN">Unless</wf>
<wf cmd="ignore" pos="DT">all</wf>
<wf cmd="tag" pos="NNS">gadgets</wf>
<wf cmd="done" pos="VBP" ot="notag">are</wf>
<wf cmd="tag" pos="RB">properly</wf>
<wf cmd="done" pos="VB" lemma="operate" wnsn="3" lexsn="2:35:00::">operated</wf>
<punc>-</punc>
<wf cmd="ignore" pos="CC">and</wf>
<wf cmd="ignore" pos="DT">the</wf>
<wf cmd="tag" pos="NNS">wires</wf>
<wf cmd="ignore" pos="CC">and</wf>
<wf cmd="tag" pos="NNS">seals</wf>
<wf cmd="ignore" pos="IN">from</wf>
<wf cmd="ignore" pos="DT">the</wf>
<wf cmd="tag" pos="NN">handles</wf>
<wf cmd="done" pos="VB" lemma="remove" wnsn="1" lexsn="2:30:00::">removed</wf>
<wf cmd="tag" pos="JJ">first</wf>
<punc>-</punc>
<wf cmd="ignore" pos="DT">no</wf>
<wf cmd="tag" pos="NN">damage</wf>
<wf cmd="ignore" pos="MD">can</wf>
<wf cmd="done" pos="VB" ot="notag">be</wf>
<wf cmd="done" pos="VB" lemma="do" wnsn="5" lexsn="2:36:02::">done</wf>
<punc>.</punc>
</s>
</p>
</context>
</contextfile>
