<contextfile concordance="brown">
<context filename="br-h10" paras="yes">
<p pnum="1">
<s snum="1">
<wf cmd="ignore" pos="IN">In</wf>
<wf cmd="ignore" pos="DT">the</wf>
<wf cmd="tag" pos="JJ">same</wf>
<wf cmd="tag" pos="NN">period</wf>
<punc>,</punc>
<wf cmd="tag" pos="CD">431</wf>
<wf cmd="tag" pos="NNS">presentations</wf>
<wf cmd="ignore" pos="IN">by</wf>
<wf cmd="tag" pos="NNS">members</wf>
<wf cmd="ignore" pos="IN">of</wf>
<wf cmd="ignore" pos="DT">the</wf>
<wf cmd="tag" pos="NN">staff</wf>
<wf cmd="done" pos="VBD" ot="notag">were</wf>
<wf cmd="done" pos="VB" lemma="make" wnsn="1" lexsn="2:41:00::">made</wf>
<wf cmd="ignore" pos="TO">to</wf>
<wf cmd="tag" pos="JJ">local</wf>
<punc>,</punc>
<wf cmd="tag" pos="JJ">national</wf>
<punc>,</punc>
<wf cmd="ignore" pos="CC">and</wf>
<wf cmd="tag" pos="JJ">international</wf>
<wf cmd="tag" pos="JJ">medical</wf>
<wf cmd="tag" pos="NNS">groups</wf>
<punc>.</punc>
</s>
</p>
<p pnum="2">
<s snum="2">
<wf cmd="ignore" pos="DT">The</wf>
<wf cmd="tag" pos="NN">education</wf>
<wf cmd="tag" pos="NN">function</wf>
<wf cmd="ignore" pos="IN">of</wf>
<wf cmd="ignore" pos="DT">the</wf>
<wf cmd="tag" pos="NNP">Institute</wf>
<wf cmd="done" pos="VBZ" ot="notag">is</wf>
<wf cmd="done" pos="VB" lemma="carry_on" wnsn="1" lexsn="2:41:00::">carried_on</wf>
<wf cmd="ignore" pos="IN">by</wf>
<wf cmd="ignore" pos="DT">the</wf>
<wf cmd="tag" pos="NN">staff</wf>
<wf cmd="ignore" pos="IN">in</wf>
<wf cmd="ignore" pos="DT">the</wf>
<wf cmd="tag" pos="NNS">departments</wf>
<wf cmd="ignore" pos="IN">of</wf>
<wf cmd="tag" pos="NN">pathology</wf>
<wf cmd="ignore" pos="CC">and</wf>
<wf cmd="ignore" pos="PRP$">its</wf>
<wf cmd="tag" pos="NNS">consultants</wf>
<punc>.</punc>
</s>
<s snum="3">
<wf cmd="ignore" pos="IN">During</wf>
<wf cmd="tag" pos="NN">fiscal_year</wf>
<wf cmd="tag" pos="CD">1959</wf>
<punc>,</punc>
<wf cmd="tag" pos="CD">six</wf>
<wf cmd="tag" pos="NNS">courses</wf>
<wf cmd="done" pos="VBD" ot="notag">were</wf>
<wf cmd="done" pos="VB" lemma="conduct" wnsn="2" lexsn="2:36:00::">conducted</wf>
<punc>:</punc>
<wf cmd="tag" pos="NNP">Forensic_Pathology</wf>
<punc>,</punc>
<wf cmd="tag" pos="NNP">Application</wf>
<wf cmd="ignore" pos="IN">of</wf>
<wf cmd="tag" pos="NNP">Histochemistry</wf>
<wf cmd="ignore" pos="TO">to</wf>
<wf cmd="tag" pos="NNP">Pathology</wf>
<punc>,</punc>
<wf cmd="tag" pos="NNP">Pathology</wf>
<wf cmd="ignore" pos="IN">of</wf>
<wf cmd="tag" pos="NNPS">Diseases</wf>
<wf cmd="ignore" pos="IN">of</wf>
<wf cmd="tag" pos="NNP">Laboratory</wf>
<wf cmd="tag" pos="NNS">Animals</wf>
<punc>,</punc>
<wf cmd="tag" pos="NNP">Opthalmic_Pathology</wf>
<punc>,</punc>
<wf cmd="tag" pos="NNP">Pathology</wf>
<wf cmd="ignore" pos="IN">of</wf>
<wf cmd="ignore" pos="DT">the</wf>
<wf cmd="tag" pos="NNP">Oral</wf>
<wf cmd="tag" pos="NNS">Regions</wf>
<punc>,</punc>
<wf cmd="ignore" pos="CC">and</wf>
<wf cmd="ignore" pos="DT">a</wf>
<wf cmd="tag" pos="NNP">Cardiovasculatory_Pathology_Seminar</wf>
<punc>.</punc>
</s>
<s snum="4">
<wf cmd="ignore" pos="IN">During</wf>
<wf cmd="tag" pos="NN">fiscal_year</wf>
<wf cmd="tag" pos="CD">1960</wf>
<punc>,</punc>
<wf cmd="tag" pos="CD">seven</wf>
<wf cmd="tag" pos="NNS">courses</wf>
<wf cmd="done" pos="VBD" ot="notag">were</wf>
<wf cmd="done" pos="VB" lemma="conduct" wnsn="2" lexsn="2:36:00::">conducted</wf>
<punc>:</punc>
<wf cmd="tag" pos="NNP">Application</wf>
<wf cmd="ignore" pos="IN">of</wf>
<wf cmd="tag" pos="NNP">Histochemistry</wf>
<wf cmd="ignore" pos="TO">to</wf>
<wf cmd="tag" pos="NNP">Pathology</wf>
<punc>,</punc>
<wf cmd="tag" pos="NNP">Forensic_Pathology</wf>
<punc>,</punc>
<wf cmd="tag" pos="NNP">Pathology</wf>
<wf cmd="ignore" pos="IN">of</wf>
<wf cmd="tag" pos="NNPS">Diseases</wf>
<wf cmd="ignore" pos="IN">of</wf>
<wf cmd="tag" pos="NNP">Laboratory</wf>
<wf cmd="tag" pos="NNS">Animals</wf>
<punc>,</punc>
<wf cmd="tag" pos="NNP">Pathology</wf>
<wf cmd="ignore" pos="IN">of</wf>
<wf cmd="ignore" pos="DT">the</wf>
<wf cmd="tag" pos="NNP">Oral</wf>
<wf cmd="tag" pos="NNS">Regions</wf>
<punc>,</punc>
<wf cmd="tag" pos="NNP">Opthalmic_Pathology</wf>
<punc>,</punc>
<wf cmd="tag" pos="NNP">Forensic</wf>
<wf cmd="tag" pos="NNPS">Sciences</wf>
<wf cmd="tag" pos="NNP">Symposium</wf>
<punc>,</punc>
<wf cmd="ignore" pos="CC">and</wf>
<wf cmd="tag" pos="NNP">Orthopedic_Pathology</wf>
<punc>.</punc>
</s>
<s snum="5">
<wf cmd="ignore" pos="IN">From</wf>
<wf cmd="tag" pos="CD">1</wf>
<wf cmd="tag" pos="NNP">July</wf>
<wf cmd="tag" pos="CD">1960</wf>
<wf cmd="ignore" pos="IN">through</wf>
<wf cmd="tag" pos="CD">31</wf>
<wf cmd="tag" pos="NNP">January</wf>
<wf cmd="tag" pos="CD">1961</wf>
<punc>,</punc>
<wf cmd="tag" pos="CD">six</wf>
<wf cmd="tag" pos="NNS">courses</wf>
<wf cmd="done" pos="VBD" ot="notag">were</wf>
<wf cmd="done" pos="VB" lemma="conduct" wnsn="2" lexsn="2:36:00::">conducted</wf>
<punc>:</punc>
<wf cmd="tag" pos="NNP">Workshop</wf>
<wf cmd="ignore" pos="IN">in</wf>
<wf cmd="tag" pos="NNP">Resident_Training</wf>
<wf cmd="ignore" pos="IN">in</wf>
<wf cmd="tag" pos="NNP">Pathology</wf>
<punc>,</punc>
<wf cmd="tag" pos="NNP">Pathology</wf>
<wf cmd="ignore" pos="IN">of</wf>
<wf cmd="tag" pos="NNPS">Diseases</wf>
<wf cmd="ignore" pos="IN">of</wf>
<wf cmd="tag" pos="NNP">Laboratory</wf>
<wf cmd="tag" pos="NNS">Animals</wf>
<punc>,</punc>
<wf cmd="tag" pos="NNP">Application</wf>
<wf cmd="ignore" pos="IN">of</wf>
<wf cmd="tag" pos="NNP">Histochemistry</wf>
<wf cmd="ignore" pos="IN">of</wf>
<wf cmd="tag" pos="NNP">Pathology</wf>
<punc>,</punc>
<wf cmd="tag" pos="NNP">Orthopedic_Pathology</wf>
<punc>,</punc>
<wf cmd="tag" pos="NNP">Forensic</wf>
<wf cmd="tag" pos="NNPS">Sciences</wf>
<wf cmd="tag" pos="NNP">Symposium</wf>
<punc>,</punc>
<wf cmd="ignore" pos="CC">and</wf>
<wf cmd="tag" pos="NNP">Forensic_Pathology</wf>
<punc>.</punc>
</s>
</p>
<p pnum="3">
<s snum="6">
<wf cmd="ignore" pos="IN">During</wf>
<wf cmd="tag" pos="NN">fiscal_years</wf>
<wf cmd="tag" pos="CD">1959</wf>
<wf cmd="ignore" pos="CC">and</wf>
<wf cmd="tag" pos="CD">1960</wf>
<punc>,</punc>
<wf cmd="ignore" pos="EX">there</wf>
<wf cmd="done" pos="VB" lemma="be" wnsn="5" lexsn="2:42:04::">were</wf>
<wf cmd="tag" pos="CD">139</wf>
<wf cmd="tag" pos="JJ">military</wf>
<wf cmd="ignore" pos="CC">and</wf>
<wf cmd="tag" pos="JJ">civilian</wf>
<wf cmd="tag" pos="NNS">students</wf>
<wf cmd="ignore" pos="WP">who</wf>
<wf cmd="done" pos="VB" lemma="come" wnsn="1" lexsn="2:38:00::">came</wf>
<wf cmd="done" pos="VB" ot="notag">to</wf>
<wf cmd="ignore" pos="DT">the</wf>
<wf cmd="tag" pos="NNP">Institute</wf>
<wf cmd="ignore" pos="IN">for</wf>
<wf cmd="tag" pos="JJ">varying</wf>
<wf cmd="tag" pos="NNS">periods</wf>
<wf cmd="ignore" pos="IN">of</wf>
<wf cmd="tag" pos="JJ">special</wf>
<wf cmd="tag" pos="NN">instruction</wf>
<punc>.</punc>
</s>
</p>
<p pnum="4">
<s snum="7">
<wf cmd="ignore" pos="DT">The</wf>
<wf cmd="tag" pos="NNP">Institute</wf>
<wf cmd="done" pos="VB" lemma="be" wnsn="1" lexsn="2:42:03::">is</wf>
<wf cmd="tag" pos="JJ">engaged</wf>
<wf cmd="done" pos="VB" ot="notag">in</wf>
<wf cmd="ignore" pos="DT">an</wf>
<wf cmd="tag" pos="JJ">extensive</wf>
<wf cmd="tag" pos="NN">program</wf>
<wf cmd="ignore" pos="IN">of</wf>
<wf cmd="tag" pos="NN">medico-military</wf>
<wf cmd="tag" pos="JJ">scientific</wf>
<wf cmd="tag" pos="NN">research</wf>
<wf cmd="ignore" pos="IN">in</wf>
<wf cmd="ignore" pos="DT">both</wf>
<wf cmd="tag" pos="JJ">morphological</wf>
<wf cmd="ignore" pos="CC">and</wf>
<wf cmd="tag" pos="JJ">experimental</wf>
<wf cmd="tag" pos="NN">pathology</wf>
<punc>.</punc>
</s>
<s snum="8">
<wf cmd="ignore" pos="IN">Among</wf>
<wf cmd="ignore" pos="DT">the</wf>
<wf cmd="tag" pos="JJ">specific</wf>
<wf cmd="tag" pos="NNS">areas</wf>
<wf cmd="ignore" pos="IN">of</wf>
<wf cmd="tag" pos="NN">concentration</wf>
<wf cmd="tag" pos="RB">in_which</wf>
<wf cmd="ignore" pos="DT">the</wf>
<wf cmd="tag" pos="NN">staff</wf>
<wf cmd="done" pos="VB" lemma="be" wnsn="1" lexsn="2:42:03::">is</wf>
<wf cmd="tag" pos="JJ">engaged</wf>
<punc>,</punc>
<wf cmd="done" pos="VB" lemma="be" wnsn="2" lexsn="2:42:06::">are</wf>
<wf cmd="tag" pos="JJ">such</wf>
<wf cmd="tag" pos="NNS">projects</wf>
<wf cmd="ignore" pos="IN">as</wf>
<wf cmd="tag" pos="JJ">biological</wf>
<wf cmd="ignore" pos="CC">and</wf>
<wf cmd="tag" pos="JJ">biochemical</wf>
<wf cmd="tag" pos="NNS">studies</wf>
<wf cmd="ignore" pos="IN">of</wf>
<wf cmd="ignore" pos="DT">the</wf>
<wf cmd="tag" pos="NNS">effects</wf>
<wf cmd="ignore" pos="IN">of</wf>
<wf cmd="tag" pos="NNS">microwaves</wf>
<punc>;</punc>
<wf cmd="tag" pos="NN">study</wf>
<wf cmd="ignore" pos="IN">of</wf>
<wf cmd="tag" pos="NN">motor</wf>
<wf cmd="tag" pos="NN">end</wf>
<wf cmd="tag" pos="NNS">plates</wf>
<wf cmd="ignore" pos="IN">in</wf>
<wf cmd="tag" pos="NN">man</wf>
<wf cmd="ignore" pos="CC">and</wf>
<wf cmd="tag" pos="NNS">animals</wf>
<punc>;</punc>
<wf cmd="tag" pos="NN">investigation</wf>
<wf cmd="ignore" pos="IN">of</wf>
<wf cmd="tag" pos="NN">respiratory_diseases</wf>
<wf cmd="ignore" pos="IN">of</wf>
<wf cmd="tag" pos="NN">laboratory</wf>
<wf cmd="tag" pos="NNS">animals</wf>
<punc>;</punc>
<wf cmd="tag" pos="JJ">metabolic</wf>
<wf cmd="tag" pos="NNS">responses</wf>
<wf cmd="ignore" pos="TO">to</wf>
<wf cmd="tag" pos="JJ">reduced</wf>
<wf cmd="tag" pos="NN">oxygen</wf>
<wf cmd="tag" pos="NN">tension</wf>
<punc>;</punc>
<wf cmd="tag" pos="NN">neuropathology</wf>
<wf cmd="ignore" pos="IN">of</wf>
<wf cmd="tag" pos="JJ">nuclear</wf>
<wf cmd="ignore" pos="CC">and</wf>
<wf cmd="tag" pos="JJ">cosmic</wf>
<wf cmd="tag" pos="NN">radiation</wf>
<punc>;</punc>
<wf cmd="tag" pos="NN">carcinoma</wf>
<wf cmd="ignore" pos="IN">of</wf>
<wf cmd="tag" pos="NN">prostate</wf>
<punc>;</punc>
<wf cmd="tag" pos="NN">evaluation</wf>
<wf cmd="ignore" pos="IN">of</wf>
<wf cmd="tag" pos="JJ">histochemical</wf>
<wf cmd="tag" pos="NNS">techniques</wf>
<punc>;</punc>
<wf cmd="ignore" pos="CC">and</wf>
<wf cmd="tag" pos="NN">hip</wf>
<wf cmd="tag" pos="NN">dysplasia</wf>
<wf cmd="ignore" pos="IN">in</wf>
<wf cmd="tag" pos="NNS">dogs</wf>
<punc>.</punc>
</s>
<s snum="9">
<wf cmd="ignore" pos="EX">There</wf>
<wf cmd="done" pos="VBZ" ot="notag">has</wf>
<wf cmd="done" pos="VB" lemma="be" wnsn="5" lexsn="2:42:04::">been</wf>
<wf cmd="ignore" pos="DT">an</wf>
<wf cmd="tag" pos="NN">increase</wf>
<wf cmd="ignore" pos="IN">in</wf>
<wf cmd="tag" pos="JJ">cooperative</wf>
<wf cmd="tag" pos="NN">research</wf>
<wf cmd="ignore" pos="IN">with</wf>
<wf cmd="tag" pos="JJ">other</wf>
<wf cmd="tag" pos="NNP">Federal</wf>
<wf cmd="tag" pos="NNS">agencies</wf>
<wf cmd="ignore" pos="CC">and</wf>
<wf cmd="tag" pos="JJ">civilian</wf>
<wf cmd="tag" pos="NNS">institutions</wf>
<punc>.</punc>
</s>
</p>
<p pnum="5">
<s snum="10">
<wf cmd="ignore" pos="IN">During</wf>
<wf cmd="ignore" pos="DT">the</wf>
<wf cmd="tag" pos="NN">period</wf>
<wf cmd="ignore" pos="IN">from</wf>
<wf cmd="tag" pos="CD">1</wf>
<wf cmd="tag" pos="NNP">July</wf>
<wf cmd="tag" pos="CD">1960</wf>
<wf cmd="ignore" pos="IN">through</wf>
<wf cmd="tag" pos="CD">31</wf>
<wf cmd="tag" pos="NNP">January</wf>
<wf cmd="tag" pos="CD">1961</wf>
<punc>,</punc>
<wf cmd="tag" pos="JJ">additional</wf>
<wf cmd="tag" pos="NN">research</wf>
<wf cmd="tag" pos="NNS">affiliations</wf>
<wf cmd="done" pos="VBD" ot="notag">were</wf>
<wf cmd="done" pos="VB" lemma="effect" wnsn="1" lexsn="2:36:00::">effected</wf>
<wf cmd="ignore" pos="IN">with</wf>
<wf cmd="ignore" pos="DT">the</wf>
<wf cmd="tag" pos="NNP">U._S._Army_Medical_Research</wf>
<wf cmd="ignore" pos="CC">and</wf>
<wf cmd="tag" pos="NNP">Development_Command</wf>
<wf cmd="ignore" pos="TO">to</wf>
<wf cmd="done" pos="VB" lemma="conduct" wnsn="1" lexsn="2:41:00::">conduct</wf>
<wf cmd="tag" pos="NN">research</wf>
<wf cmd="ignore" pos="IN">in</wf>
<wf cmd="tag" pos="NNS">procedures</wf>
<wf cmd="ignore" pos="IN">for</wf>
<wf cmd="tag" pos="JJ">quantitative</wf>
<wf cmd="tag" pos="NN">electron_microscopy</wf>
<punc>,</punc>
<wf cmd="ignore" pos="CC">and</wf>
<wf cmd="ignore" pos="IN">for</wf>
<wf cmd="ignore" pos="DT">the</wf>
<wf cmd="tag" pos="NN">study</wf>
<wf cmd="ignore" pos="IN">of</wf>
<wf cmd="tag" pos="JJ">biophysical</wf>
<wf cmd="ignore" pos="CC">and</wf>
<wf cmd="tag" pos="JJ">biological</wf>
<wf cmd="tag" pos="NNS">studies</wf>
<wf cmd="ignore" pos="IN">of</wf>
<wf cmd="ignore" pos="DT">the</wf>
<wf cmd="tag" pos="NN">structure</wf>
<wf cmd="ignore" pos="CC">and</wf>
<wf cmd="tag" pos="NN">function</wf>
<wf cmd="ignore" pos="IN">of</wf>
<wf cmd="tag" pos="JJ">ocular</wf>
<wf cmd="tag" pos="NN">tissue</wf>
<punc>.</punc>
</s>
<s snum="11">
<wf cmd="tag" pos="RB">Also</wf>
<punc>,</punc>
<wf cmd="ignore" pos="DT">the</wf>
<wf cmd="tag" pos="NNP">Defense_Atomic_Support_Agency</wf>
<wf cmd="done" pos="VB" lemma="sponsor" wnsn="1" lexsn="2:40:00::">sponsored</wf>
<wf cmd="ignore" pos="DT">a</wf>
<wf cmd="tag" pos="JJ">long-range</wf>
<wf cmd="tag" pos="NN">study</wf>
<wf cmd="ignore" pos="IN">at</wf>
<wf cmd="ignore" pos="DT">this</wf>
<wf cmd="tag" pos="NNP">Institute</wf>
<wf cmd="ignore" pos="IN">on</wf>
<wf cmd="ignore" pos="DT">the</wf>
<wf cmd="tag" pos="NN">response</wf>
<wf cmd="ignore" pos="IN">of</wf>
<wf cmd="tag" pos="JJ">massive</wf>
<wf cmd="tag" pos="NN">suspension</wf>
<wf cmd="tag" pos="NNS">cultures</wf>
<wf cmd="ignore" pos="IN">of</wf>
<wf cmd="tag" pos="JJ">mammalian</wf>
<wf cmd="tag" pos="NNS">cells</wf>
<wf cmd="ignore" pos="TO">to</wf>
<wf cmd="tag" pos="JJ">acute</wf>
<wf cmd="tag" pos="NN">radiation</wf>
<punc>.</punc>
</s>
<s snum="12">
<wf cmd="tag" pos="JJ">Other</wf>
<wf cmd="tag" pos="JJ">scientific</wf>
<wf cmd="tag" pos="NNS">agencies</wf>
<punc>,</punc>
<wf cmd="ignore" pos="DT">both</wf>
<wf cmd="tag" pos="NNP">Federal</wf>
<wf cmd="ignore" pos="CC">and</wf>
<wf cmd="tag" pos="JJ">civilian</wf>
<punc>,</punc>
<wf cmd="done" pos="VB" lemma="support" wnsn="1" lexsn="2:41:00::">supported</wf>
<wf cmd="tag" pos="NNS">studies</wf>
<wf cmd="ignore" pos="IN">in</wf>
<wf cmd="tag" pos="JJ">quantitative</wf>
<wf cmd="tag" pos="NN">electron</wf>
<wf cmd="tag" pos="JJ">microscopical</wf>
<wf cmd="tag" pos="NN">approach</wf>
<wf cmd="ignore" pos="TO">to</wf>
<wf cmd="tag" pos="NN">microchemistry</wf>
<wf cmd="ignore" pos="CC">and</wf>
<wf cmd="tag" pos="NN">microcytochemistry</wf>
<punc>;</punc>
<wf cmd="ignore" pos="DT">the</wf>
<wf cmd="tag" pos="NN">investigation</wf>
<wf cmd="ignore" pos="IN">of</wf>
<wf cmd="ignore" pos="DT">the</wf>
<wf cmd="tag" pos="NN">relationship</wf>
<wf cmd="ignore" pos="IN">of</wf>
<wf cmd="tag" pos="JJ">diphosphopyridine</wf>
<wf cmd="tag" pos="NN">nucleotide</wf>
<wf cmd="tag" pos="NN">synthesizine</wf>
<wf cmd="tag" pos="NN">enzyme</wf>
<wf cmd="ignore" pos="TO">to</wf>
<wf cmd="tag" pos="NN">tumor</wf>
<wf cmd="tag" pos="NN">growth</wf>
<punc>;</punc>
<wf cmd="tag" pos="JJ">morphological</wf>
<wf cmd="tag" pos="NN">study</wf>
<wf cmd="ignore" pos="CC">and</wf>
<wf cmd="tag" pos="NN">classification</wf>
<wf cmd="ignore" pos="IN">of</wf>
<wf cmd="tag" pos="NN">leukemia</wf>
<wf cmd="ignore" pos="CC">and</wf>
<wf cmd="tag" pos="NN">lymphoma</wf>
<wf cmd="tag" pos="NNS">cases</wf>
<wf cmd="ignore" pos="IN">in</wf>
<wf cmd="tag" pos="NNS">animals</wf>
<punc>;</punc>
<wf cmd="ignore" pos="CC">and</wf>
<wf cmd="ignore" pos="DT">the</wf>
<wf cmd="tag" pos="NN">study</wf>
<wf cmd="ignore" pos="IN">of</wf>
<wf cmd="tag" pos="JJ">structural</wf>
<wf cmd="tag" pos="NNS">changes</wf>
<wf cmd="ignore" pos="IN">in</wf>
<wf cmd="tag" pos="NNP">M.</wf>
<wf cmd="tag" pos="NNS">leprae</wf>
<wf cmd="ignore" pos="CC">and</wf>
<wf cmd="tag" pos="JJ">other</wf>
<wf cmd="tag" pos="NN">mycobacteria</wf>
<punc>.</punc>
</s>
</p>
<p pnum="6">
<s snum="13">
<wf cmd="ignore" pos="DT">The</wf>
<wf cmd="tag" pos="NNP">Medical_Illustration_Service</wf>
<wf cmd="done" pos="VB" lemma="be" wnsn="1" lexsn="2:42:03::">is</wf>
<wf cmd="tag" pos="JJ">responsible_for</wf>
<wf cmd="ignore" pos="DT">the</wf>
<wf cmd="tag" pos="NN">collection</wf>
<punc>,</punc>
<wf cmd="tag" pos="NN">publication</wf>
<punc>,</punc>
<wf cmd="tag" pos="NN">exhibition</wf>
<punc>,</punc>
<wf cmd="ignore" pos="CC">and</wf>
<wf cmd="tag" pos="NN">file</wf>
<wf cmd="ignore" pos="IN">of</wf>
<wf cmd="tag" pos="JJ">medical</wf>
<wf cmd="tag" pos="NN">illustration</wf>
<wf cmd="tag" pos="NN">material</wf>
<wf cmd="ignore" pos="IN">of</wf>
<wf cmd="tag" pos="NN">medico-military</wf>
<wf cmd="tag" pos="NN">importance</wf>
<wf cmd="ignore" pos="TO">to</wf>
<wf cmd="ignore" pos="DT">the</wf>
<wf cmd="tag" pos="NN">Armed_Forces</wf>
<punc>.</punc>
</s>
<s snum="14">
<wf cmd="tag" pos="RB">In_addition</wf>
<wf cmd="ignore" pos="TO">to</wf>
<wf cmd="done" pos="VB" lemma="maintain" wnsn="1" lexsn="2:42:00::">maintaining</wf>
<wf cmd="ignore" pos="DT">a</wf>
<wf cmd="tag" pos="JJ">permanent</wf>
<wf cmd="tag" pos="JJ">central</wf>
<wf cmd="tag" pos="NN">file</wf>
<wf cmd="ignore" pos="IN">of</wf>
<wf cmd="tag" pos="NNS">illustrations</wf>
<wf cmd="ignore" pos="IN">of</wf>
<wf cmd="tag" pos="NNS">diseases</wf>
<punc>,</punc>
<wf cmd="tag" pos="NNS">wounds</wf>
<punc>,</punc>
<wf cmd="ignore" pos="CC">and</wf>
<wf cmd="tag" pos="NNS">injuries</wf>
<wf cmd="ignore" pos="IN">of</wf>
<wf cmd="tag" pos="JJ">military</wf>
<wf cmd="tag" pos="NN">importance</wf>
<punc>,</punc>
<wf cmd="ignore" pos="PRP">it</wf>
<wf cmd="done" pos="VB" lemma="provide" wnsn="1" lexsn="2:40:00::">provides</wf>
<wf cmd="tag" pos="NNS">facilities</wf>
<wf cmd="ignore" pos="IN">for</wf>
<wf cmd="tag" pos="JJ">clinical</wf>
<wf cmd="tag" pos="NN">photography</wf>
<punc>,</punc>
<wf cmd="tag" pos="NN">photomicrography</wf>
<punc>,</punc>
<wf cmd="ignore" pos="CC">and</wf>
<wf cmd="tag" pos="JJ">medical</wf>
<wf cmd="tag" pos="NNS">arts</wf>
<punc>,</punc>
<wf cmd="ignore" pos="CC">and</wf>
<wf cmd="done" pos="VB" lemma="operate" wnsn="1" lexsn="2:41:00::">operates</wf>
<wf cmd="ignore" pos="DT">a</wf>
<wf cmd="tag" pos="NN">printing</wf>
<wf cmd="tag" pos="NN">plant</wf>
<punc>,</punc>
<wf cmd="ignore" pos="IN">by</wf>
<wf cmd="tag" pos="NN">permission</wf>
<wf cmd="ignore" pos="IN">of</wf>
<wf cmd="tag" pos="NNP">Congressional_Committee</wf>
<punc>,</punc>
<wf cmd="ignore" pos="IN">for</wf>
<wf cmd="tag" pos="NN">publication</wf>
<wf cmd="ignore" pos="IN">of</wf>
<wf cmd="ignore" pos="DT">an</wf>
<punc>``</punc>
<wf cmd="tag" pos="NNP">Atlas</wf>
<wf cmd="ignore" pos="IN">of</wf>
<wf cmd="tag" pos="NNP">Tumor_Pathology</wf>
<punc>''</punc>
<punc>.</punc>
</s>
<s snum="15">
<wf cmd="ignore" pos="PRP">It</wf>
<wf cmd="tag" pos="RB">also</wf>
<wf cmd="done" pos="VB" lemma="maintain" wnsn="2" lexsn="2:40:00::">maintains</wf>
<wf cmd="tag" pos="NNS">shops</wf>
<wf cmd="ignore" pos="IN">for</wf>
<wf cmd="ignore" pos="DT">the</wf>
<wf cmd="tag" pos="NN">design</wf>
<wf cmd="ignore" pos="CC">and</wf>
<wf cmd="tag" pos="NN">fabrication</wf>
<wf cmd="ignore" pos="IN">of</wf>
<wf cmd="tag" pos="NNS">exhibits</wf>
<punc>,</punc>
<wf cmd="tag" pos="NN">training</wf>
<wf cmd="tag" pos="NNS">aids</wf>
<wf cmd="ignore" pos="CC">and</wf>
<wf cmd="tag" pos="NNS">instruments</wf>
<wf cmd="ignore" pos="CC">and</wf>
<wf cmd="tag" pos="NNS">libraries</wf>
<wf cmd="ignore" pos="IN">for</wf>
<wf cmd="ignore" pos="DT">the</wf>
<wf cmd="tag" pos="NN">loan</wf>
<wf cmd="ignore" pos="IN">of</wf>
<wf cmd="tag" pos="NNS">films</wf>
<wf cmd="ignore" pos="CC">and</wf>
<wf cmd="tag" pos="NN">teaching</wf>
<wf cmd="tag" pos="NN">lantern_slide</wf>
<wf cmd="tag" pos="NNS">sets</wf>
<punc>.</punc>
</s>
</p>
<p pnum="7">
<s snum="16">
<wf cmd="ignore" pos="IN">During</wf>
<wf cmd="ignore" pos="DT">this</wf>
<wf cmd="tag" pos="NN">period</wf>
<punc>,</punc>
<wf cmd="ignore" pos="DT">a</wf>
<wf cmd="tag" pos="NN">total</wf>
<wf cmd="ignore" pos="IN">of</wf>
<wf cmd="tag" pos="CD">762</wf>
<wf cmd="tag" pos="NNS">exhibits</wf>
<wf cmd="done" pos="VB" ot="notag">were</wf>
<wf cmd="done" pos="VB" lemma="present" wnsn="1" lexsn="2:39:00::">presented</wf>
<wf cmd="done" pos="VB" ot="notag">at</wf>
<wf cmd="tag" pos="CD">442</wf>
<wf cmd="tag" pos="JJ">medical</wf>
<wf cmd="ignore" pos="CC">and</wf>
<wf cmd="tag" pos="JJ">scientific</wf>
<wf cmd="tag" pos="NNS">meetings</wf>
<punc>.</punc>
</s>
<s snum="17">
<wf cmd="ignore" pos="IN">Of</wf>
<wf cmd="ignore" pos="DT">these</wf>
<wf cmd="tag" pos="NNS">exhibits</wf>
<punc>,</punc>
<wf cmd="tag" pos="CD">154</wf>
<wf cmd="done" pos="VBD" ot="notag">were</wf>
<wf cmd="tag" pos="RB">newly</wf>
<wf cmd="done" pos="VB" lemma="construct" wnsn="1" lexsn="2:36:00::">constructed</wf>
<punc>.</punc>
</s>
<s snum="18">
<wf cmd="tag" pos="CD">Twenty-nine</wf>
<wf cmd="tag" pos="NNS">exhibits</wf>
<wf cmd="done" pos="VB" lemma="receive" wnsn="1" lexsn="2:40:00::">received</wf>
<wf cmd="tag" pos="NNS">awards</wf>
<punc>.</punc>
</s>
</p>
<p pnum="8">
<s snum="19">
<wf cmd="tag" pos="JJ">Visual</wf>
<wf cmd="ignore" pos="CC">and</wf>
<wf cmd="tag" pos="JJ">operable</wf>
<wf cmd="tag" pos="NN">training</wf>
<wf cmd="tag" pos="NNS">aids</wf>
<wf cmd="done" pos="VB" lemma="develop" wnsn="1" lexsn="2:36:01::">developed</wf>
<wf cmd="ignore" pos="IN">by</wf>
<wf cmd="ignore" pos="DT">the</wf>
<wf cmd="tag" pos="NNP">Medical_Illustration_Service</wf>
<punc>,</punc>
<wf cmd="done" pos="VBD" ot="notag">were</wf>
<wf cmd="done" pos="VB" lemma="use" wnsn="1" lexsn="2:34:01::">used</wf>
<wf cmd="ignore" pos="IN">in</wf>
<wf cmd="tag" pos="NN">support</wf>
<wf cmd="ignore" pos="IN">of</wf>
<wf cmd="tag" pos="NNP">Army_Medical_Service</wf>
<wf cmd="tag" pos="NN">mass</wf>
<wf cmd="tag" pos="NN">casualty</wf>
<wf cmd="tag" pos="NNS">exercises</wf>
<punc>.</punc>
</s>
<s snum="20">
<wf cmd="tag" pos="NNS">Members</wf>
<wf cmd="ignore" pos="IN">of</wf>
<wf cmd="ignore" pos="DT">the</wf>
<wf cmd="tag" pos="NNP">Medical_Illustration_Service</wf>
<wf cmd="done" pos="VB" lemma="lecture" wnsn="1" lexsn="2:32:01::">lectured</wf>
<wf cmd="ignore" pos="CC">and</wf>
<wf cmd="done" pos="VB" lemma="conduct" wnsn="2" lexsn="2:36:00::">conducted</wf>
<wf cmd="tag" pos="NNS">demonstrations</wf>
<wf cmd="ignore" pos="IN">on</wf>
<wf cmd="ignore" pos="DT">the</wf>
<wf cmd="tag" pos="NN">use</wf>
<wf cmd="ignore" pos="IN">of</wf>
<wf cmd="tag" pos="NN">training</wf>
<wf cmd="tag" pos="NNS">aids</wf>
<wf cmd="ignore" pos="TO">to</wf>
<wf cmd="tag" pos="NN">military_personnel</wf>
<wf cmd="ignore" pos="CC">and</wf>
<wf cmd="tag" pos="JJ">various</wf>
<wf cmd="tag" pos="JJ">civilian</wf>
<wf cmd="tag" pos="JJ">medical</wf>
<wf cmd="tag" pos="NNS">organizations</wf>
<punc>.</punc>
</s>
<s snum="21">
<wf cmd="tag" pos="NNS">Demonstrations</wf>
<wf cmd="ignore" pos="IN">of</wf>
<wf cmd="tag" pos="JJ">new</wf>
<wf cmd="ignore" pos="CC">and</wf>
<wf cmd="tag" pos="JJ">projected</wf>
<wf cmd="tag" pos="NN">training</wf>
<wf cmd="tag" pos="NNS">aids</wf>
<wf cmd="done" pos="VBD" ot="notag">were</wf>
<wf cmd="done" pos="VB" lemma="conduct" wnsn="1" lexsn="2:41:00::">conducted</wf>
<wf cmd="ignore" pos="IN">at</wf>
<wf cmd="ignore" pos="DT">the</wf>
<wf cmd="tag" pos="NNP">Medical_Service_Instructor</wf>
<wf cmd="ignore" pos="POS">'s</wf>
<wf cmd="tag" pos="NNP">Conference</wf>
<punc>,</punc>
<wf cmd="tag" pos="NNP">Brooke_Army</wf>
<wf cmd="tag" pos="NN">Medical_Center</wf>
<punc>,</punc>
<wf cmd="tag" pos="NNP">Texas</wf>
<punc>.</punc>
</s>
</p>
<p pnum="9">
<s snum="22">
<wf cmd="ignore" pos="IN">In</wf>
<wf cmd="tag" pos="NN">support</wf>
<wf cmd="ignore" pos="IN">of</wf>
<wf cmd="ignore" pos="DT">the</wf>
<wf cmd="tag" pos="NN">emphasis</wf>
<wf cmd="done" pos="VB" lemma="place" wnsn="1" lexsn="2:35:00::">placed</wf>
<wf cmd="ignore" pos="IN">by</wf>
<wf cmd="ignore" pos="DT">the</wf>
<wf cmd="tag" pos="NN">Department_of_Defense</wf>
<wf cmd="ignore" pos="IN">on</wf>
<wf cmd="tag" pos="NN">instruction</wf>
<wf cmd="ignore" pos="IN">in</wf>
<wf cmd="tag" pos="NN">emergency</wf>
<wf cmd="tag" pos="NN">medical_care</wf>
<punc>,</punc>
<wf cmd="ignore" pos="DT">the</wf>
<wf cmd="tag" pos="NNP">Medical_Illustration_Service</wf>
<wf cmd="done" pos="VB" lemma="develop" wnsn="1" lexsn="2:36:01::">developed</wf>
<wf cmd="tag" pos="NN">casualty</wf>
<wf cmd="tag" pos="NN">simulation</wf>
<wf cmd="tag" pos="NNS">kits</wf>
<wf cmd="ignore" pos="CC">and</wf>
<wf cmd="tag" pos="NN">rescue</wf>
<wf cmd="tag" pos="NN">breathing</wf>
<wf cmd="tag" pos="NNS">manikins</wf>
<wf cmd="ignore" pos="WDT">which</wf>
<wf cmd="done" pos="VBP" ot="notag">are</wf>
<wf cmd="done" pos="VBG" ot="notag">being</wf>
<wf cmd="done" pos="VB" lemma="field-test" wnsn="1" lexsn="2:41:00::">field_tested</wf>
<punc>;</punc>
<wf cmd="ignore" pos="CC">and</wf>
<wf cmd="tag" pos="NN">overhead_projector</wf>
<wf cmd="tag" pos="NN">transparency</wf>
<wf cmd="tag" pos="NN">sets</wf>
<wf cmd="done" pos="VB" ot="notag">on</wf>
<wf cmd="ignore" pos="DT">the</wf>
<wf cmd="tag" pos="NNS">subjects</wf>
<wf cmd="ignore" pos="IN">of</wf>
<wf cmd="tag" pos="NNP">Military_Sanitation</wf>
<punc>:</punc>
<wf cmd="tag" pos="NN">First_Aid</wf>
<wf cmd="ignore" pos="IN">for</wf>
<wf cmd="tag" pos="NNS">Soldiers</wf>
<punc>;</punc>
<wf cmd="tag" pos="NNP">Bandaging</wf>
<wf cmd="ignore" pos="CC">and</wf>
<wf cmd="tag" pos="NNP">Splinting</wf>
<punc>;</punc>
<wf cmd="ignore" pos="DT">the</wf>
<wf cmd="tag" pos="NNP">Emergency_Medical_Treatment</wf>
<wf cmd="tag" pos="NN">Unit</wf>
<punc>,</punc>
<wf cmd="tag" pos="NN">Phase</wf>
<wf cmd="tag" pos="CD">1</wf>
<punc>,</punc>
<punc>;</punc>
<wf cmd="ignore" pos="CC">and</wf>
<wf cmd="tag" pos="NNP">Emergency_War_Surgery</wf>
<wf cmd="ignore" pos="IN">in</wf>
<wf cmd="tag" pos="NN">support</wf>
<wf cmd="ignore" pos="IN">of</wf>
<wf cmd="ignore" pos="DT">the</wf>
<wf cmd="tag" pos="NNP">North_Atlantic_Treaty_Organization</wf>
<punc>(</punc>
<wf cmd="tag" pos="NNP">NATO</wf>
<punc>)</punc>
<wf cmd="tag" pos="NN">Handbook</wf>
<punc>.</punc>
</s>
<s snum="23">
<wf cmd="tag" pos="CD">Fifty</wf>
<wf cmd="tag" pos="NN">lantern_slide</wf>
<wf cmd="tag" pos="NN">teaching</wf>
<wf cmd="tag" pos="NN">sets</wf>
<wf cmd="done" pos="VB" ot="notag">on</wf>
<wf cmd="ignore" pos="DT">the</wf>
<wf cmd="tag" pos="NN">subject</wf>
<wf cmd="ignore" pos="IN">of</wf>
<punc>``</punc>
<wf cmd="tag" pos="NNP">Emergency_War_Surgery</wf>
<punc>(</punc>
<wf cmd="tag" pos="NNP">NATO</wf>
<punc>)</punc>
<punc>''</punc>
<wf cmd="done" pos="VBD" ot="notag">were</wf>
<wf cmd="done" pos="VB" lemma="assemble" wnsn="1" lexsn="2:36:00::">assembled</wf>
<wf cmd="ignore" pos="CC">and</wf>
<wf cmd="done" pos="VB" lemma="distribute" wnsn="1" lexsn="2:40:00::">distributed</wf>
<wf cmd="ignore" pos="TO">to</wf>
<wf cmd="ignore" pos="DT">the</wf>
<wf cmd="tag" pos="NNP">Medical</wf>
<wf cmd="tag" pos="NN">Military_Services</wf>
<wf cmd="ignore" pos="IN">of</wf>
<wf cmd="tag" pos="JJ">foreign</wf>
<wf cmd="tag" pos="NNS">Governments</wf>
<wf cmd="tag" pos="JJ">associated</wf>
<wf cmd="done" pos="VB" ot="notag">with</wf>
<wf cmd="tag" pos="NNP">NATO</wf>
<wf cmd="ignore" pos="CC">and</wf>
<wf cmd="tag" pos="NNP">South-East_Asia_Treaty_Organization</wf>
<punc>.</punc>
</s>
<s snum="24">
<wf cmd="tag" pos="NN">The_British</wf>
<wf cmd="ignore" pos="CC">and</wf>
<wf cmd="tag" pos="JJ">Canadian</wf>
<wf cmd="tag" pos="NNP">Liaison</wf>
<wf cmd="tag" pos="NNS">Officers</wf>
<punc>,</punc>
<wf cmd="tag" pos="RB">as_well</wf>
<wf cmd="ignore" pos="IN">as</wf>
<wf cmd="tag" pos="NNP">Office</wf>
<wf cmd="ignore" pos="IN">of</wf>
<wf cmd="tag" pos="NNP">Civil</wf>
<wf cmd="ignore" pos="CC">and</wf>
<wf cmd="tag" pos="NNP">Defense_Mobilization</wf>
<punc>,</punc>
<wf cmd="ignore" pos="DT">the</wf>
<wf cmd="tag" pos="NNP">American</wf>
<wf cmd="tag" pos="NN">Red_Cross</wf>
<punc>,</punc>
<wf cmd="ignore" pos="CC">and</wf>
<wf cmd="tag" pos="JJ">similar</wf>
<wf cmd="tag" pos="JJ">interested</wf>
<wf cmd="tag" pos="NNS">organizations</wf>
<wf cmd="done" pos="VBD" ot="notag">were</wf>
<wf cmd="done" pos="VB" lemma="inform" wnsn="1" lexsn="2:32:00::">informed</wf>
<wf cmd="tag" pos="RB">from_time_to_time</wf>
<wf cmd="ignore" pos="IN">as</wf>
<wf cmd="tag" pos="NN">training</wf>
<wf cmd="tag" pos="NNS">aids</wf>
<wf cmd="done" pos="VBD" ot="notag">were</wf>
<wf cmd="done" pos="VB" lemma="develop" wnsn="1" lexsn="2:36:01::">developed</wf>
<punc>.</punc>
</s>
</p>
<p pnum="10">
<s snum="25">
<wf cmd="tag" pos="CD">Nine</wf>
<wf cmd="tag" pos="JJ">veterinary</wf>
<wf cmd="tag" pos="NN">lantern_slide</wf>
<wf cmd="tag" pos="NN">teaching</wf>
<wf cmd="tag" pos="NNS">sets</wf>
<wf cmd="done" pos="VBD" ot="notag">were</wf>
<wf cmd="done" pos="VB" lemma="develop" wnsn="1" lexsn="2:36:01::">developed</wf>
<wf cmd="ignore" pos="CC">and</wf>
<wf cmd="done" pos="VB" lemma="distribute" wnsn="1" lexsn="2:40:00::">distributed</wf>
<punc>,</punc>
<wf cmd="ignore" pos="CC">and</wf>
<wf cmd="tag" pos="NN">lantern_slide</wf>
<wf cmd="tag" pos="NN">teaching</wf>
<wf cmd="tag" pos="NN">sets</wf>
<wf cmd="done" pos="VB" ot="notag">on</wf>
<wf cmd="tag" pos="CD">21</wf>
<wf cmd="tag" pos="NN">pathology</wf>
<wf cmd="tag" pos="NNS">subjects</wf>
<wf cmd="done" pos="VB" ot="notag">were</wf>
<wf cmd="done" pos="VB" lemma="add" wnsn="1" lexsn="2:30:00::">added</wf>
<wf cmd="ignore" pos="TO">to</wf>
<wf cmd="ignore" pos="DT">the</wf>
<wf cmd="tag" pos="NN">loan</wf>
<wf cmd="tag" pos="NN">library</wf>
<wf cmd="ignore" pos="IN">of</wf>
<wf cmd="ignore" pos="DT">the</wf>
<wf cmd="tag" pos="NNP">Medical_Illustration_Service</wf>
<punc>.</punc>
</s>
<s snum="26">
<wf cmd="tag" pos="NNS">Illustrations</wf>
<wf cmd="done" pos="VBD" ot="notag">were</wf>
<wf cmd="done" pos="VB" lemma="prepare" wnsn="2" lexsn="2:36:01::">prepared</wf>
<wf cmd="done" pos="VB" ot="notag">for</wf>
<wf cmd="tag" pos="CD">11</wf>
<wf cmd="tag" pos="NNP">Department</wf>
<wf cmd="ignore" pos="IN">of</wf>
<wf cmd="ignore" pos="DT">the</wf>
<wf cmd="tag" pos="NNP">Army</wf>
<wf cmd="tag" pos="NNS">manuals</wf>
<wf cmd="ignore" pos="CC">and</wf>
<wf cmd="tag" pos="CD">one</wf>
<wf cmd="tag" pos="NNP">Graphic_Training_Aid</wf>
<punc>.</punc>
</s>
<s snum="27">
<wf cmd="tag" pos="CD">Sixteen</wf>
<wf cmd="tag" pos="NN">lantern_slide</wf>
<wf cmd="tag" pos="NNS">sets</wf>
<wf cmd="done" pos="VBD" ot="notag">were</wf>
<wf cmd="done" pos="VB" lemma="loan" wnsn="1" lexsn="2:40:00::">loaned</wf>
<wf cmd="ignore" pos="TO">to</wf>
<wf cmd="ignore" pos="DT">the</wf>
<wf cmd="tag" pos="NNP">Government</wf>
<wf cmd="ignore" pos="IN">of</wf>
<wf cmd="tag" pos="NNP">India</wf>
<wf cmd="ignore" pos="CC">and</wf>
<wf cmd="tag" pos="CD">eight</wf>
<wf cmd="tag" pos="NNS">sets</wf>
<wf cmd="done" pos="VBD" ot="notag">were</wf>
<wf cmd="done" pos="VB" lemma="forward" wnsn="1" lexsn="2:38:00::">forwarded</wf>
<wf cmd="ignore" pos="TO">to</wf>
<wf cmd="ignore" pos="DT">the</wf>
<wf cmd="tag" pos="NNP">U._S._Embassy</wf>
<punc>,</punc>
<wf cmd="tag" pos="NNP">Managua</wf>
<punc>,</punc>
<wf cmd="tag" pos="NNP">Nicaragua</wf>
<wf cmd="ignore" pos="IN">for</wf>
<wf cmd="ignore" pos="DT">the</wf>
<wf cmd="tag" pos="NNP">Educational_Exchange</wf>
<wf cmd="tag" pos="NN">Program</wf>
<punc>.</punc>
</s>
<s snum="28">
<wf cmd="ignore" pos="DT">The</wf>
<wf cmd="tag" pos="NNP">Senate_Subcommittee</wf>
<wf cmd="ignore" pos="IN">on</wf>
<wf cmd="tag" pos="NNP">Reorganization</wf>
<wf cmd="ignore" pos="CC">and</wf>
<wf cmd="tag" pos="NNP">International_Organizations</wf>
<wf cmd="done" pos="VBD" ot="notag">was</wf>
<wf cmd="done" pos="VB" lemma="provide" wnsn="1" lexsn="2:40:00::">provided</wf>
<wf cmd="tag" pos="NNS">samples</wf>
<wf cmd="ignore" pos="IN">of</wf>
<wf cmd="tag" pos="JJ">visual</wf>
<wf cmd="tag" pos="NNS">aids</wf>
<wf cmd="ignore" pos="IN">on</wf>
<wf cmd="tag" pos="NN">first_aid</wf>
<wf cmd="ignore" pos="CC">and</wf>
<wf cmd="tag" pos="JJ">personal</wf>
<wf cmd="tag" pos="NN">health</wf>
<wf cmd="done" pos="VB" lemma="produce" wnsn="2" lexsn="2:36:00::">produced</wf>
<wf cmd="ignore" pos="IN">by</wf>
<wf cmd="ignore" pos="DT">the</wf>
<wf cmd="tag" pos="NNP">Medical_Illustration_Service</wf>
<punc>.</punc>
</s>
</p>
<p pnum="11">
<s snum="29">
<wf cmd="tag" pos="CD">Six</wf>
<wf cmd="tag" pos="NNS">fascicles</wf>
<punc>(</punc>
<wf cmd="tag" pos="CD">10000</wf>
<wf cmd="tag" pos="NNS">copies</wf>
<wf cmd="ignore" pos="DT">each</wf>
<punc>)</punc>
<wf cmd="ignore" pos="IN">of</wf>
<wf cmd="ignore" pos="DT">the</wf>
<punc>``</punc>
<wf cmd="tag" pos="NNP">Atlas</wf>
<wf cmd="ignore" pos="IN">of</wf>
<wf cmd="tag" pos="NNP">Tumor_Pathology</wf>
<punc>''</punc>
<wf cmd="done" pos="VBD" ot="notag">were</wf>
<wf cmd="done" pos="VB" lemma="complete" wnsn="1" lexsn="2:30:02::">completed</wf>
<wf cmd="ignore" pos="IN">during</wf>
<wf cmd="ignore" pos="DT">the</wf>
<wf cmd="tag" pos="NN">period</wf>
<wf cmd="tag" pos="RB">of_this</wf>
<wf cmd="tag" pos="NN">report</wf>
<punc>.</punc>
</s>
</p>
<p pnum="12">
<s snum="30">
<wf cmd="ignore" pos="DT">This</wf>
<wf cmd="done" pos="VB" lemma="consist_of" wnsn="0" lexsn="2:42:00::">consists_of</wf>
<wf cmd="tag" pos="CD">25</wf>
<wf cmd="tag" pos="JJ">individual</wf>
<wf cmd="tag" pos="NNS">registries</wf>
<punc>,</punc>
<wf cmd="tag" pos="CD">two</wf>
<wf cmd="tag" pos="RB">of_which</wf>
<wf cmd="done" pos="VB" ot="notag">were</wf>
<wf cmd="done" pos="VB" lemma="add" wnsn="1" lexsn="2:30:00::">added</wf>
<wf cmd="ignore" pos="IN">during</wf>
<wf cmd="tag" pos="NN">fiscal_years</wf>
<wf cmd="tag" pos="CD">1959</wf>
<punc>-</punc>
<wf cmd="tag" pos="CD">1960</wf>
<punc>(</punc>
<wf cmd="ignore" pos="DT">the</wf>
<wf cmd="tag" pos="NNP">Registry</wf>
<wf cmd="ignore" pos="IN">of</wf>
<wf cmd="tag" pos="NNP">Forensic_Pathology</wf>
<wf cmd="ignore" pos="CC">and</wf>
<wf cmd="ignore" pos="DT">the</wf>
<wf cmd="tag" pos="NNP">Testicular_Tumor_Registry</wf>
<punc>)</punc>
<punc>.</punc>
</s>
<s snum="31">
<wf cmd="ignore" pos="DT">These</wf>
<wf cmd="tag" pos="NNS">registries</wf>
<wf cmd="done" pos="VBP" ot="notag">are</wf>
<wf cmd="done" pos="VB" lemma="sponsor" wnsn="2" lexsn="2:40:01::">sponsored</wf>
<wf cmd="ignore" pos="IN">by</wf>
<wf cmd="tag" pos="CD">18</wf>
<wf cmd="tag" pos="JJ">national</wf>
<wf cmd="tag" pos="JJ">medical</wf>
<punc>,</punc>
<wf cmd="tag" pos="JJ">dental</wf>
<punc>,</punc>
<wf cmd="ignore" pos="CC">and</wf>
<wf cmd="tag" pos="JJ">veterinary</wf>
<wf cmd="tag" pos="NNS">societies</wf>
<wf cmd="ignore" pos="CC">and</wf>
<wf cmd="done" pos="VB" lemma="have" wnsn="1" lexsn="2:40:00::">have</wf>
<wf cmd="ignore" pos="IN">as</wf>
<wf cmd="ignore" pos="PRP$">their</wf>
<wf cmd="tag" pos="NN">mission</wf>
<wf cmd="ignore" pos="DT">the</wf>
<wf cmd="tag" pos="NN">assembling</wf>
<wf cmd="ignore" pos="IN">of</wf>
<wf cmd="tag" pos="JJ">selected</wf>
<wf cmd="tag" pos="NNS">cases</wf>
<wf cmd="ignore" pos="IN">of</wf>
<wf cmd="tag" pos="NN">interest</wf>
<wf cmd="ignore" pos="TO">to</wf>
<wf cmd="tag" pos="JJ">military</wf>
<wf cmd="tag" pos="NN">medicine</wf>
<wf cmd="ignore" pos="CC">and</wf>
<wf cmd="ignore" pos="IN">of</wf>
<wf cmd="done" pos="VB" lemma="establish" wnsn="4" lexsn="2:31:02::">establishing</wf>
<wf cmd="ignore" pos="IN">through</wf>
<wf cmd="ignore" pos="DT">the</wf>
<wf cmd="tag" pos="NN">mechanism</wf>
<wf cmd="ignore" pos="IN">of</wf>
<wf cmd="tag" pos="NN">follow-up</wf>
<wf cmd="ignore" pos="IN">of</wf>
<wf cmd="tag" pos="JJ">living</wf>
<wf cmd="tag" pos="NNS">patients</wf>
<wf cmd="ignore" pos="DT">the</wf>
<wf cmd="tag" pos="NN">natural_history</wf>
<wf cmd="ignore" pos="IN">of</wf>
<wf cmd="tag" pos="JJ">various</wf>
<wf cmd="tag" pos="NNS">diseases</wf>
<wf cmd="ignore" pos="IN">of</wf>
<wf cmd="tag" pos="JJ">military-medical</wf>
<wf cmd="tag" pos="NN">importance</wf>
<punc>.</punc>
</s>
<s snum="32">
<wf cmd="ignore" pos="DT">The</wf>
<wf cmd="tag" pos="NNP">American_Registry</wf>
<wf cmd="ignore" pos="IN">of</wf>
<wf cmd="tag" pos="NNP">Pathology</wf>
<wf cmd="done" pos="VB" lemma="operate" wnsn="2" lexsn="2:35:03::">operates</wf>
<wf cmd="ignore" pos="IN">as</wf>
<wf cmd="ignore" pos="DT">a</wf>
<wf cmd="tag" pos="JJ">cooperative</wf>
<wf cmd="tag" pos="NN">enterprise</wf>
<wf cmd="ignore" pos="IN">in</wf>
<wf cmd="tag" pos="JJ">medical</wf>
<wf cmd="tag" pos="NN">research</wf>
<wf cmd="ignore" pos="CC">and</wf>
<wf cmd="tag" pos="NN">education</wf>
<wf cmd="ignore" pos="IN">between</wf>
<wf cmd="ignore" pos="DT">the</wf>
<wf cmd="tag" pos="NN">Armed_Forces</wf>
<wf cmd="tag" pos="NNP">Institute</wf>
<wf cmd="ignore" pos="IN">of</wf>
<wf cmd="tag" pos="NNP">Pathology</wf>
<wf cmd="ignore" pos="CC">and</wf>
<wf cmd="ignore" pos="DT">the</wf>
<wf cmd="tag" pos="JJ">civilian</wf>
<wf cmd="tag" pos="NN">medical_profession</wf>
<wf cmd="ignore" pos="IN">on</wf>
<wf cmd="ignore" pos="DT">a</wf>
<wf cmd="tag" pos="JJ">national</wf>
<wf cmd="ignore" pos="CC">and</wf>
<wf cmd="tag" pos="JJ">international</wf>
<wf cmd="tag" pos="NN">basis</wf>
<punc>,</punc>
<wf cmd="ignore" pos="IN">under</wf>
<wf cmd="tag" pos="JJ">such</wf>
<wf cmd="tag" pos="NNS">conditions</wf>
<wf cmd="ignore" pos="IN">as</wf>
<wf cmd="ignore" pos="MD">may</wf>
<wf cmd="done" pos="VB" ot="notag">be</wf>
<wf cmd="done" pos="VB" lemma="agree" wnsn="1" lexsn="2:32:00::">agreed</wf>
<wf cmd="done" pos="JJ" ot="notag">upon</wf>
<wf cmd="ignore" pos="IN">between</wf>
<wf cmd="ignore" pos="DT">the</wf>
<wf cmd="tag" pos="NNP">National_Research_Council</wf>
<wf cmd="ignore" pos="CC">and</wf>
<wf cmd="ignore" pos="DT">The</wf>
<wf cmd="tag" pos="NN">Surgeons_General</wf>
<wf cmd="ignore" pos="IN">of</wf>
<wf cmd="ignore" pos="DT">the</wf>
<wf cmd="tag" pos="NNP">Army</wf>
<punc>,</punc>
<wf cmd="tag" pos="NNP">Navy</wf>
<punc>,</punc>
<wf cmd="ignore" pos="CC">and</wf>
<wf cmd="tag" pos="NN">Air_Force</wf>
<punc>.</punc>
</s>
<s snum="33">
<wf cmd="ignore" pos="DT">The</wf>
<wf cmd="tag" pos="NN">staff</wf>
<wf cmd="done" pos="VB" lemma="utilize" wnsn="1" lexsn="2:34:00::">utilized</wf>
<wf cmd="ignore" pos="DT">the</wf>
<wf cmd="tag" pos="JJ">collected</wf>
<wf cmd="tag" pos="NN">material</wf>
<wf cmd="ignore" pos="IN">in</wf>
<wf cmd="ignore" pos="DT">these</wf>
<wf cmd="tag" pos="NNS">registries</wf>
<wf cmd="ignore" pos="IN">for</wf>
<wf cmd="tag" pos="JJ">numerous</wf>
<wf cmd="tag" pos="NNS">lectures</wf>
<wf cmd="ignore" pos="TO">to</wf>
<wf cmd="tag" pos="JJ">national</wf>
<wf cmd="ignore" pos="CC">and</wf>
<wf cmd="tag" pos="JJ">international</wf>
<wf cmd="tag" pos="NNS">meetings</wf>
<punc>,</punc>
<wf cmd="tag" pos="NNS">exhibits</wf>
<punc>,</punc>
<wf cmd="ignore" pos="CC">and</wf>
<wf cmd="tag" pos="JJ">published</wf>
<wf cmd="tag" pos="NNS">studies</wf>
<punc>.</punc>
</s>
<s snum="34">
<wf cmd="ignore" pos="IN">During</wf>
<wf cmd="ignore" pos="DT">the</wf>
<wf cmd="tag" pos="NN">period</wf>
<wf cmd="tag" pos="RB">of_this</wf>
<wf cmd="tag" pos="NN">report</wf>
<punc>,</punc>
<wf cmd="tag" pos="CD">37470</wf>
<wf cmd="tag" pos="JJ">new</wf>
<wf cmd="tag" pos="NNS">cases</wf>
<wf cmd="done" pos="VBD" ot="notag">were</wf>
<wf cmd="done" pos="VB" lemma="enter" wnsn="5" lexsn="2:32:04::">entered</wf>
<wf cmd="ignore" pos="IN">into</wf>
<wf cmd="ignore" pos="DT">the</wf>
<wf cmd="tag" pos="JJ">various</wf>
<wf cmd="tag" pos="NNS">registries</wf>
<punc>.</punc>
</s>
<s snum="35">
<wf cmd="ignore" pos="DT">These</wf>
<wf cmd="done" pos="VBD" ot="notag">were</wf>
<wf cmd="done" pos="VB" lemma="select" wnsn="1" lexsn="2:31:00::">selected</wf>
<wf cmd="tag" pos="RB">carefully</wf>
<wf cmd="ignore" pos="CC">and</wf>
<wf cmd="done" pos="VB" lemma="include" wnsn="1" lexsn="2:42:00::">included</wf>
<wf cmd="tag" pos="RB">not_only</wf>
<wf cmd="tag" pos="JJ">detailed</wf>
<wf cmd="tag" pos="JJ">clinical</wf>
<wf cmd="tag" pos="NN">information</wf>
<wf cmd="ignore" pos="CC">but</wf>
<wf cmd="tag" pos="JJ">adequate</wf>
<wf cmd="tag" pos="NN">pathology</wf>
<wf cmd="ignore" pos="IN">of</wf>
<wf cmd="tag" pos="NN">value</wf>
<wf cmd="ignore" pos="IN">for</wf>
<wf cmd="tag" pos="NN">research</wf>
<wf cmd="ignore" pos="CC">and</wf>
<wf cmd="tag" pos="JJ">educational</wf>
<wf cmd="tag" pos="NNS">purposes</wf>
<punc>.</punc>
</s>
</p>
<p pnum="13">
<s snum="36">
<wf cmd="tag" pos="RB">In_this</wf>
<wf cmd="tag" pos="JJ">same</wf>
<wf cmd="tag" pos="NN">period</wf>
<punc>,</punc>
<wf cmd="tag" pos="CD">six</wf>
<wf cmd="tag" pos="JJ">new</wf>
<wf cmd="tag" pos="NNS">fascicles</wf>
<wf cmd="ignore" pos="IN">of</wf>
<wf cmd="ignore" pos="DT">the</wf>
<wf cmd="tag" pos="NNP">Atlas</wf>
<wf cmd="ignore" pos="IN">of</wf>
<wf cmd="tag" pos="NNP">Tumor_Pathology</wf>
<wf cmd="done" pos="VBD" ot="notag">were</wf>
<wf cmd="done" pos="VB" lemma="publish" wnsn="1" lexsn="2:36:01::">published</wf>
<wf cmd="ignore" pos="CC">and</wf>
<wf cmd="done" pos="VB" lemma="distribute" wnsn="1" lexsn="2:40:00::">distributed</wf>
<wf cmd="ignore" pos="TO">to</wf>
<wf cmd="tag" pos="NN">medical_centers</wf>
<wf cmd="tag" pos="JJ">world-wide</wf>
<punc>.</punc>
</s>
<s snum="37">
<wf cmd="ignore" pos="EX">There</wf>
<wf cmd="done" pos="VB" ot="notag">were</wf>
<wf cmd="tag" pos="CD">54320</wf>
<wf cmd="tag" pos="NNS">copies</wf>
<wf cmd="ignore" pos="IN">of</wf>
<wf cmd="tag" pos="NNS">fascicles</wf>
<wf cmd="done" pos="VB" lemma="sell" wnsn="1" lexsn="2:40:00::">sold</wf>
<wf cmd="ignore" pos="CC">and</wf>
<wf cmd="tag" pos="CD">642</wf>
<wf cmd="tag" pos="NNS">copies</wf>
<wf cmd="done" pos="VB" lemma="distribute" wnsn="4" lexsn="2:40:01::">distributed</wf>
<wf cmd="tag" pos="JJ">free</wf>
<wf cmd="ignore" pos="IN">during</wf>
<wf cmd="ignore" pos="DT">this</wf>
<wf cmd="tag" pos="NN">period</wf>
<punc>.</punc>
</s>
<s snum="38">
<wf cmd="tag" pos="CD">Forty-five</wf>
<wf cmd="tag" pos="JJ">new</wf>
<wf cmd="tag" pos="NNP">Clinico-pathologic</wf>
<wf cmd="tag" pos="NNPS">Conferences</wf>
<wf cmd="done" pos="VBD" ot="notag">were</wf>
<wf cmd="done" pos="VB" lemma="prepare" wnsn="2" lexsn="2:36:01::">prepared</wf>
<punc>,</punc>
<wf cmd="done" pos="VB" lemma="bring" wnsn="2" lexsn="2:35:04::">bringing</wf>
<wf cmd="ignore" pos="DT">the</wf>
<wf cmd="tag" pos="JJ">total</wf>
<wf cmd="ignore" pos="TO">to</wf>
<wf cmd="tag" pos="CD">61</wf>
<wf cmd="tag" pos="JJ">available</wf>
<wf cmd="ignore" pos="IN">for</wf>
<wf cmd="tag" pos="NN">loan</wf>
<wf cmd="tag" pos="NN">distribution</wf>
<punc>.</punc>
</s>
<s snum="39">
<wf cmd="tag" pos="CD">Nine</wf>
<wf cmd="tag" pos="JJ">new</wf>
<wf cmd="tag" pos="NN">teaching</wf>
<wf cmd="tag" pos="NNP">Clinico-pathologic_Conference</wf>
<wf cmd="tag" pos="NNS">sets</wf>
<wf cmd="done" pos="VBD" ot="notag">were</wf>
<wf cmd="done" pos="VB" lemma="prepare" wnsn="2" lexsn="2:36:01::">prepared</wf>
<punc>,</punc>
<wf cmd="ignore" pos="WDT">which</wf>
<wf cmd="done" pos="VB" lemma="make" wnsn="3" lexsn="2:36:00::">makes</wf>
<wf cmd="ignore" pos="DT">a</wf>
<wf cmd="tag" pos="NN">total</wf>
<wf cmd="ignore" pos="IN">of</wf>
<wf cmd="tag" pos="CD">70</wf>
<wf cmd="tag" pos="NNS">types</wf>
<wf cmd="ignore" pos="IN">of</wf>
<wf cmd="tag" pos="NN">teaching</wf>
<wf cmd="tag" pos="NNS">sets</wf>
<wf cmd="ignore" pos="IN">for</wf>
<wf cmd="tag" pos="NN">loan</wf>
<punc>.</punc>
</s>
<s snum="40">
<wf cmd="ignore" pos="IN">During</wf>
<wf cmd="ignore" pos="DT">this</wf>
<wf cmd="tag" pos="NN">period</wf>
<punc>,</punc>
<wf cmd="tag" pos="CD">7827</wf>
<wf cmd="tag" pos="NN">teaching</wf>
<wf cmd="tag" pos="NNS">sets</wf>
<wf cmd="done" pos="VBD" ot="notag">were</wf>
<wf cmd="done" pos="VB" lemma="distribute" wnsn="1" lexsn="2:40:00::">distributed</wf>
<wf cmd="ignore" pos="IN">on</wf>
<wf cmd="tag" pos="NN">loan</wf>
<punc>.</punc>
</s>
<s snum="41">
<wf cmd="ignore" pos="DT">The</wf>
<wf cmd="tag" pos="NNP">Clinico-pathologic</wf>
<wf cmd="tag" pos="NNPS">Conferences</wf>
<wf cmd="done" pos="VBP" ot="notag">have</wf>
<wf cmd="done" pos="VBN" ot="notag">been</wf>
<wf cmd="done" pos="VB" lemma="acknowledge" wnsn="0" lexsn="2:32:02::">acknowledged</wf>
<wf cmd="ignore" pos="IN">as</wf>
<wf cmd="ignore" pos="IN">of</wf>
<wf cmd="tag" pos="JJ">great</wf>
<wf cmd="tag" pos="NN">value</wf>
<wf cmd="ignore" pos="CC">and</wf>
<wf cmd="ignore" pos="IN">in</wf>
<wf cmd="tag" pos="JJ">consequent</wf>
<wf cmd="tag" pos="JJ">great</wf>
<wf cmd="tag" pos="NN">demand</wf>
<wf cmd="ignore" pos="IN">by</wf>
<wf cmd="ignore" pos="DT">the</wf>
<wf cmd="tag" pos="JJ">small</wf>
<wf cmd="tag" pos="JJ">isolated</wf>
<wf cmd="tag" pos="NN">military_hospitals</wf>
<punc>.</punc>
</s>
<s snum="42">
<wf cmd="ignore" pos="DT">The</wf>
<wf cmd="tag" pos="NN">demand</wf>
<wf cmd="ignore" pos="IN">for</wf>
<wf cmd="tag" pos="NN">teaching</wf>
<wf cmd="tag" pos="NNS">sets</wf>
<wf cmd="done" pos="VB" lemma="continue" wnsn="1" lexsn="2:42:01::">continues</wf>
<wf cmd="tag" pos="JJ">unabated</wf>
<wf cmd="ignore" pos="IN">since</wf>
<wf cmd="ignore" pos="PRP">they</wf>
<wf cmd="done" pos="VB" lemma="provide" wnsn="2" lexsn="2:34:00::">provide</wf>
<wf cmd="ignore" pos="DT">the</wf>
<wf cmd="tag" pos="NN">means</wf>
<wf cmd="ignore" pos="IN">for</wf>
<wf cmd="ignore" pos="DT">the</wf>
<wf cmd="tag" pos="JJ">military</wf>
<wf cmd="tag" pos="NNS">physicians</wf>
<wf cmd="ignore" pos="TO">to</wf>
<wf cmd="done" pos="VB" lemma="review" wnsn="1" lexsn="2:31:00::">review</wf>
<wf cmd="ignore" pos="DT">the</wf>
<wf cmd="tag" pos="NN">pathology</wf>
<wf cmd="ignore" pos="IN">of</wf>
<wf cmd="tag" pos="JJ">selected</wf>
<wf cmd="tag" pos="NN">disease</wf>
<wf cmd="tag" pos="NNS">processes</wf>
<wf cmd="ignore" pos="CC">or</wf>
<wf cmd="tag" pos="NN">organ</wf>
<wf cmd="tag" pos="NNS">systems</wf>
<wf cmd="ignore" pos="IN">for</wf>
<wf cmd="tag" pos="NN">review</wf>
<wf cmd="ignore" pos="IN">of</wf>
<wf cmd="tag" pos="JJ">basic</wf>
<wf cmd="tag" pos="NNS">sciences</wf>
<wf cmd="ignore" pos="CC">and</wf>
<wf cmd="tag" pos="NN">correlation</wf>
<wf cmd="ignore" pos="IN">of</wf>
<wf cmd="tag" pos="JJ">clinical</wf>
<wf cmd="tag" pos="JJ">physiological</wf>
<wf cmd="tag" pos="NN">behavior</wf>
<wf cmd="ignore" pos="IN">with</wf>
<wf cmd="tag" pos="JJ">structural</wf>
<wf cmd="tag" pos="NNS">changes</wf>
<punc>.</punc>
</s>
</p>
<p pnum="14">
<s snum="43">
<wf cmd="ignore" pos="IN">In</wf>
<wf cmd="tag" pos="NN">fiscal_year</wf>
<wf cmd="tag" pos="CD">1959</wf>
<punc>,</punc>
<wf cmd="ignore" pos="DT">the</wf>
<wf cmd="tag" pos="NNP">Medical_Museum</wf>
<wf cmd="done" pos="VBD" ot="notag">was</wf>
<wf cmd="done" pos="VB" lemma="move" wnsn="1" lexsn="2:38:03::">moved</wf>
<wf cmd="ignore" pos="TO">to</wf>
<wf cmd="tag" pos="NNP">Chase_Hall</wf>
<punc>,</punc>
<wf cmd="ignore" pos="DT">a</wf>
<wf cmd="tag" pos="JJ">temporary</wf>
<wf cmd="tag" pos="NN">building</wf>
<wf cmd="done" pos="VB" ot="notag">on</wf>
<wf cmd="tag" pos="NNP">Independence_Avenue</wf>
<wf cmd="ignore" pos="IN">at</wf>
<wf cmd="tag" pos="NNP">Ninth_Street</wf>
<punc>,</punc>
<wf cmd="tag" pos="NNP">Southwest</wf>
<punc>,</punc>
<wf cmd="ignore" pos="CC">and</wf>
<wf cmd="done" pos="VB" lemma="continue" wnsn="1" lexsn="2:42:01::">continued</wf>
<wf cmd="ignore" pos="TO">to</wf>
<wf cmd="done" pos="VB" lemma="display" wnsn="1" lexsn="2:39:00::">display</wf>
<wf cmd="ignore" pos="TO">to</wf>
<wf cmd="ignore" pos="DT">the</wf>
<wf cmd="tag" pos="JJ">public</wf>
<wf cmd="ignore" pos="DT">the</wf>
<wf cmd="tag" pos="NNS">achievements</wf>
<wf cmd="ignore" pos="IN">of</wf>
<wf cmd="ignore" pos="DT">the</wf>
<wf cmd="tag" pos="NN">Armed_Forces</wf>
<wf cmd="tag" pos="NNP">Medical</wf>
<wf cmd="tag" pos="NNPS">Services</wf>
<punc>.</punc>
</s>
<s snum="44">
<wf cmd="ignore" pos="IN">During</wf>
<wf cmd="ignore" pos="DT">the</wf>
<wf cmd="tag" pos="NN">period</wf>
<wf cmd="tag" pos="RB">of_this</wf>
<wf cmd="tag" pos="NN">report</wf>
<punc>,</punc>
<wf cmd="tag" pos="CD">63</wf>
<wf cmd="tag" pos="NN">panel</wf>
<wf cmd="tag" pos="NNS">exhibits</wf>
<wf cmd="done" pos="VB" lemma="depict" wnsn="2" lexsn="2:32:01::">depicting</wf>
<wf cmd="ignore" pos="DT">the</wf>
<wf cmd="tag" pos="JJS">latest</wf>
<wf cmd="tag" pos="NNS">developments</wf>
<wf cmd="ignore" pos="IN">in</wf>
<wf cmd="tag" pos="JJ">medical</wf>
<wf cmd="tag" pos="NN">research</wf>
<wf cmd="done" pos="VBD" ot="notag">were</wf>
<wf cmd="done" pos="VB" lemma="display" wnsn="1" lexsn="2:39:00::">displayed</wf>
<punc>.</punc>
</s>
<s snum="45">
<wf cmd="ignore" pos="IN">Of</wf>
<wf cmd="ignore" pos="DT">the</wf>
<wf cmd="tag" pos="CD">375</wf>
<wf cmd="tag" pos="NNS">exhibits</wf>
<punc>(</punc>
<wf cmd="ignore" pos="IN">of</wf>
<wf cmd="ignore" pos="DT">all</wf>
<wf cmd="tag" pos="NNS">types</wf>
<punc>)</punc>
<wf cmd="done" pos="VB" lemma="show" wnsn="1" lexsn="2:39:02::">shown</wf>
<punc>,</punc>
<wf cmd="tag" pos="CD">161</wf>
<wf cmd="done" pos="VB" lemma="be" wnsn="1" lexsn="2:42:03::">were</wf>
<wf cmd="tag" pos="JJ">new</wf>
<wf cmd="ignore" pos="CC">or</wf>
<wf cmd="tag" pos="JJ">refurbished</wf>
<punc>.</punc>
</s>
<s snum="46">
<wf cmd="ignore" pos="IN">Of</wf>
<wf cmd="ignore" pos="DT">the</wf>
<wf cmd="tag" pos="CD">885</wf>
<wf cmd="tag" pos="NNS">specimens</wf>
<wf cmd="tag" pos="RB">newly</wf>
<wf cmd="done" pos="VB" lemma="mount" wnsn="3" lexsn="2:30:01::">mounted</wf>
<wf cmd="ignore" pos="CC">or</wf>
<wf cmd="done" pos="VB" lemma="refurbish" wnsn="1" lexsn="2:30:00::">refurbished</wf>
<punc>,</punc>
<wf cmd="tag" pos="CD">254</wf>
<wf cmd="done" pos="VBD" ot="notag">were</wf>
<wf cmd="done" pos="VB" lemma="prepare" wnsn="1" lexsn="2:30:00::">prepared</wf>
<wf cmd="done" pos="VB" ot="notag">for</wf>
<wf cmd="tag" pos="JJ">other</wf>
<wf cmd="tag" pos="NNS">agencies</wf>
<punc>.</punc>
</s>
<s snum="47">
<wf cmd="tag" pos="CD">Eighty-five</wf>
<wf cmd="tag" pos="NNS">specimens</wf>
<wf cmd="done" pos="VBD" ot="notag">were</wf>
<wf cmd="done" pos="VB" lemma="loan" wnsn="1" lexsn="2:40:00::">loaned</wf>
<wf cmd="ignore" pos="IN">for</wf>
<wf cmd="tag" pos="NN">study</wf>
<wf cmd="tag" pos="NNS">purposes</wf>
<punc>.</punc>
</s>
<s snum="48">
<wf cmd="ignore" pos="DT">An</wf>
<wf cmd="tag" pos="NN">exhibit</wf>
<punc>,</punc>
<punc>``</punc>
<wf cmd="tag" pos="NN">Macropathology</wf>
<punc>-</punc>
<wf cmd="ignore" pos="DT">An</wf>
<wf cmd="tag" pos="NNP">Ancient</wf>
<wf cmd="tag" pos="NN">Art</wf>
<punc>,</punc>
<wf cmd="ignore" pos="DT">A</wf>
<wf cmd="tag" pos="JJ">new</wf>
<wf cmd="tag" pos="NNP">Science</wf>
<punc>''</punc>
<punc>,</punc>
<wf cmd="done" pos="VB" ot="notag">was</wf>
<wf cmd="done" pos="VB" lemma="present" wnsn="1" lexsn="2:39:00::">presented</wf>
<wf cmd="done" pos="VB" ot="notag">at</wf>
<wf cmd="ignore" pos="DT">the</wf>
<wf cmd="tag" pos="JJ">annual</wf>
<wf cmd="tag" pos="NN">meeting</wf>
<wf cmd="ignore" pos="IN">of</wf>
<wf cmd="ignore" pos="DT">the</wf>
<wf cmd="tag" pos="NNP">American_Medical_Association</wf>
<punc>.</punc>
</s>
</p>
<p pnum="15">
<s snum="49">
<wf cmd="ignore" pos="DT">A</wf>
<wf cmd="tag" pos="JJ">three-dimensional</wf>
<wf cmd="tag" pos="NN">exhibit</wf>
<wf cmd="done" pos="VB" lemma="depict" wnsn="1" lexsn="2:36:00::">depicting</wf>
<punc>``</punc>
<wf cmd="ignore" pos="DT">A</wf>
<wf cmd="tag" pos="NNP">Century</wf>
<wf cmd="ignore" pos="IN">of</wf>
<wf cmd="tag" pos="NNP">Naval_Medicine</wf>
<punc>''</punc>
<wf cmd="done" pos="VBD" ot="notag">was</wf>
<wf cmd="tag" pos="RB">formally</wf>
<wf cmd="done" pos="VB" lemma="present" wnsn="4" lexsn="2:40:01::">presented</wf>
<wf cmd="ignore" pos="TO">to</wf>
<wf cmd="ignore" pos="DT">The</wf>
<wf cmd="tag" pos="NNP">Director</wf>
<wf cmd="ignore" pos="IN">by</wf>
<wf cmd="tag" pos="NNP">George_S._Squibb</wf>
<punc>,</punc>
<wf cmd="tag" pos="NN">great-grandson</wf>
<wf cmd="ignore" pos="IN">of</wf>
<wf cmd="ignore" pos="DT">the</wf>
<wf cmd="tag" pos="NN">founder</wf>
<wf cmd="ignore" pos="IN">of</wf>
<wf cmd="tag" pos="NNP">E._R._Squibb</wf>
<wf cmd="ignore" pos="CC">and</wf>
<wf cmd="tag" pos="NNP">Sons</wf>
<punc>,</punc>
<wf cmd="ignore" pos="IN">for</wf>
<wf cmd="tag" pos="JJ">permanent</wf>
<wf cmd="tag" pos="NN">display</wf>
<wf cmd="ignore" pos="IN">in</wf>
<wf cmd="ignore" pos="DT">the</wf>
<wf cmd="tag" pos="NNP">Museum</wf>
<punc>.</punc>
</s>
</p>
<p pnum="16">
<s snum="50">
<wf cmd="tag" pos="NNP">Space</wf>
<wf cmd="done" pos="VBD" ot="notag">was</wf>
<wf cmd="done" pos="VB" lemma="provide" wnsn="1" lexsn="2:40:00::">provided</wf>
<wf cmd="done" pos="VB" ot="notag">for</wf>
<wf cmd="tag" pos="JJ">short-time</wf>
<wf cmd="tag" pos="NN">guest</wf>
<wf cmd="tag" pos="JJ">medical</wf>
<wf cmd="tag" pos="NNS">exhibits</wf>
<punc>,</punc>
<wf cmd="ignore" pos="CC">and</wf>
<wf cmd="ignore" pos="DT">the</wf>
<wf cmd="tag" pos="NNP">Museum</wf>
<wf cmd="done" pos="VB" lemma="collect" wnsn="1" lexsn="2:40:00::">collected</wf>
<wf cmd="tag" pos="JJ">new</wf>
<wf cmd="tag" pos="NNS">accessions</wf>
<wf cmd="ignore" pos="IN">of</wf>
<wf cmd="tag" pos="NNS">microscopes</wf>
<punc>,</punc>
<wf cmd="tag" pos="JJ">medical</wf>
<punc>,</punc>
<wf cmd="tag" pos="JJ">surgical</wf>
<punc>,</punc>
<wf cmd="ignore" pos="CC">and</wf>
<wf cmd="tag" pos="JJ">diagnostic</wf>
<wf cmd="tag" pos="NNS">instruments</wf>
<punc>,</punc>
<wf cmd="tag" pos="NN">uniform</wf>
<punc>,</punc>
<wf cmd="ignore" pos="CC">and</wf>
<wf cmd="tag" pos="JJ">similar</wf>
<wf cmd="tag" pos="NNS">items</wf>
<wf cmd="ignore" pos="IN">of</wf>
<wf cmd="tag" pos="JJ">historical</wf>
<wf cmd="tag" pos="NN">medico-military</wf>
<wf cmd="tag" pos="NN">significance</wf>
<punc>.</punc>
</s>
</p>
<p pnum="17">
<s snum="51">
<wf cmd="ignore" pos="IN">During</wf>
<wf cmd="ignore" pos="DT">the</wf>
<wf cmd="tag" pos="NN">period</wf>
<punc>,</punc>
<wf cmd="ignore" pos="DT">the</wf>
<wf cmd="tag" pos="NN">laboratory</wf>
<wf cmd="done" pos="VB" lemma="render" wnsn="2" lexsn="2:40:02::">rendered</wf>
<wf cmd="tag" pos="JJ">centralized</wf>
<wf cmd="tag" pos="JJ">macropathological</wf>
<wf cmd="tag" pos="NN">service</wf>
<wf cmd="ignore" pos="TO">to</wf>
<wf cmd="tag" pos="JJ">qualified</wf>
<wf cmd="tag" pos="NNS">requesters</wf>
<punc>.</punc>
</s>
<s snum="52">
<wf cmd="tag" pos="NNS">Specimens</wf>
<wf cmd="done" pos="VBD" ot="notag">were</wf>
<wf cmd="done" pos="VB" lemma="mount" wnsn="3" lexsn="2:30:01::">mounted</wf>
<wf cmd="ignore" pos="IN">for</wf>
<wf cmd="tag" pos="NN">military_installations</wf>
<punc>,</punc>
<wf cmd="tag" pos="JJ">governmental</wf>
<wf cmd="tag" pos="NNS">agencies</wf>
<punc>,</punc>
<wf cmd="ignore" pos="CC">and</wf>
<wf cmd="tag" pos="NN">medical_schools</wf>
<punc>.</punc>
</s>
</p>
<p pnum="18">
<s snum="53">
<wf cmd="tag" pos="CD">Three</wf>
<wf cmd="tag" pos="CD">hundred</wf>
<wf cmd="tag" pos="CD">five</wf>
<wf cmd="tag" pos="NNS">copies</wf>
<wf cmd="ignore" pos="IN">of</wf>
<wf cmd="ignore" pos="DT">the</wf>
<wf cmd="tag" pos="JJ">Manual</wf>
<wf cmd="ignore" pos="IN">of</wf>
<wf cmd="tag" pos="NNP">Macropathological</wf>
<wf cmd="tag" pos="NNPS">Techniques</wf>
<wf cmd="done" pos="VBD" ot="notag">were</wf>
<wf cmd="done" pos="VB" lemma="distribute" wnsn="1" lexsn="2:40:00::">distributed</wf>
<punc>.</punc>
</s>
<s snum="54">
<wf cmd="tag" pos="CD">Thirty-five</wf>
<wf cmd="tag" pos="JJ">military</wf>
<wf cmd="ignore" pos="CC">and</wf>
<wf cmd="tag" pos="JJ">civilian</wf>
<wf cmd="tag" pos="NNS">students</wf>
<wf cmd="done" pos="VB" lemma="receive" wnsn="4" lexsn="2:39:03::">received</wf>
<wf cmd="tag" pos="NN">laboratory</wf>
<wf cmd="tag" pos="NN">training</wf>
<punc>.</punc>
</s>
</p>
<p pnum="19">
<s snum="55">
<wf cmd="ignore" pos="IN">During</wf>
<wf cmd="tag" pos="NN">fiscal_years</wf>
<wf cmd="tag" pos="CD">1959</wf>
<wf cmd="ignore" pos="CC">and</wf>
<wf cmd="tag" pos="CD">1960</wf>
<punc>,</punc>
<wf cmd="ignore" pos="EX">there</wf>
<wf cmd="done" pos="VB" lemma="be" wnsn="5" lexsn="2:42:04::">were</wf>
<wf cmd="tag" pos="CD">795586</wf>
<wf cmd="tag" pos="NNS">visitors</wf>
<wf cmd="ignore" pos="TO">to</wf>
<wf cmd="ignore" pos="DT">the</wf>
<wf cmd="tag" pos="NNP">Museum</wf>
<punc>.</punc>
</s>
</p>
<p pnum="20">
<s snum="56">
<wf cmd="ignore" pos="IN">During</wf>
<wf cmd="ignore" pos="DT">the</wf>
<wf cmd="tag" pos="NN">period</wf>
<wf cmd="ignore" pos="IN">from</wf>
<wf cmd="tag" pos="CD">1</wf>
<wf cmd="tag" pos="NNP">July</wf>
<wf cmd="tag" pos="CD">1960</wf>
<wf cmd="ignore" pos="IN">through</wf>
<wf cmd="tag" pos="CD">31</wf>
<wf cmd="tag" pos="NNP">January</wf>
<wf cmd="tag" pos="CD">1961</wf>
<punc>,</punc>
<wf cmd="ignore" pos="DT">the</wf>
<wf cmd="tag" pos="NNP">Medical_Museum</wf>
<wf cmd="done" pos="VBD" ot="notag">was</wf>
<wf cmd="done" pos="VB" lemma="require" wnsn="3" lexsn="2:32:00::">required</wf>
<wf cmd="ignore" pos="TO">to</wf>
<wf cmd="done" pos="VB" lemma="move" wnsn="4" lexsn="2:38:02::">move</wf>
<wf cmd="ignore" pos="TO">to</wf>
<wf cmd="tag" pos="JJ">Temporary</wf>
<wf cmd="tag" pos="NNP">Building</wf>
<punc>``</punc>
<wf cmd="tag" pos="NNP">S</wf>
<punc>''</punc>
<wf cmd="ignore" pos="IN">on</wf>
<wf cmd="ignore" pos="DT">the</wf>
<wf cmd="tag" pos="NNP">Mall</wf>
<wf cmd="ignore" pos="IN">from</wf>
<wf cmd="tag" pos="NNP">Chase_Hall</wf>
<punc>.</punc>
</s>
<s snum="57">
<wf cmd="ignore" pos="IN">Throughout</wf>
<wf cmd="ignore" pos="DT">the</wf>
<wf cmd="tag" pos="NN">period</wf>
<wf cmd="ignore" pos="CC">and</wf>
<wf cmd="ignore" pos="IN">during</wf>
<wf cmd="ignore" pos="DT">the</wf>
<wf cmd="tag" pos="NN">movement</wf>
<wf cmd="tag" pos="NN">operation</wf>
<punc>,</punc>
<wf cmd="ignore" pos="DT">the</wf>
<wf cmd="tag" pos="NNP">Museum</wf>
<wf cmd="done" pos="VB" lemma="continue" wnsn="1" lexsn="2:42:01::">continued</wf>
<wf cmd="ignore" pos="PRP$">its</wf>
<wf cmd="tag" pos="JJ">functional</wf>
<wf cmd="tag" pos="NN">support</wf>
<wf cmd="ignore" pos="IN">of</wf>
<wf cmd="ignore" pos="DT">the</wf>
<wf cmd="tag" pos="NN">Armed_Forces</wf>
<wf cmd="tag" pos="NNP">Institute</wf>
<wf cmd="ignore" pos="IN">of</wf>
<wf cmd="tag" pos="NNP">Pathology</wf>
<punc>.</punc>
</s>
</p>
<p pnum="21">
<s snum="58">
<wf cmd="ignore" pos="DT">The</wf>
<wf cmd="tag" pos="NN">Armed_Forces</wf>
<wf cmd="tag" pos="NNP">Medical</wf>
<wf cmd="tag" pos="NN">Publication</wf>
<wf cmd="tag" pos="NNP">Agency</wf>
<punc>,</punc>
<wf cmd="done" pos="VB" lemma="establish" wnsn="1" lexsn="2:41:00::">established</wf>
<wf cmd="ignore" pos="IN">in</wf>
<wf cmd="tag" pos="CD">1949</wf>
<punc>,</punc>
<wf cmd="done" pos="VBZ" ot="notag">has</wf>
<wf cmd="done" pos="VB" lemma="publish" wnsn="2" lexsn="2:32:00::">published</wf>
<punc>,</punc>
<wf cmd="ignore" pos="IN">since</wf>
<wf cmd="tag" pos="NNP">January</wf>
<wf cmd="tag" pos="CD">1950</wf>
<punc>,</punc>
<wf cmd="ignore" pos="DT">the</wf>
<wf cmd="tag" pos="NN">United_States</wf>
<wf cmd="tag" pos="NN">Armed_Forces</wf>
<wf cmd="tag" pos="NNP">Medical_Journal</wf>
<wf cmd="ignore" pos="IN">as</wf>
<wf cmd="ignore" pos="DT">a</wf>
<wf cmd="tag" pos="NN">triservice</wf>
<wf cmd="tag" pos="NN">publication</wf>
<wf cmd="ignore" pos="TO">to</wf>
<wf cmd="done" pos="VB" lemma="furnish" wnsn="1" lexsn="2:40:00::">furnish</wf>
<wf cmd="tag" pos="NN">material</wf>
<wf cmd="ignore" pos="IN">of</wf>
<wf cmd="tag" pos="JJ">professional</wf>
<wf cmd="tag" pos="NN">interest</wf>
<wf cmd="ignore" pos="TO">to</wf>
<wf cmd="tag" pos="NNP">Medical_Department</wf>
<wf cmd="tag" pos="NNS">officers</wf>
<wf cmd="ignore" pos="IN">of</wf>
<wf cmd="ignore" pos="DT">the</wf>
<wf cmd="tag" pos="CD">three</wf>
<wf cmd="tag" pos="NN">military_services</wf>
<punc>.</punc>
</s>
<s snum="59">
<wf cmd="ignore" pos="PRP$">Its</wf>
<wf cmd="tag" pos="NN">supplement</wf>
<punc>,</punc>
<wf cmd="ignore" pos="DT">the</wf>
<wf cmd="tag" pos="NNP">Medical</wf>
<wf cmd="tag" pos="NNPS">Technicians</wf>
<wf cmd="tag" pos="NNP">Bulletin</wf>
<punc>,</punc>
<wf cmd="done" pos="VB" lemma="supply" wnsn="2" lexsn="2:41:00::">supplied</wf>
<wf cmd="tag" pos="JJ">similar</wf>
<wf cmd="tag" pos="JJ">material_to</wf>
<wf cmd="tag" pos="JJ">enlisted</wf>
<wf cmd="tag" pos="JJ">medical</wf>
<wf cmd="tag" pos="NNS">personnel</wf>
<punc>.</punc>
</s>
<s snum="60">
<wf cmd="ignore" pos="DT">These</wf>
<wf cmd="tag" pos="NNS">publications</wf>
<wf cmd="done" pos="VB" lemma="replace" wnsn="2" lexsn="2:41:00::">replaced</wf>
<wf cmd="ignore" pos="DT">the</wf>
<wf cmd="tag" pos="NNP">U._S._Naval_Medical_Bulletin</wf>
<punc>,</punc>
<wf cmd="done" pos="VB" lemma="publish" wnsn="2" lexsn="2:32:00::">published</wf>
<wf cmd="tag" pos="RB">continuously</wf>
<wf cmd="ignore" pos="IN">from</wf>
<wf cmd="tag" pos="CD">1907</wf>
<wf cmd="ignore" pos="IN">through</wf>
<wf cmd="tag" pos="CD">1959</wf>
<punc>,</punc>
<wf cmd="tag" pos="IN">as_well_as</wf>
<wf cmd="ignore" pos="DT">the</wf>
<wf cmd="tag" pos="NNP">Navy</wf>
<wf cmd="ignore" pos="POS">'s</wf>
<wf cmd="tag" pos="NNP">Hospital_Corps</wf>
<wf cmd="tag" pos="JJ">Quarterly</wf>
<wf cmd="ignore" pos="CC">and</wf>
<wf cmd="ignore" pos="DT">the</wf>
<wf cmd="tag" pos="NNP">Bulletin</wf>
<wf cmd="ignore" pos="IN">of</wf>
<wf cmd="ignore" pos="DT">the</wf>
<wf cmd="tag" pos="NNP">U._S._Army_Medical_Department</wf>
<punc>,</punc>
<wf cmd="done" pos="VB" lemma="publish" wnsn="2" lexsn="2:32:00::">published</wf>
<wf cmd="ignore" pos="IN">from</wf>
<wf cmd="tag" pos="CD">1922</wf>
<wf cmd="ignore" pos="TO">to</wf>
<wf cmd="tag" pos="CD">1949</wf>
<punc>.</punc>
</s>
<s snum="61">
<wf cmd="tag" pos="RB">In_addition</wf>
<punc>,</punc>
<wf cmd="ignore" pos="PRP$">their</wf>
<wf cmd="tag" pos="NN">establishment</wf>
<wf cmd="done" pos="VB" lemma="make" wnsn="2" lexsn="2:30:00::">made</wf>
<wf cmd="done" pos="VB" ot="notag">it</wf>
<wf cmd="tag" pos="JJ">unnecessary</wf>
<wf cmd="ignore" pos="TO">to</wf>
<wf cmd="done" pos="VB" lemma="begin" wnsn="0" lexsn="2:36:00::">begin</wf>
<wf cmd="tag" pos="NN">publication</wf>
<wf cmd="ignore" pos="IN">of</wf>
<wf cmd="ignore" pos="DT">a</wf>
<wf cmd="tag" pos="JJ">contemplated</wf>
<wf cmd="tag" pos="NN">Air_Force</wf>
<wf cmd="tag" pos="JJ">medical</wf>
<wf cmd="tag" pos="NN">bulletin</wf>
<punc>.</punc>
</s>
<s snum="62">
<wf cmd="tag" pos="JJ">Estimated</wf>
<wf cmd="tag" pos="JJ">annual</wf>
<wf cmd="tag" pos="NNS">savings</wf>
<wf cmd="done" pos="VB" lemma="result" wnsn="1" lexsn="2:42:00::">resulting</wf>
<wf cmd="ignore" pos="IN">from</wf>
<wf cmd="tag" pos="NN">publication</wf>
<wf cmd="ignore" pos="IN">of</wf>
<wf cmd="ignore" pos="DT">the</wf>
<wf cmd="tag" pos="NNP">Journal</wf>
<wf cmd="ignore" pos="CC">and</wf>
<wf cmd="tag" pos="NNP">Bulletin</wf>
<wf cmd="ignore" pos="IN">on</wf>
<wf cmd="ignore" pos="DT">a</wf>
<wf cmd="tag" pos="NN">triservice</wf>
<wf cmd="tag" pos="NN">basis</wf>
<punc>,</punc>
<wf cmd="ignore" pos="IN">as</wf>
<wf cmd="done" pos="VB" lemma="compare" wnsn="2" lexsn="2:42:00::">compared</wf>
<wf cmd="ignore" pos="IN">with</wf>
<wf cmd="ignore" pos="DT">the</wf>
<wf cmd="tag" pos="NN">cost</wf>
<wf cmd="ignore" pos="IN">of</wf>
<wf cmd="done" pos="VB" lemma="produce" wnsn="2" lexsn="2:36:00::">producing</wf>
<wf cmd="tag" pos="JJ">separate</wf>
<wf cmd="tag" pos="NNS">periodicals</wf>
<wf cmd="ignore" pos="IN">for</wf>
<wf cmd="ignore" pos="DT">each</wf>
<wf cmd="tag" pos="NN">service</wf>
<punc>,</punc>
<wf cmd="done" pos="VB" lemma="be" wnsn="1" lexsn="2:42:03::">were</wf>
<wf cmd="ignore" pos="IN">between</wf>
<punc>$</punc>
<wf cmd="tag" pos="CD">65000</wf>
<wf cmd="ignore" pos="CC">and</wf>
<punc>$</punc>
<wf cmd="tag" pos="CD">70000</wf>
<punc>.</punc>
</s>
<s snum="63">
<wf cmd="tag" pos="RB">Additionally</wf>
<punc>,</punc>
<wf cmd="ignore" pos="IN">on</wf>
<wf cmd="ignore" pos="DT">the</wf>
<wf cmd="tag" pos="JJ">many</wf>
<wf cmd="tag" pos="NNS">ships</wf>
<wf cmd="tag" pos="JJ">at_sea</wf>
<wf cmd="ignore" pos="CC">and</wf>
<wf cmd="ignore" pos="IN">in</wf>
<wf cmd="ignore" pos="DT">the</wf>
<wf cmd="tag" pos="RBR">smaller</wf>
<wf cmd="tag" pos="JJ">naval</wf>
<wf cmd="tag" pos="NNS">stations</wf>
<punc>,</punc>
<wf cmd="ignore" pos="DT">the</wf>
<wf cmd="tag" pos="NN">availability</wf>
<wf cmd="ignore" pos="IN">of</wf>
<wf cmd="ignore" pos="DT">the</wf>
<wf cmd="tag" pos="NNP">Journal</wf>
<wf cmd="done" pos="VB" lemma="remove" wnsn="1" lexsn="2:30:00::">removed</wf>
<wf cmd="ignore" pos="DT">the</wf>
<wf cmd="tag" pos="NN">necessity</wf>
<wf cmd="ignore" pos="IN">of</wf>
<wf cmd="done" pos="VB" lemma="subscribe_to" wnsn="1" lexsn="2:40:00::">subscribing_to</wf>
<wf cmd="tag" pos="JJ">several</wf>
<wf cmd="tag" pos="JJ">additional</wf>
<wf cmd="tag" pos="NNS">journals</wf>
<wf cmd="ignore" pos="IN">of</wf>
<wf cmd="tag" pos="JJ">civilian</wf>
<wf cmd="tag" pos="NN">origin</wf>
<wf cmd="tag" pos="RB">over</wf>
<wf cmd="ignore" pos="CC">and</wf>
<wf cmd="ignore" pos="IN">above</wf>
<wf cmd="ignore" pos="DT">the</wf>
<wf cmd="tag" pos="NN">quantity</wf>
<wf cmd="tag" pos="RB">now</wf>
<wf cmd="tag" pos="JJ">authorized</wf>
<punc>,</punc>
<wf cmd="tag" pos="RB">in_order_to</wf>
<wf cmd="done" pos="VB" lemma="provide" wnsn="1" lexsn="2:40:00::">provide</wf>
<wf cmd="ignore" pos="DT">any</wf>
<wf cmd="tag" pos="RB">reasonably</wf>
<wf cmd="tag" pos="JJ">comparable</wf>
<wf cmd="tag" pos="NN">coverage</wf>
<punc>.</punc>
</s>
</p>
<p pnum="22">
<s snum="64">
<wf cmd="ignore" pos="IN">From</wf>
<wf cmd="tag" pos="CD">1</wf>
<wf cmd="tag" pos="NNP">July</wf>
<wf cmd="tag" pos="CD">1958</wf>
<wf cmd="ignore" pos="TO">to</wf>
<wf cmd="tag" pos="CD">30</wf>
<wf cmd="tag" pos="NNP">June</wf>
<wf cmd="tag" pos="CD">1960</wf>
<punc>,</punc>
<wf cmd="tag" pos="CD">24</wf>
<wf cmd="tag" pos="NNS">numbers</wf>
<wf cmd="ignore" pos="IN">of</wf>
<wf cmd="ignore" pos="DT">the</wf>
<wf cmd="tag" pos="NNP">Journal</wf>
<wf cmd="ignore" pos="CC">and</wf>
<wf cmd="tag" pos="CD">nine</wf>
<wf cmd="ignore" pos="IN">of</wf>
<wf cmd="ignore" pos="DT">the</wf>
<wf cmd="tag" pos="NNP">Bulletin</wf>
<wf cmd="done" pos="VBD" ot="notag">were</wf>
<wf cmd="done" pos="VB" lemma="publish" wnsn="2" lexsn="2:32:00::">published</wf>
<punc>.</punc>
</s>
<s snum="65">
<wf cmd="ignore" pos="DT">Each</wf>
<wf cmd="tag" pos="NNP">Journal</wf>
<wf cmd="done" pos="VB" lemma="contain" wnsn="1" lexsn="2:42:00::">contained</wf>
<wf cmd="tag" pos="NNS">articles</wf>
<wf cmd="ignore" pos="IN">of</wf>
<wf cmd="tag" pos="JJ">professional</wf>
<wf cmd="ignore" pos="CC">and</wf>
<wf cmd="tag" pos="JJ">clinical</wf>
<wf cmd="tag" pos="NN">interest</wf>
<punc>,</punc>
<wf cmd="ignore" pos="CC">and</wf>
<wf cmd="tag" pos="NNS">departments</wf>
<wf cmd="done" pos="VB" lemma="devote" wnsn="1" lexsn="2:32:00::">devoted</wf>
<wf cmd="tag" pos="JJ">to</wf>
<wf cmd="tag" pos="JJ">military</wf>
<wf cmd="tag" pos="JJ">medical</wf>
<wf cmd="tag" pos="NN">news</wf>
<punc>,</punc>
<wf cmd="tag" pos="NNS">reviews</wf>
<wf cmd="ignore" pos="IN">of</wf>
<wf cmd="tag" pos="JJ">new</wf>
<wf cmd="tag" pos="NNS">books</wf>
<punc>,</punc>
<wf cmd="ignore" pos="CC">and</wf>
<wf cmd="tag" pos="JJ">other</wf>
<wf cmd="tag" pos="NNS">features</wf>
<wf cmd="ignore" pos="IN">of</wf>
<wf cmd="tag" pos="NN">interest</wf>
<wf cmd="ignore" pos="TO">to</wf>
<wf cmd="tag" pos="NNS">officers</wf>
<wf cmd="ignore" pos="IN">of</wf>
<wf cmd="ignore" pos="DT">the</wf>
<wf cmd="tag" pos="JJ">medical</wf>
<wf cmd="tag" pos="NNS">services</wf>
<punc>.</punc>
</s>
<s snum="66">
<wf cmd="ignore" pos="DT">The</wf>
<wf cmd="tag" pos="NNP">Council</wf>
<wf cmd="ignore" pos="IN">on</wf>
<wf cmd="tag" pos="NNP">National_Defense</wf>
<wf cmd="ignore" pos="IN">of</wf>
<wf cmd="ignore" pos="DT">the</wf>
<wf cmd="tag" pos="NNP">American_Medical_Association</wf>
<wf cmd="done" pos="VB" lemma="contribute" wnsn="2" lexsn="2:40:00::">contributed</wf>
<wf cmd="ignore" pos="DT">a</wf>
<wf cmd="tag" pos="JJ">brief</wf>
<wf cmd="tag" pos="NN">article</wf>
<wf cmd="ignore" pos="TO">to</wf>
<wf cmd="ignore" pos="DT">each</wf>
<wf cmd="tag" pos="NN">issue</wf>
<wf cmd="tag" pos="JJ">entitled</wf>
<punc>,</punc>
<punc>``</punc>
<wf cmd="ignore" pos="DT">This</wf>
<wf cmd="done" pos="VB" lemma="be" wnsn="2" lexsn="2:42:06::">is</wf>
<wf cmd="ignore" pos="PRP$">Your</wf>
<wf cmd="tag" pos="NN">A.</wf>
<wf cmd="tag" pos="NNP">M.</wf>
<wf cmd="ignore" pos="DT">A</wf>
<punc>.</punc>
<punc>''</punc>
<punc>.</punc>
</s>
</p>
<p pnum="23">
<s snum="67">
<wf cmd="done" pos="VB" lemma="begin" wnsn="1" lexsn="2:30:00::">Beginning</wf>
<wf cmd="ignore" pos="IN">with</wf>
<wf cmd="ignore" pos="DT">the</wf>
<wf cmd="tag" pos="NNP">October</wf>
<wf cmd="tag" pos="CD">1959</wf>
<wf cmd="tag" pos="NN">issue</wf>
<wf cmd="ignore" pos="IN">of</wf>
<wf cmd="ignore" pos="DT">the</wf>
<wf cmd="tag" pos="NNP">Journal</wf>
<punc>,</punc>
<wf cmd="ignore" pos="DT">the</wf>
<wf cmd="tag" pos="NN">method</wf>
<wf cmd="ignore" pos="IN">of</wf>
<wf cmd="tag" pos="NN">production</wf>
<wf cmd="ignore" pos="IN">of</wf>
<wf cmd="tag" pos="NN">copy</wf>
<wf cmd="ignore" pos="IN">for</wf>
<wf cmd="tag" pos="JJ">photo-offset</wf>
<wf cmd="tag" pos="NN">reproduction</wf>
<wf cmd="done" pos="VBD" ot="notag">was</wf>
<wf cmd="done" pos="VB" lemma="change" wnsn="3" lexsn="2:30:02::">changed</wf>
<wf cmd="ignore" pos="IN">from</wf>
<wf cmd="tag" pos="NN">varityping</wf>
<wf cmd="ignore" pos="TO">to</wf>
<wf cmd="tag" pos="JJ">hot</wf>
<wf cmd="tag" pos="NN">typesetting</wf>
<punc>.</punc>
</s>
<s snum="68">
<wf cmd="ignore" pos="DT">This</wf>
<wf cmd="done" pos="VB" lemma="result" wnsn="2" lexsn="2:42:02::">resulted</wf>
<wf cmd="done" pos="VB" ot="notag">in</wf>
<wf cmd="ignore" pos="DT">an</wf>
<wf cmd="tag" pos="JJ">improved</wf>
<wf cmd="tag" pos="NN">appearance</wf>
<punc>,</punc>
<wf cmd="ignore" pos="CC">but</wf>
<wf cmd="done" pos="VBD" ot="notag">was</wf>
<wf cmd="done" pos="VB" lemma="follow" wnsn="6" lexsn="2:42:01::">followed</wf>
<wf cmd="ignore" pos="IN">by</wf>
<wf cmd="ignore" pos="DT">an</wf>
<wf cmd="tag" pos="NN">increase</wf>
<wf cmd="ignore" pos="IN">in</wf>
<wf cmd="tag" pos="NN">printing</wf>
<wf cmd="tag" pos="NN">cost</wf>
<wf cmd="ignore" pos="WDT">that</wf>
<wf cmd="done" pos="VB" lemma="necessitate" wnsn="1" lexsn="2:42:00::">necessitated</wf>
<wf cmd="ignore" pos="DT">the</wf>
<wf cmd="tag" pos="NN">institution</wf>
<wf cmd="ignore" pos="IN">of</wf>
<wf cmd="tag" pos="JJ">major</wf>
<wf cmd="tag" pos="NNS">economies</wf>
<wf cmd="ignore" pos="TO">to</wf>
<wf cmd="done" pos="VB" lemma="keep" wnsn="1" lexsn="2:42:00::">keep</wf>
<wf cmd="ignore" pos="IN">within</wf>
<wf cmd="ignore" pos="DT">the</wf>
<wf cmd="tag" pos="NN">total</wf>
<wf cmd="ignore" pos="IN">of</wf>
<wf cmd="tag" pos="JJ">allocated</wf>
<wf cmd="tag" pos="NNS">funds</wf>
<punc>.</punc>
</s>
<s snum="69">
<wf cmd="ignore" pos="DT">The</wf>
<wf cmd="tag" pos="NN">use</wf>
<wf cmd="ignore" pos="IN">of</wf>
<wf cmd="tag" pos="CD">100</wf>
<wf cmd="tag" pos="RB">instead</wf>
<wf cmd="ignore" pos="IN">of</wf>
<wf cmd="tag" pos="CD">140</wf>
<wf cmd="tag" pos="NN">substance</wf>
<wf cmd="tag" pos="NN">paper</wf>
<wf cmd="ignore" pos="CC">plus</wf>
<wf cmd="ignore" pos="DT">the</wf>
<wf cmd="tag" pos="NN">adoption</wf>
<wf cmd="ignore" pos="IN">of</wf>
<wf cmd="tag" pos="NN">side</wf>
<wf cmd="tag" pos="NN">stapling</wf>
<wf cmd="done" pos="VB" lemma="begin" wnsn="0" lexsn="2:36:00::">beginning</wf>
<wf cmd="ignore" pos="IN">with</wf>
<wf cmd="ignore" pos="DT">the</wf>
<wf cmd="tag" pos="NNP">May</wf>
<wf cmd="tag" pos="CD">1960</wf>
<wf cmd="tag" pos="NN">issue</wf>
<wf cmd="done" pos="VB" lemma="reduce" wnsn="1" lexsn="2:30:00::">reduced</wf>
<wf cmd="tag" pos="NNS">costs</wf>
<wf cmd="tag" pos="RB">sufficiently</wf>
<wf cmd="ignore" pos="TO">to</wf>
<wf cmd="done" pos="VB" lemma="allow" wnsn="1" lexsn="2:41:00::">allow</wf>
<wf cmd="tag" pos="NN">completion</wf>
<wf cmd="ignore" pos="IN">of</wf>
<wf cmd="ignore" pos="DT">the</wf>
<wf cmd="tag" pos="NN">fiscal_year</wf>
<wf cmd="ignore" pos="IN">with</wf>
<wf cmd="tag" pos="RB">nearly</wf>
<punc>$</punc>
<wf cmd="tag" pos="CD">4000</wf>
<wf cmd="ignore" pos="IN">in</wf>
<wf cmd="tag" pos="JJ">unexpended</wf>
<wf cmd="tag" pos="NNS">funds</wf>
<punc>.</punc>
</s>
</p>
<p pnum="24">
<s snum="70">
<wf cmd="tag" pos="CD">Two</wf>
<wf cmd="tag" pos="JJ">special</wf>
<wf cmd="tag" pos="NNS">issues</wf>
<wf cmd="done" pos="VBD" ot="notag">were</wf>
<wf cmd="done" pos="VB" lemma="publish" wnsn="2" lexsn="2:32:00::">published</wf>
<punc>,</punc>
<wf cmd="tag" pos="CD">one</wf>
<wf cmd="ignore" pos="IN">for</wf>
<wf cmd="tag" pos="NNP">November</wf>
<wf cmd="tag" pos="CD">1959</wf>
<wf cmd="ignore" pos="IN">on</wf>
<wf cmd="tag" pos="NN">Space_Medicine</wf>
<punc>,</punc>
<wf cmd="ignore" pos="DT">the</wf>
<wf cmd="tag" pos="JJ">other</wf>
<wf cmd="ignore" pos="DT">the</wf>
<wf cmd="tag" pos="NNP">Tenth_Anniversary</wf>
<wf cmd="tag" pos="NN">issue</wf>
<wf cmd="ignore" pos="IN">for</wf>
<wf cmd="tag" pos="NNP">January</wf>
<wf cmd="tag" pos="CD">1960</wf>
<punc>.</punc>
</s>
<s snum="71">
<wf cmd="ignore" pos="DT">The</wf>
<wf cmd="tag" pos="NNP">February</wf>
<wf cmd="tag" pos="CD">1960</wf>
<wf cmd="tag" pos="NN">issue</wf>
<wf cmd="done" pos="VB" lemma="mark" wnsn="4" lexsn="2:31:01::">marked</wf>
<wf cmd="ignore" pos="DT">the</wf>
<wf cmd="tag" pos="NN">reinstitution</wf>
<wf cmd="ignore" pos="IN">of</wf>
<wf cmd="ignore" pos="DT">the</wf>
<wf cmd="tag" pos="NN">section</wf>
<wf cmd="tag" pos="JJ">entitled</wf>
<punc>,</punc>
<punc>``</punc>
<wf cmd="ignore" pos="DT">The</wf>
<wf cmd="tag" pos="NNP">Medical_Officer_Writes</wf>
<punc>''</punc>
<punc>.</punc>
</s>
<s snum="72">
<wf cmd="done" pos="VB" lemma="replace" wnsn="2" lexsn="2:41:00::">Replacing</wf>
<wf cmd="ignore" pos="DT">the</wf>
<wf cmd="tag" pos="JJ">discontinued</wf>
<wf cmd="tag" pos="NNP">Medical</wf>
<wf cmd="tag" pos="NNPS">Technicians</wf>
<wf cmd="tag" pos="NNP">Bulletin</wf>
<punc>,</punc>
<wf cmd="tag" pos="NN">publication</wf>
<wf cmd="tag" pos="RB">of_which</wf>
<wf cmd="done" pos="VB" ot="notag">was</wf>
<wf cmd="done" pos="VB" lemma="suspend" wnsn="4" lexsn="2:30:00::">suspended</wf>
<wf cmd="ignore" pos="IN">with</wf>
<wf cmd="ignore" pos="DT">the</wf>
<wf cmd="tag" pos="NNP">November-December</wf>
<wf cmd="tag" pos="CD">1959</wf>
<wf cmd="tag" pos="NN">issue</wf>
<punc>,</punc>
<wf cmd="ignore" pos="DT">a</wf>
<wf cmd="tag" pos="NN">section</wf>
<wf cmd="tag" pos="JJ">called</wf>
<punc>``</punc>
<wf cmd="tag" pos="NNP">Technical</wf>
<wf cmd="tag" pos="NNS">Notes</wf>
<punc>''</punc>
<wf cmd="done" pos="VBD" ot="notag">was</wf>
<wf cmd="done" pos="VB" lemma="inaugurate" wnsn="1" lexsn="2:41:00::">inaugurated</wf>
<wf cmd="ignore" pos="IN">on</wf>
<wf cmd="ignore" pos="DT">a</wf>
<wf cmd="tag" pos="JJ">bimonthly</wf>
<wf cmd="tag" pos="NN">basis</wf>
<wf cmd="done" pos="VB" lemma="begin" wnsn="0" lexsn="2:36:00::">beginning</wf>
<wf cmd="ignore" pos="IN">with</wf>
<wf cmd="ignore" pos="DT">the</wf>
<wf cmd="tag" pos="NNP">April</wf>
<wf cmd="tag" pos="CD">1960</wf>
<wf cmd="tag" pos="NN">issue</wf>
<punc>.</punc>
</s>
<s snum="73">
<wf cmd="tag" pos="JJ">Occasional</wf>
<wf cmd="tag" pos="NNS">features</wf>
<wf cmd="done" pos="VBD" ot="notag">were</wf>
<wf cmd="done" pos="VB" lemma="publish" wnsn="1" lexsn="2:36:01::">published</wf>
<wf cmd="ignore" pos="IN">on</wf>
<wf cmd="tag" pos="JJ">historical</wf>
<wf cmd="tag" pos="NN">medicine</wf>
<punc>,</punc>
<wf cmd="tag" pos="JJ">special</wf>
<wf cmd="tag" pos="NNS">reports</wf>
<punc>,</punc>
<wf cmd="tag" pos="NN">bibliography</wf>
<punc>,</punc>
<wf cmd="ignore" pos="CC">and</wf>
<punc>``</punc>
<wf cmd="tag" pos="NNP">Collector</wf>
<wf cmd="ignore" pos="POS">'s</wf>
<wf cmd="tag" pos="NNS">Items</wf>
<punc>''</punc>
<punc>.</punc>
</s>
<s snum="74">
<wf cmd="ignore" pos="IN">In</wf>
<wf cmd="tag" pos="NNP">May</wf>
<wf cmd="tag" pos="CD">1960</wf>
<punc>,</punc>
<wf cmd="ignore" pos="DT">the</wf>
<wf cmd="tag" pos="NN">Armed_Forces</wf>
<wf cmd="tag" pos="NNP">Institute</wf>
<wf cmd="ignore" pos="IN">of</wf>
<wf cmd="tag" pos="NNP">Pathology</wf>
<wf cmd="done" pos="VB" lemma="begin" wnsn="3" lexsn="2:30:01::">began</wf>
<wf cmd="ignore" pos="DT">a</wf>
<wf cmd="tag" pos="NN">series</wf>
<wf cmd="ignore" pos="IN">of</wf>
<wf cmd="tag" pos="NNS">articles</wf>
<wf cmd="ignore" pos="IN">on</wf>
<wf cmd="ignore" pos="DT">the</wf>
<punc>``</punc>
<wf cmd="tag" pos="NNP">Medical_Museum</wf>
<punc>''</punc>
<punc>,</punc>
<wf cmd="ignore" pos="CC">and</wf>
<wf cmd="ignore" pos="IN">in</wf>
<wf cmd="tag" pos="NNP">June</wf>
<punc>,</punc>
<wf cmd="ignore" pos="DT">the</wf>
<wf cmd="tag" pos="NNP">Institute</wf>
<wf cmd="done" pos="VB" lemma="start" wnsn="1" lexsn="2:30:00::">started</wf>
<wf cmd="done" pos="VB" lemma="contribute" wnsn="2" lexsn="2:40:00::">contributing</wf>
<wf cmd="ignore" pos="DT">a</wf>
<wf cmd="tag" pos="JJ">regular</wf>
<wf cmd="tag" pos="JJ">monthly</wf>
<punc>``</punc>
<wf cmd="tag" pos="NNP">Case</wf>
<wf cmd="ignore" pos="IN">for</wf>
<wf cmd="tag" pos="NNP">Diagnosis</wf>
<punc>''</punc>
<punc>.</punc>
</s>
<s snum="75">
<wf cmd="ignore" pos="DT">The</wf>
<wf cmd="tag" pos="NNP">Institute</wf>
<wf cmd="tag" pos="RB">also</wf>
<wf cmd="done" pos="VB" lemma="plan" wnsn="1" lexsn="2:31:01::">planned</wf>
<wf cmd="ignore" pos="TO">to</wf>
<wf cmd="done" pos="VB" lemma="furnish" wnsn="1" lexsn="2:40:00::">furnish</wf>
<wf cmd="ignore" pos="DT">a</wf>
<wf cmd="tag" pos="JJ">regular</wf>
<wf cmd="tag" pos="NN">series</wf>
<wf cmd="ignore" pos="IN">of</wf>
<wf cmd="tag" pos="NNS">articles</wf>
<punc>,</punc>
<wf cmd="done" pos="VB" lemma="begin" wnsn="1" lexsn="2:30:00::">beginning</wf>
<wf cmd="ignore" pos="IN">in</wf>
<wf cmd="ignore" pos="DT">the</wf>
<wf cmd="tag" pos="NN">fall</wf>
<wf cmd="ignore" pos="IN">of</wf>
<wf cmd="tag" pos="CD">1960</wf>
<punc>,</punc>
<wf cmd="ignore" pos="IN">on</wf>
<wf cmd="ignore" pos="PRP$">its</wf>
<wf cmd="tag" pos="RBR">more</wf>
<wf cmd="tag" pos="JJ">significant</wf>
<wf cmd="tag" pos="NNP">Scientific</wf>
<wf cmd="tag" pos="NNPS">Exhibits</wf>
<punc>.</punc>
</s>
</p>
<p pnum="25">
<s snum="76">
<wf cmd="ignore" pos="DT">The</wf>
<wf cmd="tag" pos="NN">Armed_Forces</wf>
<wf cmd="tag" pos="JJ">Epidemiological</wf>
<wf cmd="tag" pos="NNP">Board</wf>
<wf cmd="done" pos="VB" lemma="agree" wnsn="2" lexsn="2:32:01::">agreed</wf>
<wf cmd="ignore" pos="TO">to</wf>
<wf cmd="done" pos="VB" lemma="submit" wnsn="4" lexsn="2:40:00::">submit</wf>
<wf cmd="tag" pos="RB">each_month</wf>
<wf cmd="ignore" pos="DT">a</wf>
<wf cmd="tag" pos="NN">report</wf>
<wf cmd="ignore" pos="IN">for</wf>
<wf cmd="tag" pos="CD">one</wf>
<wf cmd="ignore" pos="IN">of</wf>
<wf cmd="ignore" pos="PRP$">its</wf>
<wf cmd="tag" pos="CD">12</wf>
<wf cmd="tag" pos="NNS">commissions</wf>
<punc>,</punc>
<wf cmd="tag" pos="RB">so_that</wf>
<wf cmd="ignore" pos="DT">each</wf>
<wf cmd="tag" pos="NN">commission</wf>
<wf cmd="ignore" pos="MD">will</wf>
<wf cmd="done" pos="VB" lemma="report" wnsn="2" lexsn="2:32:04::">report</wf>
<wf cmd="tag" pos="RB">once</wf>
<wf cmd="ignore" pos="DT">a</wf>
<wf cmd="tag" pos="NN">year</wf>
<wf cmd="ignore" pos="IN">on</wf>
<wf cmd="ignore" pos="DT">some</wf>
<wf cmd="tag" pos="NN">phase</wf>
<wf cmd="ignore" pos="IN">of</wf>
<wf cmd="ignore" pos="PRP$">its</wf>
<wf cmd="tag" pos="NN">work</wf>
<wf cmd="done" pos="VB" lemma="calculate" wnsn="2" lexsn="2:31:03::">calculated</wf>
<wf cmd="ignore" pos="TO">to</wf>
<wf cmd="done" pos="VB" lemma="be" wnsn="1" lexsn="2:42:03::">be</wf>
<wf cmd="ignore" pos="IN">of</wf>
<wf cmd="tag" pos="JJ">particular</wf>
<wf cmd="tag" pos="NN">interest</wf>
<wf cmd="ignore" pos="CC">and</wf>
<wf cmd="tag" pos="NN">value</wf>
<wf cmd="ignore" pos="TO">to</wf>
<wf cmd="tag" pos="NN">medical_officers</wf>
<wf cmd="ignore" pos="IN">of</wf>
<wf cmd="ignore" pos="DT">the</wf>
<wf cmd="tag" pos="NN">Armed_Forces</wf>
<punc>.</punc>
</s>
<s snum="77">
<wf cmd="ignore" pos="DT">The</wf>
<wf cmd="tag" pos="JJ">first</wf>
<wf cmd="tag" pos="NN">report</wf>
<wf cmd="tag" pos="RB">in_this</wf>
<wf cmd="tag" pos="JJ">continuing</wf>
<wf cmd="tag" pos="NN">series</wf>
<wf cmd="done" pos="VB" lemma="appear" wnsn="3" lexsn="2:30:01::">appeared</wf>
<wf cmd="ignore" pos="IN">in</wf>
<wf cmd="ignore" pos="DT">the</wf>
<wf cmd="tag" pos="NNP">September</wf>
<wf cmd="tag" pos="CD">1960</wf>
<wf cmd="tag" pos="NN">issue</wf>
<wf cmd="ignore" pos="IN">of</wf>
<wf cmd="ignore" pos="DT">the</wf>
<wf cmd="tag" pos="NNP">Journal</wf>
<punc>.</punc>
</s>
</p>
</context>
</contextfile>
