<contextfile concordance="brown">
<context filename="br-j25" paras="yes">
<p pnum="1">
<s snum="1">
<wf cmd="tag" pos="NN">Tension</wf>
<wf cmd="tag" pos="NN">management</wf>
<wf cmd="ignore" pos="CC">and</wf>
<wf cmd="tag" pos="NN">communication</wf>
<wf cmd="ignore" pos="IN">of</wf>
<wf cmd="tag" pos="NN">sentiment</wf>
<wf cmd="done" pos="VB" lemma="be" wnsn="2" lexsn="2:42:06::">are</wf>
<wf cmd="ignore" pos="DT">the</wf>
<wf cmd="tag" pos="NNS">processes</wf>
<wf cmd="done" pos="VB" lemma="involve" wnsn="1" lexsn="2:42:01::">involved</wf>
<wf cmd="ignore" pos="IN">in</wf>
<wf cmd="ignore" pos="DT">the</wf>
<wf cmd="tag" pos="NN">functioning</wf>
<wf cmd="ignore" pos="IN">of</wf>
<wf cmd="ignore" pos="DT">the</wf>
<wf cmd="tag" pos="NN">element</wf>
<wf cmd="ignore" pos="IN">of</wf>
<wf cmd="tag" pos="NN">sentiment</wf>
<wf cmd="ignore" pos="CC">or</wf>
<wf cmd="tag" pos="NN">feeling</wf>
<punc>.</punc>
</s>
<s snum="2">
<wf cmd="tag" pos="CD">One</wf>
<wf cmd="ignore" pos="IN">of</wf>
<wf cmd="ignore" pos="DT">the</wf>
<wf cmd="tag" pos="NNS">devices</wf>
<wf cmd="ignore" pos="IN">for</wf>
<wf cmd="tag" pos="NN">tension</wf>
<wf cmd="tag" pos="NN">management</wf>
<wf cmd="done" pos="VB" lemma="be" wnsn="2" lexsn="2:42:06::">is</wf>
<wf cmd="tag" pos="JJ">preferential</wf>
<wf cmd="tag" pos="NN">mating</wf>
<punc>.</punc>
</s>
<s snum="3">
<wf cmd="ignore" pos="DT">The</wf>
<wf cmd="tag" pos="JJ">preferential</wf>
<wf cmd="tag" pos="NN">mating</wf>
<wf cmd="tag" pos="RB">of_this</wf>
<wf cmd="tag" pos="JJ">particular</wf>
<wf cmd="tag" pos="NN">population</wf>
<wf cmd="done" pos="VBZ" ot="notag">has</wf>
<wf cmd="done" pos="VBN" ot="notag">been</wf>
<wf cmd="done" pos="VB" lemma="analyze" wnsn="1" lexsn="2:31:00::">analyzed</wf>
<wf cmd="ignore" pos="IN">in</wf>
<wf cmd="ignore" pos="DT">a</wf>
<wf cmd="tag" pos="JJ">separate</wf>
<wf cmd="tag" pos="NN">study</wf>
<punc>.</punc>
</s>
<s snum="4">
<wf cmd="ignore" pos="DT">The</wf>
<wf cmd="tag" pos="JJ">relative</wf>
<wf cmd="tag" pos="JJ">geographical</wf>
<wf cmd="tag" pos="NN">isolation</wf>
<wf cmd="ignore" pos="IN">of</wf>
<wf cmd="ignore" pos="DT">the</wf>
<wf cmd="tag" pos="NNP">Brandywine</wf>
<wf cmd="tag" pos="NN">population</wf>
<wf cmd="done" pos="VB" lemma="make_for" wnsn="1" lexsn="2:36:00::">makes_for</wf>
<wf cmd="ignore" pos="DT">a</wf>
<wf cmd="tag" pos="JJ">limited</wf>
<wf cmd="tag" pos="NN">choice</wf>
<wf cmd="ignore" pos="IN">in</wf>
<wf cmd="tag" pos="NN">mating</wf>
<punc>.</punc>
</s>
<s snum="5">
<wf cmd="ignore" pos="PRP">It</wf>
<wf cmd="ignore" pos="MD">would</wf>
<wf cmd="done" pos="VB" lemma="seem" wnsn="1" lexsn="2:39:00::">seem</wf>
<wf cmd="tag" pos="JJ">necessary</wf>
<wf cmd="ignore" pos="IN">that</wf>
<wf cmd="tag" pos="NNS">members</wf>
<wf cmd="tag" pos="RB">of_this</wf>
<wf cmd="tag" pos="NN">population</wf>
<wf cmd="done" pos="VB" lemma="provide" wnsn="1" lexsn="2:40:00::">provide</wf>
<wf cmd="tag" pos="NN">support</wf>
<wf cmd="ignore" pos="IN">for</wf>
<wf cmd="tag" pos="CD">one</wf>
<wf cmd="ignore" pos="DT">another</wf>
<wf cmd="ignore" pos="IN">since</wf>
<wf cmd="ignore" pos="PRP">it</wf>
<wf cmd="done" pos="VBZ" ot="notag">is</wf>
<wf cmd="tag" pos="RB">not</wf>
<wf cmd="done" pos="VB" lemma="provide" wnsn="1" lexsn="2:40:00::">provided</wf>
<wf cmd="ignore" pos="IN">by</wf>
<wf cmd="ignore" pos="DT">the</wf>
<wf cmd="tag" pos="JJR">larger</wf>
<wf cmd="tag" pos="NN">society</wf>
<punc>.</punc>
</s>
<s snum="6">
<wf cmd="ignore" pos="DT">The</wf>
<wf cmd="tag" pos="JJ">supportive</wf>
<wf cmd="tag" pos="NNS">relations</wf>
<wf cmd="ignore" pos="MD">can</wf>
<wf cmd="tag" pos="RB">apparently</wf>
<wf cmd="done" pos="VB" ot="notag">be</wf>
<wf cmd="done" pos="VB" lemma="achieve" wnsn="1" lexsn="2:41:00::">achieved</wf>
<wf cmd="ignore" pos="IN">in</wf>
<wf cmd="tag" pos="JJ">geographical</wf>
<wf cmd="ignore" pos="CC">and</wf>
<wf cmd="tag" pos="JJ">social</wf>
<wf cmd="tag" pos="NN">isolation</wf>
<punc>.</punc>
</s>
<s snum="7">
<wf cmd="ignore" pos="DT">The</wf>
<wf cmd="tag" pos="NNS">newlyweds</wf>
<wf cmd="done" pos="VB" lemma="build" wnsn="1" lexsn="2:36:00::">building</wf>
<wf cmd="tag" pos="NNS">homes</wf>
<wf cmd="ignore" pos="IN">on</wf>
<wf cmd="ignore" pos="DT">the</wf>
<wf cmd="tag" pos="JJ">same</wf>
<wf cmd="tag" pos="NN">land</wf>
<wf cmd="ignore" pos="IN">with</wf>
<wf cmd="ignore" pos="DT">either</wf>
<wf cmd="tag" pos="NN">set</wf>
<wf cmd="ignore" pos="IN">of</wf>
<wf cmd="tag" pos="NNS">parents</wf>
<punc>,</punc>
<wf cmd="ignore" pos="CC">and</wf>
<wf cmd="ignore" pos="DT">the</wf>
<wf cmd="tag" pos="RB">almost</wf>
<wf cmd="tag" pos="JJ">exclusive</wf>
<wf cmd="tag" pos="NN">use</wf>
<wf cmd="ignore" pos="IN">of</wf>
<wf cmd="tag" pos="NNS">members</wf>
<wf cmd="ignore" pos="IN">of</wf>
<wf cmd="ignore" pos="DT">the</wf>
<wf cmd="tag" pos="NN">population</wf>
<wf cmd="ignore" pos="IN">as</wf>
<wf cmd="tag" pos="NNS">sponsors</wf>
<wf cmd="ignore" pos="IN">for</wf>
<wf cmd="tag" pos="NNS">baptisms</wf>
<wf cmd="ignore" pos="CC">and</wf>
<wf cmd="tag" pos="NNS">weddings</wf>
<wf cmd="done" pos="VB" lemma="illustrate" wnsn="1" lexsn="2:32:00::">illustrate</wf>
<wf cmd="ignore" pos="DT">this</wf>
<wf cmd="tag" pos="JJ">supportive</wf>
<wf cmd="tag" pos="NN">relationship</wf>
<punc>.</punc>
</s>
<s snum="8">
<wf cmd="ignore" pos="IN">As</wf>
<wf cmd="tag" pos="NNP">Loomis</wf>
<wf cmd="done" pos="VB" lemma="remark" wnsn="1" lexsn="2:32:00::">remarks</wf>
<punc>,</punc>
<punc>``</punc>
<wf cmd="ignore" pos="IN">In</wf>
<wf cmd="ignore" pos="DT">the</wf>
<wf cmd="tag" pos="JJ">internal</wf>
<wf cmd="tag" pos="NN">pattern</wf>
<wf cmd="ignore" pos="DT">the</wf>
<wf cmd="tag" pos="JJ">chief</wf>
<wf cmd="tag" pos="NN">reason</wf>
<wf cmd="ignore" pos="IN">for</wf>
<wf cmd="tag" pos="NN">interacting</wf>
<wf cmd="done" pos="VB" lemma="be" wnsn="2" lexsn="2:42:06::">is</wf>
<wf cmd="ignore" pos="TO">to</wf>
<wf cmd="done" pos="VB" lemma="communicate" wnsn="2" lexsn="2:32:00::">communicate</wf>
<wf cmd="tag" pos="NN">liking</wf>
<punc>,</punc>
<wf cmd="tag" pos="NN">friendship</wf>
<punc>,</punc>
<wf cmd="ignore" pos="CC">and</wf>
<wf cmd="tag" pos="NN">love</wf>
<wf cmd="ignore" pos="IN">among</wf>
<wf cmd="ignore" pos="DT">those</wf>
<wf cmd="ignore" pos="WP">who</wf>
<wf cmd="done" pos="VB" lemma="stand" wnsn="3" lexsn="2:42:03::">stand</wf>
<wf cmd="done" pos="VB" ot="notag">in</wf>
<wf cmd="tag" pos="JJ">supporting</wf>
<wf cmd="tag" pos="NN">relations_to</wf>
<wf cmd="tag" pos="CD">one</wf>
<wf cmd="ignore" pos="DT">another</wf>
<wf cmd="ignore" pos="CC">and</wf>
<wf cmd="tag" pos="JJ">corresponding</wf>
<wf cmd="tag" pos="JJ">negative</wf>
<wf cmd="tag" pos="NNS">sentiments</wf>
<wf cmd="ignore" pos="TO">to</wf>
<wf cmd="ignore" pos="DT">those</wf>
<wf cmd="ignore" pos="WP">who</wf>
<wf cmd="done" pos="VB" lemma="stand" wnsn="3" lexsn="2:42:03::">stand</wf>
<wf cmd="done" pos="VB" ot="notag">in</wf>
<wf cmd="tag" pos="JJ">antagonistic</wf>
<wf cmd="tag" pos="NNS">relations</wf>
<punc>''</punc>
<punc>.</punc>
</s>
</p>
<p pnum="2">
<s snum="9">
<wf cmd="tag" pos="NNP">Maintenance</wf>
<wf cmd="ignore" pos="IN">of</wf>
<wf cmd="ignore" pos="DT">the</wf>
<wf cmd="tag" pos="NN">status_quo</wf>
<wf cmd="ignore" pos="MD">might</wf>
<wf cmd="done" pos="VB" lemma="seem" wnsn="1" lexsn="2:39:00::">seem</wf>
<wf cmd="ignore" pos="TO">to</wf>
<wf cmd="done" pos="VB" lemma="be" wnsn="2" lexsn="2:42:06::">be</wf>
<wf cmd="ignore" pos="DT">the</wf>
<wf cmd="tag" pos="JJ">appropriate</wf>
<wf cmd="tag" pos="NN">goal</wf>
<wf cmd="ignore" pos="CC">or</wf>
<wf cmd="tag" pos="NN">objective</wf>
<wf cmd="tag" pos="RB">of_this</wf>
<wf cmd="tag" pos="NN">population</wf>
<wf cmd="tag" pos="NN">today</wf>
<punc>.</punc>
</s>
<s snum="10">
<wf cmd="tag" pos="RB">Yet</wf>
<punc>,</punc>
<wf cmd="ignore" pos="DT">the</wf>
<wf cmd="tag" pos="NN">object</wf>
<wf cmd="ignore" pos="IN">of</wf>
<wf cmd="ignore" pos="DT">the</wf>
<wf cmd="tag" pos="NN">element</wf>
<wf cmd="ignore" pos="IN">of</wf>
<wf cmd="tag" pos="NN">achieving</wf>
<wf cmd="ignore" pos="IN">through</wf>
<wf cmd="ignore" pos="DT">the</wf>
<wf cmd="tag" pos="NN">process</wf>
<wf cmd="ignore" pos="IN">of</wf>
<wf cmd="tag" pos="NN">goal</wf>
<wf cmd="tag" pos="NN">attaining</wf>
<wf cmd="ignore" pos="IN">for</wf>
<wf cmd="ignore" pos="DT">this</wf>
<wf cmd="tag" pos="NN">population</wf>
<wf cmd="done" pos="VB" lemma="appear" wnsn="1" lexsn="2:39:00::">appears</wf>
<wf cmd="ignore" pos="TO">to</wf>
<wf cmd="done" pos="VB" ot="notag">have</wf>
<wf cmd="done" pos="VBN" ot="notag">been</wf>
<wf cmd="done" pos="VB" lemma="change" wnsn="1" lexsn="2:30:01::">changed</wf>
<wf cmd="ignore" pos="IN">by</wf>
<wf cmd="tag" pos="NNS">circumstances</wf>
<wf cmd="tag" pos="JJ">brought_about</wf>
<wf cmd="ignore" pos="IN">by</wf>
<wf cmd="ignore" pos="DT">the</wf>
<wf cmd="tag" pos="NN">war</wf>
<punc>.</punc>
</s>
<s snum="11">
<wf cmd="tag" pos="RB">Prior</wf>
<wf cmd="ignore" pos="TO">to</wf>
<wf cmd="tag" pos="NN">World_War</wf>
<wf cmd="tag" pos="CD">2</wf>
<punc>,</punc>
<wf cmd="ignore" pos="EX">there</wf>
<wf cmd="done" pos="VB" ot="notag">was</wf>
<wf cmd="ignore" pos="DT">a</wf>
<wf cmd="tag" pos="JJR">higher</wf>
<wf cmd="tag" pos="NN">percentage</wf>
<wf cmd="ignore" pos="IN">of</wf>
<wf cmd="tag" pos="JJ">endogamous</wf>
<wf cmd="tag" pos="NNS">marriages</wf>
<wf cmd="ignore" pos="IN">than</wf>
<wf cmd="ignore" pos="IN">after</wf>
<wf cmd="tag" pos="NN">World_war</wf>
<wf cmd="tag" pos="CD">2</wf>
<punc>,</punc>
<punc>.</punc>
</s>
</p>
<p pnum="3">
<s snum="12">
<wf cmd="ignore" pos="DT">The</wf>
<wf cmd="tag" pos="NNS">norms</wf>
<punc>,</punc>
<wf cmd="ignore" pos="IN">as</wf>
<wf cmd="tag" pos="NNS">elements</wf>
<punc>,</punc>
<wf cmd="done" pos="VB" lemma="refer" wnsn="2" lexsn="2:42:00::">refer</wf>
<wf cmd="done" pos="VB" ot="notag">to</wf>
<punc>``</punc>
<wf cmd="ignore" pos="DT">all</wf>
<wf cmd="tag" pos="NNS">criteria</wf>
<wf cmd="ignore" pos="IN">for</wf>
<wf cmd="done" pos="VB" lemma="judge" wnsn="2" lexsn="2:31:00::">judging</wf>
<wf cmd="ignore" pos="DT">the</wf>
<wf cmd="tag" pos="NN">character</wf>
<wf cmd="ignore" pos="CC">or</wf>
<wf cmd="tag" pos="NN">conduct</wf>
<wf cmd="ignore" pos="IN">of</wf>
<wf cmd="ignore" pos="DT">both</wf>
<wf cmd="tag" pos="JJ">individual</wf>
<wf cmd="ignore" pos="CC">and</wf>
<wf cmd="tag" pos="NN">group_actions</wf>
<wf cmd="ignore" pos="IN">in</wf>
<wf cmd="ignore" pos="DT">any</wf>
<wf cmd="tag" pos="NN">social_system</wf>
<punc>''</punc>
<punc>.</punc>
</s>
<s snum="13">
<wf cmd="ignore" pos="DT">The</wf>
<wf cmd="tag" pos="NN">process</wf>
<wf cmd="ignore" pos="IN">of</wf>
<wf cmd="tag" pos="NN">evaluation</wf>
<wf cmd="done" pos="VB" lemma="assign" wnsn="2" lexsn="2:40:01::">assigns</wf>
<wf cmd="tag" pos="JJ">varying</wf>
<wf cmd="tag" pos="JJ">positive</wf>
<wf cmd="ignore" pos="CC">and</wf>
<wf cmd="tag" pos="JJ">negative</wf>
<wf cmd="tag" pos="NNS">priorities</wf>
<wf cmd="ignore" pos="CC">or</wf>
<wf cmd="tag" pos="NNS">values</wf>
<wf cmd="ignore" pos="TO">to</wf>
<wf cmd="tag" pos="NNS">elements</wf>
<punc>.</punc>
</s>
<s snum="14">
<wf cmd="ignore" pos="DT">The</wf>
<wf cmd="tag" pos="NNS">elements</wf>
<wf cmd="ignore" pos="CC">and</wf>
<wf cmd="tag" pos="NNS">processes</wf>
<wf cmd="done" pos="VB" lemma="become" wnsn="1" lexsn="2:30:00::">become</wf>
<wf cmd="tag" pos="JJ">evident</wf>
<wf cmd="ignore" pos="IN">in</wf>
<wf cmd="ignore" pos="DT">a</wf>
<wf cmd="tag" pos="NN">study</wf>
<wf cmd="ignore" pos="IN">of</wf>
<wf cmd="tag" pos="NN">mate</wf>
<wf cmd="tag" pos="NN">selection</wf>
<wf cmd="tag" pos="RB">in_this</wf>
<wf cmd="tag" pos="NN">population</wf>
<punc>.</punc>
</s>
<s snum="15">
<wf cmd="ignore" pos="IN">From</wf>
<wf cmd="ignore" pos="DT">the</wf>
<wf cmd="tag" pos="NN">evidence</wf>
<punc>``</punc>
<wf cmd="ignore" pos="PRP">it</wf>
<wf cmd="ignore" pos="MD">may</wf>
<wf cmd="done" pos="VB" ot="notag">be</wf>
<wf cmd="done" pos="VB" lemma="conjecture" wnsn="1" lexsn="2:31:00::">conjectured</wf>
<wf cmd="ignore" pos="IN">that</wf>
<wf cmd="tag" pos="JJ">core-core</wf>
<wf cmd="tag" pos="NNS">marriages</wf>
<wf cmd="done" pos="VB" lemma="be" wnsn="2" lexsn="2:42:06::">are</wf>
<wf cmd="ignore" pos="DT">the</wf>
<wf cmd="tag" pos="JJ">preferred</wf>
<wf cmd="tag" pos="NNS">unions</wf>
<wf cmd="ignore" pos="IN">for</wf>
<wf cmd="tag" pos="NN">core</wf>
<wf cmd="tag" pos="NNS">males</wf>
<wf cmd="ignore" pos="CC">and</wf>
<wf cmd="tag" pos="NNS">females</wf>
<punc>;</punc>
<wf cmd="tag" pos="JJ">core-marginal</wf>
<wf cmd="tag" pos="NNS">marriages</wf>
<wf cmd="tag" pos="RB">still</wf>
<wf cmd="done" pos="VB" lemma="belong" wnsn="0" lexsn="2:42:00::">belong</wf>
<wf cmd="ignore" pos="IN">in</wf>
<wf cmd="ignore" pos="DT">the</wf>
<wf cmd="tag" pos="NN">category</wf>
<wf cmd="ignore" pos="IN">of</wf>
<wf cmd="tag" pos="JJ">permissive</wf>
<wf cmd="tag" pos="NNS">unions</wf>
<punc>;</punc>
<wf cmd="ignore" pos="CC">and</wf>
<wf cmd="tag" pos="NNP">core-Negro</wf>
<wf cmd="tag" pos="NNS">marriages</wf>
<wf cmd="done" pos="VBP" ot="notag">are</wf>
<wf cmd="done" pos="VB" lemma="proscribe" wnsn="1" lexsn="2:32:00::">proscribed</wf>
<wf cmd="ignore" pos="IN">for</wf>
<wf cmd="tag" pos="NN">core</wf>
<wf cmd="tag" pos="NNS">members</wf>
<punc>''</punc>
<punc>.</punc>
</s>
</p>
<p pnum="4">
<s snum="16">
<wf cmd="ignore" pos="DT">The</wf>
<wf cmd="tag" pos="NN">element</wf>
<wf cmd="ignore" pos="IN">of</wf>
<wf cmd="tag" pos="NNS">status-roles</wf>
<wf cmd="ignore" pos="CC">and</wf>
<wf cmd="tag" pos="JJ">associated</wf>
<wf cmd="tag" pos="NNS">processes</wf>
<wf cmd="done" pos="VBP" ot="notag">have</wf>
<wf cmd="tag" pos="RB">not</wf>
<wf cmd="done" pos="VBN" ot="notag">been</wf>
<wf cmd="tag" pos="RB">sufficiently</wf>
<wf cmd="done" pos="VB" lemma="investigate" wnsn="1" lexsn="2:32:00::">investigated</wf>
<wf cmd="ignore" pos="IN">for</wf>
<wf cmd="ignore" pos="DT">this</wf>
<wf cmd="tag" pos="NN">population</wf>
<wf cmd="ignore" pos="TO">to</wf>
<wf cmd="done" pos="VB" lemma="permit" wnsn="1" lexsn="2:32:00::">permit</wf>
<wf cmd="ignore" pos="DT">any</wf>
<wf cmd="tag" pos="NN">type</wf>
<wf cmd="ignore" pos="IN">of</wf>
<wf cmd="tag" pos="NNS">conjectures</wf>
<wf cmd="ignore" pos="IN">about</wf>
<wf cmd="ignore" pos="PRP">them</wf>
<punc>.</punc>
</s>
</p>
<p pnum="5">
<s snum="17">
<wf cmd="ignore" pos="EX">There</wf>
<wf cmd="done" pos="VB" ot="notag">is</wf>
<wf cmd="ignore" pos="DT">some</wf>
<wf cmd="tag" pos="NN">indication</wf>
<wf cmd="ignore" pos="IN">from</wf>
<wf cmd="ignore" pos="DT">a</wf>
<wf cmd="tag" pos="JJ">limited</wf>
<wf cmd="tag" pos="NN">number</wf>
<wf cmd="ignore" pos="IN">of</wf>
<wf cmd="tag" pos="NNS">interviews</wf>
<wf cmd="ignore" pos="IN">with</wf>
<wf cmd="tag" pos="NNS">members</wf>
<wf cmd="ignore" pos="IN">of</wf>
<wf cmd="ignore" pos="DT">the</wf>
<wf cmd="tag" pos="NN">population</wf>
<wf cmd="ignore" pos="IN">that</wf>
<wf cmd="ignore" pos="DT">the</wf>
<wf cmd="tag" pos="NN">element</wf>
<wf cmd="ignore" pos="IN">of</wf>
<wf cmd="tag" pos="NN">power</wf>
<punc>,</punc>
<wf cmd="tag" pos="RB">primarily</wf>
<wf cmd="ignore" pos="DT">the</wf>
<wf cmd="tag" pos="JJ">voluntary</wf>
<wf cmd="tag" pos="NN">influence</wf>
<wf cmd="ignore" pos="IN">of</wf>
<wf cmd="tag" pos="JJ">non-authoritative</wf>
<wf cmd="tag" pos="NN">power</wf>
<punc>,</punc>
<wf cmd="done" pos="VBZ" ot="notag">has</wf>
<wf cmd="done" pos="VBN" ot="notag">been</wf>
<wf cmd="done" pos="VB" lemma="exert" wnsn="1" lexsn="2:34:00::">exerted</wf>
<wf cmd="ignore" pos="IN">on</wf>
<wf cmd="tag" pos="NNS">actors</wf>
<wf cmd="ignore" pos="IN">in</wf>
<wf cmd="ignore" pos="DT">the</wf>
<wf cmd="tag" pos="NN">system</wf>
<punc>,</punc>
<wf cmd="tag" pos="RB">particularly</wf>
<wf cmd="ignore" pos="IN">in</wf>
<wf cmd="tag" pos="NN">regard_to</wf>
<wf cmd="tag" pos="NN">mate</wf>
<wf cmd="tag" pos="NN">selection</wf>
<punc>.</punc>
</s>
<s snum="18">
<wf cmd="ignore" pos="DT">This</wf>
<wf cmd="ignore" pos="MD">would</wf>
<wf cmd="done" pos="VB" lemma="seem" wnsn="1" lexsn="2:39:00::">seem</wf>
<wf cmd="ignore" pos="TO">to</wf>
<wf cmd="done" pos="VB" lemma="vary" wnsn="1" lexsn="2:30:01::">vary</wf>
<wf cmd="ignore" pos="IN">from</wf>
<wf cmd="tag" pos="NN">family</wf>
<wf cmd="ignore" pos="TO">to</wf>
<wf cmd="tag" pos="NN">family</wf>
<punc>,</punc>
<wf cmd="done" rdf="depend_on" pos="VB" lemma="depend_on" wnsn="1" lexsn="2:42:00::">depending</wf>
<wf cmd="tag" pos="RB">somewhat</wf>
<wf cmd="ignore" pos="IN">on</wf>
<wf cmd="ignore" pos="DT">the</wf>
<wf cmd="tag" pos="NN">core</wf>
<wf cmd="ignore" pos="CC">or</wf>
<wf cmd="tag" pos="JJ">marginal</wf>
<punc>``</punc>
<wf cmd="tag" pos="NN">status</wf>
<punc>''</punc>
<wf cmd="tag" pos="RB">of_that</wf>
<wf cmd="tag" pos="NN">family</wf>
<punc>.</punc>
</s>
<s snum="19">
<wf cmd="tag" pos="RB">Again</wf>
<punc>,</punc>
<wf cmd="tag" pos="NN">size</wf>
<wf cmd="ignore" pos="IN">of</wf>
<wf cmd="ignore" pos="DT">the</wf>
<wf cmd="tag" pos="NN">group</wf>
<wf cmd="ignore" pos="MD">may</wf>
<wf cmd="done" pos="VB" lemma="have" wnsn="1" lexsn="2:40:00::">have</wf>
<wf cmd="ignore" pos="DT">some</wf>
<wf cmd="tag" pos="NN">influence</wf>
<wf cmd="ignore" pos="IN">on</wf>
<wf cmd="ignore" pos="DT">the</wf>
<wf cmd="tag" pos="NN">strength</wf>
<wf cmd="ignore" pos="IN">of</wf>
<wf cmd="tag" pos="NN">group</wf>
<wf cmd="tag" pos="NNS">controls</wf>
<punc>.</punc>
</s>
</p>
<p pnum="6">
<s snum="20">
<wf cmd="tag" pos="NNS">Interviews</wf>
<wf cmd="ignore" pos="IN">with</wf>
<wf cmd="tag" pos="NNS">members</wf>
<wf cmd="ignore" pos="IN">of</wf>
<wf cmd="ignore" pos="DT">the</wf>
<wf cmd="tag" pos="NNP">Brandywine</wf>
<wf cmd="tag" pos="NN">population</wf>
<wf cmd="done" pos="VBD" ot="notag">were</wf>
<wf cmd="done" pos="VB" lemma="attempt" wnsn="2" lexsn="2:36:00::">attempted</wf>
<wf cmd="tag" pos="RB">in_order_to</wf>
<wf cmd="done" pos="VB" lemma="discover" wnsn="2" lexsn="2:31:01::">discover</wf>
<wf cmd="ignore" pos="DT">the</wf>
<wf cmd="tag" pos="NN">ranking</wf>
<wf cmd="ignore" pos="IN">of</wf>
<wf cmd="ignore" pos="DT">the</wf>
<wf cmd="tag" pos="JJ">various</wf>
<wf cmd="tag" pos="NNS">families</wf>
<wf cmd="ignore" pos="IN">in</wf>
<wf cmd="ignore" pos="DT">the</wf>
<wf cmd="tag" pos="NN">population</wf>
<punc>.</punc>
</s>
<s snum="21">
<wf cmd="ignore" pos="DT">The</wf>
<wf cmd="tag" pos="JJ">large</wf>
<wf cmd="tag" pos="NN">majority</wf>
<wf cmd="ignore" pos="IN">of</wf>
<wf cmd="ignore" pos="DT">the</wf>
<wf cmd="tag" pos="NNS">interviewees</wf>
<wf cmd="done" pos="VB" lemma="place" wnsn="3" lexsn="2:31:01::">placed</wf>
<wf cmd="tag" pos="NN">core</wf>
<wf cmd="tag" pos="NNS">families</wf>
<wf cmd="ignore" pos="IN">in</wf>
<wf cmd="ignore" pos="DT">the</wf>
<wf cmd="tag" pos="JJ">upper</wf>
<wf cmd="tag" pos="NNS">positions</wf>
<punc>.</punc>
</s>
<s snum="22">
<wf cmd="tag" pos="NNP">Loomis</wf>
<wf cmd="done" pos="VB" lemma="consider" wnsn="1" lexsn="2:31:00::">considers</wf>
<wf cmd="tag" pos="JJ">ranking</wf>
<wf cmd="ignore" pos="DT">a</wf>
<wf cmd="tag" pos="NN">product</wf>
<wf cmd="ignore" pos="IN">of</wf>
<wf cmd="ignore" pos="DT">the</wf>
<wf cmd="tag" pos="NN">evaluation</wf>
<wf cmd="tag" pos="NN">process</wf>
<punc>.</punc>
</s>
<s snum="23">
<punc>``</punc>
<wf cmd="ignore" pos="DT">The</wf>
<wf cmd="tag" pos="NN">standing</wf>
<wf cmd="ignore" pos="CC">or</wf>
<wf cmd="tag" pos="NN">rank</wf>
<wf cmd="ignore" pos="IN">of</wf>
<wf cmd="ignore" pos="DT">an</wf>
<wf cmd="tag" pos="NN">actor</wf>
<wf cmd="ignore" pos="IN">in</wf>
<wf cmd="ignore" pos="DT">a</wf>
<wf cmd="tag" pos="JJ">given</wf>
<wf cmd="tag" pos="NN">social_system</wf>
<wf cmd="done" pos="VBZ" ot="notag">is</wf>
<wf cmd="done" pos="VB" lemma="determine" wnsn="4" lexsn="2:32:03::">determined</wf>
<wf cmd="ignore" pos="IN">by</wf>
<wf cmd="ignore" pos="DT">the</wf>
<wf cmd="tag" pos="NN">evaluation</wf>
<wf cmd="done" pos="VB" lemma="place" wnsn="3" lexsn="2:31:01::">placed</wf>
<wf cmd="ignore" pos="IN">upon</wf>
<wf cmd="ignore" pos="DT">the</wf>
<wf cmd="tag" pos="NN">actor</wf>
<wf cmd="ignore" pos="CC">and</wf>
<wf cmd="ignore" pos="PRP$">his</wf>
<wf cmd="tag" pos="NNS">acts</wf>
<wf cmd="tag" pos="RB">in_accordance_with</wf>
<wf cmd="ignore" pos="DT">the</wf>
<wf cmd="tag" pos="NNS">norms</wf>
<wf cmd="ignore" pos="CC">and</wf>
<wf cmd="tag" pos="NNS">standards</wf>
<wf cmd="ignore" pos="IN">of</wf>
<wf cmd="ignore" pos="DT">the</wf>
<wf cmd="tag" pos="NN">system</wf>
<punc>''</punc>
<punc>.</punc>
</s>
<s snum="24">
<wf cmd="ignore" pos="IN">Despite</wf>
<wf cmd="ignore" pos="DT">the</wf>
<wf cmd="tag" pos="JJ">increasing</wf>
<wf cmd="tag" pos="NN">rate</wf>
<wf cmd="ignore" pos="IN">of</wf>
<wf cmd="tag" pos="JJ">exogamous</wf>
<wf cmd="tag" pos="NNS">marriages</wf>
<punc>,</punc>
<wf cmd="ignore" pos="DT">the</wf>
<wf cmd="tag" pos="NN">population</wf>
<wf cmd="done" pos="VBZ" ot="notag">has</wf>
<wf cmd="done" pos="VB" lemma="be" wnsn="1" lexsn="2:42:03::">been</wf>
<wf cmd="tag" pos="JJ">able</wf>
<wf cmd="done" pos="VB" ot="notag">to</wf>
<wf cmd="done" pos="VB" lemma="sustain" wnsn="4" lexsn="2:34:00::">sustain</wf>
<punc>,</punc>
<wf cmd="tag" pos="RB">at_least</wf>
<wf cmd="tag" pos="RB">to_some_degree</wf>
<punc>,</punc>
<wf cmd="ignore" pos="DT">the</wf>
<wf cmd="tag" pos="NN">consciousness</wf>
<wf cmd="ignore" pos="IN">of</wf>
<wf cmd="ignore" pos="PRP$">its</wf>
<wf cmd="tag" pos="JJ">intermediate</wf>
<wf cmd="tag" pos="NN">status</wf>
<wf cmd="ignore" pos="IN">in</wf>
<wf cmd="tag" pos="NN">society</wf>
<punc>.</punc>
</s>
<s snum="25">
<wf cmd="tag" pos="RB">To_some_extent</wf>
<wf cmd="ignore" pos="DT">the</wf>
<wf cmd="tag" pos="NN">system</wf>
<wf cmd="ignore" pos="MD">can</wf>
<wf cmd="done" pos="VB" ot="notag">be</wf>
<wf cmd="done" pos="VB" lemma="consider" wnsn="1" lexsn="2:31:00::">considered</wf>
<wf cmd="ignore" pos="DT">a</wf>
<wf cmd="ignore" pos="FW">Gemeinschaft</wf>
<wf cmd="tag" pos="RB">in_which</wf>
<punc>``</punc>
<wf cmd="tag" pos="NN">social-role</wf>
<wf cmd="tag" pos="NNS">occupancies</wf>
<wf cmd="done" pos="VBP" ot="notag">are</wf>
<wf cmd="done" pos="VB" lemma="determine" wnsn="2" lexsn="2:31:02::">determined</wf>
<wf cmd="ignore" pos="IN">by</wf>
<wf cmd="tag" pos="NN">birth</wf>
<punc>,</punc>
<wf cmd="ignore" pos="IN">by</wf>
<wf cmd="tag" pos="NNS">attributes</wf>
<wf cmd="tag" pos="JJ">such_as</wf>
<wf cmd="tag" pos="NN">sex</wf>
<wf cmd="ignore" pos="CC">or</wf>
<wf cmd="tag" pos="NN">caste</wf>
<punc>,</punc>
<wf cmd="ignore" pos="WDT">which</wf>
<wf cmd="done" pos="VB" lemma="be" wnsn="1" lexsn="2:42:03::">are</wf>
<wf cmd="tag" pos="RB">biologically</wf>
<wf cmd="ignore" pos="CC">or</wf>
<wf cmd="tag" pos="RB">socially</wf>
<wf cmd="tag" pos="JJ">immutable</wf>
<punc>''</punc>
<punc>.</punc>
</s>
<s snum="26">
<wf cmd="ignore" pos="DT">The</wf>
<wf cmd="tag" pos="NN">adherence</wf>
<wf cmd="ignore" pos="IN">of</wf>
<wf cmd="tag" pos="JJ">many</wf>
<wf cmd="ignore" pos="IN">in</wf>
<wf cmd="ignore" pos="DT">the</wf>
<wf cmd="tag" pos="NN">population</wf>
<wf cmd="ignore" pos="TO">to</wf>
<wf cmd="ignore" pos="DT">the</wf>
<wf cmd="tag" pos="NNP">Indian</wf>
<wf cmd="tag" pos="NN">background</wf>
<wf cmd="ignore" pos="IN">in</wf>
<wf cmd="ignore" pos="PRP$">their</wf>
<wf cmd="tag" pos="NN">pedigree</wf>
<punc>,</punc>
<wf cmd="ignore" pos="CC">and</wf>
<wf cmd="tag" pos="NN">emphasis</wf>
<wf cmd="ignore" pos="IN">upon</wf>
<wf cmd="ignore" pos="DT">the</wf>
<wf cmd="tag" pos="NN">fact</wf>
<wf cmd="ignore" pos="IN">that</wf>
<wf cmd="ignore" pos="PRP$">their</wf>
<wf cmd="tag" pos="NNS">ancestors</wf>
<wf cmd="done" pos="VBD" ot="notag">had</wf>
<wf cmd="tag" pos="RB">never</wf>
<wf cmd="done" pos="VB" lemma="be" wnsn="2" lexsn="2:42:06::">been</wf>
<wf cmd="tag" pos="NNS">slaves</wf>
<punc>,</punc>
<wf cmd="done" pos="VB" lemma="become" wnsn="2" lexsn="2:42:01::">becomes</wf>
<wf cmd="ignore" pos="IN">of</wf>
<wf cmd="tag" pos="JJ">prime</wf>
<wf cmd="tag" pos="NN">interest</wf>
<wf cmd="ignore" pos="IN">in</wf>
<wf cmd="done" pos="VB" lemma="determine" wnsn="1" lexsn="2:32:00::">determining</wf>
<wf cmd="ignore" pos="WRB">how</wf>
<wf cmd="tag" pos="RB">far</wf>
<wf cmd="ignore" pos="DT">these</wf>
<wf cmd="tag" pos="NNS">elements</wf>
<wf cmd="done" pos="VB" lemma="promote" wnsn="1" lexsn="2:41:01::">promote</wf>
<wf cmd="ignore" pos="DT">the</wf>
<wf cmd="tag" pos="NN">self-image</wf>
<wf cmd="ignore" pos="IN">of</wf>
<wf cmd="ignore" pos="DT">the</wf>
<wf cmd="tag" pos="JJ">intermediate</wf>
<wf cmd="tag" pos="NN">status</wf>
<wf cmd="ignore" pos="IN">of</wf>
<wf cmd="ignore" pos="DT">the</wf>
<wf cmd="tag" pos="NN">group</wf>
<wf cmd="ignore" pos="IN">in</wf>
<wf cmd="tag" pos="NN">society</wf>
<punc>.</punc>
</s>
</p>
<p pnum="7">
<s snum="27">
<wf cmd="ignore" pos="DT">The</wf>
<wf cmd="tag" pos="JJ">negative</wf>
<wf cmd="tag" pos="NNS">sanctions</wf>
<wf cmd="done" pos="VB" lemma="apply" wnsn="1" lexsn="2:34:00::">applied</wf>
<wf cmd="done" pos="VB" ot="notag">to</wf>
<wf cmd="tag" pos="NNP">core-Negro</wf>
<wf cmd="tag" pos="NNS">marriages</wf>
<wf cmd="ignore" pos="IN">for</wf>
<wf cmd="tag" pos="NN">core</wf>
<wf cmd="tag" pos="NNS">members</wf>
<wf cmd="done" pos="VB" lemma="act_as" wnsn="1" lexsn="2:42:00::">act_as</wf>
<wf cmd="tag" pos="NNS">indicators</wf>
<wf cmd="ignore" pos="IN">of</wf>
<wf cmd="tag" pos="JJ">expected</wf>
<wf cmd="tag" pos="NN">adherence</wf>
<wf cmd="ignore" pos="TO">to</wf>
<wf cmd="tag" pos="NN">group</wf>
<wf cmd="tag" pos="NNS">norms</wf>
<punc>.</punc>
</s>
<s snum="28">
<wf cmd="tag" pos="RB">However</wf>
<punc>,</punc>
<wf cmd="ignore" pos="IN">because</wf>
<wf cmd="ignore" pos="IN">of</wf>
<wf cmd="tag" pos="NNP">Church</wf>
<wf cmd="tag" pos="NNS">laws</wf>
<punc>,</punc>
<wf cmd="tag" pos="RB">lately</wf>
<wf cmd="tag" pos="RBR">more</wf>
<wf cmd="tag" pos="RB">stringently</wf>
<wf cmd="done" pos="VB" lemma="enforce" wnsn="2" lexsn="2:41:01::">enforced</wf>
<punc>,</punc>
<wf cmd="ignore" pos="WDT">which</wf>
<wf cmd="done" pos="VB" lemma="forbid" wnsn="1" lexsn="2:32:00::">forbid</wf>
<wf cmd="ignore" pos="DT">the</wf>
<wf cmd="tag" pos="NN">marriage</wf>
<wf cmd="ignore" pos="IN">of</wf>
<wf cmd="tag" pos="NNS">cousins</wf>
<wf cmd="tag" pos="RB">closely</wf>
<wf cmd="tag" pos="JJ">related</wf>
<wf cmd="tag" pos="RB">consanguineously</wf>
<punc>,</punc>
<wf cmd="ignore" pos="DT">a</wf>
<wf cmd="tag" pos="NN">means</wf>
<wf cmd="ignore" pos="IN">of</wf>
<wf cmd="done" pos="VB" lemma="facilitate" wnsn="1" lexsn="2:30:00::">facilitating</wf>
<wf cmd="ignore" pos="DT">the</wf>
<wf cmd="tag" pos="NN">goal</wf>
<wf cmd="ignore" pos="IN">of</wf>
<wf cmd="tag" pos="JJ">in-group</wf>
<wf cmd="tag" pos="NNS">relations</wf>
<wf cmd="ignore" pos="MD">may</wf>
<wf cmd="done" pos="VB" lemma="be" wnsn="2" lexsn="2:42:06::">be</wf>
<wf cmd="ignore" pos="IN">that</wf>
<wf cmd="ignore" pos="IN">of</wf>
<wf cmd="tag" pos="NN">recourse</wf>
<wf cmd="ignore" pos="TO">to</wf>
<wf cmd="tag" pos="JJ">illegitimate</wf>
<wf cmd="tag" pos="NNS">unions</wf>
<punc>.</punc>
</s>
<s snum="29">
<wf cmd="ignore" pos="DT">A</wf>
<wf cmd="tag" pos="JJ">cursory</wf>
<wf cmd="tag" pos="NN">survey</wf>
<wf cmd="ignore" pos="IN">of</wf>
<wf cmd="tag" pos="JJ">available</wf>
<wf cmd="tag" pos="NN">material</wf>
<wf cmd="done" pos="VB" lemma="indicate" wnsn="2" lexsn="2:32:03::">indicates</wf>
<wf cmd="ignore" pos="DT">a</wf>
<wf cmd="tag" pos="JJ">high</wf>
<wf cmd="tag" pos="NN">rate</wf>
<wf cmd="ignore" pos="IN">of</wf>
<wf cmd="tag" pos="JJ">illegitimate</wf>
<wf cmd="tag" pos="NNS">births</wf>
<wf cmd="done" pos="VB" lemma="occur" wnsn="1" lexsn="2:30:00::">occurring</wf>
<wf cmd="ignore" pos="TO">to</wf>
<wf cmd="tag" pos="NNS">parents</wf>
<wf cmd="ignore" pos="WP">who</wf>
<wf cmd="done" pos="VB" lemma="have" wnsn="1" lexsn="2:40:00::">have</wf>
<wf cmd="ignore" pos="DT">a</wf>
<wf cmd="tag" pos="NN">close</wf>
<wf cmd="tag" pos="JJ">consanguineous</wf>
<wf cmd="tag" pos="NN">relationship</wf>
<punc>.</punc>
</s>
</p>
<p pnum="8">
<s snum="30">
<wf cmd="ignore" pos="DT">The</wf>
<wf cmd="tag" pos="JJ">comprehensive</wf>
<wf cmd="ignore" pos="CC">or</wf>
<wf cmd="tag" pos="NN">master</wf>
<wf cmd="tag" pos="NNS">processes</wf>
<wf cmd="done" pos="VB" lemma="activate" wnsn="2" lexsn="2:30:00::">activate</wf>
<wf cmd="ignore" pos="DT">all</wf>
<wf cmd="ignore" pos="CC">or</wf>
<wf cmd="ignore" pos="DT">some</wf>
<wf cmd="ignore" pos="IN">of</wf>
<wf cmd="ignore" pos="DT">the</wf>
<wf cmd="tag" pos="NNS">elements</wf>
<wf cmd="ignore" pos="IN">within</wf>
<wf cmd="ignore" pos="DT">the</wf>
<wf cmd="tag" pos="NN">social_system</wf>
<wf cmd="ignore" pos="CC">and</wf>
<wf cmd="tag" pos="NNS">subsystems</wf>
<punc>.</punc>
</s>
<s snum="31">
<wf cmd="ignore" pos="IN">Within</wf>
<wf cmd="ignore" pos="DT">the</wf>
<wf cmd="tag" pos="JJR">larger</wf>
<wf cmd="tag" pos="NN">social_system</wf>
<wf cmd="done" pos="VB" lemma="be" wnsn="3" lexsn="2:42:05::">are</wf>
<wf cmd="ignore" pos="DT">the</wf>
<wf cmd="tag" pos="JJ">structural</wf>
<wf cmd="ignore" pos="CC">and</wf>
<wf cmd="tag" pos="JJ">functional</wf>
<wf cmd="tag" pos="NNS">subsystems</wf>
<punc>.</punc>
</s>
<s snum="32">
<wf cmd="ignore" pos="DT">The</wf>
<wf cmd="tag" pos="JJ">structural</wf>
<wf cmd="tag" pos="NN">subsystem</wf>
<punc>,</punc>
<wf cmd="done" pos="VB" lemma="consist_of" wnsn="0" lexsn="2:42:00::">consisting_of</wf>
<wf cmd="tag" pos="RB">relatively</wf>
<wf cmd="tag" pos="JJ">stable</wf>
<wf cmd="tag" pos="NNS">inter-relationships</wf>
<wf cmd="ignore" pos="IN">among</wf>
<wf cmd="ignore" pos="PRP$">its</wf>
<wf cmd="tag" pos="NNS">parts</wf>
<punc>,</punc>
<wf cmd="done" pos="VB" lemma="include" wnsn="1" lexsn="2:42:00::">includes</wf>
<punc>.</punc>
</s>
</p>
<p pnum="9">
<s snum="33">
<wf cmd="tag" pos="NNS">Subgroups</wf>
<wf cmd="ignore" pos="IN">of</wf>
<wf cmd="tag" pos="JJ">various</wf>
<wf cmd="tag" pos="NNS">types</wf>
<punc>,</punc>
<wf cmd="done" pos="VB" lemma="interconnect" wnsn="1" lexsn="2:42:00::">interconnected</wf>
<wf cmd="ignore" pos="IN">by</wf>
<wf cmd="tag" pos="JJ">relational</wf>
<wf cmd="tag" pos="NNS">norms</wf>
<punc>.</punc>
</s>
</p>
<p pnum="10">
<s snum="34">
<wf cmd="tag" pos="NNS">Roles</wf>
<wf cmd="ignore" pos="IN">of</wf>
<wf cmd="tag" pos="JJ">various</wf>
<wf cmd="tag" pos="NNS">types</wf>
<punc>,</punc>
<wf cmd="ignore" pos="IN">within</wf>
<wf cmd="ignore" pos="DT">the</wf>
<wf cmd="tag" pos="JJR">larger</wf>
<wf cmd="tag" pos="NN">system</wf>
<wf cmd="ignore" pos="CC">and</wf>
<wf cmd="ignore" pos="IN">within</wf>
<wf cmd="ignore" pos="DT">the</wf>
<wf cmd="tag" pos="NNS">subgroups</wf>
<punc>.</punc>
</s>
</p>
<p pnum="11">
<s snum="35">
<wf cmd="tag" pos="JJ">Regulative</wf>
<wf cmd="tag" pos="NNS">norms</wf>
<wf cmd="done" pos="VB" lemma="govern" wnsn="2" lexsn="2:41:01::">governing</wf>
<wf cmd="tag" pos="NNS">subgroups</wf>
<wf cmd="ignore" pos="CC">and</wf>
<wf cmd="tag" pos="NNS">roles</wf>
<punc>.</punc>
</s>
</p>
<p pnum="12">
<s snum="36">
<wf cmd="tag" pos="NNP">Cultural</wf>
<wf cmd="tag" pos="NNS">values</wf>
<punc>.</punc>
</s>
</p>
<p pnum="13">
<s snum="37">
<wf cmd="ignore" pos="IN">In</wf>
<wf cmd="ignore" pos="DT">the</wf>
<wf cmd="tag" pos="NN">study</wf>
<wf cmd="ignore" pos="IN">of</wf>
<wf cmd="tag" pos="NN">marriage</wf>
<wf cmd="tag" pos="NNS">patterns</wf>
<wf cmd="ignore" pos="IN">for</wf>
<wf cmd="ignore" pos="DT">this</wf>
<wf cmd="tag" pos="NN">group</wf>
<punc>,</punc>
<wf cmd="tag" pos="NN">consanguinity</wf>
<wf cmd="done" pos="VB" lemma="produce" wnsn="3" lexsn="2:36:03::">produces</wf>
<wf cmd="ignore" pos="DT">the</wf>
<wf cmd="tag" pos="JJ">structural</wf>
<wf cmd="tag" pos="NN">system</wf>
<punc>-</punc>
<wf cmd="ignore" pos="DT">a</wf>
<wf cmd="tag" pos="NN">system</wf>
<wf cmd="ignore" pos="IN">of</wf>
<wf cmd="tag" pos="NNS">affinities</wf>
<punc>-</punc>
<wf cmd="ignore" pos="WDT">which</wf>
<punc>,</punc>
<wf cmd="tag" pos="RB">in_turn</wf>
<punc>,</punc>
<wf cmd="done" pos="VB" lemma="maintain" wnsn="2" lexsn="2:40:00::">maintains</wf>
<wf cmd="ignore" pos="DT">the</wf>
<wf cmd="tag" pos="NN">system</wf>
<wf cmd="ignore" pos="IN">of</wf>
<wf cmd="tag" pos="NN">consanguinity</wf>
<punc>.</punc>
</s>
<s snum="38">
<wf cmd="tag" pos="NNS">Subgroups</wf>
<wf cmd="ignore" pos="IN">of</wf>
<wf cmd="tag" pos="JJ">various</wf>
<wf cmd="tag" pos="NNS">types</wf>
<wf cmd="done" pos="VBP" ot="notag">have</wf>
<wf cmd="done" pos="VB" ot="notag">been</wf>
<wf cmd="done" pos="VB" lemma="find" wnsn="2" lexsn="2:39:02::">found</wf>
<wf cmd="ignore" pos="IN">within</wf>
<wf cmd="ignore" pos="DT">this</wf>
<wf cmd="tag" pos="NN">system</wf>
<punc>.</punc>
</s>
<s snum="39">
<wf cmd="ignore" pos="DT">Each</wf>
<wf cmd="tag" pos="NN">family_line</wf>
<wf cmd="ignore" pos="MD">can</wf>
<wf cmd="done" pos="VB" ot="notag">be</wf>
<wf cmd="done" pos="VB" lemma="consider" wnsn="1" lexsn="2:31:00::">considered</wf>
<wf cmd="ignore" pos="DT">a</wf>
<wf cmd="tag" pos="NN">substructure</wf>
<punc>.</punc>
</s>
<s snum="40">
<wf cmd="ignore" pos="EX">There</wf>
<wf cmd="done" pos="VB" lemma="seem" wnsn="1" lexsn="2:39:00::">seems</wf>
<wf cmd="ignore" pos="TO">to</wf>
<wf cmd="done" pos="VB" ot="notag">be</wf>
<wf cmd="ignore" pos="DT">an</wf>
<wf cmd="tag" pos="JJ">implied</wf>
<wf cmd="tag" pos="JJ">cultural</wf>
<wf cmd="tag" pos="NN">value</wf>
<wf cmd="done" pos="VB" lemma="attach_to" wnsn="1" lexsn="2:42:01::">attached_to</wf>
<wf cmd="ignore" pos="DT">the</wf>
<wf cmd="tag" pos="NN">fact</wf>
<wf cmd="ignore" pos="IN">of</wf>
<wf cmd="tag" pos="NN">core</wf>
<wf cmd="tag" pos="NN">status</wf>
<wf cmd="ignore" pos="IN">within</wf>
<wf cmd="ignore" pos="DT">the</wf>
<wf cmd="tag" pos="NN">group</wf>
<punc>.</punc>
</s>
<s snum="41">
<wf cmd="tag" pos="RB">Additionally</wf>
<punc>,</punc>
<wf cmd="ignore" pos="DT">the</wf>
<wf cmd="tag" pos="NN">proscription</wf>
<wf cmd="ignore" pos="IN">of</wf>
<wf cmd="tag" pos="NNP">core-Negro</wf>
<wf cmd="tag" pos="NNS">marriages</wf>
<wf cmd="ignore" pos="IN">for</wf>
<wf cmd="tag" pos="NN">core</wf>
<wf cmd="tag" pos="NNS">families</wf>
<punc>,</punc>
<wf cmd="done" pos="VB" lemma="discuss" wnsn="1" lexsn="2:32:01::">discussed</wf>
<wf cmd="tag" pos="RB">above</wf>
<punc>,</punc>
<wf cmd="ignore" pos="MD">would</wf>
<wf cmd="done" pos="VB" lemma="seem" wnsn="1" lexsn="2:39:00::">seem</wf>
<wf cmd="ignore" pos="TO">to</wf>
<wf cmd="done" pos="VB" lemma="act_as" wnsn="1" lexsn="2:42:00::">act_as</wf>
<wf cmd="ignore" pos="DT">a</wf>
<wf cmd="tag" pos="JJ">regulative</wf>
<wf cmd="tag" pos="NN">norm</wf>
<wf cmd="done" pos="VB" lemma="govern" wnsn="2" lexsn="2:41:01::">governing</wf>
<wf cmd="tag" pos="NNS">subgroups</wf>
<wf cmd="ignore" pos="CC">and</wf>
<wf cmd="tag" pos="NNS">roles</wf>
<punc>.</punc>
</s>
<s snum="42">
<wf cmd="ignore" pos="DT">The</wf>
<wf cmd="tag" pos="NN">scope</wf>
<wf cmd="tag" pos="RB">of_this</wf>
<wf cmd="tag" pos="NN">study</wf>
<wf cmd="done" pos="VBZ" ot="notag">does</wf>
<wf cmd="tag" pos="RB">not</wf>
<wf cmd="done" pos="VB" lemma="provide_for" wnsn="0" lexsn="2:42:01::">provide_for</wf>
<wf cmd="ignore" pos="DT">the</wf>
<wf cmd="tag" pos="NN">study</wf>
<wf cmd="ignore" pos="IN">of</wf>
<wf cmd="tag" pos="NNS">roles</wf>
<wf cmd="ignore" pos="IN">of</wf>
<wf cmd="tag" pos="JJ">various</wf>
<wf cmd="tag" pos="NNS">types</wf>
<wf cmd="ignore" pos="IN">within</wf>
<wf cmd="ignore" pos="DT">the</wf>
<wf cmd="tag" pos="JJR">larger</wf>
<wf cmd="tag" pos="NN">system</wf>
<wf cmd="ignore" pos="CC">or</wf>
<wf cmd="ignore" pos="IN">within</wf>
<wf cmd="ignore" pos="DT">the</wf>
<wf cmd="tag" pos="NNS">subgroups</wf>
<punc>.</punc>
</s>
<s snum="43">
<wf cmd="tag" pos="RB">However</wf>
<punc>,</punc>
<wf cmd="ignore" pos="PRP">it</wf>
<wf cmd="ignore" pos="MD">cannot</wf>
<wf cmd="done" pos="VB" ot="notag">be</wf>
<wf cmd="done" pos="VB" lemma="presume" wnsn="1" lexsn="2:31:00::">presumed</wf>
<punc>,</punc>
<wf cmd="tag" pos="JJ">informal</wf>
<wf cmd="ignore" pos="IN">though</wf>
<wf cmd="ignore" pos="DT">the</wf>
<wf cmd="tag" pos="NN">structure</wf>
<wf cmd="ignore" pos="IN">of</wf>
<wf cmd="ignore" pos="DT">the</wf>
<wf cmd="tag" pos="NN">population</wf>
<wf cmd="done" pos="VB" lemma="seem" wnsn="2" lexsn="2:39:01::">seems</wf>
<punc>,</punc>
<wf cmd="ignore" pos="IN">that</wf>
<wf cmd="ignore" pos="EX">there</wf>
<wf cmd="done" pos="VB" ot="notag">are</wf>
<wf cmd="tag" pos="RB">not</wf>
<wf cmd="tag" pos="JJ">well-defined</wf>
<wf cmd="tag" pos="NNS">roles</wf>
<wf cmd="ignore" pos="IN">within</wf>
<wf cmd="ignore" pos="DT">the</wf>
<wf cmd="tag" pos="NN">system</wf>
<punc>.</punc>
</s>
</p>
<p pnum="14">
<s snum="44">
<wf cmd="ignore" pos="DT">The</wf>
<wf cmd="tag" pos="JJ">present</wf>
<wf cmd="tag" pos="NN">study</wf>
<wf cmd="done" pos="VB" lemma="relate" wnsn="2" lexsn="2:42:00::">relates</wf>
<wf cmd="done" pos="VB" ot="notag">to</wf>
<wf cmd="ignore" pos="DT">the</wf>
<wf cmd="tag" pos="NN">theory</wf>
<wf cmd="ignore" pos="IN">of</wf>
<wf cmd="tag" pos="JJ">functional</wf>
<wf cmd="tag" pos="NNS">systems</wf>
<punc>.</punc>
</s>
<s snum="45">
<wf cmd="ignore" pos="PRP">It</wf>
<wf cmd="done" pos="VBZ" ot="notag">is</wf>
<wf cmd="done" pos="VB" lemma="hypothesize" wnsn="1" lexsn="2:31:00::">hypothesized</wf>
<wf cmd="ignore" pos="IN">that</wf>
<wf cmd="tag" pos="NN">fertility</wf>
<wf cmd="done" pos="VB" lemma="be" wnsn="2" lexsn="2:42:06::">is</wf>
<wf cmd="ignore" pos="DT">a</wf>
<wf cmd="tag" pos="NN">function</wf>
<wf cmd="ignore" pos="IN">of</wf>
<wf cmd="ignore" pos="DT">the</wf>
<wf cmd="tag" pos="NN">social_system</wf>
<wf cmd="ignore" pos="WRB">when</wf>
<wf cmd="ignore" pos="DT">the</wf>
<wf cmd="tag" pos="NN">population</wf>
<wf cmd="tag" pos="RB">as_a_whole</wf>
<wf cmd="done" pos="VBZ" ot="notag">is</wf>
<wf cmd="done" pos="VB" lemma="consider" wnsn="2" lexsn="2:39:00::">considered</wf>
<wf cmd="ignore" pos="CC">and</wf>
<wf cmd="ignore" pos="DT">a</wf>
<wf cmd="tag" pos="NN">function</wf>
<wf cmd="ignore" pos="IN">of</wf>
<wf cmd="ignore" pos="DT">the</wf>
<wf cmd="tag" pos="NNS">subsystems</wf>
<wf cmd="ignore" pos="WRB">when</wf>
<wf cmd="ignore" pos="DT">the</wf>
<wf cmd="tag" pos="JJ">two-fold</wf>
<wf cmd="tag" pos="NN">division</wf>
<wf cmd="ignore" pos="IN">of</wf>
<wf cmd="tag" pos="NN">core</wf>
<wf cmd="tag" pos="NNS">families</wf>
<wf cmd="ignore" pos="CC">and</wf>
<wf cmd="tag" pos="JJ">marginal</wf>
<wf cmd="tag" pos="NNS">families</wf>
<wf cmd="done" pos="VBZ" ot="notag">is</wf>
<wf cmd="done" pos="VB" lemma="consider" wnsn="2" lexsn="2:39:00::">considered</wf>
<punc>.</punc>
</s>
<s snum="46">
<wf cmd="ignore" pos="DT">The</wf>
<wf cmd="tag" pos="CD">four</wf>
<wf cmd="tag" pos="JJ">functional</wf>
<wf cmd="tag" pos="NNS">problems</wf>
<wf cmd="ignore" pos="IN">of</wf>
<wf cmd="ignore" pos="DT">a</wf>
<wf cmd="tag" pos="NN">social_system</wf>
<wf cmd="done" pos="VBP" ot="notag">are</wf>
<punc>,</punc>
<wf cmd="tag" pos="RB">to_some_extent</wf>
<punc>,</punc>
<wf cmd="done" pos="VB" lemma="solve" wnsn="1" lexsn="2:31:00::">solved</wf>
<wf cmd="ignore" pos="IN">by</wf>
<wf cmd="ignore" pos="DT">the</wf>
<wf cmd="tag" pos="NNS">subsystems</wf>
<wf cmd="ignore" pos="IN">within</wf>
<wf cmd="ignore" pos="DT">this</wf>
<wf cmd="tag" pos="NN">population</wf>
<punc>.</punc>
</s>
<s snum="47">
<wf cmd="ignore" pos="IN">By</wf>
<wf cmd="tag" pos="NN">means</wf>
<wf cmd="ignore" pos="IN">of</wf>
<wf cmd="tag" pos="JJ">geographical</wf>
<wf cmd="tag" pos="NN">isolation</wf>
<wf cmd="ignore" pos="CC">and</wf>
<wf cmd="tag" pos="JJ">high</wf>
<wf cmd="tag" pos="NN">fertility_rates</wf>
<punc>,</punc>
<wf cmd="tag" pos="NN">inbreeding</wf>
<wf cmd="ignore" pos="MD">can</wf>
<wf cmd="done" pos="VB" ot="notag">be</wf>
<wf cmd="done" pos="VB" lemma="foster" wnsn="1" lexsn="2:41:00::">fostered</wf>
<wf cmd="ignore" pos="CC">and</wf>
<wf cmd="ignore" pos="DT">the</wf>
<wf cmd="tag" pos="NN">pattern</wf>
<wf cmd="ignore" pos="IN">of</wf>
<wf cmd="tag" pos="NN">isolation</wf>
<wf cmd="ignore" pos="IN">from</wf>
<wf cmd="ignore" pos="DT">the</wf>
<wf cmd="tag" pos="JJR">greater</wf>
<wf cmd="tag" pos="NN">society</wf>
<wf cmd="done" pos="VB" lemma="maintain" wnsn="2" lexsn="2:40:00::">maintained</wf>
<punc>.</punc>
</s>
<s snum="48">
<wf cmd="tag" pos="RB">In_order_to</wf>
<wf cmd="done" pos="VB" lemma="attain" wnsn="1" lexsn="2:41:00::">attain</wf>
<wf cmd="ignore" pos="DT">the</wf>
<wf cmd="tag" pos="NN">goal</wf>
<wf cmd="ignore" pos="IN">of</wf>
<wf cmd="tag" pos="NN">group</wf>
<wf cmd="tag" pos="NN">solidarity</wf>
<wf cmd="ignore" pos="CC">and</wf>
<wf cmd="ignore" pos="TO">to</wf>
<wf cmd="done" pos="VB" lemma="relieve" wnsn="1" lexsn="2:29:00::">relieve</wf>
<wf cmd="tag" pos="NN">tension</wf>
<punc>,</punc>
<wf cmd="ignore" pos="DT">the</wf>
<wf cmd="tag" pos="JJ">high</wf>
<wf cmd="tag" pos="NN">fertility_rate</wf>
<wf cmd="done" pos="VB" lemma="provide" wnsn="1" lexsn="2:40:00::">provides</wf>
<wf cmd="tag" pos="JJR">more</wf>
<wf cmd="tag" pos="NN">group</wf>
<wf cmd="tag" pos="NNS">members</wf>
<wf cmd="ignore" pos="IN">for</wf>
<wf cmd="tag" pos="NN">mate</wf>
<wf cmd="tag" pos="NN">selection</wf>
<punc>,</punc>
<wf cmd="ignore" pos="CC">and</wf>
<wf cmd="ignore" pos="DT">the</wf>
<wf cmd="tag" pos="NN">clustering</wf>
<wf cmd="ignore" pos="IN">of</wf>
<wf cmd="tag" pos="NNS">members</wf>
<wf cmd="ignore" pos="IN">in</wf>
<wf cmd="tag" pos="NNS">groups</wf>
<wf cmd="done" pos="VB" lemma="foster" wnsn="1" lexsn="2:41:00::">fosters</wf>
<wf cmd="tag" pos="NN">acceptance</wf>
<wf cmd="ignore" pos="IN">of</wf>
<wf cmd="tag" pos="NN">group</wf>
<wf cmd="tag" pos="NNS">controls</wf>
<punc>.</punc>
</s>
<s snum="49">
<wf cmd="ignore" pos="TO">To</wf>
<wf cmd="done" pos="VB" lemma="maintain" wnsn="2" lexsn="2:40:00::">maintain</wf>
<wf cmd="ignore" pos="PRP$">their</wf>
<wf cmd="tag" pos="JJ">intermediate</wf>
<wf cmd="tag" pos="NN">position</wf>
<wf cmd="ignore" pos="IN">in</wf>
<wf cmd="ignore" pos="DT">the</wf>
<wf cmd="tag" pos="JJR">larger</wf>
<wf cmd="tag" pos="NN">society</wf>
<punc>,</punc>
<wf cmd="ignore" pos="PRP">it</wf>
<wf cmd="done" pos="VB" lemma="be" wnsn="1" lexsn="2:42:03::">is</wf>
<wf cmd="tag" pos="RB">not_only</wf>
<wf cmd="tag" pos="JJ">necessary</wf>
<wf cmd="ignore" pos="IN">that</wf>
<wf cmd="tag" pos="NNS">members</wf>
<wf cmd="tag" pos="RB">of_this</wf>
<wf cmd="tag" pos="NN">population</wf>
<wf cmd="done" pos="VB" lemma="be" wnsn="1" lexsn="2:42:03::">be</wf>
<punc>``</punc>
<wf cmd="tag" pos="JJ">visible</wf>
<punc>''</punc>
<punc>,</punc>
<wf cmd="ignore" pos="CC">but</wf>
<wf cmd="ignore" pos="IN">that</wf>
<wf cmd="ignore" pos="PRP$">their</wf>
<wf cmd="tag" pos="NNS">numbers</wf>
<wf cmd="done" pos="VB" lemma="be" wnsn="1" lexsn="2:42:03::">be</wf>
<wf cmd="tag" pos="JJ">great</wf>
<wf cmd="tag" pos="RB">enough</wf>
<wf cmd="ignore" pos="TO">to</wf>
<wf cmd="done" pos="VB" ot="notag">be</wf>
<wf cmd="done" pos="VB" lemma="recognize" wnsn="1" lexsn="2:31:02::">recognized</wf>
<wf cmd="ignore" pos="IN">as</wf>
<wf cmd="ignore" pos="DT">a</wf>
<wf cmd="tag" pos="JJ">separate</wf>
<punc>,</punc>
<wf cmd="tag" pos="JJ">distinct</wf>
<wf cmd="tag" pos="NN">grouping</wf>
<wf cmd="ignore" pos="CC">or</wf>
<wf cmd="tag" pos="NN">system</wf>
<wf cmd="ignore" pos="IN">in</wf>
<wf cmd="tag" pos="NN">society</wf>
<punc>.</punc>
</s>
<s snum="50">
<wf cmd="ignore" pos="IN">As</wf>
<wf cmd="done" pos="VB" lemma="mention" wnsn="1" lexsn="2:32:02::">mentioned</wf>
<wf cmd="tag" pos="RB">above</wf>
<punc>,</punc>
<wf cmd="ignore" pos="WRB">where</wf>
<wf cmd="tag" pos="NNS">families</wf>
<wf cmd="done" pos="VBP" ot="notag">are</wf>
<wf cmd="done" pos="VB" lemma="concentrate" wnsn="3" lexsn="2:30:02::">concentrated</wf>
<wf cmd="ignore" pos="IN">in</wf>
<wf cmd="tag" pos="JJR">larger</wf>
<wf cmd="tag" pos="NNS">numbers</wf>
<punc>,</punc>
<wf cmd="tag" pos="NN">group</wf>
<wf cmd="tag" pos="NNS">controls</wf>
<wf cmd="done" pos="VB" lemma="seem" wnsn="1" lexsn="2:39:00::">seem</wf>
<wf cmd="tag" pos="JJS">strongest</wf>
<wf cmd="ignore" pos="CC">and</wf>
<wf cmd="tag" pos="RBS">most</wf>
<wf cmd="tag" pos="JJ">effective</wf>
<punc>.</punc>
</s>
<s snum="51">
<wf cmd="tag" pos="NN">Adaptation</wf>
<wf cmd="ignore" pos="TO">to</wf>
<wf cmd="ignore" pos="DT">the</wf>
<wf cmd="tag" pos="JJ">social</wf>
<wf cmd="ignore" pos="CC">and</wf>
<wf cmd="tag" pos="JJ">non-social</wf>
<wf cmd="tag" pos="NN">environment</wf>
<wf cmd="ignore" pos="IN">through</wf>
<wf cmd="ignore" pos="DT">the</wf>
<wf cmd="tag" pos="NN">economy</wf>
<wf cmd="done" pos="VBZ" ot="notag">has</wf>
<wf cmd="done" pos="VBN" ot="notag">been</wf>
<wf cmd="done" pos="VB" lemma="meet" wnsn="4" lexsn="2:34:00::">met</wf>
<wf cmd="ignore" pos="TO">to</wf>
<wf cmd="ignore" pos="DT">a</wf>
<wf cmd="tag" pos="NN">degree</wf>
<wf cmd="ignore" pos="IN">through</wf>
<wf cmd="ignore" pos="DT">a</wf>
<wf cmd="tag" pos="NN">type</wf>
<wf cmd="ignore" pos="IN">of</wf>
<wf cmd="tag" pos="JJ">occupational</wf>
<wf cmd="tag" pos="NN">segregation</wf>
<punc>.</punc>
</s>
<s snum="52">
<wf cmd="ignore" pos="DT">This</wf>
<wf cmd="done" pos="VB" lemma="provide" wnsn="1" lexsn="2:40:00::">provides</wf>
<wf cmd="ignore" pos="DT">the</wf>
<wf cmd="tag" pos="JJ">necessary</wf>
<wf cmd="tag" pos="NN">contact</wf>
<wf cmd="ignore" pos="IN">with</wf>
<wf cmd="ignore" pos="DT">the</wf>
<wf cmd="tag" pos="JJR">larger</wf>
<wf cmd="tag" pos="NN">society</wf>
<punc>,</punc>
<wf cmd="ignore" pos="IN">while</wf>
<wf cmd="done" pos="VB" lemma="support" wnsn="4" lexsn="2:35:00::">supporting</wf>
<wf cmd="ignore" pos="DT">a</wf>
<wf cmd="tag" pos="NN">type</wf>
<wf cmd="ignore" pos="IN">of</wf>
<wf cmd="tag" pos="NN">control</wf>
<wf cmd="ignore" pos="IN">over</wf>
<wf cmd="tag" pos="NNS">members</wf>
<wf cmd="tag" pos="JJ">in_terms_of</wf>
<wf cmd="tag" pos="JJ">social</wf>
<wf cmd="tag" pos="NNS">contacts</wf>
<punc>.</punc>
</s>
</p>
<p pnum="15">
<s snum="53">
<wf cmd="tag" pos="NN">Integration</wf>
<punc>``</punc>
<wf cmd="done" pos="VB" lemma="have" wnsn="10" lexsn="2:42:12::">has</wf>
<wf cmd="done" pos="VB" ot="notag">to</wf>
<wf cmd="done" pos="VB" lemma="do" wnsn="4" lexsn="2:42:00::">do</wf>
<wf cmd="done" pos="VB" ot="notag">with</wf>
<wf cmd="ignore" pos="DT">the</wf>
<wf cmd="tag" pos="NN">inter-relation</wf>
<wf cmd="ignore" pos="IN">of</wf>
<wf cmd="tag" pos="NNS">parts</wf>
<punc>''</punc>
<punc>.</punc>
</s>
<s snum="54">
<wf cmd="ignore" pos="DT">The</wf>
<wf cmd="tag" pos="NN">problem</wf>
<wf cmd="ignore" pos="IN">of</wf>
<wf cmd="tag" pos="NN">solidarity</wf>
<wf cmd="ignore" pos="CC">and</wf>
<wf cmd="tag" pos="NN">morale</wf>
<wf cmd="tag" pos="RB">again</wf>
<wf cmd="done" pos="VB" lemma="involve" wnsn="1" lexsn="2:42:01::">involves</wf>
<wf cmd="ignore" pos="DT">the</wf>
<wf cmd="tag" pos="NN">concept</wf>
<wf cmd="ignore" pos="IN">of</wf>
<wf cmd="tag" pos="NNS">values</wf>
<punc>.</punc>
</s>
<s snum="55">
<wf cmd="ignore" pos="DT">The</wf>
<wf cmd="tag" pos="NNS">values</wf>
<wf cmd="done" pos="VB" lemma="place" wnsn="1" lexsn="2:35:00::">placed</wf>
<wf cmd="ignore" pos="IN">by</wf>
<wf cmd="ignore" pos="DT">the</wf>
<wf cmd="tag" pos="NNP">Brandywine</wf>
<wf cmd="tag" pos="NN">population</wf>
<punc>,</punc>
<wf cmd="ignore" pos="IN">upon</wf>
<wf cmd="done" pos="VB" lemma="maintain" wnsn="2" lexsn="2:40:00::">maintaining</wf>
<wf cmd="ignore" pos="DT">a</wf>
<wf cmd="tag" pos="JJ">certain</wf>
<wf cmd="tag" pos="NN">homogeneity</wf>
<punc>,</punc>
<wf cmd="ignore" pos="DT">a</wf>
<wf cmd="tag" pos="JJ">certain</wf>
<wf cmd="tag" pos="JJ">separate</wf>
<wf cmd="tag" pos="JJ">racial</wf>
<wf cmd="tag" pos="NN">identity</wf>
<punc>,</punc>
<wf cmd="ignore" pos="CC">and</wf>
<wf cmd="tag" pos="RB">therefore</wf>
<wf cmd="ignore" pos="DT">a</wf>
<wf cmd="tag" pos="JJ">certain</wf>
<wf cmd="tag" pos="JJ">separate</wf>
<wf cmd="tag" pos="NN">social_status</wf>
<punc>,</punc>
<wf cmd="done" pos="VB" lemma="be" wnsn="1" lexsn="2:42:03::">are</wf>
<wf cmd="tag" pos="JJ">important</wf>
<wf cmd="ignore" pos="IN">for</wf>
<wf cmd="ignore" pos="DT">the</wf>
<wf cmd="tag" pos="NN">morale</wf>
<wf cmd="ignore" pos="IN">of</wf>
<wf cmd="ignore" pos="DT">the</wf>
<wf cmd="tag" pos="NN">system</wf>
<punc>.</punc>
</s>
<s snum="56">
<wf cmd="ignore" pos="IN">Since</wf>
<wf cmd="tag" pos="NN">morale</wf>
<wf cmd="done" pos="VBZ" ot="notag">is</wf>
<wf cmd="tag" pos="RB">closely</wf>
<wf cmd="done" pos="VB" lemma="relate" wnsn="4" lexsn="2:42:01::">related</wf>
<wf cmd="done" pos="VB" ot="notag">to</wf>
<wf cmd="tag" pos="NN">pattern</wf>
<wf cmd="tag" pos="NN">maintenance</wf>
<wf cmd="ignore" pos="CC">and</wf>
<wf cmd="tag" pos="NN">integration</wf>
<punc>,</punc>
<wf cmd="ignore" pos="DT">the</wf>
<wf cmd="tag" pos="RBR">higher</wf>
<wf cmd="ignore" pos="DT">the</wf>
<wf cmd="tag" pos="NN">morale</wf>
<wf cmd="ignore" pos="CC">and</wf>
<wf cmd="tag" pos="NN">solidarity</wf>
<punc>,</punc>
<wf cmd="ignore" pos="DT">the</wf>
<wf cmd="tag" pos="RBR">better</wf>
<wf cmd="ignore" pos="DT">the</wf>
<wf cmd="tag" pos="NN">system</wf>
<wf cmd="ignore" pos="MD">can</wf>
<wf cmd="done" pos="VB" lemma="solve" wnsn="1" lexsn="2:31:00::">solve</wf>
<wf cmd="ignore" pos="DT">the</wf>
<wf cmd="tag" pos="NNS">problems</wf>
<wf cmd="ignore" pos="IN">of</wf>
<wf cmd="ignore" pos="DT">the</wf>
<wf cmd="tag" pos="NN">system</wf>
<punc>.</punc>
</s>
<s snum="57">
<wf cmd="tag" pos="RB">In_this</wf>
<wf cmd="tag" pos="NN">respect</wf>
<wf cmd="ignore" pos="PRP">it</wf>
<wf cmd="ignore" pos="MD">would</wf>
<wf cmd="done" pos="VB" lemma="seem" wnsn="2" lexsn="2:39:01::">seem</wf>
<wf cmd="ignore" pos="IN">that</wf>
<wf cmd="ignore" pos="DT">the</wf>
<wf cmd="tag" pos="RBR">greater</wf>
<wf cmd="ignore" pos="DT">the</wf>
<wf cmd="tag" pos="JJ">social</wf>
<wf cmd="tag" pos="NN">distance</wf>
<wf cmd="ignore" pos="IN">between</wf>
<wf cmd="ignore" pos="DT">the</wf>
<wf cmd="tag" pos="NNP">Brandywine</wf>
<wf cmd="tag" pos="NN">population</wf>
<wf cmd="ignore" pos="CC">and</wf>
<wf cmd="ignore" pos="DT">the</wf>
<wf cmd="tag" pos="JJ">white</wf>
<wf cmd="ignore" pos="CC">and</wf>
<wf cmd="tag" pos="NNP">Negro</wf>
<wf cmd="tag" pos="NNS">populations</wf>
<wf cmd="ignore" pos="IN">within</wf>
<wf cmd="ignore" pos="DT">the</wf>
<wf cmd="tag" pos="JJ">same</wf>
<wf cmd="tag" pos="JJ">general</wf>
<wf cmd="tag" pos="NN">locality</wf>
<punc>,</punc>
<wf cmd="ignore" pos="DT">the</wf>
<wf cmd="tag" pos="RBR">greater</wf>
<wf cmd="ignore" pos="DT">the</wf>
<wf cmd="tag" pos="NN">possibility</wf>
<wf cmd="ignore" pos="IN">for</wf>
<wf cmd="tag" pos="JJR">higher</wf>
<wf cmd="tag" pos="NN">morale</wf>
<wf cmd="ignore" pos="CC">and</wf>
<wf cmd="tag" pos="NN">solidarity</wf>
<wf cmd="ignore" pos="IN">within</wf>
<wf cmd="ignore" pos="DT">the</wf>
<wf cmd="tag" pos="NNP">Brandywine</wf>
<wf cmd="tag" pos="NN">population</wf>
<punc>.</punc>
</s>
<s snum="58">
<wf cmd="ignore" pos="PRP">It</wf>
<wf cmd="done" pos="VBZ" ot="notag">is</wf>
<wf cmd="done" pos="VB" lemma="conceive" wnsn="1" lexsn="2:36:00::">conceived</wf>
<wf cmd="ignore" pos="IN">that</wf>
<wf cmd="tag" pos="CD">one</wf>
<wf cmd="ignore" pos="IN">of</wf>
<wf cmd="ignore" pos="DT">the</wf>
<wf cmd="tag" pos="NNS">means</wf>
<wf cmd="ignore" pos="TO">to</wf>
<wf cmd="done" pos="VB" lemma="attain" wnsn="1" lexsn="2:41:00::">attain</wf>
<wf cmd="ignore" pos="DT">this</wf>
<wf cmd="tag" pos="JJ">social</wf>
<wf cmd="tag" pos="NN">distance</wf>
<wf cmd="done" pos="VB" lemma="be" wnsn="2" lexsn="2:42:06::">is</wf>
<wf cmd="ignore" pos="IN">that</wf>
<wf cmd="ignore" pos="IN">of</wf>
<wf cmd="tag" pos="JJ">physical</wf>
<wf cmd="ignore" pos="CC">and</wf>
<wf cmd="tag" pos="JJ">social</wf>
<wf cmd="tag" pos="NN">isolation</wf>
<punc>.</punc>
</s>
<s snum="59">
<wf cmd="tag" pos="RB">In_turn</wf>
<punc>,</punc>
<wf cmd="tag" pos="JJR">higher</wf>
<wf cmd="tag" pos="NN">fertility_rates</wf>
<wf cmd="ignore" pos="IN">for</wf>
<wf cmd="ignore" pos="DT">this</wf>
<wf cmd="tag" pos="NN">population</wf>
<wf cmd="done" pos="VB" lemma="provide" wnsn="1" lexsn="2:40:00::">provide</wf>
<wf cmd="ignore" pos="DT">a</wf>
<wf cmd="tag" pos="NN">means</wf>
<wf cmd="ignore" pos="IN">of</wf>
<wf cmd="done" pos="VB" lemma="increase" wnsn="1" lexsn="2:30:00::">increasing</wf>
<wf cmd="ignore" pos="DT">the</wf>
<wf cmd="tag" pos="NN">numerical_quantity</wf>
<wf cmd="ignore" pos="IN">of</wf>
<wf cmd="ignore" pos="DT">the</wf>
<wf cmd="tag" pos="NN">population</wf>
<punc>,</punc>
<wf cmd="done" pos="VB" lemma="allow_for" wnsn="1" lexsn="2:42:00::">allowing_for</wf>
<wf cmd="ignore" pos="DT">the</wf>
<wf cmd="tag" pos="NN">possibility</wf>
<wf cmd="ignore" pos="IN">of</wf>
<wf cmd="tag" pos="JJR">greater</wf>
<wf cmd="tag" pos="NN">stability</wf>
<wf cmd="ignore" pos="CC">and</wf>
<wf cmd="tag" pos="NN">unity</wf>
<punc>.</punc>
</s>
<s snum="60">
<wf cmd="ignore" pos="DT">The</wf>
<wf cmd="tag" pos="NN">population</wf>
<wf cmd="ignore" pos="MD">can</wf>
<wf cmd="tag" pos="RB">thereby</wf>
<wf cmd="done" pos="VB" lemma="replenish" wnsn="1" lexsn="2:30:00::">replenish</wf>
<wf cmd="ignore" pos="PRP">itself</wf>
<wf cmd="ignore" pos="CC">and</wf>
<wf cmd="tag" pos="RB">actually</wf>
<wf cmd="done" pos="VB" lemma="grow" wnsn="2" lexsn="2:30:00::">grow</wf>
<wf cmd="tag" pos="JJR">larger</wf>
<punc>.</punc>
</s>
</p>
<p pnum="16">
<s snum="61">
<wf cmd="ignore" pos="IN">Of</wf>
<wf cmd="tag" pos="JJ">particular</wf>
<wf cmd="tag" pos="NN">utility</wf>
<wf cmd="ignore" pos="IN">in</wf>
<wf cmd="ignore" pos="DT">the</wf>
<wf cmd="tag" pos="NN">analysis</wf>
<wf cmd="ignore" pos="IN">of</wf>
<wf cmd="ignore" pos="DT">the</wf>
<wf cmd="tag" pos="NN">development</wf>
<punc>,</punc>
<wf cmd="tag" pos="NN">persistence</wf>
<punc>,</punc>
<wf cmd="ignore" pos="CC">and</wf>
<wf cmd="tag" pos="NN">change</wf>
<wf cmd="ignore" pos="IN">of</wf>
<wf cmd="tag" pos="NN">social_systems</wf>
<wf cmd="done" pos="VBZ" ot="notag">has</wf>
<wf cmd="done" pos="VB" lemma="be" wnsn="2" lexsn="2:42:06::">been</wf>
<wf cmd="ignore" pos="DT">the</wf>
<wf cmd="tag" pos="NN">use</wf>
<wf cmd="ignore" pos="IN">of</wf>
<wf cmd="ignore" pos="DT">the</wf>
<wf cmd="tag" pos="NN">master</wf>
<wf cmd="ignore" pos="CC">or</wf>
<wf cmd="tag" pos="JJ">comprehensive</wf>
<wf cmd="tag" pos="NNS">processes</wf>
<punc>.</punc>
</s>
<s snum="62">
<wf cmd="tag" pos="NNP">Loomis</wf>
<wf cmd="done" pos="VB" lemma="consider" wnsn="2" lexsn="2:39:00::">considers</wf>
<wf cmd="tag" pos="CD">six</wf>
<wf cmd="tag" pos="JJ">such</wf>
<wf cmd="tag" pos="NNS">processes</wf>
<wf cmd="ignore" pos="IN">in</wf>
<wf cmd="ignore" pos="PRP$">his</wf>
<wf cmd="tag" pos="NN">paradigm</wf>
<punc>.</punc>
</s>
</p>
<p pnum="17">
<s snum="63">
<wf cmd="ignore" pos="LS">1</wf>
<punc>.</punc>
</s>
</p>
<p pnum="18">
<s snum="64">
<wf cmd="tag" pos="NNP">Communication</wf>
<wf cmd="ignore" pos="LS">2</wf>
<punc>.</punc>
</s>
</p>
<p pnum="19">
<s snum="65">
<wf cmd="tag" pos="NN">Boundary</wf>
<wf cmd="tag" pos="NN">maintenance</wf>
<wf cmd="ignore" pos="LS">3</wf>
<punc>.</punc>
</s>
</p>
<p pnum="20">
<s snum="66">
<wf cmd="tag" pos="JJ">Systemic</wf>
<wf cmd="tag" pos="NN">linkage</wf>
<wf cmd="ignore" pos="LS">4</wf>
<punc>.</punc>
</s>
</p>
<p pnum="21">
<s snum="67">
<wf cmd="tag" pos="NN">Socialization</wf>
<wf cmd="ignore" pos="LS">5</wf>
<punc>.</punc>
</s>
</p>
<p pnum="22">
<s snum="68">
<wf cmd="tag" pos="NN">Social_control</wf>
<wf cmd="ignore" pos="LS">6</wf>
<punc>.</punc>
</s>
<s snum="69">
<wf cmd="tag" pos="NN">Institutionalization</wf>
<wf cmd="ignore" pos="IN">Though</wf>
<wf cmd="tag" pos="RB">undoubtedly</wf>
<wf cmd="ignore" pos="DT">all</wf>
<wf cmd="tag" pos="CD">six</wf>
<wf cmd="tag" pos="NNS">processes</wf>
<wf cmd="done" pos="VB" lemma="be" wnsn="1" lexsn="2:42:03::">are</wf>
<wf cmd="tag" pos="JJ">operative</wf>
<wf cmd="ignore" pos="IN">within</wf>
<wf cmd="ignore" pos="DT">the</wf>
<wf cmd="tag" pos="JJ">whole</wf>
<wf cmd="tag" pos="NN">social_system</wf>
<wf cmd="ignore" pos="CC">and</wf>
<wf cmd="ignore" pos="PRP$">its</wf>
<wf cmd="tag" pos="NNS">subsystems</wf>
<punc>,</punc>
<wf cmd="tag" pos="CD">two</wf>
<wf cmd="tag" pos="NNS">processes</wf>
<wf cmd="ignore" pos="WDT">that</wf>
<wf cmd="done" pos="VB" lemma="be" wnsn="1" lexsn="2:42:03::">are</wf>
<wf cmd="ignore" pos="IN">of</wf>
<wf cmd="tag" pos="JJ">crucial</wf>
<wf cmd="tag" pos="NN">importance</wf>
<wf cmd="ignore" pos="TO">to</wf>
<wf cmd="ignore" pos="DT">this</wf>
<wf cmd="tag" pos="NN">study</wf>
<wf cmd="ignore" pos="MD">will</wf>
<wf cmd="done" pos="VB" ot="notag">be</wf>
<wf cmd="done" pos="VB" lemma="single_out" wnsn="1" lexsn="2:31:00::">singled_out</wf>
<wf cmd="ignore" pos="IN">for</wf>
<wf cmd="tag" pos="JJ">particular</wf>
<wf cmd="tag" pos="NN">emphasis</wf>
<punc>:</punc>
</s>
</p>
<p pnum="23">
<s snum="70">
<wf cmd="ignore" pos="IN">In</wf>
<wf cmd="done" pos="VB" lemma="discuss" wnsn="1" lexsn="2:32:01::">discussing</wf>
<wf cmd="ignore" pos="DT">the</wf>
<wf cmd="tag" pos="NN">process</wf>
<wf cmd="ignore" pos="IN">of</wf>
<wf cmd="tag" pos="NN">communication</wf>
<punc>,</punc>
<wf cmd="tag" pos="NNP">Loomis</wf>
<wf cmd="done" pos="VB" lemma="define" wnsn="2" lexsn="2:32:00::">defines</wf>
<wf cmd="ignore" pos="PRP">it</wf>
<wf cmd="ignore" pos="IN">as</wf>
<punc>``</punc>
<wf cmd="ignore" pos="DT">the</wf>
<wf cmd="tag" pos="NN">process</wf>
<wf cmd="ignore" pos="IN">by</wf>
<wf cmd="ignore" pos="WDT">which</wf>
<wf cmd="tag" pos="NN">information</wf>
<punc>,</punc>
<wf cmd="tag" pos="NNS">decisions</wf>
<punc>,</punc>
<wf cmd="ignore" pos="CC">and</wf>
<wf cmd="tag" pos="NNS">directives</wf>
<wf cmd="done" pos="VBP" ot="notag">are</wf>
<wf cmd="done" pos="VB" lemma="transmit" wnsn="1" lexsn="2:40:10::">transmitted</wf>
<wf cmd="ignore" pos="IN">among</wf>
<wf cmd="tag" pos="NNS">actors</wf>
<wf cmd="ignore" pos="CC">and</wf>
<wf cmd="ignore" pos="DT">the</wf>
<wf cmd="tag" pos="NNS">ways</wf>
<wf cmd="tag" pos="RB">in_which</wf>
<wf cmd="tag" pos="NN">knowledge</wf>
<punc>,</punc>
<wf cmd="tag" pos="NNS">opinions</wf>
<punc>,</punc>
<wf cmd="ignore" pos="CC">and</wf>
<wf cmd="tag" pos="NNS">attitudes</wf>
<wf cmd="done" pos="VBP" ot="notag">are</wf>
<wf cmd="done" pos="VB" lemma="form" wnsn="3" lexsn="2:42:02::">formed</wf>
<punc>,</punc>
<wf cmd="ignore" pos="CC">or</wf>
<wf cmd="done" pos="VB" lemma="modify" wnsn="1" lexsn="2:30:00::">modified</wf>
<wf cmd="ignore" pos="IN">by</wf>
<wf cmd="tag" pos="NN">interaction</wf>
<punc>''</punc>
<punc>.</punc>
</s>
<s snum="71">
<wf cmd="tag" pos="NNP">Communication</wf>
<wf cmd="ignore" pos="MD">may</wf>
<wf cmd="done" pos="VB" ot="notag">be</wf>
<wf cmd="done" pos="VB" lemma="facilitate" wnsn="1" lexsn="2:30:00::">facilitated</wf>
<wf cmd="ignore" pos="IN">by</wf>
<wf cmd="tag" pos="NN">means</wf>
<wf cmd="ignore" pos="IN">of</wf>
<wf cmd="ignore" pos="DT">the</wf>
<wf cmd="tag" pos="JJ">high</wf>
<wf cmd="tag" pos="NN">visibility</wf>
<wf cmd="ignore" pos="IN">within</wf>
<wf cmd="ignore" pos="DT">the</wf>
<wf cmd="tag" pos="JJR">larger</wf>
<wf cmd="tag" pos="NN">community</wf>
<punc>.</punc>
</s>
<s snum="72">
<wf cmd="tag" pos="JJ">Intense</wf>
<wf cmd="tag" pos="NN">interaction</wf>
<wf cmd="done" pos="VB" lemma="be" wnsn="1" lexsn="2:42:03::">is</wf>
<wf cmd="tag" pos="JJR">easier</wf>
<wf cmd="ignore" pos="WRB">where</wf>
<wf cmd="tag" pos="JJ">segregated</wf>
<wf cmd="tag" pos="NN">living</wf>
<wf cmd="ignore" pos="CC">and</wf>
<wf cmd="tag" pos="JJ">occupational</wf>
<wf cmd="tag" pos="NN">segregation</wf>
<wf cmd="done" pos="VB" lemma="mark_off" wnsn="1" lexsn="2:30:00::">mark_off</wf>
<wf cmd="ignore" pos="DT">a</wf>
<wf cmd="tag" pos="NN">group</wf>
<wf cmd="ignore" pos="IN">from</wf>
<wf cmd="ignore" pos="DT">the</wf>
<wf cmd="tag" pos="NN">rest</wf>
<wf cmd="ignore" pos="IN">of</wf>
<wf cmd="ignore" pos="DT">the</wf>
<wf cmd="tag" pos="NN">community</wf>
<punc>,</punc>
<wf cmd="ignore" pos="IN">as</wf>
<wf cmd="ignore" pos="IN">in</wf>
<wf cmd="ignore" pos="DT">the</wf>
<wf cmd="tag" pos="NN">case</wf>
<wf cmd="tag" pos="RB">of_this</wf>
<wf cmd="tag" pos="NN">population</wf>
<punc>.</punc>
</s>
<s snum="73">
<wf cmd="tag" pos="RB">However</wf>
<punc>,</punc>
<wf cmd="ignore" pos="DT">the</wf>
<wf cmd="tag" pos="NN">factor</wf>
<wf cmd="ignore" pos="IN">of</wf>
<wf cmd="tag" pos="JJ">physical</wf>
<wf cmd="tag" pos="NN">isolation</wf>
<wf cmd="done" pos="VB" lemma="be" wnsn="2" lexsn="2:42:06::">is</wf>
<wf cmd="tag" pos="RB">not</wf>
<wf cmd="ignore" pos="DT">a</wf>
<wf cmd="tag" pos="JJ">static</wf>
<wf cmd="tag" pos="NN">situation</wf>
<punc>.</punc>
</s>
<s snum="74">
<wf cmd="ignore" pos="IN">Although</wf>
<wf cmd="ignore" pos="DT">the</wf>
<wf cmd="tag" pos="NNP">Brandywine</wf>
<wf cmd="tag" pos="NN">population</wf>
<wf cmd="done" pos="VB" lemma="be" wnsn="1" lexsn="2:42:03::">is</wf>
<wf cmd="tag" pos="RB">still</wf>
<wf cmd="tag" pos="RB">predominantly</wf>
<wf cmd="tag" pos="JJ">rural</wf>
<punc>,</punc>
<punc>``</punc>
<wf cmd="ignore" pos="EX">there</wf>
<wf cmd="done" pos="VB" lemma="be" wnsn="5" lexsn="2:42:04::">are</wf>
<wf cmd="tag" pos="NNS">indications</wf>
<wf cmd="ignore" pos="IN">of</wf>
<wf cmd="ignore" pos="DT">a</wf>
<wf cmd="tag" pos="JJ">consistent</wf>
<wf cmd="ignore" pos="CC">and</wf>
<wf cmd="ignore" pos="DT">a</wf>
<wf cmd="tag" pos="RB">statistically</wf>
<wf cmd="tag" pos="JJ">significant</wf>
<wf cmd="tag" pos="NN">trend</wf>
<wf cmd="tag" pos="RB">away</wf>
<wf cmd="ignore" pos="IN">from</wf>
<wf cmd="ignore" pos="DT">the</wf>
<wf cmd="tag" pos="RBR">older</wf>
<wf cmd="ignore" pos="CC">and</wf>
<wf cmd="tag" pos="RB">relatively</wf>
<wf cmd="tag" pos="JJ">isolated</wf>
<wf cmd="tag" pos="JJ">rural</wf>
<wf cmd="tag" pos="NNS">communities</wf>
<punc>&amp;</punc>
<punc>&amp;</punc>
<punc>&amp;</punc>
<wf cmd="tag" pos="NN">urbanization</wf>
<wf cmd="done" pos="VB" lemma="appear" wnsn="1" lexsn="2:39:00::">appears</wf>
<wf cmd="ignore" pos="TO">to</wf>
<wf cmd="done" pos="VB" lemma="be" wnsn="2" lexsn="2:42:06::">be</wf>
<wf cmd="ignore" pos="DT">an</wf>
<wf cmd="tag" pos="JJ">important</wf>
<wf cmd="tag" pos="NN">factor</wf>
<wf cmd="done" pos="VB" ot="notag">in</wf>
<wf cmd="ignore" pos="DT">the</wf>
<wf cmd="tag" pos="NN">disintegration</wf>
<wf cmd="tag" pos="RB">of_this</wf>
<wf cmd="tag" pos="NN">group</wf>
<punc>.</punc>
</s>
<s snum="75">
<wf cmd="ignore" pos="DT">This</wf>
<wf cmd="tag" pos="NN">conclusion</wf>
<wf cmd="done" pos="VB" lemma="be" wnsn="2" lexsn="2:42:06::">is</wf>
<punc>,</punc>
<wf cmd="tag" pos="RB">however</wf>
<punc>,</punc>
<wf cmd="ignore" pos="DT">an</wf>
<wf cmd="tag" pos="NN">over-simplification</wf>
<punc>.</punc>
</s>
<s snum="76">
<wf cmd="ignore" pos="DT">A</wf>
<wf cmd="tag" pos="RBR">more</wf>
<wf cmd="tag" pos="JJ">realistic</wf>
<wf cmd="tag" pos="NN">analysis</wf>
<wf cmd="ignore" pos="MD">must</wf>
<wf cmd="done" pos="VB" lemma="take_into_account" wnsn="1" lexsn="2:31:00::">take_into_account</wf>
<wf cmd="ignore" pos="DT">the</wf>
<wf cmd="tag" pos="NN">fact</wf>
<wf cmd="ignore" pos="IN">that</wf>
<wf cmd="tag" pos="NNP">Brandywine</wf>
<wf cmd="tag" pos="NNS">people</wf>
<wf cmd="ignore" pos="IN">in</wf>
<wf cmd="ignore" pos="DT">the</wf>
<wf cmd="tag" pos="JJ">urban-fringe</wf>
<wf cmd="tag" pos="NN">area</wf>
<wf cmd="done" pos="VB" lemma="be" wnsn="1" lexsn="2:42:03::">are</wf>
<punc>,</punc>
<wf cmd="tag" pos="RB">in_general</wf>
<punc>,</punc>
<wf cmd="tag" pos="RBR">less</wf>
<wf cmd="tag" pos="JJ">segregated</wf>
<wf cmd="tag" pos="RB">locally</wf>
<wf cmd="ignore" pos="IN">than</wf>
<wf cmd="tag" pos="NN">group</wf>
<wf cmd="tag" pos="NNS">members</wf>
<wf cmd="ignore" pos="IN">in</wf>
<wf cmd="tag" pos="NN">rural_areas</wf>
<punc>.</punc>
</s>
<s snum="77">
<wf cmd="ignore" pos="IN">In</wf>
<wf cmd="ignore" pos="DT">the</wf>
<wf cmd="tag" pos="NN">urban_area</wf>
<punc>,</punc>
<wf cmd="tag" pos="RB">in_other_words</wf>
<punc>,</punc>
<wf cmd="ignore" pos="PRP">they</wf>
<punc>,</punc>
<wf cmd="ignore" pos="IN">unlike</wf>
<wf cmd="ignore" pos="DT">some</wf>
<wf cmd="tag" pos="JJ">urban</wf>
<wf cmd="tag" pos="NN">ethnic_groups</wf>
<punc>,</punc>
<wf cmd="done" pos="VBP" ot="notag">do</wf>
<wf cmd="tag" pos="RB">not</wf>
<wf cmd="done" pos="VB" lemma="concentrate" wnsn="5" lexsn="2:38:00::">concentrate</wf>
<wf cmd="ignore" pos="IN">in</wf>
<wf cmd="tag" pos="NN">ghetto</wf>
<wf cmd="tag" pos="NNS">colonies</wf>
<punc>.</punc>
</s>
<s snum="78">
<wf cmd="tag" pos="NN">Group</wf>
<wf cmd="tag" pos="NNS">pressures</wf>
<wf cmd="ignore" pos="IN">toward</wf>
<wf cmd="tag" pos="NN">conformity</wf>
<wf cmd="done" pos="VB" lemma="be" wnsn="1" lexsn="2:42:03::">are</wf>
<wf cmd="tag" pos="JJ">slight</wf>
<wf cmd="ignore" pos="CC">or</wf>
<wf cmd="tag" pos="JJ">non-existent</wf>
<punc>,</punc>
<wf cmd="ignore" pos="CC">and</wf>
<wf cmd="tag" pos="JJ">deviant</wf>
<wf cmd="tag" pos="NN">behavior</wf>
<wf cmd="ignore" pos="IN">in</wf>
<wf cmd="tag" pos="NN">mate</wf>
<wf cmd="tag" pos="NN">selection</wf>
<wf cmd="done" pos="VB" lemma="incur" wnsn="1" lexsn="2:42:00::">incurs</wf>
<wf cmd="tag" pos="JJ">few</wf>
<wf cmd="ignore" pos="IN">if</wf>
<wf cmd="ignore" pos="DT">any</wf>
<wf cmd="tag" pos="JJ">social</wf>
<wf cmd="tag" pos="NNS">sanctions</wf>
<punc>.</punc>
</s>
<s snum="79">
<wf cmd="ignore" pos="IN">In</wf>
<wf cmd="tag" pos="JJ">such</wf>
<wf cmd="ignore" pos="DT">a</wf>
<wf cmd="tag" pos="NN">setting</wf>
<wf cmd="tag" pos="JJ">social</wf>
<wf cmd="tag" pos="NNS">contacts</wf>
<wf cmd="ignore" pos="CC">and</wf>
<wf cmd="tag" pos="NNS">associations</wf>
<wf cmd="done" pos="VB" lemma="be" wnsn="1" lexsn="2:42:03::">are</wf>
<wf cmd="tag" pos="JJ">likely</wf>
<wf cmd="ignore" pos="TO">to</wf>
<wf cmd="done" pos="VB" lemma="be" wnsn="1" lexsn="2:42:03::">be</wf>
<wf cmd="tag" pos="JJ">heterogamous</wf>
<punc>,</punc>
<wf cmd="done" pos="VB" lemma="result" wnsn="2" lexsn="2:42:02::">resulting</wf>
<wf cmd="done" pos="VB" ot="notag">in</wf>
<wf cmd="ignore" pos="DT">a</wf>
<wf cmd="tag" pos="NN">change</wf>
<wf cmd="ignore" pos="IN">of</wf>
<wf cmd="tag" pos="NNS">values</wf>
<wf cmd="ignore" pos="CC">and</wf>
<wf cmd="tag" pos="RB">almost</wf>
<wf cmd="tag" pos="RB">necessarily</wf>
<punc>,</punc>
<wf cmd="ignore" pos="IN">in</wf>
<wf cmd="tag" pos="NN">mate</wf>
<wf cmd="tag" pos="NN">selection</wf>
<wf cmd="tag" pos="NN">behavior</wf>
<punc>.</punc>
</s>
<s snum="80">
<wf cmd="ignore" pos="TO">To</wf>
<wf cmd="ignore" pos="DT">the</wf>
<wf cmd="tag" pos="NN">extent</wf>
<wf cmd="ignore" pos="IN">that</wf>
<wf cmd="tag" pos="JJ">urban</wf>
<wf cmd="tag" pos="NN">life</wf>
<wf cmd="done" pos="VB" lemma="contribute" wnsn="3" lexsn="2:41:12::">contributes</wf>
<wf cmd="done" pos="VB" ot="notag">to</wf>
<wf cmd="ignore" pos="DT">the</wf>
<wf cmd="tag" pos="NN">breakdown</wf>
<wf cmd="ignore" pos="IN">of</wf>
<wf cmd="ignore" pos="DT">the</wf>
<wf cmd="tag" pos="NN">group</wf>
<wf cmd="tag" pos="NNS">patterns</wf>
<wf cmd="ignore" pos="IN">of</wf>
<wf cmd="tag" pos="JJ">residential</wf>
<wf cmd="tag" pos="NN">isolation</wf>
<punc>,</punc>
<wf cmd="tag" pos="RB">to_that_extent</wf>
<wf cmd="ignore" pos="PRP">it</wf>
<wf cmd="done" pos="VB" lemma="contribute" wnsn="1" lexsn="2:40:01::">contributes</wf>
<wf cmd="tag" pos="RB">directly</wf>
<wf cmd="ignore" pos="TO">to</wf>
<wf cmd="tag" pos="JJ">increased</wf>
<wf cmd="tag" pos="NN">exogamy</wf>
<punc>''</punc>
<punc>.</punc>
</s>
</p>
<p pnum="24">
<s snum="81">
<wf cmd="ignore" pos="DT">The</wf>
<wf cmd="tag" pos="NN">process</wf>
<wf cmd="ignore" pos="IN">of</wf>
<wf cmd="tag" pos="NN">social_control</wf>
<wf cmd="done" pos="VB" lemma="be" wnsn="1" lexsn="2:42:03::">is</wf>
<wf cmd="tag" pos="JJ">operative</wf>
<wf cmd="tag" pos="RB">insofar</wf>
<wf cmd="ignore" pos="IN">as</wf>
<wf cmd="tag" pos="NNS">sanctions</wf>
<wf cmd="done" pos="VB" lemma="play" wnsn="2" lexsn="2:41:12::">play</wf>
<wf cmd="done" pos="VB" ot="notag">a</wf>
<wf cmd="tag" pos="NN">part</wf>
<wf cmd="ignore" pos="IN">in</wf>
<wf cmd="ignore" pos="DT">the</wf>
<wf cmd="tag" pos="JJ">individual</wf>
<wf cmd="ignore" pos="POS">'s</wf>
<wf cmd="tag" pos="NN">behavior</wf>
<punc>,</punc>
<wf cmd="tag" pos="RB">as_well</wf>
<wf cmd="ignore" pos="IN">as</wf>
<wf cmd="ignore" pos="DT">the</wf>
<wf cmd="tag" pos="NN">group</wf>
<wf cmd="ignore" pos="POS">'s</wf>
<wf cmd="tag" pos="NN">behavior</wf>
<punc>.</punc>
</s>
<s snum="82">
<wf cmd="ignore" pos="IN">By</wf>
<wf cmd="tag" pos="NN">means</wf>
<wf cmd="tag" pos="RB">of_this</wf>
<wf cmd="tag" pos="NN">social_control</wf>
<punc>,</punc>
<wf cmd="tag" pos="NN">deviance</wf>
<wf cmd="done" pos="VBZ" ot="notag">is</wf>
<wf cmd="ignore" pos="DT">either</wf>
<wf cmd="done" pos="VB" lemma="eliminate" wnsn="1" lexsn="2:30:01::">eliminated</wf>
<wf cmd="ignore" pos="CC">or</wf>
<wf cmd="tag" pos="RB">somehow</wf>
<wf cmd="done" pos="VB" lemma="make" wnsn="2" lexsn="2:30:00::">made</wf>
<wf cmd="tag" pos="JJ">compatible</wf>
<wf cmd="ignore" pos="IN">with</wf>
<wf cmd="ignore" pos="DT">the</wf>
<wf cmd="tag" pos="NN">function</wf>
<wf cmd="ignore" pos="IN">of</wf>
<wf cmd="ignore" pos="DT">the</wf>
<wf cmd="tag" pos="NN">social_group</wf>
<punc>.</punc>
</s>
<s snum="83">
<wf cmd="tag" pos="NNS">Examples</wf>
<wf cmd="ignore" pos="IN">from</wf>
<wf cmd="ignore" pos="DT">this</wf>
<wf cmd="tag" pos="NN">population</wf>
<wf cmd="done" pos="VB" lemma="indicate" wnsn="2" lexsn="2:32:03::">indicate</wf>
<wf cmd="ignore" pos="IN">that</wf>
<wf cmd="tag" pos="NN">deviance</wf>
<wf cmd="done" pos="VB" lemma="seem" wnsn="1" lexsn="2:39:00::">seems</wf>
<wf cmd="ignore" pos="TO">to</wf>
<wf cmd="done" pos="VB" ot="notag">be</wf>
<wf cmd="done" pos="VB" lemma="sanction" wnsn="1" lexsn="2:32:01::">sanctioned</wf>
<wf cmd="ignore" pos="IN">by</wf>
<wf cmd="tag" pos="NN">ostracism</wf>
<wf cmd="ignore" pos="IN">from</wf>
<wf cmd="ignore" pos="DT">the</wf>
<wf cmd="tag" pos="NN">group</wf>
<punc>.</punc>
</s>
</p>
<p pnum="25">
<s snum="84">
<wf cmd="ignore" pos="EX">There</wf>
<wf cmd="done" pos="VB" ot="notag">is</wf>
<wf cmd="ignore" pos="DT">an</wf>
<wf cmd="tag" pos="JJ">oral</wf>
<wf cmd="tag" pos="NN">tradition</wf>
<wf cmd="ignore" pos="IN">among</wf>
<wf cmd="ignore" pos="DT">the</wf>
<wf cmd="tag" pos="NNS">members</wf>
<wf cmd="ignore" pos="IN">of</wf>
<wf cmd="ignore" pos="DT">the</wf>
<wf cmd="tag" pos="NN">population</wf>
<wf cmd="ignore" pos="IN">in</wf>
<wf cmd="tag" pos="NN">regard_to</wf>
<wf cmd="ignore" pos="DT">the</wf>
<wf cmd="tag" pos="NN">origin</wf>
<wf cmd="ignore" pos="CC">and</wf>
<wf cmd="tag" pos="JJ">subsequent</wf>
<wf cmd="tag" pos="JJ">separate</wf>
<wf cmd="tag" pos="NN">status</wf>
<wf cmd="ignore" pos="IN">of</wf>
<wf cmd="ignore" pos="DT">the</wf>
<wf cmd="tag" pos="NN">group</wf>
<wf cmd="ignore" pos="IN">in</wf>
<wf cmd="ignore" pos="DT">the</wf>
<wf cmd="tag" pos="JJR">larger</wf>
<wf cmd="tag" pos="NN">society</wf>
<punc>.</punc>
</s>
<s snum="85">
<wf cmd="tag" pos="JJ">Confused</wf>
<wf cmd="ignore" pos="CC">and</wf>
<wf cmd="tag" pos="JJ">divided</wf>
<wf cmd="ignore" pos="IN">though</wf>
<wf cmd="ignore" pos="DT">this</wf>
<wf cmd="tag" pos="NN">tradition</wf>
<wf cmd="ignore" pos="MD">may</wf>
<wf cmd="done" pos="VB" lemma="be" wnsn="1" lexsn="2:42:03::">be</wf>
<punc>,</punc>
<wf cmd="ignore" pos="PRP">it</wf>
<wf cmd="done" pos="VB" lemma="be" wnsn="2" lexsn="2:42:06::">is</wf>
<wf cmd="ignore" pos="DT">an</wf>
<wf cmd="tag" pos="JJ">important</wf>
<wf cmd="tag" pos="NN">part</wf>
<wf cmd="ignore" pos="IN">of</wf>
<wf cmd="ignore" pos="DT">the</wf>
<wf cmd="tag" pos="JJ">social</wf>
<wf cmd="ignore" pos="CC">and</wf>
<wf cmd="tag" pos="JJ">cultural</wf>
<wf cmd="tag" pos="NN">heritage</wf>
<wf cmd="ignore" pos="IN">of</wf>
<wf cmd="ignore" pos="DT">the</wf>
<wf cmd="tag" pos="NN">group</wf>
<punc>,</punc>
<wf cmd="ignore" pos="CC">and</wf>
<wf cmd="done" pos="VB" lemma="act_as" wnsn="1" lexsn="2:42:00::">acts_as</wf>
<wf cmd="ignore" pos="DT">a</wf>
<wf cmd="tag" pos="NN">means</wf>
<wf cmd="ignore" pos="IN">of</wf>
<wf cmd="tag" pos="NN">socialization</wf>
<punc>,</punc>
<wf cmd="tag" pos="RB">particularly</wf>
<wf cmd="ignore" pos="IN">for</wf>
<wf cmd="tag" pos="NNS">members</wf>
<wf cmd="ignore" pos="IN">of</wf>
<wf cmd="ignore" pos="DT">the</wf>
<wf cmd="tag" pos="JJ">rural</wf>
<wf cmd="tag" pos="NN">community</wf>
<punc>.</punc>
</s>
<s snum="86">
<wf cmd="ignore" pos="DT">The</wf>
<wf cmd="tag" pos="NN">fact</wf>
<wf cmd="ignore" pos="IN">of</wf>
<wf cmd="tag" pos="NNP">Indian</wf>
<wf cmd="tag" pos="NN">ancestry</wf>
<wf cmd="ignore" pos="CC">and</wf>
<punc>``</punc>
<wf cmd="tag" pos="JJ">free</wf>
<punc>''</punc>
<wf cmd="tag" pos="NN">status</wf>
<wf cmd="ignore" pos="IN">during</wf>
<wf cmd="ignore" pos="DT">the</wf>
<wf cmd="tag" pos="NNS">days</wf>
<wf cmd="ignore" pos="IN">of</wf>
<wf cmd="tag" pos="NN">slavery</wf>
<punc>,</punc>
<wf cmd="done" pos="VB" lemma="be" wnsn="2" lexsn="2:42:06::">are</wf>
<wf cmd="tag" pos="JJ">important</wf>
<wf cmd="tag" pos="NNS">distinctions</wf>
<wf cmd="done" pos="VB" lemma="make" wnsn="7" lexsn="2:31:00::">made</wf>
<wf cmd="ignore" pos="IN">by</wf>
<wf cmd="tag" pos="NNS">members</wf>
<wf cmd="ignore" pos="IN">of</wf>
<wf cmd="ignore" pos="DT">the</wf>
<wf cmd="tag" pos="NN">group</wf>
<punc>.</punc>
</s>
</p>
<p pnum="26">
<s snum="87">
<punc>``</punc>
<wf cmd="tag" pos="RB">Culturally</wf>
<wf cmd="tag" pos="JJ">induced</wf>
<wf cmd="tag" pos="JJ">social</wf>
<wf cmd="tag" pos="NN">cohesion</wf>
<wf cmd="done" pos="VB" lemma="result" wnsn="1" lexsn="2:42:00::">resulting</wf>
<wf cmd="ignore" pos="IN">from</wf>
<wf cmd="tag" pos="JJ">common</wf>
<wf cmd="tag" pos="NNS">norms</wf>
<wf cmd="ignore" pos="CC">and</wf>
<wf cmd="tag" pos="NNS">values</wf>
<wf cmd="done" pos="VB" lemma="internalize" wnsn="1" lexsn="2:31:00::">internalized</wf>
<wf cmd="ignore" pos="IN">by</wf>
<wf cmd="tag" pos="NNS">members</wf>
<wf cmd="ignore" pos="IN">of</wf>
<wf cmd="ignore" pos="DT">the</wf>
<wf cmd="tag" pos="NN">group</wf>
<punc>''</punc>
<wf cmd="done" pos="VB" lemma="be" wnsn="1" lexsn="2:42:03::">is</wf>
<wf cmd="tag" pos="JJ">operative</wf>
<wf cmd="ignore" pos="IN">in</wf>
<wf cmd="ignore" pos="DT">the</wf>
<wf cmd="tag" pos="NN">boundary</wf>
<wf cmd="tag" pos="NN">maintenance</wf>
<wf cmd="ignore" pos="IN">of</wf>
<wf cmd="ignore" pos="DT">the</wf>
<wf cmd="tag" pos="NN">group</wf>
<wf cmd="tag" pos="RB">as_well</wf>
<wf cmd="ignore" pos="IN">as</wf>
<wf cmd="ignore" pos="IN">in</wf>
<wf cmd="ignore" pos="DT">the</wf>
<wf cmd="tag" pos="NN">process</wf>
<wf cmd="ignore" pos="IN">of</wf>
<wf cmd="tag" pos="NN">socialization</wf>
<punc>.</punc>
</s>
<s snum="88">
<wf cmd="ignore" pos="DT">The</wf>
<wf cmd="tag" pos="NN">process</wf>
<wf cmd="ignore" pos="IN">of</wf>
<wf cmd="tag" pos="NN">boundary</wf>
<wf cmd="tag" pos="NN">maintenance</wf>
<wf cmd="done" pos="VB" lemma="identify" wnsn="1" lexsn="2:31:00::">identifies</wf>
<wf cmd="ignore" pos="CC">and</wf>
<wf cmd="done" pos="VB" lemma="preserve" wnsn="2" lexsn="2:40:00::">preserves</wf>
<wf cmd="ignore" pos="DT">the</wf>
<wf cmd="tag" pos="NN">social_system</wf>
<wf cmd="ignore" pos="CC">or</wf>
<wf cmd="tag" pos="NNS">subsystems</wf>
<punc>,</punc>
<wf cmd="ignore" pos="CC">and</wf>
<wf cmd="ignore" pos="DT">the</wf>
<wf cmd="tag" pos="JJ">characteristic</wf>
<wf cmd="tag" pos="NN">interaction</wf>
<wf cmd="done" pos="VBZ" ot="notag">is</wf>
<wf cmd="done" pos="VB" lemma="maintain" wnsn="2" lexsn="2:40:00::">maintained</wf>
<punc>.</punc>
</s>
<s snum="89">
<wf cmd="ignore" pos="IN">As</wf>
<wf cmd="ignore" pos="DT">the</wf>
<wf cmd="tag" pos="NN">threat</wf>
<wf cmd="ignore" pos="IN">of</wf>
<wf cmd="tag" pos="NN">encroachment</wf>
<wf cmd="ignore" pos="IN">on</wf>
<wf cmd="ignore" pos="DT">the</wf>
<wf cmd="tag" pos="NN">system</wf>
<wf cmd="done" pos="VB" lemma="increase" wnsn="1" lexsn="2:30:00::">increases</wf>
<punc>,</punc>
<wf cmd="ignore" pos="DT">the</wf>
<punc>``</punc>
<wf cmd="tag" pos="NN">probability</wf>
<wf cmd="ignore" pos="IN">of</wf>
<wf cmd="tag" pos="JJ">applied</wf>
<wf cmd="tag" pos="NN">boundary</wf>
<wf cmd="tag" pos="NN">maintenance</wf>
<wf cmd="tag" pos="NNS">mechanisms</wf>
<wf cmd="done" pos="VB" lemma="increase" wnsn="1" lexsn="2:30:00::">increases</wf>
<punc>''</punc>
<punc>.</punc>
</s>
</p>
<p pnum="27">
<s snum="90">
<wf cmd="ignore" pos="DT">The</wf>
<wf cmd="tag" pos="NN">fertility_rate</wf>
<wf cmd="tag" pos="NN">pattern</wf>
<wf cmd="ignore" pos="MD">would</wf>
<wf cmd="done" pos="VB" lemma="seem" wnsn="1" lexsn="2:39:00::">seem</wf>
<wf cmd="ignore" pos="TO">to</wf>
<wf cmd="done" pos="VB" lemma="be" wnsn="2" lexsn="2:42:06::">be</wf>
<wf cmd="ignore" pos="DT">a</wf>
<wf cmd="tag" pos="NN">function</wf>
<punc>,</punc>
<wf cmd="ignore" pos="IN">though</wf>
<wf cmd="ignore" pos="DT">a</wf>
<wf cmd="tag" pos="JJ">latent</wf>
<wf cmd="tag" pos="CD">one</wf>
<punc>,</punc>
<wf cmd="ignore" pos="IN">of</wf>
<wf cmd="ignore" pos="DT">the</wf>
<wf cmd="tag" pos="NN">process</wf>
<wf cmd="ignore" pos="IN">of</wf>
<wf cmd="done" pos="VB" lemma="maintain" wnsn="2" lexsn="2:40:00::">maintaining</wf>
<wf cmd="ignore" pos="DT">the</wf>
<wf cmd="tag" pos="NN">boundary</wf>
<punc>.</punc>
</s>
<s snum="91">
<punc>``</punc>
<wf cmd="tag" pos="JJ">Increased</wf>
<wf cmd="tag" pos="NN">boundary</wf>
<wf cmd="tag" pos="NN">maintenance</wf>
<wf cmd="ignore" pos="MD">may</wf>
<wf cmd="done" pos="VB" ot="notag">be</wf>
<wf cmd="done" pos="VB" lemma="achieve" wnsn="1" lexsn="2:41:00::">achieved</wf>
<punc>,</punc>
<wf cmd="tag" pos="RB">for_example</wf>
<punc>,</punc>
<wf cmd="ignore" pos="IN">by</wf>
<wf cmd="done" pos="VB" lemma="assign" wnsn="3" lexsn="2:31:02::">assigning</wf>
<wf cmd="ignore" pos="DT">a</wf>
<wf cmd="tag" pos="JJR">higher</wf>
<wf cmd="tag" pos="NN">primacy</wf>
<wf cmd="ignore" pos="CC">or</wf>
<wf cmd="tag" pos="NN">evaluation</wf>
<wf cmd="ignore" pos="TO">to</wf>
<wf cmd="tag" pos="NNS">activities</wf>
<wf cmd="tag" pos="JJ">characteristic</wf>
<wf cmd="ignore" pos="IN">of</wf>
<wf cmd="ignore" pos="DT">the</wf>
<wf cmd="tag" pos="JJ">external</wf>
<wf cmd="tag" pos="NN">pattern</wf>
<punc>''</punc>
<punc>.</punc>
</s>
<s snum="92">
<wf cmd="ignore" pos="DT">The</wf>
<wf cmd="tag" pos="JJ">external</wf>
<wf cmd="tag" pos="NN">pattern</wf>
<wf cmd="ignore" pos="CC">or</wf>
<wf cmd="tag" pos="JJ">external</wf>
<wf cmd="tag" pos="NN">system</wf>
<wf cmd="ignore" pos="MD">can</wf>
<wf cmd="done" pos="VB" ot="notag">be</wf>
<wf cmd="done" pos="VB" lemma="consider" wnsn="1" lexsn="2:31:00::">considered</wf>
<wf cmd="ignore" pos="IN">as</wf>
<punc>``</punc>
<wf cmd="tag" pos="NN">group</wf>
<wf cmd="tag" pos="NN">behavior</wf>
<wf cmd="ignore" pos="WDT">that</wf>
<wf cmd="done" pos="VB" lemma="enable" wnsn="1" lexsn="2:30:00::">enables</wf>
<wf cmd="ignore" pos="DT">the</wf>
<wf cmd="tag" pos="NN">group</wf>
<wf cmd="ignore" pos="TO">to</wf>
<wf cmd="done" pos="VB" lemma="survive" wnsn="1" lexsn="2:42:01::">survive</wf>
<wf cmd="ignore" pos="IN">in</wf>
<wf cmd="ignore" pos="PRP$">its</wf>
<wf cmd="tag" pos="NN">environment</wf>
<punc>''</punc>
<punc>.</punc>
</s>
<s snum="93">
<wf cmd="tag" pos="NN">Boundary</wf>
<wf cmd="tag" pos="NN">maintenance</wf>
<wf cmd="ignore" pos="IN">for</wf>
<wf cmd="ignore" pos="DT">this</wf>
<wf cmd="tag" pos="NN">group</wf>
<wf cmd="ignore" pos="MD">would</wf>
<wf cmd="done" pos="VB" lemma="seem" wnsn="1" lexsn="2:39:00::">seem</wf>
<wf cmd="ignore" pos="TO">to</wf>
<wf cmd="done" pos="VB" lemma="be" wnsn="1" lexsn="2:42:03::">be</wf>
<wf cmd="tag" pos="RB">primarily</wf>
<wf cmd="tag" pos="JJ">social</wf>
<punc>,</punc>
<wf cmd="ignore" pos="IN">as</wf>
<wf cmd="done" pos="VB" lemma="be" wnsn="2" lexsn="2:42:06::">is</wf>
<wf cmd="ignore" pos="DT">the</wf>
<wf cmd="tag" pos="NN">preference</wf>
<wf cmd="ignore" pos="IN">for</wf>
<wf cmd="tag" pos="NN">endogamy</wf>
<punc>.</punc>
</s>
<s snum="94">
<wf cmd="ignore" pos="PRP">It</wf>
<wf cmd="done" pos="VBZ" ot="notag">is</wf>
<wf cmd="tag" pos="RB">also</wf>
<wf cmd="done" pos="VB" lemma="express" wnsn="1" lexsn="2:32:01::">expressed</wf>
<wf cmd="ignore" pos="IN">in</wf>
<wf cmd="ignore" pos="DT">the</wf>
<wf cmd="tag" pos="NN">proscription</wf>
<wf cmd="ignore" pos="IN">against</wf>
<wf cmd="tag" pos="NNS">deviants</wf>
<wf cmd="ignore" pos="IN">in</wf>
<wf cmd="tag" pos="JJ">the_matter</wf>
<wf cmd="ignore" pos="IN">of</wf>
<wf cmd="tag" pos="NN">endogamy</wf>
<punc>,</punc>
<wf cmd="tag" pos="RB">particularly</wf>
<wf cmd="ignore" pos="IN">in</wf>
<wf cmd="tag" pos="NN">rural_areas</wf>
<punc>.</punc>
</s>
<s snum="95">
<wf cmd="ignore" pos="IN">By</wf>
<wf cmd="ignore" pos="PRP$">their</wf>
<wf cmd="tag" pos="NN">pattern</wf>
<wf cmd="ignore" pos="IN">of</wf>
<wf cmd="tag" pos="NN">endogamy</wf>
<wf cmd="ignore" pos="CC">and</wf>
<wf cmd="tag" pos="NN">exogamy</wf>
<punc>,</punc>
<wf cmd="ignore" pos="DT">the</wf>
<wf cmd="tag" pos="NN">core</wf>
<wf cmd="tag" pos="NNS">families</wf>
<wf cmd="ignore" pos="CC">and</wf>
<wf cmd="ignore" pos="DT">the</wf>
<wf cmd="tag" pos="JJ">marginal</wf>
<wf cmd="tag" pos="NNS">families</wf>
<wf cmd="done" pos="VB" lemma="show" wnsn="1" lexsn="2:39:02::">show</wf>
<wf cmd="tag" pos="JJ">distinct</wf>
<wf cmd="tag" pos="NNS">limits</wf>
<wf cmd="ignore" pos="TO">to</wf>
<wf cmd="ignore" pos="DT">the</wf>
<wf cmd="tag" pos="JJ">intergroup</wf>
<wf cmd="tag" pos="NN">contact</wf>
<wf cmd="ignore" pos="PRP">they</wf>
<wf cmd="done" pos="VB" lemma="maintain" wnsn="2" lexsn="2:40:00::">maintain</wf>
<punc>.</punc>
</s>
</p>
<p pnum="28">
<s snum="96">
<wf cmd="ignore" pos="WRB">Where</wf>
<wf cmd="tag" pos="NN">boundary</wf>
<wf cmd="tag" pos="NN">maintenance</wf>
<wf cmd="done" pos="VB" lemma="describe" wnsn="1" lexsn="2:32:00::">describes</wf>
<wf cmd="ignore" pos="DT">the</wf>
<wf cmd="tag" pos="NNS">boundaries</wf>
<wf cmd="ignore" pos="CC">or</wf>
<wf cmd="tag" pos="NNS">limits</wf>
<wf cmd="ignore" pos="IN">of</wf>
<wf cmd="ignore" pos="DT">the</wf>
<wf cmd="tag" pos="NN">group</wf>
<punc>,</punc>
<wf cmd="tag" pos="JJ">systemic</wf>
<wf cmd="tag" pos="NN">linkage</wf>
<wf cmd="done" pos="VBZ" ot="notag">is</wf>
<wf cmd="done" pos="VB" lemma="define" wnsn="2" lexsn="2:32:00::">defined</wf>
<punc>``</punc>
<wf cmd="ignore" pos="IN">as</wf>
<wf cmd="ignore" pos="DT">the</wf>
<wf cmd="tag" pos="NN">process</wf>
<wf cmd="ignore" pos="WRB">whereby</wf>
<wf cmd="tag" pos="CD">one</wf>
<wf cmd="ignore" pos="CC">or</wf>
<wf cmd="tag" pos="JJR">more</wf>
<wf cmd="ignore" pos="IN">of</wf>
<wf cmd="ignore" pos="DT">the</wf>
<wf cmd="tag" pos="NNS">elements</wf>
<wf cmd="ignore" pos="IN">of</wf>
<wf cmd="tag" pos="RB">at_least</wf>
<wf cmd="tag" pos="CD">two</wf>
<wf cmd="tag" pos="NN">social_systems</wf>
<wf cmd="done" pos="VBZ" ot="notag">is</wf>
<wf cmd="done" pos="VB" lemma="articulate" wnsn="1" lexsn="2:40:00::">articulated</wf>
<wf cmd="ignore" pos="IN">in</wf>
<wf cmd="tag" pos="JJ">such</wf>
<wf cmd="ignore" pos="DT">a</wf>
<wf cmd="tag" pos="NN">manner</wf>
<wf cmd="ignore" pos="IN">that</wf>
<wf cmd="ignore" pos="DT">the</wf>
<wf cmd="tag" pos="CD">two</wf>
<wf cmd="tag" pos="NNS">systems</wf>
<wf cmd="ignore" pos="IN">in</wf>
<wf cmd="ignore" pos="DT">some</wf>
<wf cmd="tag" pos="NNS">ways</wf>
<wf cmd="ignore" pos="CC">and</wf>
<wf cmd="ignore" pos="IN">on</wf>
<wf cmd="ignore" pos="DT">some</wf>
<wf cmd="tag" pos="NNS">occasions</wf>
<wf cmd="ignore" pos="MD">may</wf>
<wf cmd="done" pos="VB" ot="notag">be</wf>
<wf cmd="done" pos="VB" lemma="view_as" wnsn="1" lexsn="2:31:00::">viewed_as</wf>
<wf cmd="ignore" pos="DT">a</wf>
<wf cmd="tag" pos="JJ">single</wf>
<wf cmd="tag" pos="NN">unit</wf>
<punc>.</punc>
</s>
</p>
</context>
</contextfile>
