<contextfile concordance="brown">
<context filename="br-j28" paras="yes">
<p pnum="1">
<s snum="1">
<wf cmd="tag" pos="RB">Thus</wf>
<wf cmd="ignore" pos="PRP">it</wf>
<wf cmd="done" pos="VB" lemma="be" wnsn="1" lexsn="2:42:03::">is</wf>
<wf cmd="tag" pos="JJ">reasonable</wf>
<wf cmd="ignore" pos="TO">to</wf>
<wf cmd="done" pos="VB" lemma="believe" wnsn="1" lexsn="2:31:00::">believe</wf>
<wf cmd="ignore" pos="IN">that</wf>
<wf cmd="ignore" pos="EX">there</wf>
<wf cmd="done" pos="VB" ot="notag">is</wf>
<wf cmd="ignore" pos="DT">a</wf>
<wf cmd="tag" pos="JJ">significant</wf>
<wf cmd="tag" pos="NN">difference</wf>
<wf cmd="ignore" pos="IN">between</wf>
<wf cmd="ignore" pos="DT">the</wf>
<wf cmd="tag" pos="CD">two</wf>
<wf cmd="tag" pos="NNS">groups</wf>
<wf cmd="ignore" pos="IN">in</wf>
<wf cmd="ignore" pos="PRP$">their</wf>
<wf cmd="tag" pos="NN">performance</wf>
<wf cmd="ignore" pos="IN">on</wf>
<wf cmd="ignore" pos="DT">this</wf>
<wf cmd="tag" pos="NN">task</wf>
<wf cmd="ignore" pos="IN">after</wf>
<wf cmd="ignore" pos="DT">a</wf>
<wf cmd="tag" pos="JJ">brief</wf>
<punc>``</punc>
<wf cmd="tag" pos="NN">structuring</wf>
<punc>''</punc>
<wf cmd="tag" pos="NN">experience</wf>
<punc>.</punc>
</s>
</p>
<p pnum="2">
<s snum="2">
<wf cmd="ignore" pos="PRP">It</wf>
<wf cmd="done" pos="VBD" ot="notag">was</wf>
<wf cmd="done" pos="VB" lemma="predict" wnsn="1" lexsn="2:32:00::">predicted</wf>
<wf cmd="ignore" pos="IN">that</wf>
<wf cmd="tag" pos="JJ">Kohnstamm-negative</wf>
<wf cmd="tag" pos="NNS">subjects</wf>
<wf cmd="ignore" pos="MD">would</wf>
<wf cmd="done" pos="VB" lemma="adhere" wnsn="1" lexsn="2:42:00::">adhere</wf>
<wf cmd="done" pos="VB" ot="notag">to</wf>
<wf cmd="tag" pos="RBR">more</wf>
<wf cmd="tag" pos="JJ">liberal</wf>
<punc>,</punc>
<wf cmd="tag" pos="JJ">concretistic</wf>
<wf cmd="tag" pos="NNS">reports</wf>
<wf cmd="tag" pos="RB">of_what</wf>
<wf cmd="ignore" pos="DT">the</wf>
<wf cmd="tag" pos="JJ">ambiguous</wf>
<wf cmd="tag" pos="NN">figure</wf>
<punc>``</punc>
<wf cmd="done" pos="VB" lemma="look_like" wnsn="1" lexsn="2:42:00::">looked_like</wf>
<punc>''</punc>
<wf cmd="ignore" pos="IN">as</wf>
<wf cmd="done" pos="VB" lemma="reflect" wnsn="1" lexsn="2:39:01::">reflecting</wf>
<wf cmd="ignore" pos="PRP$">their</wf>
<wf cmd="tag" pos="NN">hesitancy</wf>
<wf cmd="ignore" pos="IN">about</wf>
<wf cmd="done" rdf="taking_a_chance" pos="VB" lemma="take_a_chance" wnsn="1" lexsn="2:41:00::">taking_chances</wf>
<punc>.</punc>
</s>
<s snum="3">
<wf cmd="ignore" pos="DT">This</wf>
<wf cmd="done" pos="VB" lemma="be" wnsn="1" lexsn="2:42:03::">was</wf>
<wf cmd="tag" pos="JJ">true</wf>
<wf cmd="tag" pos="RB">mostly</wf>
<wf cmd="ignore" pos="IN">of</wf>
<wf cmd="ignore" pos="DT">those</wf>
<wf cmd="tag" pos="JJ">Kohnstamm-negative</wf>
<wf cmd="tag" pos="NNS">subjects</wf>
<wf cmd="ignore" pos="WP">who</wf>
<wf cmd="done" pos="VBD" ot="notag">did</wf>
<wf cmd="tag" pos="RB">not</wf>
<wf cmd="done" pos="VB" lemma="perceive" wnsn="1" lexsn="2:39:00::">perceive</wf>
<wf cmd="ignore" pos="DT">the</wf>
<wf cmd="tag" pos="JJ">ambiguous</wf>
<wf cmd="tag" pos="NN">figure</wf>
<wf cmd="ignore" pos="IN">as</wf>
<wf cmd="tag" pos="NNS">people</wf>
<wf cmd="ignore" pos="IN">in</wf>
<wf cmd="tag" pos="NN">action</wf>
<punc>.</punc>
</s>
<s snum="4">
<wf cmd="tag" pos="NNS">Responses</wf>
<wf cmd="tag" pos="JJ">such_as</wf>
<punc>``</punc>
<wf cmd="tag" pos="NN">rope</wf>
<wf cmd="ignore" pos="IN">with</wf>
<wf cmd="ignore" pos="DT">a</wf>
<wf cmd="tag" pos="NN">loop</wf>
<wf cmd="ignore" pos="IN">in</wf>
<wf cmd="ignore" pos="PRP">it</wf>
<punc>''</punc>
<punc>,</punc>
<wf cmd="ignore" pos="CC">and</wf>
<punc>``</punc>
<wf cmd="tag" pos="CD">two</wf>
<wf cmd="tag" pos="NNS">pieces</wf>
<wf cmd="ignore" pos="IN">of</wf>
<wf cmd="tag" pos="NN">rope</wf>
<punc>''</punc>
<punc>,</punc>
<wf cmd="done" pos="VB" lemma="be" wnsn="1" lexsn="2:42:03::">were</wf>
<wf cmd="tag" pos="RB">quite</wf>
<wf cmd="tag" pos="JJ">characteristic</wf>
<punc>.</punc>
</s>
</p>
<p pnum="3">
<s snum="5">
<wf cmd="ignore" pos="DT">The</wf>
<wf cmd="tag" pos="CD">three</wf>
<wf cmd="tag" pos="NN">personality</wf>
<wf cmd="tag" pos="NNS">inventories</wf>
<punc>(</punc>
<wf cmd="tag" pos="NNP">Guilford_STDCR</wf>
<punc>;</punc>
<wf cmd="tag" pos="NNP">Guilford-Martin_GAMIN</wf>
<punc>;</punc>
<wf cmd="tag" pos="NNP">Guilford-Martin_OAGCo</wf>
<punc>)</punc>
<punc>,</punc>
<wf cmd="done" pos="VBD" ot="notag">were</wf>
<wf cmd="done" pos="VB" lemma="fill_out" wnsn="1" lexsn="2:32:00::">filled_out</wf>
<wf cmd="ignore" pos="IN">by</wf>
<wf cmd="tag" pos="CD">12</wf>
<wf cmd="ignore" pos="IN">of</wf>
<wf cmd="ignore" pos="DT">the</wf>
<wf cmd="tag" pos="JJ">Kohnstamm-positive</wf>
<wf cmd="tag" pos="NNS">subjects</wf>
<wf cmd="ignore" pos="CC">and</wf>
<wf cmd="tag" pos="CD">19</wf>
<wf cmd="ignore" pos="IN">of</wf>
<wf cmd="ignore" pos="DT">the</wf>
<wf cmd="tag" pos="JJ">Kohnstamm-negative</wf>
<wf cmd="tag" pos="NNS">subjects</wf>
<punc>.</punc>
</s>
<s snum="6">
<wf cmd="ignore" pos="DT">These</wf>
<wf cmd="done" pos="VB" lemma="be" wnsn="1" lexsn="2:42:03::">were</wf>
<wf cmd="ignore" pos="DT">the</wf>
<wf cmd="tag" pos="JJ">same</wf>
<wf cmd="tag" pos="NNS">subjects</wf>
<wf cmd="ignore" pos="WP">who</wf>
<wf cmd="done" pos="VBD" ot="notag">were</wf>
<wf cmd="done" pos="VB" lemma="give" wnsn="18" lexsn="2:32:03::">given</wf>
<wf cmd="ignore" pos="DT">the</wf>
<wf cmd="tag" pos="NNP">Rorschach</wf>
<wf cmd="tag" pos="NN">test</wf>
<punc>.</punc>
</s>
<s snum="7">
<wf cmd="ignore" pos="DT">Some</wf>
<wf cmd="tag" pos="NNS">predictions</wf>
<wf cmd="done" pos="VBD" ot="notag">had</wf>
<wf cmd="done" pos="VBN" ot="notag">been</wf>
<wf cmd="done" pos="VB" lemma="make" wnsn="1" lexsn="2:41:00::">made</wf>
<wf cmd="tag" pos="JJ">concerning</wf>
<wf cmd="tag" pos="NNS">factors</wf>
<wf cmd="tag" pos="NN">R</wf>
<punc>,</punc>
<wf cmd="tag" pos="NN">N</wf>
<punc>,</punc>
<wf cmd="ignore" pos="PRP">I</wf>
<wf cmd="ignore" pos="CC">and</wf>
<wf cmd="tag" pos="NNP">Co</wf>
<wf cmd="ignore" pos="IN">on</wf>
<wf cmd="ignore" pos="DT">these</wf>
<wf cmd="tag" pos="NNS">inventories</wf>
<wf cmd="ignore" pos="WDT">which</wf>
<wf cmd="done" pos="VB" lemma="appear" wnsn="1" lexsn="2:39:00::">appeared</wf>
<wf cmd="ignore" pos="TO">to</wf>
<wf cmd="done" pos="VB" ot="notag">be</wf>
<wf cmd="tag" pos="RB">directly</wf>
<wf cmd="done" pos="VB" lemma="relate" wnsn="4" lexsn="2:42:01::">related</wf>
<wf cmd="done" pos="VB" ot="notag">to</wf>
<wf cmd="tag" pos="NN">control</wf>
<wf cmd="ignore" pos="CC">and</wf>
<wf cmd="tag" pos="NN">security</wf>
<wf cmd="tag" pos="NNS">aspects</wf>
<wf cmd="ignore" pos="IN">of</wf>
<wf cmd="tag" pos="NN">personality</wf>
<wf cmd="tag" pos="NN">functioning</wf>
<wf cmd="ignore" pos="WDT">which</wf>
<wf cmd="done" pos="VBD" ot="notag">were</wf>
<wf cmd="done" pos="VB" lemma="hypothesize" wnsn="1" lexsn="2:31:00::">hypothesized</wf>
<wf cmd="ignore" pos="IN">as</wf>
<wf cmd="done" pos="VB" lemma="be" wnsn="1" lexsn="2:42:03::">being</wf>
<wf cmd="ignore" pos="IN">of</wf>
<wf cmd="tag" pos="NN">importance</wf>
<wf cmd="ignore" pos="IN">in</wf>
<wf cmd="tag" pos="JJ">differential</wf>
<wf cmd="tag" pos="NNP">Kohnstamm</wf>
<wf cmd="tag" pos="NN">reactivity</wf>
<punc>.</punc>
</s>
</p>
<p pnum="4">
<s snum="8">
<wf cmd="tag" pos="RB">Only</wf>
<wf cmd="tag" pos="NNP">Co</wf>
<wf cmd="done" pos="VB" lemma="differentiate" wnsn="2" lexsn="2:31:02::">differentiated</wf>
<wf cmd="ignore" pos="IN">between</wf>
<wf cmd="ignore" pos="DT">the</wf>
<wf cmd="tag" pos="CD">two</wf>
<wf cmd="tag" pos="NNS">groups</wf>
<wf cmd="ignore" pos="IN">at</wf>
<wf cmd="tag" pos="RB">less_than</wf>
<wf cmd="ignore" pos="DT">the</wf>
<wf cmd="tag" pos="CD">5</wf>
<punc>%</punc>
<wf cmd="tag" pos="NN">level</wf>
<punc>(</punc>
<punc>*</punc>
<punc>*</punc>
<wf cmd="tag" pos="NN">f</wf>
<punc>)</punc>
<punc>.</punc>
</s>
</p>
<p pnum="5">
<s snum="9">
<wf cmd="tag" pos="CD">One</wf>
<wf cmd="tag" pos="NN">prediction</wf>
<wf cmd="done" pos="VBD" ot="notag">had</wf>
<wf cmd="done" pos="VBN" ot="notag">been</wf>
<wf cmd="done" pos="VB" lemma="make" wnsn="1" lexsn="2:41:00::">made</wf>
<wf cmd="ignore" pos="IN">about</wf>
<wf cmd="ignore" pos="DT">the</wf>
<wf cmd="tag" pos="NN">difference</wf>
<wf cmd="ignore" pos="IN">in</wf>
<wf cmd="tag" pos="NN">security</wf>
<wf cmd="ignore" pos="CC">or</wf>
<wf cmd="tag" pos="NN">self-confidence</wf>
<wf cmd="ignore" pos="IN">between</wf>
<wf cmd="ignore" pos="DT">those</wf>
<wf cmd="tag" pos="NNS">subjects</wf>
<wf cmd="ignore" pos="WP">who</wf>
<wf cmd="done" pos="VB" lemma="shift" wnsn="1" lexsn="2:30:00::">shifted</wf>
<wf cmd="ignore" pos="PRP$">their</wf>
<wf cmd="tag" pos="NNP">Kohnstamm</wf>
<wf cmd="tag" pos="NN">reactivity</wf>
<wf cmd="ignore" pos="WRB">when</wf>
<wf cmd="done" pos="VB" lemma="inform" wnsn="1" lexsn="2:32:00::">informed</wf>
<wf cmd="ignore" pos="CC">and</wf>
<wf cmd="ignore" pos="DT">those</wf>
<wf cmd="ignore" pos="WP">who</wf>
<wf cmd="done" pos="VBD" ot="notag">did</wf>
<wf cmd="tag" pos="RB">not</wf>
<punc>.</punc>
</s>
<s snum="10">
<wf cmd="ignore" pos="DT">The</wf>
<wf cmd="tag" pos="NNS">nonreactors</wf>
<wf cmd="done" pos="VBD" ot="notag">had</wf>
<wf cmd="done" pos="VBN" ot="notag">been</wf>
<wf cmd="done" pos="VB" lemma="separate" wnsn="6" lexsn="2:31:00::">separated</wf>
<wf cmd="ignore" pos="IN">into</wf>
<wf cmd="tag" pos="CD">two</wf>
<wf cmd="tag" pos="NNS">groups</wf>
<wf cmd="ignore" pos="IN">on</wf>
<wf cmd="ignore" pos="DT">this</wf>
<wf cmd="tag" pos="NN">assumption</wf>
<wf cmd="ignore" pos="IN">with</wf>
<wf cmd="ignore" pos="DT">the</wf>
<wf cmd="tag" pos="RB">presumably</wf>
<punc>``</punc>
<wf cmd="tag" pos="JJ">secure</wf>
<punc>''</punc>
<wf cmd="tag" pos="NNS">nonreactors</wf>
<wf cmd="ignore" pos="CC">and</wf>
<punc>``</punc>
<wf cmd="tag" pos="JJ">secure</wf>
<punc>''</punc>
<wf cmd="tag" pos="NNS">reactors</wf>
<wf cmd="done" pos="VBG" ot="notag">being</wf>
<wf cmd="done" pos="VB" lemma="use" wnsn="1" lexsn="2:34:01::">used</wf>
<wf cmd="ignore" pos="IN">as</wf>
<wf cmd="ignore" pos="DT">the</wf>
<wf cmd="tag" pos="NNS">groups</wf>
<wf cmd="ignore" pos="IN">for</wf>
<wf cmd="tag" pos="JJ">comparative</wf>
<wf cmd="tag" pos="NN">personality</wf>
<wf cmd="tag" pos="NNS">studies</wf>
<punc>.</punc>
</s>
<s snum="11">
<wf cmd="ignore" pos="PRP">It</wf>
<wf cmd="done" pos="VBD" ot="notag">was</wf>
<wf cmd="done" pos="VB" lemma="predict" wnsn="1" lexsn="2:32:00::">predicted</wf>
<wf cmd="ignore" pos="IN">that</wf>
<wf cmd="ignore" pos="DT">those</wf>
<wf cmd="ignore" pos="WP">who</wf>
<wf cmd="done" pos="VB" lemma="shift" wnsn="1" lexsn="2:30:00::">shifted</wf>
<wf cmd="ignore" pos="IN">in</wf>
<wf cmd="ignore" pos="PRP$">their</wf>
<wf cmd="tag" pos="NNP">Kohnstamm</wf>
<wf cmd="tag" pos="NN">reactivity</wf>
<wf cmd="ignore" pos="MD">would</wf>
<wf cmd="done" pos="VB" lemma="differ" wnsn="1" lexsn="2:42:00::">differ</wf>
<wf cmd="tag" pos="RB">significantly</wf>
<wf cmd="ignore" pos="IN">from</wf>
<wf cmd="ignore" pos="DT">those</wf>
<wf cmd="ignore" pos="WP">who</wf>
<wf cmd="done" pos="VBD" ot="notag">did</wf>
<wf cmd="tag" pos="RB">not</wf>
<wf cmd="ignore" pos="IN">on</wf>
<wf cmd="ignore" pos="DT">the</wf>
<wf cmd="tag" pos="NN">factor</wf>
<wf cmd="ignore" pos="PRP">I</wf>
<wf cmd="ignore" pos="WDT">which</wf>
<wf cmd="ignore" pos="DT">the</wf>
<wf cmd="tag" pos="NNS">investigators</wf>
<wf cmd="done" pos="VB" lemma="refer" wnsn="3" lexsn="2:31:00::">refer</wf>
<wf cmd="done" pos="VB" ot="notag">to</wf>
<wf cmd="ignore" pos="IN">as</wf>
<wf cmd="ignore" pos="DT">the</wf>
<punc>``</punc>
<wf cmd="tag" pos="NN">Inferiority</wf>
<punc>''</punc>
<wf cmd="tag" pos="NN">factor</wf>
<punc>.</punc>
</s>
<s snum="12">
<wf cmd="tag" pos="JJ">All_of</wf>
<wf cmd="ignore" pos="DT">the</wf>
<wf cmd="tag" pos="NNS">subjects</wf>
<wf cmd="ignore" pos="IN">in</wf>
<wf cmd="ignore" pos="DT">the</wf>
<wf cmd="tag" pos="JJ">Kohnstamm-negative</wf>
<wf cmd="ignore" pos="CC">and</wf>
<wf cmd="tag" pos="JJ">Kohnstamm-positive</wf>
<wf cmd="tag" pos="NNS">groups</wf>
<punc>(</punc>
<wf cmd="ignore" pos="IN">as</wf>
<wf cmd="done" pos="VB" lemma="define" wnsn="2" lexsn="2:32:00::">defined</wf>
<wf cmd="ignore" pos="IN">for</wf>
<wf cmd="tag" pos="NNS">purposes</wf>
<wf cmd="ignore" pos="IN">of</wf>
<wf cmd="ignore" pos="DT">the</wf>
<wf cmd="tag" pos="NN">personality</wf>
<wf cmd="tag" pos="NNS">studies</wf>
<punc>)</punc>
<wf cmd="done" pos="VBD" ot="notag">were</wf>
<wf cmd="done" pos="VB" lemma="compare" wnsn="1" lexsn="2:31:00::">compared</wf>
<wf cmd="ignore" pos="IN">with</wf>
<wf cmd="ignore" pos="DT">those</wf>
<wf cmd="tag" pos="NNS">subjects</wf>
<wf cmd="ignore" pos="WP">who</wf>
<wf cmd="done" pos="VB" lemma="shift" wnsn="1" lexsn="2:30:00::">shifted</wf>
<wf cmd="ignore" pos="IN">in</wf>
<wf cmd="tag" pos="NNS">Conditions</wf>
<wf cmd="tag" pos="CD">3</wf>
<punc>,</punc>
<wf cmd="ignore" pos="CC">or</wf>
<wf cmd="tag" pos="CD">4</wf>
<punc>,</punc>
<punc>.</punc>
</s>
<s snum="13">
<wf cmd="ignore" pos="DT">A</wf>
<wf cmd="tag" pos="NN">t</wf>
<wf cmd="tag" pos="NN">test</wf>
<wf cmd="ignore" pos="IN">on</wf>
<wf cmd="ignore" pos="DT">these</wf>
<wf cmd="tag" pos="CD">two</wf>
<wf cmd="tag" pos="NNS">groups</wf>
<punc>,</punc>
<wf cmd="tag" pos="NNS">shifters</wf>
<wf cmd="ignore" pos="IN">vs.</wf>
<wf cmd="tag" pos="NNS">nonshifters</wf>
<punc>,</punc>
<wf cmd="done" pos="VB" lemma="give" wnsn="2" lexsn="2:40:05::">gave</wf>
<wf cmd="ignore" pos="DT">a</wf>
<punc>``</punc>
<wf cmd="tag" pos="NN">t</wf>
<punc>''</punc>
<wf cmd="tag" pos="NN">value</wf>
<wf cmd="ignore" pos="IN">of</wf>
<wf cmd="tag" pos="CD">2.405</wf>
<wf cmd="ignore" pos="WDT">which</wf>
<wf cmd="done" pos="VB" lemma="be" wnsn="1" lexsn="2:42:03::">is</wf>
<wf cmd="tag" pos="JJ">significant</wf>
<wf cmd="ignore" pos="IN">on</wf>
<wf cmd="ignore" pos="DT">the</wf>
<wf cmd="tag" pos="JJ">two-tail</wf>
<wf cmd="tag" pos="NN">test</wf>
<wf cmd="ignore" pos="IN">at</wf>
<wf cmd="ignore" pos="DT">the</wf>
<wf cmd="tag" pos="CD">.028</wf>
<wf cmd="tag" pos="NN">level</wf>
<punc>.</punc>
</s>
</p>
<p pnum="6">
<s snum="14">
<wf cmd="tag" pos="JJ">Individual</wf>
<wf cmd="tag" pos="NNS">differences</wf>
<wf cmd="ignore" pos="IN">in</wf>
<wf cmd="tag" pos="NNP">Kohnstamm</wf>
<wf cmd="tag" pos="NN">reactivity</wf>
<wf cmd="ignore" pos="TO">to</wf>
<wf cmd="tag" pos="JJ">controlled</wf>
<wf cmd="tag" pos="NNP">Kohnstamm</wf>
<wf cmd="tag" pos="NNS">situations</wf>
<wf cmd="done" pos="VB" ot="notag">were</wf>
<wf cmd="done" pos="VB" lemma="find" wnsn="2" lexsn="2:39:02::">found</wf>
<wf cmd="ignore" pos="IN">among</wf>
<wf cmd="ignore" pos="DT">the</wf>
<wf cmd="tag" pos="NNS">subjects</wf>
<wf cmd="done" pos="VB" lemma="use" wnsn="1" lexsn="2:34:01::">used</wf>
<wf cmd="ignore" pos="IN">in</wf>
<wf cmd="ignore" pos="DT">the</wf>
<wf cmd="tag" pos="NN">study</wf>
<punc>.</punc>
</s>
<s snum="15">
<wf cmd="tag" pos="RB">Only</wf>
<wf cmd="tag" pos="CD">27</wf>
<punc>%</punc>
<punc>(</punc>
<wf cmd="tag" pos="CD">11</wf>
<wf cmd="tag" pos="NNS">subjects</wf>
<punc>)</punc>
<wf cmd="done" pos="VB" lemma="give" wnsn="2" lexsn="2:40:05::">gave</wf>
<wf cmd="ignore" pos="DT">a</wf>
<wf cmd="tag" pos="JJ">positive</wf>
<wf cmd="tag" pos="NNP">Kohnstamm</wf>
<wf cmd="tag" pos="NN">reaction</wf>
<wf cmd="ignore" pos="WRB">when</wf>
<wf cmd="tag" pos="RB">completely</wf>
<wf cmd="tag" pos="NN">nai</wf>
<wf cmd="tag" pos="NN">^</wf>
<wf cmd="tag" pos="NN">ve</wf>
<wf cmd="tag" pos="JJ">concerning</wf>
<wf cmd="ignore" pos="DT">the</wf>
<wf cmd="tag" pos="NN">phenomenon</wf>
<punc>.</punc>
</s>
<s snum="16">
<wf cmd="ignore" pos="EX">There</wf>
<wf cmd="done" pos="VB" ot="notag">were</wf>
<wf cmd="tag" pos="CD">49</wf>
<punc>%</punc>
<punc>(</punc>
<wf cmd="tag" pos="CD">20</wf>
<wf cmd="tag" pos="NNS">subjects</wf>
<punc>)</punc>
<wf cmd="ignore" pos="WP">who</wf>
<wf cmd="done" pos="VBD" ot="notag">did</wf>
<wf cmd="tag" pos="RB">not</wf>
<wf cmd="done" pos="VB" lemma="give" wnsn="2" lexsn="2:40:05::">give</wf>
<wf cmd="ignore" pos="DT">a</wf>
<wf cmd="tag" pos="JJ">positive</wf>
<wf cmd="tag" pos="NN">reaction</wf>
<wf cmd="tag" pos="RB">even</wf>
<wf cmd="ignore" pos="IN">after</wf>
<wf cmd="ignore" pos="PRP">they</wf>
<wf cmd="done" pos="VBD" ot="notag">were</wf>
<wf cmd="done" pos="VB" lemma="inform" wnsn="1" lexsn="2:32:00::">informed</wf>
<wf cmd="ignore" pos="IN">of</wf>
<wf cmd="ignore" pos="DT">the</wf>
<wf cmd="tag" pos="NN">normalcy</wf>
<wf cmd="ignore" pos="IN">of</wf>
<wf cmd="tag" pos="JJ">such</wf>
<wf cmd="ignore" pos="DT">a</wf>
<wf cmd="tag" pos="NN">reaction</wf>
<wf cmd="ignore" pos="CC">and</wf>
<wf cmd="done" pos="VBD" ot="notag">had</wf>
<wf cmd="done" pos="VBN" ot="notag">been</wf>
<wf cmd="done" pos="VB" lemma="give" wnsn="2" lexsn="2:40:05::">given</wf>
<wf cmd="ignore" pos="DT">a</wf>
<wf cmd="tag" pos="NN">demonstration</wf>
<punc>.</punc>
</s>
<s snum="17">
<wf cmd="ignore" pos="EX">There</wf>
<wf cmd="done" pos="VB" ot="notag">were</wf>
<wf cmd="tag" pos="CD">24</wf>
<punc>%</punc>
<punc>(</punc>
<wf cmd="tag" pos="CD">10</wf>
<wf cmd="tag" pos="NNS">subjects</wf>
<punc>)</punc>
<wf cmd="ignore" pos="WP">who</wf>
<wf cmd="done" pos="VB" lemma="shift" wnsn="1" lexsn="2:30:00::">shifted</wf>
<wf cmd="ignore" pos="IN">from</wf>
<wf cmd="ignore" pos="DT">a</wf>
<wf cmd="tag" pos="JJ">negative</wf>
<wf cmd="ignore" pos="TO">to</wf>
<wf cmd="ignore" pos="DT">a</wf>
<wf cmd="tag" pos="JJ">positive</wf>
<wf cmd="tag" pos="NN">reaction</wf>
<wf cmd="ignore" pos="IN">after</wf>
<wf cmd="ignore" pos="PRP">they</wf>
<wf cmd="done" pos="VBD" ot="notag">were</wf>
<wf cmd="done" pos="VB" lemma="reassure" wnsn="1" lexsn="2:37:00::">reassured</wf>
<wf cmd="tag" pos="RB">as</wf>
<wf cmd="ignore" pos="TO">to</wf>
<wf cmd="ignore" pos="DT">the</wf>
<wf cmd="tag" pos="NN">normalcy</wf>
<wf cmd="ignore" pos="IN">of</wf>
<wf cmd="ignore" pos="DT">the</wf>
<wf cmd="tag" pos="JJ">Kohnstamm-positive</wf>
<wf cmd="tag" pos="NN">reaction</wf>
<punc>.</punc>
</s>
</p>
<p pnum="7">
<s snum="18">
<wf cmd="ignore" pos="IN">Among</wf>
<wf cmd="ignore" pos="DT">this</wf>
<wf cmd="tag" pos="NN">latter</wf>
<wf cmd="tag" pos="NN">group</wf>
<wf cmd="ignore" pos="EX">there</wf>
<wf cmd="done" pos="VB" ot="notag">were</wf>
<wf cmd="tag" pos="RB">also</wf>
<wf cmd="tag" pos="NNS">differences</wf>
<wf cmd="ignore" pos="IN">in</wf>
<wf cmd="ignore" pos="DT">the</wf>
<wf cmd="tag" pos="NN">amount</wf>
<wf cmd="ignore" pos="CC">and</wf>
<wf cmd="tag" pos="RB">kind_of</wf>
<wf cmd="tag" pos="NN">information</wf>
<wf cmd="tag" pos="JJ">necessary</wf>
<wf cmd="ignore" pos="IN">before</wf>
<wf cmd="ignore" pos="DT">a</wf>
<wf cmd="tag" pos="NN">shift</wf>
<wf cmd="ignore" pos="IN">in</wf>
<wf cmd="tag" pos="NN">reaction</wf>
<wf cmd="done" pos="VB" lemma="occur" wnsn="1" lexsn="2:30:00::">occurred</wf>
<punc>.</punc>
</s>
<s snum="19">
<wf cmd="tag" pos="CD">One</wf>
<wf cmd="tag" pos="NN">subject</wf>
<wf cmd="done" pos="VB" lemma="change" wnsn="2" lexsn="2:30:00::">changed</wf>
<wf cmd="ignore" pos="WRB">when</wf>
<wf cmd="done" pos="VB" lemma="give" wnsn="2" lexsn="2:40:05::">given</wf>
<wf cmd="tag" pos="RB">only</wf>
<wf cmd="ignore" pos="DT">the</wf>
<wf cmd="tag" pos="NN">information</wf>
<wf cmd="ignore" pos="IN">that</wf>
<wf cmd="ignore" pos="DT">some</wf>
<wf cmd="tag" pos="NNS">people</wf>
<wf cmd="done" pos="VBP" ot="notag">have</wf>
<wf cmd="tag" pos="NN">something</wf>
<wf cmd="done" pos="VB" lemma="happen" wnsn="1" lexsn="2:30:00::">happen</wf>
<wf cmd="done" pos="VB" ot="notag">to</wf>
<wf cmd="ignore" pos="PRP$">their</wf>
<wf cmd="tag" pos="NN">arm</wf>
<wf cmd="ignore" pos="WRB">when</wf>
<wf cmd="ignore" pos="PRP">they</wf>
<wf cmd="done" pos="VB" lemma="relax" wnsn="1" lexsn="2:29:00::">relax</wf>
<punc>.</punc>
</s>
<s snum="20">
<wf cmd="tag" pos="CD">Five</wf>
<wf cmd="tag" pos="NNS">subjects</wf>
<punc>(</punc>
<wf cmd="tag" pos="CD">12</wf>
<punc>%</punc>
<punc>)</punc>
<wf cmd="done" pos="VBD" ot="notag">did</wf>
<wf cmd="tag" pos="RB">not</wf>
<wf cmd="done" pos="VB" lemma="change" wnsn="2" lexsn="2:30:00::">change</wf>
<wf cmd="ignore" pos="IN">until</wf>
<wf cmd="ignore" pos="PRP">they</wf>
<wf cmd="done" pos="VBD" ot="notag">had</wf>
<wf cmd="done" pos="VBN" ot="notag">been</wf>
<wf cmd="done" pos="VB" lemma="tell" wnsn="1" lexsn="2:32:04::">told</wf>
<wf cmd="ignore" pos="IN">that</wf>
<wf cmd="ignore" pos="DT">some</wf>
<wf cmd="tag" pos="NNS">people</wf>
<wf cmd="done" pos="VB" ot="notag">have</wf>
<wf cmd="tag" pos="NN">something</wf>
<wf cmd="done" pos="VB" lemma="happen" wnsn="1" lexsn="2:30:00::">happen</wf>
<wf cmd="done" pos="VB" ot="notag">to</wf>
<wf cmd="ignore" pos="PRP$">their</wf>
<wf cmd="tag" pos="NN">arm</wf>
<punc>,</punc>
<wf cmd="ignore" pos="WP">what</wf>
<wf cmd="ignore" pos="IN">that</wf>
<wf cmd="tag" pos="NN">something</wf>
<wf cmd="done" pos="VB" lemma="be" wnsn="1" lexsn="2:42:03::">was</wf>
<punc>,</punc>
<wf cmd="ignore" pos="CC">and</wf>
<wf cmd="tag" pos="RB">also</wf>
<wf cmd="done" pos="VBD" ot="notag">were</wf>
<wf cmd="done" pos="VB" lemma="give" wnsn="2" lexsn="2:40:05::">given</wf>
<wf cmd="ignore" pos="DT">a</wf>
<wf cmd="tag" pos="NN">demonstration</wf>
<punc>.</punc>
</s>
<s snum="21">
<wf cmd="tag" pos="CD">Four</wf>
<wf cmd="tag" pos="NNS">subjects</wf>
<punc>(</punc>
<wf cmd="tag" pos="CD">10</wf>
<punc>%</punc>
<punc>)</punc>
<wf cmd="done" pos="VBD" ot="notag">did</wf>
<wf cmd="tag" pos="RB">not</wf>
<wf cmd="done" pos="VB" lemma="change" wnsn="2" lexsn="2:30:00::">change</wf>
<wf cmd="tag" pos="RB">even</wf>
<wf cmd="tag" pos="RB">then</wf>
<wf cmd="ignore" pos="CC">but</wf>
<wf cmd="done" pos="VB" lemma="need" wnsn="2" lexsn="2:34:00::">needed</wf>
<wf cmd="ignore" pos="DT">the</wf>
<wf cmd="tag" pos="JJ">additional</wf>
<wf cmd="tag" pos="NN">information</wf>
<wf cmd="ignore" pos="IN">that</wf>
<wf cmd="ignore" pos="DT">an</wf>
<wf cmd="tag" pos="NN">arm-elevation</wf>
<wf cmd="ignore" pos="IN">under</wf>
<wf cmd="ignore" pos="DT">these</wf>
<wf cmd="tag" pos="NNS">circumstances</wf>
<wf cmd="done" pos="VB" lemma="be" wnsn="1" lexsn="2:42:03::">was</wf>
<wf cmd="ignore" pos="DT">a</wf>
<wf cmd="tag" pos="RB">perfectly</wf>
<wf cmd="tag" pos="JJ">normal</wf>
<wf cmd="tag" pos="NN">reflex</wf>
<wf cmd="tag" pos="NN">reaction</wf>
<wf cmd="ignore" pos="WDT">which</wf>
<wf cmd="ignore" pos="DT">some</wf>
<wf cmd="tag" pos="NNS">people</wf>
<wf cmd="done" pos="VB" lemma="show" wnsn="4" lexsn="2:39:00::">showed</wf>
<wf cmd="ignore" pos="IN">while</wf>
<wf cmd="tag" pos="NNS">others</wf>
<wf cmd="done" pos="VBD" ot="notag">did</wf>
<wf cmd="tag" pos="RB">not</wf>
<punc>.</punc>
</s>
<s snum="22">
<wf cmd="tag" pos="RB">At_no_time</wf>
<wf cmd="done" pos="VBD" ot="notag">was</wf>
<wf cmd="ignore" pos="PRP">it</wf>
<wf cmd="done" pos="VB" lemma="imply" wnsn="1" lexsn="2:32:00::">implied</wf>
<wf cmd="ignore" pos="IN">by</wf>
<wf cmd="ignore" pos="DT">the</wf>
<wf cmd="tag" pos="NN">experimenter</wf>
<wf cmd="ignore" pos="IN">that</wf>
<wf cmd="ignore" pos="DT">the</wf>
<wf cmd="tag" pos="NN">subject</wf>
<wf cmd="ignore" pos="POS">'s</wf>
<wf cmd="tag" pos="JJ">initial</wf>
<wf cmd="tag" pos="NN">reaction</wf>
<wf cmd="done" pos="VB" lemma="be" wnsn="1" lexsn="2:42:03::">was</wf>
<wf cmd="tag" pos="JJ">deviant</wf>
<punc>.</punc>
</s>
<s snum="23">
<wf cmd="ignore" pos="DT">The</wf>
<wf cmd="tag" pos="NNS">subjects</wf>
<wf cmd="done" pos="VBD" ot="notag">were</wf>
<wf cmd="tag" pos="RB">only</wf>
<wf cmd="done" pos="VB" lemma="give" wnsn="12" lexsn="2:40:09::">given</wf>
<wf cmd="tag" pos="NN">information</wf>
<wf cmd="ignore" pos="IN">about</wf>
<wf cmd="tag" pos="JJ">other</wf>
<wf cmd="tag" pos="NNS">possibilities</wf>
<wf cmd="ignore" pos="IN">of</wf>
<punc>``</punc>
<wf cmd="tag" pos="JJ">normal</wf>
<punc>''</punc>
<wf cmd="tag" pos="NN">reaction</wf>
<punc>.</punc>
</s>
<s snum="24">
<wf cmd="ignore" pos="DT">Those</wf>
<wf cmd="ignore" pos="WP">who</wf>
<wf cmd="done" pos="VB" lemma="respond" wnsn="1" lexsn="2:31:00::">responded</wf>
<wf cmd="ignore" pos="IN">with</wf>
<wf cmd="ignore" pos="DT">an</wf>
<wf cmd="tag" pos="NN">arm-elevation</wf>
<wf cmd="ignore" pos="IN">in</wf>
<wf cmd="ignore" pos="DT">the</wf>
<wf cmd="tag" pos="NN">nai</wf>
<wf cmd="tag" pos="NN">^</wf>
<wf cmd="tag" pos="NN">ve</wf>
<wf cmd="tag" pos="NN">state</wf>
<wf cmd="done" pos="VBD" ot="notag">did</wf>
<wf cmd="tag" pos="RB">not</wf>
<wf cmd="done" pos="VB" lemma="change" wnsn="1" lexsn="2:30:01::">change</wf>
<wf cmd="ignore" pos="PRP$">their</wf>
<wf cmd="tag" pos="NN">reaction</wf>
<wf cmd="ignore" pos="WRB">when</wf>
<wf cmd="done" pos="VB" lemma="tell" wnsn="1" lexsn="2:32:04::">told</wf>
<wf cmd="ignore" pos="IN">that</wf>
<wf cmd="ignore" pos="EX">there</wf>
<wf cmd="done" pos="VB" ot="notag">were</wf>
<wf cmd="ignore" pos="DT">some</wf>
<wf cmd="tag" pos="JJ">normal</wf>
<wf cmd="tag" pos="NNS">people</wf>
<wf cmd="ignore" pos="WP">who</wf>
<wf cmd="done" pos="VBD" ot="notag">did</wf>
<wf cmd="tag" pos="RB">not</wf>
<wf cmd="done" pos="VB" lemma="react" wnsn="1" lexsn="2:31:00::">react</wf>
<wf cmd="tag" pos="RB">in_this</wf>
<wf cmd="tag" pos="NN">fashion</wf>
<punc>.</punc>
</s>
<s snum="25">
<wf cmd="ignore" pos="DT">This</wf>
<wf cmd="tag" pos="NN">information</wf>
<wf cmd="done" pos="VBD" ot="notag">was</wf>
<wf cmd="done" pos="VB" lemma="accept" wnsn="1" lexsn="2:31:00::">accepted</wf>
<wf cmd="ignore" pos="IN">with</wf>
<wf cmd="ignore" pos="DT">the</wf>
<wf cmd="tag" pos="JJ">frequent</wf>
<wf cmd="tag" pos="NN">interpretation</wf>
<wf cmd="ignore" pos="IN">that</wf>
<wf cmd="ignore" pos="DT">those</wf>
<wf cmd="tag" pos="NNS">persons</wf>
<wf cmd="ignore" pos="WP">who</wf>
<wf cmd="done" pos="VBD" ot="notag">did</wf>
<wf cmd="tag" pos="RB">not</wf>
<wf cmd="done" pos="VB" lemma="show" wnsn="4" lexsn="2:39:00::">show</wf>
<wf cmd="tag" pos="NN">arm-levitation</wf>
<wf cmd="ignore" pos="MD">must</wf>
<wf cmd="done" pos="VB" ot="notag">be</wf>
<wf cmd="done" pos="VB" lemma="prevent" wnsn="2" lexsn="2:41:00::">preventing</wf>
<wf cmd="ignore" pos="PRP">it</wf>
<punc>.</punc>
</s>
<s snum="26">
<wf cmd="ignore" pos="DT">These</wf>
<wf cmd="tag" pos="NNS">subjects</wf>
<wf cmd="done" pos="VB" lemma="imply" wnsn="1" lexsn="2:32:00::">implied</wf>
<wf cmd="ignore" pos="IN">that</wf>
<wf cmd="ignore" pos="PRP">they</wf>
<wf cmd="tag" pos="RB">too</wf>
<wf cmd="ignore" pos="MD">could</wf>
<wf cmd="done" pos="VB" lemma="prevent" wnsn="2" lexsn="2:41:00::">prevent</wf>
<wf cmd="ignore" pos="PRP$">their</wf>
<wf cmd="tag" pos="NNS">arms</wf>
<wf cmd="ignore" pos="IN">from</wf>
<wf cmd="done" pos="VB" lemma="rise" wnsn="1" lexsn="2:38:00::">rising</wf>
<wf cmd="ignore" pos="IN">if</wf>
<wf cmd="ignore" pos="PRP">they</wf>
<wf cmd="done" pos="VB" lemma="try" wnsn="1" lexsn="2:41:00::">tried</wf>
<punc>.</punc>
</s>
</p>
<p pnum="8">
<s snum="27">
<wf cmd="ignore" pos="DT">The</wf>
<wf cmd="tag" pos="JJ">positive</wf>
<wf cmd="tag" pos="NNP">Kohnstamm</wf>
<wf cmd="tag" pos="NN">reactivity</wf>
<wf cmd="tag" pos="JJ">in_Condition</wf>
<wf cmd="tag" pos="CD">1</wf>
<punc>,</punc>
<punc>(</punc>
<wf cmd="ignore" pos="DT">the</wf>
<wf cmd="tag" pos="NN">nai</wf>
<wf cmd="tag" pos="NN">^</wf>
<wf cmd="tag" pos="NN">ve</wf>
<wf cmd="tag" pos="NN">state</wf>
<punc>)</punc>
<wf cmd="done" pos="VBZ" ot="notag">is</wf>
<wf cmd="tag" pos="RB">not</wf>
<wf cmd="tag" pos="RB">adequately</wf>
<wf cmd="done" pos="VB" lemma="explain" wnsn="1" lexsn="2:32:00::">explained</wf>
<wf cmd="ignore" pos="IN">by</wf>
<wf cmd="tag" pos="JJ">such</wf>
<wf cmd="ignore" pos="DT">a</wf>
<wf cmd="tag" pos="NN">concept</wf>
<wf cmd="ignore" pos="IN">as</wf>
<wf cmd="tag" pos="NN">suggestibility</wf>
<punc>(</punc>
<wf cmd="ignore" pos="IN">if</wf>
<wf cmd="tag" pos="NN">suggestibility</wf>
<wf cmd="done" pos="VBZ" ot="notag">is</wf>
<wf cmd="done" pos="VB" lemma="define" wnsn="2" lexsn="2:32:00::">defined</wf>
<wf cmd="ignore" pos="IN">as</wf>
<wf cmd="ignore" pos="DT">the</wf>
<wf cmd="tag" pos="NN">influence</wf>
<wf cmd="ignore" pos="IN">on</wf>
<wf cmd="tag" pos="NN">behavior</wf>
<wf cmd="ignore" pos="IN">by</wf>
<wf cmd="tag" pos="JJ">verbal</wf>
<wf cmd="tag" pos="NNS">cues</wf>
<punc>)</punc>
<punc>.</punc>
</s>
<s snum="28">
<wf cmd="tag" pos="RB">In_no_way</wf>
<punc>,</punc>
<wf cmd="ignore" pos="DT">either</wf>
<wf cmd="tag" pos="RB">verbally</wf>
<wf cmd="ignore" pos="CC">or</wf>
<wf cmd="tag" pos="RB">behaviorally</wf>
<punc>,</punc>
<wf cmd="done" pos="VBD" ot="notag">did</wf>
<wf cmd="ignore" pos="DT">the</wf>
<wf cmd="tag" pos="NN">experimenter</wf>
<wf cmd="done" pos="VB" lemma="indicate" wnsn="2" lexsn="2:32:03::">indicate</wf>
<wf cmd="ignore" pos="TO">to</wf>
<wf cmd="ignore" pos="DT">the</wf>
<wf cmd="tag" pos="NNS">subjects</wf>
<wf cmd="ignore" pos="DT">any</wf>
<wf cmd="tag" pos="JJ">preferred</wf>
<wf cmd="tag" pos="NN">mode</wf>
<wf cmd="ignore" pos="IN">of</wf>
<wf cmd="done" pos="VB" lemma="respond" wnsn="1" lexsn="2:31:00::">responding</wf>
<wf cmd="ignore" pos="TO">to</wf>
<wf cmd="ignore" pos="DT">the</wf>
<wf cmd="tag" pos="JJ">voluntary</wf>
<wf cmd="tag" pos="NN">contraction</wf>
<punc>.</punc>
</s>
<s snum="29">
<wf cmd="tag" pos="RB">Moreover</wf>
<punc>,</punc>
<wf cmd="ignore" pos="WRB">when</wf>
<wf cmd="ignore" pos="DT">the</wf>
<wf cmd="tag" pos="NN">experimenter</wf>
<wf cmd="done" pos="VBD" ot="notag">did</wf>
<wf cmd="done" pos="VB" lemma="inform" wnsn="1" lexsn="2:32:00::">inform</wf>
<wf cmd="ignore" pos="DT">those</wf>
<wf cmd="tag" pos="NNS">subjects</wf>
<wf cmd="ignore" pos="IN">that</wf>
<wf cmd="ignore" pos="EX">there</wf>
<wf cmd="done" pos="VB" ot="notag">were</wf>
<wf cmd="ignore" pos="DT">some</wf>
<wf cmd="tag" pos="JJ">normal</wf>
<wf cmd="tag" pos="NNS">people</wf>
<wf cmd="ignore" pos="WP">who</wf>
<wf cmd="done" pos="VBD" ot="notag">did</wf>
<wf cmd="tag" pos="RB">not</wf>
<wf cmd="done" pos="VB" ot="notag">have</wf>
<wf cmd="ignore" pos="PRP$">their</wf>
<wf cmd="tag" pos="NN">arm</wf>
<wf cmd="done" pos="VB" lemma="rise" wnsn="1" lexsn="2:38:00::">rise</wf>
<wf cmd="tag" pos="RB">once</wf>
<wf cmd="ignore" pos="PRP">they</wf>
<wf cmd="done" pos="VB" lemma="relax" wnsn="1" lexsn="2:29:00::">relaxed</wf>
<punc>,</punc>
<wf cmd="ignore" pos="DT">the</wf>
<wf cmd="tag" pos="JJ">Kohnstamm-positive</wf>
<wf cmd="tag" pos="NNS">subjects</wf>
<wf cmd="done" pos="VB" lemma="be" wnsn="1" lexsn="2:42:03::">were</wf>
<wf cmd="tag" pos="JJ">uninfluenced</wf>
<wf cmd="ignore" pos="IN">in</wf>
<wf cmd="ignore" pos="PRP$">their</wf>
<wf cmd="tag" pos="JJ">subsequent</wf>
<wf cmd="tag" pos="NNS">reactions</wf>
<wf cmd="ignore" pos="TO">to</wf>
<wf cmd="ignore" pos="DT">the</wf>
<wf cmd="tag" pos="NNP">Kohnstamm</wf>
<wf cmd="tag" pos="NN">situation</wf>
<punc>.</punc>
</s>
<s snum="30">
<wf cmd="ignore" pos="PRP">They</wf>
<wf cmd="done" pos="VB" lemma="continue" wnsn="1" lexsn="2:42:01::">continued</wf>
<wf cmd="ignore" pos="TO">to</wf>
<wf cmd="done" pos="VB" lemma="give" wnsn="2" lexsn="2:40:05::">give</wf>
<wf cmd="ignore" pos="DT">an</wf>
<wf cmd="tag" pos="NN">arm-elevation</wf>
<punc>.</punc>
</s>
<s snum="31">
<wf cmd="ignore" pos="DT">A</wf>
<wf cmd="tag" pos="JJ">differential</wf>
<wf cmd="tag" pos="NN">suggestibility</wf>
<wf cmd="ignore" pos="MD">would</wf>
<wf cmd="done" pos="VB" ot="notag">have</wf>
<wf cmd="done" pos="VB" ot="notag">to</wf>
<wf cmd="done" pos="VB" ot="notag">be</wf>
<wf cmd="done" pos="VB" lemma="invoke" wnsn="1" lexsn="2:36:00::">invoked</wf>
<wf cmd="ignore" pos="TO">to</wf>
<wf cmd="done" pos="VB" lemma="explain" wnsn="1" lexsn="2:32:00::">explain</wf>
<wf cmd="ignore" pos="DT">the</wf>
<wf cmd="tag" pos="NN">failure</wf>
<wf cmd="tag" pos="RB">of_this</wf>
<wf cmd="tag" pos="JJ">additional</wf>
<wf cmd="tag" pos="NN">information</wf>
<wf cmd="ignore" pos="TO">to</wf>
<wf cmd="done" pos="VB" lemma="influence" wnsn="1" lexsn="2:41:00::">influence</wf>
<wf cmd="ignore" pos="DT">the</wf>
<wf cmd="tag" pos="JJ">Kohnstamm-positive</wf>
<wf cmd="tag" pos="NNS">reactors</wf>
<wf cmd="ignore" pos="CC">and</wf>
<wf cmd="tag" pos="RB">yet</wf>
<wf cmd="done" pos="VB" lemma="attribute" wnsn="1" lexsn="2:31:00::">attribute</wf>
<wf cmd="ignore" pos="PRP$">their</wf>
<wf cmd="tag" pos="NN">nai</wf>
<wf cmd="tag" pos="NN">^</wf>
<wf cmd="tag" pos="NN">ve</wf>
<wf cmd="tag" pos="NNP">Kohnstamm</wf>
<wf cmd="tag" pos="NN">reactivity</wf>
<wf cmd="ignore" pos="TO">to</wf>
<wf cmd="tag" pos="NN">suggestion</wf>
<punc>.</punc>
</s>
<s snum="32">
<wf cmd="tag" pos="NN">Autosuggestibility</wf>
<punc>,</punc>
<wf cmd="ignore" pos="DT">the</wf>
<wf cmd="tag" pos="NN">reaction</wf>
<wf cmd="ignore" pos="IN">of</wf>
<wf cmd="ignore" pos="DT">the</wf>
<wf cmd="tag" pos="NN">subject</wf>
<wf cmd="tag" pos="RB">in_such_a_way</wf>
<wf cmd="tag" pos="RB">as</wf>
<wf cmd="ignore" pos="TO">to</wf>
<wf cmd="done" pos="VB" lemma="conform_to" wnsn="1" lexsn="2:42:01::">conform_to</wf>
<wf cmd="ignore" pos="PRP$">his</wf>
<wf cmd="tag" pos="JJ">own</wf>
<wf cmd="tag" pos="NNS">expectations</wf>
<wf cmd="ignore" pos="IN">of</wf>
<wf cmd="ignore" pos="DT">the</wf>
<wf cmd="tag" pos="NN">outcome</wf>
<punc>(</punc>
<wf cmd="tag" pos="NN">i.</wf>
<wf cmd="tag" pos="NNP">e.</wf>
<punc>,</punc>
<wf cmd="ignore" pos="IN">that</wf>
<wf cmd="ignore" pos="DT">the</wf>
<wf cmd="tag" pos="NN">arm-rise</wf>
<wf cmd="done" pos="VB" lemma="be" wnsn="1" lexsn="2:42:03::">is</wf>
<wf cmd="ignore" pos="DT">a</wf>
<wf cmd="tag" pos="NN">reaction</wf>
<wf cmd="ignore" pos="TO">to</wf>
<wf cmd="ignore" pos="DT">the</wf>
<wf cmd="tag" pos="NN">pressure</wf>
<wf cmd="done" pos="VB" lemma="exert" wnsn="3" lexsn="2:41:00::">exerted</wf>
<wf cmd="ignore" pos="IN">in</wf>
<wf cmd="ignore" pos="DT">the</wf>
<wf cmd="tag" pos="JJ">voluntary</wf>
<wf cmd="tag" pos="NN">contraction</wf>
<punc>,</punc>
<wf cmd="ignore" pos="IN">because</wf>
<wf cmd="ignore" pos="IN">of</wf>
<wf cmd="ignore" pos="PRP$">his</wf>
<wf cmd="tag" pos="NN">knowledge</wf>
<wf cmd="ignore" pos="IN">that</wf>
<punc>``</punc>
<wf cmd="ignore" pos="TO">to</wf>
<wf cmd="ignore" pos="DT">every</wf>
<wf cmd="tag" pos="NN">reaction</wf>
<wf cmd="ignore" pos="EX">there</wf>
<wf cmd="done" pos="VB" ot="notag">is</wf>
<wf cmd="ignore" pos="DT">an</wf>
<wf cmd="tag" pos="JJ">equal</wf>
<wf cmd="ignore" pos="CC">and</wf>
<wf cmd="tag" pos="JJ">opposite</wf>
<wf cmd="tag" pos="NN">reaction</wf>
<punc>''</punc>
<punc>)</punc>
<wf cmd="tag" pos="RB">also</wf>
<wf cmd="done" pos="VB" lemma="seem" wnsn="1" lexsn="2:39:00::">seems</wf>
<wf cmd="tag" pos="JJ">inadequate</wf>
<wf cmd="ignore" pos="IN">as</wf>
<wf cmd="ignore" pos="DT">an</wf>
<wf cmd="tag" pos="NN">explanation</wf>
<wf cmd="ignore" pos="IN">for</wf>
<wf cmd="ignore" pos="DT">the</wf>
<wf cmd="tag" pos="JJ">following</wf>
<wf cmd="tag" pos="NNS">reasons</wf>
<punc>:</punc>
<punc>(</punc>
<wf cmd="tag" pos="CD">1</wf>
<punc>)</punc>
<wf cmd="ignore" pos="DT">the</wf>
<wf cmd="tag" pos="NNS">subjects</wf>
<punc>'</punc>
<wf cmd="tag" pos="RB">apparently</wf>
<wf cmd="tag" pos="JJ">genuine</wf>
<wf cmd="tag" pos="NN">experience</wf>
<wf cmd="ignore" pos="IN">of</wf>
<wf cmd="tag" pos="NN">surprise</wf>
<wf cmd="ignore" pos="WRB">when</wf>
<wf cmd="ignore" pos="PRP$">their</wf>
<wf cmd="tag" pos="NNS">arms</wf>
<wf cmd="done" pos="VB" lemma="rise" wnsn="1" lexsn="2:38:00::">rose</wf>
<punc>,</punc>
<wf cmd="ignore" pos="CC">and</wf>
<punc>(</punc>
<wf cmd="tag" pos="CD">2</wf>
<punc>)</punc>
<wf cmd="tag" pos="NNS">manifestations</wf>
<wf cmd="ignore" pos="IN">of</wf>
<wf cmd="ignore" pos="DT">the</wf>
<wf cmd="tag" pos="NN">phenomenon</wf>
<wf cmd="ignore" pos="IN">despite</wf>
<wf cmd="tag" pos="NNS">anticipations</wf>
<wf cmd="ignore" pos="IN">of</wf>
<wf cmd="tag" pos="NN">something</wf>
<wf cmd="tag" pos="RB">else</wf>
<wf cmd="done" pos="VB" lemma="happen" wnsn="1" lexsn="2:30:00::">happening</wf>
<punc>(</punc>
<wf cmd="tag" pos="NNP">e._g.</wf>
<punc>,</punc>
<wf cmd="ignore" pos="IN">of</wf>
<wf cmd="done" pos="VB" lemma="become" wnsn="1" lexsn="2:30:00::">becoming</wf>
<wf cmd="tag" pos="JJ">dizzy</wf>
<wf cmd="ignore" pos="CC">and</wf>
<wf cmd="tag" pos="RB">maybe</wf>
<wf cmd="done" pos="VB" lemma="fall" wnsn="1" lexsn="2:38:03::">falling</wf>
<punc>,</punc>
<wf cmd="ignore" pos="DT">an</wf>
<wf cmd="tag" pos="NN">expectation</wf>
<wf cmd="tag" pos="RB">spontaneously</wf>
<wf cmd="done" pos="VB" lemma="volunteer" wnsn="1" lexsn="2:32:00::">volunteered</wf>
<wf cmd="ignore" pos="IN">by</wf>
<wf cmd="tag" pos="CD">one</wf>
<wf cmd="ignore" pos="IN">of</wf>
<wf cmd="ignore" pos="DT">the</wf>
<wf cmd="tag" pos="NNS">subjects</wf>
<punc>)</punc>
<punc>.</punc>
</s>
</p>
<p pnum="9">
<s snum="33">
<wf cmd="ignore" pos="DT">A</wf>
<wf cmd="tag" pos="NN">suggestion</wf>
<wf cmd="tag" pos="NN">hypothesis</wf>
<wf cmd="tag" pos="RB">also</wf>
<wf cmd="done" pos="VB" lemma="seem" wnsn="1" lexsn="2:39:00::">seems</wf>
<wf cmd="tag" pos="JJ">inadequate</wf>
<wf cmd="ignore" pos="IN">as</wf>
<wf cmd="ignore" pos="DT">an</wf>
<wf cmd="tag" pos="NN">explanation</wf>
<wf cmd="ignore" pos="IN">for</wf>
<wf cmd="ignore" pos="DT">those</wf>
<wf cmd="ignore" pos="WP">who</wf>
<wf cmd="done" pos="VB" lemma="shift" wnsn="1" lexsn="2:30:00::">shifted</wf>
<wf cmd="ignore" pos="PRP$">their</wf>
<wf cmd="tag" pos="NNS">reactions</wf>
<wf cmd="ignore" pos="IN">after</wf>
<wf cmd="ignore" pos="PRP">they</wf>
<wf cmd="done" pos="VBD" ot="notag">were</wf>
<wf cmd="done" pos="VB" lemma="inform" wnsn="1" lexsn="2:32:00::">informed</wf>
<wf cmd="ignore" pos="IN">of</wf>
<wf cmd="ignore" pos="DT">the</wf>
<wf cmd="tag" pos="NNS">possibilities</wf>
<wf cmd="ignore" pos="IN">of</wf>
<punc>``</punc>
<wf cmd="tag" pos="JJ">normal</wf>
<punc>''</punc>
<wf cmd="tag" pos="NNS">reactions</wf>
<wf cmd="tag" pos="JJ">different</wf>
<wf cmd="ignore" pos="IN">from</wf>
<wf cmd="ignore" pos="DT">those</wf>
<wf cmd="ignore" pos="WDT">which</wf>
<wf cmd="ignore" pos="PRP">they</wf>
<wf cmd="done" pos="VB" lemma="give" wnsn="2" lexsn="2:40:05::">gave</wf>
<punc>.</punc>
</s>
<s snum="34">
<wf cmd="ignore" pos="IN">While</wf>
<wf cmd="ignore" pos="PRP">they</wf>
<wf cmd="done" pos="VBD" ot="notag">were</wf>
<wf cmd="done" pos="VB" lemma="tell" wnsn="1" lexsn="2:32:04::">told</wf>
<wf cmd="ignore" pos="IN">that</wf>
<wf cmd="ignore" pos="EX">there</wf>
<wf cmd="done" pos="VB" ot="notag">were</wf>
<wf cmd="ignore" pos="DT">some</wf>
<wf cmd="tag" pos="JJ">normal</wf>
<wf cmd="tag" pos="NNS">people</wf>
<wf cmd="ignore" pos="WP">who</wf>
<wf cmd="done" pos="VB" lemma="react" wnsn="1" lexsn="2:31:00::">reacted</wf>
<wf cmd="tag" pos="RB">differently</wf>
<wf cmd="ignore" pos="IN">than</wf>
<wf cmd="ignore" pos="PRP">they</wf>
<wf cmd="done" pos="VBD" ot="notag">had</wf>
<punc>,</punc>
<wf cmd="ignore" pos="PRP">they</wf>
<wf cmd="done" pos="VBD" ot="notag">were</wf>
<wf cmd="tag" pos="RB">also</wf>
<wf cmd="done" pos="VB" lemma="inform" wnsn="1" lexsn="2:32:00::">informed</wf>
<wf cmd="ignore" pos="IN">that</wf>
<wf cmd="ignore" pos="EX">there</wf>
<wf cmd="done" pos="VB" ot="notag">were</wf>
<wf cmd="tag" pos="JJ">other</wf>
<wf cmd="tag" pos="NNS">normals</wf>
<wf cmd="ignore" pos="WP">who</wf>
<wf cmd="done" pos="VB" lemma="react" wnsn="1" lexsn="2:31:00::">reacted</wf>
<wf cmd="ignore" pos="IN">as</wf>
<wf cmd="ignore" pos="PRP">they</wf>
<wf cmd="done" pos="VBD" ot="notag">had</wf>
<punc>.</punc>
</s>
<s snum="35">
<wf cmd="ignore" pos="EX">There</wf>
<wf cmd="done" pos="VB" ot="notag">was</wf>
<wf cmd="ignore" pos="DT">no</wf>
<wf cmd="tag" pos="NN">implication</wf>
<wf cmd="done" pos="VB" lemma="make" wnsn="1" lexsn="2:41:00::">made</wf>
<wf cmd="ignore" pos="IN">that</wf>
<wf cmd="ignore" pos="PRP$">their</wf>
<wf cmd="tag" pos="JJ">initial</wf>
<wf cmd="tag" pos="NN">reaction</wf>
<punc>(</punc>
<wf cmd="tag" pos="NN">absence</wf>
<wf cmd="ignore" pos="IN">of</wf>
<wf cmd="ignore" pos="DT">an</wf>
<wf cmd="tag" pos="NN">arm-elevation</wf>
<punc>)</punc>
<wf cmd="done" pos="VB" lemma="be" wnsn="1" lexsn="2:42:03::">was</wf>
<wf cmd="tag" rdf="less_than" pos="RBR">less</wf>
<wf cmd="tag" pos="JJ">preferred</wf>
<wf cmd="ignore" pos="IN">than</wf>
<wf cmd="ignore" pos="DT">the</wf>
<wf cmd="tag" pos="NN">presence</wf>
<wf cmd="ignore" pos="IN">of</wf>
<wf cmd="tag" pos="NN">levitation</wf>
<punc>.</punc>
</s>
<s snum="36">
<wf cmd="ignore" pos="DT">A</wf>
<wf cmd="tag" pos="RBR">more</wf>
<wf cmd="tag" pos="JJ">tenable</wf>
<wf cmd="tag" pos="NN">explanation</wf>
<wf cmd="ignore" pos="IN">for</wf>
<wf cmd="ignore" pos="DT">the</wf>
<wf cmd="tag" pos="NN">change</wf>
<wf cmd="ignore" pos="IN">in</wf>
<wf cmd="tag" pos="NNS">reactions</wf>
<wf cmd="done" pos="VB" lemma="be" wnsn="1" lexsn="2:42:03::">is</wf>
<wf cmd="ignore" pos="IN">that</wf>
<wf cmd="ignore" pos="DT">the</wf>
<wf cmd="tag" pos="JJ">added</wf>
<wf cmd="tag" pos="NN">knowledge</wf>
<wf cmd="ignore" pos="CC">and</wf>
<wf cmd="tag" pos="JJ">increased</wf>
<wf cmd="tag" pos="NN">familiarity</wf>
<wf cmd="ignore" pos="IN">with</wf>
<wf cmd="ignore" pos="DT">the</wf>
<wf cmd="tag" pos="JJ">total</wf>
<wf cmd="tag" pos="NN">situation</wf>
<wf cmd="done" pos="VB" lemma="make" wnsn="3" lexsn="2:36:00::">made</wf>
<wf cmd="done" pos="VB" ot="notag">it</wf>
<wf cmd="tag" pos="JJ">possible</wf>
<wf cmd="ignore" pos="IN">for</wf>
<wf cmd="ignore" pos="DT">these</wf>
<wf cmd="tag" pos="NN">subjects</wf>
<wf cmd="done" pos="VB" ot="notag">to</wf>
<wf cmd="done" pos="VB" lemma="be" wnsn="1" lexsn="2:42:03::">be</wf>
<wf cmd="tag" pos="RBR">less</wf>
<wf cmd="tag" pos="JJ">guarded</wf>
<wf cmd="ignore" pos="CC">and</wf>
<wf cmd="ignore" pos="TO">to</wf>
<wf cmd="done" pos="VB" lemma="relax" wnsn="1" lexsn="2:29:00::">relax</wf>
<punc>,</punc>
<wf cmd="ignore" pos="IN">since</wf>
<wf cmd="ignore" pos="DT">any</wf>
<wf cmd="tag" pos="NN">reaction</wf>
<wf cmd="done" pos="VB" lemma="seem" wnsn="1" lexsn="2:39:00::">seemed</wf>
<wf cmd="tag" pos="JJ">acceptable</wf>
<wf cmd="ignore" pos="TO">to</wf>
<wf cmd="ignore" pos="DT">the</wf>
<wf cmd="tag" pos="NN">examiner</wf>
<wf cmd="ignore" pos="IN">as</wf>
<punc>``</punc>
<wf cmd="tag" pos="JJ">normal</wf>
<punc>''</punc>
<punc>.</punc>
</s>
</p>
<p pnum="10">
<s snum="37">
<wf cmd="ignore" pos="DT">The</wf>
<wf cmd="tag" pos="NN">nai</wf>
<wf cmd="tag" pos="NN">^</wf>
<wf cmd="tag" pos="NN">ve</wf>
<wf cmd="tag" pos="NN">state</wf>
<punc>,</punc>
<wf cmd="tag" pos="NN">Condition</wf>
<wf cmd="tag" pos="CD">1</wf>
<punc>,</punc>
<punc>,</punc>
<wf cmd="ignore" pos="MD">could</wf>
<wf cmd="tag" pos="RB">therefore</wf>
<wf cmd="done" pos="VB" ot="notag">be</wf>
<wf cmd="done" pos="VB" lemma="view_as" wnsn="1" lexsn="2:31:00::">viewed_as</wf>
<wf cmd="ignore" pos="DT">an</wf>
<wf cmd="tag" pos="JJ">inhibiting</wf>
<wf cmd="tag" pos="CD">one</wf>
<wf cmd="ignore" pos="IN">for</wf>
<wf cmd="tag" pos="CD">24</wf>
<punc>%</punc>
<wf cmd="ignore" pos="IN">of</wf>
<wf cmd="ignore" pos="DT">the</wf>
<wf cmd="tag" pos="NNS">subjects</wf>
<wf cmd="tag" pos="RB">in_this</wf>
<wf cmd="tag" pos="NN">study</wf>
<punc>.</punc>
</s>
<s snum="38">
<wf cmd="ignore" pos="PRP">They</wf>
<wf cmd="done" pos="VB" lemma="be" wnsn="1" lexsn="2:42:03::">were</wf>
<wf cmd="tag" pos="RB">not</wf>
<wf cmd="tag" pos="JJ">free</wf>
<wf cmd="ignore" pos="TO">to</wf>
<wf cmd="done" pos="VB" lemma="be" wnsn="1" lexsn="2:42:03::">be</wf>
<wf cmd="ignore" pos="PRP">themselves</wf>
<wf cmd="tag" pos="RB">in_this</wf>
<wf cmd="tag" pos="NN">situation</wf>
<punc>,</punc>
<wf cmd="ignore" pos="DT">an</wf>
<wf cmd="tag" pos="JJ">interpersonal</wf>
<wf cmd="tag" pos="CD">one</wf>
<punc>,</punc>
<wf cmd="ignore" pos="WRB">where</wf>
<wf cmd="ignore" pos="EX">there</wf>
<wf cmd="done" pos="VB" ot="notag">was</wf>
<wf cmd="ignore" pos="DT">an</wf>
<wf cmd="tag" pos="NN">observer</wf>
<wf cmd="ignore" pos="IN">of</wf>
<wf cmd="ignore" pos="PRP$">their</wf>
<wf cmd="tag" pos="NNS">reactions</wf>
<wf cmd="ignore" pos="CC">and</wf>
<wf cmd="ignore" pos="PRP">they</wf>
<wf cmd="done" pos="VB" lemma="have" wnsn="1" lexsn="2:40:00::">had</wf>
<wf cmd="ignore" pos="DT">no</wf>
<wf cmd="tag" pos="NN">guide</wf>
<wf cmd="ignore" pos="IN">for</wf>
<wf cmd="tag" pos="JJ">acceptable</wf>
<wf cmd="tag" pos="NN">behavior</wf>
<punc>.</punc>
</s>
<s snum="39">
<wf cmd="tag" pos="NNS">Instructions</wf>
<wf cmd="ignore" pos="TO">to</wf>
<wf cmd="done" pos="VB" lemma="relax" wnsn="1" lexsn="2:29:00::">relax</wf>
<punc>,</punc>
<wf cmd="tag" pos="NN">i.</wf>
<wf cmd="tag" pos="NNP">e.</wf>
<punc>,</punc>
<wf cmd="ignore" pos="TO">to</wf>
<wf cmd="done" pos="VB" lemma="be" wnsn="1" lexsn="2:42:03::">be</wf>
<punc>``</punc>
<wf cmd="tag" pos="JJ">spontaneous</wf>
<punc>''</punc>
<punc>,</punc>
<wf cmd="ignore" pos="CC">and</wf>
<wf cmd="done" pos="VB" lemma="react" wnsn="1" lexsn="2:31:00::">react</wf>
<wf cmd="tag" pos="RB">immediately</wf>
<wf cmd="ignore" pos="TO">to</wf>
<wf cmd="ignore" pos="WDT">whatever</wf>
<wf cmd="tag" pos="NN">impulse</wf>
<wf cmd="ignore" pos="PRP">they</wf>
<wf cmd="done" pos="VB" ot="notag">might</wf>
<wf cmd="done" pos="VB" lemma="have" wnsn="3" lexsn="2:39:06::">have</wf>
<punc>,</punc>
<wf cmd="done" pos="VB" lemma="be" wnsn="1" lexsn="2:42:03::">was</wf>
<wf cmd="tag" pos="RB">not</wf>
<wf cmd="tag" pos="RB">sufficiently</wf>
<wf cmd="tag" pos="JJ">reassuring</wf>
<wf cmd="ignore" pos="IN">until</wf>
<wf cmd="ignore" pos="DT">some</wf>
<wf cmd="tag" pos="NN">idea</wf>
<wf cmd="ignore" pos="IN">of</wf>
<wf cmd="ignore" pos="DT">the</wf>
<wf cmd="tag" pos="NNS">possibilities</wf>
<wf cmd="ignore" pos="IN">of</wf>
<wf cmd="tag" pos="JJ">normal</wf>
<wf cmd="tag" pos="NNS">reactions</wf>
<wf cmd="done" pos="VBD" ot="notag">had</wf>
<wf cmd="done" pos="VBN" ot="notag">been</wf>
<wf cmd="done" pos="VB" lemma="give" wnsn="2" lexsn="2:40:05::">given</wf>
<punc>.</punc>
</s>
<s snum="40">
<wf cmd="ignore" pos="IN">While</wf>
<wf cmd="tag" pos="JJ">other</wf>
<wf cmd="tag" pos="NNS">conditions</wf>
<wf cmd="done" pos="VB" ot="notag">might</wf>
<wf cmd="done" pos="VB" lemma="be" wnsn="1" lexsn="2:42:03::">be</wf>
<wf cmd="tag" pos="RB">even</wf>
<wf cmd="tag" pos="RBR">more</wf>
<wf cmd="tag" pos="JJ">effective</wf>
<wf cmd="ignore" pos="IN">in</wf>
<wf cmd="done" pos="VB" lemma="bring_about" wnsn="0" lexsn="2:42:00::">bringing_about</wf>
<wf cmd="ignore" pos="DT">a</wf>
<wf cmd="tag" pos="NN">change</wf>
<wf cmd="ignore" pos="IN">from</wf>
<wf cmd="tag" pos="NN">immobility</wf>
<wf cmd="ignore" pos="TO">to</wf>
<wf cmd="tag" pos="NN">mobility</wf>
<wf cmd="ignore" pos="IN">in</wf>
<wf cmd="tag" pos="NNP">Kohnstamm</wf>
<wf cmd="tag" pos="NN">reactivity</wf>
<punc>,</punc>
<wf cmd="ignore" pos="PRP">it</wf>
<wf cmd="done" pos="VB" lemma="be" wnsn="1" lexsn="2:42:03::">is</wf>
<wf cmd="ignore" pos="PRP$">our</wf>
<wf cmd="tag" pos="NN">hypothesis</wf>
<wf cmd="ignore" pos="IN">that</wf>
<wf cmd="ignore" pos="DT">all</wf>
<wf cmd="tag" pos="JJ">such</wf>
<wf cmd="tag" pos="NNS">conditions</wf>
<wf cmd="ignore" pos="MD">would</wf>
<wf cmd="done" pos="VB" lemma="have" wnsn="1" lexsn="2:40:00::">have</wf>
<wf cmd="ignore" pos="IN">as</wf>
<wf cmd="ignore" pos="DT">a</wf>
<wf cmd="tag" pos="NN">common_factor</wf>
<wf cmd="ignore" pos="DT">the</wf>
<wf cmd="tag" pos="NN">capacity</wf>
<wf cmd="ignore" pos="TO">to</wf>
<wf cmd="done" pos="VB" lemma="induce" wnsn="1" lexsn="2:36:00::">induce</wf>
<wf cmd="ignore" pos="DT">an</wf>
<wf cmd="tag" pos="NN">attitude</wf>
<wf cmd="ignore" pos="IN">in</wf>
<wf cmd="ignore" pos="DT">the</wf>
<wf cmd="tag" pos="NN">subject</wf>
<wf cmd="ignore" pos="WDT">which</wf>
<wf cmd="done" pos="VB" lemma="enable" wnsn="1" lexsn="2:30:00::">enabled</wf>
<wf cmd="ignore" pos="PRP">him</wf>
<wf cmd="ignore" pos="TO">to</wf>
<wf cmd="done" pos="VB" lemma="divorce" wnsn="1" lexsn="2:41:01::">divorce</wf>
<wf cmd="ignore" pos="PRP">himself</wf>
<wf cmd="tag" pos="RB">temporarily</wf>
<wf cmd="ignore" pos="IN">from</wf>
<wf cmd="tag" pos="NNS">feelings</wf>
<wf cmd="ignore" pos="IN">of</wf>
<wf cmd="tag" pos="NN">responsibility</wf>
<wf cmd="ignore" pos="IN">for</wf>
<wf cmd="ignore" pos="PRP$">his</wf>
<wf cmd="tag" pos="NN">behavior</wf>
<punc>.</punc>
</s>
</p>
<p pnum="11">
<s snum="41">
<wf cmd="tag" pos="NN">Alcohol</wf>
<wf cmd="tag" pos="NN">ingestion</wf>
<wf cmd="done" pos="VB" lemma="succeed" wnsn="1" lexsn="2:41:00::">succeeded</wf>
<wf cmd="done" pos="VB" ot="notag">in</wf>
<wf cmd="done" pos="VB" lemma="change" wnsn="1" lexsn="2:30:01::">changing</wf>
<wf cmd="tag" pos="NN">immobility</wf>
<wf cmd="ignore" pos="TO">to</wf>
<wf cmd="tag" pos="NN">mobility</wf>
<wf cmd="tag" pos="RB">quite</wf>
<wf cmd="tag" pos="RB">strikingly</wf>
<wf cmd="ignore" pos="IN">in</wf>
<wf cmd="tag" pos="CD">one</wf>
<wf cmd="tag" pos="NN">pilot</wf>
<wf cmd="tag" pos="NN">subject</wf>
<punc>(</punc>
<wf cmd="ignore" pos="DT">the</wf>
<wf cmd="tag" pos="RB">only</wf>
<wf cmd="tag" pos="CD">one</wf>
<wf cmd="ignore" pos="IN">with</wf>
<wf cmd="ignore" pos="WP">whom</wf>
<wf cmd="ignore" pos="DT">this</wf>
<wf cmd="tag" pos="NN">technique</wf>
<wf cmd="done" pos="VBD" ot="notag">was</wf>
<wf cmd="done" pos="VB" lemma="try" wnsn="2" lexsn="2:41:01::">tried</wf>
<punc>)</punc>
<punc>.</punc>
</s>
<s snum="42">
<wf cmd="ignore" pos="DT">This</wf>
<wf cmd="tag" pos="NN">subject</wf>
<punc>,</punc>
<wf cmd="ignore" pos="WP">who</wf>
<wf cmd="done" pos="VBZ" ot="notag">has</wf>
<wf cmd="done" pos="VBN" ot="notag">been</wf>
<wf cmd="done" pos="VB" lemma="undergo" wnsn="0" lexsn="2:39:02::">undergoing</wf>
<wf cmd="tag" pos="JJ">psychoanalytic</wf>
<wf cmd="tag" pos="NN">psychotherapy</wf>
<wf cmd="ignore" pos="IN">for</wf>
<wf cmd="tag" pos="CD">five</wf>
<wf cmd="tag" pos="NNS">years</wf>
<punc>,</punc>
<wf cmd="done" pos="VBD" ot="notag">did</wf>
<wf cmd="tag" pos="RB">not</wf>
<wf cmd="done" pos="VB" lemma="give" wnsn="2" lexsn="2:40:05::">give</wf>
<wf cmd="ignore" pos="DT">a</wf>
<wf cmd="tag" pos="JJ">positive</wf>
<wf cmd="tag" pos="NNP">Kohnstamm</wf>
<wf cmd="tag" pos="NN">reaction</wf>
<wf cmd="ignore" pos="IN">under</wf>
<wf cmd="ignore" pos="DT">any</wf>
<wf cmd="ignore" pos="IN">of</wf>
<wf cmd="ignore" pos="DT">the</wf>
<wf cmd="tag" pos="CD">four</wf>
<wf cmd="tag" pos="JJ">standardized</wf>
<wf cmd="tag" pos="NNS">conditions</wf>
<wf cmd="done" pos="VB" lemma="use" wnsn="1" lexsn="2:34:01::">used</wf>
<wf cmd="tag" pos="RB">in_this</wf>
<wf cmd="tag" pos="NN">experiment</wf>
<wf cmd="ignore" pos="IN">while</wf>
<wf cmd="tag" pos="JJ">sober</wf>
<punc>.</punc>
</s>
<s snum="43">
<wf cmd="ignore" pos="IN">After</wf>
<wf cmd="tag" pos="CD">two</wf>
<wf cmd="tag" pos="NNS">drinks</wf>
<wf cmd="done" pos="VB" lemma="contain" wnsn="1" lexsn="2:42:00::">containing</wf>
<wf cmd="tag" pos="NN">alcohol</wf>
<punc>,</punc>
<wf cmd="ignore" pos="PRP$">her</wf>
<wf cmd="tag" pos="NN">arm</wf>
<wf cmd="done" pos="VB" lemma="fly" wnsn="2" lexsn="2:38:02::">flew</wf>
<wf cmd="tag" pos="RB">upward</wf>
<wf cmd="tag" pos="RB">very</wf>
<wf cmd="tag" pos="RB">freely</wf>
<punc>.</punc>
</s>
<s snum="44">
<wf cmd="ignore" pos="EX">There</wf>
<wf cmd="done" pos="VB" lemma="be" wnsn="5" lexsn="2:42:04::">was</wf>
<wf cmd="tag" pos="JJ">evident</wf>
<wf cmd="tag" pos="NN">delight</wf>
<wf cmd="ignore" pos="IN">on</wf>
<wf cmd="ignore" pos="DT">the</wf>
<wf cmd="tag" pos="NN">part</wf>
<wf cmd="ignore" pos="IN">of</wf>
<wf cmd="ignore" pos="DT">the</wf>
<wf cmd="tag" pos="NN">subject</wf>
<wf cmd="ignore" pos="IN">in</wf>
<wf cmd="tag" pos="NN">response</wf>
<wf cmd="ignore" pos="TO">to</wf>
<wf cmd="ignore" pos="PRP$">her</wf>
<wf cmd="tag" pos="NN">experience</wf>
<wf cmd="ignore" pos="IN">of</wf>
<wf cmd="ignore" pos="DT">the</wf>
<wf cmd="tag" pos="NN">freedom</wf>
<wf cmd="ignore" pos="IN">of</wf>
<wf cmd="tag" pos="NN">movement</wf>
<punc>.</punc>
</s>
<s snum="45">
<wf cmd="ignore" pos="PRP">She</wf>
<wf cmd="done" pos="VB" lemma="describe" wnsn="1" lexsn="2:32:00::">described</wf>
<wf cmd="ignore" pos="PRP">herself</wf>
<wf cmd="ignore" pos="IN">as</wf>
<wf cmd="done" pos="VB" lemma="have" wnsn="1" lexsn="2:40:00::">having</wf>
<wf cmd="ignore" pos="DT">the</wf>
<wf cmd="tag" pos="JJ">same</wf>
<wf cmd="tag" pos="RB">kind_of</wf>
<punc>``</punc>
<wf cmd="tag" pos="JJ">irresponsible</wf>
<punc>''</punc>
<wf cmd="tag" pos="NN">feeling</wf>
<wf cmd="ignore" pos="IN">as</wf>
<wf cmd="ignore" pos="PRP">she</wf>
<wf cmd="done" pos="VBD" ot="notag">had</wf>
<wf cmd="tag" pos="RB">once</wf>
<wf cmd="done" pos="VB" lemma="experience" wnsn="3" lexsn="2:39:00::">experienced</wf>
<wf cmd="ignore" pos="IN">under</wf>
<wf cmd="tag" pos="NN">hypnosis</wf>
<punc>.</punc>
</s>
<s snum="46">
<wf cmd="ignore" pos="PRP">She</wf>
<wf cmd="done" pos="VB" lemma="ascribe" wnsn="1" lexsn="2:31:00::">ascribed</wf>
<wf cmd="ignore" pos="PRP$">her</wf>
<wf cmd="tag" pos="NN">delight</wf>
<wf cmd="ignore" pos="IN">with</wf>
<wf cmd="ignore" pos="DT">both</wf>
<wf cmd="tag" pos="NNS">experiences</wf>
<wf cmd="ignore" pos="TO">to</wf>
<wf cmd="ignore" pos="DT">the</wf>
<wf cmd="tag" pos="NN">effect</wf>
<wf cmd="ignore" pos="PRP">they</wf>
<wf cmd="done" pos="VB" lemma="seem" wnsn="1" lexsn="2:39:00::">seemed</wf>
<wf cmd="ignore" pos="TO">to</wf>
<wf cmd="done" pos="VB" lemma="have" wnsn="1" lexsn="2:40:00::">have</wf>
<wf cmd="ignore" pos="IN">of</wf>
<wf cmd="tag" pos="RB">temporarily</wf>
<wf cmd="done" pos="VB" lemma="remove" wnsn="1" lexsn="2:30:00::">removing</wf>
<wf cmd="ignore" pos="IN">from</wf>
<wf cmd="ignore" pos="PRP$">her</wf>
<wf cmd="ignore" pos="DT">the</wf>
<wf cmd="tag" pos="NNS">controls</wf>
<wf cmd="ignore" pos="WDT">which</wf>
<wf cmd="ignore" pos="PRP">she</wf>
<wf cmd="done" pos="VB" lemma="feel" wnsn="2" lexsn="2:31:00::">felt</wf>
<wf cmd="tag" pos="RB">so</wf>
<wf cmd="tag" pos="RB">compulsively</wf>
<wf cmd="tag" pos="JJ">necessary</wf>
<wf cmd="ignore" pos="TO">to</wf>
<wf cmd="done" pos="VB" lemma="maintain" wnsn="1" lexsn="2:42:00::">maintain</wf>
<wf cmd="tag" pos="RB">even</wf>
<wf cmd="ignore" pos="WRB">when</wf>
<wf cmd="ignore" pos="PRP">it</wf>
<wf cmd="ignore" pos="MD">might</wf>
<wf cmd="done" pos="VB" lemma="seem" wnsn="1" lexsn="2:39:00::">seem</wf>
<wf cmd="tag" pos="JJ">appropriate</wf>
<wf cmd="ignore" pos="TO">to</wf>
<wf cmd="done" pos="VB" lemma="relax" wnsn="2" lexsn="2:30:01::">relax</wf>
<wf cmd="ignore" pos="DT">these</wf>
<wf cmd="tag" pos="NNS">controls</wf>
<punc>.</punc>
</s>
</p>
<p pnum="12">
<s snum="47">
<wf cmd="tag" pos="JJ">Many</wf>
<wf cmd="tag" pos="NNS">subjects</wf>
<wf cmd="done" pos="VB" lemma="attribute" wnsn="1" lexsn="2:31:00::">attributed</wf>
<wf cmd="tag" pos="NNS">differences</wf>
<wf cmd="ignore" pos="IN">in</wf>
<wf cmd="tag" pos="NNP">Kohnstamm</wf>
<wf cmd="tag" pos="NN">reactivity</wf>
<wf cmd="ignore" pos="TO">to</wf>
<wf cmd="tag" pos="NNS">differences</wf>
<wf cmd="ignore" pos="IN">in</wf>
<wf cmd="tag" pos="NNS">degrees</wf>
<wf cmd="ignore" pos="IN">of</wf>
<wf cmd="tag" pos="JJ">subjective</wf>
<wf cmd="tag" pos="NN">control</wf>
<punc>-</punc>
<wf cmd="tag" pos="JJ">voluntary</wf>
<wf cmd="ignore" pos="IN">as</wf>
<wf cmd="ignore" pos="DT">the</wf>
<wf cmd="tag" pos="JJ">Kohnstamm-positive</wf>
<wf cmd="tag" pos="NNS">subjects</wf>
<wf cmd="done" pos="VB" lemma="perceive" wnsn="1" lexsn="2:39:00::">perceived</wf>
<wf cmd="ignore" pos="PRP">it</wf>
<wf cmd="ignore" pos="CC">and</wf>
<wf cmd="tag" pos="JJ">involuntary</wf>
<wf cmd="ignore" pos="IN">as</wf>
<wf cmd="ignore" pos="DT">the</wf>
<wf cmd="tag" pos="JJ">Kohnstamm-negative</wf>
<wf cmd="tag" pos="NNS">subjects</wf>
<wf cmd="done" pos="VB" lemma="perceive" wnsn="1" lexsn="2:39:00::">perceived</wf>
<wf cmd="ignore" pos="PRP">it</wf>
<punc>.</punc>
</s>
<s snum="48">
<wf cmd="ignore" pos="DT">These</wf>
<wf cmd="tag" pos="JJ">suggested</wf>
<wf cmd="tag" pos="NNS">interpretations</wf>
<wf cmd="done" pos="VBD" ot="notag">were</wf>
<wf cmd="done" pos="VB" lemma="give" wnsn="2" lexsn="2:40:05::">given</wf>
<wf cmd="ignore" pos="IN">by</wf>
<wf cmd="ignore" pos="DT">the</wf>
<wf cmd="tag" pos="NNS">subjects</wf>
<wf cmd="tag" pos="RB">spontaneously</wf>
<wf cmd="ignore" pos="WRB">when</wf>
<wf cmd="ignore" pos="PRP">they</wf>
<wf cmd="done" pos="VBD" ot="notag">were</wf>
<wf cmd="done" pos="VB" lemma="tell" wnsn="1" lexsn="2:32:04::">told</wf>
<wf cmd="ignore" pos="IN">that</wf>
<wf cmd="ignore" pos="EX">there</wf>
<wf cmd="done" pos="VB" ot="notag">were</wf>
<wf cmd="tag" pos="NNS">people</wf>
<wf cmd="ignore" pos="WP">who</wf>
<wf cmd="done" pos="VB" lemma="react" wnsn="1" lexsn="2:31:00::">reacted</wf>
<wf cmd="tag" pos="RB">differently</wf>
<wf cmd="ignore" pos="IN">than</wf>
<wf cmd="ignore" pos="PRP">they</wf>
<wf cmd="done" pos="VBD" ot="notag">had</wf>
<punc>.</punc>
</s>
<s snum="49">
<wf cmd="ignore" pos="DT">The</wf>
<wf cmd="tag" pos="JJ">Kohnstamm-positive</wf>
<wf cmd="tag" pos="NNS">subjects</wf>
<wf cmd="done" pos="VB" lemma="describe" wnsn="1" lexsn="2:32:00::">described</wf>
<wf cmd="ignore" pos="DT">the</wf>
<wf cmd="tag" pos="JJ">vivid</wf>
<wf cmd="tag" pos="NN">experience</wf>
<wf cmd="ignore" pos="IN">of</wf>
<wf cmd="done" pos="VB" lemma="have" wnsn="1" lexsn="2:40:00::">having</wf>
<wf cmd="ignore" pos="PRP$">their</wf>
<wf cmd="tag" pos="NNS">arms</wf>
<wf cmd="done" pos="VB" lemma="rise" wnsn="1" lexsn="2:38:00::">rise</wf>
<wf cmd="ignore" pos="IN">as</wf>
<wf cmd="tag" pos="CD">one</wf>
<wf cmd="tag" pos="RB">in_which</wf>
<wf cmd="ignore" pos="PRP">they</wf>
<wf cmd="done" pos="VB" lemma="exercise" wnsn="1" lexsn="2:34:00::">exercised</wf>
<wf cmd="ignore" pos="DT">no</wf>
<wf cmd="tag" pos="NN">control</wf>
<punc>.</punc>
</s>
<s snum="50">
<wf cmd="ignore" pos="PRP">They</wf>
<wf cmd="done" pos="VB" lemma="explain" wnsn="1" lexsn="2:32:00::">explained</wf>
<wf cmd="ignore" pos="PRP$">its</wf>
<wf cmd="tag" pos="NN">absence</wf>
<wf cmd="ignore" pos="IN">in</wf>
<wf cmd="tag" pos="NNS">others</wf>
<wf cmd="ignore" pos="IN">on</wf>
<wf cmd="ignore" pos="DT">the</wf>
<wf cmd="tag" pos="NN">basis</wf>
<wf cmd="ignore" pos="IN">of</wf>
<wf cmd="ignore" pos="DT">an</wf>
<wf cmd="tag" pos="NN">intervention</wf>
<wf cmd="ignore" pos="IN">of</wf>
<wf cmd="tag" pos="NN">control</wf>
<wf cmd="tag" pos="NNS">factors</wf>
<punc>.</punc>
</s>
<s snum="51">
<wf cmd="ignore" pos="PRP">They</wf>
<wf cmd="done" pos="VB" lemma="feel" wnsn="2" lexsn="2:31:00::">felt</wf>
<wf cmd="ignore" pos="IN">that</wf>
<wf cmd="ignore" pos="PRP">they</wf>
<wf cmd="tag" pos="RB">too</wf>
<wf cmd="ignore" pos="MD">could</wf>
<wf cmd="done" pos="VB" lemma="counteract" wnsn="1" lexsn="2:41:00::">counteract</wf>
<wf cmd="ignore" pos="DT">the</wf>
<wf cmd="tag" pos="JJ">upward</wf>
<wf cmd="tag" pos="NN">arm</wf>
<wf cmd="tag" pos="NN">movement</wf>
<wf cmd="ignore" pos="IN">by</wf>
<wf cmd="ignore" pos="DT">a</wf>
<wf cmd="tag" pos="JJ">voluntary</wf>
<wf cmd="tag" pos="NN">effort</wf>
<wf cmd="ignore" pos="IN">after</wf>
<wf cmd="ignore" pos="PRP">they</wf>
<wf cmd="done" pos="VBD" ot="notag">had</wf>
<wf cmd="tag" pos="RB">once</wf>
<wf cmd="done" pos="VB" lemma="experience" wnsn="1" lexsn="2:39:01::">experienced</wf>
<wf cmd="ignore" pos="DT">the</wf>
<wf cmd="tag" pos="NN">reaction</wf>
<punc>.</punc>
</s>
<s snum="52">
<wf cmd="ignore" pos="DT">Some</wf>
<wf cmd="ignore" pos="IN">of</wf>
<wf cmd="ignore" pos="DT">those</wf>
<wf cmd="ignore" pos="WP">who</wf>
<wf cmd="done" pos="VBD" ot="notag">did</wf>
<wf cmd="tag" pos="RB">not</wf>
<wf cmd="tag" pos="RB">initially</wf>
<wf cmd="done" pos="VB" lemma="react" wnsn="1" lexsn="2:31:00::">react</wf>
<wf cmd="ignore" pos="IN">with</wf>
<wf cmd="ignore" pos="DT">an</wf>
<wf cmd="tag" pos="NN">arm-elevation</wf>
<wf cmd="tag" pos="RB">also</wf>
<wf cmd="done" pos="VB" lemma="associate" wnsn="1" lexsn="2:31:00::">associated</wf>
<wf cmd="ignore" pos="PRP$">their</wf>
<wf cmd="tag" pos="NN">behavior</wf>
<wf cmd="ignore" pos="IN">in</wf>
<wf cmd="ignore" pos="DT">the</wf>
<wf cmd="tag" pos="NN">situation</wf>
<wf cmd="ignore" pos="IN">with</wf>
<wf cmd="tag" pos="NN">control</wf>
<wf cmd="tag" pos="NNS">factors</wf>
<punc>-</punc>
<wf cmd="ignore" pos="DT">an</wf>
<wf cmd="tag" pos="NN">inability</wf>
<wf cmd="ignore" pos="TO">to</wf>
<wf cmd="done" pos="VB" lemma="relinquish" wnsn="1" lexsn="2:40:01::">relinquish</wf>
<wf cmd="tag" pos="NN">control</wf>
<wf cmd="tag" pos="RB">voluntarily</wf>
<punc>.</punc>
</s>
<s snum="53">
<wf cmd="tag" pos="CD">One</wf>
<wf cmd="tag" pos="NN">subject</wf>
<wf cmd="tag" pos="RB">spontaneously</wf>
<wf cmd="done" pos="VB" lemma="ask" wnsn="1" lexsn="2:32:00::">asked</wf>
<punc>(</punc>
<wf cmd="ignore" pos="IN">after</wf>
<wf cmd="ignore" pos="PRP$">her</wf>
<wf cmd="tag" pos="NN">arm</wf>
<wf cmd="done" pos="VBD" ot="notag">had</wf>
<wf cmd="tag" pos="RB">finally</wf>
<wf cmd="done" pos="VB" lemma="rise" wnsn="1" lexsn="2:38:00::">risen</wf>
<punc>)</punc>
<punc>,</punc>
<punc>``</punc>
<wf cmd="done" pos="VBP" ot="notag">Do</wf>
<wf cmd="ignore" pos="PRP">you</wf>
<wf cmd="done" pos="VB" lemma="suppose" wnsn="3" lexsn="2:31:01::">suppose</wf>
<wf cmd="ignore" pos="PRP">I</wf>
<wf cmd="done" pos="VBD" ot="notag">was</wf>
<wf cmd="tag" pos="RB">unconsciously</wf>
<wf cmd="done" pos="VB" lemma="keep" wnsn="1" lexsn="2:42:00::">keeping</wf>
<wf cmd="ignore" pos="PRP">it</wf>
<wf cmd="tag" pos="RB">down</wf>
<wf cmd="ignore" pos="IN">before</wf>
<punc>''</punc>
<punc>?</punc>
</s>
<s snum="54">
<wf cmd="ignore" pos="DT">Another</wf>
<wf cmd="done" pos="VB" lemma="say" wnsn="1" lexsn="2:32:00::">said</wf>
<wf cmd="ignore" pos="IN">that</wf>
<wf cmd="ignore" pos="PRP$">her</wf>
<wf cmd="tag" pos="NN">arm</wf>
<wf cmd="done" pos="VBD" ot="notag">did</wf>
<wf cmd="tag" pos="RB">not</wf>
<wf cmd="done" pos="VB" lemma="go_up" wnsn="1" lexsn="2:38:00::">go_up</wf>
<wf cmd="tag" pos="RB">at_first</wf>
<punc>``</punc>
<wf cmd="ignore" pos="IN">because</wf>
<wf cmd="ignore" pos="PRP">I</wf>
<wf cmd="ignore" pos="MD">would</wf>
<wf cmd="tag" pos="RB">n't</wf>
<wf cmd="done" pos="VB" lemma="let" wnsn="1" lexsn="2:41:00::">let</wf>
<wf cmd="ignore" pos="PRP">it</wf>
<punc>;</punc>
<wf cmd="ignore" pos="PRP">I</wf>
<wf cmd="done" pos="VB" lemma="think" wnsn="1" lexsn="2:31:01::">thought</wf>
<wf cmd="ignore" pos="PRP">it</wf>
<wf cmd="done" pos="VB" lemma="be" wnsn="1" lexsn="2:42:03::">was</wf>
<wf cmd="tag" pos="RB">n't</wf>
<wf cmd="tag" pos="JJ">supposed</wf>
<wf cmd="ignore" pos="TO">to</wf>
<punc>''</punc>
<punc>.</punc>
</s>
<s snum="55">
<wf cmd="ignore" pos="DT">This</wf>
<wf cmd="tag" pos="NN">subject</wf>
<wf cmd="done" pos="VB" lemma="be" wnsn="1" lexsn="2:42:03::">was</wf>
<wf cmd="tag" pos="CD">one</wf>
<wf cmd="ignore" pos="WP">who</wf>
<wf cmd="done" pos="VB" lemma="give" wnsn="2" lexsn="2:40:05::">gave</wf>
<wf cmd="ignore" pos="DT">an</wf>
<wf cmd="tag" pos="NN">arm-elevation</wf>
<wf cmd="ignore" pos="IN">on</wf>
<wf cmd="ignore" pos="DT">the</wf>
<wf cmd="tag" pos="JJ">second</wf>
<wf cmd="tag" pos="NN">trial</wf>
<wf cmd="ignore" pos="IN">in</wf>
<wf cmd="ignore" pos="DT">the</wf>
<wf cmd="tag" pos="NN">nai</wf>
<wf cmd="tag" pos="NN">^</wf>
<wf cmd="tag" pos="NN">ve</wf>
<wf cmd="tag" pos="NN">state</wf>
<wf cmd="ignore" pos="CC">but</wf>
<wf cmd="tag" pos="RB">not</wf>
<wf cmd="ignore" pos="IN">in</wf>
<wf cmd="ignore" pos="DT">the</wf>
<wf cmd="tag" pos="NN">first</wf>
<punc>.</punc>
</s>
<s snum="56">
<wf cmd="ignore" pos="PRP">She</wf>
<wf cmd="done" pos="VBD" ot="notag">had</wf>
<wf cmd="done" pos="VB" lemma="feel" wnsn="2" lexsn="2:31:00::">felt</wf>
<wf cmd="ignore" pos="IN">that</wf>
<wf cmd="ignore" pos="PRP$">her</wf>
<wf cmd="tag" pos="NN">arm</wf>
<wf cmd="done" pos="VB" lemma="want" wnsn="1" lexsn="2:37:00::">wanted</wf>
<wf cmd="done" pos="VB" ot="notag">to</wf>
<wf cmd="done" pos="VB" lemma="go_up" wnsn="1" lexsn="2:38:00::">go_up</wf>
<wf cmd="ignore" pos="IN">in</wf>
<wf cmd="ignore" pos="DT">the</wf>
<wf cmd="tag" pos="JJ">first</wf>
<wf cmd="tag" pos="NN">trial</wf>
<punc>,</punc>
<wf cmd="ignore" pos="CC">but</wf>
<wf cmd="done" pos="VBD" ot="notag">had</wf>
<wf cmd="tag" pos="RB">consciously</wf>
<wf cmd="done" pos="VB" lemma="prevent" wnsn="1" lexsn="2:41:01::">prevented</wf>
<wf cmd="ignore" pos="PRP">it</wf>
<wf cmd="ignore" pos="IN">from</wf>
<wf cmd="tag" pos="RB">so</wf>
<wf cmd="done" pos="VB" lemma="do" wnsn="1" lexsn="2:41:01::">doing</wf>
<punc>.</punc>
</s>
<s snum="57">
<wf cmd="ignore" pos="PRP">She</wf>
<wf cmd="done" pos="VB" lemma="explain" wnsn="1" lexsn="2:32:00::">explained</wf>
<wf cmd="tag" pos="NN">nonreactivity</wf>
<wf cmd="ignore" pos="IN">of</wf>
<wf cmd="tag" pos="NNS">others</wf>
<wf cmd="ignore" pos="IN">by</wf>
<wf cmd="done" pos="VB" lemma="say" wnsn="1" lexsn="2:32:00::">saying</wf>
<wf cmd="ignore" pos="IN">that</wf>
<wf cmd="ignore" pos="PRP">they</wf>
<wf cmd="done" pos="VBD" ot="notag">were</wf>
<punc>``</punc>
<wf cmd="tag" pos="RB">not</wf>
<wf cmd="done" pos="VB" lemma="let" wnsn="1" lexsn="2:41:00::">letting</wf>
<wf cmd="ignore" pos="PRP">themselves</wf>
<wf cmd="done" pos="VB" lemma="relax" wnsn="1" lexsn="2:29:00::">relax</wf>
<punc>''</punc>
<punc>.</punc>
</s>
<s snum="58">
<wf cmd="ignore" pos="WRB">When</wf>
<wf cmd="done" pos="VB" lemma="inform" wnsn="1" lexsn="2:32:00::">informed</wf>
<wf cmd="ignore" pos="IN">that</wf>
<wf cmd="ignore" pos="EX">there</wf>
<wf cmd="done" pos="VB" ot="notag">were</wf>
<wf cmd="ignore" pos="DT">some</wf>
<wf cmd="tag" pos="NNS">persons</wf>
<wf cmd="ignore" pos="WP">who</wf>
<wf cmd="done" pos="VBD" ot="notag">did</wf>
<wf cmd="tag" pos="RB">not</wf>
<wf cmd="done" pos="VB" lemma="have" wnsn="3" lexsn="2:39:06::">have</wf>
<wf cmd="ignore" pos="PRP$">their</wf>
<wf cmd="tag" pos="NN">arm</wf>
<wf cmd="done" pos="VB" lemma="go_up" wnsn="1" lexsn="2:38:00::">go_up</wf>
<punc>,</punc>
<wf cmd="ignore" pos="PRP">she</wf>
<wf cmd="done" pos="VB" lemma="comment" wnsn="1" lexsn="2:32:00::">commented</wf>
<punc>,</punc>
<punc>``</punc>
<wf cmd="ignore" pos="PRP">I</wf>
<wf cmd="done" pos="VBP" ot="notag">do</wf>
<wf cmd="tag" pos="RB">n't</wf>
<wf cmd="done" pos="VB" lemma="see" wnsn="2" lexsn="2:31:01::">see</wf>
<wf cmd="ignore" pos="WRB">how</wf>
<wf cmd="ignore" pos="PRP">they</wf>
<wf cmd="ignore" pos="MD">can</wf>
<wf cmd="done" pos="VB" lemma="prevent" wnsn="1" lexsn="2:41:01::">prevent</wf>
<wf cmd="ignore" pos="PRP">it</wf>
<punc>''</punc>
<punc>.</punc>
</s>
<s snum="59">
<wf cmd="ignore" pos="IN">In</wf>
<wf cmd="tag" pos="NN">contrast</wf>
<wf cmd="ignore" pos="TO">to</wf>
<wf cmd="ignore" pos="DT">this</wf>
<wf cmd="tag" pos="JJ">voluntary-control</wf>
<wf cmd="tag" pos="NN">explanation</wf>
<wf cmd="ignore" pos="IN">for</wf>
<wf cmd="tag" pos="NN">nonreactivity</wf>
<wf cmd="done" pos="VB" lemma="give" wnsn="4" lexsn="2:40:07::">given</wf>
<wf cmd="ignore" pos="IN">by</wf>
<wf cmd="ignore" pos="DT">the</wf>
<wf cmd="tag" pos="JJ">Kohnstamm-positive</wf>
<wf cmd="tag" pos="NNS">subjects</wf>
<punc>,</punc>
<wf cmd="ignore" pos="DT">the</wf>
<wf cmd="tag" pos="JJ">Kohnstamm-negative</wf>
<wf cmd="tag" pos="NNS">subjects</wf>
<wf cmd="done" pos="VB" lemma="offer" wnsn="4" lexsn="2:31:00::">offered</wf>
<wf cmd="ignore" pos="DT">an</wf>
<wf cmd="tag" pos="JJ">involuntary-control</wf>
<wf cmd="tag" pos="NN">hypothesis</wf>
<wf cmd="ignore" pos="TO">to</wf>
<wf cmd="done" pos="VB" lemma="explain" wnsn="1" lexsn="2:32:00::">explain</wf>
<wf cmd="tag" pos="NN">nonreactivity</wf>
<punc>.</punc>
</s>
<s snum="60">
<wf cmd="ignore" pos="PRP">They</wf>
<wf cmd="done" pos="VB" lemma="feel" wnsn="2" lexsn="2:31:00::">felt</wf>
<wf cmd="ignore" pos="IN">that</wf>
<wf cmd="ignore" pos="PRP">they</wf>
<wf cmd="done" pos="VBD" ot="notag">were</wf>
<wf cmd="done" pos="VB" lemma="relax" wnsn="1" lexsn="2:29:00::">relaxing</wf>
<wf cmd="ignore" pos="IN">as</wf>
<wf cmd="tag" pos="RB">much_as</wf>
<wf cmd="ignore" pos="PRP">they</wf>
<wf cmd="ignore" pos="MD">could</wf>
<wf cmd="ignore" pos="CC">and</wf>
<wf cmd="ignore" pos="IN">that</wf>
<wf cmd="ignore" pos="DT">any</wf>
<wf cmd="tag" pos="NN">control</wf>
<wf cmd="tag" pos="NNS">factors</wf>
<wf cmd="ignore" pos="WDT">which</wf>
<wf cmd="done" pos="VB" ot="notag">might</wf>
<wf cmd="done" pos="VB" lemma="be" wnsn="1" lexsn="2:42:03::">be</wf>
<wf cmd="tag" pos="JJ">present</wf>
<wf cmd="ignore" pos="TO">to</wf>
<wf cmd="done" pos="VB" lemma="prevent" wnsn="1" lexsn="2:41:01::">prevent</wf>
<wf cmd="tag" pos="NN">response</wf>
<wf cmd="ignore" pos="MD">must</wf>
<wf cmd="done" pos="VB" lemma="be" wnsn="3" lexsn="2:42:05::">be</wf>
<wf cmd="ignore" pos="IN">on</wf>
<wf cmd="ignore" pos="DT">an</wf>
<wf cmd="tag" pos="JJ">unconscious</wf>
<wf cmd="tag" pos="NN">level</wf>
<punc>.</punc>
</s>
</p>
<p pnum="13">
<s snum="61">
<wf cmd="ignore" pos="DT">The</wf>
<wf cmd="ignore" pos="IN">above</wf>
<wf cmd="tag" pos="NN">discussion</wf>
<wf cmd="done" pos="VBZ" ot="notag">does</wf>
<wf cmd="tag" pos="RB">not</wf>
<wf cmd="done" pos="VB" lemma="mean" wnsn="1" lexsn="2:32:01::">mean</wf>
<wf cmd="ignore" pos="TO">to</wf>
<wf cmd="done" pos="VB" lemma="imply" wnsn="2" lexsn="2:32:01::">imply</wf>
<wf cmd="ignore" pos="IN">that</wf>
<wf cmd="tag" pos="NN">control</wf>
<wf cmd="tag" pos="NNS">factors</wf>
<wf cmd="done" pos="VB" lemma="be" wnsn="1" lexsn="2:42:03::">were</wf>
<wf cmd="tag" pos="RB">completely</wf>
<wf cmd="tag" pos="JJ">in_abeyance</wf>
<wf cmd="ignore" pos="IN">in</wf>
<wf cmd="ignore" pos="DT">the</wf>
<wf cmd="tag" pos="JJ">Kohnstamm-positive</wf>
<wf cmd="tag" pos="NNS">subjects</wf>
<punc>;</punc>
<wf cmd="ignore" pos="CC">but</wf>
<wf cmd="tag" pos="RB">rather</wf>
<wf cmd="ignore" pos="IN">that</wf>
<wf cmd="ignore" pos="PRP">they</wf>
<wf cmd="ignore" pos="MD">could</wf>
<wf cmd="done" pos="VB" ot="notag">be</wf>
<wf cmd="done" pos="VB" lemma="diminish" wnsn="1" lexsn="2:30:00::">diminished</wf>
<wf cmd="tag" pos="RB">sufficiently</wf>
<wf cmd="tag" pos="RB">not</wf>
<wf cmd="ignore" pos="TO">to</wf>
<wf cmd="done" pos="VB" lemma="interfere" wnsn="1" lexsn="2:41:01::">interfere</wf>
<wf cmd="done" pos="VB" ot="notag">with</wf>
<wf cmd="tag" pos="NN">arm-levitation</wf>
<punc>.</punc>
</s>
<s snum="62">
<wf cmd="tag" pos="CD">One</wf>
<wf cmd="tag" pos="JJ">Kohnstamm-positive</wf>
<wf cmd="tag" pos="NN">subject</wf>
<wf cmd="ignore" pos="WP">who</wf>
<wf cmd="done" pos="VB" lemma="have" wnsn="1" lexsn="2:40:00::">had</wf>
<wf cmd="ignore" pos="DT">both</wf>
<wf cmd="tag" pos="NNS">arms</wf>
<wf cmd="done" pos="VB" lemma="rise" wnsn="1" lexsn="2:38:00::">rise</wf>
<wf cmd="ignore" pos="IN">while</wf>
<wf cmd="done" pos="VBG" ot="notag">being</wf>
<wf cmd="done" pos="VB" lemma="test" wnsn="1" lexsn="2:41:00::">tested</wf>
<wf cmd="ignore" pos="IN">in</wf>
<wf cmd="ignore" pos="DT">the</wf>
<wf cmd="tag" pos="NN">nai</wf>
<wf cmd="tag" pos="NN">^</wf>
<wf cmd="tag" pos="NN">ve</wf>
<wf cmd="tag" pos="NN">condition</wf>
<wf cmd="done" pos="VB" lemma="describe" wnsn="1" lexsn="2:32:00::">described</wf>
<wf cmd="ignore" pos="PRP$">her</wf>
<wf cmd="tag" pos="JJ">subjective</wf>
<wf cmd="tag" pos="NN">experience</wf>
<wf cmd="tag" pos="RB">as_follows</wf>
<punc>:</punc>
<punc>``</punc>
<wf cmd="ignore" pos="PRP">You</wf>
<wf cmd="done" pos="VB" lemma="feel" wnsn="3" lexsn="2:39:00::">feel</wf>
<wf cmd="ignore" pos="PRP">they</wf>
<wf cmd="done" rdf="are" pos="VBP" ot="notag">'re</wf>
<wf cmd="done" pos="VB" lemma="go_up" wnsn="1" lexsn="2:38:00::">going_up</wf>
<wf cmd="ignore" pos="CC">and</wf>
<wf cmd="ignore" pos="PRP">you</wf>
<wf cmd="done" rdf="are" pos="VB" lemma="be" wnsn="3" lexsn="2:42:05::">'re</wf>
<wf cmd="ignore" pos="IN">on</wf>
<wf cmd="ignore" pos="DT">a</wf>
<wf cmd="tag" pos="NN">stage</wf>
<wf cmd="ignore" pos="CC">and</wf>
<wf cmd="ignore" pos="PRP">it</wf>
<wf cmd="done" rdf="is" pos="VB" lemma="be" wnsn="1" lexsn="2:42:03::">'s</wf>
<wf cmd="tag" pos="RB">not</wf>
<wf cmd="tag" pos="JJ">right</wf>
<wf cmd="ignore" pos="IN">for</wf>
<wf cmd="ignore" pos="PRP">them</wf>
<wf cmd="ignore" pos="TO">to</wf>
<wf cmd="done" pos="VB" lemma="do" wnsn="1" lexsn="2:41:01::">do</wf>
<wf cmd="tag" pos="RB">so</wf>
<wf cmd="tag" pos="RB">and_then</wf>
<wf cmd="ignore" pos="PRP">you</wf>
<wf cmd="done" pos="VB" lemma="think" wnsn="2" lexsn="2:31:03::">think</wf>
<wf cmd="tag" pos="RB">maybe</wf>
<wf cmd="ignore" pos="IN">that</wf>
<wf cmd="done" rdf="is" pos="VB" lemma="be" wnsn="2" lexsn="2:42:06::">'s</wf>
<wf cmd="ignore" pos="WP">what</wf>
<wf cmd="done" rdf="is" pos="POS" ot="notag">'s</wf>
<wf cmd="tag" pos="JJ">supposed</wf>
<wf cmd="ignore" pos="TO">to</wf>
<wf cmd="done" pos="VB" lemma="happen" wnsn="1" lexsn="2:30:00::">happen</wf>
<punc>''</punc>
<punc>.</punc>
</s>
<s snum="63">
<wf cmd="ignore" pos="PRP">She</wf>
<wf cmd="tag" pos="RB">then</wf>
<wf cmd="done" pos="VB" lemma="describe" wnsn="1" lexsn="2:32:00::">described</wf>
<wf cmd="ignore" pos="PRP$">her</wf>
<wf cmd="tag" pos="NN">experience</wf>
<wf cmd="ignore" pos="IN">as</wf>
<wf cmd="tag" pos="CD">one</wf>
<wf cmd="tag" pos="RB">in_which</wf>
<wf cmd="ignore" pos="PRP">she</wf>
<wf cmd="tag" pos="RB">first</wf>
<wf cmd="done" pos="VB" lemma="have" wnsn="1" lexsn="2:40:00::">had</wf>
<wf cmd="tag" pos="NN">difficulty</wf>
<wf cmd="done" pos="VB" lemma="accept" wnsn="1" lexsn="2:31:00::">accepting</wf>
<wf cmd="ignore" pos="IN">for</wf>
<wf cmd="ignore" pos="PRP">herself</wf>
<wf cmd="ignore" pos="DT">a</wf>
<wf cmd="tag" pos="NN">state</wf>
<wf cmd="ignore" pos="IN">of</wf>
<wf cmd="tag" pos="NN">being</wf>
<wf cmd="tag" pos="RB">in_which</wf>
<wf cmd="ignore" pos="PRP">she</wf>
<wf cmd="done" pos="VB" lemma="relinquish" wnsn="1" lexsn="2:40:01::">relinquished</wf>
<wf cmd="tag" pos="NN">control</wf>
<punc>.</punc>
</s>
<s snum="64">
<wf cmd="tag" pos="RB">However</wf>
<punc>,</punc>
<wf cmd="ignore" pos="PRP">she</wf>
<wf cmd="done" pos="VB" lemma="be" wnsn="1" lexsn="2:42:03::">was</wf>
<wf cmd="tag" pos="JJ">able</wf>
<wf cmd="done" pos="VB" ot="notag">to</wf>
<wf cmd="done" pos="VB" lemma="relax" wnsn="1" lexsn="2:29:00::">relax</wf>
<wf cmd="ignore" pos="CC">and</wf>
<wf cmd="done" pos="VB" lemma="yield" wnsn="5" lexsn="2:42:00::">yield</wf>
<wf cmd="done" pos="VB" ot="notag">to</wf>
<wf cmd="ignore" pos="DT">the</wf>
<wf cmd="tag" pos="NN">moment</wf>
<punc>.</punc>
</s>
</p>
<p pnum="14">
<s snum="65">
<wf cmd="ignore" pos="PRP">It</wf>
<wf cmd="done" pos="VB" lemma="be" wnsn="1" lexsn="2:42:03::">is</wf>
<wf cmd="ignore" pos="PRP$">our</wf>
<wf cmd="tag" pos="NN">hypothesis</wf>
<wf cmd="ignore" pos="IN">that</wf>
<wf cmd="tag" pos="JJ">Kohnstamm-positive</wf>
<wf cmd="tag" pos="NNS">subjects</wf>
<wf cmd="done" pos="VB" lemma="be" wnsn="1" lexsn="2:42:03::">are</wf>
<wf cmd="tag" pos="RBR">less</wf>
<wf cmd="tag" pos="JJ">hesitant</wf>
<wf cmd="ignore" pos="IN">about</wf>
<wf cmd="done" pos="VB" lemma="relinquish" wnsn="1" lexsn="2:40:01::">relinquishing</wf>
<wf cmd="tag" pos="NN">control</wf>
<wf cmd="ignore" pos="IN">than</wf>
<wf cmd="done" pos="VB" lemma="be" wnsn="1" lexsn="2:42:03::">are</wf>
<wf cmd="tag" pos="JJ">Kohnstamm-negative</wf>
<wf cmd="tag" pos="NNS">subjects</wf>
<punc>;</punc>
<wf cmd="ignore" pos="IN">that</wf>
<wf cmd="ignore" pos="PRP">they</wf>
<wf cmd="ignore" pos="MD">can</wf>
<wf cmd="done" pos="VB" lemma="give_up" wnsn="6" lexsn="2:40:03::">give_up</wf>
<wf cmd="ignore" pos="PRP$">their</wf>
<wf cmd="tag" pos="NN">control</wf>
<wf cmd="ignore" pos="CC">and</wf>
<wf cmd="done" pos="VB" lemma="allow" wnsn="1" lexsn="2:41:00::">allow</wf>
<wf cmd="ignore" pos="PRP">themselves</wf>
<wf cmd="ignore" pos="TO">to</wf>
<wf cmd="done" pos="VB" lemma="be" wnsn="1" lexsn="2:42:03::">be</wf>
<wf cmd="tag" pos="NNS">reactors</wf>
<wf cmd="tag" pos="RB">rather_than</wf>
<wf cmd="tag" pos="NNS">actors</wf>
<punc>.</punc>
</s>
<s snum="66">
<wf cmd="ignore" pos="PRP">It</wf>
<wf cmd="done" pos="VB" lemma="be" wnsn="1" lexsn="2:42:03::">is</wf>
<wf cmd="ignore" pos="PRP$">our</wf>
<wf cmd="tag" pos="NN">belief</wf>
<wf cmd="ignore" pos="IN">that</wf>
<wf cmd="ignore" pos="DT">this</wf>
<wf cmd="tag" pos="NN">readiness</wf>
<wf cmd="ignore" pos="TO">to</wf>
<wf cmd="done" pos="VB" lemma="relinquish" wnsn="1" lexsn="2:40:01::">relinquish</wf>
<wf cmd="ignore" pos="DT">some</wf>
<wf cmd="tag" pos="NN">control</wf>
<wf cmd="done" pos="VBD" ot="notag">was</wf>
<wf cmd="done" pos="VB" lemma="evidence" wnsn="1" lexsn="2:32:00::">evidenced</wf>
<wf cmd="ignore" pos="IN">by</wf>
<wf cmd="ignore" pos="DT">the</wf>
<wf cmd="tag" pos="JJ">Kohnstamm-positive</wf>
<wf cmd="tag" pos="NNS">subjects</wf>
<wf cmd="ignore" pos="IN">in</wf>
<wf cmd="ignore" pos="DT">some</wf>
<wf cmd="ignore" pos="IN">of</wf>
<wf cmd="ignore" pos="DT">the</wf>
<wf cmd="tag" pos="JJ">other</wf>
<wf cmd="tag" pos="JJ">experimental</wf>
<wf cmd="tag" pos="NNS">situations</wf>
<wf cmd="ignore" pos="TO">to</wf>
<wf cmd="done" pos="VB" ot="notag">be</wf>
<wf cmd="done" pos="VB" lemma="discuss" wnsn="1" lexsn="2:32:01::">discussed</wf>
<wf cmd="tag" pos="RB">below</wf>
<punc>.</punc>
</s>
<s snum="67">
<wf cmd="tag" pos="RB">Thus</wf>
<punc>,</punc>
<wf cmd="ignore" pos="DT">this</wf>
<wf cmd="tag" pos="NN">readiness</wf>
<wf cmd="ignore" pos="TO">to</wf>
<wf cmd="done" pos="VB" lemma="relax" wnsn="2" lexsn="2:30:01::">relax</wf>
<wf cmd="tag" pos="NNS">controls</wf>
<punc>,</punc>
<wf cmd="done" pos="VB" lemma="evidence" wnsn="1" lexsn="2:32:00::">evidenced</wf>
<wf cmd="ignore" pos="IN">in</wf>
<wf cmd="ignore" pos="DT">the</wf>
<wf cmd="tag" pos="NNP">Kohnstamm</wf>
<wf cmd="tag" pos="NN">situation</wf>
<punc>,</punc>
<wf cmd="done" pos="VB" lemma="appear" wnsn="1" lexsn="2:39:00::">appears</wf>
<wf cmd="ignore" pos="TO">to</wf>
<wf cmd="done" pos="VB" lemma="be" wnsn="1" lexsn="2:42:03::">be</wf>
<wf cmd="ignore" pos="DT">a</wf>
<wf cmd="tag" pos="RBR">more</wf>
<wf cmd="tag" pos="JJ">general</wf>
<wf cmd="tag" pos="NN">personality</wf>
<wf cmd="tag" pos="NN">factor</wf>
<punc>.</punc>
</s>
</p>
<p pnum="15">
<s snum="68">
<wf cmd="ignore" pos="DT">The</wf>
<wf cmd="tag" pos="JJ">Kohnstamm-positive</wf>
<wf cmd="tag" pos="NNS">subjects</wf>
<wf cmd="done" pos="VB" lemma="seem" wnsn="1" lexsn="2:39:00::">seemed</wf>
<wf cmd="ignore" pos="TO">to</wf>
<wf cmd="done" pos="VB" lemma="be" wnsn="1" lexsn="2:42:03::">be</wf>
<wf cmd="tag" pos="JJR">freer</wf>
<wf cmd="ignore" pos="TO">to</wf>
<wf cmd="done" pos="VB" lemma="experience" wnsn="2" lexsn="2:31:00::">experience</wf>
<wf cmd="ignore" pos="DT">the</wf>
<wf cmd="tag" pos="JJ">unusual</wf>
<wf cmd="ignore" pos="CC">and</wf>
<wf cmd="tag" pos="RB">seemingly</wf>
<wf cmd="tag" pos="JJ">impossible</wf>
<wf cmd="ignore" pos="IN">in</wf>
<wf cmd="ignore" pos="DT">the</wf>
<wf cmd="tag" pos="JJ">external</wf>
<wf cmd="tag" pos="NN">world</wf>
<punc>.</punc>
</s>
<s snum="69">
<wf cmd="ignore" pos="EX">There</wf>
<wf cmd="done" pos="VB" ot="notag">was</wf>
<wf cmd="ignore" pos="DT">a</wf>
<wf cmd="tag" pos="RB">significantly</wf>
<wf cmd="tag" pos="RBR">greater</wf>
<wf cmd="tag" pos="NN">number</wf>
<wf cmd="tag" pos="RB">in_this</wf>
<wf cmd="tag" pos="NN">group</wf>
<wf cmd="ignore" pos="WP">who</wf>
<wf cmd="done" pos="VB" lemma="report" wnsn="1" lexsn="2:32:00::">reported</wf>
<wf cmd="ignore" pos="DT">a</wf>
<wf cmd="tag" pos="NN">desk</wf>
<wf cmd="ignore" pos="RB">as</wf>
<wf cmd="done" pos="VB" lemma="be" wnsn="1" lexsn="2:42:03::">being</wf>
<wf cmd="ignore" pos="IN">in</wf>
<wf cmd="ignore" pos="DT">a</wf>
<wf cmd="tag" pos="JJ">tilted</wf>
<wf cmd="tag" pos="NN">position</wf>
<wf cmd="ignore" pos="IN">while</wf>
<wf cmd="ignore" pos="DT">a</wf>
<wf cmd="tag" pos="NN">tennis_ball</wf>
<wf cmd="done" pos="VB" lemma="rest_on" wnsn="1" lexsn="2:35:00::">resting_on</wf>
<wf cmd="ignore" pos="PRP">it</wf>
<wf cmd="done" pos="VB" lemma="remain" wnsn="1" lexsn="2:30:00::">remained</wf>
<wf cmd="tag" pos="JJ">stationary</wf>
<wf cmd="ignore" pos="IN">on</wf>
<wf cmd="ignore" pos="DT">the</wf>
<wf cmd="tag" pos="NN">incline</wf>
<punc>.</punc>
</s>
<s snum="70">
<wf cmd="ignore" pos="DT">This</wf>
<wf cmd="done" pos="VB" lemma="occur" wnsn="1" lexsn="2:30:00::">occurred</wf>
<wf cmd="tag" pos="RB">in_spite_of</wf>
<wf cmd="ignore" pos="DT">the</wf>
<wf cmd="tag" pos="JJ">rational</wf>
<wf cmd="tag" pos="NN">awareness</wf>
<wf cmd="ignore" pos="IN">that</wf>
<wf cmd="ignore" pos="DT">the</wf>
<wf cmd="tag" pos="NN">ball</wf>
<wf cmd="ignore" pos="MD">should</wf>
<wf cmd="done" pos="VB" ot="notag">be</wf>
<wf cmd="done" pos="VB" lemma="go" wnsn="1" lexsn="2:38:00::">going</wf>
<wf cmd="tag" pos="RB">downhill</wf>
<punc>.</punc>
</s>
<s snum="71">
<wf cmd="ignore" pos="PRP">They</wf>
<wf cmd="done" pos="VB" lemma="know" wnsn="1" lexsn="2:31:01::">knew</wf>
<wf cmd="ignore" pos="IN">that</wf>
<wf cmd="ignore" pos="PRP$">their</wf>
<wf cmd="tag" pos="JJ">perceptual</wf>
<wf cmd="tag" pos="NN">experience</wf>
<wf cmd="done" pos="VB" lemma="differ" wnsn="1" lexsn="2:42:00::">differed</wf>
<wf cmd="ignore" pos="IN">from</wf>
<wf cmd="tag" pos="NN">objective</wf>
<wf cmd="tag" pos="NN">reality</wf>
<wf cmd="ignore" pos="IN">since</wf>
<wf cmd="ignore" pos="PRP">they</wf>
<wf cmd="done" pos="VBD" ot="notag">had</wf>
<wf cmd="done" pos="VB" lemma="see" wnsn="1" lexsn="2:39:00::">seen</wf>
<wf cmd="ignore" pos="DT">the</wf>
<wf cmd="tag" pos="NN">desk</wf>
<wf cmd="ignore" pos="CC">and</wf>
<wf cmd="tag" pos="NN">ball</wf>
<wf cmd="tag" pos="RB">prior</wf>
<wf cmd="ignore" pos="TO">to</wf>
<wf cmd="done" pos="VB" lemma="put_on" wnsn="1" lexsn="2:29:00::">putting_on</wf>
<wf cmd="ignore" pos="DT">the</wf>
<wf cmd="tag" pos="JJ">aniseikonic</wf>
<wf cmd="tag" pos="NNS">lenses</wf>
<punc>.</punc>
</s>
<s snum="72">
<wf cmd="tag" pos="RB">Yet</wf>
<wf cmd="ignore" pos="PRP">they</wf>
<wf cmd="done" pos="VBD" ot="notag">were</wf>
<wf cmd="tag" pos="RB">not</wf>
<wf cmd="tag" pos="RB">so</wf>
<wf cmd="done" pos="VB" lemma="bound" wnsn="3" lexsn="2:30:00::">bound</wf>
<wf cmd="ignore" pos="IN">by</wf>
<wf cmd="tag" pos="JJ">past</wf>
<wf cmd="tag" pos="NN">experience</wf>
<wf cmd="ignore" pos="CC">and</wf>
<wf cmd="tag" pos="NN">constriction</wf>
<wf cmd="tag" pos="RB">as</wf>
<wf cmd="ignore" pos="TO">to</wf>
<wf cmd="done" pos="VB" lemma="deny" wnsn="2" lexsn="2:32:01::">deny</wf>
<wf cmd="ignore" pos="PRP$">their</wf>
<wf cmd="tag" pos="JJ">immediate</wf>
<wf cmd="tag" pos="NNS">perceptions</wf>
<wf cmd="ignore" pos="CC">and</wf>
<wf cmd="ignore" pos="TO">to</wf>
<wf cmd="done" pos="VB" lemma="be" wnsn="1" lexsn="2:42:03::">be</wf>
<wf cmd="tag" pos="JJ">dominated_by</wf>
<wf cmd="ignore" pos="PRP$">their</wf>
<wf cmd="tag" pos="NN">knowledge</wf>
<wf cmd="tag" pos="RB">of_what</wf>
<wf cmd="ignore" pos="DT">the</wf>
<wf cmd="tag" pos="NN">experience</wf>
<wf cmd="ignore" pos="MD">should</wf>
<wf cmd="done" pos="VB" lemma="be" wnsn="1" lexsn="2:42:03::">be</wf>
<punc>.</punc>
</s>
<s snum="73">
<wf cmd="ignore" pos="DT">The</wf>
<wf cmd="tag" pos="NN">change</wf>
<wf cmd="ignore" pos="IN">in</wf>
<wf cmd="tag" pos="NNS">perceptions</wf>
<wf cmd="ignore" pos="IN">by</wf>
<wf cmd="ignore" pos="DT">some</wf>
<wf cmd="ignore" pos="IN">of</wf>
<wf cmd="ignore" pos="DT">the</wf>
<wf cmd="tag" pos="JJ">Kohnstamm-negative</wf>
<wf cmd="tag" pos="NNS">subjects</wf>
<punc>,</punc>
<wf cmd="ignore" pos="IN">after</wf>
<wf cmd="ignore" pos="PRP">they</wf>
<wf cmd="done" pos="VBD" ot="notag">had</wf>
<wf cmd="done" pos="VBN" ot="notag">been</wf>
<wf cmd="done" pos="VB" lemma="inform" wnsn="1" lexsn="2:32:00::">informed</wf>
<wf cmd="ignore" pos="IN">of</wf>
<wf cmd="ignore" pos="DT">the</wf>
<wf cmd="tag" pos="NNS">possibilities</wf>
<wf cmd="ignore" pos="IN">of</wf>
<wf cmd="tag" pos="JJ">normal</wf>
<wf cmd="tag" pos="NNS">reactions</wf>
<punc>,</punc>
<wf cmd="done" pos="VB" lemma="suggest" wnsn="2" lexsn="2:32:04::">suggests</wf>
<wf cmd="ignore" pos="IN">that</wf>
<wf cmd="ignore" pos="PRP$">their</wf>
<wf cmd="tag" pos="NN">constriction</wf>
<wf cmd="ignore" pos="CC">and</wf>
<wf cmd="tag" pos="NN">guardedness</wf>
<wf cmd="done" pos="VBZ" ot="notag">is</wf>
<wf cmd="tag" pos="JJ">associated</wf>
<wf cmd="done" pos="VB" ot="notag">with</wf>
<wf cmd="ignore" pos="PRP$">their</wf>
<wf cmd="tag" pos="JJ">general</wf>
<wf cmd="tag" pos="NN">mode</wf>
<wf cmd="ignore" pos="IN">of</wf>
<wf cmd="done" pos="VB" lemma="respond" wnsn="1" lexsn="2:31:00::">responding</wf>
<wf cmd="ignore" pos="TO">to</wf>
<wf cmd="tag" pos="JJ">strange</wf>
<wf cmd="ignore" pos="CC">or</wf>
<wf cmd="tag" pos="JJ">unknown</wf>
<wf cmd="tag" pos="NNS">situations</wf>
<punc>.</punc>
</s>
<s snum="74">
<wf cmd="ignore" pos="PRP">They</wf>
<wf cmd="done" pos="VB" lemma="be" wnsn="1" lexsn="2:42:03::">were</wf>
<wf cmd="tag" pos="JJ">able</wf>
<wf cmd="done" pos="VB" ot="notag">to</wf>
<wf cmd="done" pos="VB" lemma="experience" wnsn="2" lexsn="2:31:00::">experience</wf>
<wf cmd="tag" pos="RB">at_first</wf>
<punc>,</punc>
<wf cmd="tag" pos="JJ">in_terms_of</wf>
<wf cmd="tag" pos="JJ">past</wf>
<wf cmd="tag" pos="NN">conventionality</wf>
<punc>.</punc>
</s>
<s snum="75">
<wf cmd="ignore" pos="WRB">When</wf>
<wf cmd="done" pos="VB" lemma="inform" wnsn="1" lexsn="2:32:00::">informed</wf>
<wf cmd="tag" pos="RB">as</wf>
<wf cmd="ignore" pos="TO">to</wf>
<wf cmd="ignore" pos="DT">the</wf>
<wf cmd="tag" pos="JJ">various</wf>
<wf cmd="tag" pos="NNS">possibilities</wf>
<wf cmd="ignore" pos="IN">of</wf>
<wf cmd="tag" pos="JJ">normal</wf>
<wf cmd="tag" pos="NNS">reactions</wf>
<punc>,</punc>
<wf cmd="ignore" pos="PRP">they</wf>
<wf cmd="done" pos="VB" lemma="be" wnsn="1" lexsn="2:42:03::">were</wf>
<wf cmd="tag" pos="RB">then</wf>
<wf cmd="tag" pos="JJ">able</wf>
<wf cmd="done" pos="TO" ot="notag">to</wf>
<wf cmd="done" pos="VB" lemma="experience" wnsn="2" lexsn="2:31:00::">experience</wf>
<wf cmd="ignore" pos="DT">the</wf>
<wf cmd="tag" pos="NN">uniqueness</wf>
<wf cmd="ignore" pos="IN">of</wf>
<wf cmd="ignore" pos="DT">the</wf>
<wf cmd="tag" pos="NN">present</wf>
<punc>.</punc>
</s>
<s snum="76">
<wf cmd="ignore" pos="PRP">It</wf>
<wf cmd="ignore" pos="MD">might</wf>
<wf cmd="done" pos="VB" ot="notag">be</wf>
<wf cmd="done" pos="VB" lemma="postulate" wnsn="1" lexsn="2:32:00::">postulated</wf>
<wf cmd="ignore" pos="IN">that</wf>
<wf cmd="ignore" pos="DT">these</wf>
<wf cmd="tag" pos="NNS">subjects</wf>
<wf cmd="done" pos="VB" lemma="be" wnsn="1" lexsn="2:42:03::">are</wf>
<wf cmd="tag" pos="RB">unduly</wf>
<wf cmd="tag" pos="JJ">afraid_of</wf>
<wf cmd="done" pos="VB" lemma="be" wnsn="1" lexsn="2:42:03::">being</wf>
<wf cmd="tag" pos="JJ">wrong</wf>
<punc>;</punc>
<wf cmd="ignore" pos="IN">that</wf>
<wf cmd="ignore" pos="PRP">they</wf>
<wf cmd="done" pos="VB" lemma="perceive" wnsn="1" lexsn="2:39:00::">perceive</wf>
<wf cmd="tag" pos="JJ">new</wf>
<wf cmd="tag" pos="JJ">internal</wf>
<wf cmd="ignore" pos="CC">and</wf>
<wf cmd="tag" pos="JJ">environmental</wf>
<wf cmd="tag" pos="NNS">situations</wf>
<wf cmd="ignore" pos="IN">as</wf>
<punc>``</punc>
<wf cmd="tag" pos="JJ">threatening</wf>
<punc>''</punc>
<wf cmd="ignore" pos="IN">until</wf>
<wf cmd="ignore" pos="PRP">they</wf>
<wf cmd="done" pos="VBP" ot="notag">are</wf>
<wf cmd="done" pos="VB" lemma="test" wnsn="1" lexsn="2:41:00::">tested</wf>
<wf cmd="ignore" pos="CC">and</wf>
<wf cmd="done" pos="VB" lemma="prove" wnsn="2" lexsn="2:31:00::">proved</wf>
<wf cmd="tag" pos="RB">otherwise</wf>
<punc>.</punc>
</s>
</p>
<p pnum="16">
<s snum="77">
<wf cmd="ignore" pos="IN">While</wf>
<wf cmd="ignore" pos="DT">the</wf>
<wf cmd="tag" pos="NNS">interpretations</wf>
<wf cmd="ignore" pos="WDT">that</wf>
<wf cmd="done" pos="VBP" ot="notag">have</wf>
<wf cmd="done" pos="VBN" ot="notag">been</wf>
<wf cmd="done" pos="VB" lemma="give" wnsn="2" lexsn="2:40:05::">given</wf>
<wf cmd="done" pos="VB" lemma="be" wnsn="1" lexsn="2:42:03::">are</wf>
<wf cmd="tag" pos="NNS">inferences</wf>
<wf cmd="tag" pos="RB">only</wf>
<punc>,</punc>
<wf cmd="ignore" pos="PRP">they</wf>
<wf cmd="done" pos="VB" lemma="gain" wnsn="1" lexsn="2:40:03::">gain</wf>
<wf cmd="tag" pos="NN">support</wf>
<wf cmd="ignore" pos="IN">from</wf>
<wf cmd="tag" pos="JJ">such</wf>
<wf cmd="tag" pos="NNS">comments</wf>
<wf cmd="ignore" pos="IN">as</wf>
<wf cmd="ignore" pos="DT">the</wf>
<wf cmd="tag" pos="NN">following</wf>
<punc>,</punc>
<wf cmd="ignore" pos="WDT">which</wf>
<wf cmd="done" pos="VBD" ot="notag">was</wf>
<wf cmd="done" pos="VB" lemma="make" wnsn="1" lexsn="2:41:00::">made</wf>
<wf cmd="ignore" pos="IN">by</wf>
<wf cmd="tag" pos="CD">one</wf>
<wf cmd="ignore" pos="IN">of</wf>
<wf cmd="ignore" pos="DT">the</wf>
<wf cmd="tag" pos="JJ">Kohnstamm-negative</wf>
<wf cmd="tag" pos="NNS">subjects</wf>
<wf cmd="ignore" pos="WP">who</wf>
<wf cmd="done" pos="VBD" ot="notag">did</wf>
<wf cmd="tag" pos="RB">not</wf>
<punc>,</punc>
<wf cmd="ignore" pos="IN">on</wf>
<wf cmd="ignore" pos="DT">the</wf>
<wf cmd="tag" pos="JJ">first</wf>
<wf cmd="tag" pos="NN">trial</wf>
<punc>,</punc>
<wf cmd="done" pos="VB" lemma="perceive" wnsn="1" lexsn="2:39:00::">perceive</wf>
<wf cmd="ignore" pos="DT">the</wf>
<wf cmd="tag" pos="NN">tilt</wf>
<wf cmd="tag" pos="NN">illusion</wf>
<punc>.</punc>
</s>
<s snum="78">
<wf cmd="tag" pos="JJ">J28-6105</wf>
<punc>.</punc>
</s>
<s snum="79">
<wf cmd="tag" pos="NN">form</wf>
<wf cmd="tag" pos="JJ">J28-6033-1</wf>
<punc>.</punc>
</s>
</p>
</context>
</contextfile>
