<contextfile concordance="brown">
<context filename="br-l07" paras="yes">
<p pnum="1">
<s snum="1">
<wf cmd="ignore" pos="PRP">He</wf>
<wf cmd="done" pos="VB" lemma="put_in" wnsn="3" lexsn="2:32:00::">put_in</wf>
<wf cmd="ignore" pos="DT">a</wf>
<wf cmd="tag" pos="NN">call</wf>
<wf cmd="ignore" pos="TO">to</wf>
<wf cmd="tag" pos="NNP">Cunningham</wf>
<wf cmd="ignore" pos="IN">from</wf>
<wf cmd="ignore" pos="PRP$">his</wf>
<wf cmd="tag" pos="NN">hotel_room</wf>
<punc>.</punc>
</s>
<s snum="2">
<wf cmd="ignore" pos="DT">The</wf>
<wf cmd="tag" pos="NN">maid</wf>
<wf cmd="done" pos="VB" lemma="answer" wnsn="2" lexsn="2:31:02::">answered</wf>
<wf cmd="ignore" pos="CC">and</wf>
<wf cmd="ignore" pos="PRP">he</wf>
<wf cmd="done" pos="VB" lemma="decide" wnsn="1" lexsn="2:31:00::">decided</wf>
<wf cmd="tag" pos="NNP">Nancy</wf>
<wf cmd="ignore" pos="MD">must</wf>
<wf cmd="done" pos="VB" lemma="be" wnsn="5" lexsn="2:42:04::">be</wf>
<wf cmd="tag" pos="JJ">at_work</wf>
<punc>.</punc>
</s>
</p>
<p pnum="2">
<s snum="3">
<wf cmd="tag" pos="NNP">Jeb</wf>
<wf cmd="done" pos="VB" lemma="caution" wnsn="1" lexsn="2:32:00::">cautioned</wf>
<wf cmd="ignore" pos="PRP">him</wf>
<wf cmd="tag" pos="RB">not</wf>
<wf cmd="ignore" pos="TO">to</wf>
<wf cmd="done" pos="VB" lemma="be" wnsn="1" lexsn="2:42:03::">be</wf>
<wf cmd="tag" pos="RB">too</wf>
<wf cmd="tag" pos="JJ">hopeful</wf>
<wf cmd="tag" pos="RB">and_then</wf>
<punc>,</punc>
<wf cmd="done" pos="VB" lemma="ignore" wnsn="3" lexsn="2:39:00::">ignoring</wf>
<wf cmd="ignore" pos="PRP$">his</wf>
<wf cmd="tag" pos="JJ">own</wf>
<wf cmd="tag" pos="NN">advice</wf>
<punc>,</punc>
<wf cmd="done" pos="VB" lemma="say" wnsn="1" lexsn="2:32:00::">said</wf>
<wf cmd="tag" pos="RB">excitedly</wf>
<punc>,</punc>
<punc>``</punc>
<wf cmd="ignore" pos="CC">But</wf>
<wf cmd="ignore" pos="PRP">it</wf>
<wf cmd="done" pos="VBZ" ot="notag">does</wf>
<wf cmd="done" pos="VB" lemma="sound" wnsn="1" lexsn="2:39:06::">sound</wf>
<wf cmd="tag" pos="JJ">good</wf>
<punc>.</punc>
</s>
<s snum="4">
<wf cmd="ignore" pos="DT">A</wf>
<wf cmd="tag" pos="NN">woman</wf>
<wf cmd="tag" pos="JJ">named</wf>
<wf cmd="tag" pos="NNP">Lisa</wf>
<wf cmd="ignore" pos="WP">who</wf>
<wf cmd="done" pos="VB" lemma="tell" wnsn="1" lexsn="2:32:04::">tells</wf>
<wf cmd="tag" pos="NN">nobody</wf>
<wf cmd="tag" pos="NN">anything</wf>
<wf cmd="ignore" pos="IN">about</wf>
<wf cmd="ignore" pos="PRP">herself</wf>
<punc>.</punc>
</s>
<s snum="5">
<wf cmd="ignore" pos="DT">That</wf>
<wf cmd="tag" pos="NN">courtyard</wf>
<wf cmd="tag" pos="NN">picture</wf>
<wf cmd="ignore" pos="IN">with</wf>
<wf cmd="ignore" pos="DT">the</wf>
<wf cmd="tag" pos="JJ">same</wf>
<wf cmd="tag" pos="NNS">initials</wf>
<punc>''</punc>
<punc>.</punc>
</s>
</p>
<p pnum="3">
<s snum="6">
<punc>``</punc>
<wf cmd="ignore" pos="PRP">I</wf>
<wf cmd="done" rdf="i'm" pos="VBP" ot="notag">'m</wf>
<wf cmd="tag" pos="RB">not</wf>
<wf cmd="tag" pos="RB">exactly</wf>
<wf cmd="done" pos="VB" lemma="jump" wnsn="1" lexsn="2:38:00::">jumping</wf>
<wf cmd="tag" pos="NN">up</wf>
<wf cmd="tag" pos="NN">and</wf>
<wf cmd="tag" pos="NN">down</wf>
<wf cmd="tag" pos="RB">with_enthusiasm</wf>
<punc>.</punc>
</s>
<s snum="7">
<wf cmd="ignore" pos="PRP">I</wf>
<wf cmd="ignore" pos="MD">'ll</wf>
<wf cmd="done" pos="VB" lemma="call" wnsn="3" lexsn="2:32:01::">call</wf>
<wf cmd="ignore" pos="PRP">you</wf>
<wf cmd="ignore" pos="IN">in</wf>
<wf cmd="ignore" pos="DT">a</wf>
<wf cmd="tag" pos="NN">day</wf>
<wf cmd="tag" pos="RB">or_so</wf>
<punc>''</punc>
<punc>.</punc>
</s>
</p>
<p pnum="4">
<s snum="8">
<wf cmd="ignore" pos="IN">On</wf>
<wf cmd="ignore" pos="DT">the</wf>
<wf cmd="tag" pos="NN">highway</wf>
<wf cmd="ignore" pos="PRP">he</wf>
<wf cmd="done" pos="VB" lemma="relax" wnsn="1" lexsn="2:29:00::">relaxed</wf>
<wf cmd="ignore" pos="CC">and</wf>
<wf cmd="done" pos="VB" lemma="enjoy" wnsn="1" lexsn="2:37:00::">enjoyed</wf>
<wf cmd="ignore" pos="DT">the</wf>
<wf cmd="tag" pos="NN">drive</wf>
<wf cmd="ignore" pos="IN">over</wf>
<wf cmd="tag" pos="NNP">Lake_Pontchartrain</wf>
<wf cmd="ignore" pos="CC">and</wf>
<wf cmd="ignore" pos="IN">along</wf>
<wf cmd="ignore" pos="DT">the</wf>
<wf cmd="tag" pos="NN">coast</wf>
<punc>.</punc>
</s>
</p>
<p pnum="5">
<s snum="9">
<wf cmd="tag" pos="NNP">Gulf_Springs</wf>
<wf cmd="done" pos="VB" lemma="be" wnsn="1" lexsn="2:42:03::">was</wf>
<wf cmd="tag" pos="CD">ten</wf>
<wf cmd="tag" pos="NNS">miles</wf>
<wf cmd="tag" pos="RB">inland</wf>
<punc>-</punc>
<wf cmd="tag" pos="JJR">more</wf>
<wf cmd="ignore" pos="IN">of</wf>
<wf cmd="ignore" pos="DT">a</wf>
<wf cmd="tag" pos="JJ">quaint</wf>
<wf cmd="tag" pos="JJ">old</wf>
<wf cmd="tag" pos="NN">coast</wf>
<wf cmd="tag" pos="NN">town</wf>
<wf cmd="ignore" pos="IN">than</wf>
<wf cmd="ignore" pos="DT">those</wf>
<wf cmd="ignore" pos="IN">along</wf>
<wf cmd="ignore" pos="DT">the</wf>
<wf cmd="tag" pos="NN">beach</wf>
<wf cmd="done" pos="VB" lemma="make" wnsn="2" lexsn="2:30:00::">made</wf>
<wf cmd="tag" pos="JJ">garish</wf>
<wf cmd="ignore" pos="IN">by</wf>
<wf cmd="tag" pos="NN">tourist</wf>
<wf cmd="tag" pos="NNS">attractions</wf>
<punc>.</punc>
</s>
</p>
<p pnum="6">
<s snum="10">
<wf cmd="ignore" pos="PRP">He</wf>
<wf cmd="done" rdf="checked_in" pos="VB" lemma="check_in" wnsn="1" lexsn="2:32:00::">checked_into</wf>
<wf cmd="ignore" pos="DT">a</wf>
<wf cmd="tag" pos="NN">motel</wf>
<wf cmd="ignore" pos="CC">and</wf>
<wf cmd="done" pos="VB" lemma="drive" wnsn="2" lexsn="2:38:00::">drove</wf>
<wf cmd="tag" pos="NN">downtown</wf>
<punc>.</punc>
</s>
<s snum="11">
<wf cmd="ignore" pos="DT">The</wf>
<wf cmd="tag" pos="NN">courthouse</wf>
<wf cmd="done" pos="VB" lemma="be" wnsn="1" lexsn="2:42:03::">was</wf>
<wf cmd="ignore" pos="DT">a</wf>
<wf cmd="tag" pos="JJ">white-stucco</wf>
<wf cmd="tag" pos="NN">building</wf>
<wf cmd="ignore" pos="CC">minus</wf>
<wf cmd="ignore" pos="DT">the</wf>
<wf cmd="tag" pos="JJ">customary</wf>
<wf cmd="tag" pos="NN">dome</wf>
<punc>.</punc>
</s>
<s snum="12">
<wf cmd="tag" pos="RB">Instead</wf>
<wf cmd="ignore" pos="IN">of</wf>
<wf cmd="ignore" pos="DT">the</wf>
<wf cmd="tag" pos="JJ">usual</wf>
<wf cmd="tag" pos="JJ">straggling</wf>
<wf cmd="tag" pos="NN">privet</wf>
<wf cmd="tag" pos="NNS">hedges</wf>
<wf cmd="ignore" pos="CC">and</wf>
<wf cmd="tag" pos="NNS">patches</wf>
<wf cmd="ignore" pos="IN">of</wf>
<wf cmd="tag" pos="JJ">bare</wf>
<wf cmd="tag" pos="NN">dirt</wf>
<wf cmd="ignore" pos="IN">in</wf>
<wf cmd="tag" pos="RBS">most</wf>
<wf cmd="tag" pos="JJ">small-town</wf>
<wf cmd="tag" pos="NNS">squares</wf>
<punc>,</punc>
<wf cmd="ignore" pos="DT">the</wf>
<wf cmd="tag" pos="NN">building</wf>
<wf cmd="done" pos="VB" ot="notag">was</wf>
<wf cmd="done" pos="VB" lemma="hem_in" wnsn="1" lexsn="2:35:00::">hemmed_in</wf>
<wf cmd="ignore" pos="IN">by</wf>
<wf cmd="ignore" pos="DT">a</wf>
<wf cmd="tag" pos="JJ">semitropical</wf>
<wf cmd="tag" pos="NN">growth</wf>
<wf cmd="ignore" pos="IN">of</wf>
<wf cmd="tag" pos="NNS">camellias</wf>
<wf cmd="ignore" pos="CC">and</wf>
<wf cmd="tag" pos="NNS">azaleas</wf>
<wf cmd="ignore" pos="CC">and</wf>
<wf cmd="ignore" pos="DT">a</wf>
<wf cmd="tag" pos="JJ">smooth</wf>
<wf cmd="tag" pos="NN">lawn</wf>
<wf cmd="ignore" pos="DT">the</wf>
<wf cmd="tag" pos="RB">improbably</wf>
<wf cmd="tag" pos="JJ">bright-green</wf>
<wf cmd="tag" pos="NN">shade</wf>
<wf cmd="ignore" pos="IN">of</wf>
<wf cmd="tag" pos="NN">florist</wf>
<wf cmd="ignore" pos="POS">'s</wf>
<wf cmd="tag" pos="NN">grass</wf>
<punc>.</punc>
</s>
</p>
<p pnum="7">
<s snum="13">
<wf cmd="ignore" pos="PRP">He</wf>
<wf cmd="done" pos="VB" lemma="figure" wnsn="1" lexsn="2:31:01::">figured</wf>
<wf cmd="ignore" pos="PRP$">his</wf>
<wf cmd="tag" pos="JJS">best</wf>
<wf cmd="tag" pos="NN">bet</wf>
<wf cmd="done" pos="VB" lemma="be" wnsn="1" lexsn="2:42:03::">was</wf>
<wf cmd="ignore" pos="DT">a</wf>
<wf cmd="tag" pos="NN">call</wf>
<wf cmd="tag" pos="NN">on</wf>
<wf cmd="ignore" pos="DT">the</wf>
<wf cmd="tag" pos="NN">sheriff</wf>
<punc>.</punc>
</s>
<s snum="14">
<wf cmd="ignore" pos="DT">A</wf>
<wf cmd="tag" pos="NN">clerk</wf>
<wf cmd="ignore" pos="IN">in</wf>
<wf cmd="ignore" pos="DT">the</wf>
<wf cmd="tag" pos="JJ">outer</wf>
<wf cmd="tag" pos="NN">office</wf>
<wf cmd="done" rdf="took_in" pos="VB" lemma="take_in" wnsn="7" lexsn="2:35:01::">took</wf>
<wf cmd="ignore" pos="PRP">him</wf>
<wf cmd="done" pos="RB" ot="notag">in</wf>
<wf cmd="ignore" pos="TO">to</wf>
<wf cmd="tag" pos="NNP">Sheriff_Carruthers</wf>
<punc>,</punc>
<wf cmd="ignore" pos="DT">a</wf>
<wf cmd="tag" pos="JJ">big</wf>
<punc>,</punc>
<wf cmd="tag" pos="JJ">paunchy</wf>
<wf cmd="tag" pos="NN">man</wf>
<wf cmd="ignore" pos="IN">with</wf>
<wf cmd="tag" pos="JJ">thick</wf>
<punc>,</punc>
<wf cmd="tag" pos="JJ">white</wf>
<wf cmd="tag" pos="NN">hair</wf>
<wf cmd="ignore" pos="CC">and</wf>
<wf cmd="ignore" pos="DT">a</wf>
<wf cmd="tag" pos="NN">voice</wf>
<wf cmd="ignore" pos="IN">with</wf>
<wf cmd="ignore" pos="DT">a</wf>
<wf cmd="tag" pos="JJ">senatorial</wf>
<wf cmd="tag" pos="NN">resonance</wf>
<wf cmd="ignore" pos="WDT">which</wf>
<wf cmd="done" pos="VB" lemma="suggest" wnsn="3" lexsn="2:32:02::">suggested</wf>
<wf cmd="ignore" pos="PRP">he</wf>
<wf cmd="ignore" pos="MD">should</wf>
<wf cmd="done" pos="VB" ot="notag">be</wf>
<wf cmd="done" pos="VB" lemma="run" wnsn="9" lexsn="2:33:06::">running</wf>
<wf cmd="ignore" pos="IN">for</wf>
<wf cmd="tag" pos="JJR">higher</wf>
<wf cmd="tag" pos="NN">office</wf>
<punc>.</punc>
</s>
</p>
<p pnum="8">
<s snum="15">
<wf cmd="tag" pos="JJ">Seated</wf>
<wf cmd="tag" pos="RB">in_front</wf>
<wf cmd="ignore" pos="IN">of</wf>
<wf cmd="ignore" pos="DT">the</wf>
<wf cmd="tag" pos="NN">desk</wf>
<punc>,</punc>
<wf cmd="tag" pos="NNP">Hank</wf>
<wf cmd="done" pos="VB" lemma="say" wnsn="1" lexsn="2:32:00::">said</wf>
<punc>,</punc>
<punc>``</punc>
<wf cmd="ignore" pos="PRP">I</wf>
<wf cmd="done" pos="VBP" ot="notag">'m</wf>
<wf cmd="done" pos="VB" lemma="look_for" wnsn="1" lexsn="2:35:00::">looking_for</wf>
<wf cmd="ignore" pos="DT">some</wf>
<wf cmd="tag" pos="NN">information</wf>
<wf cmd="ignore" pos="IN">with</wf>
<wf cmd="tag" pos="RB">very</wf>
<wf cmd="tag" pos="JJ">little</wf>
<wf cmd="ignore" pos="TO">to</wf>
<wf cmd="done" pos="VB" lemma="go_on" wnsn="3" lexsn="2:38:00::">go_on</wf>
<punc>,</punc>
<wf cmd="tag" pos="NNP">Sheriff</wf>
<punc>''</punc>
<punc>.</punc>
</s>
</p>
<p pnum="9">
<s snum="16">
<wf cmd="ignore" pos="PRP">He</wf>
<wf cmd="done" pos="VB" lemma="explain" wnsn="1" lexsn="2:32:00::">explained</wf>
<wf cmd="ignore" pos="DT">the</wf>
<wf cmd="tag" pos="NN">background</wf>
<wf cmd="ignore" pos="IN">of</wf>
<wf cmd="ignore" pos="DT">the</wf>
<wf cmd="tag" pos="NN">case</wf>
<punc>,</punc>
<wf cmd="done" pos="VB" lemma="end" wnsn="3" lexsn="2:42:01::">ending</wf>
<wf cmd="ignore" pos="IN">with</wf>
<wf cmd="ignore" pos="DT">the</wf>
<wf cmd="tag" pos="JJ">tenuous</wf>
<wf cmd="tag" pos="NN">clue</wf>
<wf cmd="ignore" pos="WDT">which</wf>
<wf cmd="done" pos="VBD" ot="notag">had</wf>
<wf cmd="done" pos="VB" lemma="bring" wnsn="1" lexsn="2:38:00::">brought</wf>
<wf cmd="ignore" pos="PRP">him</wf>
<wf cmd="ignore" pos="TO">to</wf>
<wf cmd="tag" pos="NNP">Gulf_Springs</wf>
<punc>.</punc>
</s>
</p>
<p pnum="10">
<s snum="17">
<wf cmd="ignore" pos="DT">The</wf>
<wf cmd="tag" pos="NN">sheriff</wf>
<wf cmd="ignore" pos="POS">'s</wf>
<wf cmd="tag" pos="NN">swivel_chair</wf>
<wf cmd="done" pos="VB" lemma="tilt" wnsn="1" lexsn="2:38:00::">tilted</wf>
<wf cmd="tag" pos="RB">back</wf>
<punc>.</punc>
</s>
<s snum="18">
<punc>``</punc>
<wf cmd="tag" pos="RB">So</wf>
<wf cmd="ignore" pos="PRP">you</wf>
<wf cmd="done" pos="VBP" ot="notag">'re</wf>
<wf cmd="done" pos="VB" lemma="look_for" wnsn="1" lexsn="2:35:00::">looking_for</wf>
<wf cmd="ignore" pos="DT">a</wf>
<wf cmd="tag" pos="NN">woman</wf>
<wf cmd="ignore" pos="WP">who</wf>
<wf cmd="done" pos="VB" lemma="marry" wnsn="1" lexsn="2:41:00::">married</wf>
<wf cmd="ignore" pos="DT">a</wf>
<wf cmd="tag" pos="NN">man</wf>
<wf cmd="ignore" pos="WP">who</wf>
<wf cmd="done" pos="NN" ot="notag">might</wf>
<wf cmd="done" pos="VB" ot="notag">have</wf>
<wf cmd="done" pos="VB" lemma="live" wnsn="1" lexsn="2:42:08::">lived</wf>
<wf cmd="tag" pos="RB">here</wf>
<wf cmd="ignore" pos="DT">a</wf>
<wf cmd="tag" pos="NN">year</wf>
<wf cmd="tag" pos="RB">ago</wf>
<wf cmd="ignore" pos="CC">and</wf>
<wf cmd="done" pos="VB" ot="notag">might</wf>
<wf cmd="done" pos="VB" ot="notag">have</wf>
<wf cmd="done" pos="VBN" ot="notag">been</wf>
<wf cmd="done" pos="VB" lemma="poison" wnsn="2" lexsn="2:35:00::">poisoned</wf>
<punc>.</punc>
</s>
<s snum="19">
<wf cmd="ignore" pos="IN">If</wf>
<wf cmd="ignore" pos="EX">there</wf>
<wf cmd="done" pos="VB" ot="notag">was</wf>
<wf cmd="tag" pos="JJ">such</wf>
<wf cmd="ignore" pos="DT">a</wf>
<wf cmd="tag" pos="NN">person</wf>
<punc>,</punc>
<wf cmd="ignore" pos="PRP">I</wf>
<wf cmd="done" rdf="am" pos="VB" lemma="be" wnsn="1" lexsn="2:42:03::">'m</wf>
<wf cmd="tag" pos="JJ">afraid</wf>
<wf cmd="ignore" pos="PRP">she</wf>
<wf cmd="done" pos="VB" lemma="get_away" wnsn="2" lexsn="2:32:00::">got_away</wf>
<wf cmd="tag" pos="RB">with_it</wf>
<punc>.</punc>
</s>
<s snum="20">
<wf cmd="tag" pos="NNP">Pity</wf>
<wf cmd="ignore" pos="PRP">we</wf>
<wf cmd="done" pos="VBP" ot="notag">do</wf>
<wf cmd="tag" pos="RB">n't</wf>
<wf cmd="done" pos="VB" lemma="know" wnsn="1" lexsn="2:31:01::">know</wf>
<wf cmd="tag" pos="JJR">more</wf>
<wf cmd="ignore" pos="IN">about</wf>
<wf cmd="ignore" pos="PRP">him</wf>
<punc>.</punc>
</s>
<s snum="21">
<wf cmd="ignore" pos="PRP">I</wf>
<wf cmd="done" pos="VB" lemma="think" wnsn="1" lexsn="2:31:01::">think</wf>
<wf cmd="ignore" pos="DT">the</wf>
<wf cmd="tag" pos="JJS">best</wf>
<wf cmd="tag" pos="NN">bet</wf>
<wf cmd="done" pos="VB" lemma="be" wnsn="1" lexsn="2:42:03::">is</wf>
<wf cmd="ignore" pos="TO">to</wf>
<wf cmd="done" pos="VB" ot="idiom">go_through</wf>
<wf cmd="ignore" pos="DT">the</wf>
<wf cmd="tag" pos="NN">society</wf>
<wf cmd="tag" pos="NNS">columns</wf>
<wf cmd="ignore" pos="IN">of</wf>
<wf cmd="tag" pos="JJ">last</wf>
<wf cmd="tag" pos="NN">year</wf>
<wf cmd="ignore" pos="CC">and</wf>
<wf cmd="done" pos="VB" lemma="see" wnsn="6" lexsn="2:31:02::">see</wf>
<wf cmd="ignore" pos="IN">if</wf>
<wf cmd="ignore" pos="DT">any</wf>
<wf cmd="ignore" pos="IN">of</wf>
<wf cmd="ignore" pos="DT">the</wf>
<wf cmd="tag" pos="NNS">grooms</wf>
<wf cmd="done" pos="VB" lemma="match" wnsn="1" lexsn="2:42:00::">match</wf>
<wf cmd="ignore" pos="IN">with</wf>
<wf cmd="ignore" pos="DT">the</wf>
<wf cmd="tag" pos="NNS">obituaries</wf>
<wf cmd="tag" pos="RB">a_little</wf>
<wf cmd="tag" pos="RB">later</wf>
<punc>.</punc>
</s>
<s snum="22">
<wf cmd="ignore" pos="PRP">It</wf>
<wf cmd="ignore" pos="MD">'ll</wf>
<wf cmd="done" pos="VB" lemma="be" wnsn="1" lexsn="2:42:03::">be</wf>
<wf cmd="ignore" pos="DT">a</wf>
<wf cmd="tag" pos="JJ">tedious</wf>
<wf cmd="tag" pos="NN">job</wf>
<punc>,</punc>
<wf cmd="ignore" pos="CC">but</wf>
<wf cmd="ignore" pos="IN">if</wf>
<wf cmd="ignore" pos="PRP">you</wf>
<wf cmd="done" pos="VB" lemma="want" wnsn="1" lexsn="2:37:00::">want</wf>
<wf cmd="done" pos="VB" ot="notag">to</wf>
<wf cmd="done" pos="VB" lemma="try" wnsn="1" lexsn="2:41:00::">try</wf>
<wf cmd="ignore" pos="PRP">it</wf>
<punc>,</punc>
<wf cmd="ignore" pos="DT">the</wf>
<wf cmd="tag" pos="JJ">old</wf>
<wf cmd="tag" pos="NN">newspaper</wf>
<wf cmd="tag" pos="NNS">files</wf>
<wf cmd="done" pos="VB" lemma="be" wnsn="5" lexsn="2:42:04::">are</wf>
<wf cmd="ignore" pos="IN">in</wf>
<wf cmd="ignore" pos="DT">the</wf>
<wf cmd="tag" pos="NN">basement</wf>
<wf cmd="tag" pos="RB">here</wf>
<wf cmd="ignore" pos="IN">in</wf>
<wf cmd="ignore" pos="DT">the</wf>
<wf cmd="tag" pos="NN">county</wf>
<wf cmd="tag" pos="NN">supervisor</wf>
<wf cmd="ignore" pos="POS">'s</wf>
<wf cmd="tag" pos="NN">office</wf>
<punc>''</punc>
<punc>.</punc>
</s>
</p>
<p pnum="11">
<s snum="23">
<punc>``</punc>
<wf cmd="tag" pos="RB">Maybe</wf>
<wf cmd="ignore" pos="DT">the</wf>
<wf cmd="tag" pos="NN">society</wf>
<wf cmd="tag" pos="NN">editor</wf>
<wf cmd="ignore" pos="MD">would</wf>
<wf cmd="done" pos="VB" lemma="remember" wnsn="1" lexsn="2:31:00::">remember</wf>
<wf cmd="ignore" pos="DT">a</wf>
<wf cmd="tag" pos="JJ">good-looking</wf>
<wf cmd="tag" pos="JJ">out-of-town</wf>
<wf cmd="tag" pos="NN">bride</wf>
<punc>''</punc>
<punc>.</punc>
</s>
</p>
<p pnum="12">
<s snum="24">
<punc>``</punc>
<wf cmd="ignore" pos="DT">That</wf>
<wf cmd="done" rdf="is" pos="VB" lemma="be" wnsn="2" lexsn="2:42:06::">'s</wf>
<wf cmd="ignore" pos="DT">an</wf>
<wf cmd="tag" pos="NN">idea</wf>
<punc>.</punc>
</s>
<s snum="25">
<wf cmd="tag" pos="NNP">Mrs._Calhoun</wf>
<wf cmd="done" pos="VBZ" ot="notag">has</wf>
<wf cmd="done" pos="VB" lemma="be" wnsn="3" lexsn="2:42:05::">been</wf>
<wf cmd="tag" pos="NN">society</wf>
<wf cmd="tag" pos="NN">editor</wf>
<wf cmd="tag" pos="RB">here</wf>
<wf cmd="ignore" pos="IN">for</wf>
<wf cmd="tag" pos="CD">twenty-five</wf>
<wf cmd="tag" pos="NNS">years</wf>
<punc>.</punc>
</s>
<s snum="26">
<wf cmd="ignore" pos="DT">The</wf>
<wf cmd="tag" pos="NN">editor</wf>
<wf cmd="done" pos="VB" lemma="say" wnsn="1" lexsn="2:32:00::">says</wf>
<wf cmd="ignore" pos="IN">that</wf>
<wf cmd="tag" pos="NNS">marriages</wf>
<wf cmd="done" pos="VB" ot="notag">may</wf>
<wf cmd="done" pos="VB" ot="notag">be</wf>
<wf cmd="done" pos="VB" lemma="make" wnsn="3" lexsn="2:36:00::">made</wf>
<wf cmd="ignore" pos="IN">in</wf>
<wf cmd="tag" pos="NN">heaven</wf>
<punc>,</punc>
<wf cmd="ignore" pos="CC">but</wf>
<wf cmd="tag" pos="NNS">weddings</wf>
<wf cmd="done" pos="VBP" ot="notag">are</wf>
<wf cmd="done" pos="VB" lemma="make" wnsn="3" lexsn="2:36:00::">made</wf>
<wf cmd="ignore" pos="IN">in</wf>
<wf cmd="tag" pos="NNP">Mrs._Calhoun</wf>
<wf cmd="ignore" pos="POS">'s</wf>
<wf cmd="tag" pos="NNS">columns</wf>
<punc>.</punc>
</s>
<s snum="27">
<wf cmd="ignore" pos="PRP">She</wf>
<wf cmd="done" rdf="is" pos="VB" lemma="be" wnsn="2" lexsn="2:42:06::">'s</wf>
<wf cmd="ignore" pos="DT">the</wf>
<wf cmd="tag" pos="CD">one</wf>
<wf cmd="ignore" pos="WP">who</wf>
<wf cmd="done" pos="VB" lemma="decide" wnsn="1" lexsn="2:31:00::">decides</wf>
<wf cmd="ignore" pos="WDT">which</wf>
<wf cmd="tag" pos="NN">wedding</wf>
<wf cmd="done" pos="VBZ" ot="notag">is</wf>
<wf cmd="ignore" pos="TO">to</wf>
<wf cmd="done" pos="VB" lemma="get" wnsn="4" lexsn="2:30:03::">get</wf>
<wf cmd="ignore" pos="DT">the</wf>
<wf cmd="tag" pos="NN">lead</wf>
<wf cmd="tag" pos="NN">space</wf>
<wf cmd="ignore" pos="IN">in</wf>
<wf cmd="ignore" pos="DT">the</wf>
<wf cmd="tag" pos="NNP">Sunday</wf>
<wf cmd="tag" pos="NN">paper</wf>
<wf cmd="ignore" pos="CC">and</wf>
<wf cmd="ignore" pos="DT">all</wf>
<wf cmd="ignore" pos="IN">that</wf>
<punc>''</punc>
<punc>.</punc>
</s>
<s snum="28">
<wf cmd="ignore" pos="PRP">He</wf>
<wf cmd="done" pos="VB" lemma="smile" wnsn="1" lexsn="2:29:00::">smiled</wf>
<punc>.</punc>
</s>
<s snum="29">
<punc>``</punc>
<wf cmd="tag" pos="RB">Once</wf>
<punc>,</punc>
<wf cmd="ignore" pos="WRB">when</wf>
<wf cmd="ignore" pos="DT">the</wf>
<wf cmd="tag" pos="NN">editor</wf>
<wf cmd="done" pos="VB" lemma="be" wnsn="1" lexsn="2:42:03::">was</wf>
<wf cmd="tag" pos="RB">just</wf>
<wf cmd="ignore" pos="IN">out</wf>
<wf cmd="ignore" pos="IN">of</wf>
<wf cmd="ignore" pos="DT">the</wf>
<wf cmd="tag" pos="NN">hospital</wf>
<wf cmd="ignore" pos="IN">from</wf>
<wf cmd="ignore" pos="DT">a</wf>
<wf cmd="tag" pos="NN">gallstone</wf>
<wf cmd="tag" pos="NN">operation</wf>
<punc>,</punc>
<wf cmd="tag" pos="NNP">Mrs._Calhoun</wf>
<wf cmd="ignore" pos="CC">and</wf>
<wf cmd="ignore" pos="DT">the</wf>
<wf cmd="tag" pos="NN">mother</wf>
<wf cmd="ignore" pos="IN">of</wf>
<wf cmd="ignore" pos="DT">the</wf>
<wf cmd="tag" pos="NN">bride</wf>
<wf cmd="done" pos="VB" lemma="go_out" wnsn="2" lexsn="2:38:02::">went_out</wf>
<wf cmd="ignore" pos="TO">to</wf>
<wf cmd="ignore" pos="PRP$">his</wf>
<wf cmd="tag" pos="NN">house</wf>
<wf cmd="ignore" pos="CC">and</wf>
<wf cmd="done" pos="VB" lemma="fight" wnsn="1" lexsn="2:33:00::">fought</wf>
<wf cmd="ignore" pos="PRP">it</wf>
<wf cmd="ignore" pos="IN">out</wf>
<wf cmd="ignore" pos="IN">beside</wf>
<wf cmd="ignore" pos="PRP$">his</wf>
<wf cmd="tag" pos="NN">bed</wf>
<punc>.</punc>
</s>
<s snum="30">
<wf cmd="ignore" pos="PRP">She</wf>
<wf cmd="ignore" pos="MD">'d</wf>
<wf cmd="done" pos="VB" lemma="be" wnsn="1" lexsn="2:42:03::">be</wf>
<wf cmd="tag" pos="JJ">sure</wf>
<wf cmd="ignore" pos="TO">to</wf>
<wf cmd="done" pos="VB" lemma="remember" wnsn="1" lexsn="2:31:00::">remember</wf>
<wf cmd="ignore" pos="DT">any</wf>
<wf cmd="tag" pos="NN">bride</wf>
<wf cmd="ignore" pos="WP">who</wf>
<wf cmd="done" pos="VB" lemma="be" wnsn="1" lexsn="2:42:03::">was</wf>
<wf cmd="tag" pos="JJ">vague</wf>
<wf cmd="ignore" pos="IN">about</wf>
<wf cmd="tag" pos="NN">background</wf>
<punc>.</punc>
</s>
<s snum="31">
<wf cmd="ignore" pos="PRP">She</wf>
<wf cmd="ignore" pos="MD">'d</wf>
<wf cmd="done" pos="VB" ot="notag">have</wf>
<wf cmd="done" pos="VB" lemma="make" wnsn="3" lexsn="2:36:00::">made</wf>
<wf cmd="ignore" pos="DT">a</wf>
<wf cmd="tag" pos="JJ">great</wf>
<wf cmd="tag" pos="NN">scientist</wf>
<wf cmd="tag" pos="JJ">dedicated_to</wf>
<wf cmd="done" pos="VB" lemma="track_down" wnsn="1" lexsn="2:33:00::">tracking_down</wf>
<wf cmd="tag" pos="NN">heredity</wf>
<wf cmd="ignore" pos="CC">and</wf>
<wf cmd="tag" pos="NN">environment</wf>
<punc>.</punc>
</s>
<s snum="32">
<wf cmd="ignore" pos="PRP">She</wf>
<wf cmd="ignore" pos="MD">'d</wf>
<wf cmd="tag" pos="RB">also</wf>
<wf cmd="done" pos="VB" lemma="remember" wnsn="1" lexsn="2:31:00::">remember</wf>
<wf cmd="ignore" pos="IN">if</wf>
<wf cmd="ignore" pos="DT">the</wf>
<wf cmd="tag" pos="NN">groom</wf>
<wf cmd="done" pos="VB" lemma="die" wnsn="1" lexsn="2:30:00::">died</wf>
<wf cmd="tag" pos="RB">later</wf>
<punc>''</punc>
<punc>.</punc>
</s>
<s snum="33">
<wf cmd="ignore" pos="PRP">He</wf>
<wf cmd="done" pos="VB" lemma="stand_up" wnsn="1" lexsn="2:38:00::">stood_up</wf>
<punc>.</punc>
</s>
<s snum="34">
<punc>``</punc>
<wf cmd="ignore" pos="PRP">I</wf>
<wf cmd="done" pos="VB" lemma="wish" wnsn="6" lexsn="2:32:00::">wish</wf>
<wf cmd="ignore" pos="PRP">you</wf>
<wf cmd="tag" pos="NN">good_luck</wf>
<punc>,</punc>
<wf cmd="ignore" pos="CC">but</wf>
<wf cmd="tag" pos="RB">please</wf>
<wf cmd="done" pos="VBP" ot="notag">do</wf>
<wf cmd="tag" pos="RB">n't</wf>
<wf cmd="done" pos="VB" lemma="dig_up" wnsn="1" lexsn="2:35:00::">dig_up</wf>
<wf cmd="tag" pos="RB">too</wf>
<wf cmd="tag" pos="JJ">tough</wf>
<wf cmd="ignore" pos="DT">a</wf>
<wf cmd="tag" pos="NN">case</wf>
<wf cmd="ignore" pos="IN">for</wf>
<wf cmd="ignore" pos="PRP">me</wf>
<wf cmd="ignore" pos="DT">this</wf>
<wf cmd="tag" pos="RB">close_to</wf>
<wf cmd="tag" pos="NN">election</wf>
<punc>.</punc>
</s>
<s snum="35">
<wf cmd="ignore" pos="IN">If</wf>
<wf cmd="ignore" pos="PRP">you</wf>
<wf cmd="done" pos="VB" lemma="find_out" wnsn="1" lexsn="2:32:00::">find_out</wf>
<wf cmd="tag" pos="NN">anything</wf>
<punc>,</punc>
<wf cmd="done" rdf="come_back" pos="VB" lemma="come_back" wnsn="0" lexsn="2:38:00::">come</wf>
<wf cmd="done" pos="VB" ot="notag">on</wf>
<wf cmd="done" pos="RB" ot="notag">back</wf>
<wf cmd="tag" pos="RB">here</wf>
<wf cmd="ignore" pos="CC">and</wf>
<wf cmd="ignore" pos="PRP">we</wf>
<wf cmd="ignore" pos="MD">'ll</wf>
<wf cmd="done" pos="VB" lemma="get_started" wnsn="1" lexsn="2:30:00::">get_started</wf>
<wf cmd="tag" pos="RB">on_it</wf>
<punc>''</punc>
<punc>.</punc>
</s>
</p>
<p pnum="13">
<s snum="36">
<wf cmd="done" pos="VB" lemma="track_down" wnsn="1" lexsn="2:33:00::">Tracking_down</wf>
<wf cmd="tag" pos="NNP">Mrs._Calhoun</wf>
<wf cmd="done" pos="VB" lemma="be" wnsn="1" lexsn="2:42:03::">was</wf>
<wf cmd="tag" pos="JJ">like</wf>
<wf cmd="done" pos="VB" lemma="try" wnsn="1" lexsn="2:41:00::">trying</wf>
<wf cmd="done" pos="VB" ot="notag">to</wf>
<wf cmd="done" pos="VB" lemma="catch_up_with" wnsn="1" lexsn="2:33:00::">catch_up_with</wf>
<wf cmd="tag" pos="NNP">Paul_Revere</wf>
<wf cmd="ignore" pos="IN">between</wf>
<wf cmd="tag" pos="NNP">Lexington</wf>
<wf cmd="ignore" pos="CC">and</wf>
<wf cmd="tag" pos="NNP">Concord</wf>
<punc>.</punc>
</s>
<s snum="37">
<wf cmd="ignore" pos="PRP">It</wf>
<wf cmd="done" pos="VB" lemma="turn_out" wnsn="1" lexsn="2:42:00::">turned_out</wf>
<wf cmd="ignore" pos="IN">that</wf>
<wf cmd="ignore" pos="PRP">she</wf>
<wf cmd="tag" pos="RB">also</wf>
<wf cmd="done" pos="VB" lemma="sell" wnsn="1" lexsn="2:40:00::">sold</wf>
<wf cmd="tag" pos="NN">real_estate</wf>
<punc>,</punc>
<wf cmd="tag" pos="NNS">cosmetics</wf>
<punc>,</punc>
<wf cmd="ignore" pos="CC">and</wf>
<wf cmd="tag" pos="NN">hospital</wf>
<wf cmd="tag" pos="NN">insurance</wf>
<punc>.</punc>
</s>
<s snum="38">
<wf cmd="ignore" pos="DT">The</wf>
<wf cmd="tag" pos="JJ">wearying</wf>
<wf cmd="tag" pos="NN">trek</wf>
<wf cmd="done" pos="VB" lemma="stretch" wnsn="4" lexsn="2:30:00::">stretched</wf>
<wf cmd="ignore" pos="IN">into</wf>
<wf cmd="ignore" pos="DT">the</wf>
<wf cmd="tag" pos="NN">afternoon</wf>
<punc>-</punc>
<wf cmd="ignore" pos="IN">from</wf>
<wf cmd="tag" pos="NN">newspaper</wf>
<wf cmd="tag" pos="NN">plant</wf>
<wf cmd="ignore" pos="TO">to</wf>
<wf cmd="tag" pos="NN">insurance</wf>
<wf cmd="tag" pos="NN">office</wf>
<wf cmd="ignore" pos="TO">to</wf>
<wf cmd="ignore" pos="PRP$">her</wf>
<wf cmd="tag" pos="NN">house</wf>
<wf cmd="ignore" pos="CC">and</wf>
<wf cmd="tag" pos="RB">back</wf>
<wf cmd="ignore" pos="TO">to</wf>
<wf cmd="ignore" pos="DT">the</wf>
<wf cmd="tag" pos="NN">newspaper</wf>
<punc>,</punc>
<wf cmd="ignore" pos="WRB">where</wf>
<wf cmd="ignore" pos="PRP">he</wf>
<wf cmd="done" pos="VB" lemma="find" wnsn="3" lexsn="2:40:00::">found</wf>
<wf cmd="ignore" pos="PRP">her</wf>
<wf cmd="ignore" pos="IN">at</wf>
<wf cmd="tag" pos="CD">five</wf>
<wf cmd="ignore" pos="IN">o</wf>
<punc>'</punc>
<wf cmd="tag" pos="NN">clock</wf>
<punc>.</punc>
</s>
</p>
<p pnum="14">
<s snum="39">
<wf cmd="ignore" pos="PRP">She</wf>
<wf cmd="done" pos="VB" lemma="be" wnsn="1" lexsn="2:42:03::">was</wf>
<wf cmd="ignore" pos="DT">a</wf>
<wf cmd="tag" pos="JJ">large</wf>
<wf cmd="tag" pos="NN">woman</wf>
<wf cmd="ignore" pos="IN">with</wf>
<wf cmd="ignore" pos="DT">a</wf>
<wf cmd="tag" pos="JJ">frizzled</wf>
<wf cmd="tag" pos="JJ">gray</wf>
<wf cmd="tag" pos="NN">poodle</wf>
<wf cmd="tag" pos="NN">cut</wf>
<wf cmd="ignore" pos="CC">and</wf>
<wf cmd="ignore" pos="DT">a</wf>
<wf cmd="tag" pos="NN">pencil</wf>
<wf cmd="done" pos="VB" lemma="clamp" wnsn="1" lexsn="2:35:00::">clamped</wf>
<wf cmd="ignore" pos="IN">like</wf>
<wf cmd="tag" pos="RB">a_bit</wf>
<wf cmd="ignore" pos="IN">between</wf>
<wf cmd="ignore" pos="PRP$">her</wf>
<wf cmd="tag" pos="NNS">teeth</wf>
<wf cmd="ignore" pos="IN">while</wf>
<wf cmd="ignore" pos="PRP">she</wf>
<wf cmd="done" pos="VB" lemma="hunt" wnsn="2" lexsn="2:38:00::">hunted</wf>
<wf cmd="ignore" pos="CC">and</wf>
<wf cmd="done" pos="VB" lemma="peck" wnsn="1" lexsn="2:35:01::">pecked</wf>
<wf cmd="ignore" pos="IN">on</wf>
<wf cmd="ignore" pos="DT">an</wf>
<wf cmd="tag" pos="JJ">old</wf>
<wf cmd="tag" pos="NN">typewriter</wf>
<punc>.</punc>
</s>
<s snum="40">
<wf cmd="ignore" pos="PRP">It</wf>
<wf cmd="done" pos="VB" lemma="take" wnsn="2" lexsn="2:40:06::">took</wf>
<wf cmd="tag" pos="JJ">a_couple_of</wf>
<wf cmd="tag" pos="NNS">minutes</wf>
<wf cmd="ignore" pos="TO">to</wf>
<wf cmd="done" pos="VB" lemma="run_through" wnsn="1" lexsn="2:34:01::">run_through</wf>
<wf cmd="ignore" pos="PRP$">her</wf>
<wf cmd="tag" pos="JJ">various</wf>
<wf cmd="tag" pos="NNS">businesses</wf>
<wf cmd="ignore" pos="CC">and</wf>
<wf cmd="done" pos="VB" lemma="get" wnsn="5" lexsn="2:38:00::">get</wf>
<wf cmd="tag" pos="RB">down</wf>
<wf cmd="done" pos="VB" ot="notag">to</wf>
<wf cmd="ignore" pos="DT">the</wf>
<wf cmd="tag" pos="CD">one</wf>
<wf cmd="ignore" pos="PRP">he</wf>
<wf cmd="done" pos="VB" lemma="want" wnsn="1" lexsn="2:37:00::">wanted</wf>
<punc>.</punc>
</s>
</p>
<p pnum="15">
<s snum="41">
<punc>``</punc>
<wf cmd="tag" pos="JJ">Last</wf>
<wf cmd="tag" pos="NN">year</wf>
<punc>?</punc>
</s>
<s snum="42">
<wf cmd="ignore" pos="UH">Well</wf>
<punc>,</punc>
<wf cmd="ignore" pos="PRP">I</wf>
<wf cmd="done" pos="VBP" ot="notag">do</wf>
<wf cmd="done" pos="VB" lemma="remember" wnsn="1" lexsn="2:31:00::">remember</wf>
<wf cmd="tag" pos="CD">one</wf>
<punc>.</punc>
</s>
<s snum="43">
<wf cmd="ignore" pos="IN">From</wf>
<wf cmd="tag" pos="NN">Baton_Rouge</wf>
<punc>.</punc>
</s>
<s snum="44">
<wf cmd="done" pos="VB" lemma="marry" wnsn="1" lexsn="2:41:00::">Married</wf>
<wf cmd="ignore" pos="DT">a</wf>
<wf cmd="tag" pos="NN">man</wf>
<wf cmd="tag" pos="JJ">named</wf>
<wf cmd="tag" pos="NNP">Vincent_Black</wf>
<punc>.</punc>
</s>
<s snum="45">
<wf cmd="ignore" pos="PRP">I</wf>
<wf cmd="done" pos="VB" lemma="remember" wnsn="1" lexsn="2:31:00::">remember</wf>
<wf cmd="ignore" pos="PRP">her</wf>
<wf cmd="ignore" pos="IN">because</wf>
<wf cmd="ignore" pos="PRP">she</wf>
<wf cmd="done" pos="VBD" ot="notag">did</wf>
<wf cmd="tag" pos="RB">n't</wf>
<wf cmd="done" pos="VB" lemma="want" wnsn="1" lexsn="2:37:00::">want</wf>
<wf cmd="ignore" pos="PRP$">her</wf>
<wf cmd="tag" pos="NN">picture</wf>
<wf cmd="ignore" pos="IN">in</wf>
<wf cmd="ignore" pos="DT">the</wf>
<wf cmd="tag" pos="NN">paper</wf>
<punc>.</punc>
</s>
<s snum="46">
<wf cmd="tag" pos="NNP">First</wf>
<wf cmd="tag" pos="NN">bride</wf>
<wf cmd="ignore" pos="IN">like</wf>
<wf cmd="ignore" pos="IN">that</wf>
<wf cmd="ignore" pos="PRP">I</wf>
<wf cmd="done" pos="VBP" ot="notag">'ve</wf>
<wf cmd="done" pos="VB" lemma="see" wnsn="8" lexsn="2:38:00::">seen</wf>
<wf cmd="ignore" pos="IN">in</wf>
<wf cmd="tag" pos="CD">twenty-five</wf>
<wf cmd="tag" pos="NNS">years</wf>
<punc>''</punc>
<punc>.</punc>
</s>
</p>
<p pnum="16">
<s snum="47">
<punc>``</punc>
<wf cmd="ignore" pos="WP">What</wf>
<wf cmd="tag" pos="NN">reason</wf>
<wf cmd="done" pos="VBD" ot="notag">did</wf>
<wf cmd="ignore" pos="PRP">she</wf>
<wf cmd="done" pos="VB" lemma="give" wnsn="4" lexsn="2:40:07::">give</wf>
<punc>''</punc>
<punc>?</punc>
</s>
</p>
<p pnum="17">
<s snum="48">
<punc>``</punc>
<wf cmd="done" pos="VB" lemma="say" wnsn="2" lexsn="2:32:01::">Said</wf>
<wf cmd="ignore" pos="PRP">she</wf>
<wf cmd="done" pos="VB" lemma="have" wnsn="1" lexsn="2:40:00::">had</wf>
<wf cmd="ignore" pos="DT">a</wf>
<wf cmd="tag" pos="NN">breaking-out</wf>
<wf cmd="ignore" pos="IN">on</wf>
<wf cmd="ignore" pos="PRP$">her</wf>
<wf cmd="tag" pos="NN">face</wf>
<punc>-</punc>
<wf cmd="ignore" pos="DT">some</wf>
<wf cmd="tag" pos="RB">sort_of</wf>
<wf cmd="tag" pos="NN">allergy</wf>
<punc>-</punc>
<wf cmd="ignore" pos="CC">and</wf>
<wf cmd="tag" pos="NN">none</wf>
<wf cmd="ignore" pos="IN">of</wf>
<wf cmd="ignore" pos="PRP$">her</wf>
<wf cmd="tag" pos="JJ">old</wf>
<wf cmd="tag" pos="NNS">pictures</wf>
<wf cmd="done" pos="VB" lemma="be" wnsn="1" lexsn="2:42:03::">was</wf>
<wf cmd="tag" pos="JJ">good</wf>
<wf cmd="tag" pos="RB">enough</wf>
<punc>.</punc>
</s>
<s snum="49">
<wf cmd="ignore" pos="PRP">I</wf>
<wf cmd="done" pos="VBD" ot="notag">did</wf>
<wf cmd="tag" pos="RB">n't</wf>
<wf cmd="done" pos="VB" lemma="see" wnsn="1" lexsn="2:39:00::">see</wf>
<wf cmd="ignore" pos="PRP">her</wf>
<wf cmd="ignore" pos="IN">till</wf>
<wf cmd="tag" pos="JJ">several</wf>
<wf cmd="tag" pos="NNS">days</wf>
<wf cmd="tag" pos="RB">later</wf>
<wf cmd="ignore" pos="IN">at</wf>
<wf cmd="ignore" pos="DT">the</wf>
<wf cmd="tag" pos="NN">wedding</wf>
<punc>,</punc>
<wf cmd="ignore" pos="CC">and</wf>
<wf cmd="ignore" pos="PRP$">her</wf>
<wf cmd="tag" pos="NN">face</wf>
<wf cmd="done" pos="VB" lemma="look" wnsn="2" lexsn="2:39:01::">looked</wf>
<wf cmd="tag" pos="JJ">like</wf>
<wf cmd="ignore" pos="PRP">it</wf>
<wf cmd="done" pos="VBD" ot="notag">had</wf>
<wf cmd="tag" pos="RB">never</wf>
<wf cmd="done" pos="VB" lemma="have" wnsn="1" lexsn="2:40:00::">had</wf>
<wf cmd="ignore" pos="DT">a</wf>
<wf cmd="tag" pos="NN">blemish</wf>
<wf cmd="tag" pos="RB">on_it</wf>
<punc>.</punc>
</s>
<s snum="50">
<wf cmd="ignore" pos="CC">But</wf>
<punc>,</punc>
<wf cmd="tag" pos="RB">of_course</wf>
<punc>,</punc>
<wf cmd="ignore" pos="PRP">you</wf>
<wf cmd="tag" pos="MD">could</wf>
<wf cmd="tag" pos="RB">n't</wf>
<wf cmd="done" pos="VB" lemma="see" wnsn="1" lexsn="2:39:00::">see</wf>
<wf cmd="tag" pos="RB">too</wf>
<wf cmd="tag" pos="RB">well</wf>
<wf cmd="ignore" pos="IN">through</wf>
<wf cmd="ignore" pos="DT">the</wf>
<wf cmd="tag" pos="NN">veil</wf>
<punc>''</punc>
<punc>.</punc>
</s>
</p>
<p pnum="18">
<s snum="51">
<punc>``</punc>
<wf cmd="done" pos="VB" lemma="be" wnsn="1" lexsn="2:42:03::">Was</wf>
<wf cmd="ignore" pos="PRP$">her</wf>
<wf cmd="tag" pos="NN">name</wf>
<wf cmd="tag" pos="NNP">Lisa_Carmody</wf>
<punc>''</punc>
<punc>?</punc>
</s>
</p>
<p pnum="19">
<s snum="52">
<punc>``</punc>
<wf cmd="tag" pos="RB">Now</wf>
<wf cmd="ignore" pos="WRB">how</wf>
<wf cmd="ignore" pos="IN">in</wf>
<wf cmd="tag" pos="NN">hell</wf>
<wf cmd="ignore" pos="MD">would</wf>
<wf cmd="ignore" pos="PRP">I</wf>
<wf cmd="done" pos="VB" lemma="remember" wnsn="1" lexsn="2:31:00::">remember</wf>
<wf cmd="ignore" pos="IN">that</wf>
<punc>''</punc>
<punc>?</punc>
</s>
</p>
<p pnum="20">
<s snum="53">
<punc>``</punc>
<wf cmd="done" pos="VB" ot="idiom">Never_mind</wf>
<punc>.</punc>
</s>
<s snum="54">
<wf cmd="ignore" pos="PRP">I</wf>
<wf cmd="ignore" pos="MD">can</wf>
<wf cmd="done" rdf="look_up" pos="VB" lemma="look_up" wnsn="1" lexsn="2:32:00::">look</wf>
<wf cmd="ignore" pos="PRP">it</wf>
<wf cmd="done" pos="RB" ot="notag">up</wf>
<punc>.</punc>
</s>
<s snum="55">
<wf cmd="done" pos="VBP" ot="notag">Do</wf>
<wf cmd="ignore" pos="PRP">they</wf>
<wf cmd="tag" pos="RB">still</wf>
<wf cmd="done" pos="VB" lemma="live" wnsn="1" lexsn="2:42:08::">live</wf>
<wf cmd="tag" pos="RB">here</wf>
<punc>''</punc>
<punc>?</punc>
</s>
</p>
<p pnum="21">
<s snum="56">
<punc>``</punc>
<wf cmd="ignore" pos="PRP">I</wf>
<wf cmd="done" pos="VB" lemma="think" wnsn="1" lexsn="2:31:01::">think</wf>
<wf cmd="ignore" pos="PRP">they</wf>
<wf cmd="done" pos="VB" lemma="move" wnsn="4" lexsn="2:38:02::">moved</wf>
<wf cmd="tag" pos="RB">away</wf>
<wf cmd="tag" pos="RB">shortly</wf>
<wf cmd="ignore" pos="IN">after</wf>
<wf cmd="ignore" pos="PRP">they</wf>
<wf cmd="done" pos="VBD" ot="notag">were</wf>
<wf cmd="done" pos="VB" lemma="marry" wnsn="1" lexsn="2:41:00::">married</wf>
<punc>.</punc>
</s>
<s snum="57">
<wf cmd="ignore" pos="PRP">He</wf>
<wf cmd="done" pos="VB" lemma="be" wnsn="8" lexsn="2:41:00::">was</wf>
<wf cmd="ignore" pos="DT">a</wf>
<wf cmd="tag" pos="NN">salesman</wf>
<wf cmd="ignore" pos="IN">for</wf>
<wf cmd="tag" pos="NN">something</wf>
<wf cmd="ignore" pos="CC">or</wf>
<wf cmd="tag" pos="JJ">other</wf>
<wf cmd="ignore" pos="CC">and</wf>
<wf cmd="ignore" pos="MD">must</wf>
<wf cmd="done" pos="VB" ot="notag">have</wf>
<wf cmd="done" pos="VBN" ot="notag">been</wf>
<wf cmd="done" pos="VB" lemma="transfer" wnsn="1" lexsn="2:41:00::">transferred</wf>
<punc>.</punc>
</s>
<s snum="58">
<wf cmd="ignore" pos="PRP">I</wf>
<wf cmd="done" rdf="am" pos="VB" lemma="be" wnsn="1" lexsn="2:42:03::">'m</wf>
<wf cmd="tag" pos="JJ">sure</wf>
<wf cmd="ignore" pos="PRP">it</wf>
<wf cmd="ignore" pos="MD">'ll</wf>
<wf cmd="done" pos="VB" lemma="be" wnsn="5" lexsn="2:42:04::">be</wf>
<wf cmd="ignore" pos="IN">in</wf>
<wf cmd="ignore" pos="DT">the</wf>
<wf cmd="tag" pos="NNS">files</wf>
<punc>.</punc>
</s>
<s snum="59">
<wf cmd="ignore" pos="PRP">We</wf>
<wf cmd="tag" pos="RB">usually</wf>
<wf cmd="done" pos="VB" lemma="run" wnsn="20" lexsn="2:36:02::">run</wf>
<wf cmd="ignore" pos="DT">a</wf>
<wf cmd="tag" pos="JJ">social</wf>
<wf cmd="tag" pos="NN">note</wf>
<wf cmd="ignore" pos="WRB">when</wf>
<wf cmd="tag" pos="NN">somebody</wf>
<wf cmd="done" pos="VB" lemma="move" wnsn="4" lexsn="2:38:02::">moves</wf>
<wf cmd="tag" pos="RB">away</wf>
<punc>''</punc>
<punc>.</punc>
</s>
</p>
<p pnum="22">
<s snum="60">
<wf cmd="ignore" pos="PRP">He</wf>
<wf cmd="done" pos="VB" lemma="stand_up" wnsn="1" lexsn="2:38:00::">stood_up</wf>
<wf cmd="ignore" pos="CC">and</wf>
<wf cmd="done" pos="VB" lemma="thank" wnsn="1" lexsn="2:32:00::">thanked</wf>
<wf cmd="ignore" pos="PRP$">her</wf>
<punc>.</punc>
</s>
</p>
<p pnum="23">
<s snum="61">
<punc>``</punc>
<wf cmd="done" pos="VBP" ot="notag">Have</wf>
<wf cmd="ignore" pos="PRP">they</wf>
<wf cmd="done" pos="VB" lemma="inherit" wnsn="1" lexsn="2:40:00::">inherited</wf>
<wf cmd="ignore" pos="DT">some</wf>
<wf cmd="tag" pos="NN">money</wf>
<wf cmd="ignore" pos="CC">or</wf>
<wf cmd="tag" pos="NN">something</wf>
<punc>''</punc>
<punc>?</punc>
<wf cmd="ignore" pos="PRP">she</wf>
<wf cmd="done" pos="VB" lemma="ask" wnsn="1" lexsn="2:32:00::">asked</wf>
<wf cmd="ignore" pos="IN">with</wf>
<wf cmd="ignore" pos="DT">a</wf>
<wf cmd="tag" pos="JJ">reportorial</wf>
<wf cmd="tag" pos="NN">gleam</wf>
<wf cmd="ignore" pos="IN">in</wf>
<wf cmd="ignore" pos="PRP$">her</wf>
<wf cmd="tag" pos="NN">eye</wf>
<punc>.</punc>
</s>
</p>
<p pnum="24">
<s snum="62">
<wf cmd="ignore" pos="PRP">He</wf>
<wf cmd="done" pos="VB" lemma="say" wnsn="1" lexsn="2:32:00::">said</wf>
<wf cmd="tag" pos="RB">vaguely</wf>
<punc>,</punc>
<punc>``</punc>
<wf cmd="ignore" pos="UH">Well</wf>
<punc>,</punc>
<wf cmd="ignore" pos="PRP">it</wf>
<wf cmd="done" pos="VB" lemma="be" wnsn="1" lexsn="2:42:03::">is</wf>
<wf cmd="tag" pos="RB">a_little</wf>
<wf cmd="tag" pos="JJ">legal</wf>
<wf cmd="tag" pos="NN">matter</wf>
<punc>,</punc>
<wf cmd="ignore" pos="CC">but</wf>
<wf cmd="tag" pos="NN">nothing</wf>
<wf cmd="ignore" pos="IN">like</wf>
<wf cmd="ignore" pos="IN">that</wf>
<punc>''</punc>
<punc>.</punc>
</s>
</p>
<p pnum="25">
<s snum="63">
<wf cmd="ignore" pos="PRP">He</wf>
<wf cmd="done" pos="VB" lemma="hurry" wnsn="1" lexsn="2:38:00::">hurried</wf>
<wf cmd="tag" pos="RB">across</wf>
<wf cmd="ignore" pos="TO">to</wf>
<wf cmd="ignore" pos="DT">the</wf>
<wf cmd="tag" pos="NN">courthouse</wf>
<wf cmd="ignore" pos="CC">and</wf>
<wf cmd="done" pos="VB" lemma="catch" wnsn="11" lexsn="2:33:10::">caught</wf>
<wf cmd="ignore" pos="DT">the</wf>
<wf cmd="tag" pos="NN">sheriff</wf>
<wf cmd="tag" pos="RB">just_as</wf>
<wf cmd="ignore" pos="PRP">he</wf>
<wf cmd="done" pos="VBD" ot="notag">was</wf>
<wf cmd="done" pos="VB" lemma="leave" wnsn="1" lexsn="2:38:01::">leaving</wf>
<punc>.</punc>
</s>
</p>
<p pnum="26">
<s snum="64">
<punc>``</punc>
<wf cmd="done" pos="VB" lemma="sound" wnsn="1" lexsn="2:39:06::">Sounds</wf>
<wf cmd="ignore" pos="IN">like</wf>
<wf cmd="ignore" pos="WP">what</wf>
<wf cmd="ignore" pos="PRP">you</wf>
<wf cmd="done" rdf="are" pos="VB" lemma="be" wnsn="1" lexsn="2:42:03::">'re</wf>
<wf cmd="ignore" pos="IN">after</wf>
<punc>''</punc>
<punc>,</punc>
<wf cmd="ignore" pos="PRP">he</wf>
<wf cmd="done" pos="VB" lemma="say" wnsn="1" lexsn="2:32:00::">said</wf>
<wf cmd="ignore" pos="WRB">when</wf>
<wf cmd="tag" pos="NNP">Hank</wf>
<wf cmd="done" pos="VBD" ot="notag">had</wf>
<wf cmd="done" pos="VB" lemma="finish" wnsn="1" lexsn="2:30:02::">finished</wf>
<punc>.</punc>
</s>
<s snum="65">
<punc>``</punc>
<wf cmd="done" pos="VB" ot="notag">Come_on</wf>
<punc>,</punc>
<wf cmd="done" pos="VB" ot="notag">let</wf>
<wf cmd="ignore" pos="POS">'s</wf>
<wf cmd="done" pos="VB" lemma="hurry" wnsn="1" lexsn="2:38:00::">hurry</wf>
<wf cmd="tag" pos="RB">down</wf>
<wf cmd="ignore" pos="IN">before</wf>
<wf cmd="ignore" pos="PRP">they</wf>
<wf cmd="done" pos="VB" lemma="lock_up" wnsn="1" lexsn="2:35:01::">lock_up</wf>
<wf cmd="ignore" pos="IN">for</wf>
<wf cmd="ignore" pos="DT">the</wf>
<wf cmd="tag" pos="NN">day</wf>
<punc>''</punc>
<punc>.</punc>
</s>
</p>
<p pnum="27">
<s snum="66">
<wf cmd="ignore" pos="IN">In</wf>
<wf cmd="ignore" pos="DT">the</wf>
<wf cmd="tag" pos="NN">basement</wf>
<wf cmd="ignore" pos="DT">the</wf>
<wf cmd="tag" pos="NN">sheriff</wf>
<wf cmd="done" pos="VB" lemma="take" wnsn="3" lexsn="2:38:09::">took</wf>
<wf cmd="ignore" pos="PRP">him</wf>
<wf cmd="ignore" pos="TO">to</wf>
<wf cmd="ignore" pos="DT">a</wf>
<wf cmd="tag" pos="JJ">small</wf>
<punc>,</punc>
<wf cmd="tag" pos="JJ">dingy</wf>
<wf cmd="tag" pos="NN">office</wf>
<wf cmd="done" pos="VB" lemma="occupy" wnsn="0" lexsn="2:42:02::">occupied</wf>
<wf cmd="ignore" pos="IN">by</wf>
<wf cmd="ignore" pos="DT">a</wf>
<wf cmd="tag" pos="JJ">tall</wf>
<punc>,</punc>
<wf cmd="tag" pos="JJ">thin</wf>
<wf cmd="tag" pos="NN">man</wf>
<wf cmd="tag" pos="JJ">informal</wf>
<wf cmd="ignore" pos="IN">in</wf>
<wf cmd="tag" pos="JJ">rolled-up</wf>
<wf cmd="tag" pos="NN">shirt</wf>
<wf cmd="tag" pos="NNS">sleeves</wf>
<punc>.</punc>
</s>
</p>
<p pnum="28">
<s snum="67">
<punc>``</punc>
<wf cmd="tag" pos="NN">Mr.</wf>
<wf cmd="tag" pos="NNP">Ferrell</wf>
<punc>&amp;</punc>
<punc>&amp;</punc>
<punc>&amp;</punc>
<wf cmd="tag" pos="NNP">Hirey_Lindsay</wf>
<punc>,</punc>
<wf cmd="tag" pos="NN">chairman_of_the_board</wf>
<wf cmd="ignore" pos="IN">of</wf>
<wf cmd="tag" pos="NNS">supervisors</wf>
<punc>.</punc>
</s>
<s snum="68">
<wf cmd="tag" pos="NNP">Mr._Ferrell</wf>
<wf cmd="done" pos="VB" lemma="be" wnsn="8" lexsn="2:41:00::">is</wf>
<wf cmd="ignore" pos="DT">a</wf>
<wf cmd="tag" pos="NN">private_detective</wf>
<punc>,</punc>
<wf cmd="tag" pos="NNP">Hirey</wf>
<punc>.</punc>
</s>
<s snum="69">
<wf cmd="done" pos="VB" lemma="want" wnsn="1" lexsn="2:37:00::">Wants</wf>
<wf cmd="done" pos="VB" ot="notag">to</wf>
<wf cmd="done" pos="VB" lemma="look_up" wnsn="1" lexsn="2:32:00::">look_up</wf>
<wf cmd="tag" pos="NN">something</wf>
<wf cmd="ignore" pos="IN">in</wf>
<wf cmd="ignore" pos="DT">the</wf>
<wf cmd="tag" pos="NN">newspaper</wf>
<wf cmd="tag" pos="NNS">files</wf>
<punc>,</punc>
<wf cmd="tag" pos="RB">so</wf>
<wf cmd="done" pos="VBP" ot="notag">do</wf>
<wf cmd="tag" pos="RB">n't</wf>
<wf cmd="done" pos="VB" lemma="lock" wnsn="1" lexsn="2:35:00::">lock</wf>
<wf cmd="ignore" pos="PRP">him</wf>
<wf cmd="ignore" pos="IN">in</wf>
<wf cmd="tag" pos="RB">here</wf>
<punc>''</punc>
<punc>.</punc>
</s>
</p>
<p pnum="29">
<s snum="70">
<punc>``</punc>
<wf cmd="tag" pos="RB">Sure</wf>
<punc>''</punc>
<punc>,</punc>
<wf cmd="done" pos="VB" lemma="say" wnsn="1" lexsn="2:32:00::">said</wf>
<wf cmd="tag" pos="NNP">Hirey</wf>
<punc>.</punc>
</s>
<s snum="71">
<punc>``</punc>
<wf cmd="ignore" pos="PRP">I</wf>
<wf cmd="ignore" pos="MD">'ll</wf>
<wf cmd="tag" pos="RB">just</wf>
<wf cmd="done" pos="VB" lemma="leave" wnsn="4" lexsn="2:30:02::">leave</wf>
<wf cmd="ignore" pos="DT">the</wf>
<wf cmd="tag" pos="NN">door</wf>
<wf cmd="tag" pos="JJ">open</wf>
<punc>.</punc>
</s>
<s snum="72">
<wf cmd="ignore" pos="PRP">It</wf>
<wf cmd="done" pos="VB" lemma="latch" wnsn="1" lexsn="2:35:00::">latches</wf>
<wf cmd="ignore" pos="WRB">when</wf>
<wf cmd="ignore" pos="PRP">you</wf>
<wf cmd="done" pos="VB" lemma="close" wnsn="1" lexsn="2:35:00::">close</wf>
<wf cmd="ignore" pos="PRP">it</wf>
<punc>,</punc>
<wf cmd="tag" pos="RB">so</wf>
<wf cmd="done" pos="VB" lemma="stay" wnsn="3" lexsn="2:42:01::">stay</wf>
<wf cmd="tag" pos="RB">as</wf>
<wf cmd="tag" pos="JJ">long</wf>
<wf cmd="ignore" pos="IN">as</wf>
<wf cmd="ignore" pos="PRP">you</wf>
<wf cmd="ignore" pos="IN">like</wf>
<punc>''</punc>
<punc>.</punc>
</s>
</p>
<p pnum="30">
<s snum="73">
<wf cmd="tag" pos="NNP">Carruthers</wf>
<wf cmd="done" pos="VB" lemma="cross" wnsn="1" lexsn="2:38:00::">crossed</wf>
<wf cmd="ignore" pos="DT">the</wf>
<wf cmd="tag" pos="NN">room</wf>
<wf cmd="ignore" pos="TO">to</wf>
<wf cmd="ignore" pos="DT">a</wf>
<wf cmd="tag" pos="NN">metal</wf>
<wf cmd="tag" pos="NN">door</wf>
<wf cmd="ignore" pos="IN">with</wf>
<wf cmd="ignore" pos="DT">an</wf>
<wf cmd="tag" pos="JJ">open</wf>
<wf cmd="tag" pos="NN">grillework</wf>
<wf cmd="ignore" pos="IN">in</wf>
<wf cmd="ignore" pos="DT">the</wf>
<wf cmd="tag" pos="JJ">top</wf>
<wf cmd="tag" pos="NN">half</wf>
<punc>.</punc>
</s>
<s snum="74">
<wf cmd="ignore" pos="PRP">He</wf>
<wf cmd="done" pos="VB" lemma="pull" wnsn="1" lexsn="2:35:00::">pulled</wf>
<wf cmd="ignore" pos="PRP">it</wf>
<wf cmd="tag" pos="JJ">open</wf>
<punc>.</punc>
</s>
<s snum="75">
<punc>``</punc>
<wf cmd="tag" pos="RB">Now</wf>
<wf cmd="done" pos="VBP" ot="notag">do</wf>
<wf cmd="tag" pos="RB">n't</wf>
<wf cmd="done" pos="VB" lemma="shut" wnsn="1" lexsn="2:35:00::">shut</wf>
<wf cmd="ignore" pos="DT">this</wf>
<wf cmd="tag" pos="NN">door</wf>
<punc>.</punc>
</s>
<s snum="76">
<wf cmd="ignore" pos="PRP">It</wf>
<wf cmd="done" pos="VBD" ot="notag">won't</wf>
<wf cmd="done" pos="VB" lemma="open" wnsn="3" lexsn="2:35:06::">open</wf>
<wf cmd="ignore" pos="IN">from</wf>
<wf cmd="tag" pos="RB">inside</wf>
<punc>.</punc>
</s>
<s snum="77">
<wf cmd="ignore" pos="IN">Before</wf>
<wf cmd="ignore" pos="PRP">we</wf>
<wf cmd="done" pos="VB" lemma="build" wnsn="1" lexsn="2:36:00::">built</wf>
<wf cmd="ignore" pos="DT">the</wf>
<wf cmd="tag" pos="JJ">new</wf>
<wf cmd="tag" pos="NN">jail</wf>
<punc>,</punc>
<wf cmd="ignore" pos="PRP">we</wf>
<wf cmd="tag" pos="JJ">used_to</wf>
<wf cmd="done" pos="VB" lemma="keep" wnsn="1" lexsn="2:42:00::">keep</wf>
<wf cmd="tag" pos="NNS">prisoners</wf>
<wf cmd="ignore" pos="IN">in</wf>
<wf cmd="tag" pos="RB">here</wf>
<wf cmd="tag" pos="JJ">overnight</wf>
<wf cmd="tag" pos="RB">sometimes</wf>
<wf cmd="ignore" pos="WRB">when</wf>
<wf cmd="ignore" pos="DT">the</wf>
<wf cmd="tag" pos="JJ">old</wf>
<wf cmd="tag" pos="NN">jail</wf>
<wf cmd="done" pos="VB" lemma="get" wnsn="2" lexsn="2:30:00::">got</wf>
<wf cmd="tag" pos="RB">too</wf>
<wf cmd="tag" pos="JJ">crowded</wf>
<punc>.</punc>
</s>
<s snum="78">
<wf cmd="tag" pos="NNP">Hirey</wf>
<wf cmd="done" pos="VB" lemma="treat" wnsn="3" lexsn="2:29:00::">treats</wf>
<wf cmd="ignore" pos="PRP">himself</wf>
<wf cmd="tag" pos="RB">a_lot</wf>
<wf cmd="tag" pos="JJR">better</wf>
<wf cmd="ignore" pos="IN">than</wf>
<wf cmd="ignore" pos="PRP">we</wf>
<wf cmd="done" pos="VBP" ot="notag">do</wf>
<wf cmd="tag" pos="NNS">prisoners</wf>
<punc>.</punc>
</s>
<s snum="79">
<wf cmd="ignore" pos="PRP">They</wf>
<wf cmd="done" pos="VB" lemma="be" wnsn="1" lexsn="2:42:03::">were</wf>
<wf cmd="ignore" pos="DT">a</wf>
<wf cmd="tag" pos="NN">sight</wf>
<wf cmd="tag" pos="RBR">more</wf>
<wf cmd="tag" pos="JJ">comfortable</wf>
<wf cmd="ignore" pos="IN">than</wf>
<wf cmd="ignore" pos="DT">the</wf>
<wf cmd="tag" pos="NNS">ones</wf>
<wf cmd="ignore" pos="IN">in</wf>
<wf cmd="ignore" pos="DT">the</wf>
<wf cmd="tag" pos="NN">jail</wf>
<wf cmd="ignore" pos="IN">with</wf>
<wf cmd="ignore" pos="DT">the</wf>
<wf cmd="tag" pos="JJ">cold</wf>
<wf cmd="tag" pos="NN">air</wf>
<wf cmd="ignore" pos="IN">from</wf>
<wf cmd="tag" pos="NNP">Hirey</wf>
<wf cmd="ignore" pos="POS">'s</wf>
<wf cmd="tag" pos="NN">air</wf>
<wf cmd="tag" pos="NN">conditioner</wf>
<wf cmd="done" pos="VB" lemma="come_through" wnsn="1" lexsn="2:30:00::">coming_through</wf>
<wf cmd="ignore" pos="DT">the</wf>
<wf cmd="tag" pos="NN">grille</wf>
<punc>''</punc>
<punc>.</punc>
</s>
</p>
<p pnum="31">
<s snum="80">
<wf cmd="ignore" pos="PRP">He</wf>
<wf cmd="done" pos="VB" lemma="walk" wnsn="1" lexsn="2:38:00::">walked</wf>
<wf cmd="tag" pos="JJ">past</wf>
<wf cmd="ignore" pos="DT">the</wf>
<wf cmd="tag" pos="NN">sheriff</wf>
<wf cmd="ignore" pos="IN">into</wf>
<wf cmd="ignore" pos="DT">a</wf>
<wf cmd="tag" pos="JJ">windowless</wf>
<wf cmd="tag" pos="NN">room</wf>
<wf cmd="ignore" pos="IN">with</wf>
<wf cmd="tag" pos="NNS">shelves</wf>
<wf cmd="tag" pos="JJ">full_of</wf>
<wf cmd="tag" pos="JJ">big</wf>
<punc>,</punc>
<wf cmd="tag" pos="JJ">leather-bound</wf>
<wf cmd="tag" pos="NNS">volumes</wf>
<wf cmd="ignore" pos="IN">from</wf>
<wf cmd="tag" pos="NN">floor</wf>
<wf cmd="ignore" pos="TO">to</wf>
<wf cmd="tag" pos="NN">ceiling</wf>
<wf cmd="tag" pos="RB">all_around</wf>
<wf cmd="ignore" pos="DT">the</wf>
<wf cmd="tag" pos="NNS">walls</wf>
<punc>.</punc>
</s>
<s snum="81">
<wf cmd="ignore" pos="DT">A</wf>
<wf cmd="tag" pos="NN">metal</wf>
<wf cmd="tag" pos="NN">table</wf>
<wf cmd="ignore" pos="CC">and</wf>
<wf cmd="tag" pos="CD">four</wf>
<wf cmd="tag" pos="NNS">chairs</wf>
<wf cmd="done" pos="VB" lemma="stand" wnsn="1" lexsn="2:35:00::">stood</wf>
<wf cmd="done" pos="VB" ot="notag">in</wf>
<wf cmd="ignore" pos="DT">the</wf>
<wf cmd="tag" pos="NN">center</wf>
<punc>.</punc>
</s>
</p>
<p pnum="32">
<s snum="82">
<punc>``</punc>
<wf cmd="ignore" pos="PRP">They</wf>
<wf cmd="done" rdf="are" pos="VB" lemma="be" wnsn="3" lexsn="2:42:05::">'re</wf>
<wf cmd="ignore" pos="DT">all</wf>
<wf cmd="tag" pos="RB">here</wf>
<punc>,</punc>
<wf cmd="tag" pos="RB">back</wf>
<wf cmd="ignore" pos="TO">to</wf>
<wf cmd="tag" pos="CD">1865</wf>
<punc>''</punc>
<punc>,</punc>
<wf cmd="tag" pos="NNP">Carruthers</wf>
<wf cmd="done" pos="VB" lemma="tell" wnsn="1" lexsn="2:32:04::">told</wf>
<wf cmd="ignore" pos="PRP">him</wf>
<punc>.</punc>
</s>
<s snum="83">
<punc>``</punc>
<wf cmd="ignore" pos="PRP">It</wf>
<wf cmd="done" pos="VBZ" ot="notag">'s</wf>
<wf cmd="tag" pos="RB">all_right</wf>
<wf cmd="ignore" pos="TO">to</wf>
<wf cmd="done" pos="VB" lemma="smoke" wnsn="1" lexsn="2:34:00::">smoke</wf>
<punc>,</punc>
<wf cmd="ignore" pos="CC">but</wf>
<wf cmd="done" pos="VB" lemma="make" wnsn="16" lexsn="2:36:12::">make</wf>
<wf cmd="tag" pos="JJ">sure</wf>
<wf cmd="ignore" pos="PRP$">your</wf>
<wf cmd="tag" pos="NNS">cigarettes</wf>
<wf cmd="done" pos="VB" lemma="be" wnsn="1" lexsn="2:42:03::">are</wf>
<wf cmd="ignore" pos="IN">out</wf>
<wf cmd="ignore" pos="IN">before</wf>
<wf cmd="ignore" pos="PRP">you</wf>
<wf cmd="done" pos="VB" lemma="leave" wnsn="1" lexsn="2:38:01::">leave</wf>
<punc>.</punc>
</s>
<s snum="84">
<wf cmd="ignore" pos="CC">And</wf>
<punc>,</punc>
<wf cmd="tag" pos="RB">of_course</wf>
<punc>,</punc>
<wf cmd="ignore" pos="PRP">you</wf>
<wf cmd="done" pos="VB" lemma="know" wnsn="1" lexsn="2:31:01::">know</wf>
<wf cmd="tag" pos="RB">not</wf>
<wf cmd="ignore" pos="TO">to</wf>
<wf cmd="done" pos="VB" lemma="take" wnsn="4" lexsn="2:35:00::">take</wf>
<wf cmd="tag" pos="NNS">clippings</wf>
<punc>''</punc>
<punc>.</punc>
</s>
</p>
<p pnum="33">
<s snum="85">
<punc>``</punc>
<wf cmd="ignore" pos="PRP">I</wf>
<wf cmd="ignore" pos="MD">'ll</wf>
<wf cmd="done" pos="VB" lemma="leave" wnsn="4" lexsn="2:30:02::">leave</wf>
<wf cmd="ignore" pos="DT">the</wf>
<wf cmd="tag" pos="NN">air</wf>
<wf cmd="tag" pos="NN">conditioner</wf>
<wf cmd="ignore" pos="IN">on</wf>
<wf cmd="ignore" pos="IN">for</wf>
<wf cmd="ignore" pos="PRP">you</wf>
<punc>,</punc>
<wf cmd="tag" pos="NNP">Mr._Ferrell</wf>
<punc>''</punc>
<punc>,</punc>
<wf cmd="done" pos="VB" lemma="say" wnsn="1" lexsn="2:32:00::">said</wf>
<wf cmd="tag" pos="NNP">Hirey</wf>
<punc>.</punc>
</s>
<s snum="86">
<punc>``</punc>
<wf cmd="done" pos="VBP" ot="notag">Do</wf>
<wf cmd="tag" pos="RB">n't</wf>
<wf cmd="done" pos="VB" lemma="forget" wnsn="2" lexsn="2:31:00::">forget</wf>
<wf cmd="ignore" pos="TO">to</wf>
<wf cmd="done" rdf="turn_off" pos="VB" lemma="turn_off" wnsn="1" lexsn="2:35:00::">turn</wf>
<wf cmd="ignore" pos="PRP">it</wf>
<wf cmd="done" pos="RB" ot="notag">off</wf>
<wf cmd="ignore" pos="CC">and</wf>
<wf cmd="done" pos="VB" lemma="close" wnsn="1" lexsn="2:35:00::">close</wf>
<wf cmd="ignore" pos="DT">the</wf>
<wf cmd="tag" pos="NN">door</wf>
<wf cmd="tag" pos="JJ">good</wf>
<wf cmd="tag" pos="RB">so</wf>
<wf cmd="ignore" pos="PRP">it</wf>
<wf cmd="ignore" pos="MD">'ll</wf>
<wf cmd="done" pos="VB" lemma="latch" wnsn="1" lexsn="2:35:00::">latch</wf>
<punc>''</punc>
<punc>.</punc>
</s>
</p>
<p pnum="34">
<s snum="87">
<wf cmd="tag" pos="NNP">Hank</wf>
<wf cmd="done" pos="VB" lemma="thank" wnsn="1" lexsn="2:32:00::">thanked</wf>
<wf cmd="ignore" pos="PRP">them</wf>
<wf cmd="ignore" pos="CC">and</wf>
<wf cmd="done" pos="VB" lemma="promise" wnsn="1" lexsn="2:32:00::">promised</wf>
<wf cmd="ignore" pos="TO">to</wf>
<wf cmd="done" pos="VB" lemma="observe" wnsn="5" lexsn="2:41:01::">observe</wf>
<wf cmd="ignore" pos="DT">the</wf>
<wf cmd="tag" pos="NNS">rules</wf>
<punc>.</punc>
</s>
<s snum="88">
<wf cmd="ignore" pos="WRB">When</wf>
<wf cmd="ignore" pos="PRP">they</wf>
<wf cmd="done" pos="VBD" ot="notag">had</wf>
<wf cmd="done" pos="VB" lemma="go" wnsn="3" lexsn="2:38:01::">gone</wf>
<punc>,</punc>
<wf cmd="ignore" pos="PRP">he</wf>
<wf cmd="done" pos="VB" lemma="stand" wnsn="1" lexsn="2:35:00::">stood</wf>
<wf cmd="done" pos="VB" ot="notag">for</wf>
<wf cmd="ignore" pos="DT">a</wf>
<wf cmd="tag" pos="NN">minute</wf>
<wf cmd="done" pos="VB" lemma="breathe_in" wnsn="1" lexsn="2:29:00::">breathing_in</wf>
<wf cmd="ignore" pos="DT">the</wf>
<wf cmd="tag" pos="NN">mustiness</wf>
<wf cmd="ignore" pos="IN">of</wf>
<wf cmd="tag" pos="JJ">old</wf>
<wf cmd="tag" pos="NN">paper</wf>
<wf cmd="ignore" pos="CC">and</wf>
<wf cmd="tag" pos="NN">leather</wf>
<wf cmd="ignore" pos="WDT">which</wf>
<wf cmd="ignore" pos="DT">the</wf>
<wf cmd="tag" pos="RB">busily</wf>
<wf cmd="tag" pos="JJ">thrumming</wf>
<wf cmd="tag" pos="NN">air</wf>
<wf cmd="tag" pos="NN">conditioner</wf>
<wf cmd="ignore" pos="MD">could</wf>
<wf cmd="tag" pos="RB">n't</wf>
<wf cmd="tag" pos="RB">quite</wf>
<wf cmd="done" pos="VB" lemma="dispel" wnsn="1" lexsn="2:38:00::">dispel</wf>
<punc>.</punc>
</s>
</p>
<p pnum="35">
<s snum="89">
<wf cmd="ignore" pos="IN">In</wf>
<wf cmd="ignore" pos="DT">a</wf>
<wf cmd="tag" pos="NN">tour</wf>
<wf cmd="ignore" pos="IN">around</wf>
<wf cmd="ignore" pos="DT">the</wf>
<wf cmd="tag" pos="NNS">stacks</wf>
<punc>,</punc>
<wf cmd="ignore" pos="PRP">he</wf>
<wf cmd="done" pos="VB" lemma="find" wnsn="2" lexsn="2:39:02::">found</wf>
<wf cmd="ignore" pos="IN">that</wf>
<wf cmd="ignore" pos="DT">the</wf>
<wf cmd="tag" pos="JJS">earliest</wf>
<wf cmd="tag" pos="NNS">volumes</wf>
<wf cmd="done" pos="VB" lemma="begin" wnsn="2" lexsn="2:42:00::">began</wf>
<wf cmd="tag" pos="RB">on_the_left</wf>
<wf cmd="ignore" pos="CC">and</wf>
<wf cmd="done" pos="VB" lemma="progress" wnsn="1" lexsn="2:30:00::">progressed</wf>
<wf cmd="tag" pos="RB">clockwise</wf>
<wf cmd="ignore" pos="IN">around</wf>
<wf cmd="ignore" pos="DT">the</wf>
<wf cmd="tag" pos="NN">room</wf>
<punc>.</punc>
</s>
<s snum="90">
<wf cmd="ignore" pos="DT">An</wf>
<wf cmd="tag" pos="JJ">old</wf>
<wf cmd="tag" pos="NN">weakness</wf>
<wf cmd="ignore" pos="IN">for</wf>
<wf cmd="done" pos="VB" lemma="burrow" wnsn="1" lexsn="2:38:00::">burrowing</wf>
<wf cmd="ignore" pos="IN">in</wf>
<wf cmd="tag" pos="NNS">records</wf>
<wf cmd="done" pos="VB" lemma="rise_up" wnsn="1" lexsn="2:38:00::">rose_up</wf>
<wf cmd="ignore" pos="TO">to</wf>
<wf cmd="done" pos="VB" lemma="tempt" wnsn="2" lexsn="2:32:04::">tempt</wf>
<wf cmd="ignore" pos="PRP">him</wf>
<punc>.</punc>
</s>
</p>
<p pnum="36">
<s snum="91">
<wf cmd="ignore" pos="PRP">It</wf>
<wf cmd="done" pos="VB" lemma="be" wnsn="5" lexsn="2:42:04::">was</wf>
<punc>,</punc>
<wf cmd="tag" pos="RB">indeed</wf>
<punc>,</punc>
<wf cmd="ignore" pos="DT">all</wf>
<wf cmd="tag" pos="RB">here</wf>
<punc>-</punc>
<wf cmd="tag" pos="RB">almost</wf>
<wf cmd="ignore" pos="DT">a</wf>
<wf cmd="tag" pos="NN">century</wf>
<punc>.</punc>
</s>
<s snum="92">
<wf cmd="ignore" pos="IN">From</wf>
<wf cmd="tag" pos="NN">reconstruction</wf>
<wf cmd="ignore" pos="TO">to</wf>
<wf cmd="tag" pos="NN">moon</wf>
<wf cmd="tag" pos="NNS">rockets</wf>
<punc>.</punc>
</s>
<s snum="93">
<wf cmd="ignore" pos="CC">But</wf>
<wf cmd="ignore" pos="PRP">he</wf>
<wf cmd="done" pos="VB" lemma="pull_away" wnsn="1" lexsn="2:38:00::">pulled_away</wf>
<wf cmd="done" pos="VB" ot="notag">from</wf>
<wf cmd="ignore" pos="DT">the</wf>
<wf cmd="tag" pos="JJ">irrelevant</wf>
<wf cmd="tag" pos="JJ">old</wf>
<wf cmd="tag" pos="NNS">volumes</wf>
<wf cmd="ignore" pos="CC">and</wf>
<wf cmd="done" pos="VB" lemma="walk" wnsn="1" lexsn="2:38:00::">walked</wf>
<wf cmd="tag" pos="RB">around</wf>
<wf cmd="ignore" pos="TO">to</wf>
<wf cmd="ignore" pos="DT">the</wf>
<wf cmd="tag" pos="JJR">newer</wf>
<wf cmd="tag" pos="NNS">ones</wf>
<punc>.</punc>
</s>
</p>
<p pnum="37">
<s snum="94">
<wf cmd="tag" pos="JJ">Last</wf>
<wf cmd="tag" pos="NN">year</wf>
<wf cmd="ignore" pos="POS">'s</wf>
<wf cmd="tag" pos="NN">volume</wf>
<wf cmd="done" pos="VB" lemma="be" wnsn="3" lexsn="2:42:05::">was</wf>
<wf cmd="done" pos="VB" ot="notag">at</wf>
<wf cmd="done" pos="VB" ot="notag">the</wf>
<wf cmd="tag" pos="NN">top</wf>
<wf cmd="tag" pos="JJ">a_couple_of</wf>
<wf cmd="tag" pos="NNS">inches</wf>
<wf cmd="ignore" pos="IN">below</wf>
<wf cmd="ignore" pos="DT">the</wf>
<wf cmd="tag" pos="NN">ceiling</wf>
<punc>.</punc>
</s>
<s snum="95">
<wf cmd="ignore" pos="IN">Near</wf>
<wf cmd="ignore" pos="PRP">it</wf>
<wf cmd="done" pos="VB" lemma="be" wnsn="3" lexsn="2:42:05::">was</wf>
<wf cmd="ignore" pos="DT">a</wf>
<wf cmd="tag" pos="NN">metal</wf>
<wf cmd="tag" pos="NN">ladder</wf>
<wf cmd="ignore" pos="IN">on</wf>
<wf cmd="tag" pos="NNS">casters</wf>
<wf cmd="tag" pos="JJ">attached</wf>
<wf cmd="done" pos="VB" ot="notag">to</wf>
<wf cmd="ignore" pos="DT">the</wf>
<wf cmd="tag" pos="JJ">top</wf>
<wf cmd="tag" pos="NN">shelf</wf>
<punc>.</punc>
</s>
<s snum="96">
<wf cmd="ignore" pos="PRP">He</wf>
<wf cmd="done" pos="VB" lemma="pull" wnsn="1" lexsn="2:35:00::">pulled</wf>
<wf cmd="ignore" pos="PRP">it</wf>
<wf cmd="tag" pos="RB">over</wf>
<punc>,</punc>
<wf cmd="done" pos="VB" lemma="climb_up" wnsn="1" lexsn="2:38:00::">climbed_up</wf>
<punc>,</punc>
<wf cmd="ignore" pos="CC">and</wf>
<wf cmd="done" pos="VB" lemma="lift_out" wnsn="1" lexsn="2:35:02::">lifted_out</wf>
<wf cmd="ignore" pos="DT">the</wf>
<wf cmd="tag" pos="JJ">big</wf>
<wf cmd="tag" pos="NN">volume</wf>
<punc>,</punc>
<wf cmd="tag" pos="RB">almost</wf>
<wf cmd="done" pos="VB" lemma="lose" wnsn="1" lexsn="2:40:02::">losing</wf>
<wf cmd="ignore" pos="PRP$">his</wf>
<wf cmd="tag" pos="NN">balance</wf>
<wf cmd="ignore" pos="IN">from</wf>
<wf cmd="ignore" pos="DT">the</wf>
<wf cmd="tag" pos="NN">weight</wf>
<wf cmd="tag" pos="RB">of_it</wf>
<punc>.</punc>
</s>
<s snum="97">
<wf cmd="ignore" pos="PRP">He</wf>
<wf cmd="done" pos="VB" lemma="stagger" wnsn="2" lexsn="2:38:01::">staggered</wf>
<wf cmd="tag" pos="RB">over</wf>
<wf cmd="ignore" pos="CC">and</wf>
<wf cmd="done" pos="VB" lemma="drop" wnsn="1" lexsn="2:38:01::">dropped</wf>
<wf cmd="ignore" pos="PRP">it</wf>
<wf cmd="ignore" pos="IN">on</wf>
<wf cmd="ignore" pos="DT">the</wf>
<wf cmd="tag" pos="NN">table</wf>
<punc>.</punc>
</s>
</p>
<p pnum="38">
<s snum="98">
<wf cmd="ignore" pos="IN">Since</wf>
<wf cmd="tag" pos="NNP">Mrs._Calhoun</wf>
<wf cmd="done" pos="VB" lemma="remember" wnsn="1" lexsn="2:31:00::">remembered</wf>
<wf cmd="tag" pos="RB">only</wf>
<wf cmd="ignore" pos="IN">that</wf>
<wf cmd="ignore" pos="DT">the</wf>
<wf cmd="tag" pos="NN">marriage</wf>
<wf cmd="done" pos="VBD" ot="notag">had</wf>
<wf cmd="done" pos="VB" lemma="be" wnsn="5" lexsn="2:42:04::">been</wf>
<wf cmd="ignore" pos="IN">in</wf>
<wf cmd="ignore" pos="DT">the</wf>
<wf cmd="tag" pos="NN">spring</wf>
<punc>,</punc>
<wf cmd="ignore" pos="PRP">he</wf>
<wf cmd="done" pos="VB" lemma="start" wnsn="1" lexsn="2:30:00::">started</wf>
<wf cmd="ignore" pos="TO">to</wf>
<wf cmd="done" pos="VB" lemma="plod" wnsn="1" lexsn="2:38:00::">plod</wf>
<wf cmd="ignore" pos="IN">through</wf>
<wf cmd="tag" pos="JJ">several</wf>
<wf cmd="tag" pos="NNS">months</wf>
<punc>.</punc>
</s>
<s snum="99">
<wf cmd="ignore" pos="PRP">He</wf>
<wf cmd="done" pos="VB" lemma="try" wnsn="1" lexsn="2:41:00::">tried</wf>
<wf cmd="ignore" pos="TO">to</wf>
<wf cmd="done" pos="VB" lemma="turn" wnsn="1" lexsn="2:38:00::">turn</wf>
<wf cmd="tag" pos="NN">right</wf>
<wf cmd="ignore" pos="TO">to</wf>
<wf cmd="ignore" pos="DT">the</wf>
<wf cmd="tag" pos="NN">society</wf>
<wf cmd="tag" pos="NN">page</wf>
<wf cmd="ignore" pos="IN">in</wf>
<wf cmd="ignore" pos="DT">each</wf>
<wf cmd="tag" pos="CD">one</wf>
<punc>,</punc>
<wf cmd="ignore" pos="CC">but</wf>
<wf cmd="tag" pos="JJ">interesting</wf>
<wf cmd="tag" pos="NNS">stories</wf>
<wf cmd="done" pos="VB" lemma="keep" wnsn="2" lexsn="2:42:07::">kept</wf>
<wf cmd="done" pos="VB" lemma="crop_up" wnsn="1" lexsn="2:39:00::">cropping_up</wf>
<wf cmd="ignore" pos="TO">to</wf>
<wf cmd="done" pos="VB" lemma="distract" wnsn="1" lexsn="2:37:00::">distract</wf>
<wf cmd="ignore" pos="PRP">him</wf>
<punc>.</punc>
</s>
<s snum="100">
<wf cmd="tag" pos="RB">At_last</wf>
<wf cmd="ignore" pos="PRP">he</wf>
<wf cmd="done" pos="VB" lemma="find" wnsn="1" lexsn="2:40:02::">found</wf>
<wf cmd="ignore" pos="PRP">it</wf>
<wf cmd="ignore" pos="IN">in</wf>
<wf cmd="ignore" pos="DT">the</wf>
<wf cmd="tag" pos="NN">paper</wf>
<wf cmd="ignore" pos="IN">of</wf>
<wf cmd="tag" pos="NNP">April</wf>
<wf cmd="tag" pos="CD">2</wf>
<punc>.</punc>
</s>
</p>
<p pnum="39">
<s snum="101">
<wf cmd="ignore" pos="PRP">It</wf>
<wf cmd="done" pos="VB" lemma="tell" wnsn="1" lexsn="2:32:04::">told</wf>
<wf cmd="ignore" pos="PRP">him</wf>
<wf cmd="tag" pos="JJ">little</wf>
<wf cmd="tag" pos="RB">more_than</wf>
<wf cmd="tag" pos="NNP">Mrs._Calhoun</wf>
<wf cmd="done" pos="VBD" ot="notag">had</wf>
<wf cmd="done" pos="VB" lemma="remember" wnsn="1" lexsn="2:31:00::">remembered</wf>
<punc>,</punc>
<wf cmd="done" pos="VB" lemma="state" wnsn="1" lexsn="2:32:00::">stating</wf>
<wf cmd="ignore" pos="IN">that</wf>
<wf cmd="ignore" pos="PRP">it</wf>
<wf cmd="done" pos="VBD" ot="notag">had</wf>
<wf cmd="done" pos="VB" lemma="be" wnsn="1" lexsn="2:42:03::">been</wf>
<wf cmd="ignore" pos="DT">a</wf>
<wf cmd="tag" pos="JJ">small</wf>
<punc>,</punc>
<wf cmd="tag" pos="JJ">modest</wf>
<wf cmd="tag" pos="NN">wedding</wf>
<wf cmd="done" pos="VB" lemma="compare" wnsn="1" lexsn="2:31:00::">compared</wf>
<wf cmd="ignore" pos="TO">to</wf>
<wf cmd="ignore" pos="DT">some</wf>
<wf cmd="ignore" pos="IN">of</wf>
<wf cmd="ignore" pos="DT">the</wf>
<wf cmd="tag" pos="NNS">others</wf>
<punc>.</punc>
</s>
</p>
<p pnum="40">
<s snum="102">
<wf cmd="ignore" pos="EX">There</wf>
<wf cmd="done" pos="VB" ot="notag">was</wf>
<wf cmd="ignore" pos="DT">a</wf>
<wf cmd="tag" pos="JJ">marked</wf>
<wf cmd="tag" pos="NN">contrast</wf>
<wf cmd="ignore" pos="IN">in</wf>
<wf cmd="ignore" pos="DT">the</wf>
<wf cmd="tag" pos="NN">amount</wf>
<wf cmd="ignore" pos="IN">of</wf>
<wf cmd="tag" pos="NN">information</wf>
<wf cmd="ignore" pos="IN">on</wf>
<wf cmd="tag" pos="NN">bride</wf>
<wf cmd="ignore" pos="CC">and</wf>
<wf cmd="tag" pos="NN">groom</wf>
<punc>.</punc>
</s>
<s snum="103">
<wf cmd="tag" pos="NNP">Mr._Black</wf>
<wf cmd="ignore" pos="POS">'s</wf>
<wf cmd="tag" pos="NN">life</wf>
<wf cmd="done" pos="VB" lemma="be" wnsn="2" lexsn="2:42:06::">was</wf>
<wf cmd="ignore" pos="DT">an</wf>
<wf cmd="tag" pos="JJ">open</wf>
<wf cmd="tag" pos="NN">book</wf>
<punc>,</punc>
<wf cmd="tag" pos="RB">so_to_speak</wf>
<punc>,</punc>
<wf cmd="ignore" pos="IN">from</wf>
<wf cmd="ignore" pos="PRP$">his</wf>
<wf cmd="tag" pos="NN">birth</wf>
<wf cmd="ignore" pos="IN">in</wf>
<wf cmd="tag" pos="NNP">Jackson</wf>
<punc>,</punc>
<wf cmd="tag" pos="NNP">Mississippi</wf>
<punc>,</punc>
<wf cmd="ignore" pos="IN">through</wf>
<wf cmd="ignore" pos="PRP$">his</wf>
<wf cmd="tag" pos="NN">basketball-playing</wf>
<wf cmd="tag" pos="NNS">days</wf>
<wf cmd="ignore" pos="IN">at</wf>
<wf cmd="tag" pos="NNP">L._S._U.</wf>
<wf cmd="ignore" pos="CC">and</wf>
<wf cmd="ignore" pos="PRP$">his</wf>
<wf cmd="tag" pos="NN">attainment</wf>
<wf cmd="ignore" pos="IN">of</wf>
<wf cmd="ignore" pos="DT">a</wf>
<wf cmd="tag" pos="NNP">B._A.</wf>
<wf cmd="tag" pos="NN">degree</wf>
<punc>,</punc>
<wf cmd="ignore" pos="WDT">which</wf>
<wf cmd="done" pos="VBD" ot="notag">had</wf>
<wf cmd="tag" pos="RB">presumably</wf>
<wf cmd="done" pos="VB" lemma="prepare" wnsn="5" lexsn="2:41:00::">prepared</wf>
<wf cmd="ignore" pos="PRP">him</wf>
<wf cmd="ignore" pos="IN">for</wf>
<wf cmd="ignore" pos="PRP$">his</wf>
<wf cmd="tag" pos="NN">career</wf>
<wf cmd="ignore" pos="IN">as</wf>
<wf cmd="tag" pos="NN">district</wf>
<wf cmd="tag" pos="NNS">sales</wf>
<wf cmd="tag" pos="NN">manager</wf>
<wf cmd="ignore" pos="IN">for</wf>
<wf cmd="tag" pos="NNP">Peerless_Business</wf>
<wf cmd="tag" pos="NNPS">Machines</wf>
<punc>.</punc>
</s>
</p>
<p pnum="41">
<s snum="104">
<wf cmd="ignore" pos="DT">The</wf>
<wf cmd="tag" pos="CD">one</wf>
<wf cmd="tag" pos="NN">line</wf>
<wf cmd="ignore" pos="IN">on</wf>
<wf cmd="ignore" pos="DT">the</wf>
<wf cmd="tag" pos="NN">bride</wf>
<wf cmd="done" pos="VB" lemma="say" wnsn="1" lexsn="2:32:00::">said</wf>
<wf cmd="ignore" pos="PRP">she</wf>
<wf cmd="done" pos="VB" lemma="be" wnsn="2" lexsn="2:42:06::">was</wf>
<wf cmd="tag" pos="NNP">Miss_Lisa_Carmody</wf>
<wf cmd="ignore" pos="IN">from</wf>
<wf cmd="tag" pos="NN">Baton_Rouge</wf>
<punc>.</punc>
</s>
<s snum="105">
<wf cmd="ignore" pos="DT">No</wf>
<wf cmd="tag" pos="NN">mention</wf>
<wf cmd="ignore" pos="IN">of</wf>
<wf cmd="tag" pos="NN">New_Orleans</wf>
<punc>.</punc>
</s>
</p>
<p pnum="42">
<s snum="106">
<wf cmd="tag" pos="NNP">Hank</wf>
<wf cmd="done" pos="VBD" ot="notag">was</wf>
<wf cmd="done" pos="VB" lemma="begin" wnsn="1" lexsn="2:30:00::">beginning</wf>
<wf cmd="ignore" pos="TO">to</wf>
<wf cmd="done" pos="VB" lemma="feel" wnsn="1" lexsn="2:37:00::">feel</wf>
<wf cmd="tag" pos="JJ">sharp</wf>
<wf cmd="tag" pos="NN">concern</wf>
<wf cmd="ignore" pos="IN">for</wf>
<wf cmd="tag" pos="NNP">Mr._Black</wf>
<punc>.</punc>
</s>
<s snum="107">
<wf cmd="ignore" pos="IN">If</wf>
<wf cmd="tag" pos="NNP">Mrs._Black</wf>
<wf cmd="done" pos="VB" lemma="be" wnsn="2" lexsn="2:42:06::">was</wf>
<wf cmd="ignore" pos="WP">who</wf>
<wf cmd="ignore" pos="PRP">he</wf>
<wf cmd="done" pos="VB" lemma="think" wnsn="2" lexsn="2:31:03::">thought</wf>
<wf cmd="ignore" pos="PRP">she</wf>
<wf cmd="done" pos="VB" lemma="be" wnsn="2" lexsn="2:42:06::">was</wf>
<punc>,</punc>
<wf cmd="tag" pos="NNP">Mr._Black</wf>
<wf cmd="ignore" pos="POS">'s</wf>
<wf cmd="tag" pos="NNP">Peerless</wf>
<wf cmd="tag" pos="JJ">selling</wf>
<wf cmd="tag" pos="NNS">days</wf>
<wf cmd="ignore" pos="MD">might</wf>
<wf cmd="tag" pos="RB">well</wf>
<wf cmd="done" pos="VB" lemma="be" wnsn="1" lexsn="2:42:03::">be</wf>
<wf cmd="tag" pos="RB">over</wf>
<punc>.</punc>
</s>
</p>
<p pnum="43">
<s snum="108">
<wf cmd="tag" pos="RB">Now</wf>
<wf cmd="ignore" pos="IN">for</wf>
<wf cmd="ignore" pos="PRP$">their</wf>
<wf cmd="tag" pos="NN">exodus</wf>
<wf cmd="ignore" pos="IN">from</wf>
<wf cmd="tag" pos="NNP">Gulf_Springs</wf>
<punc>.</punc>
</s>
<s snum="109">
<wf cmd="ignore" pos="DT">This</wf>
<wf cmd="tag" pos="NN">time</wf>
<wf cmd="ignore" pos="DT">the</wf>
<wf cmd="tag" pos="NN">search</wf>
<wf cmd="done" pos="VB" lemma="take" wnsn="2" lexsn="2:40:06::">took</wf>
<wf cmd="tag" pos="RB">twice_as</wf>
<wf cmd="tag" pos="JJ">long</wf>
<punc>,</punc>
<wf cmd="done" pos="VB" lemma="cut_down" wnsn="1" lexsn="2:30:00::">cutting_down</wf>
<wf cmd="done" pos="VB" ot="notag">on</wf>
<wf cmd="ignore" pos="PRP$">his</wf>
<wf cmd="tag" pos="JJ">extra</wf>
<wf cmd="tag" pos="NN">reading</wf>
<punc>,</punc>
<wf cmd="ignore" pos="IN">for</wf>
<wf cmd="ignore" pos="PRP">he</wf>
<wf cmd="done" pos="VB" lemma="have" wnsn="0" lexsn="2:42:05::">had</wf>
<wf cmd="done" pos="VB" ot="notag">to</wf>
<wf cmd="done" pos="VB" lemma="pick" wnsn="1" lexsn="2:31:00::">pick</wf>
<wf cmd="done" pos="IN" ot="notag">through</wf>
<wf cmd="tag" pos="JJ">several</wf>
<wf cmd="tag" pos="NNS">columns</wf>
<wf cmd="ignore" pos="IN">of</wf>
<wf cmd="tag" pos="CD">one</wf>
<punc>-</punc>
<wf cmd="ignore" pos="CC">and</wf>
<wf cmd="tag" pos="JJ">two-line</wf>
<wf cmd="tag" pos="JJ">social</wf>
<wf cmd="tag" pos="NNS">notes</wf>
<wf cmd="ignore" pos="IN">in</wf>
<wf cmd="ignore" pos="DT">each</wf>
<wf cmd="tag" pos="NN">issue</wf>
<punc>.</punc>
</s>
<s snum="110">
<wf cmd="ignore" pos="PRP">He</wf>
<wf cmd="done" pos="VB" lemma="find" wnsn="1" lexsn="2:40:02::">found</wf>
<wf cmd="ignore" pos="PRP">it</wf>
<wf cmd="ignore" pos="IN">in</wf>
<wf cmd="ignore" pos="DT">the</wf>
<wf cmd="tag" pos="NN">edition</wf>
<wf cmd="ignore" pos="IN">of</wf>
<wf cmd="tag" pos="NNP">May</wf>
<wf cmd="tag" pos="CD">15</wf>
<punc>.</punc>
</s>
<s snum="111">
<wf cmd="ignore" pos="DT">The</wf>
<wf cmd="tag" pos="NN">item</wf>
<wf cmd="done" pos="VB" lemma="say" wnsn="1" lexsn="2:32:00::">said</wf>
<wf cmd="tag" pos="NNP">Mr.</wf>
<wf cmd="ignore" pos="CC">and</wf>
<wf cmd="tag" pos="NNP">Mrs._Black</wf>
<wf cmd="done" pos="VBD" ot="notag">had</wf>
<wf cmd="done" pos="VB" lemma="move" wnsn="4" lexsn="2:38:02::">moved</wf>
<wf cmd="ignore" pos="TO">to</wf>
<wf cmd="tag" pos="NNP">Jackson</wf>
<punc>,</punc>
<wf cmd="ignore" pos="PRP$">his</wf>
<wf cmd="tag" pos="NN">home</wf>
<wf cmd="tag" pos="NN">town</wf>
<punc>-</punc>
<wf cmd="tag" pos="RB">so</wf>
<wf cmd="ignore" pos="DT">the</wf>
<wf cmd="tag" pos="JJ">lovely</wf>
<wf cmd="tag" pos="NNP">Lisa</wf>
<wf cmd="done" pos="VBD" ot="notag">had</wf>
<wf cmd="done" pos="VB" lemma="be" wnsn="1" lexsn="2:42:03::">been</wf>
<wf cmd="ignore" pos="IN">with</wf>
<wf cmd="ignore" pos="PRP">him</wf>
<wf cmd="ignore" pos="DT">a</wf>
<wf cmd="tag" pos="NN">year</wf>
<wf cmd="tag" pos="RB">ago</wf>
<punc>.</punc>
</s>
</p>
<p pnum="44">
<s snum="112">
<wf cmd="tag" pos="JJ">Next</wf>
<wf cmd="ignore" pos="IN">on</wf>
<wf cmd="ignore" pos="PRP$">his</wf>
<wf cmd="tag" pos="NN">program</wf>
<wf cmd="done" pos="VB" lemma="be" wnsn="1" lexsn="2:42:03::">was</wf>
<wf cmd="ignore" pos="DT">a</wf>
<wf cmd="tag" pos="NN">call</wf>
<wf cmd="ignore" pos="TO">to</wf>
<wf cmd="ignore" pos="DT">the</wf>
<wf cmd="tag" pos="NNP">Jackson</wf>
<wf cmd="tag" pos="NN">office</wf>
<wf cmd="ignore" pos="IN">of</wf>
<wf cmd="tag" pos="NNP">Peerless_Business</wf>
<wf cmd="tag" pos="NNPS">Machines</wf>
<wf cmd="ignore" pos="TO">to</wf>
<wf cmd="done" pos="VB" lemma="find_out" wnsn="1" lexsn="2:32:00::">find_out</wf>
<wf cmd="ignore" pos="IN">if</wf>
<wf cmd="tag" pos="NNP">Vincent_Black</wf>
<wf cmd="done" pos="VB" lemma="be" wnsn="1" lexsn="2:42:03::">was</wf>
<wf cmd="tag" pos="RB">still</wf>
<wf cmd="ignore" pos="IN">with</wf>
<wf cmd="ignore" pos="PRP">them</wf>
<punc>-</punc>
<wf cmd="ignore" pos="CC">or</wf>
<punc>,</punc>
<wf cmd="tag" pos="RBR">more</wf>
<wf cmd="tag" pos="RB">specifically</wf>
<punc>,</punc>
<wf cmd="tag" pos="RB">still</wf>
<wf cmd="ignore" pos="IN">with</wf>
<wf cmd="ignore" pos="PRP">us</wf>
<punc>.</punc>
</s>
</p>
<p pnum="45">
<s snum="113">
<wf cmd="ignore" pos="PRP">He</wf>
<wf cmd="done" pos="VB" lemma="glance" wnsn="1" lexsn="2:39:00::">glanced</wf>
<wf cmd="ignore" pos="IN">at</wf>
<wf cmd="ignore" pos="PRP$">his</wf>
<wf cmd="tag" pos="NN">watch</wf>
<punc>,</punc>
<wf cmd="done" pos="VB" lemma="see" wnsn="1" lexsn="2:39:00::">saw</wf>
<wf cmd="ignore" pos="PRP">it</wf>
<wf cmd="done" pos="VB" lemma="be" wnsn="1" lexsn="2:42:03::">was</wf>
<wf cmd="tag" pos="RB">only</wf>
<wf cmd="tag" pos="CD">seven</wf>
<punc>,</punc>
<wf cmd="ignore" pos="CC">and</wf>
<wf cmd="done" pos="VB" lemma="decide" wnsn="1" lexsn="2:31:00::">decided</wf>
<wf cmd="ignore" pos="TO">to</wf>
<wf cmd="done" pos="VB" lemma="indulge" wnsn="2" lexsn="2:34:00::">indulge</wf>
<wf cmd="ignore" pos="PRP$">his</wf>
<wf cmd="tag" pos="NN">weakness</wf>
<wf cmd="tag" pos="RB">now</wf>
<punc>.</punc>
</s>
<s snum="114">
<wf cmd="ignore" pos="IN">For</wf>
<wf cmd="ignore" pos="DT">the</wf>
<wf cmd="tag" pos="JJ">next</wf>
<wf cmd="tag" pos="NN">hour</wf>
<wf cmd="ignore" pos="PRP">he</wf>
<wf cmd="done" pos="VB" lemma="scramble" wnsn="2" lexsn="2:38:01::">scrambled</wf>
<wf cmd="tag" pos="RB">happily</wf>
<wf cmd="tag" pos="RB">up_and_down</wf>
<wf cmd="ignore" pos="DT">the</wf>
<wf cmd="tag" pos="NN">ladder</wf>
<punc>,</punc>
<wf cmd="done" pos="VB" lemma="share" wnsn="3" lexsn="2:40:01::">sharing</wf>
<wf cmd="ignore" pos="DT">the</wf>
<wf cmd="tag" pos="NN">excitement</wf>
<wf cmd="ignore" pos="IN">of</wf>
<wf cmd="tag" pos="NNS">reporters</wf>
<wf cmd="ignore" pos="WP">who</wf>
<wf cmd="done" pos="VBD" ot="notag">had</wf>
<wf cmd="done" pos="VB" lemma="see" wnsn="3" lexsn="2:39:02::">seen</wf>
<wf cmd="tag" pos="NNP">McKinley</wf>
<wf cmd="ignore" pos="POS">'s</wf>
<wf cmd="tag" pos="NN">assassination</wf>
<punc>,</punc>
<wf cmd="ignore" pos="DT">the</wf>
<wf cmd="tag" pos="NNP">Iroquois_Theater</wf>
<wf cmd="tag" pos="NN">fire</wf>
<wf cmd="ignore" pos="IN">in</wf>
<wf cmd="tag" pos="NNP">Chicago</wf>
<punc>,</punc>
<wf cmd="ignore" pos="CC">and</wf>
<wf cmd="ignore" pos="DT">the</wf>
<wf cmd="tag" pos="NNP">Hall-Mills</wf>
<wf cmd="tag" pos="NN">trial</wf>
<punc>.</punc>
</s>
</p>
<p pnum="46">
<s snum="115">
<wf cmd="tag" pos="RB">In_the_middle</wf>
<wf cmd="ignore" pos="IN">of</wf>
<wf cmd="ignore" pos="DT">the</wf>
<wf cmd="tag" pos="NN">stock_market</wf>
<wf cmd="tag" pos="NN">crash</wf>
<punc>,</punc>
<wf cmd="ignore" pos="PRP">he</wf>
<wf cmd="done" pos="VB" lemma="hear" wnsn="1" lexsn="2:39:00::">heard</wf>
<wf cmd="ignore" pos="DT">a</wf>
<wf cmd="tag" pos="JJ">slight</wf>
<wf cmd="tag" pos="NN">noise</wf>
<wf cmd="ignore" pos="IN">in</wf>
<wf cmd="ignore" pos="DT">the</wf>
<wf cmd="tag" pos="JJ">outer</wf>
<wf cmd="tag" pos="NN">office</wf>
<punc>.</punc>
</s>
<s snum="116">
<wf cmd="ignore" pos="PRP">He</wf>
<wf cmd="done" pos="VB" lemma="turn_around" wnsn="1" lexsn="2:38:00::">turned_around</wf>
<punc>,</punc>
<wf cmd="done" pos="VB" lemma="see" wnsn="1" lexsn="2:39:00::">saw</wf>
<wf cmd="tag" pos="NN">nothing</wf>
<punc>,</punc>
<wf cmd="ignore" pos="CC">and</wf>
<wf cmd="done" pos="VB" lemma="decide" wnsn="1" lexsn="2:31:00::">decided</wf>
<wf cmd="ignore" pos="PRP">it</wf>
<wf cmd="ignore" pos="MD">must</wf>
<wf cmd="done" pos="VB" lemma="be" wnsn="1" lexsn="2:42:03::">be</wf>
<wf cmd="ignore" pos="DT">a</wf>
<wf cmd="tag" pos="NN">mouse</wf>
<punc>.</punc>
</s>
<s snum="117">
<wf cmd="tag" pos="NN">Something</wf>
<wf cmd="tag" pos="RB">else</wf>
<wf cmd="done" pos="VB" lemma="distract" wnsn="1" lexsn="2:37:00::">distracted</wf>
<wf cmd="ignore" pos="PRP">him</wf>
<punc>,</punc>
<wf cmd="tag" pos="RB">yet</wf>
<wf cmd="ignore" pos="EX">there</wf>
<wf cmd="done" pos="VB" lemma="be" wnsn="5" lexsn="2:42:04::">was</wf>
<wf cmd="ignore" pos="DT">no</wf>
<wf cmd="tag" pos="NN">sound</wf>
<punc>,</punc>
<wf cmd="tag" pos="RB">only</wf>
<wf cmd="tag" pos="JJ">tomblike</wf>
<wf cmd="tag" pos="NN">silence</wf>
<punc>.</punc>
</s>
<s snum="118">
<wf cmd="tag" pos="RB">Then</wf>
<wf cmd="ignore" pos="PRP">he</wf>
<wf cmd="done" pos="VB" lemma="know" wnsn="1" lexsn="2:31:01::">knew</wf>
<wf cmd="ignore" pos="PRP">it</wf>
<wf cmd="done" pos="VB" lemma="be" wnsn="1" lexsn="2:42:03::">was</wf>
<wf cmd="tag" pos="RB">not</wf>
<wf cmd="tag" pos="NN">sound</wf>
<punc>,</punc>
<wf cmd="ignore" pos="CC">but</wf>
<wf cmd="tag" pos="NN">lack</wf>
<wf cmd="tag" pos="RB">of_it</wf>
<punc>.</punc>
</s>
<s snum="119">
<wf cmd="ignore" pos="DT">The</wf>
<wf cmd="tag" pos="NN">air</wf>
<wf cmd="tag" pos="NN">conditioner</wf>
<wf cmd="done" pos="VBD" ot="notag">was</wf>
<wf cmd="tag" pos="RB">no_longer</wf>
<wf cmd="done" pos="VB" lemma="run" wnsn="13" lexsn="2:35:04::">running</wf>
<punc>.</punc>
</s>
</p>
<p pnum="47">
<s snum="120">
<wf cmd="ignore" pos="PRP">He</wf>
<wf cmd="done" pos="VB" lemma="jump" wnsn="1" lexsn="2:38:00::">jumped</wf>
<wf cmd="tag" pos="RB">up</wf>
<wf cmd="ignore" pos="CC">and</wf>
<wf cmd="done" pos="VB" lemma="turn_around" wnsn="1" lexsn="2:38:00::">turned_around</wf>
<wf cmd="ignore" pos="TO">to</wf>
<wf cmd="done" pos="VB" lemma="see" wnsn="1" lexsn="2:39:00::">see</wf>
<wf cmd="ignore" pos="DT">the</wf>
<wf cmd="tag" pos="NN">metal</wf>
<wf cmd="tag" pos="NN">door</wf>
<wf cmd="done" pos="VB" lemma="close" wnsn="2" lexsn="2:35:06::">closing</wf>
<punc>.</punc>
</s>
<s snum="121">
<wf cmd="ignore" pos="PRP">It</wf>
<wf cmd="done" pos="VB" lemma="clang" wnsn="1" lexsn="2:39:00::">clanged</wf>
<wf cmd="tag" pos="JJ">shut</wf>
<wf cmd="ignore" pos="IN">as</wf>
<wf cmd="ignore" pos="PRP">he</wf>
<wf cmd="done" pos="VB" lemma="spring" wnsn="1" lexsn="2:38:01::">sprang</wf>
<wf cmd="ignore" pos="IN">toward</wf>
<wf cmd="ignore" pos="PRP">it</wf>
<punc>.</punc>
</s>
</p>
<p pnum="48">
<s snum="122">
<wf cmd="ignore" pos="PRP">He</wf>
<wf cmd="done" pos="VB" lemma="press" wnsn="1" lexsn="2:35:00::">pressed</wf>
<wf cmd="ignore" pos="PRP$">his</wf>
<wf cmd="tag" pos="NN">face</wf>
<wf cmd="ignore" pos="IN">against</wf>
<wf cmd="ignore" pos="DT">the</wf>
<wf cmd="tag" pos="NN">grille</wf>
<punc>.</punc>
</s>
<s snum="123">
<punc>``</punc>
<wf cmd="ignore" pos="WP">Who</wf>
<wf cmd="ignore" pos="POS">'s</wf>
<wf cmd="ignore" pos="EX">there</wf>
<punc>''</punc>
<punc>?</punc>
</s>
</p>
<p pnum="49">
<s snum="124">
<wf cmd="ignore" pos="DT">The</wf>
<wf cmd="tag" pos="NN">light</wf>
<wf cmd="done" pos="VB" lemma="shine" wnsn="2" lexsn="2:43:00::">shining</wf>
<wf cmd="ignore" pos="IN">through</wf>
<wf cmd="ignore" pos="DT">the</wf>
<wf cmd="tag" pos="NN">grille</wf>
<wf cmd="tag" pos="RB">dimly</wf>
<wf cmd="done" pos="VB" lemma="illumine" wnsn="1" lexsn="2:30:00::">illumined</wf>
<wf cmd="ignore" pos="DT">the</wf>
<wf cmd="tag" pos="NN">office</wf>
<wf cmd="ignore" pos="IN">beyond</wf>
<punc>-</punc>
<wf cmd="tag" pos="RB">enough</wf>
<wf cmd="ignore" pos="IN">for</wf>
<wf cmd="ignore" pos="PRP">him</wf>
<wf cmd="ignore" pos="TO">to</wf>
<wf cmd="done" pos="VB" lemma="see" wnsn="1" lexsn="2:39:00::">see</wf>
<wf cmd="ignore" pos="EX">there</wf>
<wf cmd="done" pos="VB" lemma="be" wnsn="5" lexsn="2:42:04::">was</wf>
<wf cmd="ignore" pos="DT">no</wf>
<wf cmd="tag" pos="NN">one</wf>
<wf cmd="ignore" pos="EX">there</wf>
<punc>.</punc>
</s>
<s snum="125">
<wf cmd="tag" pos="RB">Then</wf>
<wf cmd="ignore" pos="PRP">he</wf>
<wf cmd="done" pos="VB" lemma="hear" wnsn="1" lexsn="2:39:00::">heard</wf>
<wf cmd="ignore" pos="DT">the</wf>
<wf cmd="tag" pos="JJ">outer</wf>
<wf cmd="tag" pos="NN">door</wf>
<wf cmd="done" pos="VB" lemma="close" wnsn="2" lexsn="2:35:06::">closing</wf>
<punc>.</punc>
</s>
</p>
<p pnum="50">
<s snum="126">
<punc>``</punc>
<wf cmd="ignore" pos="UH">Hey</wf>
<punc>,</punc>
<wf cmd="done" pos="VB" ot="notag">come_back</wf>
<punc>''</punc>
<punc>,</punc>
<wf cmd="ignore" pos="PRP">he</wf>
<wf cmd="done" pos="VB" lemma="shout" wnsn="1" lexsn="2:32:00::">shouted</wf>
<punc>.</punc>
</s>
<s snum="127">
<wf cmd="ignore" pos="PRP">He</wf>
<wf cmd="done" pos="VB" lemma="think" wnsn="2" lexsn="2:31:03::">thought</wf>
<wf cmd="ignore" pos="PRP">it</wf>
<wf cmd="ignore" pos="MD">must</wf>
<wf cmd="done" pos="VB" lemma="be" wnsn="2" lexsn="2:42:06::">be</wf>
<wf cmd="ignore" pos="DT">some</wf>
<wf cmd="tag" pos="JJ">damn</wf>
<wf cmd="tag" pos="NN">janitor</wf>
<wf cmd="ignore" pos="CC">or</wf>
<wf cmd="tag" pos="NN">cleaning_woman</wf>
<wf cmd="done" pos="VB" lemma="putter_around" wnsn="1" lexsn="2:35:00::">puttering_around</wf>
<punc>,</punc>
<wf cmd="done" pos="VB" lemma="figure" wnsn="1" lexsn="2:31:01::">figuring</wf>
<wf cmd="ignore" pos="IN">that</wf>
<wf cmd="tag" pos="NNP">Hirey</wf>
<wf cmd="done" pos="VBD" ot="notag">had</wf>
<wf cmd="done" pos="VB" lemma="go" wnsn="3" lexsn="2:38:01::">gone</wf>
<wf cmd="tag" pos="RB">off</wf>
<wf cmd="ignore" pos="CC">and</wf>
<wf cmd="done" pos="VB" lemma="forget" wnsn="3" lexsn="2:31:03::">forgotten</wf>
<wf cmd="ignore" pos="TO">to</wf>
<wf cmd="done" pos="VB" lemma="turn_off" wnsn="1" lexsn="2:35:00::">turn_off</wf>
<wf cmd="tag" pos="NN">everything</wf>
<wf cmd="ignore" pos="CC">and</wf>
<wf cmd="done" pos="VB" lemma="lock_up" wnsn="1" lexsn="2:35:01::">lock_up</wf>
<punc>.</punc>
</s>
</p>
<p pnum="51">
<s snum="128">
<wf cmd="tag" pos="RB">Then</wf>
<wf cmd="ignore" pos="DT">the</wf>
<wf cmd="tag" pos="JJ">faint</wf>
<wf cmd="tag" pos="NNS">beginnings</wf>
<wf cmd="ignore" pos="IN">of</wf>
<wf cmd="tag" pos="NN">fear</wf>
<wf cmd="done" pos="VB" lemma="stir" wnsn="4" lexsn="2:37:01::">stirred</wf>
<wf cmd="ignore" pos="IN">in</wf>
<wf cmd="ignore" pos="PRP$">his</wf>
<wf cmd="tag" pos="NN">mind</wf>
<punc>.</punc>
</s>
<s snum="129">
<wf cmd="ignore" pos="IN">Unless</wf>
<wf cmd="ignore" pos="PRP">he</wf>
<wf cmd="done" pos="VB" lemma="be" wnsn="1" lexsn="2:42:03::">was</wf>
<wf cmd="tag" pos="JJ">stone-blind</wf>
<punc>,</punc>
<wf cmd="ignore" pos="DT">the</wf>
<wf cmd="tag" pos="NN">person</wf>
<wf cmd="ignore" pos="WP">who</wf>
<wf cmd="ignore" pos="MD">'d</wf>
<wf cmd="tag" pos="RB">just</wf>
<wf cmd="done" pos="VB" lemma="leave" wnsn="1" lexsn="2:38:01::">left</wf>
<wf cmd="ignore" pos="MD">could</wf>
<wf cmd="tag" pos="RB">n't</wf>
<wf cmd="done" pos="VB" ot="notag">have</wf>
<wf cmd="done" pos="VB" lemma="miss" wnsn="1" lexsn="2:39:00::">missed</wf>
<wf cmd="done" pos="VB" lemma="see" wnsn="1" lexsn="2:39:00::">seeing</wf>
<wf cmd="tag" pos="NNP">Hank</wf>
<wf cmd="ignore" pos="IN">through</wf>
<wf cmd="ignore" pos="DT">the</wf>
<wf cmd="tag" pos="NN">open_door</wf>
<wf cmd="ignore" pos="IN">of</wf>
<wf cmd="ignore" pos="DT">the</wf>
<wf cmd="tag" pos="RB">brightly</wf>
<wf cmd="tag" pos="JJ">lighted</wf>
<wf cmd="tag" pos="NN">room</wf>
<punc>.</punc>
</s>
<s snum="130">
<wf cmd="ignore" pos="CC">And</wf>
<wf cmd="tag" pos="RB">even</wf>
<wf cmd="ignore" pos="IN">if</wf>
<wf cmd="ignore" pos="PRP">he</wf>
<wf cmd="ignore" pos="MD">'d</wf>
<wf cmd="tag" pos="RB">somehow</wf>
<wf cmd="done" pos="VB" lemma="miss" wnsn="1" lexsn="2:39:00::">missed</wf>
<wf cmd="done" pos="VB" lemma="see" wnsn="1" lexsn="2:39:00::">seeing</wf>
<wf cmd="ignore" pos="PRP">him</wf>
<punc>,</punc>
<wf cmd="ignore" pos="PRP">he</wf>
<wf cmd="ignore" pos="MD">would</wf>
<wf cmd="tag" pos="RB">n't</wf>
<wf cmd="done" pos="VB" ot="notag">have</wf>
<wf cmd="done" pos="VB" lemma="go" wnsn="3" lexsn="2:38:01::">gone</wf>
<wf cmd="tag" pos="RB">off</wf>
<wf cmd="ignore" pos="CC">and</wf>
<wf cmd="done" pos="VB" lemma="leave" wnsn="4" lexsn="2:30:02::">left</wf>
<wf cmd="ignore" pos="DT">the</wf>
<wf cmd="tag" pos="NN">light</wf>
<wf cmd="tag" pos="RB">on</wf>
<wf cmd="ignore" pos="CC">and</wf>
<wf cmd="tag" pos="NN">door</wf>
<wf cmd="tag" pos="JJ">open</wf>
<wf cmd="ignore" pos="IN">in</wf>
<wf cmd="ignore" pos="DT">the</wf>
<wf cmd="tag" pos="NN">file</wf>
<wf cmd="tag" pos="NN">room</wf>
<punc>.</punc>
</s>
</p>
<p pnum="52">
<s snum="131">
<wf cmd="ignore" pos="WP">Whoever</wf>
<wf cmd="ignore" pos="PRP">it</wf>
<wf cmd="done" pos="VB" lemma="be" wnsn="1" lexsn="2:42:03::">was</wf>
<wf cmd="done" pos="VBN" ot="notag">had</wf>
<wf cmd="done" pos="VB" lemma="mean" wnsn="1" lexsn="2:32:01::">meant</wf>
<wf cmd="ignore" pos="TO">to</wf>
<wf cmd="done" rdf="shut_up" pos="VB" lemma="shut_up" wnsn="2" lexsn="2:35:00::">shut</wf>
<wf cmd="ignore" pos="PRP">him</wf>
<wf cmd="ignore" pos="IN">up</wf>
<wf cmd="ignore" pos="IN">in</wf>
<wf cmd="tag" pos="RB">here</wf>
<punc>,</punc>
<wf cmd="done" pos="VBD" ot="notag">had</wf>
<wf cmd="done" pos="VB" lemma="follow" wnsn="1" lexsn="2:38:00::">followed</wf>
<wf cmd="ignore" pos="PRP">him</wf>
<wf cmd="ignore" pos="CC">and</wf>
<wf cmd="done" pos="VB" lemma="wait" wnsn="1" lexsn="2:42:00::">waited</wf>
<wf cmd="ignore" pos="IN">till</wf>
<wf cmd="ignore" pos="DT">the</wf>
<wf cmd="tag" pos="NN">courthouse</wf>
<wf cmd="ignore" pos="CC">and</wf>
<wf cmd="tag" pos="NN">square</wf>
<wf cmd="done" pos="VB" lemma="be" wnsn="1" lexsn="2:42:03::">were</wf>
<wf cmd="tag" pos="JJ">deserted</wf>
<punc>.</punc>
</s>
<s snum="132">
<wf cmd="ignore" pos="CC">But</wf>
<wf cmd="ignore" pos="WRB">why</wf>
<punc>?</punc>
</s>
<s snum="133">
<wf cmd="ignore" pos="TO">To</wf>
<wf cmd="done" pos="VB" lemma="search" wnsn="2" lexsn="2:39:00::">search</wf>
<wf cmd="ignore" pos="PRP$">his</wf>
<wf cmd="tag" pos="NN">room</wf>
<wf cmd="ignore" pos="IN">at</wf>
<wf cmd="ignore" pos="DT">the</wf>
<wf cmd="tag" pos="NN">motel</wf>
<punc>?</punc>
</s>
<s snum="134">
<wf cmd="ignore" pos="TO">To</wf>
<wf cmd="done" pos="VB" lemma="come_back" wnsn="0" lexsn="2:38:00::">come_back</wf>
<wf cmd="tag" pos="RB">later</wf>
<wf cmd="ignore" pos="CC">and</wf>
<wf cmd="done" pos="VB" lemma="kill" wnsn="1" lexsn="2:35:00::">kill</wf>
<wf cmd="ignore" pos="PRP">him</wf>
<wf cmd="ignore" pos="IN">after</wf>
<wf cmd="ignore" pos="DT">the</wf>
<wf cmd="tag" pos="NNS">stores</wf>
<wf cmd="done" pos="VBD" ot="notag">had</wf>
<wf cmd="done" pos="VB" lemma="close" wnsn="1" lexsn="2:35:00::">closed</wf>
<wf cmd="ignore" pos="IN">around</wf>
<wf cmd="ignore" pos="DT">the</wf>
<wf cmd="tag" pos="NN">square</wf>
<wf cmd="ignore" pos="CC">and</wf>
<wf cmd="tag" pos="NN">everybody</wf>
<wf cmd="done" pos="VB" ot="notag">had</wf>
<wf cmd="done" pos="VB" lemma="leave" wnsn="1" lexsn="2:38:01::">left</wf>
<punc>?</punc>
</s>
<s snum="135">
<wf cmd="ignore" pos="DT">No</wf>
<punc>,</punc>
<wf cmd="ignore" pos="PRP">they</wf>
<wf cmd="ignore" pos="MD">could</wf>
<wf cmd="done" pos="VB" lemma="kill" wnsn="1" lexsn="2:35:00::">kill</wf>
<wf cmd="ignore" pos="PRP">him</wf>
<wf cmd="tag" pos="RB">just_as</wf>
<wf cmd="tag" pos="JJ">easy</wf>
<wf cmd="tag" pos="RB">right_now</wf>
<punc>.</punc>
</s>
<s snum="136">
<wf cmd="tag" pos="NN">Nobody</wf>
<wf cmd="ignore" pos="MD">could</wf>
<wf cmd="done" pos="VB" lemma="hear" wnsn="1" lexsn="2:39:00::">hear</wf>
<wf cmd="ignore" pos="WP">what</wf>
<wf cmd="done" pos="VBD" ot="notag">was</wf>
<wf cmd="done" pos="VB" lemma="go_on" wnsn="2" lexsn="2:30:00::">going_on</wf>
<wf cmd="tag" pos="RB">in_this</wf>
<wf cmd="tag" pos="JJ">underground</wf>
<wf cmd="tag" pos="NN">vault</wf>
<punc>.</punc>
</s>
</p>
<p pnum="53">
<s snum="137">
<wf cmd="tag" pos="RB">Then</wf>
<wf cmd="ignore" pos="PRP">he</wf>
<wf cmd="done" pos="VB" lemma="hear" wnsn="1" lexsn="2:39:00::">heard</wf>
<wf cmd="ignore" pos="PRP">it</wf>
<wf cmd="ignore" pos="CC">and</wf>
<wf cmd="done" pos="VB" lemma="smell" wnsn="1" lexsn="2:39:01::">smelled</wf>
<wf cmd="ignore" pos="PRP">it</wf>
<punc>-</punc>
<wf cmd="ignore" pos="DT">the</wf>
<wf cmd="tag" pos="JJ">steady</wf>
<wf cmd="tag" pos="NN">hissing</wf>
<punc>,</punc>
<wf cmd="ignore" pos="DT">the</wf>
<wf cmd="tag" pos="NN">dread</wf>
<punc>,</punc>
<wf cmd="tag" pos="JJ">familiar</wf>
<wf cmd="tag" pos="NN">pungency</wf>
<wf cmd="ignore" pos="IN">of</wf>
<wf cmd="tag" pos="NN">gas</wf>
<wf cmd="done" pos="VB" lemma="escape" wnsn="1" lexsn="2:38:00::">escaping</wf>
<punc>.</punc>
</s>
<s snum="138">
<wf cmd="ignore" pos="PRP">It</wf>
<wf cmd="ignore" pos="MD">must</wf>
<wf cmd="done" pos="VB" ot="notag">be</wf>
<wf cmd="done" pos="VB" lemma="come" wnsn="5" lexsn="2:42:04::">coming</wf>
<wf cmd="done" pos="VB" ot="notag">from</wf>
<wf cmd="ignore" pos="DT">an</wf>
<wf cmd="tag" pos="JJ">upright</wf>
<wf cmd="tag" pos="NN">heater</wf>
<wf cmd="ignore" pos="IN">against</wf>
<wf cmd="ignore" pos="DT">the</wf>
<wf cmd="tag" pos="RB">far</wf>
<wf cmd="tag" pos="NN">wall</wf>
<wf cmd="done" pos="VB" ot="notag">in</wf>
<wf cmd="ignore" pos="DT">the</wf>
<wf cmd="tag" pos="NNS">supervisors</wf>
<punc>'</punc>
<wf cmd="tag" pos="NN">office</wf>
<punc>.</punc>
</s>
</p>
<p pnum="54">
<s snum="139">
<wf cmd="tag" pos="RB">Until_now</wf>
<punc>,</punc>
<wf cmd="tag" pos="NNP">Lilac_Gaylor</wf>
<wf cmd="ignore" pos="CC">and</wf>
<wf cmd="tag" pos="NNP">Lila_Kingsley</wf>
<wf cmd="done" pos="VBD" ot="notag">had</wf>
<wf cmd="done" pos="VB" lemma="be" wnsn="2" lexsn="2:42:06::">been</wf>
<wf cmd="ignore" pos="IN">like</wf>
<wf cmd="ignore" pos="DT">an</wf>
<wf cmd="tag" pos="NN">anagram</wf>
<wf cmd="ignore" pos="WDT">which</wf>
<wf cmd="ignore" pos="PRP">he</wf>
<wf cmd="ignore" pos="MD">could</wf>
<wf cmd="done" pos="VB" lemma="unscramble" wnsn="1" lexsn="2:30:00::">unscramble</wf>
<wf cmd="ignore" pos="IN">at</wf>
<wf cmd="ignore" pos="PRP$">his</wf>
<wf cmd="tag" pos="JJ">own</wf>
<wf cmd="tag" pos="NN">pace</wf>
<wf cmd="ignore" pos="CC">and</wf>
<wf cmd="tag" pos="NN">choosing</wf>
<punc>.</punc>
</s>
</p>
<p pnum="55">
<s snum="140">
<wf cmd="ignore" pos="IN">Except</wf>
<wf cmd="ignore" pos="IN">for</wf>
<wf cmd="ignore" pos="DT">those</wf>
<wf cmd="tag" pos="NNS">minutes</wf>
<wf cmd="ignore" pos="IN">in</wf>
<wf cmd="ignore" pos="PRP$">her</wf>
<wf cmd="tag" pos="NN">room</wf>
<punc>,</punc>
<wf cmd="ignore" pos="PRP">he</wf>
<wf cmd="done" pos="VBD" ot="notag">had</wf>
<wf cmd="done" pos="VB" lemma="lose" wnsn="1" lexsn="2:40:02::">lost</wf>
<wf cmd="tag" pos="NN">touch</wf>
<wf cmd="tag" pos="RB">with</wf>
<wf cmd="ignore" pos="PRP">her</wf>
<wf cmd="ignore" pos="IN">as</wf>
<wf cmd="ignore" pos="DT">a</wf>
<wf cmd="tag" pos="NN">reality</wf>
<punc>.</punc>
</s>
<s snum="141">
<wf cmd="tag" pos="NNP">Gaylor</wf>
<wf cmd="ignore" pos="POS">'s</wf>
<wf cmd="tag" pos="NN">obsession</wf>
<wf cmd="ignore" pos="CC">and</wf>
<wf cmd="tag" pos="NNP">Cunningham</wf>
<wf cmd="ignore" pos="POS">'s</wf>
<wf cmd="tag" pos="JJ">chimera-chasing</wf>
<wf cmd="tag" pos="NNS">reminiscences</wf>
<wf cmd="done" pos="VBD" ot="notag">had</wf>
<wf cmd="done" pos="VB" lemma="mesmerize" wnsn="1" lexsn="2:32:00::">mesmerized</wf>
<wf cmd="ignore" pos="PRP">him</wf>
<wf cmd="ignore" pos="IN">into</wf>
<wf cmd="done" pos="VB" lemma="think_of" wnsn="1" lexsn="2:31:00::">thinking_of</wf>
<wf cmd="tag" pos="NNP">Lila</wf>
<wf cmd="ignore" pos="CC">and</wf>
<wf cmd="tag" pos="NNP">Lilac</wf>
<punc>,</punc>
<wf cmd="tag" pos="RB">separately</wf>
<wf cmd="ignore" pos="CC">or</wf>
<wf cmd="tag" pos="RB">together</wf>
<punc>,</punc>
<wf cmd="ignore" pos="IN">as</wf>
<wf cmd="ignore" pos="DT">a</wf>
<wf cmd="tag" pos="NN">legend</wf>
<punc>.</punc>
</s>
<s snum="142">
<wf cmd="ignore" pos="PRP">They</wf>
<wf cmd="done" pos="VB" lemma="keep" wnsn="2" lexsn="2:42:07::">kept</wf>
<wf cmd="done" pos="VB" lemma="drift" wnsn="2" lexsn="2:38:04::">drifting</wf>
<wf cmd="tag" pos="RB">apart</wf>
<wf cmd="ignore" pos="CC">and</wf>
<wf cmd="done" pos="VB" lemma="merge" wnsn="1" lexsn="2:30:00::">merging</wf>
<wf cmd="tag" pos="RB">again</wf>
<wf cmd="ignore" pos="IN">in</wf>
<wf cmd="ignore" pos="PRP$">his</wf>
<wf cmd="tag" pos="NN">mind</wf>
<wf cmd="ignore" pos="IN">like</wf>
<wf cmd="ignore" pos="DT">some</wf>
<wf cmd="tag" pos="NN">minute</wf>
<wf cmd="tag" pos="NN">form</wf>
<wf cmd="ignore" pos="IN">of</wf>
<wf cmd="tag" pos="NN">life</wf>
<wf cmd="ignore" pos="IN">on</wf>
<wf cmd="ignore" pos="DT">a</wf>
<wf cmd="tag" pos="NN">microscope</wf>
<wf cmd="tag" pos="NN">slide</wf>
<punc>.</punc>
</s>
</p>
</context>
</contextfile>
