<contextfile concordance="brown">
<context filename="br-l03" paras="yes">
<p pnum="1">
<s snum="1">
<wf cmd="ignore" pos="DT">The</wf>
<wf cmd="tag" pos="JJ">fat</wf>
<wf cmd="tag" pos="NN">man</wf>
<wf cmd="done" pos="VB" lemma="say" wnsn="1" lexsn="2:32:00::">said</wf>
<punc>,</punc>
<punc>``</punc>
<wf cmd="ignore" pos="DT">All</wf>
<wf cmd="ignore" pos="PRP">we</wf>
<wf cmd="done" pos="VBP" ot="notag">gotta</wf>
<wf cmd="done" pos="VB" lemma="do" wnsn="2" lexsn="2:36:01::">do</wf>
<wf cmd="done" pos="VBZ" ot="notag">is</wf>
<wf cmd="done" pos="VB" lemma="go" wnsn="1" lexsn="2:38:00::">go</wf>
<wf cmd="tag" pos="RB">around</wf>
<wf cmd="ignore" pos="DT">the</wf>
<wf cmd="tag" pos="NN">corner</wf>
<punc>''</punc>
<punc>.</punc>
</s>
</p>
<p pnum="2">
<s snum="2">
<wf cmd="ignore" pos="DT">The</wf>
<wf cmd="tag" pos="NN">gun</wf>
<wf cmd="done" pos="VB" lemma="move" wnsn="3" lexsn="2:38:00::">moved</wf>
<punc>.</punc>
</s>
<s snum="3">
<wf cmd="ignore" pos="DT">The</wf>
<wf cmd="tag" pos="JJ">thin</wf>
<wf cmd="tag" pos="NN">man</wf>
<wf cmd="done" pos="VB" lemma="say" wnsn="1" lexsn="2:32:00::">said</wf>
<punc>,</punc>
<punc>``</punc>
<wf cmd="tag" pos="RB">That-a-way</wf>
<punc>''</punc>
<punc>.</punc>
</s>
</p>
<p pnum="3">
<s snum="4">
<punc>``</punc>
<punc>-</punc>
<wf cmd="tag" pos="JJ">second</wf>
<wf cmd="tag" pos="NN">building</wf>
<wf cmd="done" pos="VB" ot="notag">on</wf>
<wf cmd="ignore" pos="DT">the</wf>
<wf cmd="tag" pos="NN">right</wf>
<punc>''</punc>
<punc>.</punc>
</s>
</p>
<p pnum="4">
<s snum="5">
<punc>``</punc>
<punc>-</punc>
<wf cmd="ignore" pos="PRP">it</wf>
<wf cmd="done" pos="VB" lemma="say" wnsn="4" lexsn="2:42:00::">says</wf>
<wf cmd="tag" pos="NN">police</wf>
<wf cmd="tag" pos="RB">right_on</wf>
<wf cmd="ignore" pos="DT">the</wf>
<wf cmd="tag" pos="NN">door</wf>
<punc>''</punc>
<punc>.</punc>
</s>
</p>
<p pnum="5">
<s snum="6">
<punc>``</punc>
<punc>-</punc>
<wf cmd="tag" pos="RB">so</wf>
<wf cmd="tag" pos="RB">even</wf>
<wf cmd="ignore" pos="IN">if</wf>
<wf cmd="ignore" pos="PRP">we</wf>
<wf cmd="done" pos="VB" lemma="be" wnsn="1" lexsn="2:42:03::">was</wf>
<wf cmd="tag" pos="RB">as</wf>
<wf cmd="tag" pos="JJ">dumb</wf>
<wf cmd="ignore" pos="IN">as</wf>
<wf cmd="ignore" pos="PRP">you</wf>
<wf cmd="done" pos="VB" lemma="take" wnsn="6" lexsn="2:31:07::">take</wf>
<wf cmd="ignore" pos="PRP">us</wf>
<wf cmd="tag" pos="RB">for</wf>
<punc>,</punc>
<wf cmd="ignore" pos="PRP">we</wf>
<wf cmd="ignore" pos="MD">could</wf>
<wf cmd="tag" pos="RB">still</wf>
<wf cmd="done" pos="VB" lemma="find" wnsn="3" lexsn="2:40:00::">find</wf>
<wf cmd="ignore" pos="PRP">it</wf>
<punc>''</punc>
<punc>.</punc>
</s>
</p>
<p pnum="6">
<s snum="7">
<wf cmd="tag" pos="NNP">Roberta</wf>
<wf cmd="ignore" pos="CC">and</wf>
<wf cmd="tag" pos="NNP">Dave</wf>
<wf cmd="done" pos="VB" lemma="begin" wnsn="1" lexsn="2:30:00::">began</wf>
<wf cmd="ignore" pos="TO">to</wf>
<wf cmd="done" pos="VB" lemma="back" wnsn="2" lexsn="2:38:00::">back</wf>
<wf cmd="ignore" pos="IN">toward</wf>
<wf cmd="ignore" pos="DT">the</wf>
<wf cmd="tag" pos="NN">door</wf>
<punc>.</punc>
</s>
<s snum="8">
<wf cmd="ignore" pos="DT">The</wf>
<wf cmd="tag" pos="JJ">thin</wf>
<wf cmd="tag" pos="NN">man</wf>
<wf cmd="done" pos="VB" lemma="wave" wnsn="2" lexsn="2:35:00::">waved</wf>
<wf cmd="ignore" pos="DT">the</wf>
<wf cmd="tag" pos="NN">gun</wf>
<wf cmd="tag" pos="RB">again</wf>
<punc>.</punc>
</s>
<s snum="9">
<wf cmd="ignore" pos="PRP">He</wf>
<wf cmd="done" pos="VB" lemma="say" wnsn="1" lexsn="2:32:00::">said</wf>
<punc>,</punc>
<punc>``</punc>
<wf cmd="tag" pos="RB">Right</wf>
<wf cmd="ignore" pos="IN">around</wf>
<wf cmd="ignore" pos="DT">the</wf>
<wf cmd="tag" pos="NN">corner</wf>
<punc>''</punc>
<punc>.</punc>
</s>
</p>
<p pnum="7">
<s snum="10">
<punc>``</punc>
<wf cmd="ignore" pos="PRP">It</wf>
<wf cmd="done" pos="VB" lemma="say" wnsn="1" lexsn="2:32:00::">says</wf>
<wf cmd="tag" pos="NN">water</wf>
<wf cmd="tag" pos="NNS">works</wf>
<punc>,</punc>
<wf cmd="ignore" pos="CC">but</wf>
<wf cmd="ignore" pos="EX">there</wf>
<wf cmd="done" pos="VB" lemma="be" wnsn="5" lexsn="2:42:04::">is</wf>
<wf cmd="ignore" pos="DT">a</wf>
<wf cmd="tag" pos="NN">policeman</wf>
<wf cmd="tag" pos="JJ">on_duty</wf>
<punc>,</punc>
<wf cmd="tag" pos="RB">too</wf>
<punc>''</punc>
<punc>.</punc>
</s>
</p>
<p pnum="8">
<s snum="11">
<punc>``</punc>
<wf cmd="ignore" pos="DT">A</wf>
<wf cmd="tag" pos="NN">night</wf>
<wf cmd="tag" pos="NN">policeman</wf>
<wf cmd="tag" pos="RB">just</wf>
<wf cmd="ignore" pos="IN">like</wf>
<wf cmd="ignore" pos="IN">in</wf>
<wf cmd="ignore" pos="DT">the</wf>
<wf cmd="tag" pos="NNPS">States</wf>
<punc>.</punc>
</s>
<s snum="12">
<wf cmd="ignore" pos="PRP">You</wf>
<wf cmd="done" pos="VBP" ot="notag">know</wf>
<punc>''</punc>
<punc>?</punc>
</s>
</p>
<p pnum="9">
<s snum="13">
<punc>``</punc>
<wf cmd="tag" pos="NNP">Canada</wf>
<wf cmd="done" pos="VBZ" ot="notag">does</wf>
<wf cmd="tag" pos="RB">n't</wf>
<wf cmd="done" pos="VB" lemma="have" wnsn="2" lexsn="2:42:00::">have</wf>
<wf cmd="tag" pos="JJ">much</wf>
<wf cmd="tag" pos="RB">of_this</wf>
<wf cmd="tag" pos="RB">here</wf>
<wf cmd="tag" pos="NN">juvenile_delinquency</wf>
<wf cmd="tag" pos="NN">problem</wf>
<punc>,</punc>
<wf cmd="ignore" pos="CC">but</wf>
<wf cmd="ignore" pos="PRP">we</wf>
<wf cmd="done" pos="VB" lemma="keep" wnsn="10" lexsn="2:41:02::">keep</wf>
<wf cmd="ignore" pos="DT">a</wf>
<wf cmd="tag" pos="NN">night</wf>
<wf cmd="tag" pos="NN">policeman</wf>
<wf cmd="tag" pos="RB">all_the_same</wf>
<wf cmd="ignore" pos="IN">on</wf>
<wf cmd="tag" pos="NN">account</wf>
<wf cmd="ignore" pos="IN">of</wf>
<wf cmd="ignore" pos="DT">the</wf>
<wf cmd="tag" pos="JJ">crazy</wf>
<wf cmd="tag" pos="NNS">tourists</wf>
<punc>''</punc>
<punc>.</punc>
</s>
</p>
<p pnum="10">
<s snum="14">
<wf cmd="ignore" pos="IN">At</wf>
<wf cmd="ignore" pos="DT">the</wf>
<wf cmd="tag" pos="NN">door</wf>
<punc>,</punc>
<wf cmd="tag" pos="NNP">Dave</wf>
<wf cmd="done" pos="VB" lemma="pause" wnsn="1" lexsn="2:42:00::">paused</wf>
<wf cmd="ignore" pos="TO">to</wf>
<wf cmd="done" pos="VB" lemma="feel" wnsn="8" lexsn="2:39:10::">feel</wf>
<wf cmd="done" pos="VB" ot="notag">for</wf>
<wf cmd="ignore" pos="DT">the</wf>
<wf cmd="tag" pos="NN">latch</wf>
<punc>.</punc>
</s>
<s snum="15">
<wf cmd="tag" pos="NNP">Roberta</wf>
<wf cmd="done" pos="VB" lemma="glance" wnsn="1" lexsn="2:39:00::">glanced</wf>
<wf cmd="ignore" pos="IN">up</wf>
<wf cmd="ignore" pos="IN">at</wf>
<wf cmd="ignore" pos="PRP$">her</wf>
<wf cmd="tag" pos="NN">husband</wf>
<punc>.</punc>
</s>
<s snum="16">
<wf cmd="ignore" pos="PRP">He</wf>
<wf cmd="done" pos="VBD" ot="notag">was</wf>
<wf cmd="done" pos="VB" ot="notag">going_to</wf>
<wf cmd="done" pos="VB" lemma="be" wnsn="1" lexsn="2:42:03::">be</wf>
<wf cmd="tag" pos="JJ">sensible</wf>
<wf cmd="ignore" pos="CC">and</wf>
<wf cmd="tag" pos="RB">not</wf>
<wf cmd="done" pos="VB" lemma="try" wnsn="1" lexsn="2:41:00::">try</wf>
<wf cmd="ignore" pos="TO">to</wf>
<wf cmd="done" pos="VB" lemma="do" wnsn="2" lexsn="2:36:01::">do</wf>
<wf cmd="tag" pos="NN">anything</wf>
<wf cmd="tag" pos="NN">rash</wf>
<wf cmd="tag" pos="RB">with_that</wf>
<wf cmd="tag" pos="NN">gun</wf>
<wf cmd="done" pos="VB" lemma="point" wnsn="3" lexsn="2:33:00::">pointed</wf>
<wf cmd="done" pos="VB" ot="notag">at</wf>
<wf cmd="ignore" pos="PRP">him</wf>
<punc>.</punc>
</s>
<s snum="17">
<wf cmd="ignore" pos="PRP">She</wf>
<wf cmd="done" pos="VB" lemma="measure" wnsn="2" lexsn="2:30:00::">measured</wf>
<wf cmd="ignore" pos="DT">the</wf>
<wf cmd="tag" pos="NN">distance</wf>
<wf cmd="tag" pos="RB">from_where</wf>
<wf cmd="ignore" pos="PRP">they</wf>
<wf cmd="done" pos="VB" lemma="stand" wnsn="1" lexsn="2:35:00::">stood</wf>
<wf cmd="ignore" pos="TO">to</wf>
<wf cmd="ignore" pos="DT">the</wf>
<wf cmd="tag" pos="NNS">men</wf>
<wf cmd="ignore" pos="CC">and</wf>
<wf cmd="ignore" pos="DT">the</wf>
<wf cmd="tag" pos="NN">gun</wf>
<punc>,</punc>
<wf cmd="done" pos="VB" lemma="measure" wnsn="2" lexsn="2:30:00::">measured</wf>
<wf cmd="ignore" pos="DT">the</wf>
<wf cmd="tag" pos="NN">distance</wf>
<wf cmd="ignore" pos="IN">from</wf>
<wf cmd="ignore" pos="DT">the</wf>
<wf cmd="tag" pos="NNS">men</wf>
<wf cmd="tag" pos="RB">to_the_back</wf>
<wf cmd="tag" pos="NN">room</wf>
<punc>.</punc>
</s>
<s snum="18">
<wf cmd="ignore" pos="PRP">She</wf>
<wf cmd="done" pos="VB" lemma="decide" wnsn="1" lexsn="2:31:00::">decided</wf>
<wf cmd="ignore" pos="TO">to</wf>
<wf cmd="done" pos="VB" lemma="risk" wnsn="2" lexsn="2:41:01::">risk</wf>
<wf cmd="ignore" pos="PRP">it</wf>
<punc>.</punc>
</s>
<s snum="19">
<wf cmd="ignore" pos="EX">There</wf>
<wf cmd="done" pos="VB" ot="notag">was</wf>
<wf cmd="tag" pos="NN">something</wf>
<wf cmd="tag" pos="JJ">phony</wf>
<wf cmd="ignore" pos="IN">about</wf>
<wf cmd="ignore" pos="PDT">all</wf>
<wf cmd="ignore" pos="DT">this</wf>
<wf cmd="tag" pos="NN">gun</wf>
<wf cmd="tag" pos="NN">waving</wf>
<punc>-</punc>
<wf cmd="tag" pos="NN">something</wf>
<wf cmd="tag" pos="RB">not_quite</wf>
<wf cmd="ignore" pos="WP">what</wf>
<wf cmd="ignore" pos="PRP">it</wf>
<wf cmd="done" pos="VB" lemma="seem" wnsn="1" lexsn="2:39:00::">seemed</wf>
<wf cmd="ignore" pos="IN">in</wf>
<wf cmd="ignore" pos="DT">the</wf>
<wf cmd="tag" pos="JJ">detailed</wf>
<wf cmd="tag" pos="NNS">directions</wf>
<wf cmd="ignore" pos="IN">for</wf>
<wf cmd="done" pos="VB" lemma="find" wnsn="3" lexsn="2:40:00::">finding</wf>
<wf cmd="ignore" pos="DT">the</wf>
<wf cmd="tag" pos="NN">police</wf>
<punc>.</punc>
</s>
</p>
<p pnum="11">
<s snum="20">
<wf cmd="tag" pos="NNP">Dave</wf>
<wf cmd="done" pos="VB" lemma="have" wnsn="1" lexsn="2:40:00::">had</wf>
<wf cmd="ignore" pos="DT">the</wf>
<wf cmd="tag" pos="NN">latch</wf>
<wf cmd="ignore" pos="IN">under</wf>
<wf cmd="ignore" pos="PRP$">his</wf>
<wf cmd="tag" pos="NN">thumb</wf>
<wf cmd="tag" pos="RB">now</wf>
<wf cmd="ignore" pos="CC">and</wf>
<wf cmd="ignore" pos="PRP">he</wf>
<wf cmd="done" pos="VB" lemma="remove" wnsn="1" lexsn="2:30:00::">removed</wf>
<wf cmd="ignore" pos="PRP$">his</wf>
<wf cmd="tag" pos="NN">arm</wf>
<wf cmd="ignore" pos="IN">from</wf>
<wf cmd="ignore" pos="PRP$">his</wf>
<wf cmd="tag" pos="NN">wife</wf>
<wf cmd="tag" pos="RB">in_order_to</wf>
<wf cmd="done" pos="VB" lemma="pull" wnsn="1" lexsn="2:35:00::">pull</wf>
<wf cmd="ignore" pos="DT">the</wf>
<wf cmd="tag" pos="NN">door</wf>
<wf cmd="tag" pos="JJ">open</wf>
<punc>.</punc>
</s>
<s snum="21">
<wf cmd="tag" pos="RB">In_a_flash</wf>
<wf cmd="ignore" pos="PRP">she</wf>
<wf cmd="done" pos="VB" lemma="be" wnsn="1" lexsn="2:42:03::">was</wf>
<wf cmd="tag" pos="RB">away</wf>
<wf cmd="tag" pos="RB">to_the_back</wf>
<punc>,</punc>
<wf cmd="done" rdf="paying_attention" pos="VB" lemma="pay_attention" wnsn="0" lexsn="2:39:00::">paying</wf>
<wf cmd="ignore" pos="DT">no</wf>
<wf cmd="tag" pos="NN">attention</wf>
<wf cmd="ignore" pos="TO">to</wf>
<wf cmd="tag" pos="CD">three</wf>
<wf cmd="tag" pos="JJ">angry</wf>
<wf cmd="tag" pos="NN">shouts</wf>
<wf cmd="ignore" pos="IN">from</wf>
<wf cmd="ignore" pos="DT">the</wf>
<wf cmd="tag" pos="JJ">male</wf>
<wf cmd="tag" pos="NNS">throats</wf>
<punc>.</punc>
</s>
<s snum="22">
<wf cmd="ignore" pos="PRP">She</wf>
<wf cmd="done" pos="VB" lemma="tear" wnsn="1" lexsn="2:35:00::">tore</wf>
<wf cmd="tag" pos="JJ">open</wf>
<wf cmd="ignore" pos="DT">the</wf>
<wf cmd="tag" pos="JJ">back</wf>
<wf cmd="tag" pos="NN">door</wf>
<punc>.</punc>
</s>
<s snum="23">
<wf cmd="ignore" pos="PRP">It</wf>
<wf cmd="done" pos="VB" lemma="be" wnsn="1" lexsn="2:42:03::">was</wf>
<wf cmd="tag" pos="JJ">dark</wf>
<wf cmd="ignore" pos="IN">inside</wf>
<wf cmd="ignore" pos="DT">the</wf>
<wf cmd="tag" pos="NN">room</wf>
<wf cmd="ignore" pos="CC">but</wf>
<wf cmd="tag" pos="RB">enough</wf>
<wf cmd="tag" pos="NN">light</wf>
<wf cmd="done" pos="VB" lemma="spill" wnsn="2" lexsn="2:38:00::">spilled</wf>
<wf cmd="ignore" pos="IN">from</wf>
<wf cmd="ignore" pos="DT">the</wf>
<wf cmd="tag" pos="NN">restaurant</wf>
<wf cmd="ignore" pos="IN">behind</wf>
<wf cmd="ignore" pos="PRP">her</wf>
<wf cmd="ignore" pos="TO">to</wf>
<wf cmd="done" pos="VB" lemma="enable" wnsn="1" lexsn="2:30:00::">enable</wf>
<wf cmd="ignore" pos="PRP">her</wf>
<wf cmd="ignore" pos="TO">to</wf>
<wf cmd="done" pos="VB" lemma="make_out" wnsn="1" lexsn="2:39:00::">make_out</wf>
<wf cmd="ignore" pos="DT">a</wf>
<wf cmd="tag" pos="NN">round_table</wf>
<wf cmd="ignore" pos="IN">with</wf>
<wf cmd="ignore" pos="DT">a</wf>
<wf cmd="tag" pos="JJ">green</wf>
<wf cmd="tag" pos="NN">cloth</wf>
<wf cmd="tag" pos="JJ">top</wf>
<punc>.</punc>
</s>
<s snum="24">
<wf cmd="ignore" pos="EX">There</wf>
<wf cmd="done" pos="VB" lemma="be" wnsn="5" lexsn="2:42:04::">was</wf>
<wf cmd="ignore" pos="DT">a</wf>
<wf cmd="tag" pos="JJ">small</wf>
<wf cmd="tag" pos="NN">sideboard</wf>
<wf cmd="ignore" pos="IN">with</wf>
<wf cmd="ignore" pos="DT">some</wf>
<wf cmd="tag" pos="JJ">empty</wf>
<wf cmd="tag" pos="NN">beer_bottles</wf>
<wf cmd="tag" pos="RB">on_it</wf>
<wf cmd="ignore" pos="CC">and</wf>
<wf cmd="tag" pos="RB">perhaps</wf>
<wf cmd="tag" pos="CD">fifteen</wf>
<wf cmd="tag" pos="JJ">wooden</wf>
<wf cmd="tag" pos="NNS">chairs</wf>
<punc>.</punc>
</s>
</p>
<p pnum="12">
<s snum="25">
<wf cmd="tag" pos="RB">Slowly</wf>
<wf cmd="ignore" pos="PRP">she</wf>
<wf cmd="done" pos="VB" lemma="turn" wnsn="1" lexsn="2:38:00::">turned</wf>
<wf cmd="done" pos="VB" ot="notag">to</wf>
<wf cmd="done" pos="VB" lemma="face" wnsn="2" lexsn="2:33:00::">face</wf>
<wf cmd="ignore" pos="DT">the</wf>
<wf cmd="tag" pos="NNS">men</wf>
<wf cmd="tag" pos="RB">again</wf>
<punc>.</punc>
</s>
<s snum="26">
<wf cmd="tag" pos="NN">Rat-face</wf>
<wf cmd="ignore" pos="IN">at</wf>
<wf cmd="ignore" pos="DT">the</wf>
<wf cmd="tag" pos="NN">counter</wf>
<wf cmd="done" pos="VB" lemma="be" wnsn="1" lexsn="2:42:03::">was</wf>
<wf cmd="done" pos="VB" ot="notag">on</wf>
<wf cmd="ignore" pos="PRP$">his</wf>
<wf cmd="tag" pos="NNS">feet</wf>
<punc>.</punc>
</s>
<s snum="27">
<wf cmd="ignore" pos="DT">The</wf>
<wf cmd="tag" pos="NN">distance</wf>
<wf cmd="ignore" pos="IN">between</wf>
<wf cmd="ignore" pos="WRB">where</wf>
<wf cmd="ignore" pos="PRP">she</wf>
<wf cmd="done" pos="VB" lemma="stand" wnsn="1" lexsn="2:35:00::">stood</wf>
<wf cmd="ignore" pos="CC">and</wf>
<wf cmd="ignore" pos="WRB">where</wf>
<wf cmd="tag" pos="NNP">Dave</wf>
<wf cmd="done" pos="VB" lemma="wait" wnsn="1" lexsn="2:42:00::">waited</wf>
<wf cmd="ignore" pos="IN">at</wf>
<wf cmd="ignore" pos="DT">the</wf>
<wf cmd="tag" pos="NN">outside_door</wf>
<wf cmd="done" pos="VB" lemma="be" wnsn="6" lexsn="2:42:07::">was</wf>
<wf cmd="tag" pos="JJ">a_hundred</wf>
<wf cmd="tag" pos="NNS">miles</wf>
<punc>.</punc>
</s>
<s snum="28">
<wf cmd="done" pos="VB" lemma="keep" wnsn="1" lexsn="2:42:00::">Keeping</wf>
<wf cmd="ignore" pos="PRP$">her</wf>
<wf cmd="tag" pos="JJ">frightened</wf>
<wf cmd="tag" pos="NN">gaze</wf>
<wf cmd="ignore" pos="IN">on</wf>
<wf cmd="ignore" pos="DT">the</wf>
<wf cmd="tag" pos="NNS">men</wf>
<wf cmd="ignore" pos="IN">at</wf>
<wf cmd="ignore" pos="DT">the</wf>
<wf cmd="tag" pos="NN">counter</wf>
<punc>,</punc>
<wf cmd="ignore" pos="PRP">she</wf>
<wf cmd="done" pos="VB" lemma="begin" wnsn="1" lexsn="2:30:00::">began</wf>
<wf cmd="ignore" pos="TO">to</wf>
<wf cmd="done" pos="VB" lemma="feel" wnsn="11" lexsn="2:40:00::">feel</wf>
<wf cmd="ignore" pos="PRP$">her</wf>
<wf cmd="tag" pos="NN">way</wf>
<wf cmd="ignore" pos="TO">to</wf>
<wf cmd="ignore" pos="DT">the</wf>
<wf cmd="tag" pos="NN">door</wf>
<punc>.</punc>
</s>
<s snum="29">
<wf cmd="ignore" pos="PRP">She</wf>
<wf cmd="done" pos="VB" lemma="sidle" wnsn="2" lexsn="2:38:00::">sidled</wf>
<wf cmd="ignore" pos="IN">along</wf>
<wf cmd="ignore" pos="DT">the</wf>
<wf cmd="tag" pos="NNS">booths</wf>
<wf cmd="tag" pos="CD">one</wf>
<wf cmd="tag" pos="NN">step</wf>
<wf cmd="tag" pos="RB">at_a_time</wf>
<punc>.</punc>
</s>
<s snum="30">
<wf cmd="ignore" pos="DT">The</wf>
<wf cmd="tag" pos="NN">gun</wf>
<wf cmd="done" pos="VB" lemma="follow" wnsn="1" lexsn="2:38:00::">followed</wf>
<wf cmd="ignore" pos="PRP$">her</wf>
<punc>.</punc>
</s>
</p>
<p pnum="13">
<s snum="31">
<wf cmd="ignore" pos="IN">As</wf>
<wf cmd="ignore" pos="PRP">she</wf>
<wf cmd="done" pos="VB" lemma="reach" wnsn="2" lexsn="2:38:00::">reached</wf>
<wf cmd="tag" pos="NNP">Dave</wf>
<wf cmd="ignore" pos="CC">and</wf>
<wf cmd="done" pos="VB" lemma="feel" wnsn="3" lexsn="2:39:00::">felt</wf>
<wf cmd="ignore" pos="PRP$">his</wf>
<wf cmd="tag" pos="NN">arm</wf>
<wf cmd="done" pos="VB" lemma="go" wnsn="2" lexsn="2:41:00::">go</wf>
<wf cmd="tag" pos="RB">around</wf>
<wf cmd="ignore" pos="PRP$">her</wf>
<punc>,</punc>
<wf cmd="done" pos="VB" lemma="feel" wnsn="3" lexsn="2:39:00::">felt</wf>
<wf cmd="ignore" pos="PRP">him</wf>
<wf cmd="done" pos="VB" lemma="pull" wnsn="1" lexsn="2:35:00::">pull</wf>
<wf cmd="ignore" pos="PRP">her</wf>
<wf cmd="ignore" pos="TO">to</wf>
<wf cmd="ignore" pos="DT">the</wf>
<wf cmd="tag" pos="NN">safety</wf>
<wf cmd="ignore" pos="IN">of</wf>
<wf cmd="ignore" pos="PRP$">his</wf>
<wf cmd="tag" pos="NN">person</wf>
<punc>,</punc>
<wf cmd="ignore" pos="PRP">she</wf>
<wf cmd="done" pos="VB" lemma="know" wnsn="3" lexsn="2:31:02::">knew</wf>
<wf cmd="ignore" pos="IN">with</wf>
<wf cmd="ignore" pos="DT">the</wf>
<wf cmd="tag" pos="NN">certainty</wf>
<wf cmd="ignore" pos="IN">of</wf>
<wf cmd="tag" pos="NN">despair</wf>
<wf cmd="ignore" pos="IN">that</wf>
<wf cmd="tag" pos="NN">something</wf>
<wf cmd="tag" pos="JJ">bad</wf>
<wf cmd="done" pos="VBD" ot="notag">had</wf>
<wf cmd="done" pos="VB" lemma="happen" wnsn="1" lexsn="2:30:00::">happened</wf>
<wf cmd="done" pos="VB" ot="notag">to</wf>
<wf cmd="tag" pos="NNP">Lauren</wf>
<punc>.</punc>
</s>
</p>
<p pnum="14">
<s snum="32">
<wf cmd="ignore" pos="DT">The</wf>
<wf cmd="tag" pos="CD">two</wf>
<wf cmd="tag" pos="NNS">men</wf>
<wf cmd="done" pos="VB" lemma="watch" wnsn="2" lexsn="2:41:00::">watched</wf>
<wf cmd="ignore" pos="IN">as</wf>
<wf cmd="tag" pos="NNP">Dave</wf>
<wf cmd="done" pos="VB" lemma="close" wnsn="1" lexsn="2:35:00::">closed</wf>
<wf cmd="ignore" pos="DT">the</wf>
<wf cmd="tag" pos="NN">door</wf>
<wf cmd="ignore" pos="IN">behind</wf>
<wf cmd="ignore" pos="PRP">them</wf>
<punc>,</punc>
<wf cmd="done" pos="VB" lemma="watch" wnsn="2" lexsn="2:41:00::">watched</wf>
<wf cmd="ignore" pos="PRP">them</wf>
<wf cmd="done" pos="VB" lemma="cross" wnsn="1" lexsn="2:38:00::">cross</wf>
<wf cmd="ignore" pos="DT">the</wf>
<wf cmd="tag" pos="NN">sidewalk</wf>
<wf cmd="ignore" pos="TO">to</wf>
<wf cmd="ignore" pos="PRP$">their</wf>
<wf cmd="tag" pos="NN">car</wf>
<punc>.</punc>
</s>
<s snum="33">
<wf cmd="ignore" pos="PRP">It</wf>
<wf cmd="done" pos="VBD" ot="notag">was</wf>
<wf cmd="done" pos="VB" lemma="get" wnsn="2" lexsn="2:30:00::">getting</wf>
<wf cmd="tag" pos="NN">light</wf>
<punc>.</punc>
</s>
<s snum="34">
<wf cmd="ignore" pos="DT">The</wf>
<wf cmd="tag" pos="JJ">fat</wf>
<wf cmd="tag" pos="NN">man</wf>
<wf cmd="done" pos="VB" lemma="remove" wnsn="1" lexsn="2:30:00::">removed</wf>
<wf cmd="ignore" pos="PRP$">his</wf>
<wf cmd="tag" pos="NN">apron</wf>
<punc>,</punc>
<wf cmd="done" pos="VB" lemma="put_on" wnsn="1" lexsn="2:29:00::">put_on</wf>
<wf cmd="ignore" pos="DT">a</wf>
<wf cmd="tag" pos="JJ">greasy</wf>
<wf cmd="ignore" pos="CC">and</wf>
<wf cmd="tag" pos="JJ">wrinkled</wf>
<wf cmd="tag" pos="NN">jacket</wf>
<punc>,</punc>
<wf cmd="ignore" pos="CC">and</wf>
<wf cmd="done" pos="VB" lemma="zip" wnsn="1" lexsn="2:35:00::">zipped</wf>
<wf cmd="ignore" pos="PRP">it</wf>
<wf cmd="ignore" pos="IN">over</wf>
<wf cmd="ignore" pos="PRP$">his</wf>
<wf cmd="tag" pos="NN">paunch</wf>
<punc>.</punc>
</s>
</p>
<p pnum="15">
<s snum="35">
<wf cmd="ignore" pos="DT">The</wf>
<wf cmd="tag" pos="JJ">thin</wf>
<wf cmd="tag" pos="NN">man</wf>
<wf cmd="done" pos="VB" lemma="move" wnsn="1" lexsn="2:38:03::">moved</wf>
<wf cmd="tag" pos="RB">swiftly</wf>
<wf cmd="ignore" pos="TO">to</wf>
<wf cmd="ignore" pos="DT">the</wf>
<wf cmd="tag" pos="NN">phone</wf>
<wf cmd="ignore" pos="CC">and</wf>
<wf cmd="done" pos="VB" lemma="dial" wnsn="1" lexsn="2:32:00::">dialed</wf>
<wf cmd="ignore" pos="DT">a</wf>
<wf cmd="tag" pos="NN">number</wf>
<punc>.</punc>
</s>
<s snum="36">
<wf cmd="ignore" pos="WRB">When</wf>
<wf cmd="ignore" pos="PRP">he</wf>
<wf cmd="done" pos="VBD" ot="notag">was</wf>
<wf cmd="done" pos="VB" lemma="answer" wnsn="2" lexsn="2:31:02::">answered</wf>
<punc>,</punc>
<wf cmd="ignore" pos="PRP">he</wf>
<wf cmd="done" pos="VB" lemma="say" wnsn="1" lexsn="2:32:00::">said</wf>
<punc>,</punc>
<punc>``</punc>
<wf cmd="tag" pos="NNP">Albert</wf>
<punc>?</punc>
</s>
<s snum="37">
<wf cmd="tag" pos="NNP">Vince</wf>
<punc>.</punc>
</s>
<s snum="38">
<wf cmd="ignore" pos="PRP">I</wf>
<wf cmd="done" pos="VBP" ot="notag">'m</wf>
<wf cmd="done" pos="VB" lemma="send" wnsn="1" lexsn="2:38:01::">sending</wf>
<wf cmd="ignore" pos="PRP">you</wf>
<wf cmd="tag" pos="JJ">a_couple_of</wf>
<wf cmd="tag" pos="NNS">customers</wf>
<punc>-</punc>
<wf cmd="ignore" pos="UH">yeah</wf>
<punc>-</punc>
<wf cmd="tag" pos="RB">just</wf>
<wf cmd="done" pos="VB" lemma="get" wnsn="3" lexsn="2:30:02::">get</wf>
<wf cmd="ignore" pos="PRP">them</wf>
<wf cmd="ignore" pos="IN">out</wf>
<wf cmd="ignore" pos="IN">of</wf>
<wf cmd="ignore" pos="PRP$">my</wf>
<wf cmd="tag" pos="NN">hair</wf>
<wf cmd="ignore" pos="CC">and</wf>
<wf cmd="done" pos="VB" lemma="keep" wnsn="1" lexsn="2:42:00::">keep</wf>
<wf cmd="ignore" pos="PRP">them</wf>
<wf cmd="ignore" pos="IN">out</wf>
<punc>-</punc>
<wf cmd="ignore" pos="PRP">I</wf>
<wf cmd="done" pos="VBP" ot="notag">do</wf>
<wf cmd="tag" pos="RB">n't</wf>
<wf cmd="done" pos="VB" ot="idiom">give_a_damn</wf>
<wf cmd="ignore" pos="WP">what</wf>
<wf cmd="ignore" pos="PRP">you</wf>
<wf cmd="done" pos="VB" lemma="tell" wnsn="1" lexsn="2:32:04::">tell</wf>
<wf cmd="ignore" pos="PRP">them</wf>
<punc>-</punc>
<wf cmd="tag" pos="RB">only</wf>
<wf cmd="done" pos="VBP" ot="notag">do</wf>
<wf cmd="tag" pos="RB">n't</wf>
<wf cmd="done" pos="VB" lemma="believe" wnsn="1" lexsn="2:31:00::">believe</wf>
<wf cmd="ignore" pos="DT">a</wf>
<wf cmd="tag" pos="NN">word</wf>
<wf cmd="ignore" pos="PRP">they</wf>
<wf cmd="done" pos="VB" lemma="say" wnsn="1" lexsn="2:32:00::">say</wf>
<punc>-</punc>
<wf cmd="ignore" pos="PRP">they</wf>
<wf cmd="done" rdf="are" pos="VB" lemma="be" wnsn="1" lexsn="2:42:03::">'re</wf>
<wf cmd="tag" pos="RB">out</wf>
<wf cmd="ignore" pos="TO">to</wf>
<wf cmd="done" pos="VB" lemma="make" wnsn="1" lexsn="2:41:00::">make</wf>
<wf cmd="tag" pos="NN">trouble</wf>
<wf cmd="ignore" pos="IN">for</wf>
<wf cmd="ignore" pos="PRP">me</wf>
<wf cmd="ignore" pos="CC">and</wf>
<wf cmd="ignore" pos="PRP">it</wf>
<wf cmd="done" pos="VB" lemma="be" wnsn="1" lexsn="2:42:03::">is</wf>
<wf cmd="tag" pos="JJ">up_to</wf>
<wf cmd="ignore" pos="PRP">you</wf>
<wf cmd="ignore" pos="TO">to</wf>
<wf cmd="done" pos="VB" lemma="stop" wnsn="3" lexsn="2:41:00::">stop</wf>
<wf cmd="ignore" pos="PRP">them</wf>
<punc>-</punc>
<wf cmd="ignore" pos="PRP">I</wf>
<wf cmd="done" pos="VBP" ot="notag">do</wf>
<wf cmd="tag" pos="RB">n't</wf>
<wf cmd="done" pos="VB" lemma="care" wnsn="1" lexsn="2:37:02::">care</wf>
<wf cmd="ignore" pos="WRB">how</wf>
<punc>-</punc>
<wf cmd="ignore" pos="CC">and</wf>
<wf cmd="tag" pos="CD">one</wf>
<wf cmd="tag" pos="JJR">more</wf>
<wf cmd="tag" pos="NN">thing</wf>
<punc>-</punc>
<wf cmd="tag" pos="NNP">Cate</wf>
<wf cmd="ignore" pos="POS">'s</wf>
<wf cmd="tag" pos="NNP">Cafe</wf>
<wf cmd="done" pos="VB" lemma="close" wnsn="3" lexsn="2:41:00::">closed</wf>
<wf cmd="ignore" pos="IN">at</wf>
<wf cmd="tag" pos="CD">eleven</wf>
<wf cmd="ignore" pos="IN">like</wf>
<wf cmd="tag" pos="RB">always</wf>
<wf cmd="tag" pos="JJ">last</wf>
<wf cmd="tag" pos="NN">night</wf>
<wf cmd="ignore" pos="CC">and</wf>
<wf cmd="tag" pos="NNP">Rose</wf>
<wf cmd="ignore" pos="CC">and</wf>
<wf cmd="tag" pos="NNP">Clarence_Corsi</wf>
<wf cmd="done" pos="VB" lemma="leave" wnsn="1" lexsn="2:38:01::">left</wf>
<wf cmd="ignore" pos="IN">for</wf>
<wf cmd="tag" pos="NNP">Quebec</wf>
<wf cmd="tag" pos="NN">yesterday</wf>
<punc>-</punc>
<wf cmd="ignore" pos="DT">some</wf>
<wf cmd="tag" pos="NN">shrine</wf>
<wf cmd="ignore" pos="CC">or</wf>
<wf cmd="tag" pos="JJ">other</wf>
<punc>-</punc>
<wf cmd="ignore" pos="PRP">I</wf>
<wf cmd="done" pos="VB" lemma="think" wnsn="1" lexsn="2:31:01::">think</wf>
<wf cmd="ignore" pos="PRP">it</wf>
<wf cmd="done" pos="VB" ot="notag">was</wf>
<wf cmd="done" pos="VB" lemma="call" wnsn="1" lexsn="2:32:02::">called</wf>
<wf cmd="tag" pos="NNP">Saint_Simon</wf>
<wf cmd="ignore" pos="POS">'s</wf>
<punc>-</punc>
<wf cmd="ignore" pos="UH">yeah</wf>
<punc>,</punc>
<wf cmd="tag" pos="NN">yesterday</wf>
<punc>.</punc>
</s>
<s snum="39">
<wf cmd="done" pos="VB" ot="notag">Got_it</wf>
<punc>''</punc>
<punc>?</punc>
</s>
</p>
<p pnum="16">
<s snum="40">
<wf cmd="ignore" pos="PRP">He</wf>
<wf cmd="done" pos="VB" lemma="turn" wnsn="1" lexsn="2:38:00::">turned</wf>
<wf cmd="ignore" pos="IN">from</wf>
<wf cmd="ignore" pos="DT">the</wf>
<wf cmd="tag" pos="NN">phone</wf>
<wf cmd="ignore" pos="CC">and</wf>
<wf cmd="done" pos="VB" lemma="stride" wnsn="0" lexsn="2:38:04::">strode</wf>
<wf cmd="ignore" pos="TO">to</wf>
<wf cmd="ignore" pos="DT">the</wf>
<wf cmd="tag" pos="NN">front</wf>
<wf cmd="ignore" pos="IN">of</wf>
<wf cmd="ignore" pos="DT">the</wf>
<wf cmd="tag" pos="NN">restaurant</wf>
<punc>.</punc>
</s>
<s snum="41">
<wf cmd="ignore" pos="DT">The</wf>
<wf cmd="tag" pos="JJ">white</wf>
<wf cmd="tag" pos="NNP">Buick</wf>
<wf cmd="done" pos="VBD" ot="notag">had</wf>
<wf cmd="tag" pos="RB">n't</wf>
<wf cmd="done" pos="VB" lemma="move" wnsn="1" lexsn="2:38:03::">moved</wf>
<wf cmd="tag" pos="RB">away</wf>
<wf cmd="tag" pos="RB">yet</wf>
<punc>.</punc>
</s>
<s snum="42">
<wf cmd="tag" pos="JJ">Good</wf>
<punc>.</punc>
</s>
<s snum="43">
<wf cmd="ignore" pos="DT">A</wf>
<wf cmd="tag" pos="NN">line</wf>
<wf cmd="ignore" pos="IN">of</wf>
<wf cmd="tag" pos="NN">worry</wf>
<wf cmd="done" pos="VB" lemma="form" wnsn="3" lexsn="2:42:02::">formed</wf>
<punc>,</punc>
<wf cmd="ignore" pos="DT">a</wf>
<wf cmd="tag" pos="NN">twitch</wf>
<wf cmd="done" pos="VB" lemma="pull" wnsn="1" lexsn="2:35:00::">pulled</wf>
<wf cmd="ignore" pos="PRP$">his</wf>
<wf cmd="tag" pos="NN">mouth</wf>
<wf cmd="tag" pos="RB">over</wf>
<wf cmd="ignore" pos="TO">to</wf>
<wf cmd="tag" pos="CD">one</wf>
<wf cmd="tag" pos="NN">side</wf>
<punc>.</punc>
</s>
</p>
<p pnum="17">
<s snum="44">
<wf cmd="ignore" pos="PRP">He</wf>
<wf cmd="done" pos="VB" lemma="say" wnsn="1" lexsn="2:32:00::">said</wf>
<punc>,</punc>
<punc>``</punc>
<wf cmd="tag" pos="NNP">Grosse</wf>
<punc>?</punc>
</s>
<s snum="45">
<wf cmd="ignore" pos="PRP">You</wf>
<wf cmd="done" pos="VBP" ot="notag">ai</wf>
<wf cmd="tag" pos="RB">n't</wf>
<wf cmd="done" pos="VB" lemma="kid" wnsn="1" lexsn="2:32:01::">kidding</wf>
<wf cmd="ignore" pos="PRP">me</wf>
<punc>-</punc>
<wf cmd="ignore" pos="DT">the</wf>
<wf cmd="tag" pos="NN">kid</wf>
<wf cmd="done" pos="VBP" ot="notag">do</wf>
<wf cmd="tag" pos="RB">n't</wf>
<wf cmd="done" pos="VB" lemma="know" wnsn="1" lexsn="2:31:01::">know</wf>
<wf cmd="ignore" pos="DT">the</wf>
<wf cmd="tag" pos="NN">name</wf>
<wf cmd="tag" pos="RB">of_this</wf>
<wf cmd="tag" pos="NN">town</wf>
<punc>''</punc>
<punc>?</punc>
</s>
</p>
<p pnum="18">
<s snum="46">
<punc>``</punc>
<wf cmd="ignore" pos="PRP">I</wf>
<wf cmd="done" pos="VBP" ot="notag">ai</wf>
<wf cmd="tag" pos="RB">n't</wf>
<wf cmd="done" pos="VB" lemma="kid" wnsn="1" lexsn="2:32:01::">kidding</wf>
<wf cmd="ignore" pos="PRP">you</wf>
<punc>,</punc>
<wf cmd="tag" pos="NNP">Vince</wf>
<punc>.</punc>
</s>
<s snum="47">
<wf cmd="ignore" pos="WRB">How</wf>
<wf cmd="ignore" pos="MD">could</wf>
<wf cmd="ignore" pos="PRP">she</wf>
<punc>?</punc>
</s>
<s snum="48">
<wf cmd="ignore" pos="PRP">She</wf>
<wf cmd="ignore" pos="MD">musta</wf>
<wf cmd="done" pos="VBN" ot="notag">been</wf>
<wf cmd="done" pos="VB" lemma="walk" wnsn="1" lexsn="2:38:00::">walking</wf>
<wf cmd="ignore" pos="IN">in</wf>
<wf cmd="ignore" pos="PRP$">her</wf>
<wf cmd="tag" pos="NN">sleep</wf>
<punc>-</punc>
<wf cmd="ignore" pos="PRP">you</wf>
<wf cmd="done" pos="VB" lemma="see" wnsn="1" lexsn="2:39:00::">seen</wf>
<wf cmd="ignore" pos="PRP$">her</wf>
<wf cmd="ignore" pos="PRP">yourself</wf>
<wf cmd="ignore" pos="IN">in</wf>
<wf cmd="tag" pos="RB">here</wf>
<punc>''</punc>
<punc>.</punc>
</s>
</p>
<p pnum="19">
<s snum="49">
<punc>``</punc>
<wf cmd="ignore" pos="WRB">Howda</wf>
<wf cmd="ignore" pos="PRP">I</wf>
<wf cmd="done" pos="VB" lemma="know" wnsn="1" lexsn="2:31:01::">know</wf>
<punc>''</punc>
<punc>?</punc>
</s>
</p>
<p pnum="20">
<s snum="50">
<punc>``</punc>
<wf cmd="done" pos="VB" lemma="remember" wnsn="1" lexsn="2:31:00::">Remember</wf>
<wf cmd="ignore" pos="WRB">how</wf>
<wf cmd="ignore" pos="PRP">she</wf>
<wf cmd="done" pos="VB" lemma="look" wnsn="2" lexsn="2:39:01::">looked</wf>
<wf cmd="ignore" pos="WRB">when</wf>
<wf cmd="tag" pos="NNP">Barney</wf>
<wf cmd="done" pos="VB" lemma="hold" wnsn="2" lexsn="2:35:00::">held</wf>
<wf cmd="ignore" pos="DT">the</wf>
<wf cmd="tag" pos="NN">door</wf>
<wf cmd="ignore" pos="IN">for</wf>
<wf cmd="ignore" pos="PRP$">her</wf>
<punc>?</punc>
</s>
<s snum="51">
<wf cmd="tag" pos="RB">Kinda</wf>
<wf cmd="ignore" pos="IN">like</wf>
<wf cmd="ignore" pos="DT">a</wf>
<wf cmd="tag" pos="NN">zombie</wf>
<punc>?</punc>
</s>
<s snum="52">
<wf cmd="ignore" pos="PRP">She</wf>
<wf cmd="done" pos="VBD" ot="notag">was</wf>
<wf cmd="tag" pos="RB">just</wf>
<wf cmd="done" pos="VB" lemma="wake_up" wnsn="1" lexsn="2:29:01::">waking_up</wf>
<wf cmd="ignore" pos="WRB">when</wf>
<wf cmd="ignore" pos="PRP">we</wf>
<wf cmd="done" pos="VB" lemma="find" wnsn="3" lexsn="2:40:00::">found</wf>
<wf cmd="ignore" pos="PRP">her</wf>
<wf cmd="ignore" pos="IN">at</wf>
<wf cmd="ignore" pos="DT">the</wf>
<wf cmd="tag" pos="NN">garage</wf>
<punc>''</punc>
<punc>.</punc>
</s>
</p>
<p pnum="21">
<s snum="53">
<wf cmd="tag" pos="NNP">Vince</wf>
<wf cmd="done" pos="VB" lemma="swear" wnsn="1" lexsn="2:32:01::">swore</wf>
<punc>.</punc>
</s>
<s snum="54">
<punc>``</punc>
<wf cmd="tag" pos="JJ">Stupid</wf>
<wf cmd="tag" pos="NNS">fools</wf>
<punc>-</punc>
<wf cmd="done" pos="VBP" ot="notag">ai</wf>
<wf cmd="tag" pos="RB">n't</wf>
<wf cmd="done" pos="VB" ot="notag">got</wf>
<wf cmd="tag" pos="RB">enough</wf>
<wf cmd="tag" pos="NNS">brains</wf>
<wf cmd="ignore" pos="IN">between</wf>
<wf cmd="ignore" pos="DT">the</wf>
<wf cmd="tag" pos="CD">two</wf>
<wf cmd="ignore" pos="IN">of</wf>
<wf cmd="ignore" pos="PRP">you</wf>
<punc>''</punc>
<punc>-</punc>
</s>
</p>
<p pnum="22">
<s snum="55">
<wf cmd="tag" pos="NNP">Grosse</wf>
<wf cmd="done" pos="VB" lemma="mutter" wnsn="1" lexsn="2:32:01::">muttered</wf>
<punc>,</punc>
<wf cmd="ignore" pos="PRP$">his</wf>
<wf cmd="tag" pos="NN">head</wf>
<wf cmd="tag" pos="RB">down</wf>
<punc>,</punc>
<wf cmd="tag" pos="CD">one</wf>
<wf cmd="tag" pos="NN">hand</wf>
<wf cmd="done" pos="VB" lemma="play" wnsn="19" lexsn="2:35:00::">playing</wf>
<wf cmd="done" pos="VB" ot="notag">with</wf>
<wf cmd="ignore" pos="DT">the</wf>
<wf cmd="tag" pos="NN">zipper</wf>
<wf cmd="ignore" pos="IN">on</wf>
<wf cmd="ignore" pos="PRP$">his</wf>
<wf cmd="tag" pos="NN">jacket</wf>
<punc>.</punc>
</s>
<s snum="56">
<punc>``</punc>
<punc>-</punc>
<wf cmd="done" pos="VB" lemma="have" wnsn="1" lexsn="2:40:00::">had</wf>
<wf cmd="tag" pos="RB">enough</wf>
<wf cmd="tag" pos="NNS">brains</wf>
<wf cmd="ignore" pos="TO">to</wf>
<wf cmd="done" pos="VB" lemma="call" wnsn="3" lexsn="2:32:01::">call</wf>
<wf cmd="tag" pos="NN">ya</wf>
<wf cmd="tag" pos="RB">up</wf>
<wf cmd="tag" pos="RB">so</wf>
<wf cmd="ignore" pos="IN">as</wf>
<wf cmd="tag" pos="NN">ya</wf>
<wf cmd="ignore" pos="MD">could</wf>
<wf cmd="done" pos="VB" lemma="do" wnsn="1" lexsn="2:41:01::">do</wf>
<wf cmd="tag" pos="NN">sompin</wf>
<wf cmd="ignore" pos="IN">about</wf>
<wf cmd="ignore" pos="PRP">it</wf>
<wf cmd="ignore" pos="WRB">when</wf>
<wf cmd="ignore" pos="DT">the</wf>
<wf cmd="tag" pos="NNS">parents</wf>
<punc>-</punc>
<wf cmd="ignore" pos="PRP">I</wf>
<wf cmd="tag" pos="NN">coulda</wf>
<wf cmd="done" pos="VB" lemma="let" wnsn="1" lexsn="2:41:00::">let</wf>
<wf cmd="ignore" pos="PRP$">her</wf>
<wf cmd="done" pos="VB" lemma="go" wnsn="1" lexsn="2:38:00::">go</wf>
<wf cmd="done" pos="VB" lemma="go" wnsn="1" lexsn="2:38:00::">go</wf>
<punc>''</punc>
<punc>-</punc>
<wf cmd="ignore" pos="PRP$">His</wf>
<wf cmd="tag" pos="NNS">eyes</wf>
<wf cmd="done" pos="VB" lemma="be" wnsn="1" lexsn="2:42:03::">were</wf>
<wf cmd="tag" pos="JJ">lowered</wf>
<punc>,</punc>
<wf cmd="tag" pos="RB">so</wf>
<wf cmd="ignore" pos="PRP">he</wf>
<wf cmd="ignore" pos="MD">could</wf>
<wf cmd="tag" pos="RB">n't</wf>
<wf cmd="done" pos="VB" ot="notag">have</wf>
<wf cmd="done" pos="VB" lemma="see" wnsn="1" lexsn="2:39:00::">seen</wf>
<wf cmd="ignore" pos="DT">the</wf>
<wf cmd="tag" pos="JJ">narrow</wf>
<punc>,</punc>
<wf cmd="tag" pos="JJ">pointed</wf>
<wf cmd="tag" pos="NN">face</wf>
<wf cmd="ignore" pos="IN">of</wf>
<wf cmd="ignore" pos="PRP$">his</wf>
<wf cmd="tag" pos="NN">companion</wf>
<wf cmd="tag" pos="RB">suddenly</wf>
<wf cmd="done" pos="VB" lemma="writhe" wnsn="1" lexsn="2:38:00::">writhe</wf>
<wf cmd="ignore" pos="IN">with</wf>
<wf cmd="tag" pos="NN">fury</wf>
<punc>;</punc>
<wf cmd="ignore" pos="CC">but</wf>
<wf cmd="ignore" pos="PRP">he</wf>
<wf cmd="done" pos="VB" lemma="be" wnsn="1" lexsn="2:42:03::">was</wf>
<wf cmd="tag" pos="JJ">aware_of</wf>
<wf cmd="ignore" pos="PRP">it</wf>
<wf cmd="tag" pos="RB">just</wf>
<wf cmd="ignore" pos="DT">the</wf>
<wf cmd="tag" pos="JJ">same</wf>
<punc>.</punc>
</s>
<s snum="57">
<wf cmd="ignore" pos="PRP">He</wf>
<wf cmd="done" pos="VB" lemma="know" wnsn="1" lexsn="2:31:01::">knew</wf>
<wf cmd="tag" pos="NNP">Vince_Steiner</wf>
<wf cmd="done" pos="VB" lemma="be" wnsn="2" lexsn="2:42:06::">was</wf>
<wf cmd="tag" pos="CD">one</wf>
<wf cmd="ignore" pos="IN">of</wf>
<wf cmd="ignore" pos="DT">those</wf>
<wf cmd="tag" pos="NNS">men</wf>
<wf cmd="ignore" pos="WP">who</wf>
<wf cmd="done" pos="VB" ot="notag">had_to</wf>
<wf cmd="done" pos="VB" lemma="work_up" wnsn="2" lexsn="2:29:00::">work_up</wf>
<wf cmd="ignore" pos="DT">a</wf>
<wf cmd="tag" pos="NN">fury</wf>
<wf cmd="tag" pos="RB">once_in_a_while</wf>
<wf cmd="tag" pos="RB">just</wf>
<wf cmd="ignore" pos="TO">to</wf>
<wf cmd="done" pos="VB" lemma="prove" wnsn="2" lexsn="2:31:00::">prove</wf>
<wf cmd="ignore" pos="WRB">how</wf>
<wf cmd="tag" pos="JJ">dangerous</wf>
<wf cmd="ignore" pos="PRP">he</wf>
<wf cmd="ignore" pos="MD">could</wf>
<wf cmd="done" pos="VB" lemma="be" wnsn="1" lexsn="2:42:03::">be</wf>
<punc>.</punc>
</s>
</p>
<p pnum="23">
<s snum="58">
<wf cmd="ignore" pos="IN">With</wf>
<wf cmd="ignore" pos="DT">a</wf>
<wf cmd="tag" pos="NN">curse</wf>
<punc>,</punc>
<wf cmd="tag" pos="NNP">Vince</wf>
<wf cmd="done" pos="VB" lemma="seize" wnsn="2" lexsn="2:35:01::">seized</wf>
<wf cmd="ignore" pos="DT">the</wf>
<wf cmd="tag" pos="NN">thing</wf>
<wf cmd="tag" pos="JJS">nearest</wf>
<punc>,</punc>
<wf cmd="ignore" pos="DT">a</wf>
<wf cmd="tag" pos="NN">glass</wf>
<wf cmd="tag" pos="NN">sugar</wf>
<wf cmd="tag" pos="NN">container</wf>
<wf cmd="ignore" pos="IN">with</wf>
<wf cmd="ignore" pos="DT">a</wf>
<wf cmd="tag" pos="JJ">spouted</wf>
<wf cmd="tag" pos="NN">metal</wf>
<wf cmd="tag" pos="JJ">top</wf>
<punc>,</punc>
<wf cmd="ignore" pos="CC">and</wf>
<wf cmd="done" pos="VB" lemma="throw" wnsn="1" lexsn="2:35:00::">threw</wf>
<wf cmd="ignore" pos="PRP">it</wf>
<wf cmd="ignore" pos="IN">against</wf>
<wf cmd="ignore" pos="DT">the</wf>
<wf cmd="tag" pos="NN">wall</wf>
<wf cmd="tag" pos="JJ">opposite</wf>
<punc>.</punc>
</s>
<s snum="59">
<wf cmd="ignore" pos="DT">The</wf>
<wf cmd="tag" pos="JJ">heavy</wf>
<wf cmd="tag" pos="NN">glass</wf>
<wf cmd="done" pos="VBD" ot="notag">did</wf>
<wf cmd="tag" pos="RB">n't</wf>
<wf cmd="done" pos="VB" lemma="break" wnsn="2" lexsn="2:30:00::">break</wf>
<punc>,</punc>
<wf cmd="ignore" pos="CC">but</wf>
<wf cmd="ignore" pos="DT">the</wf>
<wf cmd="tag" pos="JJ">top</wf>
<wf cmd="done" pos="VB" lemma="fly" wnsn="1" lexsn="2:38:00::">flew</wf>
<wf cmd="ignore" pos="IN">off</wf>
<punc>;</punc>
<wf cmd="tag" pos="NN">sugar</wf>
<wf cmd="done" pos="VB" lemma="spray" wnsn="2" lexsn="2:35:00::">sprayed</wf>
<wf cmd="ignore" pos="IN">with</wf>
<wf cmd="ignore" pos="DT">a</wf>
<wf cmd="tag" pos="NNS">hiss</wf>
<wf cmd="ignore" pos="WDT">that</wf>
<wf cmd="done" pos="VB" lemma="be" wnsn="1" lexsn="2:42:03::">was</wf>
<wf cmd="tag" pos="JJ">loud</wf>
<wf cmd="ignore" pos="IN">in</wf>
<wf cmd="ignore" pos="DT">the</wf>
<wf cmd="tag" pos="NN">silence</wf>
<punc>.</punc>
</s>
</p>
<p pnum="24">
<s snum="60">
<wf cmd="tag" pos="RB">Not</wf>
<wf cmd="tag" pos="RB">really</wf>
<wf cmd="tag" pos="JJ">startled</wf>
<punc>,</punc>
<wf cmd="ignore" pos="CC">but</wf>
<wf cmd="tag" pos="JJ">careful</wf>
<wf cmd="ignore" pos="TO">to</wf>
<wf cmd="done" pos="VB" lemma="appear" wnsn="1" lexsn="2:39:00::">appear</wf>
<wf cmd="tag" pos="RB">so</wf>
<punc>,</punc>
<wf cmd="tag" pos="NNP">Grosse</wf>
<wf cmd="done" pos="VB" lemma="suck" wnsn="1" lexsn="2:34:04::">sucked</wf>
<wf cmd="tag" pos="RB">noisily</wf>
<wf cmd="ignore" pos="IN">on</wf>
<wf cmd="ignore" pos="PRP$">his</wf>
<wf cmd="tag" pos="NN">pipe</wf>
<punc>.</punc>
</s>
<s snum="61">
<wf cmd="tag" pos="NNP">Vince</wf>
<wf cmd="done" pos="VB" lemma="curse" wnsn="1" lexsn="2:32:00::">cursed</wf>
<wf cmd="tag" pos="RB">steadily</wf>
<punc>.</punc>
</s>
<s snum="62">
<punc>``</punc>
<wf cmd="ignore" pos="WRB">Why</wf>
<wf cmd="done" pos="VBZ" ot="notag">does</wf>
<wf cmd="tag" pos="NN">everything</wf>
<wf cmd="done" pos="VB" ot="notag">have_to</wf>
<wf cmd="done" pos="VB" lemma="happen" wnsn="1" lexsn="2:30:00::">happen</wf>
<wf cmd="done" pos="VB" ot="notag">to</wf>
<wf cmd="ignore" pos="PRP">me</wf>
<punc>''</punc>
<punc>?</punc>
</s>
</p>
<p pnum="25">
<s snum="63">
<wf cmd="tag" pos="NNP">Grosse</wf>
<wf cmd="tag" pos="RB">quietly</wf>
<wf cmd="done" pos="VB" lemma="get" wnsn="6" lexsn="2:35:03::">got</wf>
<wf cmd="ignore" pos="DT">a</wf>
<wf cmd="tag" pos="NN">broom</wf>
<wf cmd="ignore" pos="CC">and</wf>
<wf cmd="done" pos="VB" lemma="start" wnsn="1" lexsn="2:30:00::">started</wf>
<wf cmd="ignore" pos="TO">to</wf>
<wf cmd="done" pos="VB" lemma="sweep" wnsn="3" lexsn="2:35:00::">sweep</wf>
<wf cmd="tag" pos="RB">up</wf>
<wf cmd="ignore" pos="DT">the</wf>
<wf cmd="tag" pos="NN">sugar</wf>
<punc>.</punc>
</s>
<s snum="64">
<wf cmd="tag" pos="NNP">Vince</wf>
<wf cmd="done" pos="VB" lemma="watch" wnsn="3" lexsn="2:39:05::">watched</wf>
<wf cmd="ignore" pos="PRP">him</wf>
<punc>.</punc>
</s>
<s snum="65">
<wf cmd="ignore" pos="PRP$">His</wf>
<wf cmd="tag" pos="NN">mouth</wf>
<wf cmd="done" pos="VB" lemma="work" wnsn="4" lexsn="2:35:02::">worked</wf>
<wf cmd="ignore" pos="IN">over</wf>
<wf cmd="ignore" pos="DT">the</wf>
<wf cmd="tag" pos="NN">profanity</wf>
<punc>,</punc>
<wf cmd="ignore" pos="DT">the</wf>
<wf cmd="tag" pos="NNS">obscenities</wf>
<wf cmd="ignore" pos="IN">in</wf>
<wf cmd="ignore" pos="PRP$">his</wf>
<wf cmd="tag" pos="NN">vocabulary</wf>
<punc>.</punc>
</s>
<s snum="66">
<wf cmd="tag" pos="RB">Once</wf>
<wf cmd="ignore" pos="PRP">he</wf>
<wf cmd="done" pos="VB" lemma="say" wnsn="1" lexsn="2:32:00::">said</wf>
<punc>,</punc>
<punc>``</punc>
<wf cmd="ignore" pos="WRB">Why</wf>
<punc>'</punc>
<wf cmd="tag" pos="NN">n</wf>
<wf cmd="tag" pos="NN">hell</wf>
<wf cmd="done" pos="VBD" ot="notag">did</wf>
<wf cmd="tag" pos="RB">n't</wf>
<wf cmd="ignore" pos="PRP">you</wf>
<wf cmd="done" pos="VB" lemma="look" wnsn="1" lexsn="2:39:00::">look</wf>
<wf cmd="tag" pos="RB">in_the_back</wf>
<wf cmd="tag" pos="NN">seat</wf>
<wf cmd="ignore" pos="IN">of</wf>
<wf cmd="ignore" pos="DT">the</wf>
<wf cmd="tag" pos="NN">car</wf>
<wf cmd="ignore" pos="IN">before</wf>
<wf cmd="ignore" pos="PRP">you</wf>
<wf cmd="done" pos="VB" lemma="drive" wnsn="2" lexsn="2:38:00::">drove</wf>
<wf cmd="tag" pos="RB">off</wf>
<punc>?</punc>
</s>
<s snum="67">
<wf cmd="done" pos="VBP" ot="notag">Do</wf>
<wf cmd="tag" pos="RB">n't</wf>
<wf cmd="ignore" pos="PRP">you</wf>
<wf cmd="ignore" pos="CC">and</wf>
<wf cmd="tag" pos="NNP">Barney</wf>
<wf cmd="tag" pos="RB">ever</wf>
<wf cmd="done" pos="VB" lemma="use" wnsn="1" lexsn="2:34:01::">use</wf>
<wf cmd="ignore" pos="PRP$">your</wf>
<wf cmd="tag" pos="NNS">brains</wf>
<punc>''</punc>
<punc>?</punc>
</s>
</p>
<p pnum="26">
<s snum="68">
<wf cmd="ignore" pos="DT">The</wf>
<wf cmd="tag" pos="JJ">fat</wf>
<wf cmd="tag" pos="NN">man</wf>
<wf cmd="done" pos="VBD" ot="notag">did</wf>
<wf cmd="tag" pos="RB">n't</wf>
<wf cmd="done" pos="VB" lemma="answer" wnsn="1" lexsn="2:32:00::">answer</wf>
<punc>.</punc>
</s>
<s snum="69">
<wf cmd="ignore" pos="PRP">He</wf>
<wf cmd="done" pos="VB" lemma="get" wnsn="6" lexsn="2:35:03::">got</wf>
<wf cmd="tag" pos="CD">one</wf>
<wf cmd="ignore" pos="IN">of</wf>
<wf cmd="ignore" pos="DT">the</wf>
<wf cmd="tag" pos="NNS">menus</wf>
<wf cmd="ignore" pos="CC">and</wf>
<wf cmd="done" pos="VB" lemma="brush" wnsn="1" lexsn="2:35:01::">brushed</wf>
<wf cmd="ignore" pos="DT">the</wf>
<wf cmd="tag" pos="JJ">spilled</wf>
<wf cmd="tag" pos="NN">sugar</wf>
<wf cmd="ignore" pos="IN">onto</wf>
<wf cmd="ignore" pos="PRP">it</wf>
<wf cmd="ignore" pos="CC">and</wf>
<wf cmd="done" pos="VB" lemma="carry" wnsn="1" lexsn="2:35:02::">carried</wf>
<wf cmd="ignore" pos="PRP">it</wf>
<wf cmd="ignore" pos="TO">to</wf>
<wf cmd="ignore" pos="DT">a</wf>
<wf cmd="tag" pos="NN">box</wf>
<wf cmd="ignore" pos="IN">on</wf>
<wf cmd="ignore" pos="DT">the</wf>
<wf cmd="tag" pos="NN">floor</wf>
<wf cmd="ignore" pos="IN">behind</wf>
<wf cmd="ignore" pos="DT">the</wf>
<wf cmd="tag" pos="NN">counter</wf>
<punc>.</punc>
</s>
<s snum="70">
<wf cmd="ignore" pos="PRP">He</wf>
<wf cmd="done" pos="VB" lemma="return" wnsn="5" lexsn="2:38:12::">returned</wf>
<wf cmd="ignore" pos="DT">the</wf>
<wf cmd="tag" pos="NN">menu</wf>
<wf cmd="ignore" pos="TO">to</wf>
<wf cmd="ignore" pos="PRP$">its</wf>
<wf cmd="tag" pos="NN">place</wf>
<wf cmd="ignore" pos="IN">between</wf>
<wf cmd="tag" pos="JJ">catchup</wf>
<wf cmd="tag" pos="NN">bottle</wf>
<wf cmd="ignore" pos="CC">and</wf>
<wf cmd="tag" pos="NN">paper</wf>
<wf cmd="tag" pos="NN">napkin</wf>
<wf cmd="tag" pos="NN">dispenser</wf>
<punc>.</punc>
</s>
</p>
<p pnum="27">
<s snum="71">
<wf cmd="ignore" pos="PRP">He</wf>
<wf cmd="done" pos="VB" lemma="speak" wnsn="1" lexsn="2:32:00::">spoke</wf>
<wf cmd="tag" pos="RB">soothingly</wf>
<punc>.</punc>
</s>
<s snum="72">
<punc>``</punc>
<wf cmd="ignore" pos="PRP">She</wf>
<wf cmd="done" pos="VBP" ot="notag">do</wf>
<wf cmd="tag" pos="RB">n't</wf>
<wf cmd="done" pos="VB" lemma="know" wnsn="1" lexsn="2:31:01::">know</wf>
<wf cmd="tag" pos="NN">nothing</wf>
<wf cmd="ignore" pos="IN">about</wf>
<wf cmd="ignore" pos="PRP">them</wf>
<wf cmd="tag" pos="NNS">cars</wf>
<punc>.</punc>
</s>
<s snum="73">
<wf cmd="ignore" pos="PRP">She</wf>
<wf cmd="done" pos="VB" lemma="think" wnsn="1" lexsn="2:31:01::">thinks</wf>
<wf cmd="ignore" pos="PRP">she</wf>
<wf cmd="done" rdf="is" pos="VB" lemma="be" wnsn="3" lexsn="2:42:05::">'s</wf>
<wf cmd="ignore" pos="IN">in</wf>
<wf cmd="ignore" pos="DT">a</wf>
<wf cmd="tag" pos="JJ">ordinary</wf>
<wf cmd="tag" pos="NN">garage</wf>
<punc>''</punc>
<punc>.</punc>
</s>
</p>
<p pnum="28">
<s snum="74">
<punc>``</punc>
<wf cmd="ignore" pos="WRB">How</wf>
<wf cmd="done" pos="VBP" ot="notag">do</wf>
<wf cmd="ignore" pos="PRP">you</wf>
<wf cmd="done" pos="VB" lemma="know" wnsn="1" lexsn="2:31:01::">know</wf>
<punc>,</punc>
<wf cmd="tag" pos="JJ">stupid</wf>
<punc>?</punc>
</s>
<s snum="75">
<wf cmd="ignore" pos="CC">And</wf>
<wf cmd="done" rdf="put_back" pos="VB" lemma="put_back" wnsn="1" lexsn="2:35:00::">put</wf>
<wf cmd="tag" pos="NNP">Cate</wf>
<wf cmd="ignore" pos="POS">'s</wf>
<wf cmd="tag" pos="NN">gun</wf>
<wf cmd="tag" pos="RB">back</wf>
<punc>''</punc>
<punc>.</punc>
</s>
</p>
<p pnum="29">
<s snum="76">
<punc>``</punc>
<wf cmd="ignore" pos="PRP">I</wf>
<wf cmd="done" pos="VB" lemma="know" wnsn="1" lexsn="2:31:01::">know</wf>
<punc>''</punc>
<punc>.</punc>
</s>
<s snum="77">
<wf cmd="tag" pos="NNP">Grosse</wf>
<wf cmd="done" pos="VB" lemma="tuck" wnsn="1" lexsn="2:35:00::">tucked</wf>
<wf cmd="ignore" pos="DT">the</wf>
<wf cmd="tag" pos="NN">gun</wf>
<wf cmd="tag" pos="JJ">under_the_counter</wf>
<punc>.</punc>
</s>
</p>
<p pnum="30">
<s snum="78">
<punc>``</punc>
<punc>-</punc>
<wf cmd="tag" pos="CD">one</wf>
<wf cmd="tag" pos="NN">word</wf>
<wf cmd="tag" pos="RB">of_this</wf>
<wf cmd="done" pos="VB" lemma="get" wnsn="14" lexsn="2:32:03::">gets</wf>
<wf cmd="done" pos="VB" ot="notag">to</wf>
<wf cmd="tag" pos="NNP">Guardino</wf>
<punc>''</punc>
<punc>-</punc>
</s>
</p>
<p pnum="31">
<s snum="79">
<punc>``</punc>
<wf cmd="ignore" pos="WP">Who</wf>
<wf cmd="ignore" pos="POS">'s</wf>
<wf cmd="done" pos="VB" lemma="tell" wnsn="2" lexsn="2:32:00::">telling</wf>
<wf cmd="tag" pos="NNP">Guardino</wf>
<punc>''</punc>
<punc>?</punc>
</s>
</p>
<p pnum="32">
<s snum="80">
<wf cmd="tag" pos="NNP">Vince</wf>
<wf cmd="done" pos="VB" lemma="swear" wnsn="1" lexsn="2:32:01::">swore</wf>
<wf cmd="tag" pos="RB">again</wf>
<punc>.</punc>
</s>
<s snum="81">
<punc>``</punc>
<wf cmd="ignore" pos="PRP">You</wf>
<wf cmd="done" pos="VB" lemma="get" wnsn="6" lexsn="2:35:03::">get</wf>
<wf cmd="ignore" pos="IN">that</wf>
<wf cmd="tag" pos="NN">kid</wf>
<wf cmd="tag" pos="RB">over</wf>
<wf cmd="ignore" pos="TO">to</wf>
<wf cmd="tag" pos="NNP">Rose</wf>
<wf cmd="ignore" pos="POS">'s</wf>
<wf cmd="tag" pos="NN">house</wf>
<punc>''</punc>
<punc>.</punc>
</s>
</p>
<p pnum="33">
<s snum="82">
<wf cmd="ignore" pos="DT">The</wf>
<wf cmd="tag" pos="JJ">fat</wf>
<wf cmd="tag" pos="NN">man</wf>
<wf cmd="done" pos="VB" lemma="wince" wnsn="1" lexsn="2:38:00::">winced</wf>
<punc>.</punc>
</s>
<s snum="83">
<wf cmd="ignore" pos="PRP">He</wf>
<wf cmd="done" pos="VB" lemma="run" wnsn="22" lexsn="2:35:01::">ran</wf>
<wf cmd="ignore" pos="DT">a</wf>
<wf cmd="tag" pos="NN">finger</wf>
<wf cmd="tag" pos="RB">down</wf>
<wf cmd="ignore" pos="PRP$">his</wf>
<wf cmd="tag" pos="NN">cheek</wf>
<punc>,</punc>
<wf cmd="done" pos="VB" lemma="trace" wnsn="4" lexsn="2:38:00::">tracing</wf>
<wf cmd="ignore" pos="DT">the</wf>
<wf cmd="tag" pos="NN">scratch</wf>
<wf cmd="ignore" pos="EX">there</wf>
<punc>.</punc>
</s>
<s snum="84">
<punc>``</punc>
<wf cmd="ignore" pos="WRB">Why</wf>
<wf cmd="ignore" pos="MD">can</wf>
<wf cmd="tag" pos="RB">n't</wf>
<wf cmd="ignore" pos="PRP">I</wf>
<wf cmd="done" pos="VB" lemma="leave" wnsn="4" lexsn="2:30:02::">leave</wf>
<wf cmd="ignore" pos="PRP$">her</wf>
<wf cmd="tag" pos="JJ">locked_up</wf>
<wf cmd="ignore" pos="IN">in</wf>
<wf cmd="ignore" pos="DT">the</wf>
<wf cmd="tag" pos="NN">tool</wf>
<wf cmd="tag" pos="NN">crib</wf>
<punc>''</punc>
<punc>?</punc>
</s>
</p>
<p pnum="34">
<s snum="85">
<wf cmd="ignore" pos="DT">The</wf>
<wf cmd="tag" pos="JJ">thin</wf>
<wf cmd="tag" pos="NN">man</wf>
<wf cmd="done" pos="VB" lemma="stop" wnsn="2" lexsn="2:42:00::">stopped</wf>
<wf cmd="ignore" pos="PRP$">his</wf>
<wf cmd="tag" pos="NN">pacing</wf>
<wf cmd="tag" pos="JJ">long</wf>
<wf cmd="tag" pos="RB">enough</wf>
<wf cmd="ignore" pos="TO">to</wf>
<wf cmd="done" pos="VB" lemma="glance" wnsn="1" lexsn="2:39:00::">glance</wf>
<wf cmd="ignore" pos="IN">at</wf>
<wf cmd="ignore" pos="DT">the</wf>
<wf cmd="tag" pos="NN">clock</wf>
<punc>.</punc>
</s>
<s snum="86">
<punc>``</punc>
<wf cmd="ignore" pos="PRP">You</wf>
<wf cmd="ignore" pos="CC">and</wf>
<wf cmd="tag" pos="NNP">Barney</wf>
<wf cmd="done" pos="VB" lemma="get" wnsn="6" lexsn="2:35:03::">get</wf>
<wf cmd="ignore" pos="PRP$">her</wf>
<wf cmd="tag" pos="RB">over</wf>
<wf cmd="ignore" pos="TO">to</wf>
<wf cmd="tag" pos="NNP">Rose</wf>
<wf cmd="ignore" pos="POS">'s</wf>
<wf cmd="ignore" pos="IN">before</wf>
<wf cmd="ignore" pos="PRP">it</wf>
<wf cmd="done" pos="VB" lemma="get" wnsn="2" lexsn="2:30:00::">gets</wf>
<wf cmd="tag" pos="RB">too</wf>
<wf cmd="tag" pos="NN">light</wf>
<punc>.</punc>
</s>
<s snum="87">
<wf cmd="ignore" pos="IN">After</wf>
<wf cmd="tag" pos="NNP">Guardino</wf>
<wf cmd="ignore" pos="POS">'s</wf>
<wf cmd="done" pos="VB" lemma="leave" wnsn="1" lexsn="2:38:01::">left</wf>
<punc>,</punc>
<wf cmd="ignore" pos="PRP">we</wf>
<wf cmd="ignore" pos="MD">'ll</wf>
<wf cmd="done" pos="VB" lemma="dump" wnsn="1" lexsn="2:40:00::">dump</wf>
<wf cmd="ignore" pos="DT">the</wf>
<wf cmd="tag" pos="NN">kid</wf>
<wf cmd="tag" pos="RB">somewhere</wf>
<wf cmd="ignore" pos="IN">near</wf>
<wf cmd="ignore" pos="DT">the</wf>
<wf cmd="tag" pos="NN">border</wf>
<wf cmd="ignore" pos="WRB">where</wf>
<wf cmd="ignore" pos="PRP">she</wf>
<wf cmd="tag" pos="NN">kin</wf>
<wf cmd="done" pos="VB" lemma="get" wnsn="5" lexsn="2:38:00::">get</wf>
<wf cmd="tag" pos="RB">home</wf>
<punc>.</punc>
</s>
<s snum="88">
<wf cmd="tag" pos="NNP">God</wf>
<wf cmd="done" pos="VB" lemma="help" wnsn="1" lexsn="2:41:00::">help</wf>
<wf cmd="ignore" pos="PRP">you</wf>
<wf cmd="ignore" pos="IN">if</wf>
<wf cmd="ignore" pos="PRP">she</wf>
<wf cmd="done" pos="VB" lemma="know" wnsn="1" lexsn="2:31:01::">knows</wf>
<wf cmd="ignore" pos="WRB">where</wf>
<wf cmd="ignore" pos="PRP">she</wf>
<wf cmd="done" pos="VBZ" ot="notag">'s</wf>
<wf cmd="done" pos="VB" lemma="be" wnsn="3" lexsn="2:42:05::">been</wf>
<punc>''</punc>
<punc>.</punc>
</s>
</p>
<p pnum="35">
<s snum="89">
<wf cmd="tag" pos="NNP">Grosse</wf>
<wf cmd="done" pos="VB" lemma="spread" wnsn="1" lexsn="2:35:00::">spread</wf>
<wf cmd="ignore" pos="PRP$">his</wf>
<wf cmd="tag" pos="NNS">hands</wf>
<punc>.</punc>
</s>
<s snum="90">
<punc>``</punc>
<wf cmd="ignore" pos="WP">What</wf>
<wf cmd="done" pos="VBP" ot="notag">am</wf>
<wf cmd="ignore" pos="PRP">I</wf>
<wf cmd="done" pos="VB" ot="notag">going_to</wf>
<wf cmd="done" pos="VB" lemma="do" wnsn="1" lexsn="2:41:01::">do</wf>
<wf cmd="ignore" pos="IN">with</wf>
<wf cmd="ignore" pos="PRP$">her</wf>
<wf cmd="ignore" pos="DT">all</wf>
<wf cmd="tag" pos="NN">day</wf>
<punc>?</punc>
</s>
<s snum="91">
<wf cmd="ignore" pos="IN">In</wf>
<wf cmd="ignore" pos="DT">the</wf>
<wf cmd="tag" pos="NN">tool</wf>
<wf cmd="tag" pos="NN">crib</wf>
<wf cmd="ignore" pos="PRP">she</wf>
<wf cmd="ignore" pos="MD">can</wf>
<wf cmd="tag" pos="RB">n't</wf>
<wf cmd="done" pos="VB" lemma="get_away" wnsn="1" lexsn="2:38:00::">get_away</wf>
<punc>''</punc>
<punc>.</punc>
</s>
</p>
<p pnum="36">
<s snum="92">
<punc>``</punc>
<wf cmd="ignore" pos="WP">What</wf>
<wf cmd="ignore" pos="DT">the</wf>
<wf cmd="tag" pos="NN">hell</wf>
<wf cmd="done" pos="VBP" ot="notag">do</wf>
<wf cmd="ignore" pos="PRP">I</wf>
<wf cmd="done" pos="VB" lemma="care" wnsn="1" lexsn="2:37:02::">care</wf>
<wf cmd="ignore" pos="WP">what</wf>
<wf cmd="ignore" pos="PRP">you</wf>
<wf cmd="done" pos="VB" lemma="do" wnsn="1" lexsn="2:41:01::">do</wf>
<wf cmd="ignore" pos="IN">with</wf>
<wf cmd="ignore" pos="PRP$">her</wf>
<wf cmd="ignore" pos="DT">all</wf>
<wf cmd="tag" pos="NN">day</wf>
<punc>?</punc>
</s>
<s snum="93">
<wf cmd="tag" pos="RB">Just</wf>
<wf cmd="done" pos="VB" lemma="get" wnsn="6" lexsn="2:35:03::">get</wf>
<wf cmd="ignore" pos="PRP$">her</wf>
<wf cmd="ignore" pos="WRB">where</wf>
<wf cmd="tag" pos="NNP">Guardino</wf>
<wf cmd="done" pos="VBD" ot="notag">won</wf>
<wf cmd="tag" pos="RB">n't</wf>
<wf cmd="done" pos="VB" lemma="see" wnsn="1" lexsn="2:39:00::">see</wf>
<wf cmd="ignore" pos="PRP$">her</wf>
<wf cmd="ignore" pos="CC">and</wf>
<wf cmd="done" pos="VB" lemma="start" wnsn="1" lexsn="2:30:00::">start</wf>
<wf cmd="done" pos="VB" lemma="ask" wnsn="1" lexsn="2:32:00::">asking</wf>
<wf cmd="tag" pos="NNS">questions</wf>
<punc>''</punc>
<punc>.</punc>
</s>
</p>
<p pnum="37">
<s snum="94">
<wf cmd="tag" pos="NNP">Grosse</wf>
<wf cmd="done" pos="VB" lemma="swear" wnsn="1" lexsn="2:32:01::">swore</wf>
<wf cmd="tag" pos="RB">now</wf>
<punc>.</punc>
</s>
<s snum="95">
<punc>``</punc>
<wf cmd="ignore" pos="UH">Dammit</wf>
<wf cmd="ignore" pos="DT">all</wf>
<punc>,</punc>
<wf cmd="tag" pos="NNP">Vince</wf>
<punc>.</punc>
</s>
<s snum="96">
<wf cmd="ignore" pos="PRP">I</wf>
<wf cmd="done" rdf="am" pos="VB" lemma="be" wnsn="1" lexsn="2:42:03::">ai</wf>
<wf cmd="tag" pos="RB">n't</wf>
<wf cmd="ignore" pos="DT">no</wf>
<wf cmd="tag" pos="NN">baby</wf>
<wf cmd="tag" pos="NN">sitter</wf>
<punc>''</punc>
<punc>.</punc>
</s>
</p>
<p pnum="38">
<s snum="97">
<wf cmd="tag" pos="NNP">Vince</wf>
<wf cmd="done" pos="VB" lemma="shout" wnsn="1" lexsn="2:32:00::">shouted</wf>
<wf cmd="tag" pos="RB">finally</wf>
<punc>,</punc>
<punc>``</punc>
<wf cmd="done" pos="VB" lemma="get" wnsn="6" lexsn="2:35:03::">Get</wf>
<wf cmd="ignore" pos="PRP$">her</wf>
<wf cmd="tag" pos="RB">over</wf>
<wf cmd="ignore" pos="TO">to</wf>
<wf cmd="tag" pos="NNP">Rose</wf>
<wf cmd="ignore" pos="POS">'s</wf>
<wf cmd="ignore" pos="CC">and</wf>
<wf cmd="ignore" pos="PRP">I</wf>
<wf cmd="ignore" pos="MD">'ll</wf>
<wf cmd="done" pos="VB" lemma="come_by" wnsn="1" lexsn="2:41:00::">come_by</wf>
<wf cmd="ignore" pos="CC">and</wf>
<wf cmd="done" pos="VB" lemma="see" wnsn="10" lexsn="2:31:03::">see</wf>
<wf cmd="ignore" pos="IN">that</wf>
<wf cmd="ignore" pos="PRP">she</wf>
<wf cmd="done" pos="VB" lemma="stay_put" wnsn="1" lexsn="2:38:00::">stays_put</wf>
<punc>''</punc>
<punc>.</punc>
</s>
</p>
<p pnum="39">
<s snum="98">
<wf cmd="tag" pos="NNP">Grosse</wf>
<wf cmd="done" pos="VB" lemma="rub" wnsn="1" lexsn="2:35:00::">rubbed</wf>
<wf cmd="ignore" pos="DT">the</wf>
<wf cmd="tag" pos="NN">bridge</wf>
<wf cmd="ignore" pos="IN">of</wf>
<wf cmd="ignore" pos="PRP$">his</wf>
<wf cmd="tag" pos="NN">nose</wf>
<wf cmd="ignore" pos="WRB">where</wf>
<wf cmd="ignore" pos="PRP">it</wf>
<wf cmd="done" pos="VB" lemma="be" wnsn="1" lexsn="2:42:03::">was</wf>
<wf cmd="tag" pos="JJ">swollen</wf>
<punc>.</punc>
</s>
<s snum="99">
<wf cmd="ignore" pos="PRP">He</wf>
<wf cmd="done" pos="VB" lemma="speak" wnsn="2" lexsn="2:32:01::">spoke</wf>
<wf cmd="tag" pos="RB">sullenly</wf>
<punc>.</punc>
</s>
<s snum="100">
<punc>``</punc>
<wf cmd="ignore" pos="PRP">You</wf>
<wf cmd="done" pos="VBP" ot="notag">do</wf>
<wf cmd="tag" pos="RB">n't</wf>
<wf cmd="done" pos="VB" ot="notag">hafta</wf>
<wf cmd="done" pos="VB" lemma="get" wnsn="2" lexsn="2:30:00::">get</wf>
<wf cmd="tag" pos="JJ">nasty</wf>
<punc>.</punc>
</s>
<s snum="101">
<wf cmd="ignore" pos="PRP">I</wf>
<wf cmd="done" pos="VB" lemma="wish" wnsn="6" lexsn="2:32:00::">wish</wf>
<wf cmd="ignore" pos="PRP">you</wf>
<wf cmd="tag" pos="NN">luck</wf>
<wf cmd="ignore" pos="WRB">when</wf>
<wf cmd="ignore" pos="PRP">you</wf>
<wf cmd="done" pos="VB" lemma="try" wnsn="1" lexsn="2:41:00::">try</wf>
<wf cmd="done" pos="VB" lemma="scare" wnsn="1" lexsn="2:37:00::">scaring</wf>
<wf cmd="ignore" pos="IN">that</wf>
<wf cmd="tag" pos="NN">kid</wf>
<punc>''</punc>
<punc>.</punc>
</s>
<s snum="102">
<wf cmd="tag" pos="RB">Suddenly</wf>
<wf cmd="ignore" pos="PRP">he</wf>
<wf cmd="done" pos="VB" lemma="grin" wnsn="1" lexsn="2:29:00::">grinned</wf>
<punc>.</punc>
</s>
<s snum="103">
<wf cmd="ignore" pos="PRP$">His</wf>
<wf cmd="tag" pos="NN">voice</wf>
<wf cmd="done" pos="VB" lemma="lose" wnsn="1" lexsn="2:40:02::">lost</wf>
<wf cmd="ignore" pos="PRP$">its</wf>
<wf cmd="tag" pos="JJ">sullen</wf>
<wf cmd="tag" pos="NNS">tones</wf>
<wf cmd="ignore" pos="CC">and</wf>
<wf cmd="ignore" pos="PRP">he</wf>
<wf cmd="done" pos="VB" lemma="chuckle" wnsn="1" lexsn="2:29:00::">chuckled</wf>
<punc>.</punc>
</s>
<s snum="104">
<punc>``</punc>
<wf cmd="ignore" pos="PRP">I</wf>
<wf cmd="done" pos="VBD" ot="notag">got</wf>
<wf cmd="tag" pos="CD">one</wf>
<wf cmd="tag" pos="NN">question</wf>
<punc>''</punc>
<punc>.</punc>
</s>
</p>
<p pnum="40">
<s snum="105">
<punc>``</punc>
<wf cmd="ignore" pos="WP">What</wf>
<wf cmd="done" pos="VB" lemma="be" wnsn="2" lexsn="2:42:06::">is</wf>
<wf cmd="ignore" pos="PRP">it</wf>
<punc>''</punc>
<punc>?</punc>
</s>
<s snum="106">
<wf cmd="tag" pos="RB">Impatiently</wf>
<punc>.</punc>
</s>
</p>
<p pnum="41">
<s snum="107">
<punc>``</punc>
<wf cmd="done" pos="VB" lemma="be" wnsn="2" lexsn="2:42:06::">Are</wf>
<wf cmd="ignore" pos="PRP">you</wf>
<wf cmd="ignore" pos="DT">a</wf>
<wf cmd="tag" pos="JJ">poor</wf>
<wf cmd="tag" pos="JJ">dumb</wf>
<wf cmd="tag" pos="JJ">Canadian</wf>
<wf cmd="ignore" pos="CC">or</wf>
<wf cmd="ignore" pos="DT">a</wf>
<wf cmd="tag" pos="NN">smart_aleck</wf>
<wf cmd="ignore" pos="IN">from</wf>
<wf cmd="ignore" pos="DT">the</wf>
<wf cmd="tag" pos="NNPS">States</wf>
<punc>''</punc>
<punc>?</punc>
</s>
</p>
<p pnum="42">
<s snum="108">
<wf cmd="tag" pos="NNP">Vince</wf>
<wf cmd="done" pos="VB" lemma="lift" wnsn="1" lexsn="2:38:00::">lifted</wf>
<wf cmd="ignore" pos="PRP$">his</wf>
<wf cmd="tag" pos="NN">hand</wf>
<wf cmd="ignore" pos="IN">as</wf>
<wf cmd="ignore" pos="IN">if</wf>
<wf cmd="ignore" pos="TO">to</wf>
<wf cmd="done" pos="VB" lemma="strike" wnsn="1" lexsn="2:35:00::">strike</wf>
<punc>,</punc>
<wf cmd="ignore" pos="CC">but</wf>
<wf cmd="ignore" pos="PRP$">his</wf>
<wf cmd="tag" pos="JJ">thin</wf>
<wf cmd="tag" pos="NNS">lips</wf>
<wf cmd="done" pos="VB" lemma="spread" wnsn="4" lexsn="2:35:03::">spread</wf>
<wf cmd="ignore" pos="IN">in</wf>
<wf cmd="ignore" pos="DT">a</wf>
<wf cmd="tag" pos="NN">smile</wf>
<punc>.</punc>
</s>
<s snum="109">
<wf cmd="tag" pos="NNP">Grosse</wf>
<wf cmd="done" pos="VB" lemma="duck" wnsn="1" lexsn="2:38:00::">ducked</wf>
<wf cmd="ignore" pos="CC">and</wf>
<wf cmd="done" pos="VB" lemma="snigger" wnsn="1" lexsn="2:29:00::">sniggered</wf>
<punc>.</punc>
</s>
<s snum="110">
<punc>``</punc>
<wf cmd="ignore" pos="WRB">Where</wf>
<wf cmd="ignore" pos="MD">'d</wf>
<wf cmd="ignore" pos="PRP">you</wf>
<wf cmd="done" pos="VB" lemma="say" wnsn="1" lexsn="2:32:00::">say</wf>
<wf cmd="ignore" pos="PRP">you</wf>
<wf cmd="done" rdf="be_born" pos="VB" lemma="be_born" wnsn="1" lexsn="2:30:00::">was_born</wf>
<punc>''</punc>
<punc>?</punc>
</s>
</p>
<p pnum="43">
<s snum="111">
<punc>``</punc>
<wf cmd="ignore" pos="IN">In</wf>
<wf cmd="ignore" pos="DT">a</wf>
<wf cmd="tag" pos="NNP">Chicago</wf>
<wf cmd="tag" pos="NN">slum</wf>
<wf cmd="tag" pos="RB">just</wf>
<wf cmd="ignore" pos="IN">like</wf>
<wf cmd="ignore" pos="PRP">you</wf>
<punc>.</punc>
</s>
<s snum="112">
<wf cmd="ignore" pos="CC">And</wf>
<wf cmd="ignore" pos="PRP">I</wf>
<wf cmd="done" pos="VBP" ot="notag">ai</wf>
<wf cmd="tag" pos="RB">n't</wf>
<wf cmd="done" pos="VB" lemma="go_back" wnsn="0" lexsn="2:38:00::">going_back</wf>
<wf cmd="tag" pos="RB">there</wf>
<wf cmd="ignore" pos="IN">on</wf>
<wf cmd="tag" pos="NN">account</wf>
<wf cmd="ignore" pos="IN">of</wf>
<wf cmd="tag" pos="CD">one</wf>
<wf cmd="tag" pos="JJ">lousy</wf>
<wf cmd="tag" pos="NN">kid</wf>
<punc>''</punc>
<punc>.</punc>
</s>
</p>
<p pnum="44">
<s snum="113">
<wf cmd="tag" pos="NNP">Lauren_Landis</wf>
<wf cmd="done" pos="VB" lemma="rub" wnsn="1" lexsn="2:35:00::">rubbed</wf>
<wf cmd="ignore" pos="PRP$">her</wf>
<wf cmd="tag" pos="NN">face</wf>
<wf cmd="ignore" pos="IN">against</wf>
<wf cmd="ignore" pos="DT">the</wf>
<wf cmd="tag" pos="NN">blanket</wf>
<punc>.</punc>
</s>
<s snum="114">
<wf cmd="ignore" pos="PRP">She</wf>
<wf cmd="done" pos="VBD" ot="notag">had</wf>
<wf cmd="done" pos="VB" lemma="cry" wnsn="2" lexsn="2:29:00::">cried</wf>
<wf cmd="tag" pos="RB">a_little</wf>
<wf cmd="ignore" pos="IN">because</wf>
<wf cmd="ignore" pos="PRP">she</wf>
<wf cmd="done" pos="VB" lemma="be" wnsn="1" lexsn="2:42:03::">was</wf>
<wf cmd="tag" pos="JJ">frightened</wf>
<punc>.</punc>
</s>
<s snum="115">
<wf cmd="ignore" pos="PRP">She</wf>
<wf cmd="ignore" pos="MD">could</wf>
<wf cmd="tag" pos="RB">easily</wf>
<wf cmd="done" pos="VB" lemma="understand" wnsn="1" lexsn="2:31:00::">understand</wf>
<wf cmd="ignore" pos="WRB">why</wf>
<wf cmd="ignore" pos="DT">the</wf>
<wf cmd="tag" pos="CD">two</wf>
<wf cmd="tag" pos="NNS">men</wf>
<wf cmd="done" pos="VBD" ot="notag">had</wf>
<wf cmd="done" pos="VB" lemma="be" wnsn="1" lexsn="2:42:03::">been</wf>
<wf cmd="tag" pos="JJ">startled</wf>
<wf cmd="ignore" pos="TO">to</wf>
<wf cmd="done" pos="VB" lemma="find" wnsn="1" lexsn="2:40:02::">find</wf>
<wf cmd="ignore" pos="DT">a</wf>
<wf cmd="tag" pos="JJ">strange</wf>
<wf cmd="tag" pos="NN">girl</wf>
<wf cmd="tag" pos="RB">in_the_back</wf>
<wf cmd="tag" pos="NN">seat</wf>
<wf cmd="ignore" pos="IN">of</wf>
<wf cmd="ignore" pos="PRP$">their</wf>
<wf cmd="tag" pos="NN">car</wf>
<punc>(</punc>
<wf cmd="ignore" pos="PRP">she</wf>
<wf cmd="done" pos="VBD" ot="notag">had</wf>
<wf cmd="done" rdf="figured_out" pos="VB" lemma="figure_out" wnsn="1" lexsn="2:31:00::">figured</wf>
<wf cmd="ignore" pos="IN">that</wf>
<wf cmd="ignore" pos="IN">out</wf>
<punc>)</punc>
<punc>,</punc>
<wf cmd="ignore" pos="CC">but</wf>
<wf cmd="ignore" pos="PRP">she</wf>
<wf cmd="ignore" pos="MD">could</wf>
<wf cmd="tag" pos="RB">n't</wf>
<wf cmd="done" pos="VB" lemma="understand" wnsn="1" lexsn="2:31:00::">understand</wf>
<wf cmd="ignore" pos="PRP$">their</wf>
<wf cmd="tag" pos="JJ">subsequent</wf>
<wf cmd="tag" pos="NNS">actions</wf>
<punc>.</punc>
</s>
<s snum="116">
<wf cmd="done" pos="VBD" ot="notag">Was</wf>
<wf cmd="ignore" pos="PRP">it</wf>
<wf cmd="ignore" pos="IN">because</wf>
<wf cmd="ignore" pos="PRP">she</wf>
<wf cmd="done" pos="VBD" ot="notag">had</wf>
<wf cmd="done" pos="VB" lemma="show" wnsn="6" lexsn="2:32:02::">shown</wf>
<wf cmd="tag" pos="NN">panic</wf>
<punc>?</punc>
</s>
<s snum="117">
<wf cmd="ignore" pos="WP">Who</wf>
<wf cmd="ignore" pos="MD">could</wf>
<wf cmd="done" pos="VB" lemma="blame" wnsn="2" lexsn="2:32:01::">blame</wf>
<wf cmd="ignore" pos="PRP">her</wf>
<wf cmd="ignore" pos="IN">for</wf>
<wf cmd="tag" pos="RB">that</wf>
<punc>?</punc>
</s>
<s snum="118">
<wf cmd="ignore" pos="PRP">It</wf>
<wf cmd="done" pos="VB" lemma="be" wnsn="2" lexsn="2:42:06::">was</wf>
<wf cmd="tag" pos="CD">one</wf>
<wf cmd="tag" pos="NN">thing</wf>
<wf cmd="ignore" pos="TO">to</wf>
<wf cmd="done" pos="VB" lemma="awaken" wnsn="1" lexsn="2:29:00::">awaken</wf>
<wf cmd="ignore" pos="IN">outside</wf>
<wf cmd="ignore" pos="DT">a</wf>
<wf cmd="tag" pos="NN">restaurant</wf>
<wf cmd="ignore" pos="WRB">where</wf>
<wf cmd="ignore" pos="PRP$">your</wf>
<wf cmd="tag" pos="NNS">parents</wf>
<wf cmd="done" pos="VBD" ot="notag">were</wf>
<wf cmd="done" pos="VB" lemma="eat" wnsn="1" lexsn="2:34:00::">eating</wf>
<wf cmd="ignore" pos="CC">and</wf>
<wf cmd="tag" pos="RB">quite</wf>
<wf cmd="ignore" pos="DT">another</wf>
<wf cmd="ignore" pos="TO">to</wf>
<wf cmd="done" pos="VB" lemma="awaken" wnsn="1" lexsn="2:29:00::">awaken</wf>
<wf cmd="ignore" pos="IN">in</wf>
<wf cmd="ignore" pos="DT">a</wf>
<wf cmd="tag" pos="JJ">strange</wf>
<wf cmd="tag" pos="NN">garage</wf>
<wf cmd="ignore" pos="CC">and</wf>
<wf cmd="done" pos="VB" lemma="know" wnsn="1" lexsn="2:31:01::">know</wf>
<wf cmd="ignore" pos="PRP$">your</wf>
<wf cmd="tag" pos="NNS">parents</wf>
<wf cmd="done" pos="VBD" ot="notag">had</wf>
<wf cmd="done" pos="VB" lemma="go_on" wnsn="4" lexsn="2:32:00::">gone_on</wf>
<wf cmd="tag" pos="NN">home</wf>
<wf cmd="ignore" pos="IN">without</wf>
<wf cmd="ignore" pos="PRP">you</wf>
<punc>.</punc>
</s>
</p>
<p pnum="45">
<s snum="119">
<wf cmd="ignore" pos="PRP">She</wf>
<wf cmd="done" pos="VB" lemma="be" wnsn="1" lexsn="2:42:03::">was</wf>
<wf cmd="tag" pos="JJ">glad</wf>
<wf cmd="ignore" pos="DT">the</wf>
<wf cmd="tag" pos="JJ">fat</wf>
<wf cmd="tag" pos="NN">man</wf>
<wf cmd="done" pos="VB" ot="notag">had</wf>
<wf cmd="done" pos="VB" lemma="leave" wnsn="1" lexsn="2:38:01::">left</wf>
<punc>.</punc>
</s>
<s snum="120">
<wf cmd="tag" pos="NNP">Barney</wf>
<wf cmd="done" pos="VB" lemma="be" wnsn="1" lexsn="2:42:03::">was</wf>
<wf cmd="tag" pos="RB">not</wf>
<wf cmd="tag" pos="RB">really</wf>
<wf cmd="tag" pos="JJ">frightening</wf>
<punc>.</punc>
</s>
<s snum="121">
<wf cmd="ignore" pos="PRP">She</wf>
<wf cmd="done" pos="VB" lemma="jump" wnsn="2" lexsn="2:38:04::">jumped</wf>
<wf cmd="ignore" pos="IN">as</wf>
<wf cmd="ignore" pos="DT">the</wf>
<wf cmd="tag" pos="JJ">little</wf>
<wf cmd="tag" pos="NN">man</wf>
<wf cmd="tag" pos="RB">now</wf>
<wf cmd="done" pos="VB" lemma="appear" wnsn="2" lexsn="2:30:00::">appeared</wf>
<wf cmd="ignore" pos="IN">at</wf>
<wf cmd="ignore" pos="DT">the</wf>
<wf cmd="tag" pos="NN">window</wf>
<wf cmd="ignore" pos="CC">and</wf>
<punc>,</punc>
<wf cmd="done" pos="VB" lemma="reach" wnsn="3" lexsn="2:35:00::">reaching</wf>
<wf cmd="ignore" pos="IN">through</wf>
<wf cmd="ignore" pos="DT">the</wf>
<wf cmd="tag" pos="NN">opening</wf>
<punc>,</punc>
<wf cmd="done" pos="VB" lemma="offer" wnsn="2" lexsn="2:40:00::">offered</wf>
<wf cmd="ignore" pos="PRP$">her</wf>
<wf cmd="ignore" pos="DT">a</wf>
<wf cmd="tag" pos="NN">bottle</wf>
<wf cmd="ignore" pos="IN">of</wf>
<wf cmd="tag" pos="NN">coke</wf>
<punc>.</punc>
</s>
<s snum="122">
<wf cmd="ignore" pos="PRP">She</wf>
<wf cmd="done" pos="VB" lemma="smile" wnsn="1" lexsn="2:29:00::">smiled</wf>
<wf cmd="ignore" pos="IN">at</wf>
<wf cmd="ignore" pos="PRP">him</wf>
<wf cmd="tag" pos="RB">wetly</wf>
<punc>.</punc>
</s>
<s snum="123">
<wf cmd="ignore" pos="IN">Although</wf>
<wf cmd="ignore" pos="PRP">she</wf>
<wf cmd="done" pos="VB" lemma="find" wnsn="2" lexsn="2:39:02::">found</wf>
<wf cmd="ignore" pos="PRP">she</wf>
<wf cmd="done" pos="VB" lemma="be" wnsn="1" lexsn="2:42:03::">was</wf>
<wf cmd="tag" pos="JJ">thirsty</wf>
<punc>,</punc>
<wf cmd="ignore" pos="PRP">she</wf>
<wf cmd="done" pos="VB" lemma="be" wnsn="1" lexsn="2:42:03::">was</wf>
<wf cmd="tag" pos="TO">about</wf>
<wf cmd="tag" pos="TO">to</wf>
<wf cmd="done" pos="VB" lemma="refuse" wnsn="2" lexsn="2:40:00::">refuse</wf>
<punc>(</punc>
<wf cmd="tag" pos="RB">never</wf>
<punc>,</punc>
<wf cmd="tag" pos="RB">never</wf>
<wf cmd="done" pos="VB" lemma="take" wnsn="11" lexsn="2:40:05::">take</wf>
<wf cmd="tag" pos="NN">candy</wf>
<wf cmd="ignore" pos="IN">from</wf>
<wf cmd="ignore" pos="DT">a</wf>
<wf cmd="tag" pos="JJ">strange</wf>
<wf cmd="tag" pos="NN">man</wf>
<punc>)</punc>
<wf cmd="ignore" pos="WRB">when</wf>
<wf cmd="ignore" pos="PRP">she</wf>
<wf cmd="done" pos="VB" lemma="see" wnsn="1" lexsn="2:39:00::">saw</wf>
<wf cmd="ignore" pos="DT">the</wf>
<wf cmd="tag" pos="NN">bottle</wf>
<wf cmd="done" pos="VB" lemma="be" wnsn="1" lexsn="2:42:03::">was</wf>
<wf cmd="tag" pos="JJ">unopened</wf>
<punc>.</punc>
</s>
<s snum="124">
<wf cmd="ignore" pos="PRP">He</wf>
<wf cmd="done" pos="VB" lemma="place" wnsn="1" lexsn="2:35:00::">placed</wf>
<wf cmd="ignore" pos="DT">a</wf>
<wf cmd="tag" pos="NN">bottle_opener</wf>
<wf cmd="ignore" pos="IN">on</wf>
<wf cmd="ignore" pos="DT">the</wf>
<wf cmd="tag" pos="NN">counter</wf>
<punc>.</punc>
</s>
<s snum="125">
<wf cmd="tag" pos="RB">So</wf>
<punc>,</punc>
<wf cmd="ignore" pos="PRP">he</wf>
<wf cmd="done" pos="VB" lemma="understand" wnsn="1" lexsn="2:31:00::">understood</wf>
<wf cmd="ignore" pos="PRP$">her</wf>
<wf cmd="tag" pos="NN">panic</wf>
<punc>.</punc>
</s>
<s snum="126">
<wf cmd="ignore" pos="PRP">She</wf>
<wf cmd="done" pos="VB" lemma="blow" wnsn="3" lexsn="2:29:01::">blew</wf>
<wf cmd="ignore" pos="PRP$">her</wf>
<wf cmd="tag" pos="NN">nose</wf>
<wf cmd="ignore" pos="IN">on</wf>
<wf cmd="ignore" pos="DT">a</wf>
<wf cmd="tag" pos="NN">tissue</wf>
<wf cmd="ignore" pos="CC">and</wf>
<wf cmd="done" pos="VB" lemma="open" wnsn="1" lexsn="2:35:00::">opened</wf>
<wf cmd="ignore" pos="DT">the</wf>
<wf cmd="tag" pos="NN">coke</wf>
<wf cmd="tag" pos="NN">bottle</wf>
<punc>.</punc>
</s>
<s snum="127">
<wf cmd="ignore" pos="PRP">It</wf>
<wf cmd="done" pos="VB" lemma="be" wnsn="1" lexsn="2:42:03::">was</wf>
<wf cmd="tag" pos="JJ">icy</wf>
<wf cmd="tag" pos="JJ">cold</wf>
<wf cmd="ignore" pos="CC">and</wf>
<wf cmd="done" pos="VB" lemma="taste" wnsn="1" lexsn="2:39:02::">tasted</wf>
<wf cmd="tag" pos="JJ">delicious</wf>
<punc>.</punc>
</s>
<s snum="128">
<wf cmd="ignore" pos="PRP">She</wf>
<wf cmd="done" pos="VB" lemma="feel" wnsn="1" lexsn="2:37:00::">felt</wf>
<wf cmd="ignore" pos="DT">a</wf>
<wf cmd="tag" pos="NN">lift</wf>
<wf cmd="ignore" pos="IN">in</wf>
<wf cmd="tag" pos="NN">spirit</wf>
<punc>.</punc>
</s>
<s snum="129">
<wf cmd="ignore" pos="WRB">When</wf>
<wf cmd="ignore" pos="PRP">she</wf>
<wf cmd="done" pos="VB" lemma="be" wnsn="1" lexsn="2:42:03::">was</wf>
<wf cmd="tag" pos="JJ">finished</wf>
<wf cmd="ignore" pos="PRP">she</wf>
<wf cmd="done" pos="VB" lemma="push" wnsn="1" lexsn="2:38:00::">pushed</wf>
<wf cmd="ignore" pos="PRP">it</wf>
<wf cmd="tag" pos="RB">back</wf>
<punc>.</punc>
</s>
<s snum="130">
<wf cmd="ignore" pos="DT">The</wf>
<wf cmd="tag" pos="NN">man</wf>
<wf cmd="done" pos="VB" lemma="be" wnsn="1" lexsn="2:42:03::">was</wf>
<wf cmd="tag" pos="JJ">busy</wf>
<wf cmd="done" pos="VB" lemma="do" wnsn="1" lexsn="2:41:01::">doing</wf>
<wf cmd="done" pos="VB" ot="notag">something</wf>
<wf cmd="ignore" pos="TO">to</wf>
<wf cmd="ignore" pos="DT">the</wf>
<wf cmd="tag" pos="JJ">inside</wf>
<wf cmd="ignore" pos="IN">of</wf>
<wf cmd="ignore" pos="DT">the</wf>
<wf cmd="tag" pos="NN">door-frame</wf>
<wf cmd="ignore" pos="IN">on</wf>
<wf cmd="ignore" pos="DT">the</wf>
<wf cmd="tag" pos="NN">driver</wf>
<wf cmd="ignore" pos="POS">'s</wf>
<wf cmd="tag" pos="NN">side</wf>
<wf cmd="ignore" pos="IN">of</wf>
<wf cmd="ignore" pos="DT">a</wf>
<wf cmd="tag" pos="NN">car</wf>
<punc>.</punc>
</s>
</p>
<p pnum="46">
<s snum="131">
<wf cmd="ignore" pos="PRP">She</wf>
<wf cmd="done" pos="VB" lemma="call" wnsn="4" lexsn="2:32:09::">called</wf>
<wf cmd="tag" pos="RB">softly</wf>
<punc>,</punc>
<punc>``</punc>
<wf cmd="tag" pos="NNP">Barney</wf>
<punc>''</punc>
<punc>.</punc>
</s>
</p>
<p pnum="47">
<s snum="132">
<wf cmd="ignore" pos="PRP">He</wf>
<wf cmd="done" pos="VB" lemma="look" wnsn="1" lexsn="2:39:00::">looked</wf>
<wf cmd="ignore" pos="IN">in</wf>
<wf cmd="ignore" pos="PRP$">her</wf>
<wf cmd="tag" pos="NN">direction</wf>
<wf cmd="ignore" pos="CC">but</wf>
<wf cmd="ignore" pos="PRP">he</wf>
<wf cmd="done" pos="VBD" ot="notag">did</wf>
<wf cmd="tag" pos="RB">n't</wf>
<wf cmd="done" pos="VB" lemma="answer" wnsn="1" lexsn="2:32:00::">answer</wf>
<punc>.</punc>
</s>
</p>
<p pnum="48">
<s snum="133">
<wf cmd="ignore" pos="PRP">She</wf>
<wf cmd="done" pos="VB" lemma="say" wnsn="1" lexsn="2:32:00::">said</wf>
<punc>,</punc>
<punc>``</punc>
<wf cmd="tag" pos="NNP">Barney</wf>
<punc>,</punc>
<wf cmd="ignore" pos="WRB">why</wf>
<wf cmd="done" pos="VBZ" ot="notag">is</wf>
<wf cmd="ignore" pos="PRP">he</wf>
<wf cmd="done" pos="VB" lemma="keep" wnsn="9" lexsn="2:42:01::">keeping</wf>
<wf cmd="ignore" pos="PRP">me</wf>
<wf cmd="tag" pos="RB">here</wf>
<punc>''</punc>
<punc>?</punc>
</s>
</p>
<p pnum="49">
<s snum="134">
<wf cmd="tag" pos="RB">Still</wf>
<wf cmd="ignore" pos="DT">no</wf>
<wf cmd="tag" pos="NN">answer</wf>
<punc>.</punc>
</s>
<s snum="135">
<wf cmd="ignore" pos="PRP">He</wf>
<wf cmd="done" pos="VB" lemma="seem" wnsn="1" lexsn="2:39:00::">seemed</wf>
<wf cmd="ignore" pos="TO">to</wf>
<wf cmd="done" pos="VB" ot="notag">be</wf>
<wf cmd="done" pos="VB" lemma="look" wnsn="1" lexsn="2:39:00::">looking</wf>
<wf cmd="done" pos="VB" ot="notag">at</wf>
<wf cmd="ignore" pos="DT">a</wf>
<wf cmd="tag" pos="NN">point</wf>
<wf cmd="ignore" pos="IN">above</wf>
<wf cmd="ignore" pos="DT">the</wf>
<wf cmd="tag" pos="JJ">little</wf>
<wf cmd="tag" pos="NN">window</wf>
<punc>.</punc>
</s>
</p>
<p pnum="50">
<s snum="136">
<wf cmd="tag" pos="NNP">Lauren</wf>
<wf cmd="done" pos="VB" lemma="say" wnsn="1" lexsn="2:32:00::">said</wf>
<punc>,</punc>
<punc>``</punc>
<wf cmd="ignore" pos="WRB">Why</wf>
<wf cmd="ignore" pos="MD">can</wf>
<wf cmd="tag" pos="RB">n't</wf>
<wf cmd="ignore" pos="PRP">I</wf>
<wf cmd="done" pos="VB" lemma="call" wnsn="3" lexsn="2:32:01::">call</wf>
<wf cmd="ignore" pos="PRP$">my</wf>
<wf cmd="tag" pos="NN">home</wf>
<punc>?</punc>
</s>
<s snum="137">
<wf cmd="ignore" pos="CC">Or</wf>
<wf cmd="done" pos="VB" lemma="borrow" wnsn="1" lexsn="2:40:00::">borrow</wf>
<wf cmd="ignore" pos="DT">some</wf>
<wf cmd="tag" pos="NN">money</wf>
<wf cmd="ignore" pos="IN">from</wf>
<wf cmd="tag" pos="NN">someone</wf>
<wf cmd="ignore" pos="CC">and</wf>
<wf cmd="done" pos="VB" lemma="go_home" wnsn="1" lexsn="2:38:00::">go_home</wf>
<wf cmd="ignore" pos="IN">by</wf>
<wf cmd="tag" pos="NN">bus</wf>
<punc>?</punc>
</s>
<s snum="138">
<wf cmd="ignore" pos="PRP">I</wf>
<wf cmd="ignore" pos="MD">could</wf>
<wf cmd="done" pos="VB" lemma="send" wnsn="6" lexsn="2:32:02::">send</wf>
<wf cmd="ignore" pos="DT">the</wf>
<wf cmd="tag" pos="NN">money</wf>
<wf cmd="tag" pos="NN">right</wf>
<wf cmd="tag" pos="RB">back</wf>
<punc>''</punc>
<punc>.</punc>
</s>
</p>
<p pnum="51">
<s snum="139">
<wf cmd="tag" pos="NNP">Barney</wf>
<wf cmd="done" pos="VB" lemma="finish" wnsn="1" lexsn="2:30:02::">finished</wf>
<wf cmd="ignore" pos="DT">the</wf>
<wf cmd="tag" pos="NN">cigarette</wf>
<wf cmd="ignore" pos="PRP">he</wf>
<wf cmd="done" pos="VBD" ot="notag">had</wf>
<wf cmd="done" pos="VBN" ot="notag">been</wf>
<wf cmd="done" pos="VB" lemma="smoke" wnsn="1" lexsn="2:34:00::">smoking</wf>
<punc>.</punc>
</s>
<s snum="140">
<wf cmd="ignore" pos="PRP">He</wf>
<wf cmd="done" pos="VB" lemma="drop" wnsn="1" lexsn="2:38:01::">dropped</wf>
<wf cmd="ignore" pos="PRP">it</wf>
<wf cmd="ignore" pos="CC">and</wf>
<wf cmd="tag" pos="RB">carefully</wf>
<wf cmd="done" pos="VB" lemma="grind" wnsn="2" lexsn="2:35:00::">ground</wf>
<wf cmd="ignore" pos="PRP">it</wf>
<wf cmd="ignore" pos="TO">to</wf>
<wf cmd="tag" pos="NN">nothing</wf>
<wf cmd="ignore" pos="IN">with</wf>
<wf cmd="ignore" pos="DT">the</wf>
<wf cmd="tag" pos="NN">sole</wf>
<wf cmd="ignore" pos="IN">of</wf>
<wf cmd="ignore" pos="PRP$">his</wf>
<wf cmd="tag" pos="JJ">heavy</wf>
<wf cmd="tag" pos="NN">shoe</wf>
<punc>.</punc>
</s>
<s snum="141">
<wf cmd="tag" pos="RB">Now</wf>
<wf cmd="ignore" pos="PRP">he</wf>
<wf cmd="done" pos="VB" lemma="look" wnsn="1" lexsn="2:39:00::">looked</wf>
<wf cmd="done" pos="VB" ot="notag">at</wf>
<wf cmd="ignore" pos="PRP$">her</wf>
<punc>.</punc>
</s>
<s snum="142">
<wf cmd="ignore" pos="PRP">He</wf>
<wf cmd="done" pos="VB" lemma="say" wnsn="1" lexsn="2:32:00::">said</wf>
<punc>,</punc>
<punc>``</punc>
<wf cmd="ignore" pos="PRP">I</wf>
<wf cmd="tag" pos="RB">only</wf>
<wf cmd="done" pos="VB" lemma="work" wnsn="2" lexsn="2:41:00::">work</wf>
<wf cmd="tag" pos="RB">here</wf>
<punc>''</punc>
<punc>.</punc>
</s>
</p>
<p pnum="52">
<s snum="143">
<wf cmd="tag" pos="NNP">Lauren</wf>
<wf cmd="done" pos="VB" lemma="say" wnsn="1" lexsn="2:32:00::">said</wf>
<punc>,</punc>
<punc>``</punc>
<wf cmd="tag" pos="RB">Please</wf>
<punc>''</punc>
<punc>?</punc>
</s>
<s snum="144">
<wf cmd="ignore" pos="CC">But</wf>
<wf cmd="ignore" pos="PRP">he</wf>
<wf cmd="done" pos="VB" lemma="be" wnsn="1" lexsn="2:42:03::">was</wf>
<wf cmd="tag" pos="RB">back</wf>
<wf cmd="tag" pos="JJ">at_work</wf>
<wf cmd="ignore" pos="IN">on</wf>
<wf cmd="ignore" pos="DT">a</wf>
<wf cmd="tag" pos="NN">car</wf>
<punc>.</punc>
</s>
</p>
<p pnum="53">
<s snum="145">
<wf cmd="ignore" pos="PRP">She</wf>
<wf cmd="done" pos="VB" lemma="drop" wnsn="1" lexsn="2:38:01::">dropped</wf>
<wf cmd="ignore" pos="PRP$">her</wf>
<wf cmd="tag" pos="NN">head</wf>
<wf cmd="ignore" pos="IN">on</wf>
<wf cmd="ignore" pos="PRP$">her</wf>
<wf cmd="tag" pos="NNS">arms</wf>
<wf cmd="ignore" pos="IN">on</wf>
<wf cmd="ignore" pos="DT">the</wf>
<wf cmd="tag" pos="NN">counter</wf>
<punc>.</punc>
</s>
<s snum="146">
<wf cmd="ignore" pos="WRB">How</wf>
<wf cmd="ignore" pos="MD">could</wf>
<wf cmd="ignore" pos="PRP">he</wf>
<wf cmd="done" pos="VB" lemma="be" wnsn="1" lexsn="2:42:03::">be</wf>
<wf cmd="tag" pos="NN">kind</wf>
<wf cmd="tag" pos="CD">one</wf>
<wf cmd="tag" pos="NN">moment</wf>
<wf cmd="ignore" pos="CC">and</wf>
<wf cmd="tag" pos="JJ">cruel</wf>
<wf cmd="ignore" pos="DT">the</wf>
<wf cmd="tag" pos="JJ">next</wf>
<punc>?</punc>
</s>
<s snum="147">
<wf cmd="done" pos="VBD" ot="notag">Did</wf>
<wf cmd="ignore" pos="PRP">he</wf>
<wf cmd="done" pos="VB" lemma="know" wnsn="1" lexsn="2:31:01::">know</wf>
<wf cmd="tag" pos="NN">something</wf>
<wf cmd="ignore" pos="WDT">that</wf>
<wf cmd="done" pos="VB" lemma="make" wnsn="4" lexsn="2:32:00::">made</wf>
<wf cmd="ignore" pos="PRP">him</wf>
<wf cmd="done" pos="VB" lemma="feel" wnsn="1" lexsn="2:37:00::">feel</wf>
<wf cmd="tag" pos="JJ">sad</wf>
<wf cmd="ignore" pos="CC">and</wf>
<wf cmd="tag" pos="JJ">sorry_for</wf>
<wf cmd="ignore" pos="PRP$">her</wf>
<punc>?</punc>
</s>
<s snum="148">
<wf cmd="ignore" pos="CC">And</wf>
<wf cmd="done" pos="VB" lemma="be" wnsn="1" lexsn="2:42:03::">was</wf>
<wf cmd="ignore" pos="PRP">he</wf>
<wf cmd="tag" pos="JJ">afraid</wf>
<wf cmd="ignore" pos="TO">to</wf>
<wf cmd="done" pos="VB" lemma="do" wnsn="3" lexsn="2:41:04::">do</wf>
<wf cmd="tag" pos="NN">anything</wf>
<wf cmd="tag" pos="RB">as</wf>
<wf cmd="tag" pos="JJ">definite</wf>
<wf cmd="ignore" pos="IN">as</wf>
<wf cmd="done" pos="VB" lemma="release" wnsn="2" lexsn="2:41:00::">releasing</wf>
<wf cmd="ignore" pos="PRP$">her</wf>
<punc>?</punc>
</s>
<s snum="149">
<wf cmd="ignore" pos="PRP$">Her</wf>
<wf cmd="tag" pos="NN">heart</wf>
<wf cmd="done" pos="VBD" ot="notag">was</wf>
<wf cmd="done" pos="VB" lemma="thump" wnsn="1" lexsn="2:38:00::">thumping</wf>
<wf cmd="tag" pos="RB">painfully</wf>
<punc>;</punc>
<wf cmd="ignore" pos="DT">the</wf>
<wf cmd="tag" pos="JJ">unknown</wf>
<wf cmd="done" pos="VB" lemma="be" wnsn="1" lexsn="2:42:03::">was</wf>
<wf cmd="tag" pos="RB">so_much</wf>
<wf cmd="tag" pos="JJR">worse</wf>
<wf cmd="ignore" pos="IN">than</wf>
<punc>-</punc>
<wf cmd="ignore" pos="WP">what</wf>
<wf cmd="tag" pos="NNS">dangers</wf>
<wf cmd="done" pos="VB" lemma="lie" wnsn="1" lexsn="2:42:00::">lay</wf>
<wf cmd="tag" pos="RB">ahead</wf>
<wf cmd="ignore" pos="IN">for</wf>
<wf cmd="ignore" pos="PRP$">her</wf>
<punc>?</punc>
</s>
<s snum="150">
<wf cmd="ignore" pos="WP">What</wf>
<wf cmd="tag" pos="JJ">awful</wf>
<wf cmd="tag" pos="NN">thing</wf>
<wf cmd="done" pos="VBD" ot="notag">had</wf>
<wf cmd="ignore" pos="PRP">she</wf>
<wf cmd="ignore" pos="TO">to</wf>
<wf cmd="done" pos="VB" lemma="face" wnsn="1" lexsn="2:32:00::">face</wf>
<wf cmd="ignore" pos="IN">in</wf>
<wf cmd="ignore" pos="DT">the</wf>
<wf cmd="tag" pos="JJ">next</wf>
<wf cmd="tag" pos="JJ">few</wf>
<wf cmd="tag" pos="NNS">hours</wf>
<punc>?</punc>
</s>
<s snum="151">
<wf cmd="tag" pos="NN">Something</wf>
<wf cmd="tag" pos="JJ">wet</wf>
<wf cmd="ignore" pos="CC">and</wf>
<wf cmd="tag" pos="JJ">hot</wf>
<wf cmd="done" pos="VBD" ot="notag">was</wf>
<wf cmd="done" pos="VB" lemma="trickle" wnsn="1" lexsn="2:38:00::">trickling</wf>
<wf cmd="ignore" pos="IN">on</wf>
<wf cmd="ignore" pos="PRP$">her</wf>
<wf cmd="tag" pos="NNS">wrists</wf>
<punc>.</punc>
</s>
<s snum="152">
<wf cmd="tag" pos="NNS">Tears</wf>
<punc>?</punc>
</s>
</p>
<p pnum="54">
<s snum="153">
<wf cmd="ignore" pos="IN">With</wf>
<wf cmd="ignore" pos="DT">a</wf>
<wf cmd="tag" pos="JJ">sturdy</wf>
<wf cmd="tag" pos="NN">act</wf>
<wf cmd="ignore" pos="IN">of</wf>
<wf cmd="ignore" pos="MD">will</wf>
<wf cmd="ignore" pos="PRP">she</wf>
<wf cmd="done" pos="VB" lemma="turn" wnsn="5" lexsn="2:30:00::">turned</wf>
<wf cmd="ignore" pos="PRP$">her</wf>
<wf cmd="tag" pos="NN">mind</wf>
<wf cmd="tag" pos="RB">away</wf>
<wf cmd="ignore" pos="IN">from</wf>
<wf cmd="ignore" pos="PRP">herself</wf>
<punc>;</punc>
<wf cmd="tag" pos="RB">as</wf>
<wf cmd="tag" pos="JJ">long</wf>
<wf cmd="ignore" pos="IN">as</wf>
<wf cmd="ignore" pos="PRP">she</wf>
<wf cmd="ignore" pos="MD">could</wf>
<wf cmd="done" pos="VB" lemma="do" wnsn="1" lexsn="2:41:01::">do</wf>
<wf cmd="tag" pos="NN">nothing</wf>
<wf cmd="tag" pos="JJ">constructive</wf>
<wf cmd="ignore" pos="IN">about</wf>
<wf cmd="ignore" pos="DT">the</wf>
<wf cmd="tag" pos="NN">situation</wf>
<wf cmd="ignore" pos="PRP">she</wf>
<wf cmd="done" pos="VB" lemma="be" wnsn="3" lexsn="2:42:05::">was</wf>
<wf cmd="tag" pos="RB">in</wf>
<punc>,</punc>
<wf cmd="ignore" pos="PRP">she</wf>
<wf cmd="ignore" pos="MD">would</wf>
<wf cmd="done" pos="VB" lemma="think_about" wnsn="2" lexsn="2:31:03::">think_about</wf>
<wf cmd="tag" pos="NN">something</wf>
<wf cmd="tag" pos="RB">else</wf>
<punc>.</punc>
</s>
<s snum="154">
<wf cmd="ignore" pos="PRP$">Her</wf>
<wf cmd="tag" pos="NN">mother</wf>
<wf cmd="ignore" pos="CC">and</wf>
<wf cmd="tag" pos="NN">father</wf>
<punc>,</punc>
<wf cmd="tag" pos="RB">for_instance</wf>
<punc>.</punc>
</s>
<s snum="155">
<wf cmd="ignore" pos="WRB">Where</wf>
<wf cmd="done" pos="VB" lemma="be" wnsn="3" lexsn="2:42:05::">were</wf>
<wf cmd="ignore" pos="PRP">they</wf>
<wf cmd="tag" pos="RB">now</wf>
<punc>?</punc>
</s>
<s snum="156">
<wf cmd="ignore" pos="IN">In</wf>
<wf cmd="ignore" pos="PRP$">her</wf>
<wf cmd="tag" pos="NN">mind</wf>
<wf cmd="ignore" pos="PRP">she</wf>
<wf cmd="done" pos="VB" lemma="follow" wnsn="1" lexsn="2:38:00::">followed</wf>
<wf cmd="ignore" pos="DT">the</wf>
<wf cmd="tag" pos="JJ">white</wf>
<wf cmd="tag" pos="NNP">Buick</wf>
<wf cmd="ignore" pos="IN">along</wf>
<wf cmd="ignore" pos="DT">the</wf>
<wf cmd="tag" pos="NN">road</wf>
<wf cmd="tag" pos="RB">somewhere</wf>
<wf cmd="ignore" pos="IN">between</wf>
<wf cmd="tag" pos="RB">here</wf>
<wf cmd="ignore" pos="CC">and</wf>
<wf cmd="ignore" pos="DT">the</wf>
<wf cmd="tag" pos="NNP">Niagara_River</wf>
<punc>.</punc>
</s>
<s snum="157">
<wf cmd="ignore" pos="PRP$">Her</wf>
<wf cmd="tag" pos="NN">father</wf>
<wf cmd="ignore" pos="POS">'s</wf>
<wf cmd="tag" pos="NN">attention</wf>
<wf cmd="ignore" pos="MD">would</wf>
<wf cmd="done" pos="VB" lemma="be" wnsn="3" lexsn="2:42:05::">be</wf>
<wf cmd="ignore" pos="IN">on</wf>
<wf cmd="ignore" pos="DT">the</wf>
<wf cmd="tag" pos="NN">road</wf>
<wf cmd="tag" pos="RB">ahead</wf>
<wf cmd="ignore" pos="CC">and</wf>
<wf cmd="ignore" pos="PRP">it</wf>
<wf cmd="ignore" pos="MD">would</wf>
<wf cmd="tag" pos="RB">n't</wf>
<wf cmd="done" pos="VB" lemma="deviate" wnsn="1" lexsn="2:38:00::">deviate</wf>
<wf cmd="ignore" pos="DT">an</wf>
<wf cmd="tag" pos="NN">inch</wf>
<wf cmd="ignore" pos="IN">until</wf>
<wf cmd="ignore" pos="PRP">he</wf>
<wf cmd="done" pos="VB" lemma="cross" wnsn="1" lexsn="2:38:00::">crossed</wf>
<wf cmd="ignore" pos="DT">the</wf>
<wf cmd="tag" pos="NN">bridge</wf>
<wf cmd="ignore" pos="IN">at</wf>
<wf cmd="ignore" pos="DT">the</wf>
<wf cmd="tag" pos="NNP">Falls</wf>
<wf cmd="ignore" pos="CC">and</wf>
<wf cmd="done" pos="VB" lemma="take" wnsn="9" lexsn="2:38:02::">took</wf>
<wf cmd="ignore" pos="DT">the</wf>
<wf cmd="tag" pos="NNP">River_Road</wf>
<wf cmd="ignore" pos="TO">to</wf>
<wf cmd="tag" pos="NNP">LaSalle</wf>
<wf cmd="ignore" pos="CC">and</wf>
<punc>,</punc>
<wf cmd="tag" pos="RB">finally</wf>
<punc>,</punc>
<wf cmd="done" pos="VB" lemma="turn_in" wnsn="1" lexsn="2:38:00::">turned_in</wf>
<wf cmd="ignore" pos="IN">at</wf>
<wf cmd="ignore" pos="PRP$">their</wf>
<wf cmd="tag" pos="JJ">own</wf>
<wf cmd="tag" pos="NN">driveway</wf>
<wf cmd="ignore" pos="IN">at</wf>
<wf cmd="tag" pos="CD">387</wf>
<wf cmd="tag" pos="NNP">Heather_Heights</wf>
<punc>.</punc>
</s>
<s snum="158">
<wf cmd="tag" pos="RB">Then</wf>
<wf cmd="ignore" pos="PRP">he</wf>
<wf cmd="ignore" pos="MD">would</wf>
<wf cmd="done" pos="VB" lemma="yawn" wnsn="1" lexsn="2:29:00::">yawn</wf>
<wf cmd="ignore" pos="CC">and</wf>
<wf cmd="done" pos="VB" lemma="stretch" wnsn="2" lexsn="2:29:01::">stretch</wf>
<wf cmd="ignore" pos="CC">and</wf>
<wf cmd="done" pos="VB" lemma="shout" wnsn="1" lexsn="2:32:00::">shout</wf>
<punc>,</punc>
<punc>``</punc>
<wf cmd="ignore" pos="DT">All</wf>
<wf cmd="tag" pos="RB">out</wf>
<punc>.</punc>
</s>
<s snum="159">
<wf cmd="ignore" pos="DT">This</wf>
<wf cmd="done" pos="VB" lemma="be" wnsn="2" lexsn="2:42:06::">is</wf>
<wf cmd="ignore" pos="DT">the</wf>
<wf cmd="tag" pos="NN">end</wf>
<wf cmd="ignore" pos="IN">of</wf>
<wf cmd="ignore" pos="DT">the</wf>
<wf cmd="tag" pos="NN">line</wf>
<punc>''</punc>
<punc>.</punc>
</s>
</p>
<p pnum="55">
<s snum="160">
<wf cmd="ignore" pos="CC">And</wf>
<wf cmd="ignore" pos="WP">what</wf>
<wf cmd="ignore" pos="MD">would</wf>
<wf cmd="ignore" pos="PRP$">her</wf>
<wf cmd="tag" pos="NN">mother</wf>
<wf cmd="done" pos="VB" ot="notag">be</wf>
<wf cmd="done" pos="VB" lemma="do" wnsn="1" lexsn="2:41:01::">doing</wf>
<wf cmd="tag" pos="RB">right_now</wf>
<punc>?</punc>
</s>
<s snum="161">
<wf cmd="ignore" pos="PRP$">Her</wf>
<wf cmd="tag" pos="NN">mother</wf>
<wf cmd="ignore" pos="MD">would</wf>
<wf cmd="done" pos="VB" lemma="be" wnsn="1" lexsn="2:42:03::">be</wf>
<wf cmd="tag" pos="RB">fast</wf>
<wf cmd="tag" pos="RB">asleep</wf>
<wf cmd="tag" pos="JJ">curled_up</wf>
<wf cmd="ignore" pos="IN">against</wf>
<wf cmd="ignore" pos="IN">that</wf>
<wf cmd="tag" pos="JJ">wonderful</wf>
<punc>,</punc>
<wf cmd="tag" pos="JJ">big</wf>
<punc>,</punc>
<wf cmd="tag" pos="JJ">safe</wf>
<punc>,</punc>
<wf cmd="tag" pos="JJ">solid</wf>
<wf cmd="tag" pos="NN">shoulder</wf>
<wf cmd="tag" pos="JJ">next</wf>
<wf cmd="ignore" pos="TO">to</wf>
<wf cmd="ignore" pos="PRP">her</wf>
<wf cmd="ignore" pos="IN">on</wf>
<wf cmd="ignore" pos="DT">the</wf>
<wf cmd="tag" pos="NN">front</wf>
<wf cmd="tag" pos="NN">seat</wf>
<punc>.</punc>
</s>
</p>
<p pnum="56">
<s snum="162">
<wf cmd="tag" pos="NNP">Lauren_Landis</wf>
<wf cmd="done" pos="VB" lemma="be" wnsn="1" lexsn="2:42:03::">was</wf>
<wf cmd="tag" pos="JJ">in_trouble</wf>
<wf cmd="ignore" pos="CC">and</wf>
<wf cmd="ignore" pos="PRP">she</wf>
<wf cmd="done" pos="VB" lemma="be" wnsn="1" lexsn="2:42:03::">was</wf>
<wf cmd="tag" pos="RB">alone</wf>
<punc>.</punc>
</s>
</p>
<p pnum="57">
<s snum="163">
<wf cmd="tag" pos="NNP">Roberta_Landis</wf>
<wf cmd="done" pos="VB" lemma="put" wnsn="1" lexsn="2:35:00::">put</wf>
<wf cmd="ignore" pos="PRP$">her</wf>
<wf cmd="tag" pos="NN">hand</wf>
<wf cmd="ignore" pos="IN">on</wf>
<wf cmd="ignore" pos="PRP$">her</wf>
<wf cmd="tag" pos="NN">husband</wf>
<wf cmd="ignore" pos="POS">'s</wf>
<wf cmd="tag" pos="NN">arm</wf>
<wf cmd="ignore" pos="IN">as</wf>
<wf cmd="ignore" pos="PRP">he</wf>
<wf cmd="done" pos="VB" lemma="slide" wnsn="1" lexsn="2:38:01::">slid</wf>
<wf cmd="ignore" pos="IN">in</wf>
<wf cmd="ignore" pos="DT">the</wf>
<wf cmd="tag" pos="NN">driver</wf>
<wf cmd="ignore" pos="POS">'s</wf>
<wf cmd="tag" pos="NN">seat</wf>
<wf cmd="ignore" pos="IN">beside</wf>
<wf cmd="ignore" pos="PRP$">her</wf>
<punc>.</punc>
</s>
<s snum="164">
<wf cmd="tag" pos="RB">Somewhere</wf>
<wf cmd="tag" pos="NNS">birds</wf>
<wf cmd="done" pos="VBD" ot="notag">were</wf>
<wf cmd="tag" pos="RB">sweetly</wf>
<wf cmd="done" pos="VB" lemma="call" wnsn="4" lexsn="2:32:09::">calling</wf>
<punc>,</punc>
<wf cmd="done" pos="VBD" ot="notag">were</wf>
<wf cmd="done" pos="VB" lemma="answer" wnsn="1" lexsn="2:32:00::">answered</wf>
<punc>.</punc>
</s>
<s snum="165">
<wf cmd="ignore" pos="PRP$">Her</wf>
<wf cmd="tag" pos="NNS">teeth</wf>
<wf cmd="done" pos="VB" lemma="chatter" wnsn="1" lexsn="2:39:00::">chattered</wf>
<wf cmd="tag" pos="RB">so_that</wf>
<wf cmd="ignore" pos="PRP">she</wf>
<wf cmd="done" pos="VB" lemma="make" wnsn="1" lexsn="2:41:00::">made</wf>
<wf cmd="tag" pos="CD">three</wf>
<wf cmd="tag" pos="NNS">attempts</wf>
<wf cmd="ignore" pos="IN">at</wf>
<wf cmd="tag" pos="NN">speech</wf>
<wf cmd="ignore" pos="IN">before</wf>
<wf cmd="ignore" pos="PRP">she</wf>
<wf cmd="done" pos="VB" lemma="become" wnsn="1" lexsn="2:30:00::">became</wf>
<wf cmd="tag" pos="JJ">intelligible</wf>
<punc>.</punc>
</s>
</p>
<p pnum="58">
<s snum="166">
<punc>``</punc>
<wf cmd="tag" pos="NNP">Dave</wf>
<punc>.</punc>
</s>
<s snum="167">
<wf cmd="ignore" pos="PRP">I</wf>
<wf cmd="done" pos="VB" lemma="see" wnsn="1" lexsn="2:39:00::">saw</wf>
<wf cmd="ignore" pos="IN">that</wf>
<wf cmd="tag" pos="NN">woman</wf>
<wf cmd="ignore" pos="POS">'s</wf>
<wf cmd="tag" pos="NN">apron</wf>
<wf cmd="ignore" pos="IN">behind</wf>
<wf cmd="ignore" pos="DT">the</wf>
<wf cmd="tag" pos="NN">door</wf>
<punc>.</punc>
</s>
<s snum="168">
<wf cmd="ignore" pos="EX">There</wf>
<wf cmd="done" pos="VB" lemma="be" wnsn="5" lexsn="2:42:04::">was</wf>
<wf cmd="ignore" pos="DT">a</wf>
<wf cmd="tag" pos="JJ">wet</wf>
<wf cmd="tag" pos="NN">spot</wf>
<punc>-</punc>
<wf cmd="ignore" pos="PRP">she</wf>
<wf cmd="ignore" pos="MD">could</wf>
<wf cmd="tag" pos="RB">n't</wf>
<wf cmd="done" pos="VB" ot="notag">have</wf>
<wf cmd="done" pos="VB" lemma="be" wnsn="1" lexsn="2:42:03::">been</wf>
<wf cmd="tag" pos="JJ">gone</wf>
<wf cmd="tag" pos="JJ">long</wf>
<punc>''</punc>
<punc>.</punc>
</s>
</p>
<p pnum="59">
<s snum="169">
<wf cmd="tag" pos="NNP">Dave</wf>
<wf cmd="done" pos="VB" lemma="make" wnsn="3" lexsn="2:36:00::">made</wf>
<wf cmd="ignore" pos="DT">some</wf>
<wf cmd="tag" pos="NN">sound</wf>
<wf cmd="done" pos="VB" lemma="mean" wnsn="1" lexsn="2:32:01::">meant</wf>
<wf cmd="ignore" pos="TO">to</wf>
<wf cmd="done" pos="VB" lemma="convey" wnsn="1" lexsn="2:32:00::">convey</wf>
<wf cmd="tag" pos="NN">agreement</wf>
<punc>.</punc>
</s>
<s snum="170">
<wf cmd="ignore" pos="PRP">He</wf>
<wf cmd="done" pos="VB" lemma="insert" wnsn="2" lexsn="2:30:00::">inserted</wf>
<wf cmd="ignore" pos="DT">the</wf>
<wf cmd="tag" pos="NN">car</wf>
<wf cmd="tag" pos="JJ">key</wf>
<wf cmd="ignore" pos="IN">in</wf>
<wf cmd="ignore" pos="DT">the</wf>
<wf cmd="tag" pos="NN">lock</wf>
<punc>.</punc>
</s>
<s snum="171">
<wf cmd="tag" pos="NNP">Roberta</wf>
<wf cmd="done" pos="VBD" ot="notag">was</wf>
<wf cmd="tag" pos="RB">violently</wf>
<wf cmd="done" pos="VB" lemma="tremble" wnsn="0" lexsn="2:29:00::">trembling</wf>
<punc>.</punc>
</s>
</p>
<p pnum="60">
<s snum="172">
<wf cmd="ignore" pos="PRP">She</wf>
<wf cmd="done" pos="VB" lemma="stammer" wnsn="1" lexsn="2:32:00::">stammered</wf>
<punc>,</punc>
<punc>``</punc>
<wf cmd="ignore" pos="PRP">You</wf>
<wf cmd="done" pos="VB" lemma="hear" wnsn="1" lexsn="2:39:00::">heard</wf>
<wf cmd="ignore" pos="WP">what</wf>
<wf cmd="ignore" pos="PRP">he</wf>
<wf cmd="done" pos="VB" lemma="say" wnsn="1" lexsn="2:32:00::">said</wf>
<wf cmd="ignore" pos="IN">about</wf>
<wf cmd="tag" pos="NN">police</wf>
<punc>?</punc>
</s>
<s snum="173">
<wf cmd="ignore" pos="WRB">Why</wf>
<wf cmd="done" pos="VBP" ot="notag">do</wf>
<wf cmd="tag" pos="RB">n't</wf>
<wf cmd="ignore" pos="PRP">we</wf>
<wf cmd="done" pos="VB" lemma="drive" wnsn="2" lexsn="2:38:00::">drive</wf>
<wf cmd="tag" pos="RB">around</wf>
<wf cmd="ignore" pos="DT">the</wf>
<wf cmd="tag" pos="NN">corner</wf>
<punc>''</punc>
<punc>?</punc>
</s>
</p>
<p pnum="61">
<s snum="174">
<wf cmd="ignore" pos="DT">The</wf>
<wf cmd="tag" pos="NN">car_door</wf>
<wf cmd="done" pos="VB" lemma="crash" wnsn="3" lexsn="2:35:00::">crashed</wf>
<wf cmd="tag" pos="JJ">shut</wf>
<punc>.</punc>
</s>
<s snum="175">
<wf cmd="ignore" pos="DT">The</wf>
<wf cmd="tag" pos="NN">engine</wf>
<wf cmd="done" pos="VB" lemma="throb" wnsn="2" lexsn="2:38:01::">throbbed</wf>
<wf cmd="ignore" pos="IN">into</wf>
<wf cmd="tag" pos="NN">life</wf>
<punc>.</punc>
</s>
<s snum="176">
<wf cmd="tag" pos="NNP">Dave</wf>
<wf cmd="done" pos="VB" lemma="say" wnsn="1" lexsn="2:32:00::">said</wf>
<punc>,</punc>
<punc>``</punc>
<wf cmd="ignore" pos="PRP">I</wf>
<wf cmd="done" pos="VB" lemma="get" wnsn="4" lexsn="2:30:03::">got</wf>
<wf cmd="ignore" pos="DT">the</wf>
<wf cmd="tag" pos="NN">message</wf>
<punc>.</punc>
</s>
<s snum="177">
<wf cmd="ignore" pos="PRP">We</wf>
<wf cmd="done" pos="VBP" ot="notag">'re</wf>
<wf cmd="done" pos="VB" lemma="go" wnsn="3" lexsn="2:38:01::">going</wf>
<punc>''</punc>
<punc>.</punc>
</s>
</p>
<p pnum="62">
<s snum="178">
<wf cmd="tag" pos="NNP">Roberta</wf>
<wf cmd="done" pos="VB" lemma="say" wnsn="1" lexsn="2:32:00::">said</wf>
<punc>,</punc>
<punc>``</punc>
<wf cmd="ignore" pos="DT">No</wf>
<punc>.</punc>
</s>
<s snum="179">
<wf cmd="ignore" pos="PRP">You</wf>
<wf cmd="done" pos="VB" ot="notag">go</wf>
<punc>.</punc>
</s>
<s snum="180">
<wf cmd="done" pos="VB" ot="notag">Walk</wf>
<punc>.</punc>
</s>
<s snum="181">
<wf cmd="done" pos="VB" lemma="suppose" wnsn="1" lexsn="2:32:00::">Suppose</wf>
<wf cmd="tag" pos="NNP">Lauren</wf>
<wf cmd="done" pos="VB" lemma="come" wnsn="1" lexsn="2:38:00::">comes</wf>
<wf cmd="done" pos="VB" lemma="look_for" wnsn="1" lexsn="2:35:00::">looking_for</wf>
<wf cmd="ignore" pos="PRP">us</wf>
<punc>?</punc>
</s>
<s snum="182">
<wf cmd="ignore" pos="PRP">I</wf>
<wf cmd="ignore" pos="MD">can</wf>
<wf cmd="done" pos="VB" lemma="sit" wnsn="1" lexsn="2:35:00::">sit</wf>
<wf cmd="tag" pos="RB">here</wf>
<wf cmd="ignore" pos="IN">in</wf>
<wf cmd="ignore" pos="DT">the</wf>
<wf cmd="tag" pos="NN">car</wf>
<wf cmd="ignore" pos="IN">while</wf>
<wf cmd="ignore" pos="PRP">you</wf>
<wf cmd="done" pos="VB" lemma="walk" wnsn="1" lexsn="2:38:00::">walk</wf>
<wf cmd="tag" pos="RB">around</wf>
<wf cmd="ignore" pos="DT">the</wf>
<wf cmd="tag" pos="NN">corner</wf>
<punc>''</punc>
<punc>.</punc>
</s>
</p>
<p pnum="63">
<s snum="183">
<wf cmd="ignore" pos="DT">The</wf>
<wf cmd="tag" pos="JJ">big</wf>
<wf cmd="tag" pos="NN">car</wf>
<wf cmd="done" pos="VB" lemma="spring" wnsn="1" lexsn="2:38:01::">sprang</wf>
<wf cmd="tag" pos="RB">away</wf>
<wf cmd="ignore" pos="IN">from</wf>
<wf cmd="ignore" pos="DT">the</wf>
<wf cmd="tag" pos="NN">curb</wf>
<wf cmd="ignore" pos="IN">like</wf>
<wf cmd="tag" pos="NN">something</wf>
<wf cmd="tag" pos="JJ">alive</wf>
<punc>.</punc>
</s>
<s snum="184">
<wf cmd="ignore" pos="PRP">He</wf>
<wf cmd="done" pos="VB" lemma="say" wnsn="1" lexsn="2:32:00::">said</wf>
<punc>,</punc>
<punc>``</punc>
<wf cmd="ignore" pos="PRP">I</wf>
<wf cmd="done" pos="VBP" ot="notag">'m</wf>
<wf cmd="tag" pos="RB">not</wf>
<wf cmd="done" pos="VB" ot="notag">going_to</wf>
<wf cmd="done" pos="VB" lemma="leave" wnsn="2" lexsn="2:31:05::">leave</wf>
<wf cmd="ignore" pos="PRP$">my</wf>
<wf cmd="tag" pos="NN">wife</wf>
<wf cmd="ignore" pos="CC">and</wf>
<wf cmd="ignore" pos="PRP$">my</wf>
<wf cmd="tag" pos="NN">car</wf>
<wf cmd="ignore" pos="IN">out</wf>
<wf cmd="tag" pos="RB">here</wf>
<wf cmd="tag" pos="JJ">in_sight</wf>
<wf cmd="ignore" pos="IN">of</wf>
<wf cmd="ignore" pos="DT">those</wf>
<punc>''</punc>
<punc>-</punc>
</s>
</p>
<p pnum="64">
<s snum="185">
<wf cmd="tag" pos="NNP">Roberta</wf>
<wf cmd="done" pos="VB" lemma="glance" wnsn="1" lexsn="2:39:00::">glanced</wf>
<wf cmd="ignore" pos="IN">at</wf>
<wf cmd="ignore" pos="PRP">him</wf>
<wf cmd="ignore" pos="CC">and</wf>
<wf cmd="done" pos="VB" lemma="stop" wnsn="2" lexsn="2:42:00::">stopped</wf>
<wf cmd="done" pos="VB" lemma="tremble" wnsn="0" lexsn="2:29:00::">trembling</wf>
<punc>.</punc>
</s>
</p>
</context>
</contextfile>
