<contextfile concordance="brown">
<context filename="br-m03" paras="yes">
<p pnum="1">
<s snum="1">
<wf cmd="ignore" pos="DT">This</wf>
<wf cmd="done" pos="VB" lemma="be" wnsn="2" lexsn="2:42:06::">was</wf>
<wf cmd="tag" pos="RB">not</wf>
<punc>,</punc>
<wf cmd="ignore" pos="IN">for</wf>
<wf cmd="ignore" pos="DT">the</wf>
<wf cmd="tag" pos="NNP">Angel</wf>
<punc>,</punc>
<wf cmd="tag" pos="RB">just</wf>
<wf cmd="ignore" pos="DT">a</wf>
<wf cmd="tag" pos="NN">matter</wf>
<wf cmd="ignore" pos="IN">of</wf>
<wf cmd="done" pos="VB" lemma="run_through" wnsn="1" lexsn="2:34:01::">running_through</wf>
<wf cmd="ignore" pos="DT">a</wf>
<wf cmd="tag" pos="JJ">logical</wf>
<wf cmd="ignore" pos="CC">or</wf>
<wf cmd="tag" pos="JJ">deductive</wf>
<wf cmd="tag" pos="NN">chain</wf>
<punc>,</punc>
<wf cmd="ignore" pos="CC">or</wf>
<wf cmd="done" pos="VB" lemma="decide" wnsn="1" lexsn="2:31:00::">deciding</wf>
<wf cmd="ignore" pos="IN">on</wf>
<wf cmd="ignore" pos="DT">some</wf>
<wf cmd="tag" pos="NN">action</wf>
<wf cmd="ignore" pos="IN">from</wf>
<wf cmd="ignore" pos="DT">some</wf>
<wf cmd="tag" pos="RB">already</wf>
<wf cmd="tag" pos="JJ">established</wf>
<wf cmd="tag" pos="NN">premise</wf>
<punc>.</punc>
</s>
<s snum="2">
<wf cmd="tag" pos="RB">No_doubt</wf>
<wf cmd="ignore" pos="DT">the</wf>
<wf cmd="tag" pos="NNPS">Angels</wf>
<wf cmd="ignore" pos="MD">could</wf>
<wf cmd="done" pos="VB" lemma="do" wnsn="1" lexsn="2:41:01::">do</wf>
<wf cmd="ignore" pos="IN">that</wf>
<wf cmd="tag" pos="RB">kind_of</wf>
<wf cmd="tag" pos="NN">thing</wf>
<wf cmd="tag" pos="RB">as</wf>
<wf cmd="tag" pos="RB">fast</wf>
<wf cmd="ignore" pos="IN">as</wf>
<wf cmd="ignore" pos="DT">any</wf>
<wf cmd="tag" pos="NN">computer</wf>
<punc>.</punc>
</s>
</p>
<p pnum="2">
<s snum="3">
<wf cmd="ignore" pos="WP">What</wf>
<wf cmd="tag" pos="NNP">Gabriel</wf>
<wf cmd="done" pos="VBD" ot="notag">was</wf>
<wf cmd="done" pos="VBG" ot="notag">being</wf>
<wf cmd="done" pos="VB" lemma="ask" wnsn="2" lexsn="2:32:01::">asked</wf>
<wf cmd="ignore" pos="TO">to</wf>
<wf cmd="done" pos="VB" lemma="do" wnsn="1" lexsn="2:41:01::">do</wf>
<wf cmd="tag" pos="RB">now</wf>
<punc>,</punc>
<wf cmd="tag" pos="RB">however</wf>
<punc>,</punc>
<wf cmd="done" pos="VB" lemma="be" wnsn="2" lexsn="2:42:06::">was</wf>
<wf cmd="ignore" pos="TO">to</wf>
<wf cmd="done" pos="VB" lemma="reexamine" wnsn="1" lexsn="2:31:00::">re-examine</wf>
<wf cmd="ignore" pos="DT">all</wf>
<wf cmd="ignore" pos="PRP$">his</wf>
<wf cmd="tag" pos="NN">basic_assumptions</wf>
<punc>,</punc>
<wf cmd="done" pos="VB" lemma="make" wnsn="1" lexsn="2:41:00::">make</wf>
<wf cmd="tag" pos="NNS">value-judgments</wf>
<wf cmd="ignore" pos="IN">on</wf>
<wf cmd="ignore" pos="PRP">them</wf>
<punc>,</punc>
<wf cmd="ignore" pos="CC">and</wf>
<wf cmd="done" pos="VB" lemma="give" wnsn="1" lexsn="2:40:03::">give</wf>
<wf cmd="ignore" pos="PRP">them</wf>
<wf cmd="tag" pos="JJ">new</wf>
<wf cmd="ignore" pos="CC">and</wf>
<wf cmd="tag" pos="JJ">different</wf>
<wf cmd="tag" pos="NNS">powers</wf>
<wf cmd="ignore" pos="IN">in</wf>
<wf cmd="ignore" pos="PRP$">his</wf>
<wf cmd="tag" pos="NN">mind</wf>
<wf cmd="ignore" pos="TO">to</wf>
<wf cmd="done" pos="VB" lemma="govern" wnsn="2" lexsn="2:41:01::">govern</wf>
<wf cmd="ignore" pos="PRP$">his</wf>
<wf cmd="tag" pos="NNS">motives</wf>
<punc>.</punc>
</s>
<s snum="4">
<wf cmd="ignore" pos="DT">This</wf>
<wf cmd="done" pos="VB" lemma="be" wnsn="1" lexsn="2:42:03::">is</wf>
<wf cmd="tag" pos="RB">not</wf>
<wf cmd="tag" pos="RB">wholly</wf>
<wf cmd="ignore" pos="DT">a</wf>
<wf cmd="tag" pos="NN">reasoning</wf>
<wf cmd="tag" pos="NN">process</wf>
<punc>-</punc>
<wf cmd="ignore" pos="DT">a</wf>
<wf cmd="tag" pos="NN">computer</wf>
<wf cmd="ignore" pos="MD">cannot</wf>
<wf cmd="done" pos="VB" lemma="do" wnsn="1" lexsn="2:41:01::">do</wf>
<wf cmd="done" pos="VB" ot="notag">it</wf>
<wf cmd="ignore" pos="DT">all</wf>
<punc>-</punc>
<wf cmd="ignore" pos="CC">and</wf>
<wf cmd="tag" pos="RB">even</wf>
<wf cmd="ignore" pos="IN">in</wf>
<wf cmd="ignore" pos="DT">an</wf>
<wf cmd="tag" pos="NNP">Angel</wf>
<wf cmd="ignore" pos="PRP">it</wf>
<wf cmd="done" pos="VB" lemma="take" wnsn="2" lexsn="2:40:06::">takes</wf>
<wf cmd="tag" pos="NN">time</wf>
<punc>.</punc>
</s>
<s snum="5">
<punc>(</punc>
<wf cmd="ignore" pos="CC">Or</wf>
<punc>,</punc>
<wf cmd="tag" pos="RB">perhaps</wf>
<punc>,</punc>
<wf cmd="tag" pos="RB">especially</wf>
<wf cmd="ignore" pos="IN">in</wf>
<wf cmd="ignore" pos="DT">an</wf>
<wf cmd="tag" pos="NNP">Angel</wf>
<punc>,</punc>
<wf cmd="ignore" pos="WP$">whose</wf>
<wf cmd="tag" pos="NNS">assumptions</wf>
<wf cmd="done" pos="VBD" ot="notag">had</wf>
<wf cmd="tag" pos="RB">mostly</wf>
<wf cmd="done" pos="VB" ot="notag">been</wf>
<wf cmd="done" pos="VB" lemma="fix" wnsn="6" lexsn="2:36:01::">fixed</wf>
<wf cmd="tag" pos="NNS">millions</wf>
<wf cmd="ignore" pos="IN">of</wf>
<wf cmd="tag" pos="NNS">years</wf>
<wf cmd="tag" pos="RB">ago</wf>
<punc>.</punc>
<punc>)</punc>
</s>
</p>
<p pnum="3">
<s snum="6">
<wf cmd="done" pos="VB" lemma="be" wnsn="1" lexsn="2:42:03::">Being</wf>
<wf cmd="tag" pos="RB">reasonably</wf>
<wf cmd="tag" pos="JJ">sure</wf>
<wf cmd="ignore" pos="IN">of</wf>
<wf cmd="ignore" pos="DT">the</wf>
<wf cmd="tag" pos="NN">reason</wf>
<wf cmd="ignore" pos="IN">for</wf>
<wf cmd="ignore" pos="DT">the</wf>
<wf cmd="tag" pos="JJ">long</wf>
<wf cmd="tag" pos="NN">pause</wf>
<punc>,</punc>
<wf cmd="tag" pos="RB">however</wf>
<punc>,</punc>
<wf cmd="done" pos="VBD" ot="notag">did</wf>
<wf cmd="tag" pos="RB">not</wf>
<wf cmd="done" pos="VB" lemma="make" wnsn="2" lexsn="2:30:00::">make</wf>
<wf cmd="done" pos="VB" ot="notag">it</wf>
<wf cmd="done" pos="VB" lemma="seem" wnsn="1" lexsn="2:39:00::">seem</wf>
<wf cmd="ignore" pos="DT">any</wf>
<wf cmd="tag" pos="RBR">less</wf>
<wf cmd="tag" pos="JJ">long</wf>
<wf cmd="ignore" pos="TO">to</wf>
<wf cmd="tag" pos="NNP">Jack</wf>
<punc>.</punc>
</s>
<s snum="7">
<wf cmd="ignore" pos="PRP">He</wf>
<wf cmd="done" pos="VBD" ot="notag">had</wf>
<wf cmd="tag" pos="RB">already</wf>
<wf cmd="done" pos="VB" lemma="become" wnsn="1" lexsn="2:30:00::">become</wf>
<wf cmd="tag" pos="JJ">used_to</wf>
<wf cmd="tag" pos="NNP">Hesperus</wf>
<punc>'</punc>
<wf cmd="done" pos="VB" lemma="snap" wnsn="1" lexsn="2:32:00::">snapping</wf>
<wf cmd="tag" pos="RB">back</wf>
<wf cmd="tag" pos="NNS">answers</wf>
<wf cmd="ignore" pos="TO">to</wf>
<wf cmd="tag" pos="NNS">questions</wf>
<wf cmd="tag" pos="RB">almost</wf>
<wf cmd="ignore" pos="IN">before</wf>
<wf cmd="tag" pos="NNP">Jack</wf>
<wf cmd="ignore" pos="MD">could</wf>
<wf cmd="done" pos="VB" lemma="get" wnsn="3" lexsn="2:30:02::">get</wf>
<wf cmd="ignore" pos="PRP">them</wf>
<wf cmd="done" pos="VB" lemma="ask" wnsn="1" lexsn="2:32:00::">asked</wf>
<punc>.</punc>
</s>
</p>
<p pnum="4">
<s snum="8">
<wf cmd="ignore" pos="EX">There</wf>
<wf cmd="done" pos="VB" ot="notag">was</wf>
<wf cmd="tag" pos="NN">nothing</wf>
<wf cmd="ignore" pos="PRP">he</wf>
<wf cmd="ignore" pos="MD">could</wf>
<wf cmd="done" pos="VB" ot="notag">do</wf>
<wf cmd="ignore" pos="CC">but</wf>
<wf cmd="done" pos="VB" lemma="wait" wnsn="2" lexsn="2:42:01::">wait</wf>
<punc>.</punc>
</s>
<s snum="9">
<wf cmd="ignore" pos="DT">The</wf>
<wf cmd="tag" pos="NNS">dice</wf>
<wf cmd="done" pos="VBD" ot="notag">were</wf>
<wf cmd="done" pos="VB" lemma="cast" wnsn="4" lexsn="2:35:00::">cast</wf>
<punc>.</punc>
</s>
</p>
<p pnum="5">
<s snum="10">
<wf cmd="tag" pos="RB">At_last</wf>
<wf cmd="tag" pos="NNP">Gabriel</wf>
<wf cmd="done" pos="VB" lemma="speak" wnsn="2" lexsn="2:32:01::">spoke</wf>
<punc>.</punc>
</s>
</p>
<p pnum="6">
<s snum="11">
<punc>``</punc>
<wf cmd="ignore" pos="PRP">We</wf>
<wf cmd="done" pos="VB" lemma="misjudge" wnsn="1" lexsn="2:31:00::">misjudged</wf>
<wf cmd="ignore" pos="PRP">you</wf>
<punc>''</punc>
<punc>,</punc>
<wf cmd="ignore" pos="PRP">he</wf>
<wf cmd="done" pos="VB" lemma="say" wnsn="1" lexsn="2:32:00::">said</wf>
<wf cmd="tag" pos="RB">slowly</wf>
<punc>.</punc>
</s>
<s snum="12">
<punc>``</punc>
<wf cmd="ignore" pos="PRP">We</wf>
<wf cmd="done" pos="VBD" ot="notag">had</wf>
<wf cmd="done" pos="VB" lemma="conclude" wnsn="1" lexsn="2:31:00::">concluded</wf>
<wf cmd="ignore" pos="IN">that</wf>
<wf cmd="ignore" pos="DT">no</wf>
<wf cmd="tag" pos="NN">race</wf>
<wf cmd="tag" pos="RB">as</wf>
<wf cmd="tag" pos="JJ">ephemeral</wf>
<wf cmd="ignore" pos="IN">as</wf>
<wf cmd="ignore" pos="PRP">yours</wf>
<wf cmd="ignore" pos="MD">could</wf>
<wf cmd="done" pos="VB" ot="notag">have</wf>
<wf cmd="done" pos="VB" lemma="have" wnsn="1" lexsn="2:40:00::">had</wf>
<wf cmd="tag" pos="NN">time</wf>
<wf cmd="ignore" pos="TO">to</wf>
<wf cmd="done" pos="VB" lemma="develop" wnsn="3" lexsn="2:30:06::">develop</wf>
<wf cmd="ignore" pos="DT">a</wf>
<wf cmd="tag" pos="NN">sense</wf>
<wf cmd="ignore" pos="IN">of</wf>
<wf cmd="tag" pos="NN">justice</wf>
<punc>.</punc>
</s>
<s snum="13">
<wf cmd="tag" pos="RB">Of_course</wf>
<wf cmd="ignore" pos="PRP">we</wf>
<wf cmd="done" pos="VB" lemma="have" wnsn="1" lexsn="2:40:00::">have</wf>
<wf cmd="tag" pos="RB">before_us</wf>
<wf cmd="ignore" pos="DT">the</wf>
<wf cmd="tag" pos="NN">example</wf>
<wf cmd="ignore" pos="IN">of</wf>
<wf cmd="ignore" pos="DT">the</wf>
<wf cmd="tag" pos="JJ">great</wf>
<wf cmd="tag" pos="NNS">races</wf>
<wf cmd="ignore" pos="IN">at</wf>
<wf cmd="ignore" pos="DT">the</wf>
<wf cmd="tag" pos="JJ">galactic</wf>
<wf cmd="tag" pos="NN">center</wf>
<punc>;</punc>
<wf cmd="tag" pos="RB">individually</wf>
<wf cmd="ignore" pos="PRP">they</wf>
<wf cmd="done" pos="VB" lemma="be" wnsn="1" lexsn="2:42:03::">are</wf>
<wf cmd="tag" pos="RB">nearly</wf>
<wf cmd="tag" pos="RB">as</wf>
<wf cmd="tag" pos="JJ">mortal</wf>
<wf cmd="ignore" pos="IN">as</wf>
<wf cmd="ignore" pos="PRP">you</wf>
<punc>-</punc>
<wf cmd="ignore" pos="DT">the</wf>
<wf cmd="tag" pos="NN">difference</wf>
<wf cmd="done" pos="VBZ" ot="notag">does</wf>
<wf cmd="tag" pos="RB">not</wf>
<wf cmd="done" pos="VB" lemma="seem" wnsn="1" lexsn="2:39:00::">seem</wf>
<wf cmd="tag" pos="RB">very</wf>
<wf cmd="tag" pos="JJ">marked</wf>
<wf cmd="ignore" pos="TO">to</wf>
<wf cmd="ignore" pos="PRP">us</wf>
<punc>,</punc>
<wf cmd="ignore" pos="WRB">where</wf>
<wf cmd="ignore" pos="PRP">it</wf>
<wf cmd="done" pos="VB" lemma="exist" wnsn="1" lexsn="2:42:00::">exists</wf>
<punc>.</punc>
</s>
<s snum="14">
<wf cmd="ignore" pos="CC">But</wf>
<wf cmd="ignore" pos="PRP">they</wf>
<wf cmd="done" pos="VBP" ot="notag">have</wf>
<wf cmd="done" pos="VB" lemma="survive" wnsn="1" lexsn="2:42:01::">survived</wf>
<wf cmd="ignore" pos="IN">for</wf>
<wf cmd="tag" pos="JJ">long</wf>
<wf cmd="tag" pos="NNS">periods</wf>
<wf cmd="ignore" pos="IN">as</wf>
<wf cmd="tag" pos="NNS">races</wf>
<punc>,</punc>
<wf cmd="ignore" pos="IN">whereas</wf>
<wf cmd="ignore" pos="PRP">you</wf>
<wf cmd="done" pos="VB" lemma="be" wnsn="1" lexsn="2:42:03::">are</wf>
<wf cmd="tag" pos="JJ">young</wf>
<punc>.</punc>
</s>
<s snum="15">
<wf cmd="ignore" pos="PRP">We</wf>
<wf cmd="ignore" pos="MD">shall</wf>
<wf cmd="done" pos="VB" lemma="recommend" wnsn="1" lexsn="2:32:01::">recommend</wf>
<wf cmd="ignore" pos="TO">to</wf>
<wf cmd="ignore" pos="PRP">them</wf>
<wf cmd="ignore" pos="IN">that</wf>
<wf cmd="ignore" pos="PRP">they</wf>
<wf cmd="done" pos="VB" lemma="shorten" wnsn="1" lexsn="2:30:01::">shorten</wf>
<wf cmd="ignore" pos="PRP$">your</wf>
<wf cmd="tag" pos="NN">trial</wf>
<wf cmd="tag" pos="NN">period</wf>
<wf cmd="ignore" pos="IN">by</wf>
<wf cmd="tag" pos="NN">half</wf>
<punc>.</punc>
</s>
</p>
<p pnum="7">
<s snum="16">
<punc>``</punc>
<wf cmd="tag" pos="RB">For_now</wf>
<punc>,</punc>
<wf cmd="ignore" pos="PRP">it</wf>
<wf cmd="done" pos="VB" lemma="be" wnsn="1" lexsn="2:42:03::">is</wf>
<wf cmd="tag" pos="JJ">clear</wf>
<wf cmd="ignore" pos="IN">that</wf>
<wf cmd="ignore" pos="PRP">we</wf>
<wf cmd="done" pos="VB" lemma="be" wnsn="1" lexsn="2:42:03::">were</wf>
<wf cmd="done" pos="VB" ot="notag">in</wf>
<wf cmd="done" pos="VB" ot="notag">the</wf>
<wf cmd="tag" pos="JJ">wrong</wf>
<punc>.</punc>
</s>
<s snum="17">
<wf cmd="ignore" pos="PRP">You</wf>
<wf cmd="ignore" pos="MD">may</wf>
<wf cmd="done" pos="VB" lemma="reclaim" wnsn="1" lexsn="2:40:00::">reclaim</wf>
<wf cmd="ignore" pos="PRP$">your</wf>
<wf cmd="tag" pos="NN">property</wf>
<punc>,</punc>
<wf cmd="ignore" pos="CC">and</wf>
<wf cmd="ignore" pos="DT">the</wf>
<wf cmd="tag" pos="NN">penalty</wf>
<wf cmd="ignore" pos="IN">on</wf>
<wf cmd="tag" pos="NNP">Hesperus</wf>
<wf cmd="done" pos="VB" ot="notag">is</wf>
<wf cmd="done" pos="VB" lemma="lift" wnsn="6" lexsn="2:32:00::">lifted</wf>
<punc>.</punc>
</s>
<s snum="18">
<wf cmd="tag" pos="NNP">Hesperus</wf>
<punc>,</punc>
<wf cmd="ignore" pos="PRP">you</wf>
<wf cmd="ignore" pos="MD">may</wf>
<wf cmd="done" pos="VB" lemma="speak" wnsn="2" lexsn="2:32:01::">speak</wf>
<punc>''</punc>
<punc>.</punc>
</s>
</p>
<p pnum="8">
<s snum="19">
<punc>``</punc>
<wf cmd="ignore" pos="PRP">I</wf>
<wf cmd="done" pos="VBD" ot="notag">did</wf>
<wf cmd="tag" pos="RB">not</wf>
<wf cmd="done" pos="VB" lemma="perceive" wnsn="1" lexsn="2:39:00::">perceive</wf>
<wf cmd="ignore" pos="DT">this</wf>
<wf cmd="tag" pos="JJ">essential</wf>
<wf cmd="tag" pos="NN">distinction</wf>
<wf cmd="ignore" pos="DT">either</wf>
<punc>,</punc>
<wf cmd="tag" pos="NNP">First-Born</wf>
<punc>''</punc>
<punc>,</punc>
<wf cmd="tag" pos="NNP">Hesperus</wf>
<wf cmd="done" pos="VB" lemma="say" wnsn="1" lexsn="2:32:00::">said</wf>
<wf cmd="tag" pos="RB">at_once</wf>
<punc>,</punc>
<punc>``</punc>
<wf cmd="ignore" pos="PRP">I</wf>
<wf cmd="done" pos="VBD" ot="notag">was</wf>
<wf cmd="tag" pos="RB">only</wf>
<wf cmd="done" pos="VB" lemma="practice" wnsn="4" lexsn="2:41:01::">practicing</wf>
<wf cmd="ignore" pos="DT">a</wf>
<wf cmd="tag" pos="NN">concept</wf>
<wf cmd="ignore" pos="IN">that</wf>
<wf cmd="tag" pos="NNP">Jack</wf>
<wf cmd="done" pos="VB" lemma="teach" wnsn="1" lexsn="2:32:00::">taught</wf>
<wf cmd="ignore" pos="PRP">me</wf>
<punc>,</punc>
<wf cmd="tag" pos="JJ">called</wf>
<wf cmd="ignore" pos="DT">a</wf>
<wf cmd="tag" pos="NN">deal</wf>
<punc>''</punc>
<punc>.</punc>
</s>
</p>
<p pnum="9">
<s snum="20">
<punc>``</punc>
<wf cmd="tag" pos="RB">Nevertheless</wf>
<punc>,</punc>
<wf cmd="ignore" pos="PRP">you</wf>
<wf cmd="done" pos="VB" lemma="be" wnsn="2" lexsn="2:42:06::">were</wf>
<wf cmd="ignore" pos="PRP$">its</wf>
<wf cmd="tag" pos="NN">agent</wf>
<punc>.</punc>
</s>
<s snum="21">
<wf cmd="tag" pos="NNP">Jack</wf>
<punc>,</punc>
<wf cmd="ignore" pos="WP">what</wf>
<wf cmd="done" pos="VB" lemma="be" wnsn="7" lexsn="2:42:02::">is</wf>
<wf cmd="ignore" pos="DT">the</wf>
<wf cmd="tag" pos="NN">nature</wf>
<wf cmd="tag" pos="RB">of_this</wf>
<wf cmd="tag" pos="NN">concept</wf>
<punc>''</punc>
<punc>?</punc>
</s>
</p>
<p pnum="10">
<s snum="22">
<punc>``</punc>
<wf cmd="ignore" pos="PRP">It</wf>
<wf cmd="done" rdf="is" pos="VB" lemma="be" wnsn="2" lexsn="2:42:06::">'s</wf>
<wf cmd="ignore" pos="DT">a</wf>
<wf cmd="tag" pos="RB">kind_of</wf>
<wf cmd="tag" pos="NN">agreement</wf>
<wf cmd="tag" pos="RB">in_which</wf>
<wf cmd="ignore" pos="DT">each</wf>
<wf cmd="tag" pos="NN">party</wf>
<wf cmd="done" pos="VB" lemma="give" wnsn="3" lexsn="2:40:00::">gives</wf>
<wf cmd="tag" pos="NN">something</wf>
<wf cmd="ignore" pos="TO">to</wf>
<wf cmd="ignore" pos="DT">the</wf>
<wf cmd="tag" pos="JJ">other</wf>
<punc>''</punc>
<punc>,</punc>
<wf cmd="tag" pos="NNP">Jack</wf>
<wf cmd="done" pos="VB" lemma="say" wnsn="1" lexsn="2:32:00::">said</wf>
<punc>.</punc>
</s>
<s snum="23">
<punc>``</punc>
<wf cmd="ignore" pos="PRP">We</wf>
<wf cmd="done" pos="VB" lemma="regard" wnsn="1" lexsn="2:31:00::">regard</wf>
<wf cmd="ignore" pos="PRP">it</wf>
<wf cmd="ignore" pos="IN">as</wf>
<wf cmd="tag" pos="JJ">fair</wf>
<wf cmd="tag" pos="RB">only</wf>
<wf cmd="ignore" pos="WRB">when</wf>
<wf cmd="ignore" pos="DT">each</wf>
<wf cmd="tag" pos="NN">party</wf>
<wf cmd="done" pos="VB" lemma="feel" wnsn="2" lexsn="2:31:00::">feels</wf>
<wf cmd="ignore" pos="IN">that</wf>
<wf cmd="ignore" pos="WP">what</wf>
<wf cmd="ignore" pos="PRP">he</wf>
<wf cmd="done" pos="VBZ" ot="notag">has</wf>
<wf cmd="done" pos="VB" lemma="receive" wnsn="1" lexsn="2:40:00::">received</wf>
<wf cmd="done" pos="VB" lemma="be" wnsn="1" lexsn="2:42:03::">is</wf>
<wf cmd="ignore" pos="IN">as</wf>
<wf cmd="tag" pos="JJ">valuable</wf>
<punc>,</punc>
<wf cmd="ignore" pos="CC">or</wf>
<wf cmd="tag" pos="RBR">more</wf>
<wf cmd="tag" pos="JJ">valuable</wf>
<punc>,</punc>
<wf cmd="ignore" pos="IN">than</wf>
<wf cmd="ignore" pos="WP">what</wf>
<wf cmd="ignore" pos="PRP">he</wf>
<wf cmd="done" pos="VBZ" ot="notag">has</wf>
<wf cmd="done" pos="VB" lemma="give" wnsn="3" lexsn="2:40:00::">given</wf>
<punc>''</punc>
<punc>.</punc>
</s>
<s snum="24">
<wf cmd="ignore" pos="PRP$">His</wf>
<wf cmd="tag" pos="NN">heart</wf>
<punc>,</punc>
<wf cmd="ignore" pos="PRP">he</wf>
<wf cmd="done" pos="VB" lemma="discover" wnsn="3" lexsn="2:36:00::">discovered</wf>
<punc>,</punc>
<wf cmd="done" pos="VBD" ot="notag">was</wf>
<wf cmd="done" pos="VB" lemma="pound" wnsn="4" lexsn="2:38:00::">pounding</wf>
<punc>.</punc>
</s>
<s snum="25">
<punc>``</punc>
<wf cmd="tag" pos="RB">For_instance</wf>
<punc>,</punc>
<wf cmd="tag" pos="NNP">Hesperus</wf>
<wf cmd="done" pos="VB" lemma="agree" wnsn="2" lexsn="2:32:01::">agreed</wf>
<wf cmd="ignore" pos="TO">to</wf>
<wf cmd="done" pos="VB" lemma="help" wnsn="1" lexsn="2:41:00::">help</wf>
<wf cmd="ignore" pos="PRP">me</wf>
<wf cmd="done" pos="VB" lemma="find" wnsn="3" lexsn="2:40:00::">find</wf>
<wf cmd="ignore" pos="PRP$">my</wf>
<wf cmd="tag" pos="NN">property</wf>
<punc>,</punc>
<wf cmd="ignore" pos="CC">and</wf>
<wf cmd="ignore" pos="PRP">I</wf>
<wf cmd="done" pos="VB" lemma="agree" wnsn="2" lexsn="2:32:01::">agreed</wf>
<wf cmd="ignore" pos="TO">to</wf>
<wf cmd="done" pos="VB" lemma="take" wnsn="3" lexsn="2:38:09::">take</wf>
<wf cmd="ignore" pos="PRP">him</wf>
<wf cmd="ignore" pos="TO">to</wf>
<wf cmd="tag" pos="NNP">Earth</wf>
<punc>.</punc>
</s>
<s snum="26">
<wf cmd="ignore" pos="IN">Between</wf>
<wf cmd="tag" pos="NNS">individuals</wf>
<punc>,</punc>
<wf cmd="ignore" pos="DT">this</wf>
<wf cmd="tag" pos="NN">process</wf>
<wf cmd="done" pos="VB" ot="notag">is</wf>
<wf cmd="done" pos="VB" lemma="call" wnsn="1" lexsn="2:32:02::">called</wf>
<wf cmd="tag" pos="NN">bargaining</wf>
<punc>.</punc>
</s>
<s snum="27">
<wf cmd="ignore" pos="WRB">When</wf>
<wf cmd="ignore" pos="PRP">it</wf>
<wf cmd="done" pos="VBZ" ot="notag">is</wf>
<wf cmd="done" pos="VB" lemma="do" wnsn="1" lexsn="2:41:01::">done</wf>
<wf cmd="ignore" pos="IN">between</wf>
<wf cmd="tag" pos="NNS">races</wf>
<wf cmd="ignore" pos="CC">or</wf>
<wf cmd="tag" pos="NNS">nations</wf>
<punc>,</punc>
<wf cmd="ignore" pos="PRP">it</wf>
<wf cmd="done" pos="VB" ot="notag">is</wf>
<wf cmd="done" pos="VB" lemma="call" wnsn="1" lexsn="2:32:02::">called</wf>
<wf cmd="done" pos="VB" lemma="make" wnsn="1" lexsn="2:41:00::">making</wf>
<wf cmd="ignore" pos="DT">a</wf>
<wf cmd="tag" pos="NN">treaty</wf>
<punc>.</punc>
</s>
<s snum="28">
<wf cmd="ignore" pos="CC">And</wf>
<wf cmd="ignore" pos="DT">the</wf>
<wf cmd="tag" pos="JJ">major</wf>
<wf cmd="tag" pos="NN">part</wf>
<wf cmd="ignore" pos="IN">of</wf>
<wf cmd="ignore" pos="PRP$">my</wf>
<wf cmd="tag" pos="NN">mission</wf>
<wf cmd="ignore" pos="TO">to</wf>
<wf cmd="ignore" pos="PRP$">your</wf>
<wf cmd="tag" pos="NN">nest</wf>
<wf cmd="done" pos="VB" lemma="be" wnsn="2" lexsn="2:42:06::">is</wf>
<wf cmd="ignore" pos="TO">to</wf>
<wf cmd="done" pos="VB" lemma="make" wnsn="1" lexsn="2:41:00::">make</wf>
<wf cmd="ignore" pos="DT">a</wf>
<wf cmd="tag" pos="NN">treaty</wf>
<wf cmd="ignore" pos="IN">between</wf>
<wf cmd="ignore" pos="PRP$">your</wf>
<wf cmd="tag" pos="NN">race</wf>
<wf cmd="ignore" pos="CC">and</wf>
<wf cmd="tag" pos="NN">mine</wf>
<punc>.</punc>
</s>
<s snum="29">
<wf cmd="done" pos="VB" lemma="recover" wnsn="1" lexsn="2:40:00::">Recovering</wf>
<wf cmd="ignore" pos="DT">the</wf>
<wf cmd="tag" pos="NN">property</wf>
<wf cmd="done" pos="VB" lemma="be" wnsn="1" lexsn="2:42:03::">was</wf>
<wf cmd="tag" pos="JJ">much</wf>
<wf cmd="tag" pos="RBR">less</wf>
<wf cmd="tag" pos="JJ">important</wf>
<punc>''</punc>
<punc>.</punc>
</s>
</p>
<p pnum="11">
<s snum="30">
<punc>``</punc>
<wf cmd="tag" pos="JJ">Strange</wf>
<punc>''</punc>
<punc>,</punc>
<wf cmd="tag" pos="NNP">Gabriel</wf>
<wf cmd="done" pos="VB" lemma="say" wnsn="1" lexsn="2:32:00::">said</wf>
<punc>.</punc>
</s>
<s snum="31">
<punc>``</punc>
<wf cmd="ignore" pos="CC">And</wf>
<wf cmd="tag" pos="RB">apparently</wf>
<wf cmd="tag" pos="JJ">impossible</wf>
<punc>.</punc>
</s>
<s snum="32">
<wf cmd="ignore" pos="IN">Though</wf>
<wf cmd="ignore" pos="PRP">it</wf>
<wf cmd="ignore" pos="MD">might</wf>
<wf cmd="done" pos="VB" ot="notag">be</wf>
<wf cmd="ignore" pos="IN">that</wf>
<wf cmd="ignore" pos="PRP">we</wf>
<wf cmd="ignore" pos="MD">would</wf>
<wf cmd="done" pos="VB" lemma="have" wnsn="1" lexsn="2:40:00::">have</wf>
<wf cmd="tag" pos="JJ">much</wf>
<wf cmd="ignore" pos="TO">to</wf>
<wf cmd="done" pos="VB" lemma="give" wnsn="3" lexsn="2:40:00::">give</wf>
<wf cmd="ignore" pos="PRP">you</wf>
<punc>,</punc>
<wf cmd="ignore" pos="PRP">you</wf>
<wf cmd="done" pos="VB" lemma="have" wnsn="1" lexsn="2:40:00::">have</wf>
<wf cmd="tag" pos="NN">nothing</wf>
<wf cmd="ignore" pos="TO">to</wf>
<wf cmd="done" pos="VB" lemma="give" wnsn="3" lexsn="2:40:00::">give</wf>
<wf cmd="ignore" pos="PRP">us</wf>
<punc>''</punc>
<punc>.</punc>
</s>
</p>
<p pnum="12">
<s snum="33">
<punc>``</punc>
<wf cmd="tag" pos="NNP">Hesperus</wf>
<wf cmd="ignore" pos="CC">and</wf>
<wf cmd="tag" pos="NNP">Lucifer</wf>
<punc>''</punc>
<punc>,</punc>
<wf cmd="tag" pos="NNP">Jack</wf>
<wf cmd="done" pos="VB" lemma="say" wnsn="1" lexsn="2:32:00::">said</wf>
<punc>,</punc>
<punc>``</punc>
<wf cmd="done" pos="VB" lemma="show" wnsn="2" lexsn="2:31:00::">show</wf>
<wf cmd="ignore" pos="IN">that</wf>
<wf cmd="ignore" pos="PRP">we</wf>
<wf cmd="done" pos="VBP" ot="notag">do</wf>
<punc>''</punc>
<punc>.</punc>
</s>
</p>
<p pnum="13">
<s snum="34">
<wf cmd="ignore" pos="DT">Another</wf>
<wf cmd="tag" pos="NN">pause</wf>
<punc>;</punc>
<wf cmd="ignore" pos="CC">but</wf>
<wf cmd="ignore" pos="DT">this</wf>
<wf cmd="tag" pos="CD">one</wf>
<wf cmd="done" pos="VB" lemma="be" wnsn="1" lexsn="2:42:03::">was</wf>
<wf cmd="tag" pos="RB">not_nearly</wf>
<wf cmd="ignore" pos="IN">as</wf>
<wf cmd="tag" pos="JJ">long</wf>
<punc>.</punc>
</s>
</p>
<p pnum="14">
<s snum="35">
<punc>``</punc>
<wf cmd="tag" pos="RB">Then</wf>
<wf cmd="ignore" pos="PRP">it</wf>
<wf cmd="done" pos="VB" lemma="be" wnsn="1" lexsn="2:42:03::">is</wf>
<wf cmd="ignore" pos="DT">a</wf>
<wf cmd="tag" pos="NN">matter</wf>
<wf cmd="ignore" pos="IN">of</wf>
<wf cmd="tag" pos="NN">pleasure</wf>
<punc>;</punc>
<wf cmd="ignore" pos="IN">of</wf>
<wf cmd="tag" pos="NN">curiosity</wf>
<punc>;</punc>
<wf cmd="ignore" pos="IN">of</wf>
<wf cmd="ignore" pos="DT">a</wf>
<wf cmd="tag" pos="RBR">more</wf>
<wf cmd="tag" pos="JJ">alive</wf>
<wf cmd="tag" pos="NN">time</wf>
<punc>.</punc>
</s>
<s snum="36">
<wf cmd="ignore" pos="UH">Yes</wf>
<punc>,</punc>
<wf cmd="ignore" pos="DT">those</wf>
<wf cmd="ignore" pos="MD">could</wf>
<wf cmd="done" pos="VB" lemma="be" wnsn="7" lexsn="2:42:02::">be</wf>
<wf cmd="tag" pos="NNS">commodities</wf>
<wf cmd="ignore" pos="IN">under</wf>
<wf cmd="ignore" pos="DT">this</wf>
<wf cmd="tag" pos="NN">concept</wf>
<punc>.</punc>
</s>
<s snum="37">
<wf cmd="ignore" pos="CC">But</wf>
<wf cmd="ignore" pos="PRP">you</wf>
<wf cmd="ignore" pos="MD">should</wf>
<wf cmd="done" pos="VB" lemma="understand" wnsn="2" lexsn="2:31:01::">understand</wf>
<punc>,</punc>
<wf cmd="tag" pos="NNP">Jack</wf>
<punc>,</punc>
<wf cmd="ignore" pos="IN">that</wf>
<wf cmd="tag" pos="NNP">Hesperus</wf>
<wf cmd="ignore" pos="CC">and</wf>
<wf cmd="tag" pos="NNP">Lucifer</wf>
<wf cmd="done" pos="VB" lemma="be" wnsn="1" lexsn="2:42:03::">are</wf>
<wf cmd="tag" pos="RB">not_long</wf>
<wf cmd="ignore" pos="IN">out</wf>
<wf cmd="ignore" pos="IN">of</wf>
<wf cmd="ignore" pos="DT">the</wf>
<wf cmd="tag" pos="NN">nursery</wf>
<punc>.</punc>
</s>
<s snum="38">
<wf cmd="done" pos="VB" lemma="visit" wnsn="2" lexsn="2:38:00::">Visiting</wf>
<wf cmd="ignore" pos="DT">the</wf>
<wf cmd="tag" pos="NNP">Earth</wf>
<wf cmd="ignore" pos="MD">would</wf>
<wf cmd="tag" pos="RB">not</wf>
<wf cmd="done" pos="VB" lemma="be" wnsn="1" lexsn="2:42:03::">be</wf>
<wf cmd="ignore" pos="DT">an</wf>
<wf cmd="tag" pos="NN">offering</wf>
<wf cmd="ignore" pos="IN">of</wf>
<wf cmd="tag" pos="JJ">worth</wf>
<wf cmd="ignore" pos="TO">to</wf>
<wf cmd="ignore" pos="DT">those</wf>
<wf cmd="ignore" pos="IN">of</wf>
<wf cmd="ignore" pos="PRP">us</wf>
<wf cmd="ignore" pos="WP">who</wf>
<wf cmd="done" pos="VB" lemma="be" wnsn="1" lexsn="2:42:03::">are</wf>
<wf cmd="tag" pos="JJR">older</wf>
<punc>''</punc>
<punc>.</punc>
</s>
</p>
<p pnum="15">
<s snum="39">
<wf cmd="ignore" pos="DT">This</wf>
<wf cmd="done" pos="VB" lemma="explain" wnsn="1" lexsn="2:32:00::">explained</wf>
<wf cmd="ignore" pos="DT">a</wf>
<wf cmd="tag" pos="NN">great_deal</wf>
<punc>.</punc>
</s>
<s snum="40">
<punc>``</punc>
<wf cmd="ignore" pos="DT">All</wf>
<wf cmd="ignore" pos="DT">the</wf>
<wf cmd="tag" pos="JJR">more</wf>
<wf cmd="tag" pos="NN">reason</wf>
<punc>,</punc>
<wf cmd="tag" pos="RB">then</wf>
<punc>''</punc>
<punc>,</punc>
<wf cmd="tag" pos="NNP">Jack</wf>
<wf cmd="done" pos="VB" lemma="say" wnsn="1" lexsn="2:32:00::">said</wf>
<punc>,</punc>
<punc>``</punc>
<wf cmd="ignore" pos="WRB">why</wf>
<wf cmd="ignore" pos="PRP">we</wf>
<wf cmd="ignore" pos="MD">must</wf>
<wf cmd="done" pos="VB" lemma="have" wnsn="1" lexsn="2:40:00::">have</wf>
<wf cmd="ignore" pos="DT">a</wf>
<wf cmd="tag" pos="NN">treaty</wf>
<punc>.</punc>
</s>
<s snum="41">
<wf cmd="ignore" pos="PRP">We</wf>
<wf cmd="ignore" pos="MD">will</wf>
<wf cmd="tag" pos="RB">gladly</wf>
<wf cmd="done" pos="VB" lemma="entertain" wnsn="1" lexsn="2:41:00::">entertain</wf>
<wf cmd="ignore" pos="PRP$">your</wf>
<wf cmd="tag" pos="JJ">young</wf>
<wf cmd="ignore" pos="CC">and</wf>
<wf cmd="done" pos="VB" lemma="give" wnsn="2" lexsn="2:40:05::">give</wf>
<wf cmd="ignore" pos="PRP">them</wf>
<wf cmd="tag" pos="JJ">proper</wf>
<wf cmd="tag" pos="NN">living_quarters</wf>
<punc>,</punc>
<wf cmd="tag" pos="RB">in_return</wf>
<wf cmd="ignore" pos="IN">for</wf>
<wf cmd="ignore" pos="PRP$">their</wf>
<wf cmd="tag" pos="NN">help</wf>
<wf cmd="ignore" pos="IN">in</wf>
<wf cmd="done" pos="VB" lemma="run" wnsn="4" lexsn="2:41:02::">running</wf>
<wf cmd="ignore" pos="PRP$">our</wf>
<wf cmd="tag" pos="NN">fusion_reactors</wf>
<punc>.</punc>
</s>
<s snum="42">
<wf cmd="ignore" pos="CC">But</wf>
<wf cmd="ignore" pos="PRP">we</wf>
<wf cmd="ignore" pos="MD">must</wf>
<wf cmd="done" pos="VB" lemma="know" wnsn="3" lexsn="2:31:02::">know</wf>
<wf cmd="ignore" pos="IN">if</wf>
<wf cmd="ignore" pos="DT">this</wf>
<wf cmd="done" pos="VB" lemma="be" wnsn="1" lexsn="2:42:03::">is</wf>
<wf cmd="tag" pos="RB">in_accordance_with</wf>
<wf cmd="ignore" pos="PRP$">your</wf>
<wf cmd="tag" pos="NNS">customs</wf>
<punc>,</punc>
<wf cmd="ignore" pos="CC">and</wf>
<wf cmd="ignore" pos="MD">must</wf>
<wf cmd="done" pos="VB" lemma="have" wnsn="1" lexsn="2:40:00::">have</wf>
<wf cmd="ignore" pos="PRP$">your</wf>
<wf cmd="tag" pos="NN">agreement</wf>
<wf cmd="ignore" pos="PRP">they</wf>
<wf cmd="ignore" pos="MD">will</wf>
<wf cmd="tag" pos="RB">not</wf>
<wf cmd="done" pos="VB" lemma="misuse" wnsn="1" lexsn="2:34:00::">misuse</wf>
<wf cmd="ignore" pos="DT">the</wf>
<wf cmd="tag" pos="NN">power</wf>
<wf cmd="ignore" pos="PRP">we</wf>
<wf cmd="done" pos="VB" lemma="put" wnsn="1" lexsn="2:35:00::">put</wf>
<wf cmd="done" pos="VB" ot="notag">in</wf>
<wf cmd="ignore" pos="PRP$">their</wf>
<wf cmd="tag" pos="NNS">hands</wf>
<punc>,</punc>
<wf cmd="ignore" pos="TO">to</wf>
<wf cmd="ignore" pos="PRP$">our</wf>
<wf cmd="tag" pos="JJ">hurt</wf>
<punc>''</punc>
<punc>.</punc>
</s>
</p>
<p pnum="16">
<s snum="43">
<punc>``</punc>
<wf cmd="ignore" pos="CC">But</wf>
<wf cmd="ignore" pos="DT">this</wf>
<wf cmd="tag" pos="RB">simply</wf>
<wf cmd="done" pos="VB" lemma="require" wnsn="1" lexsn="2:42:00::">requires</wf>
<wf cmd="ignore" pos="IN">that</wf>
<wf cmd="ignore" pos="PRP">they</wf>
<wf cmd="done" pos="VB" lemma="behave" wnsn="1" lexsn="2:29:00::">behave</wf>
<wf cmd="tag" pos="RB">in_accordance_with</wf>
<wf cmd="ignore" pos="DT">the</wf>
<wf cmd="tag" pos="NNS">dictates</wf>
<wf cmd="ignore" pos="IN">of</wf>
<wf cmd="ignore" pos="PRP$">their</wf>
<wf cmd="tag" pos="JJ">own</wf>
<wf cmd="tag" pos="NNS">natures</wf>
<punc>,</punc>
<wf cmd="ignore" pos="CC">and</wf>
<wf cmd="done" pos="VB" lemma="respect" wnsn="2" lexsn="2:41:00::">respect</wf>
<wf cmd="ignore" pos="PRP">yours</wf>
<wf cmd="tag" pos="RB">in_turn</wf>
<punc>.</punc>
</s>
<s snum="44">
<wf cmd="ignore" pos="TO">To</wf>
<wf cmd="ignore" pos="DT">this</wf>
<wf cmd="ignore" pos="PRP">we</wf>
<wf cmd="tag" pos="RB">of_course</wf>
<wf cmd="done" pos="VB" lemma="agree" wnsn="2" lexsn="2:32:01::">agree</wf>
<punc>''</punc>
<punc>.</punc>
</s>
</p>
<p pnum="17">
<s snum="45">
<wf cmd="tag" pos="NNP">Jack</wf>
<wf cmd="done" pos="VB" lemma="feel" wnsn="1" lexsn="2:37:00::">felt</wf>
<wf cmd="ignore" pos="DT">a</wf>
<wf cmd="tag" pos="NN">wave</wf>
<wf cmd="ignore" pos="IN">of</wf>
<wf cmd="tag" pos="JJ">complete</wf>
<wf cmd="tag" pos="NN">elation</wf>
<punc>,</punc>
<wf cmd="ignore" pos="CC">but</wf>
<wf cmd="ignore" pos="IN">in</wf>
<wf cmd="ignore" pos="DT">a</wf>
<wf cmd="tag" pos="JJ">second</wf>
<wf cmd="ignore" pos="PRP">it</wf>
<wf cmd="done" pos="VBD" ot="notag">had</wf>
<wf cmd="done" pos="VB" lemma="vanish" wnsn="1" lexsn="2:30:00::">vanished</wf>
<wf cmd="ignore" pos="IN">without</wf>
<wf cmd="ignore" pos="DT">a</wf>
<wf cmd="tag" pos="NN">trace</wf>
<punc>.</punc>
</s>
<s snum="46">
<wf cmd="ignore" pos="WP">What</wf>
<wf cmd="tag" pos="NNP">Gabriel</wf>
<wf cmd="done" pos="VBD" ot="notag">was</wf>
<wf cmd="done" pos="VB" lemma="ask" wnsn="2" lexsn="2:32:01::">asking</wf>
<wf cmd="done" pos="VB" lemma="be" wnsn="2" lexsn="2:42:06::">was</wf>
<wf cmd="ignore" pos="IN">that</wf>
<wf cmd="tag" pos="NN">mankind</wf>
<wf cmd="done" pos="VB" lemma="forego" wnsn="1" lexsn="2:42:00::">forego</wf>
<wf cmd="ignore" pos="DT">all</wf>
<wf cmd="ignore" pos="PRP$">its</wf>
<wf cmd="tag" pos="JJ">parochial</wf>
<wf cmd="tag" pos="JJ">moral</wf>
<wf cmd="tag" pos="NNS">judgments</wf>
<punc>,</punc>
<wf cmd="ignore" pos="CC">and</wf>
<wf cmd="done" pos="VB" lemma="contract" wnsn="1" lexsn="2:32:00::">contract</wf>
<wf cmd="ignore" pos="TO">to</wf>
<wf cmd="done" pos="VB" lemma="let" wnsn="1" lexsn="2:41:00::">let</wf>
<wf cmd="ignore" pos="DT">the</wf>
<wf cmd="tag" pos="NNPS">Angels</wf>
<wf cmd="done" pos="VB" lemma="serve" wnsn="2" lexsn="2:33:00::">serve</wf>
<wf cmd="ignore" pos="IN">on</wf>
<wf cmd="tag" pos="NNP">Earth</wf>
<wf cmd="tag" pos="RB">as_it_is</wf>
<wf cmd="ignore" pos="IN">in</wf>
<wf cmd="tag" pos="NNP">Heaven</wf>
<wf cmd="tag" pos="RB">regardless_of</wf>
<wf cmd="ignore" pos="DT">the</wf>
<wf cmd="tag" pos="JJ">applicable</wf>
<wf cmd="tag" pos="NNP">Earth</wf>
<wf cmd="tag" pos="NNS">laws</wf>
<punc>.</punc>
</s>
<s snum="47">
<wf cmd="ignore" pos="DT">The</wf>
<wf cmd="tag" pos="NNPS">Angels</wf>
<wf cmd="tag" pos="RB">in_turn</wf>
<wf cmd="ignore" pos="MD">would</wf>
<wf cmd="done" pos="VB" lemma="exercise" wnsn="1" lexsn="2:34:00::">exercise</wf>
<wf cmd="tag" pos="JJ">similar</wf>
<wf cmd="tag" pos="NNS">restraints</wf>
<wf cmd="ignore" pos="IN">in</wf>
<wf cmd="tag" pos="NN">respect</wf>
<wf cmd="ignore" pos="IN">for</wf>
<wf cmd="ignore" pos="DT">the</wf>
<wf cmd="tag" pos="JJ">natural</wf>
<wf cmd="tag" pos="NNS">preferences</wf>
<wf cmd="ignore" pos="CC">and</wf>
<wf cmd="tag" pos="NNS">natures</wf>
<wf cmd="ignore" pos="IN">of</wf>
<wf cmd="ignore" pos="DT">the</wf>
<wf cmd="tag" pos="NNPS">Earthmen</wf>
<punc>-</punc>
<wf cmd="ignore" pos="CC">but</wf>
<wf cmd="ignore" pos="PRP">they</wf>
<wf cmd="done" pos="VB" lemma="have" wnsn="3" lexsn="2:39:06::">had</wf>
<wf cmd="ignore" pos="DT">no</wf>
<wf cmd="tag" pos="JJS">faintest</wf>
<wf cmd="tag" pos="NN">notion</wf>
<wf cmd="ignore" pos="IN">of</wf>
<wf cmd="tag" pos="NN">man</wf>
<wf cmd="ignore" pos="POS">'s</wf>
<wf cmd="tag" pos="JJ">perverse</wf>
<wf cmd="tag" pos="NN">habit</wf>
<wf cmd="ignore" pos="IN">of</wf>
<wf cmd="done" pos="VB" lemma="pass" wnsn="3" lexsn="2:41:02::">passing</wf>
<wf cmd="ignore" pos="CC">and</wf>
<wf cmd="done" pos="VB" lemma="enforce" wnsn="1" lexsn="2:41:00::">enforcing</wf>
<wf cmd="tag" pos="NNS">laws</wf>
<wf cmd="ignore" pos="WDT">which</wf>
<wf cmd="done" pos="VB" lemma="be" wnsn="1" lexsn="2:42:03::">were</wf>
<wf cmd="tag" pos="JJ">contrary</wf>
<wf cmd="ignore" pos="TO">to</wf>
<wf cmd="ignore" pos="PRP$">his</wf>
<wf cmd="tag" pos="JJ">own</wf>
<wf cmd="tag" pos="NNS">preferences</wf>
<wf cmd="ignore" pos="CC">and</wf>
<wf cmd="tag" pos="NNS">violations</wf>
<wf cmd="ignore" pos="IN">of</wf>
<wf cmd="ignore" pos="PRP$">his</wf>
<wf cmd="tag" pos="NN">nature</wf>
<punc>.</punc>
</s>
</p>
<p pnum="18">
<s snum="48">
<wf cmd="ignore" pos="DT">The</wf>
<wf cmd="tag" pos="JJ">simple</wf>
<wf cmd="tag" pos="NN">treaty</wf>
<wf cmd="tag" pos="NN">principle</wf>
<wf cmd="ignore" pos="IN">that</wf>
<wf cmd="tag" pos="NNP">Gabriel</wf>
<wf cmd="done" pos="VBD" ot="notag">was</wf>
<wf cmd="done" pos="VB" lemma="ask" wnsn="2" lexsn="2:32:01::">asking</wf>
<wf cmd="ignore" pos="PRP">him</wf>
<wf cmd="ignore" pos="TO">to</wf>
<wf cmd="done" pos="VB" lemma="ratify" wnsn="1" lexsn="2:41:00::">ratify</wf>
<punc>,</punc>
<wf cmd="tag" pos="RB">in_short</wf>
<punc>,</punc>
<wf cmd="done" pos="VB" lemma="be" wnsn="1" lexsn="2:42:03::">was</wf>
<wf cmd="tag" pos="NN">nothing</wf>
<wf cmd="tag" pos="RB">less_than</wf>
<wf cmd="tag" pos="JJ">total</wf>
<wf cmd="tag" pos="NN">trust</wf>
<punc>.</punc>
</s>
</p>
<p pnum="19">
<s snum="49">
<wf cmd="tag" pos="NN">Nothing</wf>
<wf cmd="tag" pos="JJR">less</wf>
<wf cmd="ignore" pos="MD">would</wf>
<wf cmd="done" pos="VB" lemma="serve" wnsn="1" lexsn="2:42:03::">serve</wf>
<punc>.</punc>
</s>
<s snum="50">
<wf cmd="ignore" pos="CC">And</wf>
<wf cmd="ignore" pos="PRP">it</wf>
<wf cmd="ignore" pos="MD">might</wf>
<wf cmd="done" pos="VB" ot="notag">be</wf>
<punc>,</punc>
<wf cmd="done" pos="VB" lemma="consider" wnsn="3" lexsn="2:31:01::">considering</wf>
<wf cmd="ignore" pos="DT">the</wf>
<wf cmd="tag" pos="JJ">uncomfortable</wf>
<wf cmd="tag" pos="NN">custom</wf>
<wf cmd="ignore" pos="DT">the</wf>
<wf cmd="tag" pos="NNPS">Angels</wf>
<wf cmd="done" pos="VB" lemma="have" wnsn="1" lexsn="2:40:00::">had</wf>
<wf cmd="ignore" pos="IN">of</wf>
<wf cmd="done" pos="VB" lemma="think_of" wnsn="3" lexsn="2:31:01::">thinking_of</wf>
<wf cmd="tag" pos="NN">everything</wf>
<wf cmd="tag" pos="JJ">in_terms_of</wf>
<wf cmd="tag" pos="NNS">absolutes</wf>
<punc>,</punc>
<wf cmd="ignore" pos="IN">that</wf>
<wf cmd="ignore" pos="DT">the</wf>
<wf cmd="tag" pos="NN">proposal</wf>
<wf cmd="ignore" pos="IN">of</wf>
<wf cmd="tag" pos="NN">anything</wf>
<wf cmd="tag" pos="RBR">less</wf>
<wf cmd="ignore" pos="MD">might</wf>
<wf cmd="tag" pos="RB">well</wf>
<wf cmd="done" pos="VB" lemma="amount" wnsn="1" lexsn="2:42:03::">amount</wf>
<wf cmd="tag" pos="RB">instead</wf>
<wf cmd="ignore" pos="TO">to</wf>
<wf cmd="tag" pos="NN">something</wf>
<wf cmd="ignore" pos="IN">like</wf>
<wf cmd="ignore" pos="DT">a</wf>
<wf cmd="tag" pos="NN">declaration</wf>
<wf cmd="ignore" pos="IN">of</wf>
<wf cmd="tag" pos="NN">war</wf>
<punc>.</punc>
</s>
</p>
<p pnum="20">
<s snum="51">
<wf cmd="tag" pos="RB">Furthermore</wf>
<punc>,</punc>
<wf cmd="tag" pos="RB">even</wf>
<wf cmd="ignore" pos="DT">the</wf>
<wf cmd="tag" pos="RB">highly</wf>
<wf cmd="tag" pos="JJ">trained</wf>
<wf cmd="tag" pos="NN">law</wf>
<wf cmd="tag" pos="NN">clerk</wf>
<wf cmd="ignore" pos="WP">who</wf>
<wf cmd="done" pos="VB" lemma="be" wnsn="1" lexsn="2:42:03::">was</wf>
<wf cmd="done" pos="VB" ot="notag">a</wf>
<wf cmd="tag" pos="NN">part</wf>
<wf cmd="ignore" pos="IN">of</wf>
<wf cmd="tag" pos="NNP">Jack</wf>
<wf cmd="ignore" pos="POS">'s</wf>
<wf cmd="tag" pos="JJ">total</wf>
<wf cmd="tag" pos="NN">make-up</wf>
<wf cmd="ignore" pos="MD">could</wf>
<wf cmd="tag" pos="RB">not</wf>
<wf cmd="done" pos="VB" lemma="understand" wnsn="1" lexsn="2:31:00::">understand</wf>
<wf cmd="ignore" pos="WRB">how</wf>
<wf cmd="ignore" pos="DT">the</wf>
<wf cmd="tag" pos="NN">principle</wf>
<wf cmd="ignore" pos="MD">could</wf>
<wf cmd="tag" pos="RB">ever</wf>
<wf cmd="done" pos="VB" ot="notag">be</wf>
<wf cmd="done" pos="VB" lemma="codify" wnsn="1" lexsn="2:30:01::">codified</wf>
<punc>.</punc>
</s>
<s snum="52">
<wf cmd="tag" pos="RB">Almost</wf>
<wf cmd="ignore" pos="DT">the</wf>
<wf cmd="tag" pos="JJ">whole</wf>
<wf cmd="tag" pos="NN">experience</wf>
<wf cmd="ignore" pos="IN">of</wf>
<wf cmd="tag" pos="NN">mankind</wf>
<wf cmd="done" pos="VB" lemma="point" wnsn="2" lexsn="2:42:00::">pointed</wf>
<wf cmd="ignore" pos="IN">toward</wf>
<wf cmd="tag" pos="NN">suspicion</wf>
<punc>,</punc>
<wf cmd="tag" pos="RB">not</wf>
<wf cmd="tag" pos="NN">trust</wf>
<punc>,</punc>
<wf cmd="ignore" pos="IN">as</wf>
<wf cmd="ignore" pos="DT">the</wf>
<wf cmd="tag" pos="JJS">safest</wf>
<wf cmd="ignore" pos="CC">and</wf>
<wf cmd="tag" pos="JJS">sanest</wf>
<wf cmd="tag" pos="NN">attitude</wf>
<wf cmd="ignore" pos="IN">toward</wf>
<wf cmd="ignore" pos="DT">all</wf>
<wf cmd="tag" pos="NNS">outsiders</wf>
<punc>.</punc>
</s>
</p>
<p pnum="21">
<s snum="53">
<wf cmd="tag" pos="RB">Yet</wf>
<wf cmd="ignore" pos="EX">there</wf>
<wf cmd="done" pos="VB" ot="notag">was</wf>
<wf cmd="ignore" pos="DT">some</wf>
<wf cmd="tag" pos="NN">precedent</wf>
<wf cmd="ignore" pos="IN">for</wf>
<wf cmd="ignore" pos="PRP">it</wf>
<punc>.</punc>
</s>
<s snum="54">
<wf cmd="ignore" pos="DT">The</wf>
<wf cmd="tag" pos="NN">history</wf>
<wf cmd="ignore" pos="IN">of</wf>
<wf cmd="tag" pos="NN">disarmament</wf>
<wf cmd="tag" pos="NNS">agreements</wf>
<punc>,</punc>
<wf cmd="tag" pos="RB">for_instance</wf>
<punc>,</punc>
<wf cmd="done" pos="VBD" ot="notag">had</wf>
<wf cmd="done" pos="VB" lemma="be" wnsn="1" lexsn="2:42:03::">been</wf>
<wf cmd="tag" pos="RB">unreassuringly</wf>
<wf cmd="tag" pos="JJ">dismal</wf>
<punc>;</punc>
<wf cmd="ignore" pos="CC">but</wf>
<wf cmd="ignore" pos="DT">the</wf>
<wf cmd="tag" pos="NN">United_States</wf>
<wf cmd="ignore" pos="CC">and</wf>
<wf cmd="ignore" pos="DT">the</wf>
<wf cmd="tag" pos="NN">Union_of_Soviet_Socialist_Republics</wf>
<wf cmd="tag" pos="RB">nevertheless</wf>
<wf cmd="done" pos="VBD" ot="notag">did</wf>
<wf cmd="tag" pos="RB">eventually</wf>
<wf cmd="done" pos="VB" lemma="agree" wnsn="1" lexsn="2:32:00::">agree</wf>
<wf cmd="ignore" pos="IN">on</wf>
<wf cmd="ignore" pos="DT">an</wf>
<wf cmd="tag" pos="NN">atomic_bomb</wf>
<wf cmd="tag" pos="NN">test</wf>
<wf cmd="tag" pos="NN">ban</wf>
<punc>,</punc>
<wf cmd="ignore" pos="CC">and</wf>
<wf cmd="ignore" pos="DT">a</wf>
<wf cmd="tag" pos="RB">sort_of</wf>
<wf cmd="tag" pos="JJ">provisional</wf>
<wf cmd="tag" pos="NN">acceptance</wf>
<wf cmd="ignore" pos="IN">of</wf>
<wf cmd="ignore" pos="DT">each</wf>
<wf cmd="tag" pos="JJ">other</wf>
<wf cmd="ignore" pos="POS">'s</wf>
<wf cmd="tag" pos="JJ">good</wf>
<wf cmd="tag" pos="NNS">intentions</wf>
<wf cmd="ignore" pos="IN">on</wf>
<wf cmd="ignore" pos="DT">this</wf>
<wf cmd="tag" pos="JJ">limited</wf>
<wf cmd="tag" pos="NN">question</wf>
<punc>.</punc>
</s>
<s snum="55">
<wf cmd="ignore" pos="IN">Out</wf>
<wf cmd="tag" pos="RB">of_that</wf>
<wf cmd="tag" pos="NN">agreement</wf>
<punc>,</punc>
<wf cmd="ignore" pos="IN">though</wf>
<wf cmd="tag" pos="RB">not</wf>
<wf cmd="ignore" pos="IN">by</wf>
<wf cmd="ignore" pos="DT">any</wf>
<wf cmd="tag" pos="JJ">easy</wf>
<wf cmd="tag" pos="NN">road</wf>
<punc>,</punc>
<wf cmd="tag" pos="RB">eventually</wf>
<wf cmd="done" pos="VB" lemma="emerge" wnsn="2" lexsn="2:30:02::">emerged</wf>
<wf cmd="ignore" pos="DT">the</wf>
<wf cmd="tag" pos="JJ">present</wf>
<wf cmd="tag" pos="NN">world</wf>
<wf cmd="tag" pos="NN">hegemony</wf>
<wf cmd="ignore" pos="IN">of</wf>
<wf cmd="ignore" pos="DT">the</wf>
<wf cmd="tag" pos="NN">United_Nations</wf>
<punc>;</punc>
<wf cmd="tag" pos="NN">suspicion</wf>
<wf cmd="ignore" pos="IN">between</wf>
<wf cmd="tag" pos="NN">member</wf>
<wf cmd="tag" pos="NNS">states</wf>
<wf cmd="tag" pos="RB">still</wf>
<wf cmd="done" pos="VB" lemma="exist" wnsn="1" lexsn="2:42:00::">existed</wf>
<punc>,</punc>
<wf cmd="ignore" pos="CC">but</wf>
<wf cmd="ignore" pos="PRP">it</wf>
<wf cmd="done" pos="VB" lemma="be" wnsn="1" lexsn="2:42:03::">was</wf>
<wf cmd="ignore" pos="IN">of</wf>
<wf cmd="ignore" pos="IN">about</wf>
<wf cmd="ignore" pos="DT">the</wf>
<wf cmd="tag" pos="JJ">same</wf>
<wf cmd="tag" pos="JJ">low</wf>
<wf cmd="tag" pos="NN">order</wf>
<wf cmd="tag" pos="RB">of</wf>
<wf cmd="tag" pos="NN">virulence</wf>
<wf cmd="ignore" pos="IN">as</wf>
<wf cmd="ignore" pos="DT">the</wf>
<wf cmd="tag" pos="JJ">twentieth-century</wf>
<wf cmd="tag" pos="NN">rivalry</wf>
<wf cmd="ignore" pos="IN">between</wf>
<wf cmd="tag" pos="NNP">Arizona</wf>
<wf cmd="ignore" pos="CC">and</wf>
<wf cmd="tag" pos="NNP">California</wf>
<wf cmd="ignore" pos="IN">over</wf>
<wf cmd="tag" pos="NN">water_supplies</wf>
<punc>.</punc>
</s>
</p>
<p pnum="22">
<s snum="56">
<wf cmd="tag" pos="RB">Besides</wf>
<punc>,</punc>
<wf cmd="tag" pos="NNS">agreements</wf>
<punc>``</punc>
<wf cmd="tag" pos="RB">in_principle</wf>
<punc>''</punc>
<punc>,</punc>
<wf cmd="ignore" pos="IN">with</wf>
<wf cmd="ignore" pos="DT">the</wf>
<wf cmd="tag" pos="JJ">petty</wf>
<wf cmd="tag" pos="NNS">details</wf>
<wf cmd="ignore" pos="TO">to</wf>
<wf cmd="done" pos="VB" ot="notag">be</wf>
<wf cmd="done" pos="VB" lemma="thrash_out" wnsn="1" lexsn="2:32:00::">thrashed_out</wf>
<wf cmd="tag" pos="RB">later</wf>
<punc>,</punc>
<wf cmd="done" pos="VB" lemma="be" wnsn="1" lexsn="2:42:03::">were</wf>
<wf cmd="tag" pos="JJ">commonplace</wf>
<wf cmd="ignore" pos="IN">in</wf>
<wf cmd="tag" pos="JJ">diplomatic</wf>
<wf cmd="tag" pos="NN">history</wf>
<punc>.</punc>
</s>
<s snum="57">
<wf cmd="ignore" pos="DT">The</wf>
<wf cmd="tag" pos="NN">trouble</wf>
<wf cmd="ignore" pos="IN">with</wf>
<wf cmd="ignore" pos="PRP">them</wf>
<wf cmd="done" pos="VB" lemma="be" wnsn="2" lexsn="2:42:06::">was</wf>
<wf cmd="ignore" pos="IN">that</wf>
<wf cmd="ignore" pos="PRP">they</wf>
<wf cmd="tag" pos="RB">almost</wf>
<wf cmd="tag" pos="RB">never</wf>
<wf cmd="done" pos="VB" lemma="work" wnsn="4" lexsn="2:35:02::">worked</wf>
<punc>,</punc>
<wf cmd="ignore" pos="CC">and</wf>
<wf cmd="tag" pos="RB">in_fact</wf>
<wf cmd="ignore" pos="DT">an</wf>
<wf cmd="tag" pos="NN">agreement</wf>
<punc>``</punc>
<wf cmd="tag" pos="RB">in_principle</wf>
<punc>''</punc>
<wf cmd="tag" pos="RB">historically</wf>
<wf cmd="done" pos="VB" lemma="turn_out" wnsn="4" lexsn="2:42:02::">turned_out</wf>
<wf cmd="ignore" pos="TO">to</wf>
<wf cmd="done" pos="VB" lemma="be" wnsn="1" lexsn="2:42:03::">be</wf>
<wf cmd="ignore" pos="DT">a</wf>
<wf cmd="tag" pos="JJ">sure</wf>
<wf cmd="tag" pos="NN">sign</wf>
<wf cmd="ignore" pos="IN">that</wf>
<wf cmd="ignore" pos="DT">neither</wf>
<wf cmd="tag" pos="NN">party</wf>
<wf cmd="tag" pos="RB">really</wf>
<wf cmd="done" pos="VB" lemma="want" wnsn="1" lexsn="2:37:00::">wanted</wf>
<wf cmd="ignore" pos="DT">the</wf>
<wf cmd="tag" pos="NN">quarrel</wf>
<wf cmd="tag" pos="JJ">settled</wf>
<punc>.</punc>
</s>
</p>
<p pnum="23">
<s snum="58">
<wf cmd="done" pos="VB" lemma="suppose" wnsn="1" lexsn="2:32:00::">Suppose</wf>
<wf cmd="ignore" pos="IN">that</wf>
<wf cmd="ignore" pos="DT">this</wf>
<wf cmd="tag" pos="CD">one</wf>
<wf cmd="done" pos="VBD" ot="notag">were</wf>
<wf cmd="ignore" pos="TO">to</wf>
<wf cmd="done" pos="VB" lemma="work" wnsn="3" lexsn="2:41:03::">work</wf>
<punc>?</punc>
</s>
<s snum="59">
<wf cmd="ignore" pos="EX">There</wf>
<wf cmd="done" pos="VB" lemma="be" wnsn="5" lexsn="2:42:04::">was</wf>
<wf cmd="ignore" pos="DT">no</wf>
<wf cmd="tag" pos="NN">question</wf>
<wf cmd="ignore" pos="IN">in</wf>
<wf cmd="tag" pos="NNP">Jack</wf>
<wf cmd="ignore" pos="POS">'s</wf>
<wf cmd="tag" pos="NN">mind</wf>
<wf cmd="ignore" pos="IN">of</wf>
<wf cmd="ignore" pos="DT">the</wf>
<wf cmd="tag" pos="JJ">good</wf>
<wf cmd="tag" pos="NN">faith</wf>
<wf cmd="tag" pos="RB">on_one_side</wf>
<punc>,</punc>
<wf cmd="tag" pos="RB">at_least</wf>
<punc>.</punc>
</s>
<s snum="60">
<wf cmd="ignore" pos="IN">If</wf>
<wf cmd="tag" pos="NN">mankind</wf>
<wf cmd="ignore" pos="MD">could</wf>
<wf cmd="done" pos="VB" ot="notag">be</wf>
<wf cmd="done" pos="VB" lemma="convince" wnsn="1" lexsn="2:32:00::">convinced</wf>
<wf cmd="done" pos="VB" ot="notag">of</wf>
<wf cmd="tag" pos="RB">that</wf>
<punc>.</punc>
</s>
</p>
<p pnum="24">
<s snum="61">
<wf cmd="ignore" pos="PRP">It</wf>
<wf cmd="done" pos="VB" ot="notag">was</wf>
<wf cmd="tag" pos="JJ">worth</wf>
<wf cmd="done" pos="VB" lemma="try" wnsn="1" lexsn="2:41:00::">trying</wf>
<punc>.</punc>
</s>
<s snum="62">
<wf cmd="tag" pos="RB">In_fact</wf>
<punc>,</punc>
<wf cmd="ignore" pos="PRP">it</wf>
<wf cmd="done" pos="VB" ot="notag">had_to</wf>
<wf cmd="done" pos="VB" ot="notag">be</wf>
<wf cmd="done" pos="VB" lemma="try" wnsn="1" lexsn="2:41:00::">tried</wf>
<punc>.</punc>
</s>
<s snum="63">
<wf cmd="ignore" pos="PRP">It</wf>
<wf cmd="ignore" pos="MD">would</wf>
<wf cmd="done" pos="VB" lemma="be" wnsn="1" lexsn="2:42:03::">be</wf>
<wf cmd="tag" pos="RB">at_once</wf>
<wf cmd="tag" pos="RB">the_most</wf>
<wf cmd="tag" pos="JJ">tentative</wf>
<wf cmd="ignore" pos="CC">and</wf>
<wf cmd="tag" pos="RBS">most</wf>
<wf cmd="tag" pos="JJ">final</wf>
<wf cmd="tag" pos="NN">treaty</wf>
<wf cmd="ignore" pos="IN">that</wf>
<wf cmd="tag" pos="NNP">Earth</wf>
<wf cmd="done" pos="VBD" ot="notag">had</wf>
<wf cmd="tag" pos="RB">ever</wf>
<wf cmd="done" pos="VB" lemma="sign" wnsn="2" lexsn="2:41:00::">signed</wf>
<punc>.</punc>
</s>
<s snum="64">
<wf cmd="tag" pos="NNP">Secretary_Hart</wf>
<wf cmd="done" pos="VBD" ot="notag">had</wf>
<wf cmd="done" pos="VB" lemma="teach" wnsn="1" lexsn="2:32:00::">taught</wf>
<wf cmd="tag" pos="NNP">Jack</wf>
<punc>,</punc>
<wf cmd="tag" pos="RB">at_least</wf>
<wf cmd="tag" pos="RB">partially</wf>
<punc>,</punc>
<wf cmd="ignore" pos="TO">to</wf>
<wf cmd="done" pos="VB" lemma="be" wnsn="1" lexsn="2:42:03::">be</wf>
<wf cmd="tag" pos="NN">content</wf>
<wf cmd="ignore" pos="IN">with</wf>
<wf cmd="tag" pos="JJ">small</wf>
<wf cmd="tag" pos="NNS">beginnings</wf>
<wf cmd="tag" pos="RB">in_all</wf>
<wf cmd="tag" pos="JJ">diplomatic</wf>
<wf cmd="tag" pos="NNS">matters</wf>
<punc>;</punc>
<wf cmd="ignore" pos="CC">but</wf>
<wf cmd="ignore" pos="EX">there</wf>
<wf cmd="done" pos="VB" ot="notag">was</wf>
<wf cmd="ignore" pos="DT">no</wf>
<wf cmd="tag" pos="JJ">small</wf>
<wf cmd="tag" pos="NN">way</wf>
<wf cmd="ignore" pos="TO">to</wf>
<wf cmd="done" pos="VB" lemma="handle" wnsn="1" lexsn="2:41:00::">handle</wf>
<wf cmd="ignore" pos="DT">this</wf>
<wf cmd="tag" pos="CD">one</wf>
<punc>.</punc>
</s>
</p>
<p pnum="25">
<s snum="65">
<wf cmd="ignore" pos="PRP">He</wf>
<wf cmd="done" pos="VB" lemma="turn_back" wnsn="1" lexsn="2:38:00::">turned_back</wf>
<wf cmd="ignore" pos="TO">to</wf>
<wf cmd="ignore" pos="DT">the</wf>
<wf cmd="tag" pos="NNS">screens</wf>
<punc>,</punc>
<wf cmd="ignore" pos="DT">the</wf>
<wf cmd="tag" pos="JJ">crucial</wf>
<punc>,</punc>
<wf cmd="tag" pos="JJ">conclusive</wf>
<wf cmd="tag" pos="NN">phrase</wf>
<wf cmd="ignore" pos="IN">on</wf>
<wf cmd="ignore" pos="PRP$">his</wf>
<wf cmd="tag" pos="NNS">lips</wf>
<punc>.</punc>
</s>
<s snum="66">
<wf cmd="ignore" pos="CC">But</wf>
<wf cmd="ignore" pos="PRP">he</wf>
<wf cmd="done" pos="VB" lemma="be" wnsn="1" lexsn="2:42:03::">was</wf>
<wf cmd="tag" pos="RB">too</wf>
<wf cmd="tag" pos="JJ">late</wf>
<punc>.</punc>
</s>
<s snum="67">
<wf cmd="ignore" pos="PRP">He</wf>
<wf cmd="done" pos="VBD" ot="notag">had</wf>
<wf cmd="done" pos="VB" lemma="lose" wnsn="1" lexsn="2:40:02::">lost</wf>
<wf cmd="ignore" pos="PRP$">his</wf>
<wf cmd="tag" pos="NN">audience</wf>
<punc>.</punc>
</s>
</p>
<p pnum="26">
<s snum="68">
<wf cmd="ignore" pos="IN">For</wf>
<wf cmd="ignore" pos="DT">a</wf>
<wf cmd="tag" pos="NN">moment</wf>
<wf cmd="ignore" pos="PRP">he</wf>
<wf cmd="ignore" pos="MD">could</wf>
<wf cmd="done" pos="VB" lemma="make" wnsn="2" lexsn="2:30:00::">make</wf>
<wf cmd="ignore" pos="DT">no</wf>
<wf cmd="tag" pos="NN">sense</wf>
<wf cmd="tag" pos="RB">at_all</wf>
<wf cmd="tag" pos="RB">of_what</wf>
<wf cmd="ignore" pos="PRP">he</wf>
<wf cmd="done" pos="VB" lemma="see" wnsn="1" lexsn="2:39:00::">saw</wf>
<punc>.</punc>
</s>
<s snum="69">
<wf cmd="ignore" pos="PRP">It</wf>
<wf cmd="done" pos="VB" lemma="seem" wnsn="1" lexsn="2:39:00::">seemed</wf>
<wf cmd="ignore" pos="TO">to</wf>
<wf cmd="done" pos="VB" lemma="be" wnsn="1" lexsn="2:42:03::">be</wf>
<wf cmd="tag" pos="RB">only</wf>
<wf cmd="ignore" pos="DT">a</wf>
<wf cmd="tag" pos="NN">riot</wf>
<wf cmd="ignore" pos="IN">of</wf>
<wf cmd="tag" pos="NN">color</wf>
<punc>,</punc>
<wf cmd="tag" pos="NN">light</wf>
<wf cmd="ignore" pos="CC">and</wf>
<wf cmd="tag" pos="JJ">meaningless</wf>
<wf cmd="tag" pos="NN">activity</wf>
<punc>.</punc>
</s>
<s snum="70">
<wf cmd="tag" pos="RB">Gradually</wf>
<punc>,</punc>
<wf cmd="ignore" pos="PRP">he</wf>
<wf cmd="done" pos="VB" lemma="realize" wnsn="2" lexsn="2:31:00::">realized</wf>
<wf cmd="ignore" pos="IN">that</wf>
<wf cmd="ignore" pos="DT">the</wf>
<wf cmd="tag" pos="NN">pentagon</wf>
<wf cmd="ignore" pos="IN">of</wf>
<wf cmd="tag" pos="NNP">Angel</wf>
<wf cmd="tag" pos="NNS">elders</wf>
<wf cmd="done" pos="VBD" ot="notag">had</wf>
<wf cmd="done" pos="VB" lemma="vanish" wnsn="1" lexsn="2:30:00::">vanished</wf>
<punc>,</punc>
<wf cmd="ignore" pos="CC">and</wf>
<wf cmd="ignore" pos="IN">that</wf>
<wf cmd="ignore" pos="DT">the</wf>
<wf cmd="tag" pos="NN">ritual</wf>
<wf cmd="tag" pos="JJ">learning</wf>
<wf cmd="tag" pos="NN">dance</wf>
<wf cmd="ignore" pos="IN">of</wf>
<wf cmd="ignore" pos="DT">the</wf>
<wf cmd="tag" pos="NN">nursery</wf>
<wf cmd="done" pos="VBD" ot="notag">had</wf>
<wf cmd="done" pos="VBN" ot="notag">been</wf>
<wf cmd="done" pos="VB" lemma="break_up" wnsn="1" lexsn="2:38:01::">broken_up</wf>
<punc>.</punc>
</s>
<s snum="71">
<wf cmd="ignore" pos="DT">The</wf>
<wf cmd="tag" pos="NNPS">Angels</wf>
<wf cmd="ignore" pos="IN">in</wf>
<wf cmd="ignore" pos="DT">the</wf>
<wf cmd="tag" pos="NN">nursery</wf>
<wf cmd="done" pos="VBD" ot="notag">were</wf>
<wf cmd="done" pos="VB" lemma="zigzag" wnsn="1" lexsn="2:38:00::">zigzagging</wf>
<wf cmd="tag" pos="RB">wildly</wf>
<wf cmd="tag" pos="RB">in_all_directions</wf>
<punc>,</punc>
<wf cmd="tag" pos="RB">seemingly</wf>
<wf cmd="tag" pos="RB">at_random</wf>
<punc>.</punc>
</s>
</p>
<p pnum="27">
<s snum="72">
<punc>``</punc>
<wf cmd="tag" pos="NNP">Hesperus</wf>
<punc>!</punc>
</s>
<s snum="73">
<wf cmd="ignore" pos="WP">What</wf>
<wf cmd="ignore" pos="POS">'s</wf>
<wf cmd="done" pos="VB" lemma="go_on" wnsn="2" lexsn="2:30:00::">going_on</wf>
<wf cmd="tag" pos="RB">here</wf>
<punc>?</punc>
</s>
<s snum="74">
<wf cmd="ignore" pos="WP">What</wf>
<wf cmd="ignore" pos="POS">'s</wf>
<wf cmd="done" pos="VB" lemma="happen" wnsn="1" lexsn="2:30:00::">happened</wf>
<punc>''</punc>
<punc>?</punc>
</s>
</p>
<p pnum="28">
<s snum="75">
<punc>``</punc>
<wf cmd="ignore" pos="PRP$">Your</wf>
<wf cmd="tag" pos="NNS">brothers</wf>
<wf cmd="done" pos="VBP" ot="notag">have</wf>
<wf cmd="done" pos="VB" ot="notag">been</wf>
<wf cmd="done" pos="VB" lemma="find" wnsn="3" lexsn="2:40:00::">found</wf>
<punc>.</punc>
</s>
<s snum="76">
<wf cmd="ignore" pos="PRP">They</wf>
<wf cmd="done" pos="VB" lemma="be" wnsn="1" lexsn="2:42:03::">are</wf>
<wf cmd="done" pos="VB" ot="notag">on</wf>
<wf cmd="ignore" pos="PRP$">their</wf>
<wf cmd="tag" pos="NN">way</wf>
<wf cmd="tag" pos="RB">here</wf>
<punc>''</punc>
<punc>.</punc>
</s>
</p>
<p pnum="29">
<s snum="77">
<punc>``</punc>
<wf cmd="ignore" pos="WRB">Where</wf>
<punc>?</punc>
</s>
<s snum="78">
<wf cmd="ignore" pos="PRP">I</wf>
<wf cmd="done" pos="VBP" ot="notag">do</wf>
<wf cmd="tag" pos="RB">n't</wf>
<wf cmd="done" pos="VB" lemma="see" wnsn="1" lexsn="2:39:00::">see</wf>
<wf cmd="ignore" pos="PRP">them</wf>
<punc>.</punc>
</s>
<s snum="79">
<wf cmd="ignore" pos="DT">The</wf>
<wf cmd="tag" pos="NNS">instruments</wf>
<wf cmd="done" pos="VBP" ot="notag">do</wf>
<wf cmd="tag" pos="RB">n't</wf>
<wf cmd="done" pos="VB" lemma="show" wnsn="4" lexsn="2:39:00::">show</wf>
<wf cmd="ignore" pos="PRP">them</wf>
<punc>''</punc>
<punc>.</punc>
</s>
</p>
<p pnum="30">
<s snum="80">
<punc>``</punc>
<wf cmd="ignore" pos="PRP">You</wf>
<wf cmd="ignore" pos="MD">can</wf>
<wf cmd="tag" pos="RB">n't</wf>
<wf cmd="done" pos="VB" lemma="see" wnsn="1" lexsn="2:39:00::">see</wf>
<wf cmd="ignore" pos="PRP">them</wf>
<wf cmd="tag" pos="RB">yet</wf>
<punc>,</punc>
<wf cmd="tag" pos="NNP">Jack</wf>
<punc>.</punc>
</s>
<s snum="81">
<wf cmd="ignore" pos="PRP">They</wf>
<wf cmd="ignore" pos="MD">'ll</wf>
<wf cmd="done" pos="VB" lemma="be" wnsn="3" lexsn="2:42:05::">be</wf>
<wf cmd="ignore" pos="IN">in</wf>
<wf cmd="tag" pos="NN">range</wf>
<wf cmd="tag" pos="RB">in_a_short_while</wf>
<punc>''</punc>
<punc>.</punc>
</s>
</p>
<p pnum="31">
<s snum="82">
<wf cmd="tag" pos="NNP">Jack</wf>
<wf cmd="done" pos="VB" lemma="scan" wnsn="1" lexsn="2:39:01::">scanned</wf>
<wf cmd="ignore" pos="DT">the</wf>
<wf cmd="tag" pos="NNS">skies</wf>
<punc>,</punc>
<wf cmd="ignore" pos="DT">the</wf>
<wf cmd="tag" pos="NNS">boards</wf>
<punc>,</punc>
<wf cmd="ignore" pos="CC">and</wf>
<wf cmd="ignore" pos="DT">the</wf>
<wf cmd="tag" pos="NNS">skies</wf>
<wf cmd="tag" pos="RB">again</wf>
<punc>.</punc>
</s>
<s snum="83">
<wf cmd="tag" pos="NN">Nothing</wf>
<punc>.</punc>
</s>
<s snum="84">
<wf cmd="ignore" pos="DT">No</wf>
<punc>-</punc>
<wf cmd="ignore" pos="EX">there</wf>
<wf cmd="done" pos="VB" lemma="be" wnsn="5" lexsn="2:42:04::">was</wf>
<wf cmd="ignore" pos="DT">a</wf>
<wf cmd="tag" pos="JJ">tiny</wf>
<wf cmd="ignore" pos="UH">pip</wf>
<wf cmd="ignore" pos="IN">on</wf>
<wf cmd="ignore" pos="DT">the</wf>
<wf cmd="tag" pos="NN">radar</wf>
<punc>;</punc>
<wf cmd="ignore" pos="CC">and</wf>
<wf cmd="ignore" pos="PRP">it</wf>
<wf cmd="done" pos="VBD" ot="notag">was</wf>
<wf cmd="done" pos="VB" lemma="get" wnsn="2" lexsn="2:30:00::">getting</wf>
<wf cmd="tag" pos="RBR">bigger</wf>
<wf cmd="tag" pos="RB">rapidly</wf>
<punc>.</punc>
</s>
<s snum="85">
<wf cmd="ignore" pos="IN">If</wf>
<wf cmd="ignore" pos="WDT">that</wf>
<wf cmd="done" pos="VB" lemma="be" wnsn="2" lexsn="2:42:06::">was</wf>
<wf cmd="ignore" pos="DT">the</wf>
<wf cmd="tag" pos="NN">skiff</wf>
<punc>,</punc>
<wf cmd="ignore" pos="PRP">it</wf>
<wf cmd="done" pos="VBD" ot="notag">was</wf>
<wf cmd="done" pos="VBG" ot="notag">making</wf>
<wf cmd="tag" pos="JJ">unprecedented</wf>
<wf cmd="tag" pos="NN">speed</wf>
<punc>.</punc>
</s>
</p>
<p pnum="32">
<s snum="86">
<wf cmd="tag" pos="RB">Then</wf>
<wf cmd="ignore" pos="DT">the</wf>
<wf cmd="tag" pos="NN">skiff</wf>
<wf cmd="done" pos="VB" lemma="heave" wnsn="5" lexsn="2:38:01::">hove</wf>
<wf cmd="ignore" pos="IN">into</wf>
<wf cmd="tag" pos="NN">sight</wf>
<punc>,</punc>
<wf cmd="tag" pos="RB">just</wf>
<wf cmd="ignore" pos="DT">a</wf>
<wf cmd="tag" pos="NN">dot</wf>
<wf cmd="ignore" pos="IN">of</wf>
<wf cmd="tag" pos="NN">light</wf>
<wf cmd="tag" pos="RB">at_first</wf>
<wf cmd="ignore" pos="IN">against</wf>
<wf cmd="ignore" pos="DT">the</wf>
<wf cmd="tag" pos="JJ">roiling</wf>
<wf cmd="tag" pos="NN">blackness</wf>
<wf cmd="ignore" pos="CC">and</wf>
<wf cmd="tag" pos="JJ">crimson</wf>
<wf cmd="tag" pos="NNS">streaks</wf>
<wf cmd="ignore" pos="IN">of</wf>
<wf cmd="ignore" pos="DT">the</wf>
<wf cmd="tag" pos="NNP">Coal_Sack</wf>
<punc>.</punc>
</s>
<s snum="87">
<wf cmd="ignore" pos="IN">Through</wf>
<wf cmd="ignore" pos="DT">the</wf>
<wf cmd="tag" pos="NN">telescope</wf>
<punc>,</punc>
<wf cmd="tag" pos="NNP">Jack</wf>
<wf cmd="ignore" pos="MD">could</wf>
<wf cmd="done" pos="VB" lemma="see" wnsn="1" lexsn="2:39:00::">see</wf>
<wf cmd="ignore" pos="IN">that</wf>
<wf cmd="ignore" pos="DT">both</wf>
<wf cmd="tag" pos="NNS">spacesuits</wf>
<wf cmd="done" pos="VB" lemma="be" wnsn="1" lexsn="2:42:03::">were</wf>
<wf cmd="tag" pos="RB">still</wf>
<wf cmd="tag" pos="JJ">attached</wf>
<wf cmd="done" pos="VB" ot="notag">to</wf>
<wf cmd="ignore" pos="PRP">it</wf>
<punc>.</punc>
</s>
<s snum="88">
<wf cmd="ignore" pos="DT">The</wf>
<wf cmd="tag" pos="NN">sail</wf>
<wf cmd="done" pos="VB" lemma="be" wnsn="1" lexsn="2:42:03::">was</wf>
<wf cmd="tag" pos="RB">still</wf>
<wf cmd="tag" pos="JJ">unfurled</wf>
<punc>,</punc>
<wf cmd="ignore" pos="IN">though</wf>
<wf cmd="ignore" pos="EX">there</wf>
<wf cmd="done" pos="VB" lemma="be" wnsn="5" lexsn="2:42:04::">were</wf>
<wf cmd="ignore" pos="DT">a</wf>
<wf cmd="tag" pos="JJ">good</wf>
<wf cmd="tag" pos="JJ">many</wf>
<wf cmd="tag" pos="NNS">holes</wf>
<wf cmd="ignore" pos="IN">in</wf>
<wf cmd="ignore" pos="PRP">it</wf>
<punc>,</punc>
<wf cmd="ignore" pos="IN">as</wf>
<wf cmd="tag" pos="NNP">Langer</wf>
<wf cmd="done" pos="VBD" ot="notag">had</wf>
<wf cmd="done" pos="VB" lemma="predict" wnsn="1" lexsn="2:32:00::">predicted</wf>
<wf cmd="ignore" pos="MD">would</wf>
<wf cmd="done" pos="VB" lemma="be" wnsn="1" lexsn="2:42:03::">be</wf>
<wf cmd="ignore" pos="DT">the</wf>
<wf cmd="tag" pos="NN">case</wf>
<wf cmd="ignore" pos="IN">by</wf>
<wf cmd="tag" pos="RB">now</wf>
<punc>.</punc>
</s>
</p>
<p pnum="33">
<s snum="89">
<wf cmd="ignore" pos="PRP">It</wf>
<wf cmd="done" pos="VB" lemma="be" wnsn="1" lexsn="2:42:03::">was</wf>
<wf cmd="ignore" pos="DT">a</wf>
<wf cmd="tag" pos="JJ">startling</wf>
<punc>,</punc>
<wf cmd="tag" pos="RB">almost</wf>
<wf cmd="tag" pos="JJ">numenous</wf>
<wf cmd="tag" pos="NN">sight</wf>
<punc>;</punc>
<wf cmd="ignore" pos="CC">but</wf>
<wf cmd="tag" pos="RB">even</wf>
<wf cmd="tag" pos="RBR">more</wf>
<wf cmd="tag" pos="JJ">awesome</wf>
<wf cmd="done" pos="VB" lemma="be" wnsn="1" lexsn="2:42:03::">was</wf>
<wf cmd="ignore" pos="DT">the</wf>
<wf cmd="tag" pos="NN">fact</wf>
<wf cmd="ignore" pos="IN">that</wf>
<wf cmd="ignore" pos="PRP">it</wf>
<wf cmd="done" pos="VBD" ot="notag">was</wf>
<wf cmd="done" pos="VB" lemma="trail" wnsn="0" lexsn="2:35:00::">trailing</wf>
<wf cmd="ignore" pos="DT">an</wf>
<wf cmd="tag" pos="JJ">enormous</wf>
<wf cmd="tag" pos="NN">comet</wf>
<wf cmd="ignore" pos="POS">'s</wf>
<punc>-</punc>
<wf cmd="tag" pos="NN">tail</wf>
<wf cmd="ignore" pos="IN">of</wf>
<wf cmd="tag" pos="NNPS">Angels</wf>
<punc>.</punc>
</s>
</p>
<p pnum="34">
<s snum="90">
<wf cmd="ignore" pos="DT">The</wf>
<wf cmd="tag" pos="NN">skiff</wf>
<wf cmd="done" pos="VBD" ot="notag">was</wf>
<wf cmd="tag" pos="RB">not</wf>
<wf cmd="done" pos="VB" lemma="head" wnsn="1" lexsn="2:38:00::">heading</wf>
<wf cmd="ignore" pos="IN">for</wf>
<wf cmd="ignore" pos="DT">the</wf>
<wf cmd="tag" pos="NN">nursery</wf>
<punc>,</punc>
<wf cmd="tag" pos="RB">however</wf>
<punc>.</punc>
</s>
<s snum="91">
<wf cmd="ignore" pos="PRP">It</wf>
<wf cmd="done" pos="VB" lemma="seem" wnsn="1" lexsn="2:39:00::">seemed</wf>
<wf cmd="tag" pos="JJ">unlikely</wf>
<wf cmd="ignore" pos="IN">that</wf>
<wf cmd="ignore" pos="PRP$">her</wf>
<wf cmd="tag" pos="NN">crew</wf>
<punc>,</punc>
<wf cmd="ignore" pos="IN">if</wf>
<wf cmd="ignore" pos="DT">either</wf>
<wf cmd="ignore" pos="IN">of</wf>
<wf cmd="ignore" pos="PRP">them</wf>
<wf cmd="done" pos="VB" lemma="be" wnsn="1" lexsn="2:42:03::">were</wf>
<wf cmd="tag" pos="JJ">alive</wf>
<punc>,</punc>
<wf cmd="ignore" pos="MD">could</wf>
<wf cmd="tag" pos="RB">even</wf>
<wf cmd="done" pos="VB" lemma="see" wnsn="1" lexsn="2:39:00::">see</wf>
<wf cmd="ignore" pos="DT">the</wf>
<wf cmd="tag" pos="NNP">Ariadne</wf>
<punc>,</punc>
<wf cmd="ignore" pos="IN">for</wf>
<wf cmd="ignore" pos="PRP">they</wf>
<wf cmd="done" pos="VBD" ot="notag">were</wf>
<wf cmd="done" pos="VB" lemma="pass" wnsn="2" lexsn="2:38:05::">passing</wf>
<wf cmd="ignore" pos="PRP$">her</wf>
<wf cmd="tag" pos="RB">at_a_distance</wf>
<wf cmd="ignore" pos="IN">of</wf>
<wf cmd="tag" pos="RB">nearly</wf>
<wf cmd="ignore" pos="DT">a</wf>
<wf cmd="tag" pos="NN">light-year</wf>
<punc>.</punc>
</s>
<s snum="92">
<wf cmd="ignore" pos="CC">And</wf>
<wf cmd="ignore" pos="EX">there</wf>
<wf cmd="ignore" pos="MD">would</wf>
<wf cmd="done" pos="VB" lemma="be" wnsn="5" lexsn="2:42:04::">be</wf>
<wf cmd="ignore" pos="DT">no</wf>
<wf cmd="tag" pos="NN">chance</wf>
<wf cmd="ignore" pos="IN">of</wf>
<wf cmd="done" pos="VB" lemma="signal" wnsn="1" lexsn="2:32:00::">signaling</wf>
<wf cmd="ignore" pos="PRP">them</wf>
<punc>-</punc>
<wf cmd="ignore" pos="IN">without</wf>
<wf cmd="ignore" pos="DT">the</wf>
<wf cmd="tag" pos="NNP">Nernst</wf>
<wf cmd="tag" pos="NN">generator</wf>
<wf cmd="tag" pos="NNP">Jack</wf>
<wf cmd="ignore" pos="MD">could</wf>
<wf cmd="tag" pos="RB">not</wf>
<wf cmd="done" pos="VB" lemma="send" wnsn="8" lexsn="2:32:03::">send</wf>
<wf cmd="ignore" pos="DT">a</wf>
<wf cmd="tag" pos="NN">call</wf>
<wf cmd="tag" pos="JJ">powerful</wf>
<wf cmd="tag" pos="RB">enough</wf>
<wf cmd="ignore" pos="TO">to</wf>
<wf cmd="done" pos="VB" lemma="get_through" wnsn="3" lexsn="2:38:00::">get_through</wf>
<wf cmd="ignore" pos="DT">all</wf>
<wf cmd="ignore" pos="DT">the</wf>
<wf cmd="tag" pos="JJ">static</wf>
<punc>,</punc>
<wf cmd="ignore" pos="CC">and</wf>
<wf cmd="ignore" pos="IN">by</wf>
<wf cmd="ignore" pos="DT">the</wf>
<wf cmd="tag" pos="NN">time</wf>
<wf cmd="ignore" pos="PRP">he</wf>
<wf cmd="ignore" pos="MD">could</wf>
<wf cmd="done" pos="VB" lemma="rebuild" wnsn="1" lexsn="2:36:00::">rebuild</wf>
<wf cmd="ignore" pos="PRP$">his</wf>
<wf cmd="tag" pos="NN">fusion</wf>
<wf cmd="tag" pos="NN">power</wf>
<wf cmd="ignore" pos="DT">the</wf>
<wf cmd="tag" pos="NN">skiff</wf>
<wf cmd="ignore" pos="MD">would</wf>
<wf cmd="done" pos="VB" lemma="be" wnsn="1" lexsn="2:42:03::">be</wf>
<wf cmd="tag" pos="JJ">gone</wf>
<punc>.</punc>
</s>
</p>
<p pnum="35">
<s snum="93">
<wf cmd="tag" pos="JJ">Fuming</wf>
<punc>,</punc>
<wf cmd="tag" pos="JJ">helpless</wf>
<punc>,</punc>
<wf cmd="ignore" pos="PRP">he</wf>
<wf cmd="done" pos="VB" lemma="watch" wnsn="1" lexsn="2:39:00::">watched</wf>
<wf cmd="ignore" pos="PRP">them</wf>
<wf cmd="done" pos="VB" lemma="pass" wnsn="2" lexsn="2:38:05::">pass</wf>
<wf cmd="ignore" pos="PRP">him</wf>
<punc>.</punc>
</s>
<s snum="94">
<wf cmd="ignore" pos="DT">The</wf>
<wf cmd="tag" pos="NN">sail</wf>
<punc>,</punc>
<wf cmd="tag" pos="JJ">ragged</wf>
<wf cmd="ignore" pos="IN">though</wf>
<wf cmd="ignore" pos="PRP">it</wf>
<wf cmd="done" pos="VB" lemma="be" wnsn="1" lexsn="2:42:03::">was</wf>
<punc>,</punc>
<wf cmd="tag" pos="RB">still</wf>
<wf cmd="done" pos="VB" lemma="have" wnsn="9" lexsn="2:40:01::">had</wf>
<wf cmd="tag" pos="RB">enough</wf>
<wf cmd="tag" pos="NN">surface</wf>
<wf cmd="ignore" pos="TO">to</wf>
<wf cmd="done" pos="VB" lemma="catch" wnsn="12" lexsn="2:30:00::">catch</wf>
<wf cmd="ignore" pos="DT">some</wf>
<wf cmd="ignore" pos="IN">of</wf>
<wf cmd="ignore" pos="DT">the</wf>
<wf cmd="tag" pos="NN">ocean</wf>
<wf cmd="ignore" pos="IN">of</wf>
<wf cmd="tag" pos="NN">power</wf>
<wf cmd="done" pos="VBG" ot="notag">being</wf>
<wf cmd="done" pos="VB" lemma="pour_out" wnsn="3" lexsn="2:38:01::">poured_out</wf>
<wf cmd="ignore" pos="IN">from</wf>
<wf cmd="ignore" pos="DT">the</wf>
<wf cmd="tag" pos="NN">nursery</wf>
<wf cmd="tag" pos="NNS">stars</wf>
<punc>.</punc>
</s>
<s snum="95">
<wf cmd="ignore" pos="PRP">He</wf>
<wf cmd="ignore" pos="MD">would</wf>
<wf cmd="tag" pos="RB">never</wf>
<wf cmd="done" pos="VB" ot="notag">have</wf>
<wf cmd="done" pos="VB" lemma="believe" wnsn="1" lexsn="2:31:00::">believed</wf>
<punc>,</punc>
<wf cmd="done" pos="RB" ot="notag">without</wf>
<wf cmd="done" pos="VB" lemma="see" wnsn="1" lexsn="2:39:00::">seeing</wf>
<wf cmd="ignore" pos="PRP">it</wf>
<punc>,</punc>
<wf cmd="ignore" pos="IN">that</wf>
<wf cmd="ignore" pos="DT">the</wf>
<wf cmd="tag" pos="JJ">bizarre</wf>
<wf cmd="tag" pos="JJ">little</wf>
<wf cmd="tag" pos="NN">vessel</wf>
<wf cmd="ignore" pos="MD">could</wf>
<wf cmd="done" pos="VB" lemma="go" wnsn="1" lexsn="2:38:00::">go</wf>
<wf cmd="tag" pos="RB">so</wf>
<wf cmd="tag" pos="RB">fast</wf>
<punc>.</punc>
</s>
</p>
<p pnum="36">
<s snum="96">
<wf cmd="ignore" pos="CC">But</wf>
<wf cmd="ignore" pos="WRB">where</wf>
<wf cmd="done" pos="VBD" ot="notag">was</wf>
<wf cmd="ignore" pos="PRP">it</wf>
<wf cmd="done" pos="VB" lemma="go" wnsn="1" lexsn="2:38:00::">going</wf>
<punc>?</punc>
</s>
<s snum="97">
<wf cmd="ignore" pos="CC">And</wf>
<wf cmd="ignore" pos="WRB">why</wf>
<wf cmd="done" pos="VBD" ot="notag">was</wf>
<wf cmd="ignore" pos="PRP">it</wf>
<wf cmd="done" pos="VB" lemma="cause" wnsn="1" lexsn="2:36:00::">causing</wf>
<wf cmd="tag" pos="RB">so_much</wf>
<wf cmd="tag" pos="NN">agitation</wf>
<wf cmd="ignore" pos="IN">among</wf>
<wf cmd="ignore" pos="DT">the</wf>
<wf cmd="tag" pos="NNPS">Angels</wf>
<punc>,</punc>
<wf cmd="ignore" pos="CC">and</wf>
<wf cmd="done" pos="VBG" ot="notag">being</wf>
<wf cmd="done" pos="VB" lemma="follow" wnsn="1" lexsn="2:38:00::">followed</wf>
<wf cmd="ignore" pos="IN">by</wf>
<wf cmd="tag" pos="RB">so</wf>
<wf cmd="tag" pos="JJ">many_of</wf>
<wf cmd="ignore" pos="PRP">them</wf>
<punc>?</punc>
</s>
</p>
<p pnum="37">
<s snum="98">
<wf cmd="ignore" pos="EX">There</wf>
<wf cmd="done" pos="VB" ot="notag">was</wf>
<wf cmd="tag" pos="RB">only</wf>
<wf cmd="tag" pos="CD">one</wf>
<wf cmd="tag" pos="JJ">possible</wf>
<wf cmd="tag" pos="NN">answer</wf>
<punc>,</punc>
<wf cmd="ignore" pos="CC">but</wf>
<wf cmd="tag" pos="NNP">Jack</wf>
<wf cmd="ignore" pos="POS">'s</wf>
<wf cmd="tag" pos="JJ">horrified</wf>
<wf cmd="tag" pos="NN">mind</wf>
<wf cmd="done" pos="VB" lemma="refuse" wnsn="1" lexsn="2:32:00::">refused</wf>
<wf cmd="done" pos="VB" ot="notag">to</wf>
<wf cmd="done" pos="VB" lemma="believe" wnsn="1" lexsn="2:31:00::">believe</wf>
<wf cmd="ignore" pos="PRP">it</wf>
<wf cmd="ignore" pos="IN">until</wf>
<wf cmd="ignore" pos="PRP">he</wf>
<wf cmd="done" pos="VBD" ot="notag">had</wf>
<wf cmd="done" pos="VB" lemma="feed" wnsn="4" lexsn="2:30:01::">fed</wf>
<wf cmd="ignore" pos="DT">the</wf>
<wf cmd="tag" pos="NN">radar</wf>
<wf cmd="tag" pos="NNS">plots</wf>
<wf cmd="ignore" pos="IN">of</wf>
<wf cmd="ignore" pos="DT">the</wf>
<wf cmd="tag" pos="NN">skiff</wf>
<wf cmd="ignore" pos="POS">'s</wf>
<wf cmd="tag" pos="NN">course</wf>
<wf cmd="ignore" pos="IN">into</wf>
<wf cmd="ignore" pos="DT">the</wf>
<wf cmd="tag" pos="NN">computer</wf>
<punc>.</punc>
</s>
<s snum="99">
<wf cmd="ignore" pos="DT">The</wf>
<wf cmd="tag" pos="NN">curve</wf>
<wf cmd="ignore" pos="IN">on</wf>
<wf cmd="ignore" pos="DT">the</wf>
<wf cmd="tag" pos="NN">card</wf>
<wf cmd="ignore" pos="DT">the</wf>
<wf cmd="tag" pos="NN">computer</wf>
<wf cmd="done" pos="VB" lemma="spit" wnsn="1" lexsn="2:29:00::">spat</wf>
<wf cmd="tag" pos="RB">back</wf>
<wf cmd="ignore" pos="IN">at</wf>
<wf cmd="ignore" pos="PRP">him</wf>
<wf cmd="ignore" pos="MD">could</wf>
<wf cmd="tag" pos="RB">n't</wf>
<wf cmd="done" pos="VB" ot="notag">be</wf>
<wf cmd="done" pos="VB" lemma="argue" wnsn="2" lexsn="2:32:00::">argued</wf>
<wf cmd="tag" pos="RB">with</wf>
<punc>,</punc>
<wf cmd="tag" pos="RB">however</wf>
<punc>.</punc>
</s>
</p>
<p pnum="38">
<s snum="100">
<wf cmd="ignore" pos="DT">The</wf>
<wf cmd="tag" pos="NN">skiff</wf>
<wf cmd="done" pos="VBD" ot="notag">was</wf>
<wf cmd="done" pos="VB" lemma="head" wnsn="1" lexsn="2:38:00::">headed</wf>
<wf cmd="ignore" pos="IN">for</wf>
<wf cmd="ignore" pos="DT">the</wf>
<wf cmd="tag" pos="JJ">very</wf>
<wf cmd="tag" pos="NN">center</wf>
<wf cmd="ignore" pos="IN">of</wf>
<wf cmd="ignore" pos="DT">the</wf>
<wf cmd="tag" pos="NN">nebula</wf>
<punc>-</punc>
<wf cmd="ignore" pos="IN">toward</wf>
<wf cmd="ignore" pos="IN">that</wf>
<wf cmd="tag" pos="NN">place</wf>
<wf cmd="ignore" pos="WDT">which</wf>
<punc>,</punc>
<wf cmd="tag" pos="NNP">Jack</wf>
<wf cmd="done" pos="VB" lemma="know" wnsn="3" lexsn="2:31:02::">knew</wf>
<wf cmd="tag" pos="RB">now</wf>
<punc>,</punc>
<wf cmd="ignore" pos="MD">could</wf>
<wf cmd="done" pos="VB" lemma="hold" wnsn="4" lexsn="2:40:00::">hold</wf>
<wf cmd="tag" pos="NN">nothing</wf>
<wf cmd="tag" pos="RBR">less</wf>
<wf cmd="tag" pos="JJ">important</wf>
<wf cmd="ignore" pos="IN">than</wf>
<wf cmd="ignore" pos="DT">the</wf>
<wf cmd="tag" pos="JJ">very</wf>
<wf cmd="tag" pos="NN">core</wf>
<wf cmd="ignore" pos="IN">of</wf>
<wf cmd="ignore" pos="DT">the</wf>
<wf cmd="tag" pos="NNP">Angel</wf>
<wf cmd="ignore" pos="POS">'s</wf>
<wf cmd="tag" pos="NN">life</wf>
<wf cmd="ignore" pos="CC">and</wf>
<wf cmd="tag" pos="NN">religion</wf>
<punc>.</punc>
</s>
</p>
<p pnum="39">
<s snum="101">
<wf cmd="ignore" pos="PRP">It</wf>
<wf cmd="done" pos="VB" lemma="be" wnsn="1" lexsn="2:42:03::">was</wf>
<wf cmd="tag" pos="JJ">clear</wf>
<wf cmd="ignore" pos="IN">that</wf>
<wf cmd="tag" pos="NNP">Langer</wf>
<wf cmd="done" pos="VBD" ot="notag">had</wf>
<wf cmd="tag" pos="RB">at_last</wf>
<wf cmd="done" pos="VB" lemma="find" wnsn="9" lexsn="2:31:09::">found</wf>
<wf cmd="ignore" pos="DT">a</wf>
<wf cmd="tag" pos="NN">way</wf>
<wf cmd="ignore" pos="TO">to</wf>
<wf cmd="done" pos="VB" lemma="attract" wnsn="1" lexsn="2:35:00::">attract</wf>
<wf cmd="ignore" pos="DT">the</wf>
<wf cmd="tag" pos="NNP">Angel</wf>
<wf cmd="ignore" pos="POS">'s</wf>
<wf cmd="tag" pos="NN">attention</wf>
<punc>.</punc>
</s>
</p>
<p pnum="40">
<s snum="102">
<wf cmd="ignore" pos="PRP">It</wf>
<wf cmd="done" pos="VB" lemma="be" wnsn="1" lexsn="2:42:03::">was</wf>
<wf cmd="tag" pos="RB">equally</wf>
<wf cmd="tag" pos="JJ">clear</wf>
<wf cmd="ignore" pos="IN">that</wf>
<wf cmd="ignore" pos="IN">as</wf>
<wf cmd="tag" pos="RB">of_this</wf>
<wf cmd="tag" pos="NN">moment</wf>
<punc>,</punc>
<wf cmd="ignore" pos="DT">the</wf>
<wf cmd="tag" pos="NN">treaty</wf>
<wf cmd="done" pos="VB" lemma="be" wnsn="1" lexsn="2:42:03::">was</wf>
<wf cmd="tag" pos="RB">off</wf>
<punc>.</punc>
</s>
</p>
<p pnum="41">
<s snum="103">
<wf cmd="tag" pos="NNP">Langer</wf>
<wf cmd="ignore" pos="MD">would</wf>
<wf cmd="done" pos="VB" lemma="have" wnsn="0" lexsn="2:42:05::">have</wf>
<wf cmd="done" pos="VB" ot="notag">to</wf>
<wf cmd="done" pos="VB" ot="notag">be</wf>
<wf cmd="done" pos="VB" lemma="head_off" wnsn="1" lexsn="2:41:00::">headed_off</wf>
<punc>,</punc>
<wf cmd="ignore" pos="IN">whether</wf>
<wf cmd="ignore" pos="PRP">he</wf>
<wf cmd="done" pos="VB" lemma="know" wnsn="1" lexsn="2:31:01::">knew</wf>
<wf cmd="ignore" pos="WRB">where</wf>
<wf cmd="ignore" pos="PRP">he</wf>
<wf cmd="done" pos="VBD" ot="notag">was</wf>
<wf cmd="done" pos="VB" lemma="go" wnsn="1" lexsn="2:38:00::">going</wf>
<wf cmd="ignore" pos="CC">or</wf>
<wf cmd="tag" pos="RB">not</wf>
<punc>.</punc>
</s>
<s snum="104">
<wf cmd="tag" pos="RB">Almost</wf>
<wf cmd="tag" pos="RB">surely</wf>
<wf cmd="ignore" pos="PRP">he</wf>
<wf cmd="done" pos="VBD" ot="notag">did</wf>
<punc>;</punc>
<wf cmd="tag" pos="RB">after_all</wf>
<punc>,</punc>
<wf cmd="ignore" pos="PRP">he</wf>
<wf cmd="done" pos="VBD" ot="notag">had</wf>
<wf cmd="done" pos="VB" lemma="have" wnsn="1" lexsn="2:40:00::">had</wf>
<wf cmd="ignore" pos="DT">the</wf>
<wf cmd="tag" pos="JJ">same</wf>
<wf cmd="tag" pos="NN">set</wf>
<wf cmd="tag" pos="RB">of</wf>
<wf cmd="tag" pos="NNS">facts</wf>
<wf cmd="ignore" pos="IN">as</wf>
<wf cmd="tag" pos="NNP">Jack</wf>
<wf cmd="done" pos="VBD" ot="notag">had</wf>
<wf cmd="done" pos="VB" lemma="have" wnsn="1" lexsn="2:40:00::">had</wf>
<wf cmd="done" pos="VB" ot="notag">to</wf>
<wf cmd="done" pos="VB" lemma="work" wnsn="1" lexsn="2:41:02::">work</wf>
<wf cmd="tag" pos="RB">from</wf>
<punc>,</punc>
<wf cmd="ignore" pos="CC">and</wf>
<wf cmd="ignore" pos="PRP">he</wf>
<wf cmd="done" pos="VB" lemma="be" wnsn="1" lexsn="2:42:03::">was</wf>
<wf cmd="ignore" pos="DT">an</wf>
<wf cmd="tag" pos="RB">almost</wf>
<wf cmd="tag" pos="RB">frighteningly</wf>
<wf cmd="tag" pos="JJ">observant</wf>
<wf cmd="tag" pos="NN">man</wf>
<punc>.</punc>
</s>
<s snum="105">
<wf cmd="ignore" pos="CC">But</wf>
<wf cmd="tag" pos="RB">not</wf>
<wf cmd="done" pos="VBG" ot="notag">having</wf>
<wf cmd="done" pos="VB" lemma="talk" wnsn="1" lexsn="2:32:01::">talked</wf>
<wf cmd="ignore" pos="TO">to</wf>
<wf cmd="ignore" pos="DT">the</wf>
<wf cmd="tag" pos="NNPS">Angels</wf>
<punc>,</punc>
<wf cmd="ignore" pos="PRP">he</wf>
<wf cmd="done" pos="VBD" ot="notag">had</wf>
<wf cmd="done" pos="VBN" ot="notag">made</wf>
<wf cmd="ignore" pos="DT">a</wf>
<wf cmd="tag" pos="JJ">wrong</wf>
<wf cmd="tag" pos="NN">turn</wf>
<wf cmd="done" pos="VB" ot="notag">in</wf>
<wf cmd="ignore" pos="PRP$">his</wf>
<wf cmd="tag" pos="NN">reasoning</wf>
<wf cmd="tag" pos="RB">somewhere</wf>
<wf cmd="ignore" pos="IN">along</wf>
<wf cmd="ignore" pos="DT">the</wf>
<wf cmd="tag" pos="NN">line</wf>
<punc>.</punc>
</s>
<s snum="106">
<wf cmd="done" pos="VBN" ot="notag">Had</wf>
<wf cmd="ignore" pos="PRP">he</wf>
<wf cmd="done" pos="VB" lemma="decide" wnsn="1" lexsn="2:31:00::">decided</wf>
<punc>,</punc>
<wf cmd="tag" pos="RB">perhaps</wf>
<punc>,</punc>
<wf cmd="ignore" pos="IN">that</wf>
<wf cmd="ignore" pos="DT">the</wf>
<wf cmd="tag" pos="NN">center</wf>
<wf cmd="ignore" pos="IN">of</wf>
<wf cmd="ignore" pos="DT">the</wf>
<wf cmd="tag" pos="NN">cloud</wf>
<wf cmd="done" pos="VB" lemma="be" wnsn="2" lexsn="2:42:06::">was</wf>
<wf cmd="ignore" pos="DT">a</wf>
<wf cmd="tag" pos="NN">center</wf>
<wf cmd="ignore" pos="IN">of</wf>
<wf cmd="tag" pos="NN">government</wf>
<punc>,</punc>
<wf cmd="tag" pos="RB">instead</wf>
<wf cmd="ignore" pos="IN">of</wf>
<wf cmd="ignore" pos="DT">a</wf>
<wf cmd="tag" pos="NN">center</wf>
<wf cmd="ignore" pos="IN">of</wf>
<wf cmd="tag" pos="NN">life</wf>
<wf cmd="ignore" pos="CC">and</wf>
<wf cmd="tag" pos="NN">faith</wf>
<punc>``</punc>
<punc>?</punc>
</s>
</p>
<p pnum="42">
<s snum="107">
<wf cmd="ignore" pos="CC">But</wf>
<wf cmd="ignore" pos="PRP">it</wf>
<wf cmd="done" pos="VBD" ot="notag">did</wf>
<wf cmd="tag" pos="RB">n't</wf>
<wf cmd="done" pos="VB" lemma="matter" wnsn="1" lexsn="2:42:00::">matter</wf>
<wf cmd="tag" pos="RB">now</wf>
<wf cmd="ignore" pos="IN">whether</wf>
<wf cmd="ignore" pos="PRP">he</wf>
<wf cmd="done" pos="VB" lemma="mean" wnsn="4" lexsn="2:31:00::">meant</wf>
<wf cmd="ignore" pos="TO">to</wf>
<wf cmd="done" pos="VB" lemma="invade" wnsn="2" lexsn="2:38:00::">invade</wf>
<wf cmd="ignore" pos="DT">the</wf>
<wf cmd="tag" pos="NN">Holy_of_Holies</wf>
<punc>,</punc>
<wf cmd="ignore" pos="CC">or</wf>
<wf cmd="done" pos="VBD" ot="notag">was</wf>
<wf cmd="tag" pos="RB">simply</wf>
<wf cmd="done" pos="VB" lemma="head" wnsn="1" lexsn="2:38:00::">headed</wf>
<wf cmd="tag" pos="RB">in_that</wf>
<wf cmd="tag" pos="NN">direction</wf>
<wf cmd="tag" pos="RB">by_accident</wf>
<punc>.</punc>
</s>
<s snum="108">
<wf cmd="ignore" pos="IN">If</wf>
<wf cmd="ignore" pos="PRP">it</wf>
<wf cmd="done" pos="VB" lemma="be" wnsn="1" lexsn="2:42:03::">was</wf>
<wf cmd="tag" pos="JJ">intentional</wf>
<punc>,</punc>
<wf cmd="ignore" pos="PRP">it</wf>
<wf cmd="done" pos="VB" lemma="be" wnsn="1" lexsn="2:42:03::">was</wf>
<wf cmd="tag" pos="RB">now</wf>
<wf cmd="tag" pos="RB">also</wf>
<wf cmd="tag" pos="JJ">unnecessary</wf>
<punc>;</punc>
<wf cmd="ignore" pos="CC">and</wf>
<wf cmd="ignore" pos="IN">whether</wf>
<wf cmd="tag" pos="JJ">intentional</wf>
<wf cmd="ignore" pos="CC">or</wf>
<wf cmd="tag" pos="RB">not</wf>
<punc>,</punc>
<wf cmd="ignore" pos="DT">the</wf>
<wf cmd="tag" pos="NN">outcome</wf>
<wf cmd="ignore" pos="MD">would</wf>
<wf cmd="done" pos="VB" lemma="be" wnsn="1" lexsn="2:42:03::">be</wf>
<wf cmd="tag" pos="JJ">disastrous</wf>
<punc>.</punc>
</s>
</p>
<p pnum="43">
<s snum="109">
<wf cmd="tag" pos="NNP">Jack</wf>
<wf cmd="done" pos="VB" lemma="crawl" wnsn="1" lexsn="2:38:00::">crawled</wf>
<wf cmd="ignore" pos="IN">under</wf>
<wf cmd="ignore" pos="DT">the</wf>
<wf cmd="tag" pos="NNS">boards</wf>
<wf cmd="ignore" pos="CC">and</wf>
<wf cmd="done" pos="VB" lemma="restore" wnsn="4" lexsn="2:30:01::">restored</wf>
<wf cmd="ignore" pos="DT">the</wf>
<wf cmd="tag" pos="CD">six</wf>
<wf cmd="tag" pos="NNS">feet</wf>
<wf cmd="ignore" pos="IN">of</wf>
<wf cmd="tag" pos="NN">lead_line</wf>
<wf cmd="ignore" pos="PRP">he</wf>
<wf cmd="done" pos="VBD" ot="notag">had</wf>
<wf cmd="done" pos="VB" lemma="excise" wnsn="1" lexsn="2:35:00::">excised</wf>
<wf cmd="ignore" pos="IN">from</wf>
<wf cmd="ignore" pos="DT">the</wf>
<wf cmd="tag" pos="NNP">Nernst</wf>
<wf cmd="tag" pos="NN">generator</wf>
<wf cmd="tag" pos="NN">switch</wf>
<punc>.</punc>
</s>
<s snum="110">
<wf cmd="ignore" pos="WRB">When</wf>
<wf cmd="ignore" pos="PRP">he</wf>
<wf cmd="done" pos="VB" lemma="be" wnsn="3" lexsn="2:42:05::">was</wf>
<wf cmd="tag" pos="RB">back</wf>
<wf cmd="ignore" pos="IN">on</wf>
<wf cmd="ignore" pos="PRP$">his</wf>
<wf cmd="tag" pos="NNS">feet</wf>
<wf cmd="tag" pos="RB">again</wf>
<wf cmd="ignore" pos="CC">and</wf>
<wf cmd="tag" pos="RB">about</wf>
<wf cmd="ignore" pos="TO">to</wf>
<wf cmd="done" pos="VB" lemma="reinstall" wnsn="1" lexsn="2:35:00::">reinstall</wf>
<wf cmd="ignore" pos="DT">the</wf>
<wf cmd="tag" pos="NNS">fuses</wf>
<punc>,</punc>
<wf cmd="tag" pos="RB">however</wf>
<punc>,</punc>
<wf cmd="ignore" pos="PRP">he</wf>
<wf cmd="done" pos="VB" lemma="hesitate" wnsn="1" lexsn="2:42:00::">hesitated</wf>
<punc>.</punc>
</s>
</p>
<p pnum="44">
<s snum="111">
<wf cmd="ignore" pos="PRP">He</wf>
<wf cmd="done" pos="VB" lemma="have" wnsn="0" lexsn="2:42:05::">had</wf>
<wf cmd="done" pos="VB" ot="notag">to</wf>
<wf cmd="done" pos="VB" lemma="have" wnsn="1" lexsn="2:40:00::">have</wf>
<wf cmd="tag" pos="NN">fusion</wf>
<wf cmd="tag" pos="NN">power</wf>
<wf cmd="ignore" pos="TO">to</wf>
<wf cmd="done" pos="VB" lemma="catch_up_with" wnsn="1" lexsn="2:33:00::">catch_up_with</wf>
<wf cmd="ignore" pos="DT">the</wf>
<wf cmd="tag" pos="NN">skiff</wf>
<punc>,</punc>
<wf cmd="ignore" pos="CC">and</wf>
<wf cmd="ignore" pos="PRP">he</wf>
<wf cmd="done" pos="VB" lemma="have" wnsn="0" lexsn="2:42:05::">had</wf>
<wf cmd="done" pos="VB" ot="notag">to</wf>
<wf cmd="done" pos="VB" lemma="have" wnsn="1" lexsn="2:40:00::">have</wf>
<wf cmd="ignore" pos="PRP">it</wf>
<wf cmd="tag" pos="RB">fast</wf>
<punc>.</punc>
</s>
<s snum="112">
<wf cmd="ignore" pos="CC">But</wf>
<wf cmd="tag" pos="NN">fusion</wf>
<wf cmd="tag" pos="NN">power</wf>
<wf cmd="ignore" pos="IN">in</wf>
<wf cmd="ignore" pos="DT">the</wf>
<wf cmd="tag" pos="NNP">Coal_Sack</wf>
<wf cmd="done" pos="VB" lemma="be" wnsn="2" lexsn="2:42:06::">was</wf>
<wf cmd="ignore" pos="WP">what</wf>
<wf cmd="done" pos="VBD" ot="notag">had</wf>
<wf cmd="done" pos="VB" lemma="trigger" wnsn="1" lexsn="2:36:00::">triggered</wf>
<wf cmd="ignore" pos="PDT">all</wf>
<wf cmd="ignore" pos="DT">the</wf>
<wf cmd="tag" pos="NN">trouble</wf>
<wf cmd="tag" pos="RB">in_the_first_place</wf>
<punc>-</punc>
<wf cmd="ignore" pos="CC">and</wf>
<wf cmd="ignore" pos="PRP">he</wf>
<wf cmd="tag" pos="RB">already</wf>
<wf cmd="done" pos="VB" lemma="have" wnsn="1" lexsn="2:40:00::">had</wf>
<wf cmd="ignore" pos="DT">an</wf>
<wf cmd="tag" pos="NNP">Angel</wf>
<wf cmd="tag" pos="RB">aboard</wf>
<punc>.</punc>
</s>
</p>
<p pnum="45">
<s snum="113">
<punc>``</punc>
<wf cmd="tag" pos="NNP">Hesperus</wf>
<punc>''</punc>
<punc>?</punc>
</s>
</p>
<p pnum="46">
<s snum="114">
<punc>``</punc>
<wf cmd="done" pos="VB" lemma="receive" wnsn="3" lexsn="2:39:00::">Receiving</wf>
<punc>''</punc>
<punc>.</punc>
</s>
</p>
<p pnum="47">
<s snum="115">
<punc>``</punc>
<wf cmd="ignore" pos="PRP">I</wf>
<wf cmd="done" pos="VBP" ot="notag">'m</wf>
<wf cmd="done" pos="VB" ot="notag">going_to</wf>
<wf cmd="done" rdf="turn_on" pos="VB" lemma="turn_on" wnsn="1" lexsn="2:35:00::">turn</wf>
<wf cmd="ignore" pos="PRP$">my</wf>
<wf cmd="tag" pos="NN">generator</wf>
<wf cmd="tag" pos="RB">back</wf>
<wf cmd="tag" pos="RB">on</wf>
<punc>,</punc>
<wf cmd="ignore" pos="IN">as</wf>
<wf cmd="ignore" pos="PRP">I</wf>
<wf cmd="done" pos="VB" lemma="promise" wnsn="1" lexsn="2:32:00::">promised</wf>
<wf cmd="ignore" pos="TO">to</wf>
<wf cmd="done" pos="VB" ot="notag">do</wf>
<punc>.</punc>
</s>
<s snum="116">
<wf cmd="ignore" pos="CC">But</wf>
<wf cmd="ignore" pos="PRP">I</wf>
<wf cmd="ignore" pos="MD">can</wf>
<wf cmd="tag" pos="RB">n't</wf>
<wf cmd="done" pos="VB" lemma="take" wnsn="3" lexsn="2:38:09::">take</wf>
<wf cmd="ignore" pos="PRP">you</wf>
<wf cmd="ignore" pos="TO">to</wf>
<wf cmd="tag" pos="NNP">Earth</wf>
<wf cmd="tag" pos="RB">yet</wf>
<punc>.</punc>
</s>
<s snum="117">
<wf cmd="tag" pos="NNP">First</wf>
<wf cmd="ignore" pos="PRP">I</wf>
<wf cmd="done" pos="VBP" ot="notag">'ve</wf>
<wf cmd="done" pos="VB" ot="notag">got_to</wf>
<wf cmd="done" pos="VB" lemma="intercept" wnsn="1" lexsn="2:35:00::">intercept</wf>
<wf cmd="ignore" pos="PRP$">my</wf>
<wf cmd="tag" pos="NNS">brothers</wf>
<wf cmd="ignore" pos="IN">before</wf>
<wf cmd="ignore" pos="PRP">they</wf>
<wf cmd="done" pos="VB" lemma="get" wnsn="2" lexsn="2:30:00::">get</wf>
<wf cmd="ignore" pos="DT">any</wf>
<wf cmd="tag" pos="JJR">deeper</wf>
<wf cmd="ignore" pos="IN">into</wf>
<wf cmd="tag" pos="NN">trouble</wf>
<punc>.</punc>
</s>
<s snum="118">
<wf cmd="ignore" pos="MD">Will</wf>
<wf cmd="ignore" pos="PRP">you</wf>
<wf cmd="done" pos="VB" lemma="obstruct" wnsn="1" lexsn="2:41:00::">obstruct</wf>
<wf cmd="ignore" pos="DT">this</wf>
<punc>,</punc>
<wf cmd="ignore" pos="CC">or</wf>
<wf cmd="ignore" pos="MD">will</wf>
<wf cmd="ignore" pos="PRP">you</wf>
<wf cmd="done" pos="VB" lemma="help" wnsn="1" lexsn="2:41:00::">help</wf>
<punc>?</punc>
</s>
<s snum="119">
<wf cmd="ignore" pos="PRP">I</wf>
<wf cmd="done" pos="VB" lemma="know" wnsn="1" lexsn="2:31:01::">know</wf>
<wf cmd="ignore" pos="PRP">it</wf>
<wf cmd="done" rdf="is" pos="VB" lemma="be" wnsn="7" lexsn="2:42:02::">'s</wf>
<wf cmd="tag" pos="RB">not</wf>
<wf cmd="tag" pos="NN">part</wf>
<wf cmd="ignore" pos="IN">of</wf>
<wf cmd="ignore" pos="DT">the</wf>
<wf cmd="tag" pos="NN">bargain</wf>
<punc>,</punc>
<wf cmd="ignore" pos="CC">and</wf>
<wf cmd="ignore" pos="PRP$">your</wf>
<wf cmd="tag" pos="NNS">elders</wf>
<wf cmd="done" pos="VB" ot="notag">might</wf>
<wf cmd="tag" pos="RB">not</wf>
<wf cmd="done" pos="VB" lemma="like" wnsn="2" lexsn="2:37:05::">like</wf>
<wf cmd="ignore" pos="PRP">it</wf>
<punc>''</punc>
<punc>.</punc>
</s>
</p>
<p pnum="48">
<s snum="120">
<punc>``</punc>
<wf cmd="tag" pos="NN">Nobody</wf>
<wf cmd="tag" pos="RB">else</wf>
<wf cmd="ignore" pos="MD">can</wf>
<wf cmd="done" pos="VB" lemma="live" wnsn="1" lexsn="2:42:08::">live</wf>
<wf cmd="done" pos="VB" ot="notag">in</wf>
<wf cmd="ignore" pos="PRP$">your</wf>
<wf cmd="tag" pos="NN">hearth</wf>
<wf cmd="ignore" pos="IN">while</wf>
<wf cmd="ignore" pos="PRP">I</wf>
<wf cmd="done" pos="VB" lemma="be" wnsn="3" lexsn="2:42:05::">am</wf>
<wf cmd="ignore" pos="IN">in</wf>
<wf cmd="ignore" pos="PRP">it</wf>
<punc>''</punc>
<punc>,</punc>
<wf cmd="tag" pos="NNP">Hesperus</wf>
<wf cmd="done" pos="VB" lemma="say" wnsn="1" lexsn="2:32:00::">said</wf>
<wf cmd="tag" pos="RB">promptly</wf>
<punc>.</punc>
</s>
<s snum="121">
<punc>``</punc>
<wf cmd="ignore" pos="IN">As</wf>
<wf cmd="ignore" pos="IN">for</wf>
<wf cmd="ignore" pos="PRP$">my</wf>
<wf cmd="tag" pos="NNS">elders</wf>
<punc>,</punc>
<wf cmd="ignore" pos="PRP">they</wf>
<wf cmd="done" pos="VBP" ot="notag">have</wf>
<wf cmd="tag" pos="RB">already</wf>
<wf cmd="done" pos="VB" lemma="admit" wnsn="1" lexsn="2:32:00::">admitted</wf>
<wf cmd="ignore" pos="IN">that</wf>
<wf cmd="ignore" pos="PRP">they</wf>
<wf cmd="done" pos="VB" lemma="be" wnsn="1" lexsn="2:42:03::">were</wf>
<wf cmd="tag" pos="JJ">wrong</wf>
<punc>.</punc>
</s>
<s snum="122">
<wf cmd="ignore" pos="IN">If</wf>
<wf cmd="ignore" pos="IN">because</wf>
<wf cmd="tag" pos="RB">of_this</wf>
<wf cmd="tag" pos="NN">incident</wf>
<wf cmd="ignore" pos="PRP">they</wf>
<wf cmd="done" pos="VB" lemma="become" wnsn="1" lexsn="2:30:00::">become</wf>
<wf cmd="tag" pos="JJ">angry</wf>
<wf cmd="ignore" pos="IN">with</wf>
<wf cmd="tag" pos="NNP">Earth</wf>
<punc>,</punc>
<wf cmd="ignore" pos="PRP">I</wf>
<wf cmd="ignore" pos="MD">will</wf>
<wf cmd="tag" pos="RB">not</wf>
<wf cmd="done" pos="VB" ot="notag">be</wf>
<wf cmd="done" pos="VB" lemma="permit" wnsn="1" lexsn="2:32:00::">permitted</wf>
<wf cmd="ignore" pos="TO">to</wf>
<wf cmd="done" pos="VB" lemma="go" wnsn="1" lexsn="2:38:00::">go</wf>
<wf cmd="ignore" pos="EX">there</wf>
<wf cmd="tag" pos="RB">at_all</wf>
<punc>.</punc>
</s>
<s snum="123">
<wf cmd="tag" pos="RB">Therefore</wf>
<wf cmd="tag" pos="RB">of_course</wf>
<wf cmd="ignore" pos="PRP">I</wf>
<wf cmd="ignore" pos="MD">will</wf>
<wf cmd="done" pos="VB" lemma="help" wnsn="1" lexsn="2:41:00::">help</wf>
<punc>''</punc>
<punc>.</punc>
</s>
</p>
<p pnum="49">
<s snum="124">
<wf cmd="ignore" pos="IN">With</wf>
<wf cmd="ignore" pos="DT">a</wf>
<wf cmd="tag" pos="JJ">short-lived</wf>
<wf cmd="tag" pos="NN">sigh</wf>
<wf cmd="ignore" pos="IN">of</wf>
<wf cmd="tag" pos="NN">relief</wf>
<punc>,</punc>
<wf cmd="tag" pos="NNP">Jack</wf>
<wf cmd="done" rdf="plugged_in" pos="VB" lemma="plug_in" wnsn="1" lexsn="2:35:00::">plugged</wf>
<wf cmd="ignore" pos="DT">the</wf>
<wf cmd="tag" pos="NNS">fuses</wf>
<wf cmd="tag" pos="RB">back</wf>
<wf cmd="tag" pos="RB">in</wf>
<wf cmd="ignore" pos="CC">and</wf>
<wf cmd="done" pos="VB" lemma="throw" wnsn="6" lexsn="2:35:01::">threw</wf>
<wf cmd="ignore" pos="DT">the</wf>
<wf cmd="tag" pos="NN">switch</wf>
<punc>.</punc>
</s>
<s snum="125">
<wf cmd="ignore" pos="IN">Without</wf>
<wf cmd="ignore" pos="DT">an</wf>
<wf cmd="tag" pos="NN">instant</wf>
<wf cmd="ignore" pos="POS">'s</wf>
<wf cmd="tag" pos="NN">transition</wf>
<punc>,</punc>
<wf cmd="ignore" pos="DT">the</wf>
<wf cmd="tag" pos="NN">green_light</wf>
<wf cmd="ignore" pos="WDT">that</wf>
<wf cmd="done" pos="VB" lemma="mean" wnsn="3" lexsn="2:32:03::">meant</wf>
<wf cmd="tag" pos="JJ">full</wf>
<wf cmd="tag" pos="NN">fusion</wf>
<wf cmd="tag" pos="NN">power</wf>
<wf cmd="done" pos="VB" lemma="wink" wnsn="2" lexsn="2:39:00::">winked</wf>
<wf cmd="ignore" pos="IN">on</wf>
<wf cmd="ignore" pos="DT">the</wf>
<wf cmd="tag" pos="NN">board</wf>
<punc>.</punc>
</s>
<s snum="126">
<wf cmd="tag" pos="RB">Always</wf>
<wf cmd="tag" pos="RB">before</wf>
<punc>,</punc>
<wf cmd="ignore" pos="PRP">it</wf>
<wf cmd="done" pos="VBD" ot="notag">had</wf>
<wf cmd="done" pos="VB" lemma="take" wnsn="2" lexsn="2:40:06::">taken</wf>
<wf cmd="tag" pos="JJ">five</wf>
<wf cmd="tag" pos="NNS">minutes</wf>
<wf cmd="ignore" pos="TO">to</wf>
<punc>-</punc>
</s>
</p>
<p pnum="50">
<s snum="127">
<wf cmd="tag" pos="RB">Of_course</wf>
<punc>.</punc>
</s>
<s snum="128">
<wf cmd="tag" pos="NNP">Hesperus</wf>
<wf cmd="done" pos="VB" lemma="be" wnsn="3" lexsn="2:42:05::">was</wf>
<wf cmd="ignore" pos="IN">in</wf>
<wf cmd="ignore" pos="EX">there</wf>
<punc>.</punc>
</s>
<s snum="129">
<wf cmd="ignore" pos="IN">From</wf>
<wf cmd="tag" pos="RB">here</wf>
<wf cmd="ignore" pos="IN">on</wf>
<wf cmd="tag" pos="RB">out</wf>
<punc>,</punc>
<wf cmd="ignore" pos="DT">the</wf>
<wf cmd="tag" pos="NNP">Ariadne</wf>
<wf cmd="done" pos="VBD" ot="notag">was</wf>
<wf cmd="done" pos="VB" ot="notag">going_to</wf>
<wf cmd="done" pos="VB" lemma="be" wnsn="1" lexsn="2:42:03::">be</wf>
<wf cmd="tag" pos="JJR">hotter</wf>
<wf cmd="ignore" pos="IN">than</wf>
<wf cmd="ignore" pos="DT">any</wf>
<wf cmd="tag" pos="NN">space</wf>
<wf cmd="tag" pos="NN">cruiser</wf>
<wf cmd="tag" pos="NN">man</wf>
<wf cmd="done" pos="VBD" ot="notag">had</wf>
<wf cmd="tag" pos="RB">ever</wf>
<wf cmd="done" pos="VB" lemma="dream" wnsn="1" lexsn="2:36:00::">dreamed</wf>
<wf cmd="tag" pos="RB">of</wf>
<punc>.</punc>
</s>
</p>
<p pnum="51">
<s snum="130">
<wf cmd="ignore" pos="CC">But</wf>
<wf cmd="ignore" pos="IN">since</wf>
<wf cmd="ignore" pos="PRP">he</wf>
<wf cmd="done" pos="VBD" ot="notag">had</wf>
<wf cmd="done" pos="VB" lemma="fail" wnsn="1" lexsn="2:41:02::">failed</wf>
<wf cmd="ignore" pos="TO">to</wf>
<wf cmd="done" pos="VB" lemma="anticipate" wnsn="2" lexsn="2:41:00::">anticipate</wf>
<wf cmd="ignore" pos="PRP">it</wf>
<punc>,</punc>
<wf cmd="ignore" pos="PRP">he</wf>
<wf cmd="done" pos="VB" lemma="lose" wnsn="1" lexsn="2:40:02::">lost</wf>
<wf cmd="ignore" pos="DT">the</wf>
<wf cmd="tag" pos="CD">five</wf>
<wf cmd="tag" pos="NNS">minutes</wf>
<wf cmd="tag" pos="RB">anyhow</wf>
<punc>,</punc>
<wf cmd="ignore" pos="IN">in</wf>
<wf cmd="done" pos="VB" lemma="plot" wnsn="3" lexsn="2:31:01::">plotting</wf>
<wf cmd="ignore" pos="DT">an</wf>
<wf cmd="tag" pos="NN">intercept</wf>
<wf cmd="tag" pos="NN">orbit</wf>
<punc>.</punc>
</s>
</p>
<p pnum="52">
<s snum="131">
<punc>``</punc>
<wf cmd="tag" pos="NNP">Hesperus</wf>
<punc>,</punc>
<wf cmd="done" pos="VBP" ot="notag">do</wf>
<wf cmd="tag" pos="RB">n't</wf>
<wf cmd="done" pos="VB" lemma="use" wnsn="1" lexsn="2:34:01::">use</wf>
<wf cmd="ignore" pos="DT">this</wf>
<wf cmd="tag" pos="NN">t-tau</wf>
<wf cmd="tag" pos="NN">vector</wf>
<wf cmd="tag" pos="NN">trick</wf>
<wf cmd="ignore" pos="IN">of</wf>
<wf cmd="ignore" pos="PRP">yours</wf>
<punc>,</punc>
<wf cmd="tag" pos="RB">please</wf>
<punc>.</punc>
</s>
</p>
</context>
</contextfile>
