<contextfile concordance="brown">
<context filename="br-p06" paras="yes">
<p pnum="1">
<s snum="1">
<wf cmd="tag" pos="WRB">How</wf>
<punc>,</punc>
<wf cmd="ignore" pos="PRP">he</wf>
<wf cmd="done" pos="VB" lemma="wonder" wnsn="2" lexsn="2:32:01::">wondered</wf>
<punc>,</punc>
<wf cmd="done" pos="VBZ" ot="notag">does</wf>
<wf cmd="tag" pos="CD">one</wf>
<wf cmd="done" pos="VB" lemma="enjoy" wnsn="1" lexsn="2:37:00::">enjoy</wf>
<wf cmd="tag" pos="CD">one</wf>
<wf cmd="ignore" pos="POS">'s</wf>
<wf cmd="tag" pos="NN">spare_time</wf>
<punc>?</punc>
</s>
<s snum="2">
<wf cmd="ignore" pos="PRP">He</wf>
<wf cmd="done" pos="VB" lemma="consider" wnsn="2" lexsn="2:39:00::">considered</wf>
<wf cmd="ignore" pos="DT">some</wf>
<wf cmd="tag" pos="JJ">interesting</wf>
<wf cmd="tag" pos="NN">excursion</wf>
<wf cmd="ignore" pos="CC">but</wf>
<wf cmd="ignore" pos="PRP">he</wf>
<wf cmd="done" pos="VB" lemma="be" wnsn="3" lexsn="2:42:05::">was</wf>
<wf cmd="ignore" pos="IN">on</wf>
<wf cmd="ignore" pos="DT">the</wf>
<wf cmd="tag" pos="NN">road</wf>
<wf cmd="tag" pos="RB">every_day</wf>
<wf cmd="ignore" pos="IN">from</wf>
<wf cmd="tag" pos="NN">dawn</wf>
<wf cmd="ignore" pos="TO">to</wf>
<wf cmd="tag" pos="NN">dusk</wf>
<punc>.</punc>
</s>
<s snum="3">
<wf cmd="tag" pos="RB">Then</wf>
<wf cmd="ignore" pos="EX">there</wf>
<wf cmd="done" pos="VB" ot="notag">was</wf>
<wf cmd="tag" pos="NN">exercise</wf>
<punc>,</punc>
<wf cmd="tag" pos="NN">boating</wf>
<wf cmd="ignore" pos="CC">and</wf>
<wf cmd="tag" pos="NN">hiking</wf>
<punc>,</punc>
<wf cmd="ignore" pos="WDT">which</wf>
<wf cmd="done" pos="VB" lemma="be" wnsn="1" lexsn="2:42:03::">was</wf>
<wf cmd="tag" pos="RB">not_only</wf>
<wf cmd="tag" pos="JJ">good_for_you</wf>
<wf cmd="ignore" pos="CC">but</wf>
<wf cmd="tag" pos="RB">also</wf>
<wf cmd="done" pos="VB" lemma="make" wnsn="2" lexsn="2:30:00::">made</wf>
<wf cmd="ignore" pos="PRP">you</wf>
<wf cmd="tag" pos="RBR">more</wf>
<wf cmd="tag" pos="JJ">virile</wf>
<punc>:</punc>
<wf cmd="ignore" pos="DT">the</wf>
<wf cmd="tag" pos="NN">thought</wf>
<wf cmd="done" pos="VB" ot="notag">of</wf>
<wf cmd="tag" pos="JJ">strenuous</wf>
<wf cmd="tag" pos="NN">activity</wf>
<wf cmd="done" pos="VB" lemma="leave" wnsn="3" lexsn="2:42:02::">left</wf>
<wf cmd="ignore" pos="PRP">him</wf>
<wf cmd="tag" pos="JJ">exhausted</wf>
<punc>.</punc>
</s>
<s snum="4">
<wf cmd="tag" pos="RB">Perhaps</wf>
<wf cmd="tag" pos="NN">golf</wf>
<punc>,</punc>
<wf cmd="ignore" pos="IN">with</wf>
<wf cmd="ignore" pos="DT">a</wf>
<wf cmd="tag" pos="JJ">fashionable</wf>
<wf cmd="tag" pos="NN">companion</wf>
<punc>-</punc>
<wf cmd="ignore" pos="CC">but</wf>
<wf cmd="ignore" pos="PRP">he</wf>
<wf cmd="ignore" pos="MD">'d</wf>
<wf cmd="done" pos="VB" lemma="lose" wnsn="4" lexsn="2:35:00::">lost</wf>
<wf cmd="ignore" pos="PRP$">his</wf>
<wf cmd="tag" pos="NNS">clubs</wf>
<punc>,</punc>
<wf cmd="done" pos="VBD" ot="notag">had</wf>
<wf cmd="tag" pos="RB">n't</wf>
<wf cmd="done" pos="VB" lemma="play" wnsn="1" lexsn="2:33:00::">played</wf>
<wf cmd="ignore" pos="IN">in</wf>
<wf cmd="tag" pos="NNS">years</wf>
<punc>.</punc>
</s>
<s snum="5">
<wf cmd="ignore" pos="EX">There</wf>
<wf cmd="done" pos="VB" ot="notag">was</wf>
<wf cmd="tag" pos="NN">swimming</wf>
<wf cmd="ignore" pos="IN">over</wf>
<wf cmd="ignore" pos="IN">at</wf>
<wf cmd="ignore" pos="DT">the</wf>
<wf cmd="tag" pos="NNP">Riverside_Hotel</wf>
<punc>,</punc>
<wf cmd="ignore" pos="CC">but</wf>
<wf cmd="ignore" pos="PRP$">his</wf>
<wf cmd="tag" pos="NN">skin</wf>
<wf cmd="done" pos="VB" lemma="be" wnsn="1" lexsn="2:42:03::">was</wf>
<wf cmd="tag" pos="RB">so</wf>
<wf cmd="tag" pos="JJ">white</wf>
<wf cmd="ignore" pos="PRP">he</wf>
<wf cmd="done" pos="VB" lemma="look_like" wnsn="1" lexsn="2:42:00::">looked_like</wf>
<wf cmd="ignore" pos="DT">the</wf>
<wf cmd="tag" pos="NN">bottom</wf>
<wf cmd="ignore" pos="IN">of</wf>
<wf cmd="ignore" pos="DT">a</wf>
<wf cmd="tag" pos="NN">frog</wf>
<punc>.</punc>
</s>
<s snum="6">
<wf cmd="tag" pos="RB">Perhaps</wf>
<wf cmd="ignore" pos="DT">a</wf>
<wf cmd="tag" pos="NN">packing</wf>
<wf cmd="tag" pos="NN">trip</wf>
<wf cmd="ignore" pos="IN">into</wf>
<wf cmd="ignore" pos="DT">the</wf>
<wf cmd="tag" pos="NNPS">Sierras</wf>
<punc>,</punc>
<wf cmd="done" pos="VB" lemma="let" wnsn="1" lexsn="2:41:00::">let</wf>
<wf cmd="ignore" pos="PRP$">his</wf>
<wf cmd="tag" pos="NN">beard</wf>
<wf cmd="done" pos="VB" lemma="grow" wnsn="8" lexsn="2:29:00::">grow</wf>
<punc>-</punc>
<wf cmd="ignore" pos="CC">but</wf>
<wf cmd="ignore" pos="WDT">that</wf>
<wf cmd="done" pos="VB" lemma="be" wnsn="1" lexsn="2:42:03::">was</wf>
<wf cmd="tag" pos="RB">too</wf>
<wf cmd="tag" pos="JJ">stark</wf>
<punc>.</punc>
</s>
<s snum="7">
<wf cmd="ignore" pos="PRP">I</wf>
<wf cmd="ignore" pos="MD">could</wf>
<punc>,</punc>
<wf cmd="ignore" pos="PRP">he</wf>
<wf cmd="done" pos="VB" lemma="think" wnsn="2" lexsn="2:31:03::">thought</wf>
<punc>,</punc>
<wf cmd="done" pos="VB" lemma="take" wnsn="1" lexsn="2:41:04::">take</wf>
<wf cmd="ignore" pos="DT">a</wf>
<wf cmd="tag" pos="JJ">long</wf>
<wf cmd="tag" pos="NN">walk</wf>
<punc>-</punc>
<wf cmd="ignore" pos="CC">but</wf>
<wf cmd="ignore" pos="WRB">where</wf>
<punc>?</punc>
</s>
</p>
<p pnum="2">
<s snum="8">
<wf cmd="ignore" pos="DT">The</wf>
<wf cmd="tag" pos="NN">telephone</wf>
<wf cmd="done" pos="VB" lemma="ring" wnsn="1" lexsn="2:39:00::">rang</wf>
<punc>.</punc>
</s>
</p>
<p pnum="3">
<s snum="9">
<punc>``</punc>
<wf cmd="ignore" pos="PRP">You</wf>
<wf cmd="done" pos="VB" lemma="miss" wnsn="3" lexsn="2:42:01::">missed</wf>
<wf cmd="ignore" pos="PRP">it</wf>
<punc>''</punc>
<punc>,</punc>
<wf cmd="tag" pos="NNP">Buzz</wf>
<wf cmd="ignore" pos="POS">'s</wf>
<wf cmd="tag" pos="NN">voice</wf>
<wf cmd="done" pos="VB" lemma="say" wnsn="1" lexsn="2:32:00::">said</wf>
<punc>,</punc>
<punc>``</punc>
<wf cmd="ignore" pos="PRP">You</wf>
<wf cmd="ignore" pos="MD">should</wf>
<wf cmd="done" pos="VB" ot="notag">have</wf>
<wf cmd="done" pos="VB" lemma="go" wnsn="1" lexsn="2:38:00::">gone</wf>
<wf cmd="done" pos="VB" ot="notag">over</wf>
<wf cmd="ignore" pos="TO">to</wf>
<wf cmd="ignore" pos="DT">the</wf>
<wf cmd="tag" pos="NNP">Pagan_Room</wf>
<wf cmd="ignore" pos="IN">with</wf>
<wf cmd="ignore" pos="PRP">us</wf>
<punc>.</punc>
</s>
<s snum="10">
<wf cmd="ignore" pos="UH">Wow</wf>
<punc>.</punc>
</s>
<s snum="11">
<wf cmd="tag" pos="NNS">Strippers</wf>
<punc>,</punc>
<wf cmd="ignore" pos="CC">but</wf>
<wf cmd="tag" pos="JJ">scrumptious</wf>
<punc>,</punc>
<wf cmd="ignore" pos="CC">and</wf>
<wf cmd="tag" pos="NNP">Toodle_Williams</wf>
<wf cmd="ignore" pos="CC">and</wf>
<wf cmd="ignore" pos="PRP$">her</wf>
<wf cmd="tag" pos="JJ">all-lesbian</wf>
<wf cmd="tag" pos="NN">band</wf>
<punc>''</punc>
<punc>.</punc>
</s>
</p>
<p pnum="4">
<s snum="12">
<punc>``</punc>
<wf cmd="ignore" pos="UH">Hi</wf>
<punc>,</punc>
<wf cmd="tag" pos="NNP">Buzz</wf>
<punc>''</punc>
<punc>,</punc>
<wf cmd="tag" pos="NNP">Owen</wf>
<wf cmd="done" pos="VB" lemma="say" wnsn="1" lexsn="2:32:00::">said</wf>
<punc>.</punc>
</s>
<s snum="13">
<punc>``</punc>
<wf cmd="ignore" pos="PRP">I</wf>
<wf cmd="done" pos="VB" lemma="go" wnsn="1" lexsn="2:38:00::">went</wf>
<wf cmd="done" pos="VB" ot="notag">over</wf>
<wf cmd="ignore" pos="TO">to</wf>
<wf cmd="ignore" pos="DT">the</wf>
<wf cmd="tag" pos="NNS">Willows</wf>
<wf cmd="ignore" pos="CC">and</wf>
<wf cmd="done" pos="VBD" ot="metaphor">dropped</wf>
<wf cmd="tag" pos="CD">two</wf>
<wf cmd="tag" pos="NNS">notes</wf>
<punc>''</punc>
<punc>.</punc>
</s>
</p>
<p pnum="5">
<s snum="14">
<punc>``</punc>
<wf cmd="tag" pos="JJ">Tough</wf>
<punc>''</punc>
<punc>,</punc>
<wf cmd="tag" pos="NNP">Buzz</wf>
<wf cmd="done" pos="VB" lemma="say" wnsn="1" lexsn="2:32:00::">said</wf>
<punc>,</punc>
<punc>``</punc>
<wf cmd="done" pos="VB" lemma="listen" wnsn="1" lexsn="2:39:00::">Listen</wf>
<punc>,</punc>
<wf cmd="ignore" pos="PRP">we</wf>
<wf cmd="done" pos="VBP" ot="notag">'re</wf>
<wf cmd="done" pos="VB" lemma="have" wnsn="8" lexsn="2:36:00::">having</wf>
<wf cmd="ignore" pos="DT">a</wf>
<wf cmd="tag" pos="NN">stag</wf>
<wf cmd="tag" pos="NN">dinner</wf>
<wf cmd="ignore" pos="IN">over</wf>
<wf cmd="ignore" pos="IN">at</wf>
<wf cmd="ignore" pos="DT">the</wf>
<wf cmd="tag" pos="NNP">Pagan_Room</wf>
<wf cmd="ignore" pos="IN">on</wf>
<wf cmd="tag" pos="NNP">Friday</wf>
<punc>.</punc>
</s>
<s snum="15">
<wf cmd="done" pos="VB" lemma="imagine" wnsn="1" lexsn="2:36:00::">Imagine</wf>
<wf cmd="ignore" pos="DT">a</wf>
<wf cmd="tag" pos="NN">stag</wf>
<wf cmd="tag" pos="NN">dinner</wf>
<wf cmd="ignore" pos="IN">with</wf>
<wf cmd="tag" pos="NNP">Toodle_Williams</wf>
<punc>''</punc>
<punc>.</punc>
</s>
<s snum="16">
<wf cmd="ignore" pos="PRP">He</wf>
<wf cmd="done" pos="VB" lemma="laugh" wnsn="1" lexsn="2:29:00::">laughed</wf>
<wf cmd="ignore" pos="CC">and</wf>
<wf cmd="done" pos="VB" lemma="laugh" wnsn="1" lexsn="2:29:00::">laughed</wf>
<punc>.</punc>
</s>
</p>
<p pnum="6">
<s snum="17">
<wf cmd="tag" pos="NNP">Owen</wf>
<wf cmd="done" pos="VB" lemma="want" wnsn="1" lexsn="2:37:00::">wanted</wf>
<wf cmd="done" pos="VB" ot="notag">to</wf>
<wf cmd="done" pos="VB" lemma="be" wnsn="1" lexsn="2:42:03::">be</wf>
<wf cmd="tag" pos="JJ">pleasant</wf>
<wf cmd="ignore" pos="IN">because</wf>
<wf cmd="tag" pos="NNP">Buzz</wf>
<wf cmd="done" pos="VB" lemma="work" wnsn="8" lexsn="2:41:04::">worked</wf>
<wf cmd="ignore" pos="DT">the</wf>
<wf cmd="tag" pos="NN">territory</wf>
<wf cmd="tag" pos="JJ">next</wf>
<wf cmd="ignore" pos="TO">to</wf>
<wf cmd="ignore" pos="PRP$">his</wf>
<punc>,</punc>
<wf cmd="ignore" pos="CC">but</wf>
<wf cmd="ignore" pos="PRP">he</wf>
<wf cmd="done" pos="VBD" ot="notag">had</wf>
<wf cmd="tag" pos="RB">n't</wf>
<wf cmd="done" pos="VB" lemma="come" wnsn="1" lexsn="2:38:00::">come</wf>
<wf cmd="done" pos="VB" ot="notag">to</wf>
<wf cmd="tag" pos="NNP">Reno</wf>
<wf cmd="ignore" pos="IN">for</wf>
<wf cmd="tag" pos="NN">stag</wf>
<wf cmd="tag" pos="NNS">dinners</wf>
<punc>.</punc>
</s>
<s snum="18">
<punc>``</punc>
<wf cmd="tag" pos="NNS">Thanks</wf>
<punc>''</punc>
<punc>,</punc>
<wf cmd="tag" pos="NNP">Owen</wf>
<wf cmd="done" pos="VB" lemma="say" wnsn="1" lexsn="2:32:00::">said</wf>
<punc>,</punc>
<punc>``</punc>
<wf cmd="ignore" pos="CC">but</wf>
<wf cmd="tag" pos="NNP">Friday</wf>
<wf cmd="done" pos="VB" lemma="be" wnsn="1" lexsn="2:42:03::">is</wf>
<wf cmd="ignore" pos="DT">a</wf>
<wf cmd="tag" pos="JJ">long</wf>
<wf cmd="tag" pos="NN">way</wf>
<wf cmd="tag" pos="RB">off</wf>
<wf cmd="ignore" pos="CC">and</wf>
<wf cmd="tag" pos="NN">anything</wf>
<wf cmd="ignore" pos="MD">can</wf>
<wf cmd="done" pos="VB" lemma="happen" wnsn="1" lexsn="2:30:00::">happen</wf>
<punc>''</punc>
<punc>.</punc>
</s>
</p>
<p pnum="7">
<s snum="19">
<wf cmd="tag" pos="NNP">Buzz</wf>
<wf cmd="done" pos="VB" lemma="be" wnsn="1" lexsn="2:42:03::">was</wf>
<wf cmd="ignore" pos="DT">a</wf>
<wf cmd="tag" pos="JJ">tireless</wf>
<wf cmd="tag" pos="NN">instigator</wf>
<wf cmd="ignore" pos="WP">who</wf>
<wf cmd="tag" pos="RB">never</wf>
<wf cmd="done" pos="VB" lemma="let" wnsn="1" lexsn="2:41:00::">let</wf>
<wf cmd="ignore" pos="PRP$">his</wf>
<wf cmd="tag" pos="NNS">victims</wf>
<wf cmd="done" pos="VB" lemma="rest" wnsn="2" lexsn="2:32:00::">rest</wf>
<punc>.</punc>
</s>
<s snum="20">
<wf cmd="ignore" pos="WRB">When</wf>
<wf cmd="tag" pos="NNP">Owen</wf>
<wf cmd="done" pos="VB" lemma="be" wnsn="1" lexsn="2:42:03::">was</wf>
<wf cmd="tag" pos="RB">finally</wf>
<wf cmd="tag" pos="JJ">rid</wf>
<wf cmd="done" pos="VB" ot="notag">of</wf>
<wf cmd="ignore" pos="PRP">him</wf>
<punc>,</punc>
<wf cmd="ignore" pos="EX">there</wf>
<wf cmd="done" pos="VB" lemma="be" wnsn="5" lexsn="2:42:04::">was</wf>
<wf cmd="ignore" pos="DT">a</wf>
<wf cmd="tag" pos="JJ">timid</wf>
<wf cmd="tag" pos="NN">rap</wf>
<wf cmd="ignore" pos="IN">at</wf>
<wf cmd="ignore" pos="DT">the</wf>
<wf cmd="tag" pos="NN">door</wf>
<punc>.</punc>
</s>
</p>
<p pnum="8">
<s snum="21">
<punc>``</punc>
<wf cmd="ignore" pos="UH">Yes</wf>
<punc>''</punc>
<punc>,</punc>
<wf cmd="tag" pos="NNP">Owen</wf>
<wf cmd="done" pos="VB" lemma="call_out" wnsn="1" lexsn="2:32:01::">called_out</wf>
<punc>.</punc>
</s>
<s snum="22">
<punc>``</punc>
<wf cmd="ignore" pos="UH">Yes</wf>
<punc>''</punc>
<punc>?</punc>
</s>
</p>
<p pnum="9">
<s snum="23">
<punc>``</punc>
<wf cmd="ignore" pos="PRP">I</wf>
<wf cmd="done" rdf="am" pos="VB" lemma="be" wnsn="2" lexsn="2:42:06::">'m</wf>
<wf cmd="tag" pos="NNP">Mrs._Gertrude_Parker</wf>
<punc>''</punc>
<punc>,</punc>
<wf cmd="ignore" pos="DT">a</wf>
<wf cmd="tag" pos="JJ">soft</wf>
<wf cmd="tag" pos="NN">voice</wf>
<wf cmd="done" pos="VB" lemma="explain" wnsn="1" lexsn="2:32:00::">explained</wf>
<punc>,</punc>
<punc>``</punc>
<wf cmd="ignore" pos="CC">And</wf>
<wf cmd="ignore" pos="PRP">I</wf>
<wf cmd="ignore" pos="MD">'d</wf>
<wf cmd="done" pos="VB" lemma="like" wnsn="1" lexsn="2:37:01::">like</wf>
<wf cmd="ignore" pos="TO">to</wf>
<wf cmd="done" pos="VB" lemma="talk" wnsn="1" lexsn="2:32:01::">talk</wf>
<wf cmd="ignore" pos="TO">to</wf>
<wf cmd="ignore" pos="PRP">you</wf>
<wf cmd="ignore" pos="IN">for</wf>
<wf cmd="tag" pos="JJ">a_few</wf>
<wf cmd="tag" pos="NNS">minutes</wf>
<punc>,</punc>
<wf cmd="tag" pos="RB">please</wf>
<punc>''</punc>
<punc>.</punc>
</s>
</p>
<p pnum="10">
<s snum="24">
<wf cmd="ignore" pos="UH">Ahah</wf>
<punc>,</punc>
<wf cmd="ignore" pos="PRP">he</wf>
<wf cmd="done" pos="VB" lemma="think" wnsn="1" lexsn="2:31:01::">thought</wf>
<punc>,</punc>
<wf cmd="ignore" pos="DT">a</wf>
<wf cmd="tag" pos="JJ">lush</wf>
<wf cmd="tag" pos="NN">divorcee</wf>
<wf cmd="tag" pos="RB">at_last</wf>
<punc>.</punc>
</s>
<s snum="25">
<wf cmd="tag" pos="RB">Probably</wf>
<wf cmd="done" pos="VB" lemma="see" wnsn="1" lexsn="2:39:00::">saw</wf>
<wf cmd="ignore" pos="PRP">me</wf>
<wf cmd="ignore" pos="IN">in</wf>
<wf cmd="ignore" pos="DT">the</wf>
<wf cmd="tag" pos="NN">lobby</wf>
<punc>.</punc>
</s>
<s snum="26">
<wf cmd="ignore" pos="PRP">He</wf>
<wf cmd="done" pos="VB" lemma="be" wnsn="1" lexsn="2:42:03::">was</wf>
<wf cmd="tag" pos="JJ">disappointed</wf>
<wf cmd="ignore" pos="TO">to</wf>
<wf cmd="done" pos="VB" lemma="find" wnsn="1" lexsn="2:40:02::">find</wf>
<wf cmd="ignore" pos="DT">a</wf>
<wf cmd="tag" pos="JJ">nervous</wf>
<punc>,</punc>
<wf cmd="tag" pos="JJ">scrawny</wf>
<wf cmd="tag" pos="NN">woman</wf>
<wf cmd="ignore" pos="IN">with</wf>
<wf cmd="ignore" pos="DT">a</wf>
<wf cmd="tag" pos="JJ">big</wf>
<wf cmd="tag" pos="NN">hat</wf>
<wf cmd="done" pos="VB" lemma="stand" wnsn="1" lexsn="2:35:00::">standing</wf>
<wf cmd="ignore" pos="IN">at</wf>
<wf cmd="ignore" pos="DT">the</wf>
<wf cmd="tag" pos="NN">door</wf>
<punc>.</punc>
</s>
<s snum="27">
<wf cmd="ignore" pos="PRP">She</wf>
<wf cmd="done" pos="VB" lemma="frown" wnsn="1" lexsn="2:29:00::">frowned</wf>
<wf cmd="ignore" pos="IN">at</wf>
<wf cmd="ignore" pos="PRP$">his</wf>
<wf cmd="tag" pos="JJ">green</wf>
<wf cmd="tag" pos="NNS">pajamas</wf>
<wf cmd="ignore" pos="IN">with</wf>
<wf cmd="ignore" pos="DT">the</wf>
<wf cmd="tag" pos="JJ">yellow</wf>
<wf cmd="tag" pos="NNS">moons</wf>
<punc>.</punc>
</s>
</p>
<p pnum="11">
<s snum="28">
<punc>``</punc>
<wf cmd="tag" pos="NN">How_do_you_do</wf>
<punc>''</punc>
<punc>?</punc>
<wf cmd="ignore" pos="PRP">she</wf>
<wf cmd="done" pos="VB" lemma="say" wnsn="1" lexsn="2:32:00::">said</wf>
<punc>,</punc>
<wf cmd="tag" pos="RB">semi-professionally</wf>
<punc>.</punc>
</s>
<s snum="29">
<punc>``</punc>
<wf cmd="ignore" pos="PRP$">Our</wf>
<wf cmd="tag" pos="NN">church</wf>
<wf cmd="done" pos="VBZ" ot="notag">is</wf>
<wf cmd="done" pos="VB" lemma="sponsor" wnsn="1" lexsn="2:40:00::">sponsoring</wf>
<wf cmd="ignore" pos="DT">a</wf>
<wf cmd="tag" pos="NN">group</wf>
<wf cmd="ignore" pos="IN">of</wf>
<wf cmd="tag" pos="RB">very</wf>
<wf cmd="tag" pos="JJ">courageous</wf>
<wf cmd="tag" pos="NNS">women</wf>
<wf cmd="ignore" pos="IN">up</wf>
<wf cmd="ignore" pos="IN">in</wf>
<wf cmd="tag" pos="NNP">Alaska</wf>
<punc>.</punc>
</s>
<s snum="30">
<wf cmd="ignore" pos="PRP">We</wf>
<wf cmd="done" pos="VB" lemma="call" wnsn="1" lexsn="2:32:02::">call</wf>
<wf cmd="ignore" pos="PRP">them</wf>
<wf cmd="tag" pos="NNS">lay-sisters</wf>
<wf cmd="ignore" pos="CC">and</wf>
<wf cmd="ignore" pos="PRP">they</wf>
<wf cmd="done" pos="VB" lemma="go" wnsn="2" lexsn="2:41:00::">go</wf>
<wf cmd="ignore" pos="IN">among</wf>
<wf cmd="ignore" pos="DT">the</wf>
<wf cmd="tag" pos="NNPS">Eskimos</wf>
<wf cmd="done" pos="VB" lemma="make" wnsn="19" lexsn="2:29:08::">making</wf>
<wf cmd="tag" pos="NN">friends</wf>
<wf cmd="ignore" pos="CC">and</wf>
<wf cmd="done" pos="VB" lemma="bring" wnsn="1" lexsn="2:38:00::">bringing</wf>
<wf cmd="ignore" pos="DT">the</wf>
<wf cmd="tag" pos="NN">light</wf>
<punc>.</punc>
</s>
<s snum="31">
<wf cmd="ignore" pos="PRP">They</wf>
<wf cmd="done" rdf="are" pos="VB" lemma="be" wnsn="3" lexsn="2:42:05::">'re</wf>
<wf cmd="ignore" pos="IN">up</wf>
<wf cmd="ignore" pos="EX">there</wf>
<wf cmd="tag" pos="RB">in_that</wf>
<wf cmd="tag" pos="JJ">freezing</wf>
<wf cmd="tag" pos="NN">climate</wf>
<wf cmd="ignore" pos="CC">and</wf>
<wf cmd="tag" pos="JJ">all_of</wf>
<wf cmd="ignore" pos="PRP">us</wf>
<wf cmd="done" pos="VB" lemma="have" wnsn="0" lexsn="2:42:05::">have</wf>
<wf cmd="done" pos="VB" ot="notag">to</wf>
<wf cmd="done" pos="VB" lemma="try" wnsn="1" lexsn="2:41:00::">try</wf>
<wf cmd="ignore" pos="CC">and</wf>
<wf cmd="done" pos="VB" lemma="help" wnsn="1" lexsn="2:41:00::">help</wf>
<wf cmd="ignore" pos="PRP">them</wf>
<punc>''</punc>
<punc>.</punc>
</s>
</p>
<p pnum="12">
<s snum="32">
<punc>``</punc>
<wf cmd="ignore" pos="UH">Oh</wf>
<punc>''</punc>
<punc>?</punc>
</s>
</p>
<p pnum="13">
<s snum="33">
<punc>``</punc>
<wf cmd="ignore" pos="PRP">You</wf>
<wf cmd="done" pos="VB" lemma="see" wnsn="2" lexsn="2:31:01::">see</wf>
<punc>''</punc>
<punc>,</punc>
<wf cmd="ignore" pos="PRP">she</wf>
<wf cmd="done" pos="VB" lemma="say" wnsn="1" lexsn="2:32:00::">said</wf>
<punc>,</punc>
<wf cmd="done" pos="VB" lemma="look" wnsn="1" lexsn="2:39:00::">looking</wf>
<wf cmd="tag" pos="JJ">past</wf>
<wf cmd="ignore" pos="PRP">him</wf>
<wf cmd="ignore" pos="IN">into</wf>
<wf cmd="ignore" pos="DT">the</wf>
<wf cmd="tag" pos="NN">room</wf>
<punc>,</punc>
<wf cmd="ignore" pos="WRB">where</wf>
<wf cmd="ignore" pos="DT">the</wf>
<wf cmd="tag" pos="NN">highball</wf>
<wf cmd="tag" pos="NNS">glasses</wf>
<wf cmd="done" pos="VB" lemma="sparkle" wnsn="1" lexsn="2:43:00::">sparkled</wf>
<wf cmd="tag" pos="RB">dully</wf>
<wf cmd="ignore" pos="IN">in</wf>
<wf cmd="ignore" pos="DT">the</wf>
<wf cmd="tag" pos="JJ">bright</wf>
<wf cmd="tag" pos="NN">light</wf>
<punc>,</punc>
<punc>``</punc>
<wf cmd="ignore" pos="PRP">you</wf>
<wf cmd="ignore" pos="CC">and</wf>
<wf cmd="ignore" pos="PRP">I</wf>
<wf cmd="ignore" pos="MD">can</wf>
<wf cmd="tag" pos="RB">n't</wf>
<wf cmd="done" pos="VB" lemma="understand" wnsn="1" lexsn="2:31:00::">understand</wf>
<wf cmd="ignore" pos="DT">the</wf>
<wf cmd="tag" pos="JJ">many</wf>
<wf cmd="tag" pos="NNS">hardships</wf>
<wf cmd="ignore" pos="PRP">they</wf>
<wf cmd="done" pos="VB" lemma="have" wnsn="0" lexsn="2:42:05::">have</wf>
<wf cmd="done" pos="VB" ot="notag">to</wf>
<wf cmd="done" pos="VB" lemma="undergo" wnsn="0" lexsn="2:39:02::">undergo</wf>
<punc>''</punc>
<punc>.</punc>
</s>
</p>
<p pnum="14">
<s snum="34">
<punc>``</punc>
<wf cmd="ignore" pos="WRB">Why</wf>
<wf cmd="done" pos="VB" ot="notag">is</wf>
<wf cmd="ignore" pos="IN">that</wf>
<punc>''</punc>
<punc>?</punc>
</s>
</p>
<p pnum="15">
<s snum="35">
<wf cmd="ignore" pos="PRP">She</wf>
<wf cmd="tag" pos="RB">apparently</wf>
<wf cmd="done" pos="VB" lemma="be" wnsn="1" lexsn="2:42:03::">was</wf>
<wf cmd="tag" pos="RB">n't</wf>
<wf cmd="tag" pos="JJ">satisfied</wf>
<wf cmd="ignore" pos="IN">with</wf>
<wf cmd="ignore" pos="PRP$">his</wf>
<wf cmd="tag" pos="NN">reaction</wf>
<punc>.</punc>
</s>
<s snum="36">
<wf cmd="tag" pos="JJ">Smug</wf>
<punc>,</punc>
<wf cmd="tag" pos="NNP">Owen</wf>
<wf cmd="done" pos="VB" lemma="think" wnsn="1" lexsn="2:31:01::">thought</wf>
<punc>,</punc>
<wf cmd="tag" pos="JJ">smug</wf>
<wf cmd="ignore" pos="CC">and</wf>
<wf cmd="tag" pos="JJ">sappy</wf>
<punc>.</punc>
</s>
<s snum="37">
<wf cmd="ignore" pos="EX">There</wf>
<wf cmd="done" pos="VB" lemma="be" wnsn="5" lexsn="2:42:04::">was</wf>
<wf cmd="ignore" pos="DT">a</wf>
<wf cmd="tag" pos="JJ">slight</wf>
<wf cmd="tag" pos="JJ">nervous</wf>
<wf cmd="tag" pos="NN">twitch</wf>
<wf cmd="ignore" pos="IN">in</wf>
<wf cmd="ignore" pos="DT">the</wf>
<wf cmd="tag" pos="NN">region</wf>
<wf cmd="ignore" pos="IN">of</wf>
<wf cmd="ignore" pos="PRP$">her</wf>
<wf cmd="tag" pos="JJ">left</wf>
<wf cmd="tag" pos="NN">eye</wf>
<punc>.</punc>
</s>
<s snum="38">
<wf cmd="ignore" pos="PRP">It</wf>
<wf cmd="done" pos="VB" lemma="give" wnsn="9" lexsn="2:36:03::">gave</wf>
<wf cmd="ignore" pos="PRP$">her</wf>
<wf cmd="ignore" pos="DT">a</wf>
<wf cmd="tag" pos="JJ">lewd</wf>
<punc>,</punc>
<wf cmd="tag" pos="JJ">winking</wf>
<wf cmd="tag" pos="NN">effect</wf>
<punc>.</punc>
</s>
</p>
<p pnum="16">
<s snum="39">
<punc>``</punc>
<wf cmd="done" pos="VBP" ot="notag">Have</wf>
<wf cmd="ignore" pos="PRP">you</wf>
<wf cmd="tag" pos="RB">ever</wf>
<wf cmd="done" pos="VB" lemma="try" wnsn="1" lexsn="2:41:00::">tried</wf>
<wf cmd="ignore" pos="TO">to</wf>
<wf cmd="done" pos="VB" lemma="reason" wnsn="2" lexsn="2:32:00::">reason</wf>
<wf cmd="done" pos="VB" ot="notag">with</wf>
<wf cmd="ignore" pos="DT">an</wf>
<wf cmd="tag" pos="NNP">Eskimo</wf>
<punc>''</punc>
<punc>?</punc>
</s>
<s snum="40">
<wf cmd="ignore" pos="PRP">she</wf>
<wf cmd="done" pos="VB" lemma="ask" wnsn="1" lexsn="2:32:00::">asked</wf>
<punc>,</punc>
<wf cmd="done" pos="VB" lemma="wink" wnsn="3" lexsn="2:29:00::">winking</wf>
<wf cmd="tag" pos="RB">wildly</wf>
<punc>.</punc>
</s>
<s snum="41">
<punc>``</punc>
<wf cmd="ignore" pos="PRP">They</wf>
<wf cmd="done" pos="VB" lemma="be" wnsn="1" lexsn="2:42:03::">are</wf>
<wf cmd="ignore" pos="DT">a</wf>
<wf cmd="tag" pos="RB">very</wf>
<wf cmd="tag" pos="JJ">difficult</wf>
<wf cmd="tag" pos="NN">group</wf>
<wf cmd="ignore" pos="IN">of</wf>
<wf cmd="tag" pos="NNS">people</wf>
<punc>''</punc>
<punc>.</punc>
</s>
</p>
<p pnum="17">
<s snum="42">
<punc>``</punc>
<wf cmd="ignore" pos="PRP">I</wf>
<wf cmd="done" pos="VBP" ot="notag">do</wf>
<wf cmd="tag" pos="RB">n't</wf>
<wf cmd="done" pos="VB" lemma="know" wnsn="2" lexsn="2:31:03::">know</wf>
<wf cmd="tag" pos="JJ">much</wf>
<wf cmd="ignore" pos="IN">about</wf>
<wf cmd="ignore" pos="PRP">them</wf>
<punc>''</punc>
<punc>,</punc>
<wf cmd="tag" pos="NNP">Owen</wf>
<wf cmd="done" pos="VB" lemma="admit" wnsn="1" lexsn="2:32:00::">admitted</wf>
<punc>,</punc>
<punc>``</punc>
<wf cmd="ignore" pos="CC">but</wf>
<wf cmd="ignore" pos="PRP">I</wf>
<wf cmd="done" pos="VB" lemma="suppose" wnsn="2" lexsn="2:31:00::">suppose</wf>
<wf cmd="ignore" pos="PRP">they</wf>
<wf cmd="done" pos="VB" lemma="have" wnsn="1" lexsn="2:40:00::">have</wf>
<wf cmd="ignore" pos="PRP$">their</wf>
<wf cmd="tag" pos="JJ">own</wf>
<wf cmd="tag" pos="NN">religion</wf>
<wf cmd="ignore" pos="CC">and</wf>
<wf cmd="ignore" pos="PRP">they</wf>
<wf cmd="tag" pos="RB">probably</wf>
<wf cmd="done" pos="VB" lemma="resent" wnsn="1" lexsn="2:37:00::">resent</wf>
<wf cmd="tag" pos="NNS">outsiders</wf>
<wf cmd="done" pos="VB" lemma="come_in" wnsn="1" lexsn="2:38:02::">coming_in</wf>
<wf cmd="ignore" pos="CC">and</wf>
<wf cmd="done" pos="VB" lemma="tell" wnsn="4" lexsn="2:32:02::">telling</wf>
<wf cmd="ignore" pos="PRP">them</wf>
<wf cmd="ignore" pos="WP">what</wf>
<wf cmd="ignore" pos="TO">to</wf>
<wf cmd="done" pos="VB" lemma="do" wnsn="1" lexsn="2:41:01::">do</wf>
<wf cmd="ignore" pos="CC">and</wf>
<wf cmd="ignore" pos="WP">what</wf>
<wf cmd="tag" pos="RB">not</wf>
<wf cmd="ignore" pos="TO">to</wf>
<wf cmd="done" pos="VB" lemma="do" wnsn="1" lexsn="2:41:01::">do</wf>
<punc>''</punc>
<punc>.</punc>
</s>
</p>
<p pnum="18">
<s snum="43">
<wf cmd="ignore" pos="PRP">She</wf>
<wf cmd="done" pos="VB" lemma="smile" wnsn="1" lexsn="2:29:00::">smiled</wf>
<wf cmd="ignore" pos="IN">in</wf>
<wf cmd="ignore" pos="DT">a</wf>
<wf cmd="tag" pos="JJ">sickly-tolerant</wf>
<wf cmd="tag" pos="NN">fashion</wf>
<punc>.</punc>
</s>
<s snum="44">
<punc>``</punc>
<wf cmd="ignore" pos="PRP">You</wf>
<wf cmd="done" pos="VB" lemma="know" wnsn="1" lexsn="2:31:01::">know</wf>
<punc>,</punc>
<wf cmd="ignore" pos="IN">that</wf>
<wf cmd="done" rdf="is" pos="VB" lemma="be" wnsn="1" lexsn="2:42:03::">'s</wf>
<wf cmd="tag" pos="RB">very</wf>
<wf cmd="tag" pos="JJ">interesting</wf>
<punc>.</punc>
</s>
<s snum="45">
<wf cmd="tag" pos="NNS">People</wf>
<wf cmd="done" pos="VBP" ot="notag">do</wf>
<wf cmd="tag" pos="RB">n't</wf>
<wf cmd="done" pos="VB" lemma="know" wnsn="1" lexsn="2:31:01::">know</wf>
<wf cmd="ignore" pos="WRB">how</wf>
<wf cmd="tag" pos="JJ">much</wf>
<wf cmd="ignore" pos="PRP">they</wf>
<wf cmd="done" pos="VB" lemma="give_away" wnsn="2" lexsn="2:32:00::">give_away</wf>
<wf cmd="ignore" pos="IN">about</wf>
<wf cmd="ignore" pos="PRP">themselves</wf>
<wf cmd="ignore" pos="IN">by</wf>
<wf cmd="tag" pos="NNS">remarks</wf>
<wf cmd="ignore" pos="IN">like</wf>
<wf cmd="tag" pos="RB">that</wf>
<punc>.</punc>
</s>
<s snum="46">
<wf cmd="ignore" pos="DT">The</wf>
<wf cmd="tag" pos="JJR">more</wf>
<wf cmd="tag" pos="NN">canvassing</wf>
<wf cmd="ignore" pos="PRP">I</wf>
<wf cmd="done" pos="VB" lemma="do" wnsn="1" lexsn="2:41:01::">do</wf>
<punc>,</punc>
<wf cmd="ignore" pos="DT">the</wf>
<wf cmd="tag" pos="JJR">more</wf>
<wf cmd="ignore" pos="PRP">I</wf>
<wf cmd="done" pos="VB" lemma="note" wnsn="2" lexsn="2:39:00::">note</wf>
<wf cmd="ignore" pos="WRB">how</wf>
<wf cmd="tag" pos="RB">far</wf>
<wf cmd="tag" pos="RBS">most</wf>
<wf cmd="tag" pos="NNS">people</wf>
<wf cmd="done" pos="VB" lemma="be" wnsn="3" lexsn="2:42:05::">are</wf>
<wf cmd="done" pos="VB" ot="notag">from</wf>
<wf cmd="ignore" pos="PRP$">their</wf>
<wf cmd="tag" pos="JJ">personal</wf>
<wf cmd="tag" pos="NNP">God</wf>
<punc>''</punc>
<punc>.</punc>
</s>
</p>
<p pnum="19">
<s snum="47">
<wf cmd="done" pos="VB" lemma="forebear" wnsn="0" lexsn="2:42:00::">Forebearing</wf>
<punc>,</punc>
<wf cmd="tag" pos="NNP">Owen</wf>
<wf cmd="done" pos="VB" lemma="keep" wnsn="3" lexsn="2:40:00::">kept</wf>
<wf cmd="ignore" pos="PRP$">his</wf>
<wf cmd="tag" pos="NN">peace</wf>
<punc>.</punc>
</s>
<s snum="48">
<wf cmd="ignore" pos="WP">What</wf>
<wf cmd="ignore" pos="MD">would</wf>
<wf cmd="done" pos="VB" lemma="happen" wnsn="1" lexsn="2:30:00::">happen</wf>
<wf cmd="tag" pos="JJ">next</wf>
<punc>?</punc>
</s>
<s snum="49">
<wf cmd="ignore" pos="DT">That</wf>
<wf cmd="ignore" pos="PRP">she</wf>
<wf cmd="done" pos="VB" lemma="be" wnsn="1" lexsn="2:42:03::">was</wf>
<wf cmd="ignore" pos="IN">out</wf>
<wf cmd="ignore" pos="IN">for</wf>
<wf cmd="ignore" pos="DT">a</wf>
<wf cmd="tag" pos="NN">touch</wf>
<wf cmd="done" pos="VB" lemma="be" wnsn="1" lexsn="2:42:03::">was</wf>
<wf cmd="tag" pos="JJ">certain</wf>
<punc>,</punc>
<wf cmd="ignore" pos="CC">but</wf>
<wf cmd="ignore" pos="WRB">when</wf>
<wf cmd="done" pos="VBD" ot="notag">did</wf>
<wf cmd="ignore" pos="PRP">she</wf>
<wf cmd="done" pos="VB" lemma="get_to" wnsn="2" lexsn="2:30:00::">get_to</wf>
<wf cmd="ignore" pos="DT">the</wf>
<wf cmd="tag" pos="NN">pitch</wf>
<punc>?</punc>
</s>
<s snum="50">
<wf cmd="tag" pos="JJ">Several</wf>
<wf cmd="tag" pos="NNS">people</wf>
<wf cmd="done" pos="VB" lemma="pass" wnsn="2" lexsn="2:38:05::">passed</wf>
<wf cmd="ignore" pos="IN">in</wf>
<wf cmd="ignore" pos="DT">the</wf>
<wf cmd="tag" pos="NN">hall</wf>
<wf cmd="ignore" pos="CC">and</wf>
<wf cmd="done" pos="VB" lemma="stare" wnsn="1" lexsn="2:39:00::">stared</wf>
<wf cmd="ignore" pos="IN">as</wf>
<wf cmd="ignore" pos="PRP">he</wf>
<wf cmd="tag" pos="RB">slowly</wf>
<wf cmd="done" pos="VB" lemma="retreat" wnsn="1" lexsn="2:38:00::">retreated</wf>
<punc>,</punc>
<wf cmd="done" pos="VB" lemma="try" wnsn="1" lexsn="2:41:00::">trying</wf>
<wf cmd="ignore" pos="TO">to</wf>
<wf cmd="done" pos="VB" lemma="close" wnsn="1" lexsn="2:35:00::">close</wf>
<wf cmd="ignore" pos="DT">the</wf>
<wf cmd="tag" pos="NN">door</wf>
<wf cmd="tag" pos="RB">a_little</wf>
<punc>,</punc>
<wf cmd="ignore" pos="CC">and</wf>
<wf cmd="ignore" pos="PRP">she</wf>
<wf cmd="tag" pos="RB">slowly</wf>
<wf cmd="done" pos="VB" lemma="lean" wnsn="1" lexsn="2:38:00::">leaned</wf>
<wf cmd="ignore" pos="IN">toward</wf>
<wf cmd="ignore" pos="PRP">him</wf>
<wf cmd="ignore" pos="CC">and</wf>
<wf cmd="done" pos="VB" lemma="raise" wnsn="1" lexsn="2:30:01::">raised</wf>
<wf cmd="ignore" pos="PRP$">her</wf>
<wf cmd="tag" pos="NN">voice</wf>
<punc>.</punc>
</s>
</p>
<p pnum="20">
<s snum="51">
<punc>``</punc>
<wf cmd="ignore" pos="WRB">How</wf>
<wf cmd="done" pos="VBD" ot="notag">did</wf>
<wf cmd="ignore" pos="PRP">you</wf>
<wf cmd="done" pos="VB" lemma="get_by" wnsn="3" lexsn="2:32:00::">get_by</wf>
<wf cmd="ignore" pos="DT">the</wf>
<wf cmd="tag" pos="NN">desk</wf>
<punc>''</punc>
<punc>?</punc>
<wf cmd="ignore" pos="PRP">he</wf>
<wf cmd="done" pos="VB" lemma="ask" wnsn="1" lexsn="2:32:00::">asked</wf>
<wf cmd="tag" pos="RB">curiously</wf>
<punc>.</punc>
</s>
<s snum="52">
<punc>``</punc>
<wf cmd="ignore" pos="PRP">I</wf>
<wf cmd="done" rdf="am" pos="VB" lemma="be" wnsn="1" lexsn="2:42:03::">'m</wf>
<wf cmd="tag" pos="JJ">sure</wf>
<wf cmd="ignore" pos="DT">the</wf>
<wf cmd="tag" pos="NN">hotel</wf>
<wf cmd="done" pos="VBZ" ot="notag">does</wf>
<wf cmd="tag" pos="RB">n't</wf>
<wf cmd="done" pos="VB" lemma="know" wnsn="1" lexsn="2:31:01::">know</wf>
<wf cmd="ignore" pos="PRP">you</wf>
<wf cmd="done" pos="VBP" ot="notag">'re</wf>
<wf cmd="done" pos="VB" lemma="wander" wnsn="1" lexsn="2:38:00::">wandering</wf>
<wf cmd="ignore" pos="IN">around</wf>
<wf cmd="ignore" pos="DT">the</wf>
<wf cmd="tag" pos="NNS">corridors</wf>
<punc>,</punc>
<wf cmd="done" pos="VB" lemma="knock" wnsn="2" lexsn="2:35:01::">knocking</wf>
<wf cmd="ignore" pos="IN">on</wf>
<wf cmd="tag" pos="NNS">strangers</wf>
<punc>'</punc>
<wf cmd="tag" pos="NNS">doors</wf>
<wf cmd="ignore" pos="CC">and</wf>
<wf cmd="done" pos="VB" lemma="talk_down" wnsn="1" lexsn="2:32:00::">talking_down</wf>
<wf cmd="tag" pos="NNPS">Eskimos</wf>
<punc>''</punc>
<punc>.</punc>
</s>
</p>
<p pnum="21">
<s snum="53">
<punc>``</punc>
<wf cmd="ignore" pos="UH">Oh</wf>
<punc>,</punc>
<wf cmd="ignore" pos="PRP">I</wf>
<wf cmd="tag" pos="RB">just</wf>
<wf cmd="done" pos="VB" lemma="come" wnsn="0" lexsn="2:42:01::">come</wf>
<wf cmd="tag" pos="RB">once</wf>
<wf cmd="ignore" pos="DT">a</wf>
<wf cmd="tag" pos="NN">week</wf>
<punc>.</punc>
</s>
<s snum="54">
<wf cmd="tag" pos="RB">Every_day</wf>
<wf cmd="ignore" pos="PRP">I</wf>
<wf cmd="done" pos="VB" lemma="visit" wnsn="2" lexsn="2:38:00::">visit</wf>
<wf cmd="ignore" pos="DT">a</wf>
<wf cmd="tag" pos="JJ">different</wf>
<wf cmd="tag" pos="NN">hotel</wf>
<punc>.</punc>
</s>
<s snum="55">
<wf cmd="ignore" pos="PRP">I</wf>
<wf cmd="done" pos="VB" lemma="feel" wnsn="2" lexsn="2:31:00::">feel</wf>
<wf cmd="ignore" pos="PRP">it</wf>
<wf cmd="done" rdf="is" pos="VB" lemma="be" wnsn="2" lexsn="2:42:06::">'s</wf>
<wf cmd="ignore" pos="PRP$">my</wf>
<wf cmd="tag" pos="NN">duty</wf>
<punc>.</punc>
</s>
<s snum="56">
<wf cmd="ignore" pos="PRP">I</wf>
<wf cmd="done" pos="VB" lemma="do" wnsn="1" lexsn="2:41:01::">do</wf>
<wf cmd="ignore" pos="DT">this</wf>
<wf cmd="tag" pos="NN">work</wf>
<wf cmd="ignore" pos="DT">all</wf>
<wf cmd="ignore" pos="IN">on</wf>
<wf cmd="ignore" pos="PRP$">my</wf>
<wf cmd="tag" pos="JJ">own</wf>
<punc>,</punc>
<wf cmd="ignore" pos="IN">because</wf>
<wf cmd="ignore" pos="PRP">I</wf>
<wf cmd="done" pos="VB" lemma="understand" wnsn="1" lexsn="2:31:00::">understand</wf>
<wf cmd="ignore" pos="DT">the</wf>
<wf cmd="tag" pos="NNS">difficulties</wf>
<wf cmd="ignore" pos="CC">and</wf>
<wf cmd="ignore" pos="PRP">I</wf>
<wf cmd="done" pos="VB" lemma="want" wnsn="1" lexsn="2:37:00::">want</wf>
<wf cmd="done" pos="VB" ot="notag">to</wf>
<wf cmd="done" pos="VB" lemma="help" wnsn="1" lexsn="2:41:00::">help</wf>
<wf cmd="ignore" pos="DT">these</wf>
<wf cmd="tag" pos="NNS">lay-sisters</wf>
<punc>.</punc>
</s>
<s snum="57">
<wf cmd="done" pos="VBP" ot="notag">Do</wf>
<wf cmd="ignore" pos="PRP">you</wf>
<wf cmd="done" pos="VB" lemma="know" wnsn="1" lexsn="2:31:01::">know</wf>
<wf cmd="ignore" pos="DT">these</wf>
<wf cmd="tag" pos="NNS">women</wf>
<wf cmd="done" pos="VB" lemma="go" wnsn="1" lexsn="2:38:00::">go</wf>
<wf cmd="ignore" pos="DT">all</wf>
<wf cmd="ignore" pos="IN">through</wf>
<wf cmd="tag" pos="NNP">Alaska</wf>
<punc>,</punc>
<wf cmd="ignore" pos="CC">and</wf>
<wf cmd="ignore" pos="PRP">they</wf>
<wf cmd="done" pos="VBP" ot="notag">do</wf>
<wf cmd="tag" pos="RB">n't</wf>
<wf cmd="done" pos="VB" lemma="have" wnsn="1" lexsn="2:40:00::">have</wf>
<wf cmd="ignore" pos="DT">the</wf>
<wf cmd="tag" pos="JJ">proper</wf>
<wf cmd="tag" pos="NNS">facilities</wf>
<punc>?</punc>
</s>
<s snum="58">
<wf cmd="ignore" pos="PRP">They</wf>
<wf cmd="done" pos="VB" lemma="travel" wnsn="1" lexsn="2:38:00::">travel</wf>
<wf cmd="tag" pos="RB">in</wf>
<wf cmd="tag" pos="NNS">pairs</wf>
<wf cmd="ignore" pos="IN">as</wf>
<wf cmd="tag" pos="RB">much_as</wf>
<wf cmd="ignore" pos="DT">a</wf>
<wf cmd="tag" pos="JJ">hundred-and-fifty</wf>
<wf cmd="tag" pos="NNS">miles</wf>
<wf cmd="ignore" pos="DT">a</wf>
<wf cmd="tag" pos="NN">day</wf>
<punc>''</punc>
<punc>.</punc>
</s>
</p>
<p pnum="22">
<s snum="59">
<punc>``</punc>
<wf cmd="done" pos="VBP" ot="notag">Do</wf>
<wf cmd="ignore" pos="PRP">you</wf>
<wf cmd="done" pos="VB" lemma="have" wnsn="1" lexsn="2:40:00::">have</wf>
<wf cmd="ignore" pos="DT">any</wf>
<wf cmd="tag" pos="NN">idea</wf>
<wf cmd="ignore" pos="WRB">how</wf>
<wf cmd="tag" pos="RB">far</wf>
<wf cmd="ignore" pos="PRP">I</wf>
<wf cmd="done" pos="VB" lemma="travel" wnsn="1" lexsn="2:38:00::">travel</wf>
<wf cmd="tag" pos="RB">every_day</wf>
<punc>?</punc>
</s>
<s snum="60">
<wf cmd="ignore" pos="PRP">I</wf>
<wf cmd="done" pos="VB" lemma="have" wnsn="1" lexsn="2:40:00::">have</wf>
<wf cmd="ignore" pos="DT">the</wf>
<wf cmd="tag" pos="JJ">whole</wf>
<wf cmd="tag" pos="NNP">Pacific_Northwest</wf>
<punc>''</punc>
<punc>.</punc>
</s>
<s snum="61">
<wf cmd="tag" pos="NNP">Owen</wf>
<wf cmd="done" pos="VB" lemma="be" wnsn="1" lexsn="2:42:03::">was</wf>
<wf cmd="tag" pos="JJ">aware</wf>
<wf cmd="ignore" pos="PRP">he</wf>
<wf cmd="done" pos="VBD" ot="notag">was</wf>
<wf cmd="done" pos="VB" lemma="get" wnsn="2" lexsn="2:30:00::">getting</wf>
<wf cmd="tag" pos="JJ">overexcited</wf>
<wf cmd="ignore" pos="CC">but</wf>
<wf cmd="ignore" pos="PRP">he</wf>
<wf cmd="ignore" pos="MD">could</wf>
<wf cmd="tag" pos="RB">n't</wf>
<wf cmd="done" pos="VB" lemma="help" wnsn="4" lexsn="2:42:08::">help</wf>
<wf cmd="ignore" pos="PRP">himself</wf>
<punc>.</punc>
</s>
</p>
<p pnum="23">
<s snum="62">
<wf cmd="tag" pos="NNP">Mrs.</wf>
<wf cmd="tag" pos="NN">gertrude</wf>
<wf cmd="tag" pos="NNP">Parker</wf>
<wf cmd="done" pos="VB" lemma="draw_back" wnsn="1" lexsn="2:38:00::">drew_back</wf>
<punc>.</punc>
</s>
<s snum="63">
<punc>``</punc>
<wf cmd="ignore" pos="DT">That</wf>
<wf cmd="done" rdf="is" pos="VB" lemma="be" wnsn="1" lexsn="2:42:03::">'s</wf>
<wf cmd="tag" pos="JJ">hardly_a</wf>
<wf cmd="tag" pos="NNP">Christian</wf>
<wf cmd="tag" pos="NN">approach</wf>
<punc>''</punc>
<punc>,</punc>
<wf cmd="ignore" pos="PRP">she</wf>
<wf cmd="done" pos="VB" lemma="remonstrate" wnsn="1" lexsn="2:32:00::">remonstrated</wf>
<punc>.</punc>
</s>
<s snum="64">
<punc>``</punc>
<wf cmd="ignore" pos="PRP">You</wf>
<wf cmd="done" rdf="are" pos="VB" lemma="be" wnsn="3" lexsn="2:42:05::">'re</wf>
<wf cmd="ignore" pos="IN">in</wf>
<wf cmd="ignore" pos="DT">the</wf>
<wf cmd="tag" pos="JJ">secular</wf>
<wf cmd="tag" pos="NN">world</wf>
<punc>''</punc>
<punc>.</punc>
</s>
</p>
<p pnum="24">
<s snum="65">
<punc>``</punc>
<wf cmd="ignore" pos="PRP">I</wf>
<wf cmd="done" pos="VBD" ot="notag">did</wf>
<wf cmd="tag" pos="RB">n't</wf>
<wf cmd="done" pos="VB" lemma="say" wnsn="2" lexsn="2:32:01::">say</wf>
<wf cmd="ignore" pos="PRP">it</wf>
<wf cmd="done" pos="VB" lemma="be" wnsn="1" lexsn="2:42:03::">was</wf>
<wf cmd="tag" pos="NNP">Christian</wf>
<punc>.</punc>
</s>
<s snum="66">
<wf cmd="ignore" pos="PRP">I</wf>
<wf cmd="done" pos="VBP" ot="notag">do</wf>
<wf cmd="tag" pos="RB">n't</wf>
<wf cmd="done" pos="VB" lemma="think" wnsn="1" lexsn="2:31:01::">think</wf>
<wf cmd="ignore" pos="PRP">you</wf>
<wf cmd="ignore" pos="MD">'ll</wf>
<wf cmd="done" pos="VB" lemma="find" wnsn="1" lexsn="2:40:02::">find</wf>
<wf cmd="tag" pos="JJ">many</wf>
<wf cmd="tag" pos="JJ">active</wf>
<wf cmd="tag" pos="NNP">Christian</wf>
<wf cmd="tag" pos="NNS">salesmen</wf>
<punc>.</punc>
</s>
<s snum="67">
<wf cmd="tag" pos="RB">Not</wf>
<wf cmd="ignore" pos="IN">that</wf>
<wf cmd="tag" pos="NN">religion</wf>
<wf cmd="done" pos="VB" lemma="be" wnsn="1" lexsn="2:42:03::">is</wf>
<wf cmd="tag" pos="RB">n't</wf>
<wf cmd="tag" pos="JJ">big</wf>
<wf cmd="tag" pos="NN">business</wf>
<punc>;</punc>
<wf cmd="ignore" pos="DT">those</wf>
<wf cmd="tag" pos="NNS">bibles</wf>
<wf cmd="ignore" pos="CC">and</wf>
<wf cmd="tag" pos="NN">prayer_books</wf>
<wf cmd="done" pos="VB" lemma="make" wnsn="10" lexsn="2:40:01::">make</wf>
<wf cmd="tag" pos="JJ">a_lot_of</wf>
<wf cmd="tag" pos="NN">money</wf>
<wf cmd="ignore" pos="IN">for</wf>
<wf cmd="tag" pos="NN">publishing_houses</wf>
<punc>,</punc>
<wf cmd="ignore" pos="CC">but</wf>
<wf cmd="ignore" pos="PRP">they</wf>
<wf cmd="done" pos="VBP" ot="notag">do</wf>
<wf cmd="tag" pos="RB">n't</wf>
<wf cmd="done" pos="VB" lemma="get" wnsn="4" lexsn="2:30:03::">get</wf>
<wf cmd="tag" pos="JJ">top</wf>
<wf cmd="tag" pos="NNS">personnel</wf>
<punc>.</punc>
</s>
<s snum="68">
<wf cmd="ignore" pos="PRP$">Our</wf>
<wf cmd="tag" pos="JJ">key</wf>
<wf cmd="tag" pos="NNS">salesmen</wf>
<wf cmd="done" pos="VB" lemma="be" wnsn="8" lexsn="2:41:00::">are</wf>
<wf cmd="ignore" pos="IN">in</wf>
<wf cmd="tag" pos="NNS">appliances</wf>
<wf cmd="ignore" pos="CC">and</wf>
<wf cmd="tag" pos="NNS">cosmetics</wf>
<punc>''</punc>
<punc>.</punc>
</s>
</p>
<p pnum="25">
<s snum="69">
<punc>``</punc>
<wf cmd="tag" pos="NNP">God</wf>
<punc>,</punc>
<wf cmd="ignore" pos="PRP">I</wf>
<wf cmd="done" pos="VB" lemma="take" wnsn="6" lexsn="2:31:07::">take</wf>
<wf cmd="done" pos="VB" ot="notag">it</wf>
<punc>,</punc>
<wf cmd="done" pos="VB" lemma="play" wnsn="2" lexsn="2:41:12::">plays</wf>
<wf cmd="ignore" pos="DT">no</wf>
<wf cmd="tag" pos="NN">part</wf>
<wf cmd="tag" pos="RB">in_this</wf>
<punc>''</punc>
<punc>,</punc>
<wf cmd="ignore" pos="PRP">she</wf>
<wf cmd="done" pos="VB" lemma="say" wnsn="1" lexsn="2:32:00::">said</wf>
<wf cmd="tag" pos="RB">waspishly</wf>
<punc>.</punc>
</s>
</p>
<p pnum="26">
<s snum="70">
<punc>``</punc>
<wf cmd="tag" pos="NNP">God</wf>
<wf cmd="done" pos="VBZ" ot="notag">does</wf>
<wf cmd="tag" pos="RB">n't</wf>
<wf cmd="done" pos="VB" lemma="have" wnsn="4" lexsn="2:40:04::">have</wf>
<wf cmd="ignore" pos="DT">any</wf>
<wf cmd="tag" pos="NN">appliance</wf>
<wf cmd="ignore" pos="CC">or</wf>
<wf cmd="tag" pos="NNS">cosmetics</wf>
<punc>''</punc>
<punc>,</punc>
<wf cmd="ignore" pos="PRP">he</wf>
<wf cmd="done" pos="VB" lemma="say" wnsn="1" lexsn="2:32:00::">said</wf>
<wf cmd="tag" pos="RB">heatedly</wf>
<wf cmd="ignore" pos="IN">before</wf>
<wf cmd="ignore" pos="PRP">he</wf>
<wf cmd="done" pos="VB" lemma="catch" wnsn="13" lexsn="2:41:13::">caught</wf>
<wf cmd="ignore" pos="PRP">himself</wf>
<punc>.</punc>
</s>
<s snum="71">
<wf cmd="ignore" pos="PRP">It</wf>
<wf cmd="done" pos="VB" lemma="sound" wnsn="1" lexsn="2:39:06::">sounded</wf>
<wf cmd="tag" pos="JJ">silly</wf>
<punc>;</punc>
<wf cmd="ignore" pos="WRB">why</wf>
<wf cmd="done" pos="VB" lemma="go_on" wnsn="1" lexsn="2:42:00::">go_on</wf>
<punc>?</punc>
</s>
<s snum="72">
<wf cmd="tag" pos="RBR">More</wf>
<wf cmd="tag" pos="NNS">people</wf>
<wf cmd="done" pos="VBD" ot="notag">were</wf>
<wf cmd="done" pos="VB" lemma="pass" wnsn="2" lexsn="2:38:05::">passing</wf>
<punc>;</punc>
<wf cmd="ignore" pos="PRP">he</wf>
<wf cmd="done" pos="VB" ot="notag">had_to</wf>
<wf cmd="done" pos="VB" lemma="find" wnsn="7" lexsn="2:40:01::">find</wf>
<wf cmd="ignore" pos="DT">some</wf>
<wf cmd="tag" pos="NN">way</wf>
<wf cmd="ignore" pos="TO">to</wf>
<wf cmd="done" pos="VB" lemma="close" wnsn="4" lexsn="2:41:01::">close</wf>
<wf cmd="ignore" pos="DT">this</wf>
<wf cmd="tag" pos="JJ">impossible</wf>
<wf cmd="tag" pos="NN">conversation</wf>
<punc>.</punc>
</s>
</p>
<p pnum="27">
<s snum="73">
<punc>``</punc>
<wf cmd="ignore" pos="CC">And</wf>
<wf cmd="tag" pos="NN">whiskey</wf>
<punc>''</punc>
<punc>,</punc>
<wf cmd="ignore" pos="PRP">she</wf>
<wf cmd="done" pos="VB" lemma="say" wnsn="1" lexsn="2:32:00::">said</wf>
<punc>,</punc>
<wf cmd="done" pos="VB" lemma="smile" wnsn="1" lexsn="2:29:00::">smiling</wf>
<wf cmd="ignore" pos="CC">and</wf>
<wf cmd="done" pos="VB" lemma="blink" wnsn="1" lexsn="2:29:00::">blinking</wf>
<wf cmd="ignore" pos="IN">at</wf>
<wf cmd="ignore" pos="DT">the</wf>
<wf cmd="tag" pos="NN">highball</wf>
<wf cmd="tag" pos="NNS">glasses</wf>
<punc>.</punc>
</s>
<s snum="74">
<punc>``</punc>
<wf cmd="done" pos="VBP" ot="notag">Do</wf>
<wf cmd="tag" pos="RB">n't</wf>
<wf cmd="done" pos="VB" lemma="forget" wnsn="2" lexsn="2:31:00::">forget</wf>
<wf cmd="tag" pos="NN">whiskey</wf>
<punc>;</punc>
<wf cmd="ignore" pos="PRP">it</wf>
<wf cmd="done" rdf="is" pos="VB" lemma="be" wnsn="1" lexsn="2:42:03::">'s</wf>
<wf cmd="tag" pos="JJ">such</wf>
<wf cmd="ignore" pos="DT">a</wf>
<wf cmd="tag" pos="JJ">big</wf>
<wf cmd="tag" pos="NN">seller</wf>
<punc>''</punc>
<punc>.</punc>
</s>
</p>
<p pnum="28">
<s snum="75">
<punc>``</punc>
<wf cmd="ignore" pos="PRP">You</wf>
<wf cmd="done" pos="VB" lemma="know" wnsn="1" lexsn="2:31:01::">know</wf>
<punc>''</punc>
<punc>,</punc>
<wf cmd="ignore" pos="PRP">he</wf>
<wf cmd="done" pos="VB" lemma="say" wnsn="1" lexsn="2:32:00::">said</wf>
<punc>,</punc>
<wf cmd="done" pos="VB" lemma="get" wnsn="7" lexsn="2:39:00::">getting</wf>
<wf cmd="done" pos="VB" ot="notag">a</wf>
<wf cmd="tag" pos="NN">grip</wf>
<wf cmd="done" pos="VB" ot="notag">on</wf>
<wf cmd="ignore" pos="PRP">himself</wf>
<punc>,</punc>
<punc>``</punc>
<wf cmd="ignore" pos="PRP">I</wf>
<wf cmd="done" pos="VB" lemma="think" wnsn="1" lexsn="2:31:01::">think</wf>
<wf cmd="ignore" pos="PRP">you</wf>
<wf cmd="done" pos="VBP" ot="notag">'re</wf>
<wf cmd="done" pos="VB" ot="notag">going_to</wf>
<wf cmd="done" pos="VB" lemma="have" wnsn="0" lexsn="2:42:05::">have</wf>
<wf cmd="done" pos="VB" ot="notag">to</wf>
<wf cmd="done" pos="VB" lemma="excuse" wnsn="2" lexsn="2:32:04::">excuse</wf>
<wf cmd="ignore" pos="PRP">me</wf>
<punc>.</punc>
</s>
<s snum="76">
<wf cmd="ignore" pos="PRP">I</wf>
<wf cmd="done" pos="VBP" ot="notag">have</wf>
<wf cmd="ignore" pos="DT">an</wf>
<wf cmd="tag" pos="NN">appointment</wf>
<punc>''</punc>
<punc>.</punc>
</s>
</p>
<p pnum="29">
<s snum="77">
<punc>``</punc>
<wf cmd="ignore" pos="PRP">I</wf>
<wf cmd="ignore" pos="MD">can</wf>
<wf cmd="done" pos="VB" lemma="imagine" wnsn="1" lexsn="2:36:00::">imagine</wf>
<punc>''</punc>
<punc>,</punc>
<wf cmd="ignore" pos="PRP">she</wf>
<wf cmd="done" pos="VB" lemma="say" wnsn="1" lexsn="2:32:00::">said</wf>
<punc>.</punc>
</s>
<s snum="78">
<punc>``</punc>
<wf cmd="tag" pos="RB">Probably</wf>
<wf cmd="tag" pos="RB">down</wf>
<wf cmd="ignore" pos="IN">at</wf>
<wf cmd="ignore" pos="DT">the</wf>
<wf cmd="tag" pos="NN">bar</wf>
<punc>.</punc>
</s>
<s snum="79">
<wf cmd="ignore" pos="CC">But</wf>
<wf cmd="ignore" pos="WP">what</wf>
<wf cmd="done" pos="VBP" ot="notag">do</wf>
<wf cmd="ignore" pos="PRP">you</wf>
<wf cmd="done" pos="VB" lemma="want" wnsn="1" lexsn="2:37:00::">want</wf>
<wf cmd="done" pos="VB" ot="notag">to</wf>
<wf cmd="done" pos="VBP" ot="notag">do</wf>
<wf cmd="ignore" pos="IN">about</wf>
<wf cmd="ignore" pos="DT">the</wf>
<wf cmd="tag" pos="NNS">lay-sisters</wf>
<punc>?</punc>
</s>
<s snum="80">
<wf cmd="ignore" pos="PRP">They</wf>
<wf cmd="ignore" pos="MD">must</wf>
<wf cmd="done" pos="VB" ot="notag">be</wf>
<wf cmd="done" pos="VB" lemma="freeze" wnsn="3" lexsn="2:29:00::">freezing</wf>
<wf cmd="ignore" pos="IN">up</wf>
<wf cmd="ignore" pos="EX">there</wf>
<wf cmd="tag" pos="RB">now</wf>
<punc>.</punc>
</s>
<s snum="81">
<wf cmd="ignore" pos="MD">Ca</wf>
<wf cmd="tag" pos="RB">n't</wf>
<wf cmd="ignore" pos="PRP">you</wf>
<wf cmd="done" pos="VB" lemma="help" wnsn="1" lexsn="2:41:00::">help</wf>
<wf cmd="ignore" pos="PRP">them</wf>
<punc>''</punc>
<punc>?</punc>
</s>
</p>
<p pnum="30">
<s snum="82">
<punc>``</punc>
<wf cmd="done" pos="VB" lemma="leave" wnsn="9" lexsn="2:40:06::">Leave</wf>
<wf cmd="ignore" pos="DT">a</wf>
<wf cmd="tag" pos="NN">card</wf>
<wf cmd="ignore" pos="CC">or</wf>
<wf cmd="tag" pos="NN">something</wf>
<punc>.</punc>
</s>
<s snum="83">
<wf cmd="ignore" pos="PRP">I</wf>
<wf cmd="ignore" pos="MD">'ll</wf>
<wf cmd="done" pos="VB" lemma="think" wnsn="3" lexsn="2:31:00::">think</wf>
<wf cmd="ignore" pos="PRP">it</wf>
<wf cmd="ignore" pos="IN">over</wf>
<punc>''</punc>
<punc>.</punc>
</s>
</p>
<p pnum="31">
<s snum="84">
<punc>``</punc>
<wf cmd="ignore" pos="PRP">I</wf>
<wf cmd="done" pos="VB" lemma="have" wnsn="4" lexsn="2:40:04::">have</wf>
<wf cmd="ignore" pos="DT">no</wf>
<wf cmd="tag" pos="NN">card</wf>
<punc>''</punc>
<punc>,</punc>
<wf cmd="ignore" pos="PRP">she</wf>
<wf cmd="done" pos="VB" lemma="say" wnsn="1" lexsn="2:32:00::">said</wf>
<wf cmd="tag" pos="RB">bitterly</wf>
<punc>.</punc>
</s>
<s snum="85">
<punc>``</punc>
<wf cmd="ignore" pos="PRP">You</wf>
<wf cmd="done" pos="VBP" ot="notag">have</wf>
<wf cmd="tag" pos="RB">n't</wf>
<wf cmd="done" pos="VBN" ot="notag">been</wf>
<wf cmd="done" pos="VB" lemma="listen" wnsn="2" lexsn="2:39:01::">listening</wf>
<wf cmd="done" pos="VB" ot="notag">to</wf>
<wf cmd="ignore" pos="WP">what</wf>
<wf cmd="ignore" pos="PRP">I</wf>
<wf cmd="done" pos="VBP" ot="notag">'ve</wf>
<wf cmd="done" pos="VBN" ot="notag">been</wf>
<wf cmd="done" pos="VB" lemma="tell" wnsn="3" lexsn="2:32:01::">telling</wf>
<wf cmd="ignore" pos="PRP">you</wf>
<punc>.</punc>
</s>
<s snum="86">
<wf cmd="ignore" pos="PRP">I</wf>
<wf cmd="tag" pos="RB">only</wf>
<wf cmd="done" pos="VB" lemma="hope" wnsn="1" lexsn="2:37:01::">hope</wf>
<wf cmd="ignore" pos="PRP$">my</wf>
<wf cmd="done" pos="VB" lemma="talk" wnsn="1" lexsn="2:32:01::">talking</wf>
<wf cmd="ignore" pos="IN">to</wf>
<wf cmd="ignore" pos="PRP">you</wf>
<wf cmd="done" pos="VBZ" ot="notag">has</wf>
<wf cmd="done" pos="VB" lemma="help" wnsn="2" lexsn="2:29:00::">helped</wf>
<wf cmd="ignore" pos="PRP">you</wf>
<wf cmd="tag" pos="RB">a_little</wf>
<punc>,</punc>
<wf cmd="tag" pos="RB">anyway</wf>
<punc>,</punc>
<wf cmd="ignore" pos="IN">because</wf>
<wf cmd="ignore" pos="PRP">you</wf>
<wf cmd="done" pos="VB" lemma="need" wnsn="2" lexsn="2:34:00::">need</wf>
<wf cmd="tag" pos="JJ">spiritual</wf>
<wf cmd="done" pos="VB" lemma="buck_up" wnsn="1" lexsn="2:37:00::">bucking-up</wf>
<punc>''</punc>
<punc>.</punc>
</s>
<s snum="87">
<wf cmd="ignore" pos="PRP">She</wf>
<wf cmd="done" pos="VB" lemma="look" wnsn="3" lexsn="2:29:00::">looked</wf>
<wf cmd="tag" pos="JJ">crestfallen</wf>
<punc>,</punc>
<wf cmd="ignore" pos="IN">as</wf>
<wf cmd="ignore" pos="IN">if</wf>
<wf cmd="ignore" pos="PRP">he</wf>
<wf cmd="done" pos="VBD" ot="notag">had</wf>
<wf cmd="tag" pos="RB">somehow</wf>
<wf cmd="done" pos="VB" lemma="disappoint" wnsn="1" lexsn="2:37:00::">disappointed</wf>
<wf cmd="ignore" pos="DT">the</wf>
<wf cmd="tag" pos="JJ">whole</wf>
<wf cmd="tag" pos="NN">human_race</wf>
<punc>.</punc>
</s>
<s snum="88">
<wf cmd="ignore" pos="PRP">She</wf>
<wf cmd="done" pos="VB" lemma="stand" wnsn="1" lexsn="2:35:00::">stood</wf>
<wf cmd="tag" pos="RB">indecisively</wf>
<wf cmd="ignore" pos="IN">for</wf>
<wf cmd="ignore" pos="DT">a</wf>
<wf cmd="tag" pos="NN">moment</wf>
<punc>,</punc>
<wf cmd="tag" pos="RB">then</wf>
<wf cmd="done" pos="VB" lemma="walk" wnsn="1" lexsn="2:38:00::">walked</wf>
<wf cmd="tag" pos="RB">down</wf>
<wf cmd="ignore" pos="DT">the</wf>
<wf cmd="tag" pos="NN">hall</wf>
<punc>;</punc>
<wf cmd="ignore" pos="PRP">he</wf>
<wf cmd="done" pos="VB" lemma="hear" wnsn="1" lexsn="2:39:00::">heard</wf>
<wf cmd="ignore" pos="PRP$">her</wf>
<wf cmd="done" pos="VB" lemma="knock" wnsn="2" lexsn="2:35:01::">knocking</wf>
<wf cmd="ignore" pos="IN">on</wf>
<wf cmd="ignore" pos="DT">another</wf>
<wf cmd="tag" pos="NN">door</wf>
<punc>.</punc>
</s>
</p>
<p pnum="32">
<s snum="89">
<wf cmd="ignore" pos="PRP">It</wf>
<wf cmd="done" pos="VB" lemma="take" wnsn="2" lexsn="2:40:06::">took</wf>
<wf cmd="ignore" pos="PRP">him</wf>
<wf cmd="ignore" pos="IN">about</wf>
<wf cmd="tag" pos="CD">fifteen</wf>
<wf cmd="tag" pos="NNS">minutes</wf>
<wf cmd="ignore" pos="TO">to</wf>
<wf cmd="done" pos="VB" lemma="calm" wnsn="1" lexsn="2:37:00::">calm</wf>
<wf cmd="ignore" pos="PRP">himself</wf>
<punc>;</punc>
<wf cmd="tag" pos="RB">then</wf>
<wf cmd="ignore" pos="PRP">he</wf>
<wf cmd="done" pos="VB" lemma="realize" wnsn="1" lexsn="2:31:01::">realized</wf>
<wf cmd="ignore" pos="PRP">he</wf>
<wf cmd="done" pos="VB" lemma="be" wnsn="1" lexsn="2:42:03::">was</wf>
<wf cmd="tag" pos="JJ">hungry</wf>
<punc>.</punc>
</s>
<s snum="90">
<wf cmd="ignore" pos="PRP">He</wf>
<wf cmd="done" pos="VB" lemma="shower" wnsn="3" lexsn="2:29:00::">showered</wf>
<punc>,</punc>
<wf cmd="done" pos="VB" lemma="shave" wnsn="1" lexsn="2:29:00::">shaved</wf>
<punc>,</punc>
<wf cmd="done" pos="VB" lemma="dress" wnsn="1" lexsn="2:29:00::">dressed</wf>
<wf cmd="ignore" pos="CC">and</wf>
<wf cmd="done" pos="VB" lemma="go_down" wnsn="1" lexsn="2:38:02::">went_down</wf>
<wf cmd="ignore" pos="TO">to</wf>
<wf cmd="ignore" pos="DT">the</wf>
<wf cmd="tag" pos="NN">dining_room</wf>
<wf cmd="ignore" pos="IN">for</wf>
<wf cmd="tag" pos="NN">breakfast</wf>
<punc>.</punc>
</s>
<s snum="91">
<wf cmd="tag" pos="RB">On_the_way</wf>
<wf cmd="ignore" pos="PRP">he</wf>
<wf cmd="done" pos="VB" lemma="stop" wnsn="1" lexsn="2:38:00::">stopped</wf>
<wf cmd="ignore" pos="IN">at</wf>
<wf cmd="ignore" pos="DT">the</wf>
<wf cmd="tag" pos="NN">desk</wf>
<wf cmd="ignore" pos="TO">to</wf>
<wf cmd="done" pos="VB" lemma="receive" wnsn="1" lexsn="2:40:00::">receive</wf>
<wf cmd="ignore" pos="PRP$">his</wf>
<wf cmd="tag" pos="NN">mail</wf>
<punc>.</punc>
</s>
<s snum="92">
<wf cmd="ignore" pos="EX">There</wf>
<wf cmd="done" pos="VB" lemma="be" wnsn="5" lexsn="2:42:04::">was</wf>
<wf cmd="ignore" pos="DT">a</wf>
<wf cmd="tag" pos="NN">check</wf>
<wf cmd="ignore" pos="IN">from</wf>
<wf cmd="ignore" pos="PRP$">his</wf>
<wf cmd="tag" pos="NN">company</wf>
<punc>,</punc>
<wf cmd="ignore" pos="CC">and</wf>
<wf cmd="ignore" pos="DT">the</wf>
<wf cmd="tag" pos="JJ">usual</wf>
<wf cmd="tag" pos="JJ">enthusiastic</wf>
<wf cmd="tag" pos="NNS">bulletins</wf>
<wf cmd="ignore" pos="IN">on</wf>
<wf cmd="tag" pos="NN">new_lines</wf>
<wf cmd="ignore" pos="PRP">they</wf>
<wf cmd="tag" pos="RB">always</wf>
<wf cmd="done" pos="VB" lemma="issue" wnsn="2" lexsn="2:41:00::">issued</wf>
<punc>.</punc>
</s>
<s snum="93">
<wf cmd="ignore" pos="PRP$">His</wf>
<wf cmd="tag" pos="NN">lawyer</wf>
<wf cmd="done" pos="VBD" ot="notag">had</wf>
<wf cmd="done" pos="VB" lemma="send" wnsn="3" lexsn="2:32:00::">sent</wf>
<wf cmd="ignore" pos="PRP">him</wf>
<wf cmd="ignore" pos="DT">a</wf>
<wf cmd="tag" pos="NN">statement</wf>
<wf cmd="ignore" pos="IN">on</wf>
<wf cmd="ignore" pos="PRP$">his</wf>
<wf cmd="tag" pos="JJ">overdue</wf>
<wf cmd="tag" pos="NN">alimony</wf>
<punc>,</punc>
<wf cmd="ignore" pos="CC">and</wf>
<wf cmd="ignore" pos="EX">there</wf>
<wf cmd="done" pos="VB" lemma="be" wnsn="5" lexsn="2:42:04::">was</wf>
<wf cmd="ignore" pos="DT">a</wf>
<wf cmd="tag" pos="NN">letter</wf>
<wf cmd="ignore" pos="IN">from</wf>
<wf cmd="ignore" pos="DT">the</wf>
<wf cmd="tag" pos="NN">Collector_of_Internal_Revenue</wf>
<wf cmd="done" pos="VB" lemma="ask" wnsn="2" lexsn="2:32:01::">asking</wf>
<wf cmd="ignore" pos="PRP">him</wf>
<wf cmd="ignore" pos="TO">to</wf>
<wf cmd="done" pos="VB" lemma="stop" wnsn="4" lexsn="2:38:02::">stop</wf>
<wf cmd="ignore" pos="IN">in</wf>
<wf cmd="ignore" pos="PRP$">his</wf>
<wf cmd="tag" pos="NN">office</wf>
<wf cmd="ignore" pos="CC">and</wf>
<wf cmd="done" pos="VB" lemma="explain" wnsn="1" lexsn="2:32:00::">explain</wf>
<wf cmd="tag" pos="JJ">last</wf>
<wf cmd="tag" pos="NN">year</wf>
<wf cmd="ignore" pos="POS">'s</wf>
<wf cmd="tag" pos="NNS">exemptions</wf>
<punc>.</punc>
</s>
</p>
<p pnum="33">
<s snum="94">
<wf cmd="ignore" pos="PRP">He</wf>
<wf cmd="done" pos="VB" lemma="eat" wnsn="1" lexsn="2:34:00::">ate</wf>
<wf cmd="done" pos="VB" lemma="breakfast" wnsn="1" lexsn="2:34:00::">breakfast</wf>
<wf cmd="ignore" pos="IN">in</wf>
<wf cmd="ignore" pos="DT">a</wf>
<wf cmd="tag" pos="JJ">sullen</wf>
<wf cmd="tag" pos="NN">mood</wf>
<punc>,</punc>
<wf cmd="ignore" pos="CC">but</wf>
<wf cmd="tag" pos="RB">afterwards</wf>
<punc>,</punc>
<wf cmd="ignore" pos="WRB">when</wf>
<wf cmd="ignore" pos="PRP">he</wf>
<wf cmd="done" pos="VB" lemma="walk" wnsn="1" lexsn="2:38:00::">walked</wf>
<wf cmd="tag" pos="RB">out</wf>
<wf cmd="ignore" pos="IN">onto</wf>
<wf cmd="tag" pos="NNP">Virginia_Street</wf>
<punc>,</punc>
<wf cmd="ignore" pos="PRP">he</wf>
<wf cmd="done" pos="VB" lemma="feel" wnsn="1" lexsn="2:37:00::">felt</wf>
<wf cmd="tag" pos="JJ">braced</wf>
<punc>.</punc>
</s>
<s snum="95">
<wf cmd="ignore" pos="PRP">He</wf>
<wf cmd="done" pos="VB" lemma="look" wnsn="1" lexsn="2:39:00::">looked</wf>
<wf cmd="tag" pos="RB">off</wf>
<wf cmd="ignore" pos="TO">to</wf>
<wf cmd="ignore" pos="DT">the</wf>
<wf cmd="tag" pos="NN">crest</wf>
<wf cmd="ignore" pos="IN">of</wf>
<wf cmd="ignore" pos="DT">the</wf>
<wf cmd="tag" pos="NNPS">Sierras</wf>
<punc>,</punc>
<wf cmd="tag" pos="RB">still</wf>
<wf cmd="tag" pos="JJ">white-topped</wf>
<punc>;</punc>
<wf cmd="ignore" pos="DT">the</wf>
<wf cmd="tag" pos="NN">glisten</wf>
<wf cmd="ignore" pos="IN">of</wf>
<wf cmd="ignore" pos="DT">the</wf>
<wf cmd="tag" pos="NNP">Truckee_River</wf>
<wf cmd="done" pos="VB" lemma="make" wnsn="5" lexsn="2:36:08::">made</wf>
<wf cmd="ignore" pos="DT">a</wf>
<wf cmd="tag" pos="JJ">wide</wf>
<wf cmd="tag" pos="NN">spangle</wf>
<punc>.</punc>
</s>
<s snum="96">
<wf cmd="ignore" pos="PRP">He</wf>
<wf cmd="done" pos="VB" lemma="feel" wnsn="1" lexsn="2:37:00::">felt</wf>
<wf cmd="tag" pos="RB">suddenly</wf>
<wf cmd="tag" pos="JJ">elated</wf>
<punc>,</punc>
<wf cmd="tag" pos="JJ">adventurous</wf>
<punc>.</punc>
</s>
<s snum="97">
<wf cmd="ignore" pos="IN">With</wf>
<wf cmd="ignore" pos="DT">any</wf>
<wf cmd="tag" pos="NN">luck</wf>
<wf cmd="tag" pos="RB">at_all</wf>
<wf cmd="ignore" pos="PRP">he</wf>
<wf cmd="ignore" pos="MD">could</wf>
<wf cmd="tag" pos="RB">easily</wf>
<wf cmd="done" pos="VB" lemma="find" wnsn="1" lexsn="2:40:02::">find</wf>
<wf cmd="ignore" pos="DT">a</wf>
<wf cmd="tag" pos="NN">flowerpot</wf>
<punc>.</punc>
</s>
</p>
<p pnum="34">
<s snum="98">
<wf cmd="ignore" pos="IN">Although</wf>
<wf cmd="ignore" pos="PRP">it</wf>
<wf cmd="done" pos="VB" lemma="be" wnsn="1" lexsn="2:42:03::">was</wf>
<wf cmd="tag" pos="RB">only</wf>
<wf cmd="tag" pos="CD">three</wf>
<wf cmd="ignore" pos="IN">o</wf>
<punc>'</punc>
<wf cmd="tag" pos="NN">clock</wf>
<punc>,</punc>
<wf cmd="ignore" pos="PRP">he</wf>
<wf cmd="done" pos="VB" lemma="stop" wnsn="4" lexsn="2:38:02::">stopped</wf>
<wf cmd="ignore" pos="IN">in</wf>
<wf cmd="ignore" pos="IN">at</wf>
<wf cmd="ignore" pos="DT">the</wf>
<wf cmd="tag" pos="NN">Golden_Calf</wf>
<punc>.</punc>
</s>
<s snum="99">
<wf cmd="ignore" pos="DT">The</wf>
<wf cmd="tag" pos="NNS">tables</wf>
<wf cmd="done" pos="VBD" ot="notag">were</wf>
<wf cmd="ignore" pos="DT">all</wf>
<wf cmd="done" pos="VB" lemma="spin" wnsn="1" lexsn="2:38:01::">spinning</wf>
<punc>,</punc>
<wf cmd="ignore" pos="DT">the</wf>
<wf cmd="tag" pos="NNS">dice</wf>
<wf cmd="done" pos="VB" lemma="rattle" wnsn="1" lexsn="2:39:00::">rattling</wf>
<punc>,</punc>
<wf cmd="ignore" pos="DT">the</wf>
<wf cmd="tag" pos="NN">bar</wf>
<wf cmd="tag" pos="JJ">crowded</wf>
<punc>.</punc>
</s>
<s snum="100">
<wf cmd="tag" pos="RB">Just</wf>
<wf cmd="ignore" pos="TO">to</wf>
<wf cmd="done" pos="VB" lemma="test" wnsn="1" lexsn="2:41:00::">test</wf>
<wf cmd="ignore" pos="PRP">himself</wf>
<punc>,</punc>
<wf cmd="ignore" pos="PRP">he</wf>
<wf cmd="done" pos="VB" lemma="play" wnsn="1" lexsn="2:33:00::">played</wf>
<wf cmd="tag" pos="NN">roulette</wf>
<wf cmd="ignore" pos="IN">for</wf>
<wf cmd="tag" pos="NNS">quarters</wf>
<wf cmd="ignore" pos="IN">on</wf>
<wf cmd="ignore" pos="PRP$">his</wf>
<wf cmd="tag" pos="JJ">old</wf>
<wf cmd="tag" pos="NN">combination</wf>
<punc>,</punc>
<wf cmd="tag" pos="CD">five</wf>
<wf cmd="ignore" pos="CC">and</wf>
<wf cmd="tag" pos="CD">seventeen</wf>
<punc>,</punc>
<wf cmd="ignore" pos="CC">and</wf>
<wf cmd="ignore" pos="IN">within</wf>
<wf cmd="ignore" pos="DT">an</wf>
<wf cmd="tag" pos="NN">hour</wf>
<punc>,</punc>
<wf cmd="ignore" pos="PRP">he</wf>
<wf cmd="done" pos="VBD" ot="notag">had</wf>
<wf cmd="done" pos="VB" lemma="win" wnsn="2" lexsn="2:40:00::">won</wf>
<punc>,</punc>
<wf cmd="tag" pos="RB">surprisingly</wf>
<punc>,</punc>
<wf cmd="tag" pos="CD">twenty</wf>
<wf cmd="tag" pos="NNS">dollars</wf>
<punc>.</punc>
</s>
<s snum="101">
<wf cmd="ignore" pos="DT">The</wf>
<wf cmd="tag" pos="NN">way</wf>
<wf cmd="done" pos="VBD" ot="notag">was</wf>
<wf cmd="done" pos="VB" lemma="open_up" wnsn="2" lexsn="2:30:01::">opening_up</wf>
<punc>;</punc>
<wf cmd="ignore" pos="WRB">when</wf>
<wf cmd="ignore" pos="DT">the</wf>
<wf cmd="tag" pos="NN">management</wf>
<wf cmd="done" pos="VB" lemma="bring" wnsn="1" lexsn="2:38:00::">brought</wf>
<wf cmd="tag" pos="RB">around</wf>
<wf cmd="tag" pos="NN">champagne</wf>
<punc>,</punc>
<wf cmd="ignore" pos="DT">the</wf>
<wf cmd="tag" pos="NN">breakfast</wf>
<wf cmd="done" pos="VB" lemma="settle" wnsn="10" lexsn="2:38:00::">settled</wf>
<wf cmd="ignore" pos="PRP$">its</wf>
<wf cmd="tag" pos="NN">whirling_around</wf>
<wf cmd="ignore" pos="IN">in</wf>
<wf cmd="ignore" pos="PRP$">his</wf>
<wf cmd="tag" pos="NN">stomach</wf>
<punc>.</punc>
</s>
</p>
<p pnum="35">
<s snum="102">
<wf cmd="ignore" pos="DT">The</wf>
<wf cmd="tag" pos="NN">Golden_Calf</wf>
<wf cmd="done" pos="VB" lemma="be" wnsn="1" lexsn="2:42:03::">was</wf>
<wf cmd="tag" pos="RB">dimly</wf>
<wf cmd="tag" pos="JJ">lit</wf>
<wf cmd="ignore" pos="IN">with</wf>
<wf cmd="tag" pos="JJ">shaded</wf>
<wf cmd="tag" pos="NN">neon</wf>
<punc>.</punc>
</s>
<s snum="103">
<wf cmd="ignore" pos="EX">There</wf>
<wf cmd="done" pos="VB" lemma="be" wnsn="5" lexsn="2:42:04::">were</wf>
<wf cmd="tag" pos="JJR">more</wf>
<wf cmd="tag" pos="NNS">women</wf>
<wf cmd="ignore" pos="IN">than</wf>
<wf cmd="tag" pos="NNS">men</wf>
<wf cmd="ignore" pos="IN">in</wf>
<wf cmd="ignore" pos="DT">the</wf>
<wf cmd="tag" pos="NN">place</wf>
<punc>,</punc>
<wf cmd="ignore" pos="CC">but</wf>
<wf cmd="ignore" pos="PRP">he</wf>
<wf cmd="ignore" pos="MD">could</wf>
<wf cmd="tag" pos="RB">n't</wf>
<wf cmd="done" pos="VB" lemma="find" wnsn="1" lexsn="2:40:02::">find</wf>
<wf cmd="ignore" pos="DT">a</wf>
<wf cmd="tag" pos="NN">flowerpot</wf>
<punc>.</punc>
</s>
<s snum="104">
<wf cmd="ignore" pos="PRP">They</wf>
<wf cmd="ignore" pos="DT">all</wf>
<wf cmd="done" pos="VB" lemma="have" wnsn="2" lexsn="2:42:00::">had</wf>
<wf cmd="ignore" pos="DT">the</wf>
<wf cmd="tag" pos="JJ">hard</wf>
<wf cmd="tag" pos="NN">look</wf>
<wf cmd="ignore" pos="IN">of</wf>
<wf cmd="tag" pos="NNS">gamblers</wf>
<wf cmd="ignore" pos="WP">who</wf>
<wf cmd="done" pos="VBD" ot="notag">had</wf>
<wf cmd="done" pos="VB" lemma="stop" wnsn="2" lexsn="2:42:00::">stopped</wf>
<wf cmd="done" pos="VB" lemma="dream" wnsn="1" lexsn="2:36:00::">dreaming</wf>
<punc>,</punc>
<wf cmd="ignore" pos="WP">who</wf>
<wf cmd="tag" pos="RB">automatically</wf>
<wf cmd="done" pos="VB" lemma="turn" wnsn="1" lexsn="2:38:00::">turned</wf>
<wf cmd="ignore" pos="DT">the</wf>
<wf cmd="tag" pos="NNS">cards</wf>
<punc>,</punc>
<wf cmd="tag" pos="RB">hardly</wf>
<wf cmd="done" pos="VB" lemma="care" wnsn="1" lexsn="2:37:02::">caring</wf>
<wf cmd="ignore" pos="WP">what</wf>
<wf cmd="done" pos="VB" lemma="show_up" wnsn="1" lexsn="2:30:00::">showed_up</wf>
<punc>.</punc>
</s>
<s snum="105">
<wf cmd="ignore" pos="DT">The</wf>
<wf cmd="tag" pos="NN">mural</wf>
<wf cmd="ignore" pos="IN">around</wf>
<wf cmd="ignore" pos="DT">the</wf>
<wf cmd="tag" pos="NN">wall</wf>
<wf cmd="done" pos="VB" lemma="depict" wnsn="2" lexsn="2:32:01::">depicted</wf>
<wf cmd="tag" pos="JJ">early</wf>
<wf cmd="tag" pos="NNS">settlers</wf>
<wf cmd="ignore" pos="IN">in</wf>
<wf cmd="tag" pos="NN">covered_wagons</wf>
<punc>,</punc>
<wf cmd="ignore" pos="WP">who</wf>
<wf cmd="done" pos="VB" lemma="appear" wnsn="1" lexsn="2:39:00::">appeared</wf>
<wf cmd="tag" pos="JJ">much</wf>
<wf cmd="tag" pos="RBR">more</wf>
<wf cmd="tag" pos="JJ">animated</wf>
<wf cmd="ignore" pos="IN">than</wf>
<wf cmd="ignore" pos="DT">the</wf>
<wf cmd="tag" pos="NNS">gamblers</wf>
<punc>.</punc>
</s>
<s snum="106">
<wf cmd="ignore" pos="DT">The</wf>
<wf cmd="tag" pos="NNS">women</wf>
<wf cmd="done" pos="VB" lemma="have" wnsn="2" lexsn="2:42:00::">had</wf>
<wf cmd="ignore" pos="DT">a</wf>
<wf cmd="tag" pos="JJ">bright</wf>
<wf cmd="tag" pos="JJ">shining</wf>
<wf cmd="tag" pos="NN">expectancy</wf>
<wf cmd="ignore" pos="IN">as</wf>
<wf cmd="ignore" pos="PRP">they</wf>
<wf cmd="done" pos="VB" lemma="lean" wnsn="1" lexsn="2:38:00::">leaned</wf>
<wf cmd="tag" pos="RB">out</wf>
<wf cmd="ignore" pos="IN">from</wf>
<wf cmd="ignore" pos="DT">the</wf>
<wf cmd="tag" pos="NN">wall</wf>
<wf cmd="ignore" pos="CC">and</wf>
<wf cmd="done" pos="VB" lemma="gaze" wnsn="1" lexsn="2:39:00::">gazed</wf>
<wf cmd="tag" pos="RB">splendidly</wf>
<wf cmd="ignore" pos="IN">into</wf>
<wf cmd="ignore" pos="DT">the</wf>
<wf cmd="tag" pos="NN">distance</wf>
<punc>,</punc>
<wf cmd="ignore" pos="IN">while</wf>
<wf cmd="ignore" pos="DT">the</wf>
<wf cmd="tag" pos="NNS">men</wf>
<wf cmd="done" pos="VB" lemma="be" wnsn="1" lexsn="2:42:03::">were</wf>
<wf cmd="tag" pos="JJ">stern</wf>
<wf cmd="ignore" pos="CC">but</wf>
<wf cmd="tag" pos="JJ">hopeful</wf>
<punc>.</punc>
</s>
<s snum="107">
<wf cmd="ignore" pos="DT">All</wf>
<punc>,</punc>
<wf cmd="tag" pos="RB">of_course</wf>
<punc>,</punc>
<wf cmd="ignore" pos="IN">except</wf>
<wf cmd="ignore" pos="DT">the</wf>
<wf cmd="tag" pos="NNP">Donner</wf>
<wf cmd="tag" pos="NN">party</wf>
<wf cmd="ignore" pos="WP">who</wf>
<wf cmd="done" pos="VB" lemma="be" wnsn="1" lexsn="2:42:03::">were</wf>
<wf cmd="tag" pos="JJ">bent_on</wf>
<wf cmd="done" pos="VB" lemma="starve" wnsn="1" lexsn="2:34:00::">starving</wf>
<wf cmd="ignore" pos="TO">to</wf>
<wf cmd="tag" pos="NN">death</wf>
<punc>.</punc>
</s>
</p>
<p pnum="36">
<s snum="108">
<punc>``</punc>
<wf cmd="ignore" pos="PRP">I</wf>
<wf cmd="done" pos="VB" lemma="wonder" wnsn="2" lexsn="2:32:01::">wonder</wf>
<wf cmd="ignore" pos="IN">if</wf>
<wf cmd="ignore" pos="PRP">they</wf>
<wf cmd="done" pos="VBD" ot="notag">did</wf>
<wf cmd="done" pos="VB" lemma="eat" wnsn="1" lexsn="2:34:00::">eat</wf>
<wf cmd="ignore" pos="DT">each</wf>
<wf cmd="tag" pos="NN">other</wf>
<wf cmd="ignore" pos="IN">at</wf>
<wf cmd="ignore" pos="DT">the</wf>
<wf cmd="tag" pos="NN">end</wf>
<punc>''</punc>
<punc>,</punc>
<wf cmd="tag" pos="NNP">Owen</wf>
<wf cmd="done" pos="VB" lemma="muse" wnsn="1" lexsn="2:31:00::">mused</wf>
<punc>.</punc>
</s>
</p>
<p pnum="37">
<s snum="109">
<wf cmd="ignore" pos="PRP">He</wf>
<wf cmd="done" pos="VB" lemma="sit_down" wnsn="1" lexsn="2:38:00::">sat_down</wf>
<wf cmd="tag" pos="JJ">next</wf>
<wf cmd="ignore" pos="TO">to</wf>
<wf cmd="ignore" pos="DT">a</wf>
<wf cmd="tag" pos="JJ">heavily-upholstered</wf>
<wf cmd="tag" pos="JJ">blonde</wf>
<punc>,</punc>
<wf cmd="ignore" pos="CC">but</wf>
<wf cmd="ignore" pos="PRP">she</wf>
<wf cmd="done" pos="VBD" ot="notag">was</wf>
<wf cmd="done" pos="VB" lemma="clean_out" wnsn="1" lexsn="2:30:00::">cleaned_out</wf>
<wf cmd="ignore" pos="IN">in</wf>
<wf cmd="tag" pos="CD">twenty</wf>
<wf cmd="tag" pos="NNS">minutes</wf>
<punc>.</punc>
</s>
<s snum="110">
<wf cmd="ignore" pos="PRP">She</wf>
<wf cmd="done" pos="VB" lemma="sigh" wnsn="1" lexsn="2:29:00::">sighed</wf>
<wf cmd="ignore" pos="DT">a</wf>
<wf cmd="tag" pos="JJ">dirty</wf>
<wf cmd="tag" pos="NN">word</wf>
<wf cmd="ignore" pos="CC">and</wf>
<wf cmd="done" pos="VB" lemma="leave" wnsn="5" lexsn="2:38:00::">left</wf>
<punc>.</punc>
</s>
<s snum="111">
<wf cmd="tag" pos="NNP">Owen</wf>
<wf cmd="done" pos="VB" lemma="be" wnsn="1" lexsn="2:42:03::">was</wf>
<wf cmd="tag" pos="JJ">surprised</wf>
<wf cmd="ignore" pos="TO">to</wf>
<wf cmd="done" pos="VB" lemma="see" wnsn="1" lexsn="2:39:00::">see</wf>
<wf cmd="tag" pos="NNP">Mrs._Gertrude_Parker</wf>
<wf cmd="done" pos="VB" lemma="play" wnsn="10" lexsn="2:33:01::">playing</wf>
<wf cmd="ignore" pos="DT">the</wf>
<wf cmd="tag" pos="JJ">one-arm</wf>
<wf cmd="tag" pos="NNS">bandits</wf>
<wf cmd="ignore" pos="WDT">that</wf>
<wf cmd="done" pos="VBD" ot="notag">were</wf>
<wf cmd="tag" pos="RB">cunningly</wf>
<wf cmd="done" pos="VB" lemma="arrange" wnsn="1" lexsn="2:35:00::">arranged</wf>
<wf cmd="ignore" pos="IN">by</wf>
<wf cmd="ignore" pos="DT">the</wf>
<wf cmd="tag" pos="NN">entrance</wf>
<punc>.</punc>
</s>
<s snum="112">
<wf cmd="ignore" pos="PRP">She</wf>
<wf cmd="done" pos="VB" lemma="sit_down" wnsn="1" lexsn="2:38:00::">sat_down</wf>
<wf cmd="ignore" pos="CC">and</wf>
<wf cmd="done" pos="VB" lemma="play" wnsn="10" lexsn="2:33:01::">played</wf>
<wf cmd="tag" pos="CD">two</wf>
<wf cmd="tag" pos="NNS">slots</wf>
<wf cmd="tag" pos="RB">at_once</wf>
<punc>,</punc>
<wf cmd="done" pos="VB" lemma="look" wnsn="3" lexsn="2:29:00::">looking</wf>
<wf cmd="tag" pos="JJ">grim</wf>
<punc>,</punc>
<wf cmd="ignore" pos="IN">as</wf>
<wf cmd="ignore" pos="IN">if</wf>
<wf cmd="done" pos="VB" lemma="best" wnsn="1" lexsn="2:33:00::">bested</wf>
<wf cmd="ignore" pos="IN">by</wf>
<wf cmd="tag" pos="NN">mechanical_devices</wf>
<punc>,</punc>
<wf cmd="ignore" pos="CC">and</wf>
<wf cmd="tag" pos="NNP">Owen</wf>
<wf cmd="done" pos="VB" lemma="feel" wnsn="1" lexsn="2:37:00::">felt</wf>
<wf cmd="tag" pos="JJ">sorry_for</wf>
<wf cmd="ignore" pos="DT">the</wf>
<wf cmd="tag" pos="NNS">lay-sisters</wf>
<wf cmd="done" pos="VB" lemma="depend_on" wnsn="0" lexsn="2:31:00::">depending_on</wf>
<wf cmd="ignore" pos="PRP$">her</wf>
<wf cmd="tag" pos="NN">support</wf>
<punc>.</punc>
</s>
</p>
<p pnum="38">
<s snum="113">
<wf cmd="ignore" pos="DT">A</wf>
<wf cmd="tag" pos="JJ">dried-up</wf>
<wf cmd="tag" pos="NN">cowboy</wf>
<wf cmd="done" pos="VB" lemma="sit_down" wnsn="1" lexsn="2:38:00::">sat_down</wf>
<wf cmd="tag" pos="JJ">next</wf>
<wf cmd="ignore" pos="TO">to</wf>
<wf cmd="ignore" pos="PRP">him</wf>
<wf cmd="ignore" pos="IN">in</wf>
<wf cmd="ignore" pos="DT">the</wf>
<wf cmd="tag" pos="JJ">blonde</wf>
<wf cmd="ignore" pos="POS">'s</wf>
<wf cmd="tag" pos="NN">place</wf>
<punc>.</punc>
</s>
<s snum="114">
<wf cmd="ignore" pos="PRP">He</wf>
<wf cmd="done" pos="VB" lemma="be" wnsn="1" lexsn="2:42:03::">was</wf>
<wf cmd="tag" pos="RB">a_little</wf>
<wf cmd="tag" pos="RBR">more</wf>
<wf cmd="tag" pos="JJ">authentic</wf>
<wf cmd="ignore" pos="IN">than</wf>
<wf cmd="tag" pos="JJ">usual</wf>
<wf cmd="ignore" pos="IN">because</wf>
<wf cmd="ignore" pos="PRP">he</wf>
<wf cmd="done" pos="VB" lemma="smell" wnsn="2" lexsn="2:39:00::">smelled</wf>
<wf cmd="tag" pos="RB">slightly</wf>
<wf cmd="ignore" pos="IN">of</wf>
<wf cmd="ignore" pos="DT">the</wf>
<wf cmd="tag" pos="NNS">stables</wf>
<punc>.</punc>
</s>
<s snum="115">
<punc>``</punc>
<wf cmd="ignore" pos="WP">What</wf>
<wf cmd="ignore" pos="PRP">you</wf>
<wf cmd="done" pos="VB" lemma="need" wnsn="2" lexsn="2:34:00::">need</wf>
<wf cmd="done" pos="VB" lemma="be" wnsn="7" lexsn="2:42:02::">is</wf>
<wf cmd="ignore" pos="DT">a</wf>
<wf cmd="tag" pos="JJ">steady</wf>
<wf cmd="tag" pos="NN">martingale</wf>
<punc>''</punc>
<punc>,</punc>
<wf cmd="ignore" pos="DT">the</wf>
<wf cmd="tag" pos="NN">cowboy</wf>
<wf cmd="done" pos="VB" lemma="announce" wnsn="1" lexsn="2:32:00::">announced</wf>
<wf cmd="ignore" pos="IN">after</wf>
<wf cmd="done" pos="VB" lemma="watch" wnsn="2" lexsn="2:41:00::">watching</wf>
<wf cmd="tag" pos="NNP">Owen</wf>
<wf cmd="done" pos="VB" lemma="play" wnsn="10" lexsn="2:33:01::">play</wf>
<punc>.</punc>
</s>
<s snum="116">
<punc>``</punc>
<wf cmd="ignore" pos="PRP">You</wf>
<wf cmd="ignore" pos="MD">can</wf>
<wf cmd="tag" pos="RB">n't</wf>
<wf cmd="done" pos="VB" lemma="build_on" wnsn="1" lexsn="2:42:00::">build_on</wf>
<wf cmd="ignore" pos="PRP$">your</wf>
<wf cmd="tag" pos="JJ">hit-and-miss</wf>
<wf cmd="tag" pos="JJ">five-seventeen</wf>
<punc>''</punc>
<punc>.</punc>
</s>
</p>
<p pnum="39">
<s snum="117">
<punc>``</punc>
<wf cmd="ignore" pos="WP">What</wf>
<wf cmd="done" pos="VBP" ot="notag">are</wf>
<wf cmd="ignore" pos="PRP">you</wf>
<wf cmd="done" pos="VB" lemma="play" wnsn="10" lexsn="2:33:01::">playing</wf>
<punc>''</punc>
<punc>?</punc>
</s>
<s snum="118">
<wf cmd="tag" pos="NNP">Owen</wf>
<wf cmd="done" pos="VB" lemma="ask" wnsn="1" lexsn="2:32:00::">asked</wf>
<punc>.</punc>
</s>
</p>
<p pnum="40">
<s snum="119">
<punc>``</punc>
<wf cmd="ignore" pos="PRP">I</wf>
<wf cmd="done" pos="VBP" ot="notag">'m</wf>
<wf cmd="tag" pos="RB">just</wf>
<wf cmd="done" pos="VB" lemma="log" wnsn="1" lexsn="2:32:00::">logging</wf>
<punc>''</punc>
<punc>,</punc>
<wf cmd="ignore" pos="DT">the</wf>
<wf cmd="tag" pos="NN">cowboy</wf>
<wf cmd="done" pos="VB" lemma="explain" wnsn="1" lexsn="2:32:00::">explained</wf>
<punc>.</punc>
</s>
<s snum="120">
<punc>``</punc>
<wf cmd="ignore" pos="PRP">I</wf>
<wf cmd="done" pos="VB" lemma="keep" wnsn="3" lexsn="2:40:00::">keep</wf>
<wf cmd="ignore" pos="DT">all</wf>
<wf cmd="ignore" pos="DT">these</wf>
<wf cmd="tag" pos="NN">plays</wf>
<wf cmd="tag" pos="RB">in_this</wf>
<wf cmd="tag" pos="JJ">little</wf>
<wf cmd="tag" pos="NN">black_book</wf>
<punc>,</punc>
<wf cmd="ignore" pos="CC">and</wf>
<wf cmd="ignore" pos="PRP">I</wf>
<wf cmd="done" pos="VB" lemma="watch" wnsn="2" lexsn="2:41:00::">watch</wf>
<wf cmd="tag" pos="RB">over</wf>
<wf cmd="ignore" pos="DT">a</wf>
<wf cmd="tag" pos="JJ">twelve-hour</wf>
<wf cmd="tag" pos="NN">period</wf>
<wf cmd="ignore" pos="TO">to</wf>
<wf cmd="done" pos="VB" lemma="find_out" wnsn="1" lexsn="2:32:00::">find_out</wf>
<wf cmd="ignore" pos="WP">what</wf>
<wf cmd="tag" pos="NNS">numbers</wf>
<wf cmd="done" pos="VBP" ot="notag">are</wf>
<wf cmd="done" pos="VB" lemma="repeat" wnsn="3" lexsn="2:30:00::">repeating</wf>
<punc>.</punc>
</s>
<s snum="121">
<wf cmd="ignore" pos="CC">But</wf>
<wf cmd="tag" pos="NN">roulette</wf>
<wf cmd="done" rdf="is" pos="VB" lemma="be" wnsn="2" lexsn="2:42:06::">'s</wf>
<wf cmd="tag" pos="RB">not</wf>
<wf cmd="ignore" pos="PRP$">my</wf>
<wf cmd="tag" pos="NN">game</wf>
<punc>.</punc>
</s>
<s snum="122">
<wf cmd="ignore" pos="PRP">I</wf>
<wf cmd="done" pos="VBP" ot="notag">'m</wf>
<wf cmd="tag" pos="RB">always</wf>
<wf cmd="done" pos="VB" lemma="try" wnsn="1" lexsn="2:41:00::">trying</wf>
<wf cmd="ignore" pos="TO">to</wf>
<wf cmd="done" pos="VB" lemma="find" wnsn="1" lexsn="2:40:02::">find</wf>
<wf cmd="ignore" pos="DT">a</wf>
<wf cmd="tag" pos="JJ">breaking</wf>
<wf cmd="tag" pos="NN">table</wf>
<wf cmd="ignore" pos="IN">in</wf>
<wf cmd="tag" pos="NN">blackjack</wf>
<punc>.</punc>
</s>
<s snum="123">
<wf cmd="tag" pos="RB">Incidentally</wf>
<punc>,</punc>
<wf cmd="ignore" pos="PRP">I</wf>
<wf cmd="done" rdf="am" pos="VB" lemma="be" wnsn="1" lexsn="2:42:03::">'m</wf>
<wf cmd="tag" pos="RB">pretty</wf>
<wf cmd="tag" pos="JJ">famous</wf>
<wf cmd="ignore" pos="IN">in</wf>
<wf cmd="ignore" pos="DT">these</wf>
<wf cmd="tag" pos="NNS">parts</wf>
<punc>:</punc>
<wf cmd="ignore" pos="PRP">I</wf>
<wf cmd="done" pos="VBP" ot="notag">'m</wf>
<wf cmd="done" pos="VB" lemma="call" wnsn="1" lexsn="2:32:02::">called</wf>
<wf cmd="ignore" pos="DT">The</wf>
<wf cmd="tag" pos="NNP">Wrangler</wf>
<punc>''</punc>
<punc>.</punc>
</s>
</p>
<p pnum="41">
<s snum="124">
<punc>``</punc>
<wf cmd="tag" pos="JJ">Nice</wf>
<wf cmd="ignore" pos="TO">to</wf>
<wf cmd="done" pos="VB" lemma="know" wnsn="4" lexsn="2:31:00::">know</wf>
<wf cmd="ignore" pos="PRP">you</wf>
<punc>.</punc>
</s>
<s snum="125">
<wf cmd="done" pos="VBP" ot="notag">Do</wf>
<wf cmd="tag" pos="RB">n't</wf>
<wf cmd="ignore" pos="PRP">you</wf>
<wf cmd="done" pos="VB" lemma="have" wnsn="0" lexsn="2:42:05::">have</wf>
<wf cmd="done" pos="VB" ot="notag">to</wf>
<wf cmd="done" pos="VB" lemma="spend" wnsn="1" lexsn="2:42:00::">spend</wf>
<wf cmd="ignore" pos="DT">any</wf>
<wf cmd="tag" pos="NN">time</wf>
<wf cmd="ignore" pos="IN">on</wf>
<wf cmd="ignore" pos="PRP$">your</wf>
<wf cmd="tag" pos="NN">ranch</wf>
<punc>''</punc>
<punc>?</punc>
</s>
</p>
<p pnum="42">
<s snum="126">
<punc>``</punc>
<wf cmd="ignore" pos="UH">Well</wf>
<punc>,</punc>
<wf cmd="tag" pos="RB">of_course</wf>
<wf cmd="ignore" pos="PRP">I</wf>
<wf cmd="done" pos="VBP" ot="notag">do</wf>
<punc>.</punc>
</s>
<s snum="127">
<wf cmd="ignore" pos="PRP">I</wf>
<wf cmd="done" rdf="am" pos="VB" lemma="be" wnsn="8" lexsn="2:41:00::">'m</wf>
<wf cmd="ignore" pos="IN">with</wf>
<wf cmd="ignore" pos="DT">the</wf>
<wf cmd="tag" pos="NNP">Bar</wf>
<punc>-</punc>
<wf cmd="tag" pos="NNP">H</wf>
<punc>,</punc>
<wf cmd="done" pos="VB" lemma="push" wnsn="3" lexsn="2:32:00::">pushing</wf>
<wf cmd="ignore" pos="DT">a</wf>
<wf cmd="tag" pos="NN">horse</wf>
<wf cmd="tag" pos="JJ">called</wf>
<wf cmd="tag" pos="NNP">Sparky</wf>
<punc>.</punc>
</s>
<s snum="128">
<wf cmd="ignore" pos="PRP">He</wf>
<wf cmd="done" rdf="is" pos="VB" lemma="be" wnsn="1" lexsn="2:42:03::">'s</wf>
<wf cmd="ignore" pos="PRP$">my</wf>
<wf cmd="tag" pos="JJ">own</wf>
<wf cmd="tag" pos="NN">horse</wf>
<punc>,</punc>
<wf cmd="ignore" pos="CC">and</wf>
<wf cmd="ignore" pos="WP">what</wf>
<wf cmd="ignore" pos="PRP">I</wf>
<wf cmd="done" pos="VB" lemma="collect" wnsn="2" lexsn="2:40:01::">collect</wf>
<wf cmd="ignore" pos="IN">from</wf>
<wf cmd="ignore" pos="PRP">him</wf>
<wf cmd="ignore" pos="PRP">I</wf>
<wf cmd="done" pos="VB" lemma="use" wnsn="3" lexsn="2:34:00::">use</wf>
<wf cmd="ignore" pos="IN">on</wf>
<wf cmd="tag" pos="NN">blackjack</wf>
<punc>.</punc>
</s>
<s snum="129">
<wf cmd="ignore" pos="DT">This</wf>
<wf cmd="tag" pos="NNP">Sparky</wf>
<wf cmd="ignore" pos="MD">can</wf>
<wf cmd="done" pos="VB" lemma="rack" wnsn="1" lexsn="2:38:00::">rack</wf>
<wf cmd="ignore" pos="CC">and</wf>
<wf cmd="done" pos="VB" lemma="single-foot" wnsn="1" lexsn="2:38:00::">single-foot</wf>
<wf cmd="ignore" pos="CC">and</wf>
<wf cmd="ignore" pos="PRP">he</wf>
<wf cmd="done" rdf="is" pos="VB" lemma="be" wnsn="1" lexsn="2:42:03::">'s</wf>
<wf cmd="ignore" pos="DT">the</wf>
<wf cmd="tag" pos="JJS">fastest</wf>
<wf cmd="tag" pos="NN">thing</wf>
<wf cmd="ignore" pos="IN">in</wf>
<wf cmd="tag" pos="NNP">Washoe_County</wf>
<punc>.</punc>
</s>
<s snum="130">
<wf cmd="ignore" pos="PRP">I</wf>
<wf cmd="done" pos="VB" lemma="figure" wnsn="1" lexsn="2:31:01::">figure</wf>
<wf cmd="ignore" pos="IN">if</wf>
<wf cmd="ignore" pos="PRP">I</wf>
<wf cmd="ignore" pos="MD">can</wf>
<wf cmd="done" rdf="get_going" pos="VB" lemma="get_going" wnsn="1" lexsn="2:38:00::">get</wf>
<wf cmd="ignore" pos="DT">any</wf>
<wf cmd="tag" pos="RB">kind_of</wf>
<wf cmd="tag" pos="NN">publicity</wf>
<wf cmd="tag" pos="NN">campaign</wf>
<wf cmd="tag" pos="NN">going</wf>
<punc>,</punc>
<wf cmd="ignore" pos="PRP">I</wf>
<wf cmd="ignore" pos="MD">'ll</wf>
<wf cmd="done" pos="VB" lemma="land" wnsn="3" lexsn="2:30:00::">land</wf>
<wf cmd="ignore" pos="PRP">him</wf>
<wf cmd="ignore" pos="IN">on</wf>
<wf cmd="tag" pos="NN">TV</wf>
<punc>-</punc>
<wf cmd="ignore" pos="PRP">you</wf>
<wf cmd="done" pos="VB" lemma="know" wnsn="1" lexsn="2:31:01::">know</wf>
<punc>,</punc>
<wf cmd="tag" pos="CD">one</wf>
<wf cmd="ignore" pos="IN">of</wf>
<wf cmd="ignore" pos="DT">those</wf>
<wf cmd="tag" pos="JJ">favorite</wf>
<wf cmd="tag" pos="NNS">horses</wf>
<wf cmd="ignore" pos="IN">for</wf>
<wf cmd="ignore" pos="DT">some</wf>
<wf cmd="tag" pos="JJ">Western</wf>
<wf cmd="tag" pos="NN">hero</wf>
<punc>.</punc>
</s>
<s snum="131">
<wf cmd="ignore" pos="PRP">I</wf>
<wf cmd="tag" pos="RB">once</wf>
<wf cmd="done" pos="VB" lemma="train" wnsn="1" lexsn="2:31:01::">trained</wf>
<wf cmd="ignore" pos="DT">a</wf>
<wf cmd="tag" pos="NN">horse</wf>
<wf cmd="ignore" pos="IN">for</wf>
<wf cmd="tag" pos="NNP">Hoot_Gibson</wf>
<punc>,</punc>
<wf cmd="ignore" pos="CC">but</wf>
<wf cmd="tag" pos="NN">nothing</wf>
<wf cmd="ignore" pos="IN">like</wf>
<wf cmd="tag" pos="NNP">Sparky</wf>
<punc>.</punc>
</s>
<s snum="132">
<wf cmd="ignore" pos="PRP">He</wf>
<wf cmd="done" rdf="is" pos="VB" lemma="be" wnsn="1" lexsn="2:42:03::">'s</wf>
<wf cmd="ignore" pos="DT">a</wf>
<wf cmd="tag" pos="NN">pinto</wf>
<wf cmd="ignore" pos="CC">and</wf>
<wf cmd="ignore" pos="PRP">he</wf>
<wf cmd="done" pos="VB" lemma="photograph" wnsn="2" lexsn="2:42:00::">photographs</wf>
<wf cmd="tag" pos="RB">wonderfully</wf>
<punc>''</punc>
<punc>.</punc>
</s>
</p>
<p pnum="43">
<s snum="133">
<wf cmd="tag" pos="CD">Five</wf>
<wf cmd="done" pos="VB" lemma="come_up" wnsn="2" lexsn="2:30:00::">came_up</wf>
<wf cmd="ignore" pos="IN">while</wf>
<wf cmd="tag" pos="NNP">Owen</wf>
<wf cmd="done" pos="VBD" ot="notag">was</wf>
<wf cmd="done" pos="VB" lemma="listen" wnsn="1" lexsn="2:39:00::">listening</wf>
<wf cmd="done" pos="VB" ot="notag">to</wf>
<wf cmd="ignore" pos="DT">The</wf>
<wf cmd="tag" pos="NNP">Wrangler</wf>
<wf cmd="ignore" pos="CC">and</wf>
<wf cmd="ignore" pos="PRP">he</wf>
<wf cmd="done" pos="VB" lemma="neglect" wnsn="2" lexsn="2:41:00::">neglected</wf>
<wf cmd="ignore" pos="TO">to</wf>
<wf cmd="done" pos="VB" lemma="play" wnsn="10" lexsn="2:33:01::">play</wf>
<punc>,</punc>
<wf cmd="ignore" pos="DT">a</wf>
<wf cmd="tag" pos="NN">loss</wf>
<wf cmd="ignore" pos="IN">of</wf>
<wf cmd="tag" pos="CD">ten</wf>
<wf cmd="tag" pos="NNS">dollars</wf>
<punc>.</punc>
</s>
<s snum="134">
<wf cmd="ignore" pos="DT">This</wf>
<wf cmd="done" pos="VB" lemma="prove" wnsn="2" lexsn="2:31:00::">proved</wf>
<wf cmd="tag" pos="RB">conclusively</wf>
<wf cmd="ignore" pos="IN">that</wf>
<wf cmd="ignore" pos="DT">The</wf>
<wf cmd="tag" pos="NNP">Wrangler</wf>
<wf cmd="done" pos="VB" lemma="be" wnsn="1" lexsn="2:42:03::">was</wf>
<wf cmd="ignore" pos="DT">a</wf>
<wf cmd="tag" pos="NN">jinx</wf>
<punc>,</punc>
<wf cmd="tag" pos="RB">so</wf>
<wf cmd="ignore" pos="PRP">he</wf>
<wf cmd="done" pos="VB" lemma="walk" wnsn="1" lexsn="2:38:00::">walked</wf>
<wf cmd="ignore" pos="IN">on</wf>
<wf cmd="tag" pos="RB">down</wf>
<wf cmd="ignore" pos="TO">to</wf>
<wf cmd="tag" pos="NNP">Hurrays</wf>
<punc>,</punc>
<wf cmd="ignore" pos="DT">an</wf>
<wf cmd="tag" pos="RB">even</wf>
<wf cmd="tag" pos="RBR">more</wf>
<wf cmd="tag" pos="JJ">glorified</wf>
<wf cmd="tag" pos="NN">gambling_den</wf>
<wf cmd="ignore" pos="IN">than</wf>
<wf cmd="ignore" pos="DT">the</wf>
<wf cmd="tag" pos="NN">Golden_Calf</wf>
<punc>.</punc>
</s>
<s snum="135">
<wf cmd="ignore" pos="WRB">When</wf>
<wf cmd="ignore" pos="PRP">he</wf>
<wf cmd="done" pos="VB" lemma="look" wnsn="1" lexsn="2:39:00::">looked</wf>
<wf cmd="tag" pos="RB">in_the_back</wf>
<punc>,</punc>
<wf cmd="tag" pos="NNP">Mrs._Gertrude_Parker</wf>
<wf cmd="done" pos="VBD" ot="notag">was</wf>
<wf cmd="done" pos="VB" lemma="mark" wnsn="5" lexsn="2:30:00::">marking</wf>
<wf cmd="tag" pos="JJ">keno</wf>
<wf cmd="tag" pos="NNS">cards</wf>
<punc>.</punc>
</s>
</p>
<p pnum="44">
<s snum="136">
<wf cmd="ignore" pos="PRP$">His</wf>
<wf cmd="tag" pos="JJ">adventurous</wf>
<wf cmd="tag" pos="NN">spirit</wf>
<wf cmd="done" pos="VBD" ot="notag">had</wf>
<wf cmd="done" pos="VB" lemma="wane" wnsn="1" lexsn="2:30:02::">waned</wf>
<punc>;</punc>
<wf cmd="ignore" pos="PRP">he</wf>
<wf cmd="done" pos="VB" lemma="study" wnsn="1" lexsn="2:31:02::">studied</wf>
<wf cmd="ignore" pos="DT">the</wf>
<wf cmd="tag" pos="NN">pistol</wf>
<wf cmd="tag" pos="NN">exhibition</wf>
<wf cmd="ignore" pos="IN">that</wf>
<wf cmd="tag" pos="NNP">Hurrays</wf>
<wf cmd="done" pos="VB" lemma="feature" wnsn="1" lexsn="2:42:00::">featured</wf>
<wf cmd="ignore" pos="IN">as</wf>
<wf cmd="ignore" pos="DT">an</wf>
<wf cmd="tag" pos="JJ">added</wf>
<wf cmd="tag" pos="NN">attraction</wf>
<punc>.</punc>
</s>
<s snum="137">
<wf cmd="ignore" pos="PRP">He</wf>
<wf cmd="done" pos="VB" lemma="ogle" wnsn="1" lexsn="2:39:00::">ogled</wf>
<wf cmd="ignore" pos="DT">a</wf>
<wf cmd="tag" pos="JJ">long</wf>
<wf cmd="tag" pos="NN">redhead</wf>
<wf cmd="ignore" pos="IN">with</wf>
<wf cmd="tag" pos="JJ">green</wf>
<wf cmd="tag" pos="NNS">eyes</wf>
<punc>,</punc>
<wf cmd="ignore" pos="CC">but</wf>
<wf cmd="ignore" pos="PRP">she</wf>
<wf cmd="done" pos="VB" lemma="be" wnsn="2" lexsn="2:42:06::">was</wf>
<wf cmd="ignore" pos="DT">a</wf>
<wf cmd="tag" pos="NN">shill</wf>
<wf cmd="ignore" pos="IN">with</wf>
<wf cmd="ignore" pos="PRP$">her</wf>
<wf cmd="tag" pos="NN">money</wf>
<wf cmd="tag" pos="RB">in_front</wf>
<wf cmd="ignore" pos="IN">of</wf>
<wf cmd="ignore" pos="PRP$">her</wf>
<punc>.</punc>
</s>
<s snum="138">
<wf cmd="ignore" pos="PRP">He</wf>
<wf cmd="done" pos="VB" lemma="have" wnsn="1" lexsn="2:40:00::">had</wf>
<wf cmd="ignore" pos="DT">no</wf>
<wf cmd="tag" pos="JJ">great</wf>
<wf cmd="tag" pos="NN">prejudice</wf>
<wf cmd="ignore" pos="IN">against</wf>
<wf cmd="tag" pos="NNS">shills</wf>
<punc>;</punc>
<wf cmd="ignore" pos="PRP">it</wf>
<wf cmd="tag" pos="RB">just</wf>
<wf cmd="done" pos="VB" lemma="seem" wnsn="1" lexsn="2:39:00::">seemed</wf>
<wf cmd="tag" pos="JJ">such</wf>
<wf cmd="ignore" pos="DT">a</wf>
<wf cmd="tag" pos="NN">dry_run</wf>
<punc>.</punc>
</s>
</p>
<p pnum="45">
<s snum="139">
<wf cmd="ignore" pos="EX">There</wf>
<wf cmd="done" pos="VB" lemma="be" wnsn="3" lexsn="2:42:05::">was</wf>
<wf cmd="ignore" pos="DT">no</wf>
<wf cmd="tag" pos="NN">cash</wf>
<wf cmd="ignore" pos="IN">around</wf>
<punc>;</punc>
<wf cmd="tag" pos="NN">everyone</wf>
<wf cmd="done" pos="VBD" ot="notag">was</wf>
<wf cmd="done" pos="VB" lemma="flip" wnsn="1" lexsn="2:38:00::">flipping</wf>
<wf cmd="tag" pos="NN">silver_dollars</wf>
<punc>.</punc>
</s>
<s snum="140">
<wf cmd="ignore" pos="DT">The</wf>
<wf cmd="tag" pos="NN">management</wf>
<wf cmd="tag" pos="RB">discreetly</wf>
<wf cmd="done" pos="VB" lemma="withdraw" wnsn="4" lexsn="2:40:01::">withdrew</wf>
<wf cmd="ignore" pos="DT">the</wf>
<wf cmd="tag" pos="JJ">green</wf>
<wf cmd="tag" pos="NN">stuff</wf>
<wf cmd="ignore" pos="IN">into</wf>
<wf cmd="ignore" pos="DT">the</wf>
<wf cmd="tag" pos="NN">office</wf>
<wf cmd="ignore" pos="CC">and</wf>
<wf cmd="done" pos="VB" lemma="give" wnsn="3" lexsn="2:40:00::">gave</wf>
<wf cmd="ignore" pos="DT">the</wf>
<wf cmd="tag" pos="NNS">customers</wf>
<wf cmd="tag" pos="NNS">chips</wf>
<wf cmd="ignore" pos="CC">or</wf>
<wf cmd="tag" pos="NNS">checks</wf>
<wf cmd="ignore" pos="CC">or</wf>
<wf cmd="tag" pos="NN">premium</wf>
<wf cmd="tag" pos="NNS">points</wf>
<punc>.</punc>
</s>
<s snum="141">
<wf cmd="ignore" pos="PRP">He</wf>
<wf cmd="done" pos="VB" lemma="read" wnsn="1" lexsn="2:31:00::">read</wf>
<wf cmd="ignore" pos="DT">a</wf>
<wf cmd="tag" pos="JJ">special</wf>
<wf cmd="tag" pos="NN">announcement</wf>
<wf cmd="ignore" pos="WRB">whereby</wf>
<wf cmd="tag" pos="NNP">Hurrays</wf>
<wf cmd="ignore" pos="MD">would</wf>
<wf cmd="done" pos="VB" lemma="feature" wnsn="1" lexsn="2:42:00::">feature</wf>
<wf cmd="ignore" pos="DT">a</wf>
<wf cmd="tag" pos="JJ">special</wf>
<wf cmd="tag" pos="NN">floorshow</wf>
<wf cmd="ignore" pos="IN">at</wf>
<wf cmd="tag" pos="CD">three</wf>
<wf cmd="tag" pos="NN">a.</wf>
<wf cmd="tag" pos="NNP">m.</wf>
<wf cmd="done" pos="VB" lemma="star" wnsn="1" lexsn="2:42:00::">starring</wf>
<wf cmd="tag" pos="NNP">Adele</wf>
<punc>(</punc>
<wf cmd="ignore" pos="DT">The</wf>
<wf cmd="tag" pos="NNP">Body</wf>
<punc>)</punc>
<wf cmd="tag" pos="NNP">Brenner</wf>
<wf cmd="ignore" pos="CC">and</wf>
<wf cmd="tag" pos="CD">fourteen</wf>
<wf cmd="tag" pos="JJ">glamorous</wf>
<wf cmd="tag" pos="NNS">schoolgirls</wf>
<punc>.</punc>
</s>
</p>
<p pnum="46">
<s snum="142">
<wf cmd="ignore" pos="PRP">He</wf>
<wf cmd="done" pos="VB" lemma="wonder" wnsn="2" lexsn="2:32:01::">wondered</wf>
<wf cmd="ignore" pos="IN">if</wf>
<wf cmd="ignore" pos="PRP">he</wf>
<wf cmd="ignore" pos="MD">might</wf>
<wf cmd="done" pos="VB" ot="idiom">bag</wf>
<wf cmd="ignore" pos="DT">a</wf>
<wf cmd="tag" pos="NN">tourist</wf>
<punc>,</punc>
<wf cmd="ignore" pos="CC">but</wf>
<wf cmd="ignore" pos="PRP">they</wf>
<wf cmd="done" pos="VB" lemma="look" wnsn="3" lexsn="2:29:00::">looked</wf>
<wf cmd="tag" pos="JJ">frightened</wf>
<wf cmd="ignore" pos="IN">of</wf>
<wf cmd="ignore" pos="PRP">him</wf>
<punc>.</punc>
</s>
<s snum="143">
<wf cmd="ignore" pos="PRP">He</wf>
<wf cmd="done" pos="VB" lemma="pass" wnsn="2" lexsn="2:38:05::">passed</wf>
<wf cmd="tag" pos="CD">two</wf>
<wf cmd="tag" pos="NNS">brides</wf>
<punc>,</punc>
<wf cmd="ignore" pos="DT">both</wf>
<wf cmd="done" pos="VB" lemma="wear" wnsn="2" lexsn="2:29:04::">wearing</wf>
<wf cmd="tag" pos="NNS">orchids</wf>
<punc>,</punc>
<wf cmd="ignore" pos="CC">and</wf>
<wf cmd="ignore" pos="PRP">they</wf>
<wf cmd="done" pos="VB" lemma="make" wnsn="2" lexsn="2:30:00::">made</wf>
<wf cmd="ignore" pos="PRP">him</wf>
<wf cmd="done" pos="VB" lemma="feel" wnsn="1" lexsn="2:37:00::">feel</wf>
<wf cmd="tag" pos="RB">a_little</wf>
<wf cmd="tag" pos="JJ">sad</wf>
<punc>.</punc>
</s>
</p>
<p pnum="47">
<s snum="144">
<wf cmd="tag" pos="NNP">Owen</wf>
<wf cmd="done" pos="VB" lemma="find" wnsn="1" lexsn="2:40:02::">found</wf>
<wf cmd="tag" pos="NNP">Buzz</wf>
<wf cmd="done" pos="VB" lemma="watch" wnsn="3" lexsn="2:39:05::">watching</wf>
<wf cmd="tag" pos="NN">chuck-a-luck</wf>
<punc>.</punc>
</s>
<s snum="145">
<wf cmd="tag" pos="NNP">Buzz</wf>
<wf cmd="done" pos="VB" lemma="have_on" wnsn="1" lexsn="2:29:00::">had_on</wf>
<wf cmd="ignore" pos="DT">a</wf>
<wf cmd="tag" pos="NNP">Hawaiian</wf>
<wf cmd="tag" pos="NN">shirt</wf>
<wf cmd="ignore" pos="CC">and</wf>
<wf cmd="done" pos="VBD" ot="notag">was</wf>
<wf cmd="done" pos="VB" lemma="carry" wnsn="2" lexsn="2:42:01::">carrying</wf>
<wf cmd="ignore" pos="DT">some</wf>
<wf cmd="tag" pos="JJ">sun-tan</wf>
<wf cmd="tag" pos="NN">oil</wf>
<wf cmd="ignore" pos="CC">and</wf>
<wf cmd="tag" pos="NN">dark_glasses</wf>
<punc>.</punc>
</s>
<s snum="146">
<wf cmd="ignore" pos="PRP">He</wf>
<wf cmd="done" pos="VB" lemma="be" wnsn="1" lexsn="2:42:03::">was</wf>
<wf cmd="tag" pos="JJR">shorter</wf>
<wf cmd="ignore" pos="CC">and</wf>
<wf cmd="tag" pos="JJR">fatter</wf>
<wf cmd="ignore" pos="IN">than</wf>
<wf cmd="tag" pos="NNP">Owen</wf>
<punc>,</punc>
<wf cmd="ignore" pos="WP">who</wf>
<wf cmd="done" pos="VB" lemma="feel" wnsn="1" lexsn="2:37:00::">felt</wf>
<wf cmd="tag" pos="JJ">good</wf>
<wf cmd="done" pos="VB" lemma="stand" wnsn="1" lexsn="2:35:00::">standing</wf>
<wf cmd="tag" pos="JJ">next</wf>
<wf cmd="ignore" pos="TO">to</wf>
<wf cmd="ignore" pos="PRP">him</wf>
<punc>.</punc>
</s>
<s snum="147">
<punc>``</punc>
<wf cmd="ignore" pos="PRP">We</wf>
<wf cmd="done" pos="VBP" ot="notag">'re</wf>
<wf cmd="ignore" pos="DT">all</wf>
<wf cmd="done" pos="VB" lemma="go" wnsn="1" lexsn="2:38:00::">going</wf>
<wf cmd="tag" pos="RB">over</wf>
<wf cmd="ignore" pos="TO">to</wf>
<wf cmd="tag" pos="NNP">Lake_Tahoe</wf>
<wf cmd="ignore" pos="CC">and</wf>
<wf cmd="done" pos="VB" lemma="try" wnsn="2" lexsn="2:41:01::">try</wf>
<wf cmd="ignore" pos="PRP$">our</wf>
<wf cmd="tag" pos="NN">luck</wf>
<wf cmd="ignore" pos="IN">at</wf>
<wf cmd="tag" pos="NNP">Cal-Neva</wf>
<punc>''</punc>
<punc>,</punc>
<wf cmd="tag" pos="NNP">Buzz</wf>
<wf cmd="done" pos="VB" lemma="explain" wnsn="1" lexsn="2:32:00::">explained</wf>
<punc>,</punc>
<wf cmd="tag" pos="RB">still</wf>
<wf cmd="done" pos="VB" lemma="instigate" wnsn="1" lexsn="2:32:00::">instigating</wf>
<punc>.</punc>
</s>
<s snum="148">
<punc>``</punc>
<wf cmd="ignore" pos="PRP">We</wf>
<wf cmd="done" pos="VB" lemma="ran_into" wnsn="0" lexsn="2:38:01::">ran_into</wf>
<wf cmd="ignore" pos="DT">a</wf>
<wf cmd="tag" pos="NN">guy</wf>
<wf cmd="ignore" pos="IN">at</wf>
<wf cmd="ignore" pos="DT">the</wf>
<wf cmd="tag" pos="NNP">Pagan_Room</wf>
<wf cmd="ignore" pos="WP">who</wf>
<wf cmd="done" pos="VB" lemma="guarantee" wnsn="1" lexsn="2:32:00::">guarantees</wf>
<wf cmd="ignore" pos="PRP">we</wf>
<wf cmd="ignore" pos="MD">can</wf>
<wf cmd="done" pos="VB" lemma="beat" wnsn="1" lexsn="2:33:00::">beat</wf>
<wf cmd="ignore" pos="DT">the</wf>
<wf cmd="tag" pos="NN">wheel</wf>
<punc>.</punc>
</s>
<s snum="149">
<wf cmd="ignore" pos="PRP">He</wf>
<wf cmd="done" pos="VB" lemma="start_out" wnsn="1" lexsn="2:30:00::">started_out</wf>
<wf cmd="ignore" pos="IN">as</wf>
<wf cmd="ignore" pos="DT">a</wf>
<wf cmd="tag" pos="NN">stickman</wf>
<punc>,</punc>
<wf cmd="tag" pos="RB">then</wf>
<wf cmd="done" pos="VB" lemma="become" wnsn="2" lexsn="2:42:01::">became</wf>
<wf cmd="ignore" pos="DT">a</wf>
<wf cmd="tag" pos="NN">pit</wf>
<wf cmd="tag" pos="NN">boss</wf>
<wf cmd="ignore" pos="IN">until</wf>
<wf cmd="ignore" pos="DT">the</wf>
<wf cmd="tag" pos="NNP">Club</wf>
<wf cmd="done" pos="VB" lemma="find" wnsn="2" lexsn="2:39:02::">found</wf>
<wf cmd="ignore" pos="PRP">him</wf>
<wf cmd="done" pos="VBG" ot="idiom">crossroading</wf>
<punc>.</punc>
</s>
<s snum="150">
<wf cmd="ignore" pos="PRP">He</wf>
<wf cmd="done" pos="VBD" ot="notag">was</wf>
<wf cmd="done" pos="VB" ot="notag">knocking_down</wf>
<wf cmd="tag" pos="NNS">checks</wf>
<wf cmd="ignore" pos="IN">at</wf>
<wf cmd="tag" pos="NN">faro</wf>
<punc>''</punc>
<punc>.</punc>
</s>
</p>
<p pnum="48">
<s snum="151">
<punc>``</punc>
<wf cmd="ignore" pos="PRP">I</wf>
<wf cmd="done" rdf="am" pos="VB" lemma="be" wnsn="1" lexsn="2:42:03::">'m</wf>
<wf cmd="tag" pos="JJ">allergic</wf>
<wf cmd="ignore" pos="TO">to</wf>
<wf cmd="tag" pos="NNP">Tahoe</wf>
<punc>''</punc>
<punc>,</punc>
<wf cmd="tag" pos="NNP">Owen</wf>
<wf cmd="done" pos="VB" lemma="explain" wnsn="1" lexsn="2:32:00::">explained</wf>
<punc>.</punc>
</s>
<s snum="152">
<punc>``</punc>
<wf cmd="tag" pos="NN">Something</wf>
<wf cmd="ignore" pos="IN">about</wf>
<wf cmd="ignore" pos="DT">the</wf>
<wf cmd="tag" pos="NN">pollen</wf>
<punc>''</punc>
<punc>.</punc>
</s>
</p>
<p pnum="49">
<s snum="153">
<punc>``</punc>
<wf cmd="ignore" pos="UH">Well</wf>
<punc>,</punc>
<wf cmd="tag" pos="JJ">okay</wf>
<punc>''</punc>
<punc>,</punc>
<wf cmd="tag" pos="NNP">Buzz</wf>
<wf cmd="done" pos="VB" lemma="say" wnsn="1" lexsn="2:32:00::">said</wf>
<punc>.</punc>
</s>
<s snum="154">
<punc>``</punc>
<wf cmd="ignore" pos="PRP">We</wf>
<wf cmd="ignore" pos="MD">'ll</wf>
<wf cmd="done" pos="VB" lemma="see" wnsn="8" lexsn="2:38:00::">see</wf>
<wf cmd="ignore" pos="PRP">you</wf>
<wf cmd="ignore" pos="IN">around</wf>
<wf cmd="tag" pos="RB">later</wf>
<punc>''</punc>
<punc>.</punc>
</s>
</p>
<p pnum="50">
<s snum="155">
<wf cmd="tag" pos="NNP">Owen</wf>
<wf cmd="done" pos="VB" lemma="go" wnsn="1" lexsn="2:38:00::">went</wf>
<wf cmd="tag" pos="RB">over</wf>
<wf cmd="ignore" pos="TO">to</wf>
<wf cmd="ignore" pos="DT">the</wf>
<wf cmd="tag" pos="NN">crap</wf>
<wf cmd="tag" pos="NN">table</wf>
<wf cmd="ignore" pos="CC">and</wf>
<wf cmd="ignore" pos="DT">the</wf>
<wf cmd="tag" pos="NNS">dice</wf>
<wf cmd="done" pos="VB" lemma="be" wnsn="1" lexsn="2:42:03::">were</wf>
<wf cmd="tag" pos="JJ">hot</wf>
<punc>,</punc>
<wf cmd="ignore" pos="CC">but</wf>
<wf cmd="ignore" pos="PRP">he</wf>
<wf cmd="ignore" pos="MD">could</wf>
<wf cmd="tag" pos="RB">n't</wf>
<wf cmd="done" pos="VB" lemma="pyramid" wnsn="1" lexsn="2:40:00::">pyramid</wf>
<wf cmd="ignore" pos="IN">with</wf>
<wf cmd="ignore" pos="DT">any</wf>
<wf cmd="tag" pos="JJ">consecutive</wf>
<wf cmd="tag" pos="NN">success</wf>
<punc>.</punc>
</s>
</p>
<p pnum="51">
<s snum="156">
<punc>``</punc>
<wf cmd="ignore" pos="WRB">How</wf>
<wf cmd="ignore" pos="POS">'s</wf>
<wf cmd="ignore" pos="PRP$">your</wf>
<wf cmd="tag" pos="NN">luck</wf>
<punc>,</punc>
<wf cmd="tag" pos="NN">honey</wf>
<punc>''</punc>
<punc>?</punc>
</s>
<s snum="157">
<wf cmd="ignore" pos="DT">A</wf>
<wf cmd="tag" pos="JJ">short</wf>
<wf cmd="tag" pos="NN">platinum</wf>
<wf cmd="tag" pos="JJ">blonde</wf>
<wf cmd="ignore" pos="IN">in</wf>
<wf cmd="ignore" pos="DT">a</wf>
<wf cmd="tag" pos="JJ">bursting</wf>
<wf cmd="tag" pos="NN">sun-suit</wf>
<wf cmd="done" pos="VB" lemma="address" wnsn="1" lexsn="2:32:00::">addressed</wf>
<wf cmd="ignore" pos="PRP">him</wf>
<punc>.</punc>
</s>
<s snum="158">
<wf cmd="ignore" pos="PRP">She</wf>
<wf cmd="done" pos="VB" lemma="look" wnsn="2" lexsn="2:39:01::">looked</wf>
<wf cmd="tag" pos="JJ">well-fed</wf>
<wf cmd="ignore" pos="CC">and</wf>
<wf cmd="tag" pos="JJ">prosperous</wf>
<punc>,</punc>
<wf cmd="ignore" pos="CC">but</wf>
<wf cmd="ignore" pos="PRP">he</wf>
<wf cmd="done" pos="VBD" ot="notag">did</wf>
<wf cmd="tag" pos="RB">n't</wf>
<wf cmd="done" pos="VB" lemma="get" wnsn="7" lexsn="2:39:00::">get</wf>
<wf cmd="ignore" pos="DT">the</wf>
<wf cmd="tag" pos="NN">impression</wf>
<wf cmd="ignore" pos="PRP">he</wf>
<wf cmd="done" pos="VBD" ot="notag">was</wf>
<wf cmd="done" pos="VBG" ot="notag">being</wf>
<wf cmd="done" pos="VB" lemma="proposition" wnsn="1" lexsn="2:32:00::">propositioned</wf>
<wf cmd="ignore" pos="DT">the</wf>
<wf cmd="tag" pos="NN">way</wf>
<wf cmd="ignore" pos="PRP">he</wf>
<wf cmd="ignore" pos="MD">'d</wf>
<wf cmd="done" pos="VBN" ot="notag">been</wf>
<wf cmd="done" pos="VB" lemma="hope" wnsn="2" lexsn="2:37:00::">hoping</wf>
<punc>.</punc>
</s>
</p>
<p pnum="52">
<s snum="159">
<punc>``</punc>
<wf cmd="ignore" pos="PRP">I</wf>
<wf cmd="done" pos="VBP" ot="notag">have</wf>
<wf cmd="tag" pos="RB">n't</wf>
<wf cmd="done" pos="VB" lemma="have" wnsn="1" lexsn="2:40:00::">had</wf>
<wf cmd="ignore" pos="DT">any</wf>
<wf cmd="tag" pos="NN">luck</wf>
<wf cmd="ignore" pos="IN">since</wf>
<wf cmd="ignore" pos="PRP">I</wf>
<wf cmd="done" pos="VB" lemma="be" wnsn="1" lexsn="2:42:03::">was</wf>
<wf cmd="ignore" pos="DT">a</wf>
<wf cmd="tag" pos="NN">baby</wf>
<punc>''</punc>
<punc>.</punc>
</s>
</p>
<p pnum="53">
<s snum="160">
<punc>``</punc>
<wf cmd="done" pos="VB" lemma="stake" wnsn="2" lexsn="2:33:00::">Stake</wf>
<wf cmd="ignore" pos="PRP">me</wf>
<punc>''</punc>
<punc>,</punc>
<wf cmd="ignore" pos="PRP">she</wf>
<wf cmd="done" pos="VB" lemma="say" wnsn="1" lexsn="2:32:00::">said</wf>
<punc>,</punc>
<punc>``</punc>
<wf cmd="ignore" pos="CC">and</wf>
<wf cmd="done" pos="VB" lemma="let" wnsn="1" lexsn="2:41:00::">let</wf>
<wf cmd="ignore" pos="PRP">me</wf>
<wf cmd="ignore" pos="IN">at</wf>
<wf cmd="ignore" pos="DT">those</wf>
<wf cmd="tag" pos="NNS">dice</wf>
<punc>.</punc>
</s>
<s snum="161">
<wf cmd="ignore" pos="PRP">I</wf>
<wf cmd="ignore" pos="MD">'ll</wf>
<wf cmd="done" pos="VB" lemma="make" wnsn="4" lexsn="2:32:00::">make</wf>
<wf cmd="ignore" pos="PRP">them</wf>
<wf cmd="done" pos="VB" lemma="dance" wnsn="2" lexsn="2:36:00::">dance</wf>
<wf cmd="ignore" pos="DT">the</wf>
<wf cmd="tag" pos="NN">tango</wf>
<punc>.</punc>
</s>
<s snum="162">
<wf cmd="ignore" pos="PRP">We</wf>
<wf cmd="ignore" pos="MD">'ll</wf>
<wf cmd="done" pos="VB" ot="idiom">get_it</wf>
<wf cmd="ignore" pos="IN">in</wf>
<wf cmd="ignore" pos="DT">a</wf>
<wf cmd="tag" pos="NN">hurry</wf>
<wf cmd="ignore" pos="CC">and</wf>
<wf cmd="done" pos="VB" ot="idiom">get_it</wf>
<wf cmd="ignore" pos="IN">out</wf>
<punc>''</punc>
<punc>.</punc>
</s>
</p>
<p pnum="54">
<s snum="163">
<punc>``</punc>
<wf cmd="done" pos="VB" ot="notag">Let</wf>
<wf cmd="ignore" pos="POS">'s</wf>
<wf cmd="done" pos="VB" lemma="have" wnsn="6" lexsn="2:34:00::">have</wf>
<wf cmd="ignore" pos="DT">a</wf>
<wf cmd="tag" pos="NN">drink</wf>
<wf cmd="ignore" pos="CC">and</wf>
<wf cmd="done" pos="VB" lemma="discuss" wnsn="2" lexsn="2:32:00::">discuss</wf>
<wf cmd="ignore" pos="DT">a</wf>
<wf cmd="tag" pos="NN">merger</wf>
<punc>''</punc>
<punc>.</punc>
</s>
</p>
<p pnum="55">
<s snum="164">
<punc>``</punc>
<wf cmd="ignore" pos="IN">If</wf>
<wf cmd="ignore" pos="PRP">you</wf>
<wf cmd="done" pos="VB" lemma="go" wnsn="4" lexsn="2:30:04::">go</wf>
<wf cmd="tag" pos="JJ">broke</wf>
<punc>''</punc>
<punc>,</punc>
<wf cmd="ignore" pos="PRP">she</wf>
<wf cmd="done" pos="VB" lemma="say" wnsn="1" lexsn="2:32:00::">said</wf>
<punc>,</punc>
<wf cmd="done" pos="VB" lemma="smile" wnsn="1" lexsn="2:29:00::">smiling</wf>
<wf cmd="ignore" pos="IN">up</wf>
<wf cmd="ignore" pos="IN">at</wf>
<wf cmd="ignore" pos="PRP">him</wf>
<punc>,</punc>
<punc>``</punc>
<wf cmd="ignore" pos="PRP">I</wf>
<wf cmd="ignore" pos="MD">'ll</wf>
<wf cmd="done" pos="VB" lemma="leave" wnsn="2" lexsn="2:31:05::">leave</wf>
<wf cmd="ignore" pos="PRP">you</wf>
<punc>''</punc>
<punc>.</punc>
</s>
</p>
<p pnum="56">
<s snum="165">
<punc>``</punc>
<wf cmd="done" pos="VB" lemma="sound" wnsn="1" lexsn="2:39:06::">Sounds</wf>
<wf cmd="ignore" pos="IN">like</wf>
<wf cmd="tag" pos="JJ">real</wf>
<wf cmd="tag" pos="NN">love</wf>
<punc>''</punc>
<punc>,</punc>
<wf cmd="tag" pos="NNP">Owen</wf>
<wf cmd="done" pos="VB" lemma="say" wnsn="1" lexsn="2:32:00::">said</wf>
<punc>.</punc>
</s>
<s snum="166">
<punc>``</punc>
<wf cmd="ignore" pos="PRP">It</wf>
<wf cmd="tag" pos="RB">sort_of</wf>
<wf cmd="done" pos="VB" lemma="bring" wnsn="3" lexsn="2:36:00::">brings</wf>
<wf cmd="ignore" pos="DT">a</wf>
<wf cmd="tag" pos="NN">lump</wf>
<wf cmd="ignore" pos="TO">to</wf>
<wf cmd="ignore" pos="PRP$">my</wf>
<wf cmd="tag" pos="NN">throat</wf>
<punc>''</punc>
<punc>.</punc>
</s>
</p>
<p pnum="57">
<s snum="167">
<punc>``</punc>
<wf cmd="ignore" pos="PRP$">My</wf>
<wf cmd="tag" pos="NN">name</wf>
<wf cmd="ignore" pos="POS">'s</wf>
<wf cmd="tag" pos="NNP">Gisele</wf>
<punc>''</punc>
<punc>,</punc>
<wf cmd="ignore" pos="DT">the</wf>
<wf cmd="tag" pos="JJ">blonde</wf>
<wf cmd="done" pos="VB" lemma="say" wnsn="1" lexsn="2:32:00::">said</wf>
<wf cmd="ignore" pos="IN">after</wf>
<wf cmd="ignore" pos="PRP">she</wf>
<wf cmd="done" pos="VB" lemma="order" wnsn="2" lexsn="2:32:00::">ordered</wf>
<wf cmd="ignore" pos="DT">a</wf>
<wf cmd="tag" pos="NNP">Scotch</wf>
<punc>.</punc>
</s>
<s snum="168">
<punc>``</punc>
<wf cmd="done" pos="VB" lemma="name" wnsn="1" lexsn="2:32:03::">Named</wf>
<wf cmd="ignore" pos="IN">after</wf>
<wf cmd="ignore" pos="DT">the</wf>
<wf cmd="tag" pos="NN">ballet</wf>
<punc>.</punc>
</s>
<s snum="169">
<wf cmd="ignore" pos="PRP$">My</wf>
<wf cmd="tag" pos="NN">mother</wf>
<wf cmd="done" pos="VB" lemma="want" wnsn="1" lexsn="2:37:00::">wanted</wf>
<wf cmd="done" pos="VB" ot="notag">to</wf>
<wf cmd="done" pos="VB" lemma="call" wnsn="1" lexsn="2:32:02::">call</wf>
<wf cmd="ignore" pos="PRP">me</wf>
<wf cmd="tag" pos="NNP">Sylphide</wf>
<punc>,</punc>
<wf cmd="ignore" pos="CC">but</wf>
<wf cmd="ignore" pos="PRP">it</wf>
<wf cmd="done" pos="VB" lemma="sound" wnsn="1" lexsn="2:39:06::">sounded</wf>
<wf cmd="tag" pos="RB">too</wf>
<wf cmd="tag" pos="JJ">affected</wf>
<punc>''</punc>
<punc>.</punc>
</s>
</p>
</context>
</contextfile>
